dataset_id,model,family,shift_axis,shift_lambda,variant_seed,split_policy,clean_split_passed,leakage_risk_level,applicable,status,error_message,accuracy,auc,nll,nll_norm,ece,brier,ece_adaptive,ece_classwise,calib_slope,calib_intercept,utility,n_train,best_gbdt,reference_utility,failed,failure_reason,metric_notes,base_seed
GesturePhaseSegmentation,catboost,gbdt,categorical_covariate_shift,0.0,3839229789,test_only,True,low,False,skipped,shift not applicable: dataset has no categorical features,,,,,,,,,,,,0,,,True,undefined,,42
GesturePhaseSegmentation,catboost,gbdt,categorical_covariate_shift,0.05,4279705507,test_only,True,low,False,skipped,shift not applicable: dataset has no categorical features,,,,,,,,,,,,0,,,True,undefined,,42
GesturePhaseSegmentation,catboost,gbdt,categorical_covariate_shift,0.1,128819489,test_only,True,low,False,skipped,shift not applicable: dataset has no categorical features,,,,,,,,,,,,0,,,True,undefined,,42
GesturePhaseSegmentation,catboost,gbdt,categorical_covariate_shift,0.2,2924335951,test_only,True,low,False,skipped,shift not applicable: dataset has no categorical features,,,,,,,,,,,,0,,,True,undefined,,42
GesturePhaseSegmentation,catboost,gbdt,categorical_covariate_shift,0.3,2594671063,test_only,True,low,False,skipped,shift not applicable: dataset has no categorical features,,,,,,,,,,,,0,,,True,undefined,,42
GesturePhaseSegmentation,catboost,gbdt,categorical_covariate_shift,0.4,2894122831,test_only,True,low,False,skipped,shift not applicable: dataset has no categorical features,,,,,,,,,,,,0,,,True,undefined,,42
GesturePhaseSegmentation,hist_gbdt,gbdt,categorical_covariate_shift,0.0,3839229789,test_only,True,low,False,skipped,shift not applicable: dataset has no categorical features,,,,,,,,,,,,0,,,True,undefined,,42
GesturePhaseSegmentation,hist_gbdt,gbdt,categorical_covariate_shift,0.05,4279705507,test_only,True,low,False,skipped,shift not applicable: dataset has no categorical features,,,,,,,,,,,,0,,,True,undefined,,42
GesturePhaseSegmentation,hist_gbdt,gbdt,categorical_covariate_shift,0.1,128819489,test_only,True,low,False,skipped,shift not applicable: dataset has no categorical features,,,,,,,,,,,,0,,,True,undefined,,42
GesturePhaseSegmentation,hist_gbdt,gbdt,categorical_covariate_shift,0.2,2924335951,test_only,True,low,False,skipped,shift not applicable: dataset has no categorical features,,,,,,,,,,,,0,,,True,undefined,,42
GesturePhaseSegmentation,hist_gbdt,gbdt,categorical_covariate_shift,0.3,2594671063,test_only,True,low,False,skipped,shift not applicable: dataset has no categorical features,,,,,,,,,,,,0,,,True,undefined,,42
GesturePhaseSegmentation,hist_gbdt,gbdt,categorical_covariate_shift,0.4,2894122831,test_only,True,low,False,skipped,shift not applicable: dataset has no categorical features,,,,,,,,,,,,0,,,True,undefined,,42
GesturePhaseSegmentation,logreg,linear,categorical_covariate_shift,0.0,3839229789,test_only,True,low,False,skipped,shift not applicable: dataset has no categorical features,,,,,,,,,,,,0,,,True,undefined,,42
GesturePhaseSegmentation,logreg,linear,categorical_covariate_shift,0.05,4279705507,test_only,True,low,False,skipped,shift not applicable: dataset has no categorical features,,,,,,,,,,,,0,,,True,undefined,,42
GesturePhaseSegmentation,logreg,linear,categorical_covariate_shift,0.1,128819489,test_only,True,low,False,skipped,shift not applicable: dataset has no categorical features,,,,,,,,,,,,0,,,True,undefined,,42
GesturePhaseSegmentation,logreg,linear,categorical_covariate_shift,0.2,2924335951,test_only,True,low,False,skipped,shift not applicable: dataset has no categorical features,,,,,,,,,,,,0,,,True,undefined,,42
GesturePhaseSegmentation,logreg,linear,categorical_covariate_shift,0.3,2594671063,test_only,True,low,False,skipped,shift not applicable: dataset has no categorical features,,,,,,,,,,,,0,,,True,undefined,,42
GesturePhaseSegmentation,logreg,linear,categorical_covariate_shift,0.4,2894122831,test_only,True,low,False,skipped,shift not applicable: dataset has no categorical features,,,,,,,,,,,,0,,,True,undefined,,42
GesturePhaseSegmentation,tabicl,icl,categorical_covariate_shift,0.0,3839229789,test_only,True,low,False,skipped,shift not applicable: dataset has no categorical features,,,,,,,,,,,,0,,,True,undefined,,42
GesturePhaseSegmentation,tabicl,icl,categorical_covariate_shift,0.05,4279705507,test_only,True,low,False,skipped,shift not applicable: dataset has no categorical features,,,,,,,,,,,,0,,,True,undefined,,42
GesturePhaseSegmentation,tabicl,icl,categorical_covariate_shift,0.1,128819489,test_only,True,low,False,skipped,shift not applicable: dataset has no categorical features,,,,,,,,,,,,0,,,True,undefined,,42
GesturePhaseSegmentation,tabicl,icl,categorical_covariate_shift,0.2,2924335951,test_only,True,low,False,skipped,shift not applicable: dataset has no categorical features,,,,,,,,,,,,0,,,True,undefined,,42
GesturePhaseSegmentation,tabicl,icl,categorical_covariate_shift,0.3,2594671063,test_only,True,low,False,skipped,shift not applicable: dataset has no categorical features,,,,,,,,,,,,0,,,True,undefined,,42
GesturePhaseSegmentation,tabicl,icl,categorical_covariate_shift,0.4,2894122831,test_only,True,low,False,skipped,shift not applicable: dataset has no categorical features,,,,,,,,,,,,0,,,True,undefined,,42
GesturePhaseSegmentation,tabpfn,icl,categorical_covariate_shift,0.0,3839229789,test_only,True,low,False,skipped,shift not applicable: dataset has no categorical features,,,,,,,,,,,,0,,,True,undefined,,42
GesturePhaseSegmentation,tabpfn,icl,categorical_covariate_shift,0.05,4279705507,test_only,True,low,False,skipped,shift not applicable: dataset has no categorical features,,,,,,,,,,,,0,,,True,undefined,,42
GesturePhaseSegmentation,tabpfn,icl,categorical_covariate_shift,0.1,128819489,test_only,True,low,False,skipped,shift not applicable: dataset has no categorical features,,,,,,,,,,,,0,,,True,undefined,,42
GesturePhaseSegmentation,tabpfn,icl,categorical_covariate_shift,0.2,2924335951,test_only,True,low,False,skipped,shift not applicable: dataset has no categorical features,,,,,,,,,,,,0,,,True,undefined,,42
GesturePhaseSegmentation,tabpfn,icl,categorical_covariate_shift,0.3,2594671063,test_only,True,low,False,skipped,shift not applicable: dataset has no categorical features,,,,,,,,,,,,0,,,True,undefined,,42
GesturePhaseSegmentation,tabpfn,icl,categorical_covariate_shift,0.4,2894122831,test_only,True,low,False,skipped,shift not applicable: dataset has no categorical features,,,,,,,,,,,,0,,,True,undefined,,42
GesturePhaseSegmentation,xgboost,gbdt,categorical_covariate_shift,0.0,3839229789,test_only,True,low,False,skipped,shift not applicable: dataset has no categorical features,,,,,,,,,,,,0,,,True,undefined,,42
GesturePhaseSegmentation,xgboost,gbdt,categorical_covariate_shift,0.05,4279705507,test_only,True,low,False,skipped,shift not applicable: dataset has no categorical features,,,,,,,,,,,,0,,,True,undefined,,42
GesturePhaseSegmentation,xgboost,gbdt,categorical_covariate_shift,0.1,128819489,test_only,True,low,False,skipped,shift not applicable: dataset has no categorical features,,,,,,,,,,,,0,,,True,undefined,,42
GesturePhaseSegmentation,xgboost,gbdt,categorical_covariate_shift,0.2,2924335951,test_only,True,low,False,skipped,shift not applicable: dataset has no categorical features,,,,,,,,,,,,0,,,True,undefined,,42
GesturePhaseSegmentation,xgboost,gbdt,categorical_covariate_shift,0.3,2594671063,test_only,True,low,False,skipped,shift not applicable: dataset has no categorical features,,,,,,,,,,,,0,,,True,undefined,,42
GesturePhaseSegmentation,xgboost,gbdt,categorical_covariate_shift,0.4,2894122831,test_only,True,low,False,skipped,shift not applicable: dataset has no categorical features,,,,,,,,,,,,0,,,True,undefined,,42
MiceProtein,catboost,gbdt,categorical_covariate_shift,0.0,2749441727,test_only,True,low,False,skipped,shift not applicable: dataset has no categorical features,,,,,,,,,,,,0,,,True,undefined,,42
MiceProtein,catboost,gbdt,categorical_covariate_shift,0.05,1622453268,test_only,True,low,False,skipped,shift not applicable: dataset has no categorical features,,,,,,,,,,,,0,,,True,undefined,,42
MiceProtein,catboost,gbdt,categorical_covariate_shift,0.1,4286840689,test_only,True,low,False,skipped,shift not applicable: dataset has no categorical features,,,,,,,,,,,,0,,,True,undefined,,42
MiceProtein,catboost,gbdt,categorical_covariate_shift,0.2,3018289398,test_only,True,low,False,skipped,shift not applicable: dataset has no categorical features,,,,,,,,,,,,0,,,True,undefined,,42
MiceProtein,catboost,gbdt,categorical_covariate_shift,0.3,356254850,test_only,True,low,False,skipped,shift not applicable: dataset has no categorical features,,,,,,,,,,,,0,,,True,undefined,,42
MiceProtein,catboost,gbdt,categorical_covariate_shift,0.4,3598523964,test_only,True,low,False,skipped,shift not applicable: dataset has no categorical features,,,,,,,,,,,,0,,,True,undefined,,42
MiceProtein,hist_gbdt,gbdt,categorical_covariate_shift,0.0,2749441727,test_only,True,low,False,skipped,shift not applicable: dataset has no categorical features,,,,,,,,,,,,0,,,True,undefined,,42
MiceProtein,hist_gbdt,gbdt,categorical_covariate_shift,0.05,1622453268,test_only,True,low,False,skipped,shift not applicable: dataset has no categorical features,,,,,,,,,,,,0,,,True,undefined,,42
MiceProtein,hist_gbdt,gbdt,categorical_covariate_shift,0.1,4286840689,test_only,True,low,False,skipped,shift not applicable: dataset has no categorical features,,,,,,,,,,,,0,,,True,undefined,,42
MiceProtein,hist_gbdt,gbdt,categorical_covariate_shift,0.2,3018289398,test_only,True,low,False,skipped,shift not applicable: dataset has no categorical features,,,,,,,,,,,,0,,,True,undefined,,42
MiceProtein,hist_gbdt,gbdt,categorical_covariate_shift,0.3,356254850,test_only,True,low,False,skipped,shift not applicable: dataset has no categorical features,,,,,,,,,,,,0,,,True,undefined,,42
MiceProtein,hist_gbdt,gbdt,categorical_covariate_shift,0.4,3598523964,test_only,True,low,False,skipped,shift not applicable: dataset has no categorical features,,,,,,,,,,,,0,,,True,undefined,,42
MiceProtein,logreg,linear,categorical_covariate_shift,0.0,2749441727,test_only,True,low,False,skipped,shift not applicable: dataset has no categorical features,,,,,,,,,,,,0,,,True,undefined,,42
MiceProtein,logreg,linear,categorical_covariate_shift,0.05,1622453268,test_only,True,low,False,skipped,shift not applicable: dataset has no categorical features,,,,,,,,,,,,0,,,True,undefined,,42
MiceProtein,logreg,linear,categorical_covariate_shift,0.1,4286840689,test_only,True,low,False,skipped,shift not applicable: dataset has no categorical features,,,,,,,,,,,,0,,,True,undefined,,42
MiceProtein,logreg,linear,categorical_covariate_shift,0.2,3018289398,test_only,True,low,False,skipped,shift not applicable: dataset has no categorical features,,,,,,,,,,,,0,,,True,undefined,,42
MiceProtein,logreg,linear,categorical_covariate_shift,0.3,356254850,test_only,True,low,False,skipped,shift not applicable: dataset has no categorical features,,,,,,,,,,,,0,,,True,undefined,,42
MiceProtein,logreg,linear,categorical_covariate_shift,0.4,3598523964,test_only,True,low,False,skipped,shift not applicable: dataset has no categorical features,,,,,,,,,,,,0,,,True,undefined,,42
MiceProtein,tabicl,icl,categorical_covariate_shift,0.0,2749441727,test_only,True,low,False,skipped,shift not applicable: dataset has no categorical features,,,,,,,,,,,,0,,,True,undefined,,42
MiceProtein,tabicl,icl,categorical_covariate_shift,0.05,1622453268,test_only,True,low,False,skipped,shift not applicable: dataset has no categorical features,,,,,,,,,,,,0,,,True,undefined,,42
MiceProtein,tabicl,icl,categorical_covariate_shift,0.1,4286840689,test_only,True,low,False,skipped,shift not applicable: dataset has no categorical features,,,,,,,,,,,,0,,,True,undefined,,42
MiceProtein,tabicl,icl,categorical_covariate_shift,0.2,3018289398,test_only,True,low,False,skipped,shift not applicable: dataset has no categorical features,,,,,,,,,,,,0,,,True,undefined,,42
MiceProtein,tabicl,icl,categorical_covariate_shift,0.3,356254850,test_only,True,low,False,skipped,shift not applicable: dataset has no categorical features,,,,,,,,,,,,0,,,True,undefined,,42
MiceProtein,tabicl,icl,categorical_covariate_shift,0.4,3598523964,test_only,True,low,False,skipped,shift not applicable: dataset has no categorical features,,,,,,,,,,,,0,,,True,undefined,,42
MiceProtein,tabpfn,icl,categorical_covariate_shift,0.0,2749441727,test_only,True,low,False,skipped,shift not applicable: dataset has no categorical features,,,,,,,,,,,,0,,,True,undefined,,42
MiceProtein,tabpfn,icl,categorical_covariate_shift,0.05,1622453268,test_only,True,low,False,skipped,shift not applicable: dataset has no categorical features,,,,,,,,,,,,0,,,True,undefined,,42
MiceProtein,tabpfn,icl,categorical_covariate_shift,0.1,4286840689,test_only,True,low,False,skipped,shift not applicable: dataset has no categorical features,,,,,,,,,,,,0,,,True,undefined,,42
MiceProtein,tabpfn,icl,categorical_covariate_shift,0.2,3018289398,test_only,True,low,False,skipped,shift not applicable: dataset has no categorical features,,,,,,,,,,,,0,,,True,undefined,,42
MiceProtein,tabpfn,icl,categorical_covariate_shift,0.3,356254850,test_only,True,low,False,skipped,shift not applicable: dataset has no categorical features,,,,,,,,,,,,0,,,True,undefined,,42
MiceProtein,tabpfn,icl,categorical_covariate_shift,0.4,3598523964,test_only,True,low,False,skipped,shift not applicable: dataset has no categorical features,,,,,,,,,,,,0,,,True,undefined,,42
MiceProtein,xgboost,gbdt,categorical_covariate_shift,0.0,2749441727,test_only,True,low,False,skipped,shift not applicable: dataset has no categorical features,,,,,,,,,,,,0,,,True,undefined,,42
MiceProtein,xgboost,gbdt,categorical_covariate_shift,0.05,1622453268,test_only,True,low,False,skipped,shift not applicable: dataset has no categorical features,,,,,,,,,,,,0,,,True,undefined,,42
MiceProtein,xgboost,gbdt,categorical_covariate_shift,0.1,4286840689,test_only,True,low,False,skipped,shift not applicable: dataset has no categorical features,,,,,,,,,,,,0,,,True,undefined,,42
MiceProtein,xgboost,gbdt,categorical_covariate_shift,0.2,3018289398,test_only,True,low,False,skipped,shift not applicable: dataset has no categorical features,,,,,,,,,,,,0,,,True,undefined,,42
MiceProtein,xgboost,gbdt,categorical_covariate_shift,0.3,356254850,test_only,True,low,False,skipped,shift not applicable: dataset has no categorical features,,,,,,,,,,,,0,,,True,undefined,,42
MiceProtein,xgboost,gbdt,categorical_covariate_shift,0.4,3598523964,test_only,True,low,False,skipped,shift not applicable: dataset has no categorical features,,,,,,,,,,,,0,,,True,undefined,,42
PhishingWebsites,catboost,gbdt,categorical_covariate_shift,0.0,1263699395,test_only,False,high,True,ok,,0.9752788664455834,0.9970553462316166,0.07074486407901166,0.1020632645751539,0.01424501672867393,0.040360216418753744,0.014223133148421963,0.016759030080604097,1.1582600220431138,0.3879135322166549,0.46179321842962234,7738,xgboost,0.4636952683664493,False,,,42
PhishingWebsites,catboost,gbdt,categorical_covariate_shift,0.05,3423970921,test_only,False,high,True,ok,,0.9460355743141393,0.9875893616786183,0.14637738966237301,0.21117793416417696,0.015442786338763847,0.08237550714434672,0.012953682684788229,0.01855509643297719,0.73012743521397,0.21505321074361589,0.42111967521763144,7738,xgboost,0.4636952683664493,True,utility_gap,,42
PhishingWebsites,catboost,gbdt,categorical_covariate_shift,0.1,3955456817,test_only,False,high,True,ok,,0.9176967138981007,0.975159571137605,0.23363114976260163,0.3370585011596921,0.040487774484848825,0.13113643179592258,0.03967145091540437,0.04227208436521101,0.6019463134404791,0.07136308415810216,0.3697452517379994,7738,xgboost,0.4636952683664493,True,utility_gap,,42
PhishingWebsites,catboost,gbdt,categorical_covariate_shift,0.2,1393025570,test_only,False,medium,True,ok,,0.8673500150738619,0.9456176406675284,0.3852150289961154,0.555747812008594,0.07138150412633862,0.20466650047079957,0.07088033249637071,0.07707315180399042,0.514200325590822,-0.11933227820141215,0.2800680320668683,7738,xgboost,0.4636952683664493,True,utility_gap,,42
PhishingWebsites,catboost,gbdt,categorical_covariate_shift,0.3,3150268719,test_only,False,medium,True,ok,,0.8028338860416039,0.9002051497372094,0.6073496385742109,0.8762203116567183,0.12575457089244121,0.31054906287662276,0.12575457089244116,0.1312378858772762,0.4167739391749452,-0.24987778477233105,0.14747987763876014,7738,xgboost,0.4636952683664493,True,utility_gap;ece;nll,,42
PhishingWebsites,catboost,gbdt,categorical_covariate_shift,0.4,373227897,test_only,False,low,True,ok,,0.7708772987639433,0.8665197102121844,0.7090791217170013,1.0229849324990195,0.1462195738627693,0.36337039109283126,0.14537227722263932,0.15186833691898236,0.3654402508492715,-0.14699259615018628,0.08277409886659629,7738,xgboost,0.4636952683664493,True,utility_gap;ece;nll,,42
PhishingWebsites,hist_gbdt,gbdt,categorical_covariate_shift,0.0,1263699395,test_only,False,high,True,ok,,0.9728670485378353,0.9963632881414614,0.07717884653533481,0.1113455391580579,0.013400241440055203,0.04424561241676437,0.013675674149640354,0.016146701926581294,1.0971048448420422,0.4030682211829085,0.45857349809475834,7738,xgboost,0.4636952683664493,False,,,42
PhishingWebsites,hist_gbdt,gbdt,categorical_covariate_shift,0.05,3423970921,test_only,False,high,True,ok,,0.9354838709677419,0.9749238515113681,0.21283463244851514,0.3070554687628981,0.02364818498332316,0.09941522109241294,0.02081748783184863,0.02747182341429285,0.5155766169168259,0.46944830643157187,0.38469965104860604,7738,xgboost,0.4636952683664493,True,utility_gap,,42
PhishingWebsites,hist_gbdt,gbdt,categorical_covariate_shift,0.1,3955456817,test_only,False,high,True,ok,,0.9020198974977389,0.9498532277014757,0.3762430057848641,0.542803918614981,0.054713887884670805,0.16139693082427853,0.05471388788467076,0.06144814938418386,0.3772949791544455,0.39823534483195233,0.29396766115874884,7738,xgboost,0.4636952683664493,True,utility_gap,,42
PhishingWebsites,hist_gbdt,gbdt,categorical_covariate_shift,0.2,1393025570,test_only,False,medium,True,ok,,0.8534820621043111,0.9070176310914186,0.6295334825863987,0.908224833400956,0.10290759486842285,0.2512779842803611,0.10155620212067173,0.11026084645038033,0.28197830580424443,0.3224406741235898,0.15242951120367174,7738,xgboost,0.4636952683664493,True,utility_gap;ece;nll,,42
PhishingWebsites,hist_gbdt,gbdt,categorical_covariate_shift,0.3,3150268719,test_only,False,medium,True,ok,,0.7868555924027736,0.847661035177471,0.991045781003438,1.4297768335475898,0.17097691313540186,0.3804663222493862,0.16912180378355013,0.18091697592391853,0.228271164827322,0.08725755788405964,-0.04841873151882641,7738,xgboost,0.4636952683664493,True,utility_gap;ece;nll,,42
PhishingWebsites,hist_gbdt,gbdt,categorical_covariate_shift,0.4,373227897,test_only,False,low,True,ok,,0.7561049140789871,0.813591262168105,1.1731320447548632,1.6924717832757707,0.20342679145027628,0.4362619196513585,0.20342679145027612,0.20564046833180422,0.2103612241853239,-0.009609599804454461,-0.15025421440210174,7738,xgboost,0.4636952683664493,True,utility_gap;ece;nll,,42
PhishingWebsites,logreg,linear,categorical_covariate_shift,0.0,1263699395,test_only,False,high,True,ok,,0.9460355743141393,0.9890220950318406,0.1336426093084626,0.19280552970078024,0.012525834693892644,0.08092212581430148,0.007251945463835817,0.014084002931634691,1.1456857240112057,-0.04924374855786845,0.4277162435592525,7738,xgboost,0.4636952683664493,True,utility_gap,,42
PhishingWebsites,logreg,linear,categorical_covariate_shift,0.05,3423970921,test_only,False,high,True,ok,,0.9213144407597227,0.9739765532634278,0.20530157677960895,0.2961875667066266,0.016977876653330077,0.12007972751569429,0.01588787051941728,0.017944003810901603,0.7675910168315914,0.16557142737561678,0.38683711441350416,7738,xgboost,0.4636952683664493,True,utility_gap,,42
PhishingWebsites,logreg,linear,categorical_covariate_shift,0.1,3955456817,test_only,False,high,True,ok,,0.8872475128127826,0.9563274145608432,0.28953348602757334,0.41770852446327406,0.041712930045721956,0.16722888501512911,0.040282751782514614,0.04575965695232491,0.6532578546693326,-0.014600654718471353,0.3341465786700859,7738,xgboost,0.4636952683664493,True,utility_gap,,42
PhishingWebsites,logreg,linear,categorical_covariate_shift,0.2,1393025570,test_only,False,medium,True,ok,,0.8423274042809767,0.9191724767871416,0.4419517380269905,0.6376015807637976,0.07773254542385374,0.2396265637449458,0.07773583188504368,0.07687523309971298,0.4829434979146846,0.024913191658569072,0.24123249420373602,7738,xgboost,0.4636952683664493,True,utility_gap,,42
PhishingWebsites,logreg,linear,categorical_covariate_shift,0.3,3150268719,test_only,False,medium,True,ok,,0.7811275248718722,0.8703424195883009,0.6300283990120633,0.9089388468739169,0.13150762024964402,0.33534793118937645,0.13150762024964405,0.1311737058451114,0.41163692891648646,-0.18565280358596062,0.12280579747458231,7738,xgboost,0.4636952683664493,True,utility_gap;ece;nll,,42
PhishingWebsites,logreg,linear,categorical_covariate_shift,0.4,373227897,test_only,False,low,True,ok,,0.7582152547482665,0.8338331326033391,0.7597938561714405,1.0961508283964396,0.14801838922729396,0.385002976139833,0.14776971160855215,0.15381507518155751,0.3052400069171882,0.03559118084672404,0.04712495825901798,7738,xgboost,0.4636952683664493,True,utility_gap;ece;nll,,42
PhishingWebsites,tabicl,icl,categorical_covariate_shift,0.0,1263699395,test_only,False,high,True,ok,,0.9785951160687368,0.9984103657705637,0.050398907581604625,0.07271025403420217,0.003966639142862707,0.030847871720953178,0.0021029963683405007,0.005904281803848976,1.0453555322528247,-0.07092806248405398,0.47362649139117463,7738,xgboost,0.4636952683664493,False,,,42
PhishingWebsites,tabicl,icl,categorical_covariate_shift,0.05,3423970921,test_only,False,high,True,ok,,0.9342779620138679,0.9840311002581866,0.19265950547147462,0.27794891312381653,0.02443546317555453,0.09853443905521857,0.02443795278130867,0.0289496891932466,0.5274661543272006,0.21798843507551433,0.3962808128201897,7738,xgboost,0.4636952683664493,True,utility_gap,,42
PhishingWebsites,tabicl,icl,categorical_covariate_shift,0.1,3955456817,test_only,False,high,True,ok,,0.8987036478745855,0.9632314214261773,0.3510805720433349,0.5065022002393798,0.05806874146578871,0.16701777296260914,0.05364646100684208,0.0640459869026918,0.3801655203403218,0.3371384548625506,0.3083721363153782,7738,xgboost,0.4636952683664493,True,utility_gap,,42
PhishingWebsites,tabicl,icl,categorical_covariate_shift,0.2,1393025570,test_only,False,medium,True,ok,,0.8329816098884534,0.9203759359726565,0.5737635182752826,0.8277657824587543,0.09975774604497901,0.26631756321919603,0.09975774604497882,0.1033431398092759,0.3287953511546365,0.12880988689272785,0.17879753512707564,7738,xgboost,0.4636952683664493,True,utility_gap;nll,,42
PhishingWebsites,tabicl,icl,categorical_covariate_shift,0.3,3150268719,test_only,False,medium,True,ok,,0.760325595417546,0.8539048429333833,0.8760046249685818,1.2638075282379693,0.1593380373531158,0.39764855723675907,0.15933803735311572,0.17037042382937911,0.254614793653258,0.02434011848367395,0.0019056683973020586,7738,xgboost,0.4636952683664493,True,utility_gap;ece;nll,,42
PhishingWebsites,tabicl,icl,categorical_covariate_shift,0.4,373227897,test_only,False,low,True,ok,,0.7383177570093458,0.8137732082546066,0.9935981257121977,1.4334590886015566,0.17671533256875582,0.4418201386168384,0.17580339217790852,0.17640091884685838,0.19361444209856418,0.2111771395833582,-0.06981250665370395,7738,xgboost,0.4636952683664493,True,utility_gap;ece;nll,,42
PhishingWebsites,tabpfn,icl,categorical_covariate_shift,0.0,1263699395,test_only,False,high,True,ok,,0.9804039794995478,0.9985223325930263,0.049400678507606814,0.07127011389947435,0.005887789465393955,0.03015519536286945,0.0023202971757377146,0.0067631680409915955,1.0174375172653212,0.12122835020495802,0.47398482126957026,7738,xgboost,0.4636952683664493,False,,,42
PhishingWebsites,tabpfn,icl,categorical_covariate_shift,0.05,3423970921,test_only,False,high,True,ok,,0.9321676213445885,0.9822628347494927,0.19484212380225374,0.28109776576578493,0.025156194386274148,0.0996337491093899,0.02516336428876955,0.027156392120432797,0.5546964447837432,0.16978251532624322,0.3942565667570204,7738,xgboost,0.4636952683664493,True,utility_gap,,42
PhishingWebsites,tabpfn,icl,categorical_covariate_shift,0.1,3955456817,test_only,False,high,True,ok,,0.8950859210129635,0.958606897008939,0.3580754678982663,0.516593701800824,0.055372357434918404,0.1716839882120578,0.0534158828412674,0.0628467008351555,0.3836951999614985,0.3327864202685433,0.30372272007784223,7738,xgboost,0.4636952683664493,True,utility_gap,,42
PhishingWebsites,tabpfn,icl,categorical_covariate_shift,0.2,1393025570,test_only,False,medium,True,ok,,0.8350919505577329,0.914715718447639,0.5550434529976188,0.8007584371175511,0.09440766924110999,0.2644440316909443,0.09440766924110996,0.10046593912018954,0.32891366391113963,0.17386379967243265,0.18630522905684624,7738,xgboost,0.4636952683664493,True,utility_gap;nll,,42
PhishingWebsites,tabpfn,icl,categorical_covariate_shift,0.3,3150268719,test_only,False,medium,True,ok,,0.7657521857099789,0.8516548254385674,0.8276322289441767,1.1940209123776429,0.15086964277602094,0.3887360029098669,0.15086964277602094,0.15646281442147353,0.2622697625427706,0.05580779273238452,0.024561814491498343,7738,xgboost,0.4636952683664493,True,utility_gap;ece;nll,,42
PhishingWebsites,tabpfn,icl,categorical_covariate_shift,0.4,373227897,test_only,False,low,True,ok,,0.7416340066324992,0.8206843972023027,0.9037482942453683,1.3038331823196525,0.17114198048744073,0.42378525883466667,0.17004158944958808,0.17039527828382833,0.23714910618745894,0.08867028654402545,-0.026893710777703105,7738,xgboost,0.4636952683664493,True,utility_gap;ece;nll,,42
PhishingWebsites,xgboost,gbdt,categorical_covariate_shift,0.0,1263699395,test_only,False,high,True,ok,,0.970756707868556,0.9968818713191828,0.06816447257732826,0.09834054655212322,0.006623644049555,0.039934220465026364,0.005317837749403563,0.01020524800374746,0.9473427683079942,-0.1774706214759953,0.4636952683664493,7738,xgboost,0.4636952683664493,False,,,42
PhishingWebsites,xgboost,gbdt,categorical_covariate_shift,0.05,3423970921,test_only,False,high,True,ok,,0.9391015978293639,0.9852730480389232,0.20419514630306487,0.29459132494502804,0.03278807799674764,0.0964382935022257,0.032057009667858787,0.03367199445028761,0.4796166990361585,0.08460973704874755,0.3907757934051697,7738,xgboost,0.4636952683664493,True,utility_gap,,42
PhishingWebsites,xgboost,gbdt,categorical_covariate_shift,0.1,3955456817,test_only,False,high,True,ok,,0.9068435333132349,0.9696529396815575,0.37187665143474785,0.5365046008473043,0.0630980276415592,0.15578341948135235,0.06241281383202389,0.06651688336411993,0.3727299036250656,-0.02618297263001926,0.3018340731030273,7738,xgboost,0.4636952683664493,True,utility_gap,,42
PhishingWebsites,xgboost,gbdt,categorical_covariate_shift,0.2,1393025570,test_only,False,medium,True,ok,,0.8561953572505275,0.9354047195488916,0.6492510530852548,0.9366712745780342,0.10596128440427523,0.244749892849903,0.10530678141576076,0.10740193937860239,0.2887520912194718,-0.06766649290885156,0.15362731617542583,7738,xgboost,0.4636952683664493,True,utility_gap;ece;nll,,42
PhishingWebsites,xgboost,gbdt,categorical_covariate_shift,0.3,3150268719,test_only,False,medium,True,ok,,0.7898703647874585,0.8873954454548467,1.044893631845934,1.5074628609205873,0.1676932991064678,0.36887573338434865,0.1676932991064679,0.17273941539515303,0.23257747361812972,-0.21796391173298918,-0.056708557470154575,7738,xgboost,0.4636952683664493,True,utility_gap;ece;nll,,42
PhishingWebsites,xgboost,gbdt,categorical_covariate_shift,0.4,373227897,test_only,False,low,True,ok,,0.7500753693096172,0.8508555885808573,1.293852267704394,1.8666342502600688,0.20046532018707447,0.43506568256431927,0.20046532018707441,0.2039768727217327,0.1951963499718068,-0.18675926562499476,-0.18977257771569286,7738,xgboost,0.4636952683664493,True,utility_gap;ece;nll,,42
analcatdata_authorship,catboost,gbdt,categorical_covariate_shift,0.0,2205810849,test_only,True,low,False,skipped,shift not applicable: dataset has no categorical features,,,,,,,,,,,,0,,,True,undefined,,42
analcatdata_authorship,catboost,gbdt,categorical_covariate_shift,0.05,4161030964,test_only,True,low,False,skipped,shift not applicable: dataset has no categorical features,,,,,,,,,,,,0,,,True,undefined,,42
analcatdata_authorship,catboost,gbdt,categorical_covariate_shift,0.1,3923971930,test_only,True,low,False,skipped,shift not applicable: dataset has no categorical features,,,,,,,,,,,,0,,,True,undefined,,42
analcatdata_authorship,catboost,gbdt,categorical_covariate_shift,0.2,1914307115,test_only,True,low,False,skipped,shift not applicable: dataset has no categorical features,,,,,,,,,,,,0,,,True,undefined,,42
analcatdata_authorship,catboost,gbdt,categorical_covariate_shift,0.3,650898083,test_only,True,low,False,skipped,shift not applicable: dataset has no categorical features,,,,,,,,,,,,0,,,True,undefined,,42
analcatdata_authorship,catboost,gbdt,categorical_covariate_shift,0.4,905155232,test_only,True,low,False,skipped,shift not applicable: dataset has no categorical features,,,,,,,,,,,,0,,,True,undefined,,42
analcatdata_authorship,hist_gbdt,gbdt,categorical_covariate_shift,0.0,2205810849,test_only,True,low,False,skipped,shift not applicable: dataset has no categorical features,,,,,,,,,,,,0,,,True,undefined,,42
analcatdata_authorship,hist_gbdt,gbdt,categorical_covariate_shift,0.05,4161030964,test_only,True,low,False,skipped,shift not applicable: dataset has no categorical features,,,,,,,,,,,,0,,,True,undefined,,42
analcatdata_authorship,hist_gbdt,gbdt,categorical_covariate_shift,0.1,3923971930,test_only,True,low,False,skipped,shift not applicable: dataset has no categorical features,,,,,,,,,,,,0,,,True,undefined,,42
analcatdata_authorship,hist_gbdt,gbdt,categorical_covariate_shift,0.2,1914307115,test_only,True,low,False,skipped,shift not applicable: dataset has no categorical features,,,,,,,,,,,,0,,,True,undefined,,42
analcatdata_authorship,hist_gbdt,gbdt,categorical_covariate_shift,0.3,650898083,test_only,True,low,False,skipped,shift not applicable: dataset has no categorical features,,,,,,,,,,,,0,,,True,undefined,,42
analcatdata_authorship,hist_gbdt,gbdt,categorical_covariate_shift,0.4,905155232,test_only,True,low,False,skipped,shift not applicable: dataset has no categorical features,,,,,,,,,,,,0,,,True,undefined,,42
analcatdata_authorship,logreg,linear,categorical_covariate_shift,0.0,2205810849,test_only,True,low,False,skipped,shift not applicable: dataset has no categorical features,,,,,,,,,,,,0,,,True,undefined,,42
analcatdata_authorship,logreg,linear,categorical_covariate_shift,0.05,4161030964,test_only,True,low,False,skipped,shift not applicable: dataset has no categorical features,,,,,,,,,,,,0,,,True,undefined,,42
analcatdata_authorship,logreg,linear,categorical_covariate_shift,0.1,3923971930,test_only,True,low,False,skipped,shift not applicable: dataset has no categorical features,,,,,,,,,,,,0,,,True,undefined,,42
analcatdata_authorship,logreg,linear,categorical_covariate_shift,0.2,1914307115,test_only,True,low,False,skipped,shift not applicable: dataset has no categorical features,,,,,,,,,,,,0,,,True,undefined,,42
analcatdata_authorship,logreg,linear,categorical_covariate_shift,0.3,650898083,test_only,True,low,False,skipped,shift not applicable: dataset has no categorical features,,,,,,,,,,,,0,,,True,undefined,,42
analcatdata_authorship,logreg,linear,categorical_covariate_shift,0.4,905155232,test_only,True,low,False,skipped,shift not applicable: dataset has no categorical features,,,,,,,,,,,,0,,,True,undefined,,42
analcatdata_authorship,tabicl,icl,categorical_covariate_shift,0.0,2205810849,test_only,True,low,False,skipped,shift not applicable: dataset has no categorical features,,,,,,,,,,,,0,,,True,undefined,,42
analcatdata_authorship,tabicl,icl,categorical_covariate_shift,0.05,4161030964,test_only,True,low,False,skipped,shift not applicable: dataset has no categorical features,,,,,,,,,,,,0,,,True,undefined,,42
analcatdata_authorship,tabicl,icl,categorical_covariate_shift,0.1,3923971930,test_only,True,low,False,skipped,shift not applicable: dataset has no categorical features,,,,,,,,,,,,0,,,True,undefined,,42
analcatdata_authorship,tabicl,icl,categorical_covariate_shift,0.2,1914307115,test_only,True,low,False,skipped,shift not applicable: dataset has no categorical features,,,,,,,,,,,,0,,,True,undefined,,42
analcatdata_authorship,tabicl,icl,categorical_covariate_shift,0.3,650898083,test_only,True,low,False,skipped,shift not applicable: dataset has no categorical features,,,,,,,,,,,,0,,,True,undefined,,42
analcatdata_authorship,tabicl,icl,categorical_covariate_shift,0.4,905155232,test_only,True,low,False,skipped,shift not applicable: dataset has no categorical features,,,,,,,,,,,,0,,,True,undefined,,42
analcatdata_authorship,tabpfn,icl,categorical_covariate_shift,0.0,2205810849,test_only,True,low,False,skipped,shift not applicable: dataset has no categorical features,,,,,,,,,,,,0,,,True,undefined,,42
analcatdata_authorship,tabpfn,icl,categorical_covariate_shift,0.05,4161030964,test_only,True,low,False,skipped,shift not applicable: dataset has no categorical features,,,,,,,,,,,,0,,,True,undefined,,42
analcatdata_authorship,tabpfn,icl,categorical_covariate_shift,0.1,3923971930,test_only,True,low,False,skipped,shift not applicable: dataset has no categorical features,,,,,,,,,,,,0,,,True,undefined,,42
analcatdata_authorship,tabpfn,icl,categorical_covariate_shift,0.2,1914307115,test_only,True,low,False,skipped,shift not applicable: dataset has no categorical features,,,,,,,,,,,,0,,,True,undefined,,42
analcatdata_authorship,tabpfn,icl,categorical_covariate_shift,0.3,650898083,test_only,True,low,False,skipped,shift not applicable: dataset has no categorical features,,,,,,,,,,,,0,,,True,undefined,,42
analcatdata_authorship,tabpfn,icl,categorical_covariate_shift,0.4,905155232,test_only,True,low,False,skipped,shift not applicable: dataset has no categorical features,,,,,,,,,,,,0,,,True,undefined,,42
analcatdata_authorship,xgboost,gbdt,categorical_covariate_shift,0.0,2205810849,test_only,True,low,False,skipped,shift not applicable: dataset has no categorical features,,,,,,,,,,,,0,,,True,undefined,,42
analcatdata_authorship,xgboost,gbdt,categorical_covariate_shift,0.05,4161030964,test_only,True,low,False,skipped,shift not applicable: dataset has no categorical features,,,,,,,,,,,,0,,,True,undefined,,42
analcatdata_authorship,xgboost,gbdt,categorical_covariate_shift,0.1,3923971930,test_only,True,low,False,skipped,shift not applicable: dataset has no categorical features,,,,,,,,,,,,0,,,True,undefined,,42
analcatdata_authorship,xgboost,gbdt,categorical_covariate_shift,0.2,1914307115,test_only,True,low,False,skipped,shift not applicable: dataset has no categorical features,,,,,,,,,,,,0,,,True,undefined,,42
analcatdata_authorship,xgboost,gbdt,categorical_covariate_shift,0.3,650898083,test_only,True,low,False,skipped,shift not applicable: dataset has no categorical features,,,,,,,,,,,,0,,,True,undefined,,42
analcatdata_authorship,xgboost,gbdt,categorical_covariate_shift,0.4,905155232,test_only,True,low,False,skipped,shift not applicable: dataset has no categorical features,,,,,,,,,,,,0,,,True,undefined,,42
breast-w,catboost,gbdt,categorical_covariate_shift,0.0,280160050,test_only,False,low,False,skipped,shift not applicable: dataset has no categorical features,,,,,,,,,,,,0,,,True,undefined,,42
breast-w,catboost,gbdt,categorical_covariate_shift,0.05,3125194925,test_only,False,low,False,skipped,shift not applicable: dataset has no categorical features,,,,,,,,,,,,0,,,True,undefined,,42
breast-w,catboost,gbdt,categorical_covariate_shift,0.1,311975639,test_only,False,low,False,skipped,shift not applicable: dataset has no categorical features,,,,,,,,,,,,0,,,True,undefined,,42
breast-w,catboost,gbdt,categorical_covariate_shift,0.2,1030837305,test_only,False,low,False,skipped,shift not applicable: dataset has no categorical features,,,,,,,,,,,,0,,,True,undefined,,42
breast-w,catboost,gbdt,categorical_covariate_shift,0.3,146936054,test_only,False,low,False,skipped,shift not applicable: dataset has no categorical features,,,,,,,,,,,,0,,,True,undefined,,42
breast-w,catboost,gbdt,categorical_covariate_shift,0.4,3539429589,test_only,False,low,False,skipped,shift not applicable: dataset has no categorical features,,,,,,,,,,,,0,,,True,undefined,,42
breast-w,hist_gbdt,gbdt,categorical_covariate_shift,0.0,280160050,test_only,False,low,False,skipped,shift not applicable: dataset has no categorical features,,,,,,,,,,,,0,,,True,undefined,,42
breast-w,hist_gbdt,gbdt,categorical_covariate_shift,0.05,3125194925,test_only,False,low,False,skipped,shift not applicable: dataset has no categorical features,,,,,,,,,,,,0,,,True,undefined,,42
breast-w,hist_gbdt,gbdt,categorical_covariate_shift,0.1,311975639,test_only,False,low,False,skipped,shift not applicable: dataset has no categorical features,,,,,,,,,,,,0,,,True,undefined,,42
breast-w,hist_gbdt,gbdt,categorical_covariate_shift,0.2,1030837305,test_only,False,low,False,skipped,shift not applicable: dataset has no categorical features,,,,,,,,,,,,0,,,True,undefined,,42
breast-w,hist_gbdt,gbdt,categorical_covariate_shift,0.3,146936054,test_only,False,low,False,skipped,shift not applicable: dataset has no categorical features,,,,,,,,,,,,0,,,True,undefined,,42
breast-w,hist_gbdt,gbdt,categorical_covariate_shift,0.4,3539429589,test_only,False,low,False,skipped,shift not applicable: dataset has no categorical features,,,,,,,,,,,,0,,,True,undefined,,42
breast-w,logreg,linear,categorical_covariate_shift,0.0,280160050,test_only,False,low,False,skipped,shift not applicable: dataset has no categorical features,,,,,,,,,,,,0,,,True,undefined,,42
breast-w,logreg,linear,categorical_covariate_shift,0.05,3125194925,test_only,False,low,False,skipped,shift not applicable: dataset has no categorical features,,,,,,,,,,,,0,,,True,undefined,,42
breast-w,logreg,linear,categorical_covariate_shift,0.1,311975639,test_only,False,low,False,skipped,shift not applicable: dataset has no categorical features,,,,,,,,,,,,0,,,True,undefined,,42
breast-w,logreg,linear,categorical_covariate_shift,0.2,1030837305,test_only,False,low,False,skipped,shift not applicable: dataset has no categorical features,,,,,,,,,,,,0,,,True,undefined,,42
breast-w,logreg,linear,categorical_covariate_shift,0.3,146936054,test_only,False,low,False,skipped,shift not applicable: dataset has no categorical features,,,,,,,,,,,,0,,,True,undefined,,42
breast-w,logreg,linear,categorical_covariate_shift,0.4,3539429589,test_only,False,low,False,skipped,shift not applicable: dataset has no categorical features,,,,,,,,,,,,0,,,True,undefined,,42
breast-w,tabicl,icl,categorical_covariate_shift,0.0,280160050,test_only,False,low,False,skipped,shift not applicable: dataset has no categorical features,,,,,,,,,,,,0,,,True,undefined,,42
breast-w,tabicl,icl,categorical_covariate_shift,0.05,3125194925,test_only,False,low,False,skipped,shift not applicable: dataset has no categorical features,,,,,,,,,,,,0,,,True,undefined,,42
breast-w,tabicl,icl,categorical_covariate_shift,0.1,311975639,test_only,False,low,False,skipped,shift not applicable: dataset has no categorical features,,,,,,,,,,,,0,,,True,undefined,,42
breast-w,tabicl,icl,categorical_covariate_shift,0.2,1030837305,test_only,False,low,False,skipped,shift not applicable: dataset has no categorical features,,,,,,,,,,,,0,,,True,undefined,,42
breast-w,tabicl,icl,categorical_covariate_shift,0.3,146936054,test_only,False,low,False,skipped,shift not applicable: dataset has no categorical features,,,,,,,,,,,,0,,,True,undefined,,42
breast-w,tabicl,icl,categorical_covariate_shift,0.4,3539429589,test_only,False,low,False,skipped,shift not applicable: dataset has no categorical features,,,,,,,,,,,,0,,,True,undefined,,42
breast-w,tabpfn,icl,categorical_covariate_shift,0.0,280160050,test_only,False,low,False,skipped,shift not applicable: dataset has no categorical features,,,,,,,,,,,,0,,,True,undefined,,42
breast-w,tabpfn,icl,categorical_covariate_shift,0.05,3125194925,test_only,False,low,False,skipped,shift not applicable: dataset has no categorical features,,,,,,,,,,,,0,,,True,undefined,,42
breast-w,tabpfn,icl,categorical_covariate_shift,0.1,311975639,test_only,False,low,False,skipped,shift not applicable: dataset has no categorical features,,,,,,,,,,,,0,,,True,undefined,,42
breast-w,tabpfn,icl,categorical_covariate_shift,0.2,1030837305,test_only,False,low,False,skipped,shift not applicable: dataset has no categorical features,,,,,,,,,,,,0,,,True,undefined,,42
breast-w,tabpfn,icl,categorical_covariate_shift,0.3,146936054,test_only,False,low,False,skipped,shift not applicable: dataset has no categorical features,,,,,,,,,,,,0,,,True,undefined,,42
breast-w,tabpfn,icl,categorical_covariate_shift,0.4,3539429589,test_only,False,low,False,skipped,shift not applicable: dataset has no categorical features,,,,,,,,,,,,0,,,True,undefined,,42
breast-w,xgboost,gbdt,categorical_covariate_shift,0.0,280160050,test_only,False,low,False,skipped,shift not applicable: dataset has no categorical features,,,,,,,,,,,,0,,,True,undefined,,42
breast-w,xgboost,gbdt,categorical_covariate_shift,0.05,3125194925,test_only,False,low,False,skipped,shift not applicable: dataset has no categorical features,,,,,,,,,,,,0,,,True,undefined,,42
breast-w,xgboost,gbdt,categorical_covariate_shift,0.1,311975639,test_only,False,low,False,skipped,shift not applicable: dataset has no categorical features,,,,,,,,,,,,0,,,True,undefined,,42
breast-w,xgboost,gbdt,categorical_covariate_shift,0.2,1030837305,test_only,False,low,False,skipped,shift not applicable: dataset has no categorical features,,,,,,,,,,,,0,,,True,undefined,,42
breast-w,xgboost,gbdt,categorical_covariate_shift,0.3,146936054,test_only,False,low,False,skipped,shift not applicable: dataset has no categorical features,,,,,,,,,,,,0,,,True,undefined,,42
breast-w,xgboost,gbdt,categorical_covariate_shift,0.4,3539429589,test_only,False,low,False,skipped,shift not applicable: dataset has no categorical features,,,,,,,,,,,,0,,,True,undefined,,42
car,catboost,gbdt,categorical_covariate_shift,0.0,2586897250,test_only,True,low,True,ok,,0.9788053949903661,0.9990234570350258,0.06655823430283597,0.04801161727951358,0.022979918783197745,0.03383181506095988,0.022979918783197623,0.017291736630670625,1.6425603950755499,0.3134201068993803,0.4774795502703203,1209,xgboost,0.48636557107419304,False,,,42
car,catboost,gbdt,categorical_covariate_shift,0.05,1067766471,test_only,True,high,True,ok,,0.9421965317919075,0.9763869450361944,0.28288666645768856,0.20405959541605878,0.052344964052825405,0.11603502771455086,0.049813315728350155,0.029399165613685295,0.3562082169055903,1.2439736774662609,0.4113780390960714,1209,xgboost,0.48636557107419304,True,utility_gap,,42
car,catboost,gbdt,categorical_covariate_shift,0.1,1885504252,test_only,True,high,True,ok,,0.8728323699421965,0.9338047686931161,0.5905185022431028,0.4259690573696513,0.10097855069558996,0.23137496309935945,0.09310457109745507,0.05556677915042839,0.4080604672786241,0.14172617797376824,0.30977009718390675,1209,xgboost,0.48636557107419304,True,utility_gap;ece,,42
car,catboost,gbdt,categorical_covariate_shift,0.2,2197698047,test_only,True,high,True,ok,,0.8342967244701349,0.8665804642210289,0.8900830326035473,0.6420591885582736,0.1536149086326022,0.31986638667100925,0.14331088366210684,0.07684627802125861,0.34115558795045475,-0.05817497144194534,0.2051069328538778,1209,xgboost,0.48636557107419304,True,utility_gap;ece,,42
car,catboost,gbdt,categorical_covariate_shift,0.3,2300353037,test_only,True,high,True,ok,,0.7726396917148363,0.8510146534836558,1.199212338372691,0.8650488467715695,0.20634561145230731,0.4263812382078396,0.20275280102687765,0.10518097824458655,0.4370602409215157,-0.9585300339210571,0.11296730615457264,1209,xgboost,0.48636557107419304,True,utility_gap;ece;nll,,42
car,catboost,gbdt,categorical_covariate_shift,0.4,3204576500,test_only,True,high,True,ok,,0.7013487475915221,0.7852023690438195,1.5756078443483206,1.136560811713536,0.28308648907333345,0.5676803708348702,0.272634034973249,0.1431852850717277,0.47942662709276496,-1.5552264085812584,-0.017562400024662375,1209,xgboost,0.48636557107419304,True,utility_gap;ece;nll,,42
car,hist_gbdt,gbdt,categorical_covariate_shift,0.0,2586897250,test_only,True,low,True,ok,,0.9922928709055877,0.9999892380542402,0.016129245930106288,0.011634791558321419,0.009902520549796168,0.009578449190605146,0.0015336085616840728,0.005623900808865687,1.9603115530352648,-0.8806267153813991,0.4933692223773665,1209,xgboost,0.48636557107419304,False,,,42
car,hist_gbdt,gbdt,categorical_covariate_shift,0.05,1067766471,test_only,True,high,True,ok,,0.9460500963391136,0.9782048214050222,0.4681121776801857,0.33767155865946863,0.053870697634274,0.10194848883173492,0.044832824435631996,0.02742619101894477,0.1872453087267115,1.0598997924051186,0.37220359481792936,1209,xgboost,0.48636557107419304,True,utility_gap,,42
car,hist_gbdt,gbdt,categorical_covariate_shift,0.1,1885504252,test_only,True,high,True,ok,,0.884393063583815,0.941085103209132,1.0774762494715027,0.7772348208940882,0.11495061273160191,0.22727546181140665,0.10944451411313673,0.057456173544110666,0.20220991628879117,0.056283768014267564,0.20587817684622156,1209,xgboost,0.48636557107419304,True,utility_gap;ece;nll,,42
car,hist_gbdt,gbdt,categorical_covariate_shift,0.2,2197698047,test_only,True,high,True,ok,,0.8342967244701349,0.8727349271943857,1.7519609840999966,1.2637727117960067,0.16375555728579794,0.326647467742145,0.16297608811818776,0.08187311048545555,0.1752765650744944,-0.2547211371620947,0.01871880819259364,1209,xgboost,0.48636557107419304,True,utility_gap;ece;nll,,42
car,hist_gbdt,gbdt,categorical_covariate_shift,0.3,2300353037,test_only,True,high,True,ok,,0.7803468208092486,0.8540837421571472,2.335837272567027,1.6849504247280258,0.21633341251126084,0.4365339221706166,0.21376756039088232,0.10966412806475623,0.19341673896123426,-0.7955840199660755,-0.13277047704427108,1209,xgboost,0.48636557107419304,True,utility_gap;ece;nll,,42
car,hist_gbdt,gbdt,categorical_covariate_shift,0.4,3204576500,test_only,True,high,True,ok,,0.7013487475915221,0.8009890468819266,3.174336821671268,2.2897999953681865,0.2983223229286394,0.5949792046275537,0.2966588896779312,0.14916112858493155,0.23322024647464717,-1.6880748180024705,-0.3610559846487812,1209,xgboost,0.48636557107419304,True,utility_gap;ece;nll,,42
car,logreg,linear,categorical_covariate_shift,0.0,2586897250,test_only,True,low,True,ok,,0.8959537572254336,0.9874833511741763,0.22599314419010796,0.16301959419898662,0.04949749726950016,0.13341048934747848,0.04920723247105746,0.039494809808224215,2.236788338242864,-0.36233896722140163,0.4212068587811807,1209,xgboost,0.48636557107419304,True,utility_gap,,42
car,logreg,linear,categorical_covariate_shift,0.05,1067766471,test_only,True,high,True,ok,,0.861271676300578,0.9684338652254971,0.3339492174938604,0.24089343999357116,0.031164199729545605,0.18660044705671874,0.025027629675016684,0.036158484710402436,0.7470558125351561,0.2275888136807149,0.3896417323300302,1209,xgboost,0.48636557107419304,True,utility_gap,,42
car,logreg,linear,categorical_covariate_shift,0.1,1885504252,test_only,True,high,True,ok,,0.8246628131021194,0.9291606838051991,0.508613838155041,0.36688733101688975,0.05761014381060976,0.24463804903935918,0.03923589256692762,0.034909580262774326,0.5269092367689929,0.17891320729334786,0.3273174332299488,1209,xgboost,0.48636557107419304,True,utility_gap,,42
car,logreg,linear,categorical_covariate_shift,0.2,2197698047,test_only,True,high,True,ok,,0.791907514450867,0.8794851714888987,0.6724209014125604,0.48504914992899373,0.07776142817280857,0.29791676728080374,0.07720891398394258,0.05638957700701654,0.3833951569151088,0.08162381891837618,0.2655389065754847,1209,xgboost,0.48636557107419304,True,utility_gap,,42
car,logreg,linear,categorical_covariate_shift,0.3,2300353037,test_only,True,high,True,ok,,0.7552986512524085,0.8467625500770846,0.9271647154945689,0.6688079685656206,0.11270940942641272,0.3658849151690358,0.1106099886839161,0.07375389849789804,0.3124715965378692,0.02503484121216587,0.1864774177598721,1209,xgboost,0.48636557107419304,True,utility_gap;ece,,42
car,logreg,linear,categorical_covariate_shift,0.4,3204576500,test_only,True,high,True,ok,,0.7129094412331407,0.7833362472322859,1.1811553245435342,0.8520234646192755,0.15174711210580408,0.4483415431657201,0.14942814327531842,0.09675957190832996,0.2568633559197352,-0.07250938862417153,0.09514764090932773,1209,xgboost,0.48636557107419304,True,utility_gap;ece;nll,,42
car,tabicl,icl,categorical_covariate_shift,0.0,2586897250,test_only,True,low,True,ok,,0.9942196531791907,0.9999804084999561,0.018456081516883497,0.01331324863932514,0.012958402790643418,0.008922905739439472,0.0085101382937765,0.0075643069228507245,4.3636515312911,-0.9862448825269189,0.49254043580193696,1209,xgboost,0.48636557107419304,False,,,42
car,tabicl,icl,categorical_covariate_shift,0.05,1067766471,test_only,True,high,True,ok,,0.9518304431599229,0.9777996864177868,0.41397444093371644,0.2986194364949269,0.05343421974162111,0.09944072867206162,0.05055312768497021,0.02729862545800664,0.14943612927071367,1.6745183910427883,0.3847317818234115,1209,xgboost,0.48636557107419304,True,utility_gap,,42
car,tabicl,icl,categorical_covariate_shift,0.1,1885504252,test_only,True,high,True,ok,,0.884393063583815,0.9311992077257571,0.9381104543384938,0.6767036501401187,0.1111090248963643,0.22663374624821492,0.10866873112962823,0.057263922054160366,0.20488639625724742,0.2611827495739733,0.23334578222027877,1209,xgboost,0.48636557107419304,True,utility_gap;ece,,42
car,tabicl,icl,categorical_covariate_shift,0.2,2197698047,test_only,True,high,True,ok,,0.8362235067437379,0.8737278619419281,1.4212075729642086,1.0251845587946518,0.1587411901706513,0.3231937677366525,0.156911224294639,0.08049106108753241,0.22285169208583128,-0.35238488503519005,0.09193467201870967,1209,xgboost,0.48636557107419304,True,utility_gap;ece;nll,,42
car,tabicl,icl,categorical_covariate_shift,0.3,2300353037,test_only,True,high,True,ok,,0.7764932562620424,0.8453194628259403,1.9872104374684734,1.433469321669277,0.2166452584116959,0.43731834309735934,0.21664540274187233,0.10975233907207983,0.2513790137183206,-1.0737595104090705,-0.06103404775473691,1209,xgboost,0.48636557107419304,True,utility_gap;ece;nll,,42
car,tabicl,icl,categorical_covariate_shift,0.4,3204576500,test_only,True,high,True,ok,,0.7032755298651252,0.7536153760925397,2.7637855253172785,1.9936498357279682,0.29536549303861154,0.5893474385834877,0.29311795437812355,0.1476399227128732,0.26109656924215735,-1.6562978770606922,-0.28791133821395515,1209,xgboost,0.48636557107419304,True,utility_gap;ece;nll,,42
car,tabpfn,icl,categorical_covariate_shift,0.0,2586897250,test_only,True,low,True,ok,,0.9942196531791907,1.0,0.020454408464139068,0.014754736827765336,0.010641771011748694,0.009206186374713344,0.010439267697586439,0.008148148439756893,3.1747151016404294,-0.3293156016306015,0.49257817272619925,1209,xgboost,0.48636557107419304,False,,,42
car,tabpfn,icl,categorical_covariate_shift,0.05,1067766471,test_only,True,high,True,ok,,0.9460500963391136,0.9774758781685534,0.4009606228939288,0.28923195112041045,0.050280616752474,0.10110446032360614,0.045566645042403264,0.02821697400041956,0.2222113483531485,1.2623262758270477,0.38719836312324285,1209,xgboost,0.48636557107419304,True,utility_gap,,42
car,tabpfn,icl,categorical_covariate_shift,0.1,1885504252,test_only,True,high,True,ok,,0.884393063583815,0.9286462644608053,0.8828769693905678,0.6368611127274247,0.10694267517846348,0.22349840720340652,0.1003608539078147,0.05552942490029164,0.2402610509127536,0.25035891823831746,0.2452382832449339,1209,xgboost,0.48636557107419304,True,utility_gap;ece,,42
car,tabpfn,icl,categorical_covariate_shift,0.2,2197698047,test_only,True,high,True,ok,,0.8342967244701349,0.8604914146912754,1.3595045197317777,0.9806752143415838,0.1603460319990848,0.3234456741832031,0.15571525654567978,0.0819767343041011,0.2613923031957969,-0.4084291768987419,0.10004473311017455,1209,xgboost,0.48636557107419304,True,utility_gap;ece;nll,,42
car,tabpfn,icl,categorical_covariate_shift,0.3,2300353037,test_only,True,high,True,ok,,0.7784200385356455,0.7969089188109753,1.8952822419031794,1.3671571457393168,0.21758536513289453,0.4351209123978036,0.21239699238147491,0.1098555934641719,0.28269368463660893,-1.002642253742286,-0.05798308938418577,1209,xgboost,0.48636557107419304,True,utility_gap;ece;nll,,42
car,tabpfn,icl,categorical_covariate_shift,0.4,3204576500,test_only,True,high,True,ok,,0.7013487475915221,0.6953209757698491,2.5230954166270334,1.8200286226287472,0.294351301739606,0.5875992798360814,0.29134460825204544,0.14769362517756754,0.31387817904690124,-1.7012645645619604,-0.2563141934783699,1209,xgboost,0.48636557107419304,True,utility_gap;ece;nll,,42
car,xgboost,gbdt,categorical_covariate_shift,0.0,2586897250,test_only,True,low,True,ok,,0.9903660886319846,0.9995355661623186,0.039674162308974886,0.028618858607290947,0.017205663976144456,0.019194281075108323,0.015242361488669413,0.012517440126572996,1.2233169812235616,0.8384307425027164,0.48636557107419304,1209,xgboost,0.48636557107419304,False,,,42
car,xgboost,gbdt,categorical_covariate_shift,0.05,1067766471,test_only,True,high,True,ok,,0.9460500963391136,0.9765570875855638,0.3067918368779554,0.22130353082452106,0.04842453255611637,0.1056303684696046,0.05145922118716298,0.02819351127018974,0.26922090539585614,1.280660406684257,0.4076265293472347,1209,xgboost,0.48636557107419304,True,utility_gap,,42
car,xgboost,gbdt,categorical_covariate_shift,0.1,1885504252,test_only,True,high,True,ok,,0.884393063583815,0.9381658202800267,0.6885338962475114,0.49667221880012036,0.10904330572810701,0.22575225573447733,0.09769939559720418,0.056513740516973575,0.28895564391433065,0.31784261209214987,0.29020666984992405,1209,xgboost,0.48636557107419304,True,utility_gap;ece,,42
car,xgboost,gbdt,categorical_covariate_shift,0.2,2197698047,test_only,True,high,True,ok,,0.8362235067437379,0.8770771999324133,1.0928636429473342,0.7883344790239829,0.1577046279923162,0.32151349339688157,0.14881998305394217,0.08090902908997752,0.25054266995286134,-0.0011459815955726376,0.16436927668224718,1209,xgboost,0.48636557107419304,True,utility_gap;ece;nll,,42
car,xgboost,gbdt,categorical_covariate_shift,0.3,2300353037,test_only,True,high,True,ok,,0.7745664739884393,0.850960172394847,1.4868609461121383,1.072543456723727,0.21155815766814504,0.43449336438602143,0.21155815766814498,0.1076443428978493,0.3009644787086828,-0.7273400143842492,0.04994636288571517,1209,xgboost,0.48636557107419304,True,utility_gap;ece;nll,,42
car,xgboost,gbdt,categorical_covariate_shift,0.4,3204576500,test_only,True,high,True,ok,,0.7013487475915221,0.7901075855689317,1.9699612960041406,1.4210266962441844,0.29107245082775113,0.5842999797391604,0.28599785142381473,0.14648383630456496,0.33668362080161,-1.3846775769509148,-0.10278253195095113,1209,xgboost,0.48636557107419304,True,utility_gap;ece;nll,,42
churn,catboost,gbdt,categorical_covariate_shift,0.0,2956360593,test_only,True,low,True,ok,,0.9546666666666667,0.9054406422125864,0.16320517814331872,0.23545530115476576,0.01832382381134425,0.07685621404603203,0.030832615241157733,0.023948641070232764,0.8379240571644784,0.6704469919728496,0.38580286966570665,3500,catboost,0.38580286966570665,False,,,42
churn,catboost,gbdt,categorical_covariate_shift,0.05,3723280295,test_only,True,low,True,ok,,0.9413333333333334,0.9047777745224422,0.18906591407981796,0.2727644566440922,0.011233299620758216,0.0953147778622733,0.021048276933550845,0.025323752908587703,0.8961215271409134,0.3103857632155553,0.3737962241654755,3500,catboost,0.38580286966570665,False,,,42
churn,catboost,gbdt,categorical_covariate_shift,0.1,1670724177,test_only,True,low,True,ok,,0.9246666666666666,0.8849247040900035,0.24573059271551628,0.354514307505381,0.025800172279420695,0.1287610540596059,0.032859162813140635,0.03909922769760736,0.7173020121275763,0.44274881163494806,0.33690931972400273,3500,catboost,0.38580286966570665,True,utility_gap,,42
churn,catboost,gbdt,categorical_covariate_shift,0.2,3435320416,test_only,True,low,True,ok,,0.904,0.8472401265674441,0.31621038100458226,0.45619514855292054,0.04183294286406672,0.1671590105003729,0.044500483518675145,0.053753104125985385,0.5355362063196427,0.6923835466265049,0.2869089111599159,3500,catboost,0.38580286966570665,True,utility_gap,,42
churn,catboost,gbdt,categorical_covariate_shift,0.3,1632130112,test_only,True,low,True,ok,,0.878,0.8403807277628033,0.38728420352867715,0.5587329998454545,0.05788816153110625,0.20921182347970824,0.054379321316597694,0.07078293772108898,0.48253045076830436,0.5908226531930538,0.24663572245712348,3500,catboost,0.38580286966570665,True,utility_gap,,42
churn,catboost,gbdt,categorical_covariate_shift,0.4,475483940,test_only,True,low,True,ok,,0.852,0.8136243114965427,0.4573815496974321,0.6598620935425943,0.08455267462377397,0.2549658067913752,0.07801587834714364,0.10386593100416937,0.4478966501583386,0.48259484709411454,0.19769934603625686,3500,catboost,0.38580286966570665,True,utility_gap,,42
churn,hist_gbdt,gbdt,categorical_covariate_shift,0.0,2956360593,test_only,True,low,True,ok,,0.9506666666666667,0.9071948611273877,0.18198206002225883,0.2625446155248705,0.02345852490838852,0.08045434907498444,0.021523877315184705,0.027511083819279365,0.6248270895469662,0.49354511557502767,0.3766631117554468,3500,catboost,0.38580286966570665,False,,,42
churn,hist_gbdt,gbdt,categorical_covariate_shift,0.05,3723280295,test_only,True,low,True,ok,,0.9366666666666666,0.8985849056603774,0.24296341754724365,0.35052211761284296,0.03350833468363777,0.10716521490182686,0.03127314220263338,0.03830087621213192,0.5309500354580947,0.529791863364777,0.34314641476055163,3500,catboost,0.38580286966570665,True,utility_gap,,42
churn,hist_gbdt,gbdt,categorical_covariate_shift,0.1,1670724177,test_only,True,low,True,ok,,0.9186666666666666,0.8759741591468416,0.3320869662075985,0.4791002192915631,0.053197663438827925,0.14278767882045595,0.0495659245857011,0.05559947706992898,0.41838755662205085,0.6425911752589515,0.29002135722616,3500,catboost,0.38580286966570665,True,utility_gap,,42
churn,hist_gbdt,gbdt,categorical_covariate_shift,0.2,3435320416,test_only,True,low,True,ok,,0.896,0.854513359896871,0.45648628911035316,0.6585705055333122,0.07823714246395166,0.1924266478232148,0.07405736975583653,0.08104965489145538,0.2975010073916851,0.8255888446709942,0.22026109581112083,3500,catboost,0.38580286966570665,True,utility_gap,,42
churn,hist_gbdt,gbdt,categorical_covariate_shift,0.3,1632130112,test_only,True,low,True,ok,,0.8673333333333333,0.8341548986288526,0.5645909120822709,0.814532508992069,0.10251047172001976,0.24095355396192797,0.10055484956472995,0.11129399822678421,0.32205114692178166,0.45108273730843307,0.15719236747847376,3500,catboost,0.38580286966570665,True,utility_gap;ece;nll,,42
churn,hist_gbdt,gbdt,categorical_covariate_shift,0.4,475483940,test_only,True,low,True,ok,,0.8433333333333334,0.796902466893238,0.7101051504729515,1.0244651790970383,0.12927050469522278,0.29011917691957556,0.1268054293089323,0.13296612995626073,0.2058985695109446,0.7397705542259754,0.07222220874447721,3500,catboost,0.38580286966570665,True,utility_gap;ece;nll,,42
churn,logreg,linear,categorical_covariate_shift,0.0,2956360593,test_only,True,low,True,ok,,0.8546666666666667,0.8341036270948083,0.3155573410507752,0.4552530110500607,0.059690480115321506,0.19115522957302247,0.06249329782037699,0.06589573821178621,1.2963354727138603,-0.7009749166004183,0.27162227014510043,3500,catboost,0.38580286966570665,True,utility_gap,,42
churn,logreg,linear,categorical_covariate_shift,0.05,3723280295,test_only,True,low,True,ok,,0.838,0.7954924997070197,0.349474669786986,0.5041853730179927,0.05564558133920119,0.21403877802830235,0.05447595940896787,0.07004313810981697,1.1367238762376939,-0.4612414026623466,0.24173764672421888,3500,catboost,0.38580286966570665,True,utility_gap,,42
churn,logreg,linear,categorical_covariate_shift,0.1,1670724177,test_only,True,low,True,ok,,0.8433333333333334,0.7871169283956405,0.35727833747480947,0.5154436856919611,0.04397202833382821,0.21852479939894534,0.043584983463212934,0.07072577838368732,0.9808192292057072,-0.08799582728645675,0.2385634135641202,3500,catboost,0.38580286966570665,True,utility_gap,,42
churn,logreg,linear,categorical_covariate_shift,0.2,3435320416,test_only,True,low,True,ok,,0.8206666666666667,0.7564235907652642,0.4101211504977038,0.5916797499867136,0.032219475059913474,0.256581936849912,0.03851444354405334,0.09994782827082307,0.8060579702506466,0.10829357655311894,0.2039004367598457,3500,catboost,0.38580286966570665,True,utility_gap,,42
churn,logreg,linear,categorical_covariate_shift,0.3,1632130112,test_only,True,low,True,ok,,0.7753333333333333,0.7019073010664479,0.48725519088700053,0.7029606475400809,0.055173076696046805,0.31469432064372094,0.055965196352754154,0.12813510395725894,0.7381018731884671,-0.059457263259347845,0.14004474577202314,3500,catboost,0.38580286966570665,True,utility_gap,,42
churn,logreg,linear,categorical_covariate_shift,0.4,475483940,test_only,True,low,True,ok,,0.7326666666666667,0.6861449666002578,0.5506979740709862,0.7944892362198107,0.08499126549111362,0.3623623565100621,0.07926272074372484,0.1787481631241959,0.6757814541800539,-0.10029191033731306,0.09470571434592429,3500,catboost,0.38580286966570665,True,utility_gap;nll,,42
churn,tabicl,icl,categorical_covariate_shift,0.0,2956360593,test_only,True,low,True,ok,,0.9713333333333334,0.9183427575295908,0.1212431644518947,0.17491691209643354,0.010359486151362372,0.05323717947433897,0.015696101220833723,0.016253321166651243,0.7064534864298502,0.9452086979174439,0.41257299427615424,3500,catboost,0.38580286966570665,False,,,42
churn,tabicl,icl,categorical_covariate_shift,0.05,3723280295,test_only,True,low,True,ok,,0.942,0.9155502900503927,0.21335613722979102,0.30780784112464465,0.020120520082189192,0.09727649195718267,0.018215253876437253,0.03258027229119469,0.5789043736788548,0.8119169713332934,0.3653761451638062,3500,catboost,0.38580286966570665,False,,,42
churn,tabicl,icl,categorical_covariate_shift,0.1,1670724177,test_only,True,low,True,ok,,0.91,0.8952687360834406,0.3428453423292173,0.49462127517024085,0.04004127723227866,0.14869680721498188,0.034483285186876766,0.059505644215383374,0.33825272274637275,1.1490860430284433,0.2934494196316762,3500,catboost,0.38580286966570665,True,utility_gap,,42
churn,tabicl,icl,categorical_covariate_shift,0.2,3435320416,test_only,True,low,True,ok,,0.822,0.858279986522911,0.5288581768812699,0.7629810691201864,0.08728249168164488,0.25287707691830563,0.08606833707715182,0.13092634801818687,0.44559825216438387,0.1673947417936071,0.177347176210634,3500,catboost,0.38580286966570665,True,utility_gap;nll,,42
churn,tabicl,icl,categorical_covariate_shift,0.3,1632130112,test_only,True,low,True,ok,,0.8126666666666666,0.8347957928044063,0.5987118629995107,0.8637586356707866,0.0786831464211573,0.2914903242335067,0.08040681766613442,0.15585726995157662,0.25015227384523164,0.7598938217485809,0.13921430749607472,3500,catboost,0.38580286966570665,True,utility_gap;nll,,42
churn,tabicl,icl,categorical_covariate_shift,0.4,475483940,test_only,True,low,True,ok,,0.7346666666666667,0.8107164830657448,0.7209358558814309,1.040090584079181,0.11748427123670323,0.3826724428422441,0.12430133010369487,0.2280362995665493,0.27902629849039845,0.3314451019668808,0.05842673960191576,3500,catboost,0.38580286966570665,True,utility_gap;ece;nll,,42
churn,tabpfn,icl,categorical_covariate_shift,0.0,2956360593,test_only,True,low,True,ok,,0.9753333333333334,0.9254109047228407,0.11643526663146948,0.16798058175380523,0.01228948897940034,0.04829101368765915,0.02096006929335556,0.015936421349183882,0.5055598762899903,1.6730945133400912,0.41734174433097254,3500,catboost,0.38580286966570665,False,,,42
churn,tabpfn,icl,categorical_covariate_shift,0.05,3723280295,test_only,True,low,True,ok,,0.9466666666666667,0.9202324797843666,0.19737833331335658,0.2847567426501084,0.019094757541938654,0.09088973539183784,0.01777195424519317,0.03219816718524224,0.6258094730921113,0.6287595648276462,0.374835393621108,3500,catboost,0.38580286966570665,False,,,42
churn,tabpfn,icl,categorical_covariate_shift,0.1,1670724177,test_only,True,low,True,ok,,0.9126666666666666,0.9048766553380991,0.306075791272658,0.4415740262052292,0.03974089614308809,0.14117721024358673,0.035839366768624537,0.05658455009963254,0.5099489117114812,0.5789345023354832,0.31318644227814824,3500,catboost,0.38580286966570665,True,utility_gap,,42
churn,tabpfn,icl,categorical_covariate_shift,0.2,3435320416,test_only,True,low,True,ok,,0.8473333333333334,0.8609223016524084,0.45750364956485856,0.6600382464158236,0.07564561182889118,0.22779494830287944,0.0727803729187776,0.10939820271953478,0.49565865784457663,0.1772651393973142,0.21528220928781758,3500,catboost,0.38580286966570665,True,utility_gap,,42
churn,tabpfn,icl,categorical_covariate_shift,0.3,1632130112,test_only,True,low,True,ok,,0.7986666666666666,0.8353011836399861,0.5362516436995751,0.7736475870339324,0.0935463322580313,0.29322721600442186,0.09354633225803125,0.14773116900395422,0.49640339193903993,0.019022617989767416,0.16135187171220908,3500,catboost,0.38580286966570665,True,utility_gap;nll,,42
churn,tabpfn,icl,categorical_covariate_shift,0.4,475483940,test_only,True,low,True,ok,,0.7486666666666667,0.8153162721200048,0.6545630642180469,0.9443348866964604,0.11785745631491229,0.3694189098050233,0.1201918444097896,0.21445043432084077,0.37107199229901416,0.16501050293667022,0.0907887379700811,3500,catboost,0.38580286966570665,True,utility_gap;ece;nll,,42
churn,xgboost,gbdt,categorical_covariate_shift,0.0,2956360593,test_only,True,low,True,ok,,0.9533333333333334,0.9149515117778039,0.20941162943630506,0.3021171192922346,0.02714154419213839,0.07951729668957257,0.025851765786189543,0.03406033848071044,0.4388718687775217,0.7154527804309462,0.3671695844961333,3500,catboost,0.38580286966570665,False,,,42
churn,xgboost,gbdt,categorical_covariate_shift,0.05,3723280295,test_only,True,low,True,ok,,0.9393333333333334,0.9063928278448378,0.2731412576871591,0.39405953792743886,0.042209396004913496,0.10672978525241625,0.03813746325084444,0.044009849700264225,0.41036691674071457,0.5854798733969719,0.3314777491664789,3500,catboost,0.38580286966570665,True,utility_gap,,42
churn,xgboost,gbdt,categorical_covariate_shift,0.1,1670724177,test_only,True,low,True,ok,,0.9233333333333333,0.8860270420719559,0.36104458191244193,0.5208772278649091,0.055386284093291466,0.1378795366207159,0.05234380807014954,0.058275169511865475,0.34950028520553733,0.6150548163206312,0.28126903954705357,3500,catboost,0.38580286966570665,True,utility_gap,,42
churn,xgboost,gbdt,categorical_covariate_shift,0.2,3435320416,test_only,True,low,True,ok,,0.8973333333333333,0.8670858724950192,0.48834553394699953,0.7045336800656092,0.08262074420679565,0.19018327520761968,0.0804024423235585,0.08247047541368945,0.34111182558561143,0.3204020770813951,0.2101958025122148,3500,catboost,0.38580286966570665,True,utility_gap,,42
churn,xgboost,gbdt,categorical_covariate_shift,0.3,1632130112,test_only,True,low,True,ok,,0.87,0.8420836751435604,0.6034186678248941,0.8705491196507994,0.10476592827678413,0.23502937381132885,0.10421650479943408,0.10669388735012031,0.32373643265596574,0.1923333193916157,0.1431113647496495,3500,catboost,0.38580286966570665,True,utility_gap;ece;nll,,42
churn,xgboost,gbdt,categorical_covariate_shift,0.4,475483940,test_only,True,low,True,ok,,0.8466666666666667,0.8142249208953475,0.7513199709601274,1.0839255962250158,0.12723758526592358,0.28159549789211696,0.1264393863098047,0.13039473203767254,0.251870629207726,0.35330716927224903,0.06135352639268215,3500,catboost,0.38580286966570665,True,utility_gap;ece;nll,,42
climate-model-simulation-crashes,catboost,gbdt,categorical_covariate_shift,0.0,426368041,test_only,True,low,False,skipped,shift not applicable: dataset has no categorical features,,,,,,,,,,,,0,,,True,undefined,,42
climate-model-simulation-crashes,catboost,gbdt,categorical_covariate_shift,0.05,1643801207,test_only,True,low,False,skipped,shift not applicable: dataset has no categorical features,,,,,,,,,,,,0,,,True,undefined,,42
climate-model-simulation-crashes,catboost,gbdt,categorical_covariate_shift,0.1,2126339528,test_only,True,low,False,skipped,shift not applicable: dataset has no categorical features,,,,,,,,,,,,0,,,True,undefined,,42
climate-model-simulation-crashes,catboost,gbdt,categorical_covariate_shift,0.2,947588501,test_only,True,low,False,skipped,shift not applicable: dataset has no categorical features,,,,,,,,,,,,0,,,True,undefined,,42
climate-model-simulation-crashes,catboost,gbdt,categorical_covariate_shift,0.3,56411673,test_only,True,low,False,skipped,shift not applicable: dataset has no categorical features,,,,,,,,,,,,0,,,True,undefined,,42
climate-model-simulation-crashes,catboost,gbdt,categorical_covariate_shift,0.4,1373212026,test_only,True,low,False,skipped,shift not applicable: dataset has no categorical features,,,,,,,,,,,,0,,,True,undefined,,42
climate-model-simulation-crashes,hist_gbdt,gbdt,categorical_covariate_shift,0.0,426368041,test_only,True,low,False,skipped,shift not applicable: dataset has no categorical features,,,,,,,,,,,,0,,,True,undefined,,42
climate-model-simulation-crashes,hist_gbdt,gbdt,categorical_covariate_shift,0.05,1643801207,test_only,True,low,False,skipped,shift not applicable: dataset has no categorical features,,,,,,,,,,,,0,,,True,undefined,,42
climate-model-simulation-crashes,hist_gbdt,gbdt,categorical_covariate_shift,0.1,2126339528,test_only,True,low,False,skipped,shift not applicable: dataset has no categorical features,,,,,,,,,,,,0,,,True,undefined,,42
climate-model-simulation-crashes,hist_gbdt,gbdt,categorical_covariate_shift,0.2,947588501,test_only,True,low,False,skipped,shift not applicable: dataset has no categorical features,,,,,,,,,,,,0,,,True,undefined,,42
climate-model-simulation-crashes,hist_gbdt,gbdt,categorical_covariate_shift,0.3,56411673,test_only,True,low,False,skipped,shift not applicable: dataset has no categorical features,,,,,,,,,,,,0,,,True,undefined,,42
climate-model-simulation-crashes,hist_gbdt,gbdt,categorical_covariate_shift,0.4,1373212026,test_only,True,low,False,skipped,shift not applicable: dataset has no categorical features,,,,,,,,,,,,0,,,True,undefined,,42
climate-model-simulation-crashes,logreg,linear,categorical_covariate_shift,0.0,426368041,test_only,True,low,False,skipped,shift not applicable: dataset has no categorical features,,,,,,,,,,,,0,,,True,undefined,,42
climate-model-simulation-crashes,logreg,linear,categorical_covariate_shift,0.05,1643801207,test_only,True,low,False,skipped,shift not applicable: dataset has no categorical features,,,,,,,,,,,,0,,,True,undefined,,42
climate-model-simulation-crashes,logreg,linear,categorical_covariate_shift,0.1,2126339528,test_only,True,low,False,skipped,shift not applicable: dataset has no categorical features,,,,,,,,,,,,0,,,True,undefined,,42
climate-model-simulation-crashes,logreg,linear,categorical_covariate_shift,0.2,947588501,test_only,True,low,False,skipped,shift not applicable: dataset has no categorical features,,,,,,,,,,,,0,,,True,undefined,,42
climate-model-simulation-crashes,logreg,linear,categorical_covariate_shift,0.3,56411673,test_only,True,low,False,skipped,shift not applicable: dataset has no categorical features,,,,,,,,,,,,0,,,True,undefined,,42
climate-model-simulation-crashes,logreg,linear,categorical_covariate_shift,0.4,1373212026,test_only,True,low,False,skipped,shift not applicable: dataset has no categorical features,,,,,,,,,,,,0,,,True,undefined,,42
climate-model-simulation-crashes,tabicl,icl,categorical_covariate_shift,0.0,426368041,test_only,True,low,False,skipped,shift not applicable: dataset has no categorical features,,,,,,,,,,,,0,,,True,undefined,,42
climate-model-simulation-crashes,tabicl,icl,categorical_covariate_shift,0.05,1643801207,test_only,True,low,False,skipped,shift not applicable: dataset has no categorical features,,,,,,,,,,,,0,,,True,undefined,,42
climate-model-simulation-crashes,tabicl,icl,categorical_covariate_shift,0.1,2126339528,test_only,True,low,False,skipped,shift not applicable: dataset has no categorical features,,,,,,,,,,,,0,,,True,undefined,,42
climate-model-simulation-crashes,tabicl,icl,categorical_covariate_shift,0.2,947588501,test_only,True,low,False,skipped,shift not applicable: dataset has no categorical features,,,,,,,,,,,,0,,,True,undefined,,42
climate-model-simulation-crashes,tabicl,icl,categorical_covariate_shift,0.3,56411673,test_only,True,low,False,skipped,shift not applicable: dataset has no categorical features,,,,,,,,,,,,0,,,True,undefined,,42
climate-model-simulation-crashes,tabicl,icl,categorical_covariate_shift,0.4,1373212026,test_only,True,low,False,skipped,shift not applicable: dataset has no categorical features,,,,,,,,,,,,0,,,True,undefined,,42
climate-model-simulation-crashes,tabpfn,icl,categorical_covariate_shift,0.0,426368041,test_only,True,low,False,skipped,shift not applicable: dataset has no categorical features,,,,,,,,,,,,0,,,True,undefined,,42
climate-model-simulation-crashes,tabpfn,icl,categorical_covariate_shift,0.05,1643801207,test_only,True,low,False,skipped,shift not applicable: dataset has no categorical features,,,,,,,,,,,,0,,,True,undefined,,42
climate-model-simulation-crashes,tabpfn,icl,categorical_covariate_shift,0.1,2126339528,test_only,True,low,False,skipped,shift not applicable: dataset has no categorical features,,,,,,,,,,,,0,,,True,undefined,,42
climate-model-simulation-crashes,tabpfn,icl,categorical_covariate_shift,0.2,947588501,test_only,True,low,False,skipped,shift not applicable: dataset has no categorical features,,,,,,,,,,,,0,,,True,undefined,,42
climate-model-simulation-crashes,tabpfn,icl,categorical_covariate_shift,0.3,56411673,test_only,True,low,False,skipped,shift not applicable: dataset has no categorical features,,,,,,,,,,,,0,,,True,undefined,,42
climate-model-simulation-crashes,tabpfn,icl,categorical_covariate_shift,0.4,1373212026,test_only,True,low,False,skipped,shift not applicable: dataset has no categorical features,,,,,,,,,,,,0,,,True,undefined,,42
climate-model-simulation-crashes,xgboost,gbdt,categorical_covariate_shift,0.0,426368041,test_only,True,low,False,skipped,shift not applicable: dataset has no categorical features,,,,,,,,,,,,0,,,True,undefined,,42
climate-model-simulation-crashes,xgboost,gbdt,categorical_covariate_shift,0.05,1643801207,test_only,True,low,False,skipped,shift not applicable: dataset has no categorical features,,,,,,,,,,,,0,,,True,undefined,,42
climate-model-simulation-crashes,xgboost,gbdt,categorical_covariate_shift,0.1,2126339528,test_only,True,low,False,skipped,shift not applicable: dataset has no categorical features,,,,,,,,,,,,0,,,True,undefined,,42
climate-model-simulation-crashes,xgboost,gbdt,categorical_covariate_shift,0.2,947588501,test_only,True,low,False,skipped,shift not applicable: dataset has no categorical features,,,,,,,,,,,,0,,,True,undefined,,42
climate-model-simulation-crashes,xgboost,gbdt,categorical_covariate_shift,0.3,56411673,test_only,True,low,False,skipped,shift not applicable: dataset has no categorical features,,,,,,,,,,,,0,,,True,undefined,,42
climate-model-simulation-crashes,xgboost,gbdt,categorical_covariate_shift,0.4,1373212026,test_only,True,low,False,skipped,shift not applicable: dataset has no categorical features,,,,,,,,,,,,0,,,True,undefined,,42
cmc,catboost,gbdt,categorical_covariate_shift,0.0,1581768588,test_only,False,high,True,ok,,0.5384615384615384,0.7157121853461609,1.0494056337110105,0.9552101724469563,0.16898469776370847,0.6034800427253854,0.16939715603297398,0.13200975776467375,0.7479099056201197,-0.5841521800056996,0.010908504353558515,1031,catboost,0.010908504353558515,True,ece;nll,,42
cmc,catboost,gbdt,categorical_covariate_shift,0.05,139166468,test_only,False,high,True,ok,,0.5565610859728507,0.716152960924019,1.0468540371441757,0.9528876091612969,0.13000590633297437,0.5931338483412985,0.1300059063329744,0.11225678873208349,0.6462032499041146,-0.37987879477672587,0.022270235204350307,1031,catboost,0.010908504353558515,True,ece;nll,,42
cmc,catboost,gbdt,categorical_covariate_shift,0.1,2989692779,test_only,False,high,True,ok,,0.5067873303167421,0.6790701579856894,1.1463752410254424,1.0434757128151528,0.18455070363043152,0.6479256298434586,0.19470323092736122,0.12798360423575797,0.5690344275702903,-0.5426546587001522,-0.03626019972812957,1031,catboost,0.010908504353558515,True,utility_gap;ece;nll,,42
cmc,catboost,gbdt,categorical_covariate_shift,0.2,1434448312,test_only,False,medium,True,ok,,0.5542986425339367,0.7042891671884174,1.077414828628027,0.9807052403666617,0.13724720433704973,0.6067075005738403,0.14977147204415084,0.12043258711987143,0.5539171471155274,-0.3161012298973832,0.007984991918628136,1031,catboost,0.010908504353558515,True,ece;nll,,42
cmc,catboost,gbdt,categorical_covariate_shift,0.3,3492378207,test_only,False,medium,True,ok,,0.5067873303167421,0.6838248116017338,1.106594422324034,1.0072656511658005,0.18203603159120982,0.6396593295005419,0.1926737941082746,0.13043292866037284,0.6093998201471602,-0.5601891512756764,-0.023230118059863976,1031,catboost,0.010908504353558515,True,utility_gap;ece;nll,,42
cmc,catboost,gbdt,categorical_covariate_shift,0.4,1793979564,test_only,False,medium,True,ok,,0.49095022624434387,0.6664314125311103,1.180221497244822,1.0742839029004947,0.21006992835551813,0.6754659820751862,0.20746483269312097,0.16291117505792915,0.5805543301118703,-0.663290913176006,-0.0574056282187119,1031,catboost,0.010908504353558515,True,utility_gap;ece;nll,,42
cmc,hist_gbdt,gbdt,categorical_covariate_shift,0.0,1581768588,test_only,False,high,True,ok,,0.5294117647058824,0.7125439553809021,1.1645898859718282,1.0600553971444335,0.20675720501757527,0.6360813913430817,0.20908669114258535,0.14888652462992658,0.517689005653333,-0.6179459780321019,-0.030565911057647104,1031,catboost,0.010908504353558515,True,utility_gap;ece;nll,,42
cmc,hist_gbdt,gbdt,categorical_covariate_shift,0.05,139166468,test_only,False,high,True,ok,,0.5384615384615384,0.7161708815814661,1.1833220195100367,1.077106119889323,0.21096784873737037,0.6339108847769817,0.20568489562029704,0.14775556875997156,0.49347370883476294,-0.5687618100548139,-0.03389636639152711,1031,catboost,0.010908504353558515,True,utility_gap;ece;nll,,42
cmc,hist_gbdt,gbdt,categorical_covariate_shift,0.1,2989692779,test_only,False,high,True,ok,,0.497737556561086,0.6818512771785173,1.3302927035291876,1.2108846016477324,0.25789920307337666,0.6953563031412924,0.25564061843941455,0.18008584104404765,0.5246205669078639,-0.8376178007304799,-0.1015366406123511,1031,catboost,0.010908504353558515,True,utility_gap;ece;nll,,42
cmc,hist_gbdt,gbdt,categorical_covariate_shift,0.2,1434448312,test_only,False,medium,True,ok,,0.5294117647058824,0.7006662675168972,1.2841788920412887,1.1689100015421714,0.21259585165988534,0.6545411434478151,0.21223386174882655,0.16184108803037275,0.5275656524505522,-0.6641883863337071,-0.06854721245783216,1031,catboost,0.010908504353558515,True,utility_gap;ece;nll,,42
cmc,hist_gbdt,gbdt,categorical_covariate_shift,0.3,3492378207,test_only,False,medium,True,ok,,0.5067873303167421,0.681957794879549,1.3686927403012334,1.2458378214215615,0.2649391323827413,0.7040000210417353,0.2524645247458923,0.18388744503037657,0.44934300041963077,-0.7185498551723035,-0.1120358451476633,1031,catboost,0.010908504353558515,True,utility_gap;ece;nll,,42
cmc,hist_gbdt,gbdt,categorical_covariate_shift,0.4,1793979564,test_only,False,medium,True,ok,,0.47058823529411764,0.6529278656296937,1.5776640087805456,1.4360516672293997,0.30167605009827436,0.7798680754844052,0.30010265134947256,0.22002570879546357,0.37997885130159176,-0.8338292559519643,-0.19203772192396434,1031,catboost,0.010908504353558515,True,utility_gap;ece;nll,,42
cmc,logreg,linear,categorical_covariate_shift,0.0,1581768588,test_only,False,high,True,ok,,0.5384615384615384,0.7149800995829493,0.9467850210268346,0.8618008653213398,0.03375594502988696,0.5635455474628613,0.05998575577238846,0.05914583818295251,1.1941607098519338,0.06899996665532009,0.06572081702088366,1031,catboost,0.010908504353558515,True,nll,,42
cmc,logreg,linear,categorical_covariate_shift,0.05,139166468,test_only,False,high,True,ok,,0.5294117647058824,0.7048789378941288,0.9639111282114147,0.8773897198801603,0.03235474970716587,0.5729466103026779,0.07529456156601981,0.06588829867169103,0.9727573751024179,-0.0025344586587495795,0.05643152706334613,1031,catboost,0.010908504353558515,True,nll,,42
cmc,logreg,linear,categorical_covariate_shift,0.1,2989692779,test_only,False,high,True,ok,,0.5248868778280543,0.6794774680573337,1.0105874234446168,0.9198763147550362,0.06851947207970635,0.5946224969692365,0.09466748784531005,0.07015348154670527,0.7325959943328684,-0.0319499002987344,0.026883356651822794,1031,catboost,0.010908504353558515,True,nll,,42
cmc,logreg,linear,categorical_covariate_shift,0.2,1434448312,test_only,False,medium,True,ok,,0.49547511312217196,0.6548559170497635,1.0679394460077427,0.9720803754183808,0.0902092527391617,0.6234433599229372,0.11305353322638909,0.09445412617698978,0.5167403618320674,-0.1710427336668009,-0.006145125237603556,1031,catboost,0.010908504353558515,True,nll,,42
cmc,logreg,linear,categorical_covariate_shift,0.3,3492378207,test_only,False,medium,True,ok,,0.48868778280542985,0.6311195887003137,1.1231005706580728,1.0222901948599639,0.09837099968051617,0.648690539909922,0.10669769135983294,0.11012057076741537,0.4471696823613665,-0.19763207619074982,-0.032166234928168155,1031,catboost,0.010908504353558515,True,utility_gap;nll,,42
cmc,logreg,linear,categorical_covariate_shift,0.4,1793979564,test_only,False,medium,True,ok,,0.4276018099547511,0.5938036671478141,1.2259807553255684,1.1159357745869312,0.17172900595465307,0.7033834851069141,0.18012137744617412,0.13513116836972405,0.4449928526465434,-0.5061297286077366,-0.0971549785720624,1031,catboost,0.010908504353558515,True,utility_gap;ece;nll,,42
cmc,tabicl,icl,categorical_covariate_shift,0.0,1581768588,test_only,False,high,True,ok,,0.6063348416289592,0.77896260072297,0.8467898481482793,0.7707813364939468,0.05321952205727963,0.49724803901026743,0.06862068583693322,0.05252671317867661,1.4627281888733843,0.09018749166957403,0.12170883113774345,1031,catboost,0.010908504353558515,True,nll,,42
cmc,tabicl,icl,categorical_covariate_shift,0.05,139166468,test_only,False,high,True,ok,,0.5972850678733032,0.7685090493844619,0.859301416265395,0.7821698565807592,0.03750188267017693,0.5069386124363106,0.05113098495297951,0.05016635487244231,1.2897810331817015,0.06189943133999362,0.116419593957294,1031,catboost,0.010908504353558515,True,nll,,42
cmc,tabicl,icl,categorical_covariate_shift,0.1,2989692779,test_only,False,high,True,ok,,0.5882352941176471,0.7459130340329887,0.8984905942813208,0.8178413836701169,0.04237924160970082,0.5275545373963827,0.046726452600730044,0.050130391327072456,1.0611615363410987,-0.006029840721625849,0.09547659260621787,1031,catboost,0.010908504353558515,True,nll,,42
cmc,tabicl,icl,categorical_covariate_shift,0.2,1434448312,test_only,False,medium,True,ok,,0.5859728506787331,0.747275374283768,0.9122368276676605,0.8303537445167307,0.04864847852195531,0.5319139774866601,0.06172316419484138,0.0638403643631152,1.0213707312240463,-0.009342135900035261,0.09060648954171849,1031,catboost,0.010908504353558515,True,nll,,42
cmc,tabicl,icl,categorical_covariate_shift,0.3,3492378207,test_only,False,medium,True,ok,,0.5656108597285068,0.7303544973979229,0.9355601566207861,0.851583553425387,0.046076609400806774,0.5482667871446688,0.08517666985069536,0.07635681291686781,1.0653225636718278,-0.10427604515315844,0.07577531514077154,1031,catboost,0.010908504353558515,True,nll,,42
cmc,tabicl,icl,categorical_covariate_shift,0.4,1793979564,test_only,False,medium,True,ok,,0.5203619909502263,0.6929372493107305,1.0092530454767616,0.9186617115855478,0.09907863404890689,0.5942280174939828,0.11398321561242379,0.09796774485832004,0.8679379580793375,-0.31125432480634607,0.025168095615843884,1031,catboost,0.010908504353558515,True,nll,,42
cmc,tabpfn,icl,categorical_covariate_shift,0.0,1581768588,test_only,False,high,True,ok,,0.6108597285067874,0.7800628029136063,0.8426207970984315,0.7669865026905656,0.05196328159801779,0.49697373621681634,0.08083921297560355,0.05935812314586789,1.3031640555823094,0.1583791316285866,0.12416233316900704,1031,catboost,0.010908504353558515,True,nll,,42
cmc,tabpfn,icl,categorical_covariate_shift,0.05,139166468,test_only,False,high,True,ok,,0.5927601809954751,0.7703433809415655,0.8501734726102368,0.7738612442073945,0.04397886207827143,0.5035069435398161,0.05554401558044427,0.05172385392918308,1.310745588357487,0.061101499493135356,0.11758006480099654,1031,catboost,0.010908504353558515,True,nll,,42
cmc,tabpfn,icl,categorical_covariate_shift,0.1,2989692779,test_only,False,high,True,ok,,0.5904977375565611,0.7519949946753041,0.879482523228444,0.8005394917752784,0.048374200271088165,0.5186814503322457,0.09063386256627659,0.048953999123636883,1.1238503172057082,0.02574286869303268,0.10193622118303942,1031,catboost,0.010908504353558515,True,nll,,42
cmc,tabpfn,icl,categorical_covariate_shift,0.2,1434448312,test_only,False,medium,True,ok,,0.579185520361991,0.7538355153198446,0.8919054276082141,0.8118473066503794,0.020360799963500244,0.5245146461937704,0.05999152632534884,0.056209368760467206,0.9822219064112395,-0.014818685752241434,0.10309390642843042,1031,catboost,0.010908504353558515,True,nll,,42
cmc,tabpfn,icl,categorical_covariate_shift,0.3,3492378207,test_only,False,medium,True,ok,,0.5746606334841629,0.7356245461257572,0.9127582956667952,0.8308284051449738,0.058550487908657994,0.5392441956491563,0.1043272289274162,0.06943590078997193,0.9262829513084015,-0.00824488114125403,0.08270906704141566,1031,catboost,0.010908504353558515,True,nll,,42
cmc,tabpfn,icl,categorical_covariate_shift,0.4,1793979564,test_only,False,medium,True,ok,,0.5294117647058824,0.7124072798713273,0.9552200086474899,0.869478721929772,0.05988624351627618,0.5667319774541603,0.0661268378187999,0.07948389451858857,0.9346521233970703,-0.24984382756911588,0.05593344737866001,1031,catboost,0.010908504353558515,True,nll,,42
cmc,xgboost,gbdt,categorical_covariate_shift,0.0,1581768588,test_only,False,high,True,ok,,0.5226244343891403,0.7008816931452749,1.3878080908366217,1.2632373633095941,0.2651400566380588,0.693636404124281,0.26230244433989913,0.1824163294452528,0.34989656686798415,-0.5953094703717511,-0.10829696256127275,1031,catboost,0.010908504353558515,True,utility_gap;ece;nll,,42
cmc,xgboost,gbdt,categorical_covariate_shift,0.05,139166468,test_only,False,high,True,ok,,0.5203619909502263,0.7004315832403338,1.446180911484958,1.3163705944325628,0.2816314066042901,0.7070554716682028,0.277462257888242,0.19459849711173427,0.3423977988912978,-0.638404590374185,-0.12803210687397606,1031,catboost,0.010908504353558515,True,utility_gap;ece;nll,,42
cmc,xgboost,gbdt,categorical_covariate_shift,0.1,2989692779,test_only,False,high,True,ok,,0.5113122171945701,0.6675975273136193,1.667991167966178,1.518270990749929,0.30130040838220695,0.7540255975223533,0.2999172959822832,0.20926486529213129,0.27321480724330893,-0.567982790449896,-0.2053854117624678,1031,catboost,0.010908504353558515,True,utility_gap;ece;nll,,42
cmc,xgboost,gbdt,categorical_covariate_shift,0.2,1434448312,test_only,False,medium,True,ok,,0.5090497737556561,0.6683723313708264,1.6963804127019053,1.5441119949226974,0.3033281372300557,0.7591124853517301,0.30332813723005564,0.2147349782369199,0.30701694875809576,-0.6705761029476436,-0.2136114438796827,1031,catboost,0.010908504353558515,True,utility_gap;ece;nll,,42
cmc,xgboost,gbdt,categorical_covariate_shift,0.3,3492378207,test_only,False,medium,True,ok,,0.49547511312217196,0.6530713415108406,1.8410093690760514,1.6757589443205467,0.3330184691172714,0.8066683984991854,0.3330184691172714,0.23627856343307588,0.22744477465158838,-0.5844424519259283,-0.2664351406224983,1031,catboost,0.010908504353558515,True,utility_gap;ece;nll,,42
cmc,xgboost,gbdt,categorical_covariate_shift,0.4,1793979564,test_only,False,medium,True,ok,,0.46153846153846156,0.6258666813580046,2.1421285243022994,1.9498494112962133,0.38511256539965383,0.860479814956487,0.37312407188974134,0.2664173714879301,0.21256820840033377,-0.7308023161536542,-0.37369322876272393,1031,catboost,0.010908504353558515,True,utility_gap;ece;nll,,42
cnae-9,catboost,gbdt,categorical_covariate_shift,0.0,4282554279,test_only,True,low,False,skipped,shift not applicable: dataset has no categorical features,,,,,,,,,,,,0,,,True,undefined,,42
cnae-9,catboost,gbdt,categorical_covariate_shift,0.05,324043399,test_only,True,low,False,skipped,shift not applicable: dataset has no categorical features,,,,,,,,,,,,0,,,True,undefined,,42
cnae-9,catboost,gbdt,categorical_covariate_shift,0.1,1112522228,test_only,True,low,False,skipped,shift not applicable: dataset has no categorical features,,,,,,,,,,,,0,,,True,undefined,,42
cnae-9,catboost,gbdt,categorical_covariate_shift,0.2,1632667376,test_only,True,low,False,skipped,shift not applicable: dataset has no categorical features,,,,,,,,,,,,0,,,True,undefined,,42
cnae-9,catboost,gbdt,categorical_covariate_shift,0.3,2875105425,test_only,True,low,False,skipped,shift not applicable: dataset has no categorical features,,,,,,,,,,,,0,,,True,undefined,,42
cnae-9,catboost,gbdt,categorical_covariate_shift,0.4,1581282960,test_only,True,low,False,skipped,shift not applicable: dataset has no categorical features,,,,,,,,,,,,0,,,True,undefined,,42
cnae-9,hist_gbdt,gbdt,categorical_covariate_shift,0.0,4282554279,test_only,True,low,False,skipped,shift not applicable: dataset has no categorical features,,,,,,,,,,,,0,,,True,undefined,,42
cnae-9,hist_gbdt,gbdt,categorical_covariate_shift,0.05,324043399,test_only,True,low,False,skipped,shift not applicable: dataset has no categorical features,,,,,,,,,,,,0,,,True,undefined,,42
cnae-9,hist_gbdt,gbdt,categorical_covariate_shift,0.1,1112522228,test_only,True,low,False,skipped,shift not applicable: dataset has no categorical features,,,,,,,,,,,,0,,,True,undefined,,42
cnae-9,hist_gbdt,gbdt,categorical_covariate_shift,0.2,1632667376,test_only,True,low,False,skipped,shift not applicable: dataset has no categorical features,,,,,,,,,,,,0,,,True,undefined,,42
cnae-9,hist_gbdt,gbdt,categorical_covariate_shift,0.3,2875105425,test_only,True,low,False,skipped,shift not applicable: dataset has no categorical features,,,,,,,,,,,,0,,,True,undefined,,42
cnae-9,hist_gbdt,gbdt,categorical_covariate_shift,0.4,1581282960,test_only,True,low,False,skipped,shift not applicable: dataset has no categorical features,,,,,,,,,,,,0,,,True,undefined,,42
cnae-9,logreg,linear,categorical_covariate_shift,0.0,4282554279,test_only,True,low,False,skipped,shift not applicable: dataset has no categorical features,,,,,,,,,,,,0,,,True,undefined,,42
cnae-9,logreg,linear,categorical_covariate_shift,0.05,324043399,test_only,True,low,False,skipped,shift not applicable: dataset has no categorical features,,,,,,,,,,,,0,,,True,undefined,,42
cnae-9,logreg,linear,categorical_covariate_shift,0.1,1112522228,test_only,True,low,False,skipped,shift not applicable: dataset has no categorical features,,,,,,,,,,,,0,,,True,undefined,,42
cnae-9,logreg,linear,categorical_covariate_shift,0.2,1632667376,test_only,True,low,False,skipped,shift not applicable: dataset has no categorical features,,,,,,,,,,,,0,,,True,undefined,,42
cnae-9,logreg,linear,categorical_covariate_shift,0.3,2875105425,test_only,True,low,False,skipped,shift not applicable: dataset has no categorical features,,,,,,,,,,,,0,,,True,undefined,,42
cnae-9,logreg,linear,categorical_covariate_shift,0.4,1581282960,test_only,True,low,False,skipped,shift not applicable: dataset has no categorical features,,,,,,,,,,,,0,,,True,undefined,,42
cnae-9,tabicl,icl,categorical_covariate_shift,0.0,4282554279,test_only,True,low,False,skipped,shift not applicable: dataset has no categorical features,,,,,,,,,,,,0,,,True,undefined,,42
cnae-9,tabicl,icl,categorical_covariate_shift,0.05,324043399,test_only,True,low,False,skipped,shift not applicable: dataset has no categorical features,,,,,,,,,,,,0,,,True,undefined,,42
cnae-9,tabicl,icl,categorical_covariate_shift,0.1,1112522228,test_only,True,low,False,skipped,shift not applicable: dataset has no categorical features,,,,,,,,,,,,0,,,True,undefined,,42
cnae-9,tabicl,icl,categorical_covariate_shift,0.2,1632667376,test_only,True,low,False,skipped,shift not applicable: dataset has no categorical features,,,,,,,,,,,,0,,,True,undefined,,42
cnae-9,tabicl,icl,categorical_covariate_shift,0.3,2875105425,test_only,True,low,False,skipped,shift not applicable: dataset has no categorical features,,,,,,,,,,,,0,,,True,undefined,,42
cnae-9,tabicl,icl,categorical_covariate_shift,0.4,1581282960,test_only,True,low,False,skipped,shift not applicable: dataset has no categorical features,,,,,,,,,,,,0,,,True,undefined,,42
cnae-9,tabpfn,icl,categorical_covariate_shift,0.0,4282554279,test_only,True,low,False,skipped,shift not applicable: dataset has no categorical features,,,,,,,,,,,,0,,,True,undefined,,42
cnae-9,tabpfn,icl,categorical_covariate_shift,0.05,324043399,test_only,True,low,False,skipped,shift not applicable: dataset has no categorical features,,,,,,,,,,,,0,,,True,undefined,,42
cnae-9,tabpfn,icl,categorical_covariate_shift,0.1,1112522228,test_only,True,low,False,skipped,shift not applicable: dataset has no categorical features,,,,,,,,,,,,0,,,True,undefined,,42
cnae-9,tabpfn,icl,categorical_covariate_shift,0.2,1632667376,test_only,True,low,False,skipped,shift not applicable: dataset has no categorical features,,,,,,,,,,,,0,,,True,undefined,,42
cnae-9,tabpfn,icl,categorical_covariate_shift,0.3,2875105425,test_only,True,low,False,skipped,shift not applicable: dataset has no categorical features,,,,,,,,,,,,0,,,True,undefined,,42
cnae-9,tabpfn,icl,categorical_covariate_shift,0.4,1581282960,test_only,True,low,False,skipped,shift not applicable: dataset has no categorical features,,,,,,,,,,,,0,,,True,undefined,,42
cnae-9,xgboost,gbdt,categorical_covariate_shift,0.0,4282554279,test_only,True,low,False,skipped,shift not applicable: dataset has no categorical features,,,,,,,,,,,,0,,,True,undefined,,42
cnae-9,xgboost,gbdt,categorical_covariate_shift,0.05,324043399,test_only,True,low,False,skipped,shift not applicable: dataset has no categorical features,,,,,,,,,,,,0,,,True,undefined,,42
cnae-9,xgboost,gbdt,categorical_covariate_shift,0.1,1112522228,test_only,True,low,False,skipped,shift not applicable: dataset has no categorical features,,,,,,,,,,,,0,,,True,undefined,,42
cnae-9,xgboost,gbdt,categorical_covariate_shift,0.2,1632667376,test_only,True,low,False,skipped,shift not applicable: dataset has no categorical features,,,,,,,,,,,,0,,,True,undefined,,42
cnae-9,xgboost,gbdt,categorical_covariate_shift,0.3,2875105425,test_only,True,low,False,skipped,shift not applicable: dataset has no categorical features,,,,,,,,,,,,0,,,True,undefined,,42
cnae-9,xgboost,gbdt,categorical_covariate_shift,0.4,1581282960,test_only,True,low,False,skipped,shift not applicable: dataset has no categorical features,,,,,,,,,,,,0,,,True,undefined,,42
credit-approval,catboost,gbdt,categorical_covariate_shift,0.0,4191613765,test_only,True,low,True,ok,,0.8405797101449275,0.916257088846881,0.36979319389293913,0.5334988069838342,0.0704314563340643,0.21853684922287,0.08086687267295424,0.084698703747075,0.8934684427333445,-0.3431889287411096,0.2726410042561843,483,catboost,0.2726410042561843,False,,,42
credit-approval,catboost,gbdt,categorical_covariate_shift,0.05,4187467237,test_only,True,low,True,ok,,0.8405797101449275,0.9129489603024575,0.39124654209661414,0.5644494460477403,0.0543951921262312,0.23080206864510458,0.07160892989041943,0.09761014352876021,0.7945156319248282,-0.17656918948036468,0.26540522038803094,483,catboost,0.2726410042561843,False,,,42
credit-approval,catboost,gbdt,categorical_covariate_shift,0.1,3154470258,test_only,True,low,True,ok,,0.7971014492753623,0.8965028355387523,0.4274262808049837,0.6166457756629635,0.0727981396416286,0.2696312121552039,0.0987332189905843,0.1129270486964617,0.9660444559946672,-0.6049987500364351,0.23378784920265286,483,catboost,0.2726410042561843,True,utility_gap,,42
credit-approval,catboost,gbdt,categorical_covariate_shift,0.2,2082248130,test_only,True,low,True,ok,,0.8019323671497585,0.8793950850661625,0.46662458489738695,0.6731969745883313,0.0842936930300503,0.2865148914499703,0.07729029007357173,0.09897698511320538,0.7458249981724655,-0.2075504608444929,0.2092603038631112,483,catboost,0.2726410042561843,True,utility_gap,,42
credit-approval,catboost,gbdt,categorical_covariate_shift,0.3,370067149,test_only,True,low,True,ok,,0.7729468599033816,0.8549149338374292,0.5139294422013512,0.7414434576307205,0.08924496032571178,0.3226508605510092,0.10371311860478127,0.10999293084609946,0.7329507833944718,-0.28776458981080594,0.17488022647424895,483,catboost,0.2726410042561843,True,utility_gap,,42
credit-approval,catboost,gbdt,categorical_covariate_shift,0.4,1568213478,test_only,True,low,True,ok,,0.7632850241545893,0.839413988657845,0.5401964299952814,0.7793387106601146,0.09581251083738128,0.34177779676624476,0.10894322254097638,0.11515666783916512,0.6748939284661646,-0.18547483357808203,0.15532353428792348,483,catboost,0.2726410042561843,True,utility_gap;nll,,42
credit-approval,hist_gbdt,gbdt,categorical_covariate_shift,0.0,4191613765,test_only,True,low,True,ok,,0.8454106280193237,0.9205576559546313,0.4637419082345456,0.6690381512623637,0.0854360452796265,0.2392110836483792,0.09255140628491494,0.09997019594179549,0.5002844702867634,-0.09634293447170561,0.23120811935238508,483,catboost,0.2726410042561843,True,utility_gap,,42
credit-approval,hist_gbdt,gbdt,categorical_covariate_shift,0.05,4187467237,test_only,True,low,True,ok,,0.8454106280193237,0.9073251417769377,0.5204345172934015,0.7508282972066318,0.10520840889220773,0.25575351461354556,0.09165905630851721,0.10605640702659043,0.40453098164887874,0.16695557320496973,0.19808522288439565,483,catboost,0.2726410042561843,True,utility_gap;ece;nll,,42
credit-approval,hist_gbdt,gbdt,categorical_covariate_shift,0.1,3154470258,test_only,True,low,True,ok,,0.7922705314009661,0.8842155009451796,0.5709253149896139,0.8236711206534852,0.12356427220991284,0.30832850313545307,0.12550701901826894,0.12920758972220747,0.5152774130429844,-0.3976879751706866,0.15650181440292965,483,catboost,0.2726410042561843,True,utility_gap;ece;nll,,42
credit-approval,hist_gbdt,gbdt,categorical_covariate_shift,0.2,2082248130,test_only,True,low,True,ok,,0.7874396135265701,0.8672022684310019,0.6503172653535438,0.9382094937300298,0.1496592957983756,0.33084923223912266,0.14193720583805636,0.16310257745125872,0.4639516080764357,-0.35513090030427674,0.11024202870115206,483,catboost,0.2726410042561843,True,utility_gap;ece;nll,,42
credit-approval,hist_gbdt,gbdt,categorical_covariate_shift,0.3,370067149,test_only,True,low,True,ok,,0.7777777777777778,0.8500945179584121,0.7047023259087346,1.0166705508914495,0.15773535370437997,0.3612290940723952,0.15174164318586206,0.15773535370438002,0.37155782071729265,-0.046340393616333526,0.07765151194380003,483,catboost,0.2726410042561843,True,utility_gap;ece;nll,,42
credit-approval,hist_gbdt,gbdt,categorical_covariate_shift,0.4,1568213478,test_only,True,low,True,ok,,0.7681159420289855,0.8353497164461249,0.713210937214923,1.0289458822277393,0.15308538884245526,0.3620921605790736,0.15378851859619797,0.15837195741652274,0.3813128709619017,-0.0948847591394656,0.0682889496236787,483,catboost,0.2726410042561843,True,utility_gap;ece;nll,,42
credit-approval,logreg,linear,categorical_covariate_shift,0.0,4191613765,test_only,True,low,True,ok,,0.8357487922705314,0.9141776937618148,0.3725281444938536,0.5374445066528498,0.061759731971057996,0.21709442884904287,0.06343949395598718,0.08065785917096582,0.8614890050650981,-0.0903612854944858,0.2717392132671483,483,catboost,0.2726410042561843,False,,,42
credit-approval,logreg,linear,categorical_covariate_shift,0.05,4187467237,test_only,True,low,True,ok,,0.8502415458937198,0.907561436672968,0.3783452404181349,0.5458368020951858,0.05454890861947287,0.22055643461127267,0.06568819068429083,0.0867850497128227,0.7064566251237303,0.2716048351690434,0.2705219123671464,483,catboost,0.2726410042561843,False,,,42
credit-approval,logreg,linear,categorical_covariate_shift,0.1,3154470258,test_only,True,low,True,ok,,0.7777777777777778,0.8796786389413989,0.446246872425322,0.643798149860222,0.06900968832849241,0.2807035239788498,0.0924584606553144,0.072587572968031,0.9250630965542602,-0.46243329062238264,0.2176128076723912,483,catboost,0.2726410042561843,True,utility_gap,,42
credit-approval,logreg,linear,categorical_covariate_shift,0.2,2082248130,test_only,True,low,True,ok,,0.782608695652174,0.8518903591682421,0.5137125526518087,0.7411305521531749,0.10538299551406019,0.2994768788679684,0.1104402463383551,0.13256251001001484,0.5686808121476453,0.09660501683910956,0.1721371653079463,483,catboost,0.2726410042561843,True,utility_gap;ece,,42
credit-approval,logreg,linear,categorical_covariate_shift,0.3,370067149,test_only,True,low,True,ok,,0.748792270531401,0.8241965973534972,0.581493953524061,0.8389184430560802,0.10104573283824844,0.35517552348020853,0.1328820369420433,0.11893024280378607,0.49406411792927557,0.07476536198439757,0.12890297016896038,483,catboost,0.2726410042561843,True,utility_gap;ece;nll,,42
credit-approval,logreg,linear,categorical_covariate_shift,0.4,1568213478,test_only,True,low,True,ok,,0.7004830917874396,0.8049149338374292,0.6897274950106196,0.9950664366165881,0.1535369408208268,0.4249291446151108,0.15353694082082686,0.19137613142930449,0.48748820165256496,-0.2549950733446156,0.05756537146207434,483,catboost,0.2726410042561843,True,utility_gap;ece;nll,,42
credit-approval,tabicl,icl,categorical_covariate_shift,0.0,4191613765,test_only,True,low,True,ok,,0.8502415458937198,0.9159735349716446,0.3636253994271758,0.524600560494855,0.05064426546639018,0.2114137725346336,0.06452287846141967,0.08077108219719648,0.7619566556090014,0.004456922922696828,0.28061794788239897,483,catboost,0.2726410042561843,False,,,42
credit-approval,tabicl,icl,categorical_covariate_shift,0.05,4187467237,test_only,True,low,True,ok,,0.8502415458937198,0.916351606805293,0.3724039073039993,0.537265270275153,0.049073380951927106,0.22080510538060222,0.05950690648017995,0.09868465667295409,0.6935420740320153,0.29608008383668744,0.27726503699297916,483,catboost,0.2726410042561843,False,,,42
credit-approval,tabicl,icl,categorical_covariate_shift,0.1,3154470258,test_only,True,low,True,ok,,0.7922705314009661,0.8694706994328922,0.45890570001963055,0.6620609776539993,0.08651352986534111,0.2908635403162327,0.0894264048316744,0.09143782678654033,0.6817213541463509,0.12813784498761213,0.20723432524238916,483,catboost,0.2726410042561843,True,utility_gap,,42
credit-approval,tabicl,icl,categorical_covariate_shift,0.2,2082248130,test_only,True,low,True,ok,,0.7971014492753623,0.8520793950850661,0.5030016291366465,0.7256779559145095,0.0711355373033601,0.31484315335017576,0.08366929199296261,0.13557497829590012,0.4636838185811762,0.6525700131072022,0.18586251143605262,483,catboost,0.2726410042561843,True,utility_gap,,42
credit-approval,tabicl,icl,categorical_covariate_shift,0.3,370067149,test_only,True,low,True,ok,,0.7439613526570048,0.7996219281663516,0.5785866151266702,0.8347240403679784,0.05643367831624886,0.36986525405228027,0.06629782376135178,0.13067180709334109,0.4103520678301635,0.5309789250942177,0.12975792998313046,483,catboost,0.2726410042561843,True,utility_gap;nll,,42
credit-approval,tabicl,icl,categorical_covariate_shift,0.4,1568213478,test_only,True,low,True,ok,,0.7101449275362319,0.8026465028355387,0.5725454664738054,0.8260085051652174,0.077597889134782,0.3788470490956761,0.10722376378376618,0.17243816921685728,0.6543868248525334,0.18878558523185499,0.1241258857463517,483,catboost,0.2726410042561843,True,utility_gap;nll,,42
credit-approval,tabpfn,icl,categorical_covariate_shift,0.0,4191613765,test_only,True,low,True,ok,,0.8647342995169082,0.9187145557655955,0.36476195969229525,0.5262402703530143,0.06503842166523385,0.20855841118088134,0.08483318505902043,0.07638395380848212,0.6173339052276282,0.39118690476203544,0.28038047400654353,483,catboost,0.2726410042561843,False,,,42
credit-approval,tabpfn,icl,categorical_covariate_shift,0.05,4187467237,test_only,True,low,True,ok,,0.8599033816425121,0.9121928166351607,0.3839433109832533,0.5539131107380286,0.07336568305452809,0.2226002155578338,0.06143444677263412,0.0735985749556129,0.5560169982077353,0.5902010993747056,0.2674059232363688,483,catboost,0.2726410042561843,False,,,42
credit-approval,tabpfn,icl,categorical_covariate_shift,0.1,3154470258,test_only,True,low,True,ok,,0.8067632850241546,0.8766540642722118,0.45066212696969016,0.6501680156956444,0.07181070795608352,0.27914354706896,0.09762909428367299,0.07719587395233354,0.6239004537102762,0.26852706480747335,0.21843086894898728,483,catboost,0.2726410042561843,True,utility_gap,,42
credit-approval,tabpfn,icl,categorical_covariate_shift,0.2,2082248130,test_only,True,low,True,ok,,0.782608695652174,0.8515122873345936,0.5031990453545708,0.7259627673130999,0.08671178255472604,0.30470505253979413,0.1144965640884719,0.13726208647757873,0.5648693396305686,0.38015175568234216,0.18028941821005864,483,catboost,0.2726410042561843,True,utility_gap,,42
credit-approval,tabpfn,icl,categorical_covariate_shift,0.3,370067149,test_only,True,low,True,ok,,0.7342995169082126,0.7980151228733459,0.568888467315609,0.8207325706151524,0.09781714984327233,0.3631886990618874,0.10800878447608481,0.12171636638219446,0.5441485548261816,0.29536418629122435,0.12366701938870277,483,catboost,0.2726410042561843,True,utility_gap;nll,,42
credit-approval,tabpfn,icl,categorical_covariate_shift,0.4,1568213478,test_only,True,low,True,ok,,0.7053140096618358,0.7868620037807184,0.5729577813971337,0.8266033498603876,0.09251139015646966,0.374337326487988,0.1059855915034192,0.1478348223480916,0.6899438275035102,0.09164348327297969,0.11471551978311655,483,catboost,0.2726410042561843,True,utility_gap;nll,,42
credit-approval,xgboost,gbdt,categorical_covariate_shift,0.0,4191613765,test_only,True,low,True,ok,,0.8599033816425121,0.9110586011342154,0.5583980714766243,0.8055981285612869,0.11152820211220187,0.24023918904219185,0.09487577712589021,0.1225879894983331,0.3325168158309461,0.2809110267125959,0.18387093865252577,483,catboost,0.2726410042561843,True,utility_gap;ece;nll,,42
credit-approval,xgboost,gbdt,categorical_covariate_shift,0.05,4187467237,test_only,True,low,True,ok,,0.8502415458937198,0.896219281663516,0.6306659610847912,0.9098586545145003,0.12393978090899348,0.2593417148681448,0.10899865946357315,0.12735055678930035,0.29648639477214567,0.32275660609116086,0.14346742793013978,483,catboost,0.2726410042561843,True,utility_gap;ece;nll,,42
credit-approval,xgboost,gbdt,categorical_covariate_shift,0.1,3154470258,test_only,True,low,True,ok,,0.8019323671497585,0.8832703213610585,0.6727851220812265,0.9706237592104614,0.1435715739042449,0.3201067096335612,0.14622759734960433,0.1506255078232607,0.40174928174987024,-0.2947154486002029,0.10953302500484682,483,catboost,0.2726410042561843,True,utility_gap;ece;nll,,42
credit-approval,xgboost,gbdt,categorical_covariate_shift,0.2,2082248130,test_only,True,low,True,ok,,0.8019323671497585,0.8651228733459358,0.7654299562014772,1.1042820019597277,0.14461229857969315,0.33220303422892944,0.14369857681085552,0.1509380810295611,0.31393932530110064,-0.00034459689846183604,0.06287580043968435,483,catboost,0.2726410042561843,True,utility_gap;ece;nll,,42
credit-approval,xgboost,gbdt,categorical_covariate_shift,0.3,370067149,test_only,True,low,True,ok,,0.7922705314009661,0.8463137996219282,0.8115809290969457,1.170863781688221,0.15592721227112566,0.3553086852498568,0.14378330953424454,0.16396620351517327,0.25780426700340325,0.23217166187312732,0.03260583261712838,483,catboost,0.2726410042561843,True,utility_gap;ece;nll,,42
credit-approval,xgboost,gbdt,categorical_covariate_shift,0.4,1568213478,test_only,True,low,True,ok,,0.7922705314009661,0.8514177693761814,0.7746338333496009,1.1175603898782769,0.1694840857210888,0.3593383190405784,0.16110623125143023,0.17297460628131178,0.29260609257599257,0.11380647893815912,0.047671864884107525,483,catboost,0.2726410042561843,True,utility_gap;ece;nll,,42
credit-g,catboost,gbdt,categorical_covariate_shift,0.0,1303912869,test_only,True,low,True,ok,,0.7633333333333333,0.8020634920634921,0.4774813978765275,0.6888600448331963,0.0580067820472712,0.3153728267541057,0.06957913871515357,0.06061049211220014,1.052304832086231,-0.09674720399251223,0.17696285236280906,700,catboost,0.17696285236280906,False,,,42
credit-g,catboost,gbdt,categorical_covariate_shift,0.05,341605062,test_only,True,low,True,ok,,0.78,0.7977777777777778,0.4808486552909231,0.6937179704063413,0.031160852101993555,0.31527919681689753,0.07733650009419786,0.0410408348615693,0.8470247651411483,0.19100566266686092,0.18187466067992109,700,catboost,0.17696285236280906,False,,,42
credit-g,catboost,gbdt,categorical_covariate_shift,0.1,17043108,test_only,True,low,True,ok,,0.75,0.780899470899471,0.4974113082523324,0.7176128276977315,0.04010054604938311,0.3303153010739932,0.05794430481173529,0.05944849132948799,1.0172031911169317,-0.08410339589802211,0.1625108572956188,700,catboost,0.17696285236280906,False,,,42
credit-g,catboost,gbdt,categorical_covariate_shift,0.2,3537438812,test_only,True,low,True,ok,,0.7466666666666667,0.777989417989418,0.500751359562289,0.7224315031589206,0.04829887457497719,0.33630896636394386,0.07313462171287789,0.05095360438766028,1.0390729822178,-0.15814385392955443,0.15790707043362462,700,catboost,0.17696285236280906,False,,,42
credit-g,catboost,gbdt,categorical_covariate_shift,0.3,3849117025,test_only,True,low,True,ok,,0.7533333333333333,0.7513227513227513,0.517467147653075,0.7465472877420484,0.04646984400252911,0.34845103092808133,0.06670027295941523,0.05797737473222963,0.8602428263845574,0.16338928736714495,0.14270480783984263,700,catboost,0.17696285236280906,True,utility_gap,,42
credit-g,catboost,gbdt,categorical_covariate_shift,0.4,1641269637,test_only,True,low,True,ok,,0.6966666666666667,0.7007936507936507,0.5651975648462556,0.8154077239262113,0.04815243602225785,0.3811447405682763,0.10580160167266892,0.0674430394092515,0.9645545728896159,-0.19706898864884595,0.0955249733954628,700,catboost,0.17696285236280906,True,utility_gap;nll,,42
credit-g,hist_gbdt,gbdt,categorical_covariate_shift,0.0,1303912869,test_only,True,low,True,ok,,0.7533333333333333,0.7705291005291006,0.5923290615525585,0.8545501996762898,0.12585615550790086,0.37600448347782106,0.12985656876931545,0.14199851309236783,0.49148782967128357,0.0066216613517183776,0.10114889418071807,700,catboost,0.17696285236280906,True,utility_gap;ece;nll,,42
credit-g,hist_gbdt,gbdt,categorical_covariate_shift,0.05,341605062,test_only,True,low,True,ok,,0.7633333333333333,0.767936507936508,0.5908663918472165,0.8524400133459342,0.1294781805562501,0.37318233457743627,0.13914544181941657,0.14118815855985084,0.42429831182181077,0.21361762947877344,0.10165013766274748,700,catboost,0.17696285236280906,True,utility_gap;ece;nll,,42
credit-g,hist_gbdt,gbdt,categorical_covariate_shift,0.1,17043108,test_only,True,low,True,ok,,0.7466666666666667,0.7655555555555554,0.5819914139291539,0.8396361267155463,0.10447033740929566,0.3660347363584431,0.1059389264165379,0.12916505181966603,0.5261692191482559,-0.03702842494166266,0.10715953894792134,700,catboost,0.17696285236280906,True,utility_gap;ece;nll,,42
credit-g,hist_gbdt,gbdt,categorical_covariate_shift,0.2,3537438812,test_only,True,low,True,ok,,0.74,0.7605291005291006,0.601720667069814,0.8680994223820196,0.12941435968183515,0.3850319307175994,0.1260975274626541,0.13298228445467491,0.5207101633691513,-0.0895478744477033,0.09087248653421225,700,catboost,0.17696285236280906,True,utility_gap;ece;nll,,42
credit-g,hist_gbdt,gbdt,categorical_covariate_shift,0.3,3849117025,test_only,True,low,True,ok,,0.71,0.7168783068783069,0.6411184670536633,0.9249384330406543,0.13309844772076573,0.40521287939730494,0.1344638105990231,0.15424099996420676,0.5322802445875224,-0.22504856522451688,0.05330618795105798,700,catboost,0.17696285236280906,True,utility_gap;ece;nll,,42
credit-g,hist_gbdt,gbdt,categorical_covariate_shift,0.4,1641269637,test_only,True,low,True,ok,,0.7266666666666667,0.6734391534391534,0.7220095205510847,1.041639554773668,0.14230769902326212,0.423025852189894,0.1303304870783174,0.1533695519800099,0.25367671304794015,0.40054184072486826,0.0037502974669508353,700,catboost,0.17696285236280906,True,utility_gap;ece;nll,,42
credit-g,logreg,linear,categorical_covariate_shift,0.0,1303912869,test_only,True,low,True,ok,,0.76,0.8044444444444444,0.48537671118002057,0.7002505741824104,0.04278593329078758,0.3210167998180792,0.06332928806904498,0.054629605168199494,0.9539515030488183,-0.13076235790870167,0.17692319664267483,700,catboost,0.17696285236280906,False,,,42
credit-g,logreg,linear,categorical_covariate_shift,0.05,341605062,test_only,True,low,True,ok,,0.76,0.7988359788359788,0.4918386979973561,0.7095732505180702,0.04677047271929756,0.32386466435939076,0.0837222067235205,0.05688175534943179,0.8847098081979576,-0.08252514403675328,0.17136652289331197,700,catboost,0.17696285236280906,False,,,42
credit-g,logreg,linear,categorical_covariate_shift,0.1,17043108,test_only,True,low,True,ok,,0.7666666666666667,0.7803174603174602,0.5103478522171839,0.7362763155220649,0.0448565440373847,0.3350612700061351,0.062405387913273026,0.07131475087685188,0.6706328902144189,0.22961618745480325,0.15825690764701464,700,catboost,0.17696285236280906,False,,,42
credit-g,logreg,linear,categorical_covariate_shift,0.2,3537438812,test_only,True,low,True,ok,,0.7466666666666667,0.7541798941798942,0.5492698179489165,0.7924288424648855,0.09320625272651571,0.36755168722840476,0.10586340997281583,0.09679715770473304,0.5884180217204019,0.1546009399316809,0.11959305967819416,700,catboost,0.17696285236280906,True,utility_gap;nll,,42
credit-g,logreg,linear,categorical_covariate_shift,0.3,3849117025,test_only,True,low,True,ok,,0.7233333333333334,0.7244973544973544,0.5726383338120905,0.8261424844136218,0.08791356278855786,0.37872894588784356,0.08852799480670277,0.08532856311151363,0.6346088165148029,-0.027403880365842147,0.09664861619227588,700,catboost,0.17696285236280906,True,utility_gap;nll,,42
credit-g,logreg,linear,categorical_covariate_shift,0.4,1641269637,test_only,True,low,True,ok,,0.6866666666666666,0.6605291005291005,0.669687291289342,0.9661545340894965,0.12395049615580285,0.4286920563628608,0.1295583494851251,0.13956874499827687,0.4768168687005337,-0.04758960486237724,0.019548725727175614,700,catboost,0.17696285236280906,True,utility_gap;ece;nll,,42
credit-g,tabicl,icl,categorical_covariate_shift,0.0,1303912869,test_only,True,low,True,ok,,0.7666666666666667,0.8111904761904762,0.47169868868130965,0.6805173589543525,0.0506573455043388,0.3095607704027448,0.059176455983816226,0.07139561498834246,1.0115890987179954,-0.028803886969769647,0.18462998987949314,700,catboost,0.17696285236280906,False,,,42
credit-g,tabicl,icl,categorical_covariate_shift,0.05,341605062,test_only,True,low,True,ok,,0.7566666666666667,0.8052116402116403,0.4793858977057884,0.6916076572922448,0.04778737260224109,0.3143558418684381,0.08055258302521605,0.057826997140688,1.083745144949934,-0.15097183725174074,0.17828430236595239,700,catboost,0.17696285236280906,False,,,42
credit-g,tabicl,icl,categorical_covariate_shift,0.1,17043108,test_only,True,low,True,ok,,0.7666666666666667,0.7777248677248677,0.49999648175914124,0.7213424446958422,0.08522188102519268,0.3325689193377893,0.09850748415773367,0.0877216989809269,0.7984101926646768,0.24889084370093892,0.15375659408991246,700,catboost,0.17696285236280906,False,,,42
credit-g,tabicl,icl,categorical_covariate_shift,0.2,3537438812,test_only,True,low,True,ok,,0.7366666666666667,0.7695238095238095,0.5097413098382042,0.7354012598398219,0.051151700877261244,0.34575711610386944,0.061711718370971544,0.05386722854974651,1.0358887686116967,-0.17630374701416374,0.1489826152059345,700,catboost,0.17696285236280906,False,,,42
credit-g,tabicl,icl,categorical_covariate_shift,0.3,3849117025,test_only,True,low,True,ok,,0.73,0.7271957671957672,0.534909076650998,0.7717106722108892,0.041469488688633996,0.3621678330148477,0.06920826243156339,0.06509129862549415,0.9075778337003471,0.05065303012282264,0.12421141911752491,700,catboost,0.17696285236280906,True,utility_gap;nll,,42
credit-g,tabicl,icl,categorical_covariate_shift,0.4,1641269637,test_only,True,low,True,ok,,0.7,0.6842328042328042,0.5791890166417596,0.8355931220464219,0.08167788780499209,0.3883607371951493,0.09258107036510392,0.09991879969500378,0.7674095833666003,-0.028286589255160893,0.07746796730655646,700,catboost,0.17696285236280906,True,utility_gap;nll,,42
credit-g,tabpfn,icl,categorical_covariate_shift,0.0,1303912869,test_only,True,low,True,ok,,0.75,0.8074603174603174,0.47680525568575377,0.6878845778476312,0.0726494271384732,0.31333335192611395,0.07203041086368152,0.06199041822467814,1.1062428232590538,-0.19616107240826747,0.17421585232912706,700,catboost,0.17696285236280906,False,,,42
credit-g,tabpfn,icl,categorical_covariate_shift,0.05,341605062,test_only,True,low,True,ok,,0.76,0.7980952380952381,0.4894187161720165,0.7060819547396113,0.039463858048537116,0.3203316920088775,0.05976405907051275,0.0559010155168914,0.9037087922574821,0.03353301076327822,0.1736159753017425,700,catboost,0.17696285236280906,False,,,42
credit-g,tabpfn,icl,categorical_covariate_shift,0.1,17043108,test_only,True,low,True,ok,,0.75,0.765978835978836,0.5148361426440359,0.7427515498629536,0.032305555796830934,0.34167758311168483,0.0810763684290184,0.0441268888739261,0.7836844482345063,0.16118410656542873,0.1513060164743403,700,catboost,0.17696285236280906,False,,,42
credit-g,tabpfn,icl,categorical_covariate_shift,0.2,3537438812,test_only,True,low,True,ok,,0.7366666666666667,0.7786772486772486,0.5000760308034807,0.7214572097076182,0.0435828225939748,0.3385382135828172,0.07851934812857293,0.05083578581868562,1.07321484378062,-0.20347869352712733,0.1578833096059566,700,catboost,0.17696285236280906,False,,,42
credit-g,tabpfn,icl,categorical_covariate_shift,0.3,3849117025,test_only,True,low,True,ok,,0.7233333333333334,0.737037037037037,0.5317308113196814,0.7671254045787694,0.037245923602869914,0.36219335577787276,0.07277604449274748,0.06898762304898291,0.9036643829842365,0.02938294860687793,0.12887615686875814,700,catboost,0.17696285236280906,True,utility_gap;nll,,42
credit-g,tabpfn,icl,categorical_covariate_shift,0.4,1641269637,test_only,True,low,True,ok,,0.69,0.6768253968253969,0.6009459352169825,0.866981720579921,0.06915274919823731,0.3980306356306011,0.09299845157963521,0.09625285116046897,0.6177313424750033,0.08021923328839799,0.06646382287526517,700,catboost,0.17696285236280906,True,utility_gap;nll,,42
credit-g,xgboost,gbdt,categorical_covariate_shift,0.0,1303912869,test_only,True,low,True,ok,,0.76,0.7864021164021164,0.692947856152594,0.9997124356659862,0.15111841939740522,0.3758179034824755,0.150814482904922,0.1511911580961127,0.3527979354173711,0.02663970576312094,0.0591033261614638,700,catboost,0.17696285236280906,True,utility_gap;ece;nll,,42
credit-g,xgboost,gbdt,categorical_covariate_shift,0.05,341605062,test_only,True,low,True,ok,,0.7633333333333333,0.7868253968253969,0.6958687286294918,1.0039263639034757,0.1618679554279242,0.37654813860911984,0.1536958996359141,0.16899791801010894,0.3315678792215587,0.11355825637289713,0.05633738863226135,700,catboost,0.17696285236280906,True,utility_gap;ece;nll,,42
credit-g,xgboost,gbdt,categorical_covariate_shift,0.1,17043108,test_only,True,low,True,ok,,0.7466666666666667,0.7798412698412699,0.6850241120306622,0.988280889316002,0.14225569826405837,0.3734969215153321,0.14225569826405834,0.14600720715802867,0.3895100081052119,-0.08560261228999554,0.06000903799683213,700,catboost,0.17696285236280906,True,utility_gap;ece;nll,,42
credit-g,xgboost,gbdt,categorical_covariate_shift,0.2,3537438812,test_only,True,low,True,ok,,0.71,0.7496825396825397,0.7623268435332736,1.0998051567019906,0.18468477684699502,0.44586115357372325,0.18481525057664244,0.19508151119710632,0.438376154032243,-0.4264810938932271,0.002010386508892681,700,catboost,0.17696285236280906,True,utility_gap;ece;nll,,42
credit-g,xgboost,gbdt,categorical_covariate_shift,0.3,3849117025,test_only,True,low,True,ok,,0.7233333333333334,0.7244444444444444,0.7538719284055179,1.0876072925760403,0.15347255221938183,0.4154968533718086,0.15371158257103298,0.16572911676919205,0.33720148251828636,0.008514012121908476,0.0050788573388670585,700,catboost,0.17696285236280906,True,utility_gap;ece;nll,,42
credit-g,xgboost,gbdt,categorical_covariate_shift,0.4,1641269637,test_only,True,low,True,ok,,0.69,0.6780952380952382,0.8808143792611419,1.27074653690374,0.19223495503676102,0.4839115945564465,0.1924360073544054,0.2058221310864688,0.28354315644622274,-0.03703449807372261,-0.07883761874514089,700,catboost,0.17696285236280906,True,utility_gap;ece;nll,,42
diabetes,catboost,gbdt,categorical_covariate_shift,0.0,972309917,test_only,True,low,False,skipped,shift not applicable: dataset has no categorical features,,,,,,,,,,,,0,,,True,undefined,,42
diabetes,catboost,gbdt,categorical_covariate_shift,0.05,1769693676,test_only,True,low,False,skipped,shift not applicable: dataset has no categorical features,,,,,,,,,,,,0,,,True,undefined,,42
diabetes,catboost,gbdt,categorical_covariate_shift,0.1,1220334673,test_only,True,low,False,skipped,shift not applicable: dataset has no categorical features,,,,,,,,,,,,0,,,True,undefined,,42
diabetes,catboost,gbdt,categorical_covariate_shift,0.2,605198107,test_only,True,low,False,skipped,shift not applicable: dataset has no categorical features,,,,,,,,,,,,0,,,True,undefined,,42
diabetes,catboost,gbdt,categorical_covariate_shift,0.3,179370963,test_only,True,low,False,skipped,shift not applicable: dataset has no categorical features,,,,,,,,,,,,0,,,True,undefined,,42
diabetes,catboost,gbdt,categorical_covariate_shift,0.4,2711797148,test_only,True,low,False,skipped,shift not applicable: dataset has no categorical features,,,,,,,,,,,,0,,,True,undefined,,42
diabetes,hist_gbdt,gbdt,categorical_covariate_shift,0.0,972309917,test_only,True,low,False,skipped,shift not applicable: dataset has no categorical features,,,,,,,,,,,,0,,,True,undefined,,42
diabetes,hist_gbdt,gbdt,categorical_covariate_shift,0.05,1769693676,test_only,True,low,False,skipped,shift not applicable: dataset has no categorical features,,,,,,,,,,,,0,,,True,undefined,,42
diabetes,hist_gbdt,gbdt,categorical_covariate_shift,0.1,1220334673,test_only,True,low,False,skipped,shift not applicable: dataset has no categorical features,,,,,,,,,,,,0,,,True,undefined,,42
diabetes,hist_gbdt,gbdt,categorical_covariate_shift,0.2,605198107,test_only,True,low,False,skipped,shift not applicable: dataset has no categorical features,,,,,,,,,,,,0,,,True,undefined,,42
diabetes,hist_gbdt,gbdt,categorical_covariate_shift,0.3,179370963,test_only,True,low,False,skipped,shift not applicable: dataset has no categorical features,,,,,,,,,,,,0,,,True,undefined,,42
diabetes,hist_gbdt,gbdt,categorical_covariate_shift,0.4,2711797148,test_only,True,low,False,skipped,shift not applicable: dataset has no categorical features,,,,,,,,,,,,0,,,True,undefined,,42
diabetes,logreg,linear,categorical_covariate_shift,0.0,972309917,test_only,True,low,False,skipped,shift not applicable: dataset has no categorical features,,,,,,,,,,,,0,,,True,undefined,,42
diabetes,logreg,linear,categorical_covariate_shift,0.05,1769693676,test_only,True,low,False,skipped,shift not applicable: dataset has no categorical features,,,,,,,,,,,,0,,,True,undefined,,42
diabetes,logreg,linear,categorical_covariate_shift,0.1,1220334673,test_only,True,low,False,skipped,shift not applicable: dataset has no categorical features,,,,,,,,,,,,0,,,True,undefined,,42
diabetes,logreg,linear,categorical_covariate_shift,0.2,605198107,test_only,True,low,False,skipped,shift not applicable: dataset has no categorical features,,,,,,,,,,,,0,,,True,undefined,,42
diabetes,logreg,linear,categorical_covariate_shift,0.3,179370963,test_only,True,low,False,skipped,shift not applicable: dataset has no categorical features,,,,,,,,,,,,0,,,True,undefined,,42
diabetes,logreg,linear,categorical_covariate_shift,0.4,2711797148,test_only,True,low,False,skipped,shift not applicable: dataset has no categorical features,,,,,,,,,,,,0,,,True,undefined,,42
diabetes,tabicl,icl,categorical_covariate_shift,0.0,972309917,test_only,True,low,False,skipped,shift not applicable: dataset has no categorical features,,,,,,,,,,,,0,,,True,undefined,,42
diabetes,tabicl,icl,categorical_covariate_shift,0.05,1769693676,test_only,True,low,False,skipped,shift not applicable: dataset has no categorical features,,,,,,,,,,,,0,,,True,undefined,,42
diabetes,tabicl,icl,categorical_covariate_shift,0.1,1220334673,test_only,True,low,False,skipped,shift not applicable: dataset has no categorical features,,,,,,,,,,,,0,,,True,undefined,,42
diabetes,tabicl,icl,categorical_covariate_shift,0.2,605198107,test_only,True,low,False,skipped,shift not applicable: dataset has no categorical features,,,,,,,,,,,,0,,,True,undefined,,42
diabetes,tabicl,icl,categorical_covariate_shift,0.3,179370963,test_only,True,low,False,skipped,shift not applicable: dataset has no categorical features,,,,,,,,,,,,0,,,True,undefined,,42
diabetes,tabicl,icl,categorical_covariate_shift,0.4,2711797148,test_only,True,low,False,skipped,shift not applicable: dataset has no categorical features,,,,,,,,,,,,0,,,True,undefined,,42
diabetes,tabpfn,icl,categorical_covariate_shift,0.0,972309917,test_only,True,low,False,skipped,shift not applicable: dataset has no categorical features,,,,,,,,,,,,0,,,True,undefined,,42
diabetes,tabpfn,icl,categorical_covariate_shift,0.05,1769693676,test_only,True,low,False,skipped,shift not applicable: dataset has no categorical features,,,,,,,,,,,,0,,,True,undefined,,42
diabetes,tabpfn,icl,categorical_covariate_shift,0.1,1220334673,test_only,True,low,False,skipped,shift not applicable: dataset has no categorical features,,,,,,,,,,,,0,,,True,undefined,,42
diabetes,tabpfn,icl,categorical_covariate_shift,0.2,605198107,test_only,True,low,False,skipped,shift not applicable: dataset has no categorical features,,,,,,,,,,,,0,,,True,undefined,,42
diabetes,tabpfn,icl,categorical_covariate_shift,0.3,179370963,test_only,True,low,False,skipped,shift not applicable: dataset has no categorical features,,,,,,,,,,,,0,,,True,undefined,,42
diabetes,tabpfn,icl,categorical_covariate_shift,0.4,2711797148,test_only,True,low,False,skipped,shift not applicable: dataset has no categorical features,,,,,,,,,,,,0,,,True,undefined,,42
diabetes,xgboost,gbdt,categorical_covariate_shift,0.0,972309917,test_only,True,low,False,skipped,shift not applicable: dataset has no categorical features,,,,,,,,,,,,0,,,True,undefined,,42
diabetes,xgboost,gbdt,categorical_covariate_shift,0.05,1769693676,test_only,True,low,False,skipped,shift not applicable: dataset has no categorical features,,,,,,,,,,,,0,,,True,undefined,,42
diabetes,xgboost,gbdt,categorical_covariate_shift,0.1,1220334673,test_only,True,low,False,skipped,shift not applicable: dataset has no categorical features,,,,,,,,,,,,0,,,True,undefined,,42
diabetes,xgboost,gbdt,categorical_covariate_shift,0.2,605198107,test_only,True,low,False,skipped,shift not applicable: dataset has no categorical features,,,,,,,,,,,,0,,,True,undefined,,42
diabetes,xgboost,gbdt,categorical_covariate_shift,0.3,179370963,test_only,True,low,False,skipped,shift not applicable: dataset has no categorical features,,,,,,,,,,,,0,,,True,undefined,,42
diabetes,xgboost,gbdt,categorical_covariate_shift,0.4,2711797148,test_only,True,low,False,skipped,shift not applicable: dataset has no categorical features,,,,,,,,,,,,0,,,True,undefined,,42
dna,catboost,gbdt,categorical_covariate_shift,0.0,1567483202,test_only,False,high,True,ok,,0.9560669456066946,0.9940899053328129,0.13316477286300543,0.12121179986476052,0.01485060881279544,0.06877836417673985,0.01562498641133111,0.01843259144165565,0.8992524391306169,-0.15341285723446332,0.4520078469855015,2230,catboost,0.4520078469855015,False,,,42
dna,catboost,gbdt,categorical_covariate_shift,0.05,2426831521,test_only,False,low,True,ok,,0.9215481171548117,0.9850562957768427,0.2372465653616733,0.2159511301746829,0.037078439030208715,0.12388019071205245,0.02981747832946718,0.030193012722817228,0.7860594944290447,-0.19434497338924228,0.4108008942366701,2230,catboost,0.4520078469855015,True,utility_gap,,42
dna,catboost,gbdt,categorical_covariate_shift,0.1,860156055,test_only,False,low,True,ok,,0.8702928870292888,0.9710565829788385,0.3623046209428407,0.32978387797034076,0.055725343628431734,0.1886856108994628,0.05677745639586271,0.04958291544895205,0.7608545208016418,-0.42474998007796055,0.3603335049801982,2230,catboost,0.4520078469855015,True,utility_gap,,42
dna,catboost,gbdt,categorical_covariate_shift,0.2,734211138,test_only,False,low,True,ok,,0.7824267782426778,0.931154534314199,0.6958524283725679,0.633392176248253,0.12925709463808444,0.34254723697502104,0.12889839612514137,0.10547337572504419,0.5280142212614268,-0.433348027485099,0.22739903194427857,2230,catboost,0.4520078469855015,True,utility_gap;ece,,42
dna,catboost,gbdt,categorical_covariate_shift,0.3,468865997,test_only,False,low,True,ok,,0.7322175732217573,0.8886820036396091,0.8557391482418693,0.7789273404899876,0.15548909790752286,0.42384792462691373,0.15203774695297215,0.1306080446557655,0.4509903298959496,-0.30252327703097975,0.15609531552862596,2230,catboost,0.4520078469855015,True,utility_gap;ece;nll,,42
dna,catboost,gbdt,categorical_covariate_shift,0.4,895615281,test_only,False,low,True,ok,,0.6589958158995816,0.8383264140834585,1.0616621997289617,0.966366579620237,0.21403482107481986,0.5398826444866548,0.21403482107481991,0.17042564611057665,0.4100204925591724,-0.4904697287742931,0.05954667921311265,2230,catboost,0.4520078469855015,True,utility_gap;ece;nll,,42
dna,hist_gbdt,gbdt,categorical_covariate_shift,0.0,1567483202,test_only,False,high,True,ok,,0.9581589958158996,0.9946765001152672,0.20202331838748863,0.18388954908961497,0.03371569807662653,0.07433940147020347,0.03258400728433343,0.02472461724405019,0.4504106294743542,-0.40879696785195646,0.4299506200705187,2230,catboost,0.4520078469855015,False,,,42
dna,hist_gbdt,gbdt,categorical_covariate_shift,0.05,2426831521,test_only,False,low,True,ok,,0.9069037656903766,0.9825137732997448,0.5182496177805128,0.471731131288188,0.07746553831137583,0.16580882670037989,0.07722898967236949,0.05463716248387363,0.3784314327600621,-0.6741147497246879,0.32290293845973556,2230,catboost,0.4520078469855015,True,utility_gap,,42
dna,hist_gbdt,gbdt,categorical_covariate_shift,0.1,860156055,test_only,False,low,True,ok,,0.8483263598326359,0.962507534222758,0.8994708738379652,0.818733672575635,0.12478501537612398,0.27191321281493724,0.12478504361591433,0.0906135982501556,0.3088400049352977,-0.6133570966983505,0.19354948610494538,2230,catboost,0.4520078469855015,True,utility_gap;ece;nll,,42
dna,hist_gbdt,gbdt,categorical_covariate_shift,0.2,734211138,test_only,False,low,True,ok,,0.7552301255230126,0.9154262647513,1.656356498027723,1.5076806577830912,0.21535538069193705,0.4512502740035768,0.209972736905694,0.1508448101232759,0.2160313589220532,-0.5836867152136416,-0.06169156198190791,2230,catboost,0.4520078469855015,True,utility_gap;ece;nll,,42
dna,hist_gbdt,gbdt,categorical_covariate_shift,0.3,468865997,test_only,False,low,True,ok,,0.6903765690376569,0.8638871542467902,2.180939170664016,1.98517638402539,0.2767361086686461,0.5696188544566859,0.2767361086686462,0.18930918755658332,0.20576808747091976,-0.8032249732659483,-0.24498314759932113,2230,catboost,0.4520078469855015,True,utility_gap;ece;nll,,42
dna,hist_gbdt,gbdt,categorical_covariate_shift,0.4,895615281,test_only,False,low,True,ok,,0.6150627615062761,0.799794499244646,2.8429389907730376,2.587754588308531,0.3496345810132747,0.7139275162645622,0.34908632900099557,0.23989847543434337,0.1712203274492041,-0.9114261577102741,-0.47406580373364676,2230,catboost,0.4520078469855015,True,utility_gap;ece;nll,,42
dna,logreg,linear,categorical_covariate_shift,0.0,1567483202,test_only,False,high,True,ok,,0.9361924686192469,0.987019005076907,0.22346747663978947,0.2034088631128528,0.030910023468438904,0.10122403687852151,0.02607015895099685,0.024233869966562127,0.5722726508742187,0.17439430323413613,0.41868085844226083,2230,catboost,0.4520078469855015,True,utility_gap,,42
dna,logreg,linear,categorical_covariate_shift,0.05,2426831521,test_only,False,low,True,ok,,0.9069037656903766,0.978565462253544,0.3394985986717796,0.3090249418958957,0.049470798043990925,0.1556851287848092,0.04846954346181028,0.04122807701243043,0.4150443503821462,0.3615462090304593,0.37593183446472994,2230,catboost,0.4520078469855015,True,utility_gap,,42
dna,logreg,linear,categorical_covariate_shift,0.1,860156055,test_only,False,low,True,ok,,0.8315899581589958,0.9609906762383492,0.6051082140400373,0.5507932327733503,0.1056309193709051,0.27134436124099925,0.10563451643795374,0.0857503695988136,0.42527386040678594,-0.36266944290799635,0.2747210767010854,2230,catboost,0.4520078469855015,True,utility_gap;ece,,42
dna,logreg,linear,categorical_covariate_shift,0.2,734211138,test_only,False,low,True,ok,,0.7301255230125523,0.9237082872908609,1.3349804943293218,1.2151516127202349,0.21823140550172132,0.46435197978673765,0.21014394072804315,0.15727886593105767,0.23729280428224864,-0.4632506096869139,0.024624964087269413,2230,catboost,0.4520078469855015,True,utility_gap;ece;nll,,42
dna,logreg,linear,categorical_covariate_shift,0.3,468865997,test_only,False,low,True,ok,,0.6569037656903766,0.8720323131222978,2.210030537998398,2.011656487729355,0.29094280192688404,0.6110034208013468,0.2906344030795398,0.20363138099972003,0.16665876035620752,-0.5908242692433041,-0.25793863225782265,2230,catboost,0.4520078469855015,True,utility_gap;ece;nll,,42
dna,logreg,linear,categorical_covariate_shift,0.4,895615281,test_only,False,low,True,ok,,0.5930962343096234,0.8276865621663531,3.2331246444137838,2.942916875919371,0.36331665806967817,0.7429615356257225,0.36331665806967817,0.25106996118650754,0.1429413690003778,-0.9045950832999982,-0.5768836624850798,2230,catboost,0.4520078469855015,True,utility_gap;ece;nll,,42
dna,tabicl,icl,categorical_covariate_shift,0.0,1567483202,test_only,False,high,True,ok,,0.9707112970711297,0.9963687259886895,0.09533592053763898,0.08677849457993812,0.010048112302286607,0.048264258356165206,0.008664246375956404,0.009336602875169929,0.8333536132323216,0.31750080774189254,0.466292577822272,2230,catboost,0.4520078469855015,False,,,42
dna,tabicl,icl,categorical_covariate_shift,0.05,2426831521,test_only,False,low,True,ok,,0.897489539748954,0.9874105552528988,0.302905850404167,0.27571678701263347,0.04886432182890537,0.16394239140962408,0.04779430640503761,0.05700420764023134,0.6850421650175166,-0.24711339533112747,0.3877292248312865,2230,catboost,0.4520078469855015,True,utility_gap,,42
dna,tabicl,icl,categorical_covariate_shift,0.1,860156055,test_only,False,low,True,ok,,0.7792887029288703,0.9688621963289661,0.6352350838729262,0.5782158914707265,0.14617109749021062,0.3430747602728107,0.14576205709542686,0.12291163664594636,0.7195563856733532,-1.1445196770185506,0.2532960872152085,2230,catboost,0.4520078469855015,True,utility_gap;ece,,42
dna,tabicl,icl,categorical_covariate_shift,0.2,734211138,test_only,False,low,True,ok,,0.6286610878661087,0.9281597330888897,1.2476519199592375,1.135661718723185,0.3065412260172814,0.6280371437628806,0.3065412260172814,0.22437461712612147,0.7283330663395742,-2.216344923674093,0.017148308940615926,2230,catboost,0.4520078469855015,True,utility_gap;ece;nll,,42
dna,tabicl,icl,categorical_covariate_shift,0.3,468865997,test_only,False,low,True,ok,,0.5523012552301255,0.8618709326466244,1.469630623119548,1.3377154418154544,0.3847907734487846,0.7549678298871223,0.3847907734487845,0.2647409426251625,0.9201515020949104,-3.0618266583773743,-0.09377277252355593,2230,catboost,0.4520078469855015,True,utility_gap;ece;nll,,42
dna,tabicl,icl,categorical_covariate_shift,0.4,895615281,test_only,False,low,True,ok,,0.5292887029288703,0.8221739379965664,1.5306365881422785,1.3932454642373686,0.4089102050387904,0.8103974736295952,0.4079137315401887,0.2763409807578458,0.9715386648501827,-3.079411409772608,-0.1326014965408399,2230,catboost,0.4520078469855015,True,utility_gap;ece;nll,,42
dna,tabpfn,icl,categorical_covariate_shift,0.0,1567483202,test_only,False,high,True,ok,,0.9654811715481172,0.995702893077144,0.11434291523020626,0.10407940672940097,0.020419751632659907,0.0589752561500814,0.02313284223688676,0.017613754200648486,1.0173556801414883,0.5683849517885429,0.45801041596386566,2230,catboost,0.4520078469855015,False,,,42
dna,tabpfn,icl,categorical_covariate_shift,0.05,2426831521,test_only,False,low,True,ok,,0.9100418410041841,0.9864469716288218,0.24730186098119725,0.22510385468290262,0.028992835419959236,0.134999576610626,0.020501289639022112,0.04157210840039433,0.8957603082488941,0.03179081730146747,0.4084329927318526,2230,catboost,0.4520078469855015,True,utility_gap,,42
dna,tabpfn,icl,categorical_covariate_shift,0.1,860156055,test_only,False,low,True,ok,,0.8179916317991632,0.9681526431920893,0.45376254191513177,0.4130324652250574,0.06225033954191038,0.2505387109736538,0.06166266335767346,0.08794957733252722,0.8719055653468942,-0.4854903835896595,0.32519236241120636,2230,catboost,0.4520078469855015,True,utility_gap,,42
dna,tabpfn,icl,categorical_covariate_shift,0.2,734211138,test_only,False,low,True,ok,,0.6976987447698745,0.935178863736176,0.8222676649979503,0.7484602834679897,0.1818351457059833,0.4495952622951114,0.17944572088737304,0.16958209062524687,0.5615320357073207,-0.7401568213495213,0.17106229984154922,2230,catboost,0.4520078469855015,True,utility_gap;ece,,42
dna,tabpfn,icl,categorical_covariate_shift,0.3,468865997,test_only,False,low,True,ok,,0.606694560669456,0.8818447447830339,1.145784777648885,1.0429382498879238,0.2817645878487439,0.5948939734715079,0.2808317873340318,0.2157907403089926,0.5684209920059271,-1.3168330352092643,0.03041545223835431,2230,catboost,0.4520078469855015,True,utility_gap;ece;nll,,42
dna,tabpfn,icl,categorical_covariate_shift,0.4,895615281,test_only,False,low,True,ok,,0.5543933054393305,0.833048996918052,1.389103562269428,1.264416552224709,0.34866316230909217,0.7094659571021951,0.34866316230909233,0.24726981475018725,0.6216391253862159,-1.7353170458613432,-0.07433145339201336,2230,catboost,0.4520078469855015,True,utility_gap;ece;nll,,42
dna,xgboost,gbdt,categorical_covariate_shift,0.0,1567483202,test_only,False,high,True,ok,,0.9581589958158996,0.9942358688246742,0.15143501588947186,0.13784209174745568,0.025227249004408592,0.06831321086696444,0.023432460940571834,0.020311207651405396,0.6395845859349703,-0.23922573493284752,0.4453083261359025,2230,catboost,0.4520078469855015,False,,,42
dna,xgboost,gbdt,categorical_covariate_shift,0.05,2426831521,test_only,False,low,True,ok,,0.9121338912133892,0.9847714321269562,0.32054104385807114,0.2917690318635298,0.060840373652948004,0.14327303959451443,0.05852838168758745,0.04370772848262222,0.5396441727568233,-0.4491910455940895,0.38179130063679445,2230,catboost,0.4520078469855015,True,utility_gap,,42
dna,xgboost,gbdt,categorical_covariate_shift,0.1,860156055,test_only,False,low,True,ok,,0.854602510460251,0.9712022325447514,0.5264761581177628,0.47921925100258095,0.10095540518942578,0.24042007085528436,0.0987112411957029,0.0747574524546204,0.4740242922195807,-0.5401671587255157,0.3041543016210412,2230,catboost,0.4520078469855015,True,utility_gap;ece,,42
dna,xgboost,gbdt,categorical_covariate_shift,0.2,734211138,test_only,False,low,True,ok,,0.7531380753138075,0.9283080268772128,1.1022397667242665,1.003301872820442,0.1944072574831247,0.43353625854338224,0.19417886557560418,0.14630514854162543,0.3268044869300382,-0.6370484101101895,0.09800650736133812,2230,catboost,0.4520078469855015,True,utility_gap;ece;nll,,42
dna,xgboost,gbdt,categorical_covariate_shift,0.3,468865997,test_only,False,low,True,ok,,0.6725941422594143,0.8747281803757323,1.560544480033125,1.4204688006221315,0.27425297726781234,0.5740753328824539,0.2740385967764069,0.19418756196144038,0.30396299182248904,-0.9387102042575576,-0.07394725116978346,2230,catboost,0.4520078469855015,True,utility_gap;ece;nll,,42
dna,xgboost,gbdt,categorical_covariate_shift,0.4,895615281,test_only,False,low,True,ok,,0.5951882845188284,0.8221960939240679,2.0328245386755786,1.850356635952116,0.3562927283001788,0.7221262651967144,0.3562927283001787,0.24914707578110096,0.3022163743289029,-1.336730818891401,-0.2493186608944225,2230,catboost,0.4520078469855015,True,utility_gap;ece;nll,,42
dresses-sales,catboost,gbdt,categorical_covariate_shift,0.0,2988125601,test_only,True,low,True,ok,,0.68,0.6517058930852034,0.6397857910941245,0.9230157880427158,0.08077548172725797,0.44486575337514384,0.12388380151734218,0.10359072533481466,0.21491319445056245,0.6185881049089684,0.037037229821554885,350,catboost,0.037037229821554885,True,nll,,42
dresses-sales,catboost,gbdt,categorical_covariate_shift,0.05,1390137697,test_only,True,low,True,ok,,0.6466666666666666,0.6409414340448822,0.6429707463450949,0.927610707188744,0.09807189648976315,0.449441409448249,0.17795640027065765,0.12839141394717724,0.657128740884306,0.20634307651332223,0.0234319104611329,350,catboost,0.037037229821554885,True,nll,,42
dresses-sales,catboost,gbdt,categorical_covariate_shift,0.1,3517921735,test_only,True,low,True,ok,,0.6133333333333333,0.6374749133369823,0.6461819337546494,0.9322434713398734,0.059039899174228846,0.4544865502991765,0.11032151270506063,0.060517121551149244,1.2070184137534032,-0.2652063995920979,0.02363519843113593,350,catboost,0.037037229821554885,True,nll,,42
dresses-sales,catboost,gbdt,categorical_covariate_shift,0.2,3408506856,test_only,True,low,True,ok,,0.66,0.6599160737091772,0.6385178559509084,0.921186544299429,0.05585776149258355,0.4452582032892172,0.11830614308964982,0.06927386284939926,0.5717735049512515,0.320072724670011,0.0424431102098666,350,catboost,0.037037229821554885,True,nll,,42
dresses-sales,catboost,gbdt,categorical_covariate_shift,0.3,613171192,test_only,True,low,True,ok,,0.64,0.6378398102536034,0.6422744001098762,0.9266060919284523,0.08087427982691119,0.452452952527618,0.12089218045555204,0.09244270659644852,0.8652814943541574,0.05528781021903709,0.025087250044843214,350,catboost,0.037037229821554885,True,nll,,42
dresses-sales,catboost,gbdt,categorical_covariate_shift,0.4,2688922655,test_only,True,low,True,ok,,0.6266666666666667,0.6265280058383507,0.6478289342721475,0.9346195908188094,0.0622280544627647,0.4568153208726547,0.10351949334453757,0.09959323833526845,0.8807932093090468,0.061035308114951836,0.020453313905226953,350,catboost,0.037037229821554885,True,nll,,42
dresses-sales,hist_gbdt,gbdt,categorical_covariate_shift,0.0,2988125601,test_only,True,low,True,ok,,0.6333333333333333,0.6392993979200876,0.7232832922141741,1.043477218835232,0.1452037712006107,0.4990293316734759,0.18678536065525914,0.2101401696689033,0.2618972285337582,0.22597742409583044,-0.02332913061866104,350,catboost,0.037037229821554885,True,utility_gap;ece;nll,,42
dresses-sales,hist_gbdt,gbdt,categorical_covariate_shift,0.05,1390137697,test_only,True,low,True,ok,,0.6333333333333333,0.6329137018792191,0.7270634617893292,1.0489308507350277,0.134409074502693,0.49986781663950475,0.1391014642459456,0.19117350073829067,0.22712767053701508,0.2739262785342366,-0.025041274463320225,350,catboost,0.037037229821554885,True,utility_gap;ece;nll,,42
dresses-sales,hist_gbdt,gbdt,categorical_covariate_shift,0.1,3517921735,test_only,True,low,True,ok,,0.6133333333333333,0.6343732895457033,0.7187103082699786,1.0368797975768764,0.125445925390078,0.5019521779510683,0.1629011129289366,0.15036568996384525,0.4004975460402339,-0.0013086247028781359,-0.022122473010082407,350,catboost,0.037037229821554885,True,utility_gap;ece;nll,,42
dresses-sales,hist_gbdt,gbdt,categorical_covariate_shift,0.2,3408506856,test_only,True,low,True,ok,,0.6133333333333333,0.6701331873745666,0.6754079537316124,0.9744077054255598,0.11824699209218045,0.47136220650978544,0.1450872186551759,0.13774106564072214,0.6827563164339971,-0.29044900203558777,0.010574905534994253,350,catboost,0.037037229821554885,True,ece;nll,,42
dresses-sales,hist_gbdt,gbdt,categorical_covariate_shift,0.3,613171192,test_only,True,low,True,ok,,0.6266666666666667,0.6664842182083561,0.7038228929683688,1.0154017973495892,0.12419848169952794,0.48234509605850673,0.16550428605083786,0.1314741848887011,0.3891329885898058,0.07330938289348804,-0.0021907591718576987,350,catboost,0.037037229821554885,True,utility_gap;ece;nll,,42
dresses-sales,hist_gbdt,gbdt,categorical_covariate_shift,0.4,2688922655,test_only,True,low,True,ok,,0.6333333333333333,0.6582740375843824,0.6982889706812748,1.007418035109334,0.10561194489229252,0.47878479750447156,0.1251273228331497,0.11124897858116878,0.24525180663736038,0.30939075968362395,0.0020481136432750867,350,catboost,0.037037229821554885,True,utility_gap;ece;nll,,42
dresses-sales,logreg,linear,categorical_covariate_shift,0.0,2988125601,test_only,True,low,True,ok,,0.66,0.6852764094143404,0.6297547009191112,0.9085439839925141,0.053982491596397036,0.4355077622822752,0.10273407524990967,0.1092786416476782,0.6637441793545824,0.09453049638827532,0.05548704977798548,350,catboost,0.037037229821554885,True,nll,,42
dresses-sales,logreg,linear,categorical_covariate_shift,0.05,1390137697,test_only,True,low,True,ok,,0.66,0.6608283160007299,0.6514934361995421,0.9399063495767898,0.0790209357628382,0.45600763201554,0.10613357705032106,0.11763325813556924,0.4049122565436759,0.2992353847052798,0.032513818574650924,350,catboost,0.037037229821554885,True,nll,,42
dresses-sales,logreg,linear,categorical_covariate_shift,0.1,3517921735,test_only,True,low,True,ok,,0.6333333333333333,0.6715927750410509,0.650503581900269,0.9384782916880258,0.09568477142512892,0.4500794055396206,0.1138185068409723,0.1340911511966132,0.668973213346416,-0.05832832077024538,0.02937702947293428,350,catboost,0.037037229821554885,True,nll,,42
dresses-sales,logreg,linear,categorical_covariate_shift,0.2,3408506856,test_only,True,low,True,ok,,0.5933333333333334,0.6354679802955665,0.6797022049666479,0.9806030003866767,0.10898652596264415,0.4767773751553542,0.13335213548552907,0.11111653137947444,0.7583838666633411,-0.31371168937398264,-0.004564412205083593,350,catboost,0.037037229821554885,True,utility_gap;ece;nll,,42
dresses-sales,logreg,linear,categorical_covariate_shift,0.3,613171192,test_only,True,low,True,ok,,0.6133333333333333,0.6230614851304507,0.7236752152015272,1.0440426441854966,0.13295682306079848,0.5033420336820579,0.1772788577140472,0.14753011880444022,0.2887683376191625,0.14894164351558892,-0.029732638072150964,350,catboost,0.037037229821554885,True,utility_gap;ece;nll,,42
dresses-sales,logreg,linear,categorical_covariate_shift,0.4,2688922655,test_only,True,low,True,ok,,0.5466666666666666,0.5635832877212188,0.7629302950042784,1.1006757531466265,0.19442885793437661,0.5518563013251456,0.2010285270863296,0.19650018915740924,0.4629353853724762,-0.29236122120439567,-0.0898343468284367,350,catboost,0.037037229821554885,True,utility_gap;ece;nll,,42
dresses-sales,tabicl,icl,categorical_covariate_shift,0.0,2988125601,test_only,True,low,True,ok,,0.6666666666666666,0.6627440248129903,0.6277683702021466,0.9056783145175838,0.0452496166795276,0.43699781328374315,0.11773018290034781,0.0639255309215668,0.837205554810492,0.1450068611408149,0.05120699099336592,350,catboost,0.037037229821554885,True,nll,,42
dresses-sales,tabicl,icl,categorical_covariate_shift,0.05,1390137697,test_only,True,low,True,ok,,0.6533333333333333,0.6471446816274403,0.6354716431563899,0.9167917882072848,0.06978489951530512,0.4440218090122922,0.12407200024860023,0.10005940533354327,0.8680671446148552,0.07955603131842294,0.03550612220435764,350,catboost,0.037037229821554885,True,nll,,42
dresses-sales,tabicl,icl,categorical_covariate_shift,0.1,3517921735,test_only,True,low,True,ok,,0.6466666666666666,0.6341908410873928,0.646695129727334,0.9329838566246696,0.049157623710832724,0.4545536856872899,0.10796472096834568,0.06080237969639668,0.6046504502696414,0.2040537329032188,0.029240112651020042,350,catboost,0.037037229821554885,True,nll,,42
dresses-sales,tabicl,icl,categorical_covariate_shift,0.2,3408506856,test_only,True,low,True,ok,,0.6266666666666667,0.6486042692939246,0.6423235152720072,0.9266769501292911,0.020728228553086286,0.4511478454348174,0.062290404707974915,0.035466209399573095,1.1728189410014458,-0.16233032988185758,0.03886276350346902,350,catboost,0.037037229821554885,True,nll,,42
dresses-sales,tabicl,icl,categorical_covariate_shift,0.3,613171192,test_only,True,low,True,ok,,0.6466666666666666,0.6486042692939245,0.643017209401808,0.9276777392102485,0.053577233308502385,0.45119971719092905,0.14286800305796893,0.06659027743135018,0.7463168832316958,0.19429206063722435,0.034992725828098495,350,catboost,0.037037229821554885,True,nll,,42
dresses-sales,tabicl,icl,categorical_covariate_shift,0.4,2688922655,test_only,True,low,True,ok,,0.6666666666666666,0.6203247582557928,0.6577374779093696,0.9489145975866617,0.08935333876907094,0.46513839342638347,0.14601585503759174,0.08616700997073376,-0.17246230021566913,0.788678631197185,0.014568618359714732,350,catboost,0.037037229821554885,True,nll,,42
dresses-sales,tabpfn,icl,categorical_covariate_shift,0.0,2988125601,test_only,True,low,True,ok,,0.66,0.6697682904579456,0.6386664883136904,0.9214009754721303,0.04671886403052521,0.4465541326671176,0.10655608971311194,0.07730337536103671,1.0891508841290767,0.16458880607272686,0.047654836212536855,350,catboost,0.037037229821554885,True,nll,,42
dresses-sales,tabpfn,icl,categorical_covariate_shift,0.05,1390137697,test_only,True,low,True,ok,,0.6466666666666666,0.6528005838350666,0.6395765957342052,0.9227139829343832,0.06778947891702719,0.44757111333242033,0.10515484721755046,0.08016660834969139,1.5783795638370235,-0.13087824963433325,0.03510811367855288,350,catboost,0.037037229821554885,True,nll,,42
dresses-sales,tabpfn,icl,categorical_covariate_shift,0.1,3517921735,test_only,True,low,True,ok,,0.6133333333333333,0.6312716657544244,0.6524935342681094,0.9413491861007144,0.0595117711461907,0.4600416260484682,0.10478883445176806,0.0930281601351344,2.1155194848759686,-0.49498237450857063,0.018637972954596065,350,catboost,0.037037229821554885,True,nll,,42
dresses-sales,tabpfn,icl,categorical_covariate_shift,0.2,3408506856,test_only,True,low,True,ok,,0.6,0.6455026455026456,0.6488070497279468,0.9360307131363079,0.08021728489746895,0.45657704817053363,0.12355974585840777,0.04842546765696808,3.345365920638968,-1.012319428952963,0.019073255005539788,350,catboost,0.037037229821554885,True,nll,,42
dresses-sales,tabpfn,icl,categorical_covariate_shift,0.3,613171192,test_only,True,low,True,ok,,0.6133333333333333,0.6429483670862982,0.6544795729133062,0.9442144342051536,0.050500982550104774,0.462041114074724,0.11206429711714724,0.049049789650424294,2.70851726803486,-0.6550326059184463,0.023667401708637313,350,catboost,0.037037229821554885,True,nll,,42
dresses-sales,tabpfn,icl,categorical_covariate_shift,0.4,2688922655,test_only,True,low,True,ok,,0.6133333333333333,0.6188651705893086,0.6570169148475801,0.9478750448307701,0.045480781556145905,0.46445439448724984,0.0645285560071081,0.05628517471902289,2.21880175115954,-0.40713383939409564,0.01514413994579777,350,catboost,0.037037229821554885,True,nll,,42
dresses-sales,xgboost,gbdt,categorical_covariate_shift,0.0,2988125601,test_only,True,low,True,ok,,0.6,0.6336434957124614,1.0233283271811582,1.4763507028254557,0.24541779899748511,0.5777775649828567,0.24541779899748517,0.2621182649133465,0.25172094930886896,-0.2176106501216768,-0.1802135471477722,350,catboost,0.037037229821554885,True,utility_gap;ece;nll,,42
dresses-sales,xgboost,gbdt,categorical_covariate_shift,0.05,1390137697,test_only,True,low,True,ok,,0.6533333333333333,0.6396642948367086,1.0044354643218374,1.4490940632701181,0.22576657540937278,0.5528651335340229,0.23885084514461263,0.2532765532269081,0.08541424123172489,0.42072973156607724,-0.15799903087006198,350,catboost,0.037037229821554885,True,utility_gap;ece;nll,,42
dresses-sales,xgboost,gbdt,categorical_covariate_shift,0.1,3517921735,test_only,True,low,True,ok,,0.6,0.6112023353402665,1.0342990358941495,1.4921780898807255,0.2614028793422251,0.6118166879827956,0.2554489268627798,0.28301381268722714,0.1931378755199828,-0.052451920386163677,-0.19601318546356944,350,catboost,0.037037229821554885,True,utility_gap;ece;nll,,42
dresses-sales,xgboost,gbdt,categorical_covariate_shift,0.2,3408506856,test_only,True,low,True,ok,,0.6333333333333333,0.6392993979200876,0.976544586536543,1.4088560322032337,0.2211631478673718,0.5603150408542001,0.22150810632236856,0.2432541805012008,0.16833214182994446,0.1412811151171648,-0.14813464996241382,350,catboost,0.037037229821554885,True,utility_gap;ece;nll,,42
dresses-sales,xgboost,gbdt,categorical_covariate_shift,0.3,613171192,test_only,True,low,True,ok,,0.6466666666666666,0.6467797847108192,1.059912500556245,1.5291305083287154,0.24183828688449538,0.5810851379799128,0.24566012361533662,0.2515811392094408,0.12887123497895636,0.24837275364678232,-0.183733885226727,350,catboost,0.037037229821554885,True,utility_gap;ece;nll,,42
dresses-sales,xgboost,gbdt,categorical_covariate_shift,0.4,2688922655,test_only,True,low,True,ok,,0.6133333333333333,0.6582740375843826,0.9152244855380854,1.3203898265859486,0.21675860941130562,0.5559551666511496,0.21675860941130562,0.22221255541020168,0.281903611568529,-0.15356064526087446,-0.11707275670351183,350,catboost,0.037037229821554885,True,utility_gap;ece;nll,,42
eucalyptus,catboost,gbdt,categorical_covariate_shift,0.0,808338117,test_only,True,low,True,ok,,0.665158371040724,0.9091730036574333,0.8159699054867897,0.5069906078282471,0.11354663311928542,0.46335905201146094,0.12099078223673561,0.06165457259717986,0.6449538151063259,-0.18799329973930243,0.24317779796387898,515,catboost,0.24317779796387898,True,ece,,42
eucalyptus,catboost,gbdt,categorical_covariate_shift,0.05,3194759169,test_only,True,low,True,ok,,0.6742081447963801,0.9097630717250921,0.8073578004211868,0.5016396060908902,0.11285718646796902,0.4578586158776682,0.09218500457729498,0.06483650873914111,0.5841522676200301,-0.07947343546954354,0.2464849777023784,515,catboost,0.24317779796387898,True,ece,,42
eucalyptus,catboost,gbdt,categorical_covariate_shift,0.1,2614141350,test_only,True,low,True,ok,,0.6787330316742082,0.9071514813533501,0.8111116191139105,0.5039719847826823,0.09877694665598585,0.4530448153370468,0.08856516445308835,0.06250905310722146,0.5307299754225783,0.02908823661753205,0.2483659884588019,515,catboost,0.24317779796387898,False,,,42
eucalyptus,catboost,gbdt,categorical_covariate_shift,0.2,2617752245,test_only,True,low,True,ok,,0.669683257918552,0.9107433724876725,0.7816737696300475,0.4856812205000507,0.08765428056056482,0.44668631157959204,0.10721981671636763,0.06919223813497735,0.6845412332108082,-0.16000291649089224,0.25597744679633994,515,catboost,0.24317779796387898,False,,,42
eucalyptus,catboost,gbdt,categorical_covariate_shift,0.3,1752960150,test_only,True,low,True,ok,,0.6470588235294118,0.9012477334446668,0.8375281678381817,0.5203855093555683,0.12573189159429493,0.4742585294791615,0.12245702864451222,0.07321685395892666,0.6412156745533103,-0.23701809284245923,0.23123349910951566,515,catboost,0.24317779796387898,True,ece,,42
eucalyptus,catboost,gbdt,categorical_covariate_shift,0.4,3016205547,test_only,True,low,True,ok,,0.6425339366515838,0.90115495066637,0.8420340494433437,0.5231851710078449,0.12032784464881681,0.47717497628000155,0.1246513690619619,0.07051636252052151,0.7545926184515525,-0.3552383150352802,0.23076320299885017,515,catboost,0.24317779796387898,True,ece,,42
eucalyptus,hist_gbdt,gbdt,categorical_covariate_shift,0.0,808338117,test_only,True,low,True,ok,,0.6470588235294118,0.8908376121157626,1.3607629976616236,0.8454895881032262,0.23813108145134884,0.58411078399705,0.2565965613863266,0.11196373792335812,0.2735667983567778,-0.3062010757613962,0.10757889504869103,515,catboost,0.24317779796387898,True,utility_gap;ece;nll,,42
eucalyptus,hist_gbdt,gbdt,categorical_covariate_shift,0.05,3194759169,test_only,True,low,True,ok,,0.6470588235294118,0.8908402980838709,1.3618849600138432,0.8461867025079208,0.24122398768910913,0.5849517125262867,0.2559078801058627,0.11108332061124189,0.2734093515683226,-0.30403180827959386,0.10675211956856848,515,catboost,0.24317779796387898,True,utility_gap;ece;nll,,42
eucalyptus,hist_gbdt,gbdt,categorical_covariate_shift,0.1,2614141350,test_only,True,low,True,ok,,0.6515837104072398,0.8921091355130308,1.3456280898814028,0.8360857411680369,0.23561262127489302,0.5775510350697778,0.24974133665591672,0.11209721789944889,0.2712499697673587,-0.2708943036332287,0.11202750738525706,515,catboost,0.24317779796387898,True,utility_gap;ece;nll,,42
eucalyptus,hist_gbdt,gbdt,categorical_covariate_shift,0.2,2617752245,test_only,True,low,True,ok,,0.6470588235294118,0.890971361462071,1.356278240642876,0.8427030518944668,0.2428226129202261,0.5832774083457373,0.2569565232614832,0.11324164392557964,0.2819835381930146,-0.32905198618132653,0.10752336188875136,515,catboost,0.24317779796387898,True,utility_gap;ece;nll,,42
eucalyptus,hist_gbdt,gbdt,categorical_covariate_shift,0.3,1752960150,test_only,True,low,True,ok,,0.6425339366515838,0.8890272341092285,1.3782851985010185,0.856376743615112,0.2523620050088785,0.5935755642710283,0.25926160282123756,0.11570169672885966,0.2653197095762338,-0.2968796000801463,0.1001541983496582,515,catboost,0.24317779796387898,True,utility_gap;ece;nll,,42
eucalyptus,hist_gbdt,gbdt,categorical_covariate_shift,0.4,3016205547,test_only,True,low,True,ok,,0.6425339366515838,0.8877318999673476,1.3817884139958778,0.8585534137853585,0.2519397892332018,0.5881426619497938,0.24388362334979966,0.11251395175694319,0.269432049044095,-0.31836633397132613,0.09913227350406127,515,catboost,0.24317779796387898,True,utility_gap;ece;nll,,42
eucalyptus,logreg,linear,categorical_covariate_shift,0.0,808338117,test_only,True,low,True,ok,,0.6380090497737556,0.8954587698666053,0.8190187057361001,0.5088849339316378,0.09657382288680018,0.4666138880409286,0.08457989640428971,0.06544119358428971,0.8479146848225846,-0.1649411599345488,0.23713168216252384,515,catboost,0.24317779796387898,False,,,42
eucalyptus,logreg,linear,categorical_covariate_shift,0.05,3194759169,test_only,True,low,True,ok,,0.6289592760180995,0.8951131887281116,0.8194794507435661,0.5091712109007003,0.09083393531201213,0.46806557622463224,0.08317190221807329,0.06800868268862423,0.9227254883197628,-0.26879891672735756,0.23671535712494146,515,catboost,0.24317779796387898,False,,,42
eucalyptus,logreg,linear,categorical_covariate_shift,0.1,2614141350,test_only,True,low,True,ok,,0.6606334841628959,0.8971667952284623,0.820997696673813,0.5101145501364156,0.06661347924488958,0.46152750546293825,0.07537404024018934,0.0635932107211975,0.772785210234331,0.007624847960962525,0.2467463400644936,515,catboost,0.24317779796387898,False,,,42
eucalyptus,logreg,linear,categorical_covariate_shift,0.2,2617752245,test_only,True,low,True,ok,,0.6153846153846154,0.8857559171937947,0.8617025666419009,0.5354059078542951,0.08352589964866057,0.49142275349210296,0.08811009834525024,0.0665491063845591,0.7762522693819197,-0.2376745794440027,0.22499531103949977,515,catboost,0.24317779796387898,False,,,42
eucalyptus,logreg,linear,categorical_covariate_shift,0.3,1752960150,test_only,True,low,True,ok,,0.6018099547511312,0.8871066821467771,0.858756862389809,0.5335756388955896,0.09807926787451073,0.4971890968014091,0.09615385960694589,0.06288987078701039,0.9242595943680862,-0.3417867108019394,0.22107028672046267,515,catboost,0.24317779796387898,False,,,42
eucalyptus,logreg,linear,categorical_covariate_shift,0.4,3016205547,test_only,True,low,True,ok,,0.6425339366515838,0.8891964675299555,0.8626027056704281,0.5359651956786795,0.08896000404111429,0.4800667187885008,0.10325069629594338,0.07377944835944195,0.8726174686072147,-0.12064529969785313,0.22901729462139525,515,catboost,0.24317779796387898,False,,,42
eucalyptus,tabicl,icl,categorical_covariate_shift,0.0,808338117,test_only,True,low,True,ok,,0.7601809954751131,0.9436308695606856,0.5895179424121141,0.3662880921703479,0.047983749957920104,0.34090260051617266,0.10690226780071278,0.047232921621497184,1.291752986692209,0.07214782331769139,0.32481477602481856,515,catboost,0.24317779796387898,False,,,42
eucalyptus,tabicl,icl,categorical_covariate_shift,0.05,3194759169,test_only,True,low,True,ok,,0.7330316742081447,0.9368823615018114,0.6193203623355944,0.38480537680322163,0.05991683697022635,0.36146053377012827,0.06644815389610169,0.05177113772039223,1.287755926460198,-0.029017662302407005,0.31043859722184397,515,catboost,0.24317779796387898,False,,,42
eucalyptus,tabicl,icl,categorical_covariate_shift,0.1,2614141350,test_only,True,low,True,ok,,0.7601809954751131,0.9458979125733198,0.5999185994946439,0.37275038375809855,0.07943907464189781,0.346520528690961,0.09527126897767284,0.05080714694912928,1.15796703066354,0.32222020654677747,0.3173784886661198,515,catboost,0.24317779796387898,False,,,42
eucalyptus,tabicl,icl,categorical_covariate_shift,0.2,2617752245,test_only,True,low,True,ok,,0.7330316742081447,0.9254922799149572,0.6842636339108177,0.4251569001975001,0.1134714537115654,0.3919481201868113,0.1170427444792128,0.06286519731662049,0.8973603186976976,0.37115496122088043,0.2836356882998936,515,catboost,0.24317779796387898,True,ece,,42
eucalyptus,tabicl,icl,categorical_covariate_shift,0.3,1752960150,test_only,True,low,True,ok,,0.7013574660633484,0.9222944276785607,0.7188658477265734,0.4466564644543303,0.060691251224758117,0.40697493204647484,0.07618139071736153,0.06822101829791404,1.4077388495171983,0.11510514077700607,0.2818714800157478,515,catboost,0.24317779796387898,False,,,42
eucalyptus,tabicl,icl,categorical_covariate_shift,0.4,3016205547,test_only,True,low,True,ok,,0.6606334841628959,0.9050425385724106,0.8166994089019058,0.5074438737849394,0.043180459472492175,0.45058313037182945,0.0667078874268774,0.06370181688190653,1.1796950301718827,0.03744760488235539,0.25499065709479785,515,catboost,0.24317779796387898,False,,,42
eucalyptus,tabpfn,icl,categorical_covariate_shift,0.0,808338117,test_only,True,low,True,ok,,0.7330316742081447,0.9377542465954111,0.6160640273468383,0.3827821021160787,0.056923124874582585,0.36282703109780334,0.05033099235404189,0.048518683671668984,1.6099376723438754,-0.09471000661992732,0.3119494818298755,515,catboost,0.24317779796387898,False,,,42
eucalyptus,tabpfn,icl,categorical_covariate_shift,0.05,3194759169,test_only,True,low,True,ok,,0.7058823529411765,0.9305437623171919,0.6582151936059432,0.40897209424529096,0.05797432931438919,0.38183851566665444,0.10022380793811111,0.048103300577178564,1.5475207979322183,-0.11217817526881758,0.29728617561572857,515,catboost,0.24317779796387898,False,,,42
eucalyptus,tabpfn,icl,categorical_covariate_shift,0.1,2614141350,test_only,True,low,True,ok,,0.7285067873303167,0.9337198231528202,0.6540348969315446,0.4063747298846637,0.08206148717936664,0.38290658130379507,0.10108009446373782,0.04713298390911917,1.1037029991038316,0.32156867322764815,0.29775323980176216,515,catboost,0.24317779796387898,False,,,42
eucalyptus,tabpfn,icl,categorical_covariate_shift,0.2,2617752245,test_only,True,low,True,ok,,0.6832579185520362,0.9118938492297085,0.7439108108874951,0.46221777500096956,0.08845568742552551,0.43126794513633876,0.10905789960848666,0.06302414618923333,0.8338915860380656,0.30435758913367034,0.2652950650278074,515,catboost,0.24317779796387898,False,,,42
eucalyptus,tabpfn,icl,categorical_covariate_shift,0.3,1752960150,test_only,True,low,True,ok,,0.7013574660633484,0.9195022679189787,0.7319627754851611,0.4547940432061444,0.08302056509672949,0.415825071507824,0.09068309064407676,0.05927430251316758,1.1949770456242295,0.3821430669762988,0.27398708769995556,515,catboost,0.24317779796387898,False,,,42
eucalyptus,tabpfn,icl,categorical_covariate_shift,0.4,3016205547,test_only,True,low,True,ok,,0.7058823529411765,0.9145443296699762,0.7592511213455577,0.471749245795554,0.09196447573636526,0.428159084950062,0.12474428280214357,0.06526910619417228,1.047510128101979,0.43073675720964005,0.2660551994397289,515,catboost,0.24317779796387898,False,,,42
eucalyptus,xgboost,gbdt,categorical_covariate_shift,0.0,808338117,test_only,True,low,True,ok,,0.6561085972850679,0.8944440455788932,1.1521957875099234,0.7158994942323387,0.20597492337308787,0.5536733990743237,0.19903763167534871,0.09787948826919272,0.3578515138686084,-0.3018233384311479,0.1555068726010536,515,catboost,0.24317779796387898,True,utility_gap;ece,,42
eucalyptus,xgboost,gbdt,categorical_covariate_shift,0.05,3194759169,test_only,True,low,True,ok,,0.6561085972850679,0.8947799121129364,1.1490099035424564,0.713919993225898,0.20542740940410475,0.5524801108025109,0.19873586255791337,0.09808764862361959,0.36035394184429226,-0.3089273286408403,0.1563277789836975,515,catboost,0.24317779796387898,True,utility_gap;ece,,42
eucalyptus,xgboost,gbdt,categorical_covariate_shift,0.1,2614141350,test_only,True,low,True,ok,,0.6606334841628959,0.8950516283746902,1.1425404397816379,0.7099002893834341,0.19926939562058044,0.5483540906089801,0.19290046723824184,0.09685736225616819,0.351488375342521,-0.25821092958833103,0.1595391266164296,515,catboost,0.24317779796387898,True,utility_gap;ece,,42
eucalyptus,xgboost,gbdt,categorical_covariate_shift,0.2,2617752245,test_only,True,low,True,ok,,0.6561085972850679,0.8937412806022476,1.1516689863999958,0.7155721742991759,0.20602044405192624,0.5517581660128986,0.20179179507217668,0.09625236496124157,0.3671866540141049,-0.32345637968295254,0.15534999670340877,515,catboost,0.24317779796387898,True,utility_gap;ece,,42
eucalyptus,xgboost,gbdt,categorical_covariate_shift,0.3,1752960150,test_only,True,low,True,ok,,0.6425339366515838,0.8916522820392169,1.1665818220824744,0.724838040082047,0.2244783378778307,0.5601056473129717,0.2123526961075202,0.10194375696327218,0.38627639263548813,-0.4214455129720573,0.14611130961128319,515,catboost,0.24317779796387898,True,utility_gap;ece,,42
eucalyptus,xgboost,gbdt,categorical_covariate_shift,0.4,3016205547,test_only,True,low,True,ok,,0.6606334841628959,0.8930184484430231,1.151407160599984,0.7154094927828596,0.22617395111612731,0.5541013161848364,0.21335952035804587,0.10229974328075331,0.3487111485757837,-0.25599010717903353,0.1517938415214091,515,catboost,0.24317779796387898,True,utility_gap;ece,,42
first-order-theorem-proving,catboost,gbdt,categorical_covariate_shift,0.0,3425315377,test_only,False,low,False,skipped,shift not applicable: dataset has no categorical features,,,,,,,,,,,,0,,,True,undefined,,42
first-order-theorem-proving,catboost,gbdt,categorical_covariate_shift,0.05,2838441513,test_only,False,low,False,skipped,shift not applicable: dataset has no categorical features,,,,,,,,,,,,0,,,True,undefined,,42
first-order-theorem-proving,catboost,gbdt,categorical_covariate_shift,0.1,588743459,test_only,False,low,False,skipped,shift not applicable: dataset has no categorical features,,,,,,,,,,,,0,,,True,undefined,,42
first-order-theorem-proving,catboost,gbdt,categorical_covariate_shift,0.2,105130964,test_only,False,low,False,skipped,shift not applicable: dataset has no categorical features,,,,,,,,,,,,0,,,True,undefined,,42
first-order-theorem-proving,catboost,gbdt,categorical_covariate_shift,0.3,3551603515,test_only,False,low,False,skipped,shift not applicable: dataset has no categorical features,,,,,,,,,,,,0,,,True,undefined,,42
first-order-theorem-proving,catboost,gbdt,categorical_covariate_shift,0.4,2612269241,test_only,False,low,False,skipped,shift not applicable: dataset has no categorical features,,,,,,,,,,,,0,,,True,undefined,,42
first-order-theorem-proving,hist_gbdt,gbdt,categorical_covariate_shift,0.0,3425315377,test_only,False,low,False,skipped,shift not applicable: dataset has no categorical features,,,,,,,,,,,,0,,,True,undefined,,42
first-order-theorem-proving,hist_gbdt,gbdt,categorical_covariate_shift,0.05,2838441513,test_only,False,low,False,skipped,shift not applicable: dataset has no categorical features,,,,,,,,,,,,0,,,True,undefined,,42
first-order-theorem-proving,hist_gbdt,gbdt,categorical_covariate_shift,0.1,588743459,test_only,False,low,False,skipped,shift not applicable: dataset has no categorical features,,,,,,,,,,,,0,,,True,undefined,,42
first-order-theorem-proving,hist_gbdt,gbdt,categorical_covariate_shift,0.2,105130964,test_only,False,low,False,skipped,shift not applicable: dataset has no categorical features,,,,,,,,,,,,0,,,True,undefined,,42
first-order-theorem-proving,hist_gbdt,gbdt,categorical_covariate_shift,0.3,3551603515,test_only,False,low,False,skipped,shift not applicable: dataset has no categorical features,,,,,,,,,,,,0,,,True,undefined,,42
first-order-theorem-proving,hist_gbdt,gbdt,categorical_covariate_shift,0.4,2612269241,test_only,False,low,False,skipped,shift not applicable: dataset has no categorical features,,,,,,,,,,,,0,,,True,undefined,,42
first-order-theorem-proving,logreg,linear,categorical_covariate_shift,0.0,3425315377,test_only,False,low,False,skipped,shift not applicable: dataset has no categorical features,,,,,,,,,,,,0,,,True,undefined,,42
first-order-theorem-proving,logreg,linear,categorical_covariate_shift,0.05,2838441513,test_only,False,low,False,skipped,shift not applicable: dataset has no categorical features,,,,,,,,,,,,0,,,True,undefined,,42
first-order-theorem-proving,logreg,linear,categorical_covariate_shift,0.1,588743459,test_only,False,low,False,skipped,shift not applicable: dataset has no categorical features,,,,,,,,,,,,0,,,True,undefined,,42
first-order-theorem-proving,logreg,linear,categorical_covariate_shift,0.2,105130964,test_only,False,low,False,skipped,shift not applicable: dataset has no categorical features,,,,,,,,,,,,0,,,True,undefined,,42
first-order-theorem-proving,logreg,linear,categorical_covariate_shift,0.3,3551603515,test_only,False,low,False,skipped,shift not applicable: dataset has no categorical features,,,,,,,,,,,,0,,,True,undefined,,42
first-order-theorem-proving,logreg,linear,categorical_covariate_shift,0.4,2612269241,test_only,False,low,False,skipped,shift not applicable: dataset has no categorical features,,,,,,,,,,,,0,,,True,undefined,,42
first-order-theorem-proving,tabicl,icl,categorical_covariate_shift,0.0,3425315377,test_only,False,low,False,skipped,shift not applicable: dataset has no categorical features,,,,,,,,,,,,0,,,True,undefined,,42
first-order-theorem-proving,tabicl,icl,categorical_covariate_shift,0.05,2838441513,test_only,False,low,False,skipped,shift not applicable: dataset has no categorical features,,,,,,,,,,,,0,,,True,undefined,,42
first-order-theorem-proving,tabicl,icl,categorical_covariate_shift,0.1,588743459,test_only,False,low,False,skipped,shift not applicable: dataset has no categorical features,,,,,,,,,,,,0,,,True,undefined,,42
first-order-theorem-proving,tabicl,icl,categorical_covariate_shift,0.2,105130964,test_only,False,low,False,skipped,shift not applicable: dataset has no categorical features,,,,,,,,,,,,0,,,True,undefined,,42
first-order-theorem-proving,tabicl,icl,categorical_covariate_shift,0.3,3551603515,test_only,False,low,False,skipped,shift not applicable: dataset has no categorical features,,,,,,,,,,,,0,,,True,undefined,,42
first-order-theorem-proving,tabicl,icl,categorical_covariate_shift,0.4,2612269241,test_only,False,low,False,skipped,shift not applicable: dataset has no categorical features,,,,,,,,,,,,0,,,True,undefined,,42
first-order-theorem-proving,tabpfn,icl,categorical_covariate_shift,0.0,3425315377,test_only,False,low,False,skipped,shift not applicable: dataset has no categorical features,,,,,,,,,,,,0,,,True,undefined,,42
first-order-theorem-proving,tabpfn,icl,categorical_covariate_shift,0.05,2838441513,test_only,False,low,False,skipped,shift not applicable: dataset has no categorical features,,,,,,,,,,,,0,,,True,undefined,,42
first-order-theorem-proving,tabpfn,icl,categorical_covariate_shift,0.1,588743459,test_only,False,low,False,skipped,shift not applicable: dataset has no categorical features,,,,,,,,,,,,0,,,True,undefined,,42
first-order-theorem-proving,tabpfn,icl,categorical_covariate_shift,0.2,105130964,test_only,False,low,False,skipped,shift not applicable: dataset has no categorical features,,,,,,,,,,,,0,,,True,undefined,,42
first-order-theorem-proving,tabpfn,icl,categorical_covariate_shift,0.3,3551603515,test_only,False,low,False,skipped,shift not applicable: dataset has no categorical features,,,,,,,,,,,,0,,,True,undefined,,42
first-order-theorem-proving,tabpfn,icl,categorical_covariate_shift,0.4,2612269241,test_only,False,low,False,skipped,shift not applicable: dataset has no categorical features,,,,,,,,,,,,0,,,True,undefined,,42
first-order-theorem-proving,xgboost,gbdt,categorical_covariate_shift,0.0,3425315377,test_only,False,low,False,skipped,shift not applicable: dataset has no categorical features,,,,,,,,,,,,0,,,True,undefined,,42
first-order-theorem-proving,xgboost,gbdt,categorical_covariate_shift,0.05,2838441513,test_only,False,low,False,skipped,shift not applicable: dataset has no categorical features,,,,,,,,,,,,0,,,True,undefined,,42
first-order-theorem-proving,xgboost,gbdt,categorical_covariate_shift,0.1,588743459,test_only,False,low,False,skipped,shift not applicable: dataset has no categorical features,,,,,,,,,,,,0,,,True,undefined,,42
first-order-theorem-proving,xgboost,gbdt,categorical_covariate_shift,0.2,105130964,test_only,False,low,False,skipped,shift not applicable: dataset has no categorical features,,,,,,,,,,,,0,,,True,undefined,,42
first-order-theorem-proving,xgboost,gbdt,categorical_covariate_shift,0.3,3551603515,test_only,False,low,False,skipped,shift not applicable: dataset has no categorical features,,,,,,,,,,,,0,,,True,undefined,,42
first-order-theorem-proving,xgboost,gbdt,categorical_covariate_shift,0.4,2612269241,test_only,False,low,False,skipped,shift not applicable: dataset has no categorical features,,,,,,,,,,,,0,,,True,undefined,,42
ilpd,catboost,gbdt,categorical_covariate_shift,0.0,1097226971,test_only,True,medium,True,ok,,0.6628571428571428,0.71472,0.5385497481814003,0.7769630509733063,0.08232422681648079,0.3699409765142261,0.11059404660422964,0.08718835396406505,1.0380015408563286,-0.5150626881923704,0.10002681077328336,408,catboost,0.10002681077328336,True,nll,,42
ilpd,catboost,gbdt,categorical_covariate_shift,0.05,1345325302,test_only,True,medium,True,ok,,0.6628571428571428,0.70544,0.545843921424102,0.7874863185379369,0.10314638751822036,0.37840205655186304,0.12018313664899638,0.10981372630672542,1.0143125170275749,-0.5118098775568612,0.08945739836354624,408,catboost,0.10002681077328336,True,ece;nll,,42
ilpd,catboost,gbdt,categorical_covariate_shift,0.1,2679274345,test_only,True,medium,True,ok,,0.6457142857142857,0.7035199999999999,0.5466599626634512,0.788663617187107,0.11462860972749293,0.37721730359170125,0.11917928121699231,0.12636434362225124,1.1337892682129465,-0.7028787234782677,0.08356433575551213,408,catboost,0.10002681077328336,True,ece;nll,,42
ilpd,catboost,gbdt,categorical_covariate_shift,0.2,1008115364,test_only,True,medium,True,ok,,0.6285714285714286,0.6953600000000001,0.5467811389756329,0.7888384376517646,0.11505402925429832,0.3794108641400484,0.14223296046550304,0.12214353035758913,1.2097193496866736,-0.8410722221499376,0.07799937713932524,408,catboost,0.10002681077328336,True,ece;nll,,42
ilpd,catboost,gbdt,categorical_covariate_shift,0.3,3792114778,test_only,True,medium,True,ok,,0.6457142857142857,0.69104,0.5547901301429686,0.8003929694914035,0.09823123161746282,0.3845352661251148,0.14371460225751284,0.1067982116995084,1.0505717696781136,-0.6093762366849435,0.07895700568622924,408,catboost,0.10002681077328336,True,nll,,42
ilpd,catboost,gbdt,categorical_covariate_shift,0.4,3486760989,test_only,True,medium,True,ok,,0.6342857142857142,0.68592,0.5522146735358346,0.7966773710162666,0.11494931408778268,0.3879673392085309,0.11502551784693898,0.1180606165000622,1.157753750731696,-0.7560630955739528,0.07322178302042061,408,catboost,0.10002681077328336,True,ece;nll,,42
ilpd,hist_gbdt,gbdt,categorical_covariate_shift,0.0,1097226971,test_only,True,medium,True,ok,,0.6571428571428571,0.66768,0.7575230176699155,1.0928747009516298,0.2011879448589657,0.4862212203742483,0.21466229122886776,0.20682827050846087,0.43914526512444,-0.4284029760466121,-0.03584057068585345,408,catboost,0.10002681077328336,True,utility_gap;ece;nll,,42
ilpd,hist_gbdt,gbdt,categorical_covariate_shift,0.05,1345325302,test_only,True,medium,True,ok,,0.6571428571428571,0.66784,0.7559705093873976,1.090634904951502,0.20230717712055846,0.48567657799616615,0.21420265169076053,0.21257643373963708,0.4402474302559516,-0.42838473876185085,-0.03533647833813376,408,catboost,0.10002681077328336,True,utility_gap;ece;nll,,42
ilpd,hist_gbdt,gbdt,categorical_covariate_shift,0.1,2679274345,test_only,True,medium,True,ok,,0.6571428571428571,0.66608,0.7568549660325802,1.0919109061673884,0.2042834846682352,0.4868505929749395,0.21482052090922896,0.2050468522236562,0.4361655404089107,-0.414742787954117,-0.03673054021243502,408,catboost,0.10002681077328336,True,utility_gap;ece;nll,,42
ilpd,hist_gbdt,gbdt,categorical_covariate_shift,0.2,1008115364,test_only,True,medium,True,ok,,0.6571428571428571,0.66512,0.7587776781907636,1.0946847934630564,0.20293214722628372,0.487082007537399,0.21313063039572572,0.20900689514639237,0.4320644204074145,-0.4059581027517114,-0.03762843891274508,408,catboost,0.10002681077328336,True,utility_gap;ece;nll,,42
ilpd,hist_gbdt,gbdt,categorical_covariate_shift,0.3,3792114778,test_only,True,medium,True,ok,,0.6514285714285715,0.66576,0.757258722648499,1.0924934038349006,0.21041659102815813,0.48709285434815036,0.2121340712185548,0.21605691667765334,0.4521177747332454,-0.4724097613902501,-0.03910105364181607,408,catboost,0.10002681077328336,True,utility_gap;ece;nll,,42
ilpd,hist_gbdt,gbdt,categorical_covariate_shift,0.4,3486760989,test_only,True,medium,True,ok,,0.6628571428571428,0.66528,0.7545284854836872,1.088554504216776,0.20834382135427387,0.484345135045763,0.22513956989223774,0.20306809010941723,0.41325400749413227,-0.3300109908779709,-0.035958544107316165,408,catboost,0.10002681077328336,True,utility_gap;ece;nll,,42
ilpd,logreg,linear,categorical_covariate_shift,0.0,1097226971,test_only,True,medium,True,ok,,0.6742857142857143,0.69792,0.5600785045908087,0.8080224810816662,0.054217956668309475,0.37248134971140906,0.08313281719800765,0.0619688462329991,0.6384059032307153,-0.03583733282400352,0.0921645214846954,408,catboost,0.10002681077328336,True,nll,,42
ilpd,logreg,linear,categorical_covariate_shift,0.05,1345325302,test_only,True,medium,True,ok,,0.68,0.69904,0.5596879309540981,0.8074590024328819,0.05698711825371425,0.3721889884970734,0.0885132391838977,0.08034459166386851,0.616840825900976,0.011626345996617977,0.09302887561939256,408,catboost,0.10002681077328336,True,nll,,42
ilpd,logreg,linear,categorical_covariate_shift,0.1,2679274345,test_only,True,medium,True,ok,,0.68,0.70336,0.558216086099741,0.8053355791605431,0.045557651489061185,0.3704423829653789,0.060056288553681975,0.06017355659118896,0.6231887313999402,0.013982859388243521,0.09746379595402484,408,catboost,0.10002681077328336,True,nll,,42
ilpd,logreg,linear,categorical_covariate_shift,0.2,1008115364,test_only,True,medium,True,ok,,0.6857142857142857,0.70864,0.5568744722363625,0.803400039493059,0.041173116680816024,0.36906969034338316,0.05121360422030562,0.05606653639897003,0.6044012745247684,0.05951793157705493,0.10162650767306192,408,catboost,0.10002681077328336,True,nll,,42
ilpd,logreg,linear,categorical_covariate_shift,0.3,3792114778,test_only,True,medium,True,ok,,0.6685714285714286,0.6912,0.5619767034688795,0.81076100318968,0.06272125842889047,0.37409474196673403,0.09047154442830939,0.07516964357158551,0.6458487925560764,-0.055415366783884396,0.08643316164303218,408,catboost,0.10002681077328336,True,nll,,42
ilpd,logreg,linear,categorical_covariate_shift,0.4,3486760989,test_only,True,medium,True,ok,,0.6571428571428571,0.68496,0.568270408245475,0.8198408998596936,0.06331517702494605,0.3804184387584587,0.08998539959178323,0.06864887710668205,0.6619922525456842,-0.1208068648740554,0.07969212320853127,408,catboost,0.10002681077328336,True,nll,,42
ilpd,tabicl,icl,categorical_covariate_shift,0.0,1097226971,test_only,True,medium,True,ok,,0.6742857142857143,0.7185600000000001,0.5291373670771369,0.7633838554312284,0.07748247600970053,0.3686373971072898,0.08474439073508089,0.08966461422636116,0.9652268025600393,-0.421292666207476,0.10812720531154851,408,catboost,0.10002681077328336,True,nll,,42
ilpd,tabicl,icl,categorical_covariate_shift,0.05,1345325302,test_only,True,medium,True,ok,,0.7028571428571428,0.72512,0.5283817850384779,0.7622937809710704,0.06844943115376571,0.3673235446143853,0.08342864093838347,0.096482497757992,0.8221433807908874,-0.14687163102425982,0.11684255090649714,408,catboost,0.10002681077328336,True,nll,,42
ilpd,tabicl,icl,categorical_covariate_shift,0.1,2679274345,test_only,True,medium,True,ok,,0.68,0.72176,0.5292042354846225,0.7634803261511001,0.06757357360494852,0.36665611896885153,0.07331890117040188,0.09343013368844938,0.9330019499419706,-0.3482749048241088,0.11205718743368022,408,catboost,0.10002681077328336,True,nll,,42
ilpd,tabicl,icl,categorical_covariate_shift,0.2,1008115364,test_only,True,medium,True,ok,,0.6685714285714286,0.71232,0.5387516377158669,0.7772543160034886,0.07974002343542307,0.37504536048595016,0.09001227761868547,0.10299909307049593,0.9266641045047465,-0.41442091128204944,0.10047341479758311,408,catboost,0.10002681077328336,True,nll,,42
ilpd,tabicl,icl,categorical_covariate_shift,0.3,3792114778,test_only,True,medium,True,ok,,0.6971428571428572,0.71472,0.5327021804636541,0.7685267940256515,0.0680286524887147,0.3711519344483723,0.09485572109390486,0.0985700932699774,0.8182292561954428,-0.16205398690472111,0.1105596598659902,408,catboost,0.10002681077328336,True,nll,,42
ilpd,tabicl,icl,categorical_covariate_shift,0.4,3486760989,test_only,True,medium,True,ok,,0.72,0.71584,0.5307026827226687,0.7656421285504632,0.09739386163004449,0.37098991545894183,0.12304797020211565,0.0992050440213699,0.7134943002372175,0.06027694637748245,0.10937258910885214,408,catboost,0.10002681077328336,True,nll,,42
ilpd,tabpfn,icl,categorical_covariate_shift,0.0,1097226971,test_only,True,medium,True,ok,,0.6685714285714286,0.7103999999999999,0.5288307423487878,0.7629414894562253,0.09192000863256486,0.36322643548634387,0.07924001872955945,0.08975157840427227,1.0023823726808183,-0.3334042498721489,0.10165926572233366,408,catboost,0.10002681077328336,True,nll,,42
ilpd,tabpfn,icl,categorical_covariate_shift,0.05,1345325302,test_only,True,medium,True,ok,,0.6742857142857143,0.70448,0.5302488404178098,0.7649873725078976,0.07120418236890172,0.3642362812291962,0.07811135808726467,0.0805809897503743,0.9612709066522928,-0.26992074611203165,0.10397380891670747,408,catboost,0.10002681077328336,True,nll,,42
ilpd,tabpfn,icl,categorical_covariate_shift,0.1,2679274345,test_only,True,medium,True,ok,,0.6857142857142857,0.71824,0.5243666475939308,0.7565011620913347,0.07593851134450912,0.3588365550301574,0.07476811556791794,0.09437665540614903,0.9549514860872336,-0.2029513499887594,0.11210309196084066,408,catboost,0.10002681077328336,True,nll,,42
ilpd,tabpfn,icl,categorical_covariate_shift,0.2,1008115364,test_only,True,medium,True,ok,,0.6685714285714286,0.71152,0.5297207476243776,0.7642254956536837,0.09663717957003262,0.363104754495546,0.07291642483444077,0.08367763048281554,1.0099648368951863,-0.33521100234586904,0.10072262967560265,408,catboost,0.10002681077328336,True,nll,,42
ilpd,tabpfn,icl,categorical_covariate_shift,0.3,3792114778,test_only,True,medium,True,ok,,0.6914285714285714,0.70752,0.5307264454319961,0.7656764108933678,0.06751329689666864,0.3644688692270065,0.08390959300732488,0.09216496522521463,0.88423757018633,-0.12044703177215726,0.10814070306694165,408,catboost,0.10002681077328336,True,nll,,42
ilpd,tabpfn,icl,categorical_covariate_shift,0.4,3486760989,test_only,True,medium,True,ok,,0.6628571428571428,0.70016,0.5343944775050143,0.7709682625749329,0.07916429304697606,0.3676317114513234,0.0772840052931739,0.07408219910369396,0.9935392624177155,-0.325171734974866,0.09736123404669636,408,catboost,0.10002681077328336,True,nll,,42
ilpd,xgboost,gbdt,categorical_covariate_shift,0.0,1097226971,test_only,True,medium,True,ok,,0.6342857142857142,0.6624,0.9264078874879247,1.3365240651192498,0.24106051144840057,0.5390893095477763,0.2410885711785014,0.2633535036408515,0.40576256025213253,-0.6579824845061666,-0.12218646468259795,408,catboost,0.10002681077328336,True,utility_gap;ece;nll,,42
ilpd,xgboost,gbdt,categorical_covariate_shift,0.05,1345325302,test_only,True,medium,True,ok,,0.6285714285714286,0.6592,0.9314015705365315,1.343728426889246,0.24790669771472523,0.544951343109307,0.24793475744482604,0.25557940719315,0.42193679867111217,-0.7297680641649191,-0.1276941533240046,408,catboost,0.10002681077328336,True,utility_gap;ece;nll,,42
ilpd,xgboost,gbdt,categorical_covariate_shift,0.1,2679274345,test_only,True,medium,True,ok,,0.6285714285714286,0.66,0.9273601166847514,1.3378978414593012,0.24551113699702298,0.5439671266941541,0.2501138886667351,0.26609317002744304,0.42203241446031103,-0.7210525170160972,-0.12518586555148067,408,catboost,0.10002681077328336,True,utility_gap;ece;nll,,42
ilpd,xgboost,gbdt,categorical_covariate_shift,0.2,1008115364,test_only,True,medium,True,ok,,0.6342857142857142,0.6584,0.9272357824691364,1.3377184651030207,0.24066329618022114,0.5427042261838995,0.2406913559103219,0.2548711293443114,0.39911017550352273,-0.6320020261411451,-0.12386534162409332,408,catboost,0.10002681077328336,True,utility_gap;ece;nll,,42
ilpd,xgboost,gbdt,categorical_covariate_shift,0.3,3792114778,test_only,True,medium,True,ok,,0.6457142857142857,0.656,0.9373022610429942,1.3522413238207405,0.24524372513131004,0.5443584216100671,0.2443724085273891,0.2576308924460342,0.35189096116115975,-0.4496704952986213,-0.12826399931534127,408,catboost,0.10002681077328336,True,utility_gap;ece;nll,,42
ilpd,xgboost,gbdt,categorical_covariate_shift,0.4,3486760989,test_only,True,medium,True,ok,,0.6342857142857142,0.65664,0.9075153078734967,1.3092678341999144,0.24563272005245293,0.5370318541035827,0.23530334685227142,0.24082152473615903,0.408233871298309,-0.633558425183256,-0.1169400371276078,408,catboost,0.10002681077328336,True,utility_gap;ece;nll,,42
kc1,catboost,gbdt,categorical_covariate_shift,0.0,2604035634,test_only,False,low,False,skipped,shift not applicable: dataset has no categorical features,,,,,,,,,,,,0,,,True,undefined,,42
kc1,catboost,gbdt,categorical_covariate_shift,0.05,15234117,test_only,False,low,False,skipped,shift not applicable: dataset has no categorical features,,,,,,,,,,,,0,,,True,undefined,,42
kc1,catboost,gbdt,categorical_covariate_shift,0.1,900490517,test_only,False,low,False,skipped,shift not applicable: dataset has no categorical features,,,,,,,,,,,,0,,,True,undefined,,42
kc1,catboost,gbdt,categorical_covariate_shift,0.2,2120849866,test_only,False,low,False,skipped,shift not applicable: dataset has no categorical features,,,,,,,,,,,,0,,,True,undefined,,42
kc1,catboost,gbdt,categorical_covariate_shift,0.3,1213141149,test_only,False,low,False,skipped,shift not applicable: dataset has no categorical features,,,,,,,,,,,,0,,,True,undefined,,42
kc1,catboost,gbdt,categorical_covariate_shift,0.4,3929420664,test_only,False,low,False,skipped,shift not applicable: dataset has no categorical features,,,,,,,,,,,,0,,,True,undefined,,42
kc1,hist_gbdt,gbdt,categorical_covariate_shift,0.0,2604035634,test_only,False,low,False,skipped,shift not applicable: dataset has no categorical features,,,,,,,,,,,,0,,,True,undefined,,42
kc1,hist_gbdt,gbdt,categorical_covariate_shift,0.05,15234117,test_only,False,low,False,skipped,shift not applicable: dataset has no categorical features,,,,,,,,,,,,0,,,True,undefined,,42
kc1,hist_gbdt,gbdt,categorical_covariate_shift,0.1,900490517,test_only,False,low,False,skipped,shift not applicable: dataset has no categorical features,,,,,,,,,,,,0,,,True,undefined,,42
kc1,hist_gbdt,gbdt,categorical_covariate_shift,0.2,2120849866,test_only,False,low,False,skipped,shift not applicable: dataset has no categorical features,,,,,,,,,,,,0,,,True,undefined,,42
kc1,hist_gbdt,gbdt,categorical_covariate_shift,0.3,1213141149,test_only,False,low,False,skipped,shift not applicable: dataset has no categorical features,,,,,,,,,,,,0,,,True,undefined,,42
kc1,hist_gbdt,gbdt,categorical_covariate_shift,0.4,3929420664,test_only,False,low,False,skipped,shift not applicable: dataset has no categorical features,,,,,,,,,,,,0,,,True,undefined,,42
kc1,logreg,linear,categorical_covariate_shift,0.0,2604035634,test_only,False,low,False,skipped,shift not applicable: dataset has no categorical features,,,,,,,,,,,,0,,,True,undefined,,42
kc1,logreg,linear,categorical_covariate_shift,0.05,15234117,test_only,False,low,False,skipped,shift not applicable: dataset has no categorical features,,,,,,,,,,,,0,,,True,undefined,,42
kc1,logreg,linear,categorical_covariate_shift,0.1,900490517,test_only,False,low,False,skipped,shift not applicable: dataset has no categorical features,,,,,,,,,,,,0,,,True,undefined,,42
kc1,logreg,linear,categorical_covariate_shift,0.2,2120849866,test_only,False,low,False,skipped,shift not applicable: dataset has no categorical features,,,,,,,,,,,,0,,,True,undefined,,42
kc1,logreg,linear,categorical_covariate_shift,0.3,1213141149,test_only,False,low,False,skipped,shift not applicable: dataset has no categorical features,,,,,,,,,,,,0,,,True,undefined,,42
kc1,logreg,linear,categorical_covariate_shift,0.4,3929420664,test_only,False,low,False,skipped,shift not applicable: dataset has no categorical features,,,,,,,,,,,,0,,,True,undefined,,42
kc1,tabicl,icl,categorical_covariate_shift,0.0,2604035634,test_only,False,low,False,skipped,shift not applicable: dataset has no categorical features,,,,,,,,,,,,0,,,True,undefined,,42
kc1,tabicl,icl,categorical_covariate_shift,0.05,15234117,test_only,False,low,False,skipped,shift not applicable: dataset has no categorical features,,,,,,,,,,,,0,,,True,undefined,,42
kc1,tabicl,icl,categorical_covariate_shift,0.1,900490517,test_only,False,low,False,skipped,shift not applicable: dataset has no categorical features,,,,,,,,,,,,0,,,True,undefined,,42
kc1,tabicl,icl,categorical_covariate_shift,0.2,2120849866,test_only,False,low,False,skipped,shift not applicable: dataset has no categorical features,,,,,,,,,,,,0,,,True,undefined,,42
kc1,tabicl,icl,categorical_covariate_shift,0.3,1213141149,test_only,False,low,False,skipped,shift not applicable: dataset has no categorical features,,,,,,,,,,,,0,,,True,undefined,,42
kc1,tabicl,icl,categorical_covariate_shift,0.4,3929420664,test_only,False,low,False,skipped,shift not applicable: dataset has no categorical features,,,,,,,,,,,,0,,,True,undefined,,42
kc1,tabpfn,icl,categorical_covariate_shift,0.0,2604035634,test_only,False,low,False,skipped,shift not applicable: dataset has no categorical features,,,,,,,,,,,,0,,,True,undefined,,42
kc1,tabpfn,icl,categorical_covariate_shift,0.05,15234117,test_only,False,low,False,skipped,shift not applicable: dataset has no categorical features,,,,,,,,,,,,0,,,True,undefined,,42
kc1,tabpfn,icl,categorical_covariate_shift,0.1,900490517,test_only,False,low,False,skipped,shift not applicable: dataset has no categorical features,,,,,,,,,,,,0,,,True,undefined,,42
kc1,tabpfn,icl,categorical_covariate_shift,0.2,2120849866,test_only,False,low,False,skipped,shift not applicable: dataset has no categorical features,,,,,,,,,,,,0,,,True,undefined,,42
kc1,tabpfn,icl,categorical_covariate_shift,0.3,1213141149,test_only,False,low,False,skipped,shift not applicable: dataset has no categorical features,,,,,,,,,,,,0,,,True,undefined,,42
kc1,tabpfn,icl,categorical_covariate_shift,0.4,3929420664,test_only,False,low,False,skipped,shift not applicable: dataset has no categorical features,,,,,,,,,,,,0,,,True,undefined,,42
kc1,xgboost,gbdt,categorical_covariate_shift,0.0,2604035634,test_only,False,low,False,skipped,shift not applicable: dataset has no categorical features,,,,,,,,,,,,0,,,True,undefined,,42
kc1,xgboost,gbdt,categorical_covariate_shift,0.05,15234117,test_only,False,low,False,skipped,shift not applicable: dataset has no categorical features,,,,,,,,,,,,0,,,True,undefined,,42
kc1,xgboost,gbdt,categorical_covariate_shift,0.1,900490517,test_only,False,low,False,skipped,shift not applicable: dataset has no categorical features,,,,,,,,,,,,0,,,True,undefined,,42
kc1,xgboost,gbdt,categorical_covariate_shift,0.2,2120849866,test_only,False,low,False,skipped,shift not applicable: dataset has no categorical features,,,,,,,,,,,,0,,,True,undefined,,42
kc1,xgboost,gbdt,categorical_covariate_shift,0.3,1213141149,test_only,False,low,False,skipped,shift not applicable: dataset has no categorical features,,,,,,,,,,,,0,,,True,undefined,,42
kc1,xgboost,gbdt,categorical_covariate_shift,0.4,3929420664,test_only,False,low,False,skipped,shift not applicable: dataset has no categorical features,,,,,,,,,,,,0,,,True,undefined,,42
kr-vs-kp,catboost,gbdt,categorical_covariate_shift,0.0,943028683,test_only,True,low,True,ok,,0.9947862356621481,0.9994160151313095,0.0346410581007946,0.04997648273316282,0.018487645146979557,0.013095593124729679,0.01848764514697936,0.01869630068909023,1.3105465704424963,1.0189383132611733,0.4803230667959358,2237,xgboost,0.4858585039934968,False,,,42
kr-vs-kp,catboost,gbdt,categorical_covariate_shift,0.05,6458182,test_only,True,medium,True,ok,,0.9280500521376434,0.9632307437526693,0.2622976668548994,0.37841554320830884,0.042362103361504845,0.12637039967978672,0.04059023810339696,0.04661661894475419,0.552701007836608,0.38109387285859264,0.3543411844992871,2237,xgboost,0.4858585039934968,True,utility_gap,,42
kr-vs-kp,catboost,gbdt,categorical_covariate_shift,0.1,714117598,test_only,True,medium,True,ok,,0.8884254431699687,0.9361974740475382,0.40037085861512517,0.5776130522404974,0.07434203564714227,0.19900819395559535,0.06979109439481658,0.0824046753874966,0.449305123377455,0.38739251104655437,0.272780609590556,2237,xgboost,0.4858585039934968,True,utility_gap,,42
kr-vs-kp,catboost,gbdt,categorical_covariate_shift,0.2,2275868874,test_only,True,medium,True,ok,,0.8070907194994786,0.8710003573638749,0.6246378862955307,0.9011619809099264,0.12500280145244536,0.3208893271940005,0.12500280145244547,0.12484164710931352,0.38751123992443465,0.11946455348432672,0.13056457843881097,2237,xgboost,0.4858585039934968,True,utility_gap;ece;nll,,42
kr-vs-kp,catboost,gbdt,categorical_covariate_shift,0.3,2652179152,test_only,True,low,True,ok,,0.7413972888425443,0.8179623286178733,0.7500176349976738,1.0820467225904127,0.17106278179114248,0.42221528149816356,0.1612267035622822,0.17256097260475176,0.35215814761006414,0.03101545703257272,0.03866983520728496,2237,xgboost,0.4858585039934968,True,utility_gap;ece;nll,,42
kr-vs-kp,catboost,gbdt,categorical_covariate_shift,0.4,2313395158,test_only,True,low,True,ok,,0.6736183524504692,0.722563606411631,0.8736333442455678,1.2603864932983213,0.18557640616526544,0.5100335047929624,0.1884978990101831,0.1988137561833757,0.2206141993516767,0.19124338706380378,-0.06129121411090828,2237,xgboost,0.4858585039934968,True,utility_gap;ece;nll,,42
kr-vs-kp,hist_gbdt,gbdt,categorical_covariate_shift,0.0,943028683,test_only,True,low,True,ok,,0.9937434827945777,0.9998496456867924,0.016496103158933014,0.023798846221385422,0.004258133333479744,0.009323750413884621,0.0009378103617058578,0.0066564059389777296,1.164333237107201,-0.340313666971476,0.4910176178764524,2237,xgboost,0.4858585039934968,False,,,42
kr-vs-kp,hist_gbdt,gbdt,categorical_covariate_shift,0.05,6458182,test_only,True,medium,True,ok,,0.9228362877997914,0.9488403106450854,0.5165360636507904,0.7452040174693013,0.06677299087769778,0.144681526985044,0.06486710805261639,0.06995826692283515,0.24475709545000496,0.6561380035930904,0.23360374847941862,2237,xgboost,0.4858585039934968,True,utility_gap,,42
kr-vs-kp,hist_gbdt,gbdt,categorical_covariate_shift,0.1,714117598,test_only,True,medium,True,ok,,0.8852971845672576,0.9076519450182604,0.839670214171197,1.2113880539669597,0.1042904267768996,0.2227206420967844,0.0998544860512593,0.11385550733072855,0.12658349356561344,1.0778678595190705,0.06619825689601194,2237,xgboost,0.4858585039934968,True,utility_gap;ece;nll,,42
kr-vs-kp,hist_gbdt,gbdt,categorical_covariate_shift,0.2,2275868874,test_only,True,medium,True,ok,,0.7904066736183525,0.8317230168483992,1.4658188479395289,2.114729582763932,0.1945009351803724,0.40411265574196725,0.19051914641228326,0.2022942572279385,0.14232737051440775,0.27049724844212425,-0.2636550049255615,2237,xgboost,0.4858585039934968,True,utility_gap;ece;nll,,42
kr-vs-kp,hist_gbdt,gbdt,categorical_covariate_shift,0.3,2652179152,test_only,True,low,True,ok,,0.721584984358707,0.7681253214095827,1.9756408219172155,2.8502472163577623,0.2592223043614389,0.5272112319878728,0.25896397265569393,0.2645423841259789,0.14706790175260676,-0.15795183980448096,-0.5298370156324566,2237,xgboost,0.4858585039934968,True,utility_gap;ece;nll,,42
kr-vs-kp,hist_gbdt,gbdt,categorical_covariate_shift,0.4,2313395158,test_only,True,low,True,ok,,0.6652763295099061,0.6990582154468354,2.4624930036563364,3.5526264445987645,0.3163233767654526,0.6477737087918239,0.31453444699993055,0.32496199022541783,0.10254801417843168,-0.0944743548996787,-0.7845907838998416,2237,xgboost,0.4858585039934968,True,utility_gap;ece;nll,,42
kr-vs-kp,logreg,linear,categorical_covariate_shift,0.0,943028683,test_only,True,low,True,ok,,0.9697601668404588,0.9931011339765883,0.11291075872859425,0.1628957916807532,0.03880543465761943,0.05678958586358548,0.038578661139952106,0.03867213210147703,1.1979302081038674,0.7133391945818904,0.4364195974821249,2237,xgboost,0.4858585039934968,True,utility_gap,,42
kr-vs-kp,logreg,linear,categorical_covariate_shift,0.05,6458182,test_only,True,medium,True,ok,,0.8894681960375391,0.9317042770354488,0.4462829228595779,0.6438501596429448,0.05822173549340732,0.1895596931608068,0.052406861065009365,0.07135179120284169,0.2142892771378754,1.1263430594148418,0.254717331376473,2237,xgboost,0.4858585039934968,True,utility_gap,,42
kr-vs-kp,logreg,linear,categorical_covariate_shift,0.1,714117598,test_only,True,medium,True,ok,,0.8331595411887383,0.9024091554881504,0.6921394529656705,0.9985461563971728,0.10060318632745197,0.2678945261588903,0.09807840660141713,0.11788096346087851,0.18983277253730535,0.6788083117319774,0.12113265141452113,2237,xgboost,0.4858585039934968,True,utility_gap;ece;nll,,42
kr-vs-kp,logreg,linear,categorical_covariate_shift,0.2,2275868874,test_only,True,medium,True,ok,,0.7403545359749739,0.8310366167228862,1.1552616674929452,1.6666902786211868,0.20133498842401407,0.44802536309359203,0.19859659261701804,0.2163244601514468,0.18927612787488235,-0.02144666169666969,-0.13835808502190264,2237,xgboost,0.4858585039934968,True,utility_gap;ece;nll,,42
kr-vs-kp,logreg,linear,categorical_covariate_shift,0.3,2652179152,test_only,True,low,True,ok,,0.6903023983315955,0.7775235555090692,1.7348662797632652,2.502882978419948,0.2551235697678605,0.5528540464317143,0.25443826368663963,0.2692630532599092,0.13227722947671994,-0.07894074656771183,-0.4262110033016429,2237,xgboost,0.4858585039934968,True,utility_gap;ece;nll,,42
kr-vs-kp,logreg,linear,categorical_covariate_shift,0.4,2313395158,test_only,True,low,True,ok,,0.6339937434827946,0.7224415797226508,2.090232078938033,3.0155674545909283,0.3130094690618239,0.6522856294379126,0.313009469061824,0.3143746275741651,0.12224524003341558,-0.2811965086918918,-0.6193185157642963,2237,xgboost,0.4858585039934968,True,utility_gap;ece;nll,,42
kr-vs-kp,tabicl,icl,categorical_covariate_shift,0.0,943028683,test_only,True,low,True,ok,,0.9937434827945777,0.9995946970687446,0.023294039262963716,0.03360619492695056,0.003827760324506456,0.010973664868949589,0.00131100167211409,0.004616642082111461,0.7089369444233024,0.42774306352908753,0.48807225585026076,2237,xgboost,0.4858585039934968,False,,,42
kr-vs-kp,tabicl,icl,categorical_covariate_shift,0.05,6458182,test_only,True,medium,True,ok,,0.8905109489051095,0.9498949698855564,0.4804690049902494,0.6931702508002875,0.0828106183408179,0.1926518307115669,0.0780540942069718,0.09563522087075609,0.3209896734069396,0.2852241181663609,0.24152668288746124,2237,xgboost,0.4858585039934968,True,utility_gap,,42
kr-vs-kp,tabicl,icl,categorical_covariate_shift,0.1,714117598,test_only,True,medium,True,ok,,0.8300312825860271,0.909247008167072,0.6395919196681705,0.922736090697922,0.12141107081726919,0.29140952368959167,0.1156267712365929,0.14756998598029708,0.3136781235176249,0.21589624750955738,0.14163810387354886,2237,xgboost,0.4858585039934968,True,utility_gap;ece;nll,,42
kr-vs-kp,tabicl,icl,categorical_covariate_shift,0.2,2275868874,test_only,True,medium,True,ok,,0.721584984358707,0.8169512503377525,0.9641698404353654,1.3910030473708048,0.21589819090211265,0.4787135600424784,0.2078479341978355,0.23787196720268505,0.27380158468450405,-0.06026997863020537,-0.06630986711964454,2237,xgboost,0.4858585039934968,True,utility_gap;ece;nll,,42
kr-vs-kp,tabicl,icl,categorical_covariate_shift,0.3,2652179152,test_only,True,low,True,ok,,0.6694473409801877,0.7740566901132233,0.9857062149758257,1.422073468119054,0.238849678372821,0.5447146871192459,0.23141638303030526,0.2509859227580266,0.29743514207896377,-0.20106244675239038,-0.10305503342362413,2237,xgboost,0.4858585039934968,True,utility_gap;ece;nll,,42
kr-vs-kp,tabicl,icl,categorical_covariate_shift,0.4,2313395158,test_only,True,low,True,ok,,0.62148070907195,0.7075913674833738,1.117237849943311,1.6118335056066628,0.2658527310568396,0.6185567024110371,0.2644853560155797,0.2654801951945269,0.2179992967350383,-0.1334888267659523,-0.1958415129133934,2237,xgboost,0.4858585039934968,True,utility_gap;ece;nll,,42
kr-vs-kp,tabpfn,icl,categorical_covariate_shift,0.0,943028683,test_only,True,low,True,ok,,0.9906152241918665,0.9995859808766746,0.02515955859455053,0.03629757041531335,0.00478682830413322,0.012291419474643685,0.0049201328807161205,0.00502636658887754,1.0165013379030727,-1.0213347458595496,0.48660074015019544,2237,xgboost,0.4858585039934968,False,,,42
kr-vs-kp,tabpfn,icl,categorical_covariate_shift,0.05,6458182,test_only,True,medium,True,ok,,0.8978102189781022,0.9501390232635166,0.44446745867490456,0.6412309984668051,0.06916468928079667,0.17345905896716038,0.06297846366088976,0.0845558456926138,0.3127277261776333,0.45190890058840577,0.26101795359274516,2237,xgboost,0.4858585039934968,True,utility_gap,,42
kr-vs-kp,tabpfn,icl,categorical_covariate_shift,0.1,714117598,test_only,True,medium,True,ok,,0.8519290928050052,0.9117006162347792,0.584255401581061,0.8429023704735866,0.09429428732207928,0.24817906524242522,0.09517832866378788,0.13120379885344763,0.2817979340034352,0.48270820842185946,0.17515501099643166,2237,xgboost,0.4858585039934968,True,utility_gap;nll,,42
kr-vs-kp,tabpfn,icl,categorical_covariate_shift,0.2,2275868874,test_only,True,medium,True,ok,,0.7455683003128258,0.8148767966250905,0.9334712581299849,1.3467143549165106,0.1839652829831564,0.43477474389780096,0.1846370792670238,0.2263211323020788,0.22266656393499631,0.22147276911775163,-0.04376523920587893,2237,xgboost,0.4858585039934968,True,utility_gap;ece;nll,,42
kr-vs-kp,tabpfn,icl,categorical_covariate_shift,0.3,2652179152,test_only,True,low,True,ok,,0.694473409801877,0.7698227998152167,1.0160973881567414,1.4659186629539591,0.23405561262559738,0.5240786120113496,0.22973162837754063,0.2563003787664917,0.27528202082908626,-0.1267250560142819,-0.11297773000569988,2237,xgboost,0.4858585039934968,True,utility_gap;ece;nll,,42
kr-vs-kp,tabpfn,icl,categorical_covariate_shift,0.4,2313395158,test_only,True,low,True,ok,,0.6204379562043796,0.7054188566099242,1.1224360948590606,1.619332987767941,0.29566345586347786,0.6192445224869608,0.2956634558634778,0.3002021728116654,0.380840335973168,-0.7044592379643383,-0.20497029425894744,2237,xgboost,0.4858585039934968,True,utility_gap;ece;nll,,42
kr-vs-kp,xgboost,gbdt,categorical_covariate_shift,0.0,943028683,test_only,True,low,True,ok,,0.9916579770594369,0.999509714196062,0.02675046674613191,0.03859276571610963,0.005703814096037897,0.013644968428431336,0.005899016385940275,0.008752526042821743,1.166109100499207,0.2771174936228569,0.4858585039934968,2237,xgboost,0.4858585039934968,False,,,42
kr-vs-kp,xgboost,gbdt,categorical_covariate_shift,0.05,6458182,test_only,True,medium,True,ok,,0.9259645464025026,0.9540199077826881,0.42279483286515934,0.6099640086880436,0.060979395564729685,0.14009970403995417,0.05626508923428961,0.06511217565869734,0.23854303972093854,0.9787574089723645,0.27761656796495715,2237,xgboost,0.4858585039934968,True,utility_gap,,42
kr-vs-kp,xgboost,gbdt,categorical_covariate_shift,0.1,714117598,test_only,True,medium,True,ok,,0.8873826903023984,0.929335651840424,0.6378124692217191,0.9201688863633187,0.09319920898645334,0.20858299722347662,0.08708115430478727,0.10219133751641658,0.21199504488153093,0.6913992967974452,0.16368437398322183,2237,xgboost,0.4858585039934968,True,utility_gap;nll,,42
kr-vs-kp,xgboost,gbdt,categorical_covariate_shift,0.2,2275868874,test_only,True,medium,True,ok,,0.786235662148071,0.8573682329663816,1.1530378351405324,1.6634819667145924,0.18470996082739907,0.3897525999832114,0.18298972124473295,0.19288080075799044,0.2227376463905727,-0.10971288980013927,-0.11797235131941329,2237,xgboost,0.4858585039934968,True,utility_gap;ece;nll,,42
kr-vs-kp,xgboost,gbdt,categorical_covariate_shift,0.3,2652179152,test_only,True,low,True,ok,,0.7267987486965589,0.8011553312588796,1.5604194929848585,2.251209464235726,0.24748869273220636,0.5107313547887476,0.2443349534950141,0.24934691320788488,0.1731742371223277,-0.13677185046186877,-0.33543639957206745,2237,xgboost,0.4858585039934968,True,utility_gap;ece;nll,,42
kr-vs-kp,xgboost,gbdt,categorical_covariate_shift,0.4,2313395158,test_only,True,low,True,ok,,0.6465067778936392,0.711332792929425,2.0092732118692544,2.898768498554813,0.3262961922970668,0.6551614077246747,0.32537748368671965,0.327136115804343,0.16228525532368968,-0.4235827004531745,-0.5889472938165127,2237,xgboost,0.4858585039934968,True,utility_gap;ece;nll,,42
mfeat-factors,catboost,gbdt,categorical_covariate_shift,0.0,315466443,test_only,True,low,False,skipped,shift not applicable: dataset has no categorical features,,,,,,,,,,,,0,,,True,undefined,,42
mfeat-factors,catboost,gbdt,categorical_covariate_shift,0.05,980260004,test_only,True,low,False,skipped,shift not applicable: dataset has no categorical features,,,,,,,,,,,,0,,,True,undefined,,42
mfeat-factors,catboost,gbdt,categorical_covariate_shift,0.1,986908574,test_only,True,low,False,skipped,shift not applicable: dataset has no categorical features,,,,,,,,,,,,0,,,True,undefined,,42
mfeat-factors,catboost,gbdt,categorical_covariate_shift,0.2,3305257961,test_only,True,low,False,skipped,shift not applicable: dataset has no categorical features,,,,,,,,,,,,0,,,True,undefined,,42
mfeat-factors,catboost,gbdt,categorical_covariate_shift,0.3,1168337876,test_only,True,low,False,skipped,shift not applicable: dataset has no categorical features,,,,,,,,,,,,0,,,True,undefined,,42
mfeat-factors,catboost,gbdt,categorical_covariate_shift,0.4,2081410614,test_only,True,low,False,skipped,shift not applicable: dataset has no categorical features,,,,,,,,,,,,0,,,True,undefined,,42
mfeat-factors,hist_gbdt,gbdt,categorical_covariate_shift,0.0,315466443,test_only,True,low,False,skipped,shift not applicable: dataset has no categorical features,,,,,,,,,,,,0,,,True,undefined,,42
mfeat-factors,hist_gbdt,gbdt,categorical_covariate_shift,0.05,980260004,test_only,True,low,False,skipped,shift not applicable: dataset has no categorical features,,,,,,,,,,,,0,,,True,undefined,,42
mfeat-factors,hist_gbdt,gbdt,categorical_covariate_shift,0.1,986908574,test_only,True,low,False,skipped,shift not applicable: dataset has no categorical features,,,,,,,,,,,,0,,,True,undefined,,42
mfeat-factors,hist_gbdt,gbdt,categorical_covariate_shift,0.2,3305257961,test_only,True,low,False,skipped,shift not applicable: dataset has no categorical features,,,,,,,,,,,,0,,,True,undefined,,42
mfeat-factors,hist_gbdt,gbdt,categorical_covariate_shift,0.3,1168337876,test_only,True,low,False,skipped,shift not applicable: dataset has no categorical features,,,,,,,,,,,,0,,,True,undefined,,42
mfeat-factors,hist_gbdt,gbdt,categorical_covariate_shift,0.4,2081410614,test_only,True,low,False,skipped,shift not applicable: dataset has no categorical features,,,,,,,,,,,,0,,,True,undefined,,42
mfeat-factors,logreg,linear,categorical_covariate_shift,0.0,315466443,test_only,True,low,False,skipped,shift not applicable: dataset has no categorical features,,,,,,,,,,,,0,,,True,undefined,,42
mfeat-factors,logreg,linear,categorical_covariate_shift,0.05,980260004,test_only,True,low,False,skipped,shift not applicable: dataset has no categorical features,,,,,,,,,,,,0,,,True,undefined,,42
mfeat-factors,logreg,linear,categorical_covariate_shift,0.1,986908574,test_only,True,low,False,skipped,shift not applicable: dataset has no categorical features,,,,,,,,,,,,0,,,True,undefined,,42
mfeat-factors,logreg,linear,categorical_covariate_shift,0.2,3305257961,test_only,True,low,False,skipped,shift not applicable: dataset has no categorical features,,,,,,,,,,,,0,,,True,undefined,,42
mfeat-factors,logreg,linear,categorical_covariate_shift,0.3,1168337876,test_only,True,low,False,skipped,shift not applicable: dataset has no categorical features,,,,,,,,,,,,0,,,True,undefined,,42
mfeat-factors,logreg,linear,categorical_covariate_shift,0.4,2081410614,test_only,True,low,False,skipped,shift not applicable: dataset has no categorical features,,,,,,,,,,,,0,,,True,undefined,,42
mfeat-factors,tabicl,icl,categorical_covariate_shift,0.0,315466443,test_only,True,low,False,skipped,shift not applicable: dataset has no categorical features,,,,,,,,,,,,0,,,True,undefined,,42
mfeat-factors,tabicl,icl,categorical_covariate_shift,0.05,980260004,test_only,True,low,False,skipped,shift not applicable: dataset has no categorical features,,,,,,,,,,,,0,,,True,undefined,,42
mfeat-factors,tabicl,icl,categorical_covariate_shift,0.1,986908574,test_only,True,low,False,skipped,shift not applicable: dataset has no categorical features,,,,,,,,,,,,0,,,True,undefined,,42
mfeat-factors,tabicl,icl,categorical_covariate_shift,0.2,3305257961,test_only,True,low,False,skipped,shift not applicable: dataset has no categorical features,,,,,,,,,,,,0,,,True,undefined,,42
mfeat-factors,tabicl,icl,categorical_covariate_shift,0.3,1168337876,test_only,True,low,False,skipped,shift not applicable: dataset has no categorical features,,,,,,,,,,,,0,,,True,undefined,,42
mfeat-factors,tabicl,icl,categorical_covariate_shift,0.4,2081410614,test_only,True,low,False,skipped,shift not applicable: dataset has no categorical features,,,,,,,,,,,,0,,,True,undefined,,42
mfeat-factors,tabpfn,icl,categorical_covariate_shift,0.0,315466443,test_only,True,low,False,skipped,shift not applicable: dataset has no categorical features,,,,,,,,,,,,0,,,True,undefined,,42
mfeat-factors,tabpfn,icl,categorical_covariate_shift,0.05,980260004,test_only,True,low,False,skipped,shift not applicable: dataset has no categorical features,,,,,,,,,,,,0,,,True,undefined,,42
mfeat-factors,tabpfn,icl,categorical_covariate_shift,0.1,986908574,test_only,True,low,False,skipped,shift not applicable: dataset has no categorical features,,,,,,,,,,,,0,,,True,undefined,,42
mfeat-factors,tabpfn,icl,categorical_covariate_shift,0.2,3305257961,test_only,True,low,False,skipped,shift not applicable: dataset has no categorical features,,,,,,,,,,,,0,,,True,undefined,,42
mfeat-factors,tabpfn,icl,categorical_covariate_shift,0.3,1168337876,test_only,True,low,False,skipped,shift not applicable: dataset has no categorical features,,,,,,,,,,,,0,,,True,undefined,,42
mfeat-factors,tabpfn,icl,categorical_covariate_shift,0.4,2081410614,test_only,True,low,False,skipped,shift not applicable: dataset has no categorical features,,,,,,,,,,,,0,,,True,undefined,,42
mfeat-factors,xgboost,gbdt,categorical_covariate_shift,0.0,315466443,test_only,True,low,False,skipped,shift not applicable: dataset has no categorical features,,,,,,,,,,,,0,,,True,undefined,,42
mfeat-factors,xgboost,gbdt,categorical_covariate_shift,0.05,980260004,test_only,True,low,False,skipped,shift not applicable: dataset has no categorical features,,,,,,,,,,,,0,,,True,undefined,,42
mfeat-factors,xgboost,gbdt,categorical_covariate_shift,0.1,986908574,test_only,True,low,False,skipped,shift not applicable: dataset has no categorical features,,,,,,,,,,,,0,,,True,undefined,,42
mfeat-factors,xgboost,gbdt,categorical_covariate_shift,0.2,3305257961,test_only,True,low,False,skipped,shift not applicable: dataset has no categorical features,,,,,,,,,,,,0,,,True,undefined,,42
mfeat-factors,xgboost,gbdt,categorical_covariate_shift,0.3,1168337876,test_only,True,low,False,skipped,shift not applicable: dataset has no categorical features,,,,,,,,,,,,0,,,True,undefined,,42
mfeat-factors,xgboost,gbdt,categorical_covariate_shift,0.4,2081410614,test_only,True,low,False,skipped,shift not applicable: dataset has no categorical features,,,,,,,,,,,,0,,,True,undefined,,42
mfeat-fourier,catboost,gbdt,categorical_covariate_shift,0.0,2852221534,test_only,True,low,False,skipped,shift not applicable: dataset has no categorical features,,,,,,,,,,,,0,,,True,undefined,,42
mfeat-fourier,catboost,gbdt,categorical_covariate_shift,0.05,585159812,test_only,True,low,False,skipped,shift not applicable: dataset has no categorical features,,,,,,,,,,,,0,,,True,undefined,,42
mfeat-fourier,catboost,gbdt,categorical_covariate_shift,0.1,3931948107,test_only,True,low,False,skipped,shift not applicable: dataset has no categorical features,,,,,,,,,,,,0,,,True,undefined,,42
mfeat-fourier,catboost,gbdt,categorical_covariate_shift,0.2,3051147181,test_only,True,low,False,skipped,shift not applicable: dataset has no categorical features,,,,,,,,,,,,0,,,True,undefined,,42
mfeat-fourier,catboost,gbdt,categorical_covariate_shift,0.3,1248971836,test_only,True,low,False,skipped,shift not applicable: dataset has no categorical features,,,,,,,,,,,,0,,,True,undefined,,42
mfeat-fourier,catboost,gbdt,categorical_covariate_shift,0.4,2509697321,test_only,True,low,False,skipped,shift not applicable: dataset has no categorical features,,,,,,,,,,,,0,,,True,undefined,,42
mfeat-fourier,hist_gbdt,gbdt,categorical_covariate_shift,0.0,2852221534,test_only,True,low,False,skipped,shift not applicable: dataset has no categorical features,,,,,,,,,,,,0,,,True,undefined,,42
mfeat-fourier,hist_gbdt,gbdt,categorical_covariate_shift,0.05,585159812,test_only,True,low,False,skipped,shift not applicable: dataset has no categorical features,,,,,,,,,,,,0,,,True,undefined,,42
mfeat-fourier,hist_gbdt,gbdt,categorical_covariate_shift,0.1,3931948107,test_only,True,low,False,skipped,shift not applicable: dataset has no categorical features,,,,,,,,,,,,0,,,True,undefined,,42
mfeat-fourier,hist_gbdt,gbdt,categorical_covariate_shift,0.2,3051147181,test_only,True,low,False,skipped,shift not applicable: dataset has no categorical features,,,,,,,,,,,,0,,,True,undefined,,42
mfeat-fourier,hist_gbdt,gbdt,categorical_covariate_shift,0.3,1248971836,test_only,True,low,False,skipped,shift not applicable: dataset has no categorical features,,,,,,,,,,,,0,,,True,undefined,,42
mfeat-fourier,hist_gbdt,gbdt,categorical_covariate_shift,0.4,2509697321,test_only,True,low,False,skipped,shift not applicable: dataset has no categorical features,,,,,,,,,,,,0,,,True,undefined,,42
mfeat-fourier,logreg,linear,categorical_covariate_shift,0.0,2852221534,test_only,True,low,False,skipped,shift not applicable: dataset has no categorical features,,,,,,,,,,,,0,,,True,undefined,,42
mfeat-fourier,logreg,linear,categorical_covariate_shift,0.05,585159812,test_only,True,low,False,skipped,shift not applicable: dataset has no categorical features,,,,,,,,,,,,0,,,True,undefined,,42
mfeat-fourier,logreg,linear,categorical_covariate_shift,0.1,3931948107,test_only,True,low,False,skipped,shift not applicable: dataset has no categorical features,,,,,,,,,,,,0,,,True,undefined,,42
mfeat-fourier,logreg,linear,categorical_covariate_shift,0.2,3051147181,test_only,True,low,False,skipped,shift not applicable: dataset has no categorical features,,,,,,,,,,,,0,,,True,undefined,,42
mfeat-fourier,logreg,linear,categorical_covariate_shift,0.3,1248971836,test_only,True,low,False,skipped,shift not applicable: dataset has no categorical features,,,,,,,,,,,,0,,,True,undefined,,42
mfeat-fourier,logreg,linear,categorical_covariate_shift,0.4,2509697321,test_only,True,low,False,skipped,shift not applicable: dataset has no categorical features,,,,,,,,,,,,0,,,True,undefined,,42
mfeat-fourier,tabicl,icl,categorical_covariate_shift,0.0,2852221534,test_only,True,low,False,skipped,shift not applicable: dataset has no categorical features,,,,,,,,,,,,0,,,True,undefined,,42
mfeat-fourier,tabicl,icl,categorical_covariate_shift,0.05,585159812,test_only,True,low,False,skipped,shift not applicable: dataset has no categorical features,,,,,,,,,,,,0,,,True,undefined,,42
mfeat-fourier,tabicl,icl,categorical_covariate_shift,0.1,3931948107,test_only,True,low,False,skipped,shift not applicable: dataset has no categorical features,,,,,,,,,,,,0,,,True,undefined,,42
mfeat-fourier,tabicl,icl,categorical_covariate_shift,0.2,3051147181,test_only,True,low,False,skipped,shift not applicable: dataset has no categorical features,,,,,,,,,,,,0,,,True,undefined,,42
mfeat-fourier,tabicl,icl,categorical_covariate_shift,0.3,1248971836,test_only,True,low,False,skipped,shift not applicable: dataset has no categorical features,,,,,,,,,,,,0,,,True,undefined,,42
mfeat-fourier,tabicl,icl,categorical_covariate_shift,0.4,2509697321,test_only,True,low,False,skipped,shift not applicable: dataset has no categorical features,,,,,,,,,,,,0,,,True,undefined,,42
mfeat-fourier,tabpfn,icl,categorical_covariate_shift,0.0,2852221534,test_only,True,low,False,skipped,shift not applicable: dataset has no categorical features,,,,,,,,,,,,0,,,True,undefined,,42
mfeat-fourier,tabpfn,icl,categorical_covariate_shift,0.05,585159812,test_only,True,low,False,skipped,shift not applicable: dataset has no categorical features,,,,,,,,,,,,0,,,True,undefined,,42
mfeat-fourier,tabpfn,icl,categorical_covariate_shift,0.1,3931948107,test_only,True,low,False,skipped,shift not applicable: dataset has no categorical features,,,,,,,,,,,,0,,,True,undefined,,42
mfeat-fourier,tabpfn,icl,categorical_covariate_shift,0.2,3051147181,test_only,True,low,False,skipped,shift not applicable: dataset has no categorical features,,,,,,,,,,,,0,,,True,undefined,,42
mfeat-fourier,tabpfn,icl,categorical_covariate_shift,0.3,1248971836,test_only,True,low,False,skipped,shift not applicable: dataset has no categorical features,,,,,,,,,,,,0,,,True,undefined,,42
mfeat-fourier,tabpfn,icl,categorical_covariate_shift,0.4,2509697321,test_only,True,low,False,skipped,shift not applicable: dataset has no categorical features,,,,,,,,,,,,0,,,True,undefined,,42
mfeat-fourier,xgboost,gbdt,categorical_covariate_shift,0.0,2852221534,test_only,True,low,False,skipped,shift not applicable: dataset has no categorical features,,,,,,,,,,,,0,,,True,undefined,,42
mfeat-fourier,xgboost,gbdt,categorical_covariate_shift,0.05,585159812,test_only,True,low,False,skipped,shift not applicable: dataset has no categorical features,,,,,,,,,,,,0,,,True,undefined,,42
mfeat-fourier,xgboost,gbdt,categorical_covariate_shift,0.1,3931948107,test_only,True,low,False,skipped,shift not applicable: dataset has no categorical features,,,,,,,,,,,,0,,,True,undefined,,42
mfeat-fourier,xgboost,gbdt,categorical_covariate_shift,0.2,3051147181,test_only,True,low,False,skipped,shift not applicable: dataset has no categorical features,,,,,,,,,,,,0,,,True,undefined,,42
mfeat-fourier,xgboost,gbdt,categorical_covariate_shift,0.3,1248971836,test_only,True,low,False,skipped,shift not applicable: dataset has no categorical features,,,,,,,,,,,,0,,,True,undefined,,42
mfeat-fourier,xgboost,gbdt,categorical_covariate_shift,0.4,2509697321,test_only,True,low,False,skipped,shift not applicable: dataset has no categorical features,,,,,,,,,,,,0,,,True,undefined,,42
mfeat-karhunen,catboost,gbdt,categorical_covariate_shift,0.0,3600037836,test_only,True,low,False,skipped,shift not applicable: dataset has no categorical features,,,,,,,,,,,,0,,,True,undefined,,42
mfeat-karhunen,catboost,gbdt,categorical_covariate_shift,0.05,1945558639,test_only,True,low,False,skipped,shift not applicable: dataset has no categorical features,,,,,,,,,,,,0,,,True,undefined,,42
mfeat-karhunen,catboost,gbdt,categorical_covariate_shift,0.1,4228401605,test_only,True,low,False,skipped,shift not applicable: dataset has no categorical features,,,,,,,,,,,,0,,,True,undefined,,42
mfeat-karhunen,catboost,gbdt,categorical_covariate_shift,0.2,3346440276,test_only,True,low,False,skipped,shift not applicable: dataset has no categorical features,,,,,,,,,,,,0,,,True,undefined,,42
mfeat-karhunen,catboost,gbdt,categorical_covariate_shift,0.3,3364327098,test_only,True,low,False,skipped,shift not applicable: dataset has no categorical features,,,,,,,,,,,,0,,,True,undefined,,42
mfeat-karhunen,catboost,gbdt,categorical_covariate_shift,0.4,571317848,test_only,True,low,False,skipped,shift not applicable: dataset has no categorical features,,,,,,,,,,,,0,,,True,undefined,,42
mfeat-karhunen,hist_gbdt,gbdt,categorical_covariate_shift,0.0,3600037836,test_only,True,low,False,skipped,shift not applicable: dataset has no categorical features,,,,,,,,,,,,0,,,True,undefined,,42
mfeat-karhunen,hist_gbdt,gbdt,categorical_covariate_shift,0.05,1945558639,test_only,True,low,False,skipped,shift not applicable: dataset has no categorical features,,,,,,,,,,,,0,,,True,undefined,,42
mfeat-karhunen,hist_gbdt,gbdt,categorical_covariate_shift,0.1,4228401605,test_only,True,low,False,skipped,shift not applicable: dataset has no categorical features,,,,,,,,,,,,0,,,True,undefined,,42
mfeat-karhunen,hist_gbdt,gbdt,categorical_covariate_shift,0.2,3346440276,test_only,True,low,False,skipped,shift not applicable: dataset has no categorical features,,,,,,,,,,,,0,,,True,undefined,,42
mfeat-karhunen,hist_gbdt,gbdt,categorical_covariate_shift,0.3,3364327098,test_only,True,low,False,skipped,shift not applicable: dataset has no categorical features,,,,,,,,,,,,0,,,True,undefined,,42
mfeat-karhunen,hist_gbdt,gbdt,categorical_covariate_shift,0.4,571317848,test_only,True,low,False,skipped,shift not applicable: dataset has no categorical features,,,,,,,,,,,,0,,,True,undefined,,42
mfeat-karhunen,logreg,linear,categorical_covariate_shift,0.0,3600037836,test_only,True,low,False,skipped,shift not applicable: dataset has no categorical features,,,,,,,,,,,,0,,,True,undefined,,42
mfeat-karhunen,logreg,linear,categorical_covariate_shift,0.05,1945558639,test_only,True,low,False,skipped,shift not applicable: dataset has no categorical features,,,,,,,,,,,,0,,,True,undefined,,42
mfeat-karhunen,logreg,linear,categorical_covariate_shift,0.1,4228401605,test_only,True,low,False,skipped,shift not applicable: dataset has no categorical features,,,,,,,,,,,,0,,,True,undefined,,42
mfeat-karhunen,logreg,linear,categorical_covariate_shift,0.2,3346440276,test_only,True,low,False,skipped,shift not applicable: dataset has no categorical features,,,,,,,,,,,,0,,,True,undefined,,42
mfeat-karhunen,logreg,linear,categorical_covariate_shift,0.3,3364327098,test_only,True,low,False,skipped,shift not applicable: dataset has no categorical features,,,,,,,,,,,,0,,,True,undefined,,42
mfeat-karhunen,logreg,linear,categorical_covariate_shift,0.4,571317848,test_only,True,low,False,skipped,shift not applicable: dataset has no categorical features,,,,,,,,,,,,0,,,True,undefined,,42
mfeat-karhunen,tabicl,icl,categorical_covariate_shift,0.0,3600037836,test_only,True,low,False,skipped,shift not applicable: dataset has no categorical features,,,,,,,,,,,,0,,,True,undefined,,42
mfeat-karhunen,tabicl,icl,categorical_covariate_shift,0.05,1945558639,test_only,True,low,False,skipped,shift not applicable: dataset has no categorical features,,,,,,,,,,,,0,,,True,undefined,,42
mfeat-karhunen,tabicl,icl,categorical_covariate_shift,0.1,4228401605,test_only,True,low,False,skipped,shift not applicable: dataset has no categorical features,,,,,,,,,,,,0,,,True,undefined,,42
mfeat-karhunen,tabicl,icl,categorical_covariate_shift,0.2,3346440276,test_only,True,low,False,skipped,shift not applicable: dataset has no categorical features,,,,,,,,,,,,0,,,True,undefined,,42
mfeat-karhunen,tabicl,icl,categorical_covariate_shift,0.3,3364327098,test_only,True,low,False,skipped,shift not applicable: dataset has no categorical features,,,,,,,,,,,,0,,,True,undefined,,42
mfeat-karhunen,tabicl,icl,categorical_covariate_shift,0.4,571317848,test_only,True,low,False,skipped,shift not applicable: dataset has no categorical features,,,,,,,,,,,,0,,,True,undefined,,42
mfeat-karhunen,tabpfn,icl,categorical_covariate_shift,0.0,3600037836,test_only,True,low,False,skipped,shift not applicable: dataset has no categorical features,,,,,,,,,,,,0,,,True,undefined,,42
mfeat-karhunen,tabpfn,icl,categorical_covariate_shift,0.05,1945558639,test_only,True,low,False,skipped,shift not applicable: dataset has no categorical features,,,,,,,,,,,,0,,,True,undefined,,42
mfeat-karhunen,tabpfn,icl,categorical_covariate_shift,0.1,4228401605,test_only,True,low,False,skipped,shift not applicable: dataset has no categorical features,,,,,,,,,,,,0,,,True,undefined,,42
mfeat-karhunen,tabpfn,icl,categorical_covariate_shift,0.2,3346440276,test_only,True,low,False,skipped,shift not applicable: dataset has no categorical features,,,,,,,,,,,,0,,,True,undefined,,42
mfeat-karhunen,tabpfn,icl,categorical_covariate_shift,0.3,3364327098,test_only,True,low,False,skipped,shift not applicable: dataset has no categorical features,,,,,,,,,,,,0,,,True,undefined,,42
mfeat-karhunen,tabpfn,icl,categorical_covariate_shift,0.4,571317848,test_only,True,low,False,skipped,shift not applicable: dataset has no categorical features,,,,,,,,,,,,0,,,True,undefined,,42
mfeat-karhunen,xgboost,gbdt,categorical_covariate_shift,0.0,3600037836,test_only,True,low,False,skipped,shift not applicable: dataset has no categorical features,,,,,,,,,,,,0,,,True,undefined,,42
mfeat-karhunen,xgboost,gbdt,categorical_covariate_shift,0.05,1945558639,test_only,True,low,False,skipped,shift not applicable: dataset has no categorical features,,,,,,,,,,,,0,,,True,undefined,,42
mfeat-karhunen,xgboost,gbdt,categorical_covariate_shift,0.1,4228401605,test_only,True,low,False,skipped,shift not applicable: dataset has no categorical features,,,,,,,,,,,,0,,,True,undefined,,42
mfeat-karhunen,xgboost,gbdt,categorical_covariate_shift,0.2,3346440276,test_only,True,low,False,skipped,shift not applicable: dataset has no categorical features,,,,,,,,,,,,0,,,True,undefined,,42
mfeat-karhunen,xgboost,gbdt,categorical_covariate_shift,0.3,3364327098,test_only,True,low,False,skipped,shift not applicable: dataset has no categorical features,,,,,,,,,,,,0,,,True,undefined,,42
mfeat-karhunen,xgboost,gbdt,categorical_covariate_shift,0.4,571317848,test_only,True,low,False,skipped,shift not applicable: dataset has no categorical features,,,,,,,,,,,,0,,,True,undefined,,42
mfeat-morphological,catboost,gbdt,categorical_covariate_shift,0.0,3703549886,test_only,False,low,False,skipped,shift not applicable: dataset has no categorical features,,,,,,,,,,,,0,,,True,undefined,,42
mfeat-morphological,catboost,gbdt,categorical_covariate_shift,0.05,3128358771,test_only,False,low,False,skipped,shift not applicable: dataset has no categorical features,,,,,,,,,,,,0,,,True,undefined,,42
mfeat-morphological,catboost,gbdt,categorical_covariate_shift,0.1,606339438,test_only,False,low,False,skipped,shift not applicable: dataset has no categorical features,,,,,,,,,,,,0,,,True,undefined,,42
mfeat-morphological,catboost,gbdt,categorical_covariate_shift,0.2,2003985646,test_only,False,low,False,skipped,shift not applicable: dataset has no categorical features,,,,,,,,,,,,0,,,True,undefined,,42
mfeat-morphological,catboost,gbdt,categorical_covariate_shift,0.3,3410567990,test_only,False,low,False,skipped,shift not applicable: dataset has no categorical features,,,,,,,,,,,,0,,,True,undefined,,42
mfeat-morphological,catboost,gbdt,categorical_covariate_shift,0.4,2586656760,test_only,False,low,False,skipped,shift not applicable: dataset has no categorical features,,,,,,,,,,,,0,,,True,undefined,,42
mfeat-morphological,hist_gbdt,gbdt,categorical_covariate_shift,0.0,3703549886,test_only,False,low,False,skipped,shift not applicable: dataset has no categorical features,,,,,,,,,,,,0,,,True,undefined,,42
mfeat-morphological,hist_gbdt,gbdt,categorical_covariate_shift,0.05,3128358771,test_only,False,low,False,skipped,shift not applicable: dataset has no categorical features,,,,,,,,,,,,0,,,True,undefined,,42
mfeat-morphological,hist_gbdt,gbdt,categorical_covariate_shift,0.1,606339438,test_only,False,low,False,skipped,shift not applicable: dataset has no categorical features,,,,,,,,,,,,0,,,True,undefined,,42
mfeat-morphological,hist_gbdt,gbdt,categorical_covariate_shift,0.2,2003985646,test_only,False,low,False,skipped,shift not applicable: dataset has no categorical features,,,,,,,,,,,,0,,,True,undefined,,42
mfeat-morphological,hist_gbdt,gbdt,categorical_covariate_shift,0.3,3410567990,test_only,False,low,False,skipped,shift not applicable: dataset has no categorical features,,,,,,,,,,,,0,,,True,undefined,,42
mfeat-morphological,hist_gbdt,gbdt,categorical_covariate_shift,0.4,2586656760,test_only,False,low,False,skipped,shift not applicable: dataset has no categorical features,,,,,,,,,,,,0,,,True,undefined,,42
mfeat-morphological,logreg,linear,categorical_covariate_shift,0.0,3703549886,test_only,False,low,False,skipped,shift not applicable: dataset has no categorical features,,,,,,,,,,,,0,,,True,undefined,,42
mfeat-morphological,logreg,linear,categorical_covariate_shift,0.05,3128358771,test_only,False,low,False,skipped,shift not applicable: dataset has no categorical features,,,,,,,,,,,,0,,,True,undefined,,42
mfeat-morphological,logreg,linear,categorical_covariate_shift,0.1,606339438,test_only,False,low,False,skipped,shift not applicable: dataset has no categorical features,,,,,,,,,,,,0,,,True,undefined,,42
mfeat-morphological,logreg,linear,categorical_covariate_shift,0.2,2003985646,test_only,False,low,False,skipped,shift not applicable: dataset has no categorical features,,,,,,,,,,,,0,,,True,undefined,,42
mfeat-morphological,logreg,linear,categorical_covariate_shift,0.3,3410567990,test_only,False,low,False,skipped,shift not applicable: dataset has no categorical features,,,,,,,,,,,,0,,,True,undefined,,42
mfeat-morphological,logreg,linear,categorical_covariate_shift,0.4,2586656760,test_only,False,low,False,skipped,shift not applicable: dataset has no categorical features,,,,,,,,,,,,0,,,True,undefined,,42
mfeat-morphological,tabicl,icl,categorical_covariate_shift,0.0,3703549886,test_only,False,low,False,skipped,shift not applicable: dataset has no categorical features,,,,,,,,,,,,0,,,True,undefined,,42
mfeat-morphological,tabicl,icl,categorical_covariate_shift,0.05,3128358771,test_only,False,low,False,skipped,shift not applicable: dataset has no categorical features,,,,,,,,,,,,0,,,True,undefined,,42
mfeat-morphological,tabicl,icl,categorical_covariate_shift,0.1,606339438,test_only,False,low,False,skipped,shift not applicable: dataset has no categorical features,,,,,,,,,,,,0,,,True,undefined,,42
mfeat-morphological,tabicl,icl,categorical_covariate_shift,0.2,2003985646,test_only,False,low,False,skipped,shift not applicable: dataset has no categorical features,,,,,,,,,,,,0,,,True,undefined,,42
mfeat-morphological,tabicl,icl,categorical_covariate_shift,0.3,3410567990,test_only,False,low,False,skipped,shift not applicable: dataset has no categorical features,,,,,,,,,,,,0,,,True,undefined,,42
mfeat-morphological,tabicl,icl,categorical_covariate_shift,0.4,2586656760,test_only,False,low,False,skipped,shift not applicable: dataset has no categorical features,,,,,,,,,,,,0,,,True,undefined,,42
mfeat-morphological,tabpfn,icl,categorical_covariate_shift,0.0,3703549886,test_only,False,low,False,skipped,shift not applicable: dataset has no categorical features,,,,,,,,,,,,0,,,True,undefined,,42
mfeat-morphological,tabpfn,icl,categorical_covariate_shift,0.05,3128358771,test_only,False,low,False,skipped,shift not applicable: dataset has no categorical features,,,,,,,,,,,,0,,,True,undefined,,42
mfeat-morphological,tabpfn,icl,categorical_covariate_shift,0.1,606339438,test_only,False,low,False,skipped,shift not applicable: dataset has no categorical features,,,,,,,,,,,,0,,,True,undefined,,42
mfeat-morphological,tabpfn,icl,categorical_covariate_shift,0.2,2003985646,test_only,False,low,False,skipped,shift not applicable: dataset has no categorical features,,,,,,,,,,,,0,,,True,undefined,,42
mfeat-morphological,tabpfn,icl,categorical_covariate_shift,0.3,3410567990,test_only,False,low,False,skipped,shift not applicable: dataset has no categorical features,,,,,,,,,,,,0,,,True,undefined,,42
mfeat-morphological,tabpfn,icl,categorical_covariate_shift,0.4,2586656760,test_only,False,low,False,skipped,shift not applicable: dataset has no categorical features,,,,,,,,,,,,0,,,True,undefined,,42
mfeat-morphological,xgboost,gbdt,categorical_covariate_shift,0.0,3703549886,test_only,False,low,False,skipped,shift not applicable: dataset has no categorical features,,,,,,,,,,,,0,,,True,undefined,,42
mfeat-morphological,xgboost,gbdt,categorical_covariate_shift,0.05,3128358771,test_only,False,low,False,skipped,shift not applicable: dataset has no categorical features,,,,,,,,,,,,0,,,True,undefined,,42
mfeat-morphological,xgboost,gbdt,categorical_covariate_shift,0.1,606339438,test_only,False,low,False,skipped,shift not applicable: dataset has no categorical features,,,,,,,,,,,,0,,,True,undefined,,42
mfeat-morphological,xgboost,gbdt,categorical_covariate_shift,0.2,2003985646,test_only,False,low,False,skipped,shift not applicable: dataset has no categorical features,,,,,,,,,,,,0,,,True,undefined,,42
mfeat-morphological,xgboost,gbdt,categorical_covariate_shift,0.3,3410567990,test_only,False,low,False,skipped,shift not applicable: dataset has no categorical features,,,,,,,,,,,,0,,,True,undefined,,42
mfeat-morphological,xgboost,gbdt,categorical_covariate_shift,0.4,2586656760,test_only,False,low,False,skipped,shift not applicable: dataset has no categorical features,,,,,,,,,,,,0,,,True,undefined,,42
mfeat-zernike,catboost,gbdt,categorical_covariate_shift,0.0,959673642,test_only,True,low,False,skipped,shift not applicable: dataset has no categorical features,,,,,,,,,,,,0,,,True,undefined,,42
mfeat-zernike,catboost,gbdt,categorical_covariate_shift,0.05,1426748305,test_only,True,low,False,skipped,shift not applicable: dataset has no categorical features,,,,,,,,,,,,0,,,True,undefined,,42
mfeat-zernike,catboost,gbdt,categorical_covariate_shift,0.1,3800398458,test_only,True,low,False,skipped,shift not applicable: dataset has no categorical features,,,,,,,,,,,,0,,,True,undefined,,42
mfeat-zernike,catboost,gbdt,categorical_covariate_shift,0.2,1090888379,test_only,True,low,False,skipped,shift not applicable: dataset has no categorical features,,,,,,,,,,,,0,,,True,undefined,,42
mfeat-zernike,catboost,gbdt,categorical_covariate_shift,0.3,193334980,test_only,True,low,False,skipped,shift not applicable: dataset has no categorical features,,,,,,,,,,,,0,,,True,undefined,,42
mfeat-zernike,catboost,gbdt,categorical_covariate_shift,0.4,4080887245,test_only,True,low,False,skipped,shift not applicable: dataset has no categorical features,,,,,,,,,,,,0,,,True,undefined,,42
mfeat-zernike,hist_gbdt,gbdt,categorical_covariate_shift,0.0,959673642,test_only,True,low,False,skipped,shift not applicable: dataset has no categorical features,,,,,,,,,,,,0,,,True,undefined,,42
mfeat-zernike,hist_gbdt,gbdt,categorical_covariate_shift,0.05,1426748305,test_only,True,low,False,skipped,shift not applicable: dataset has no categorical features,,,,,,,,,,,,0,,,True,undefined,,42
mfeat-zernike,hist_gbdt,gbdt,categorical_covariate_shift,0.1,3800398458,test_only,True,low,False,skipped,shift not applicable: dataset has no categorical features,,,,,,,,,,,,0,,,True,undefined,,42
mfeat-zernike,hist_gbdt,gbdt,categorical_covariate_shift,0.2,1090888379,test_only,True,low,False,skipped,shift not applicable: dataset has no categorical features,,,,,,,,,,,,0,,,True,undefined,,42
mfeat-zernike,hist_gbdt,gbdt,categorical_covariate_shift,0.3,193334980,test_only,True,low,False,skipped,shift not applicable: dataset has no categorical features,,,,,,,,,,,,0,,,True,undefined,,42
mfeat-zernike,hist_gbdt,gbdt,categorical_covariate_shift,0.4,4080887245,test_only,True,low,False,skipped,shift not applicable: dataset has no categorical features,,,,,,,,,,,,0,,,True,undefined,,42
mfeat-zernike,logreg,linear,categorical_covariate_shift,0.0,959673642,test_only,True,low,False,skipped,shift not applicable: dataset has no categorical features,,,,,,,,,,,,0,,,True,undefined,,42
mfeat-zernike,logreg,linear,categorical_covariate_shift,0.05,1426748305,test_only,True,low,False,skipped,shift not applicable: dataset has no categorical features,,,,,,,,,,,,0,,,True,undefined,,42
mfeat-zernike,logreg,linear,categorical_covariate_shift,0.1,3800398458,test_only,True,low,False,skipped,shift not applicable: dataset has no categorical features,,,,,,,,,,,,0,,,True,undefined,,42
mfeat-zernike,logreg,linear,categorical_covariate_shift,0.2,1090888379,test_only,True,low,False,skipped,shift not applicable: dataset has no categorical features,,,,,,,,,,,,0,,,True,undefined,,42
mfeat-zernike,logreg,linear,categorical_covariate_shift,0.3,193334980,test_only,True,low,False,skipped,shift not applicable: dataset has no categorical features,,,,,,,,,,,,0,,,True,undefined,,42
mfeat-zernike,logreg,linear,categorical_covariate_shift,0.4,4080887245,test_only,True,low,False,skipped,shift not applicable: dataset has no categorical features,,,,,,,,,,,,0,,,True,undefined,,42
mfeat-zernike,tabicl,icl,categorical_covariate_shift,0.0,959673642,test_only,True,low,False,skipped,shift not applicable: dataset has no categorical features,,,,,,,,,,,,0,,,True,undefined,,42
mfeat-zernike,tabicl,icl,categorical_covariate_shift,0.05,1426748305,test_only,True,low,False,skipped,shift not applicable: dataset has no categorical features,,,,,,,,,,,,0,,,True,undefined,,42
mfeat-zernike,tabicl,icl,categorical_covariate_shift,0.1,3800398458,test_only,True,low,False,skipped,shift not applicable: dataset has no categorical features,,,,,,,,,,,,0,,,True,undefined,,42
mfeat-zernike,tabicl,icl,categorical_covariate_shift,0.2,1090888379,test_only,True,low,False,skipped,shift not applicable: dataset has no categorical features,,,,,,,,,,,,0,,,True,undefined,,42
mfeat-zernike,tabicl,icl,categorical_covariate_shift,0.3,193334980,test_only,True,low,False,skipped,shift not applicable: dataset has no categorical features,,,,,,,,,,,,0,,,True,undefined,,42
mfeat-zernike,tabicl,icl,categorical_covariate_shift,0.4,4080887245,test_only,True,low,False,skipped,shift not applicable: dataset has no categorical features,,,,,,,,,,,,0,,,True,undefined,,42
mfeat-zernike,tabpfn,icl,categorical_covariate_shift,0.0,959673642,test_only,True,low,False,skipped,shift not applicable: dataset has no categorical features,,,,,,,,,,,,0,,,True,undefined,,42
mfeat-zernike,tabpfn,icl,categorical_covariate_shift,0.05,1426748305,test_only,True,low,False,skipped,shift not applicable: dataset has no categorical features,,,,,,,,,,,,0,,,True,undefined,,42
mfeat-zernike,tabpfn,icl,categorical_covariate_shift,0.1,3800398458,test_only,True,low,False,skipped,shift not applicable: dataset has no categorical features,,,,,,,,,,,,0,,,True,undefined,,42
mfeat-zernike,tabpfn,icl,categorical_covariate_shift,0.2,1090888379,test_only,True,low,False,skipped,shift not applicable: dataset has no categorical features,,,,,,,,,,,,0,,,True,undefined,,42
mfeat-zernike,tabpfn,icl,categorical_covariate_shift,0.3,193334980,test_only,True,low,False,skipped,shift not applicable: dataset has no categorical features,,,,,,,,,,,,0,,,True,undefined,,42
mfeat-zernike,tabpfn,icl,categorical_covariate_shift,0.4,4080887245,test_only,True,low,False,skipped,shift not applicable: dataset has no categorical features,,,,,,,,,,,,0,,,True,undefined,,42
mfeat-zernike,xgboost,gbdt,categorical_covariate_shift,0.0,959673642,test_only,True,low,False,skipped,shift not applicable: dataset has no categorical features,,,,,,,,,,,,0,,,True,undefined,,42
mfeat-zernike,xgboost,gbdt,categorical_covariate_shift,0.05,1426748305,test_only,True,low,False,skipped,shift not applicable: dataset has no categorical features,,,,,,,,,,,,0,,,True,undefined,,42
mfeat-zernike,xgboost,gbdt,categorical_covariate_shift,0.1,3800398458,test_only,True,low,False,skipped,shift not applicable: dataset has no categorical features,,,,,,,,,,,,0,,,True,undefined,,42
mfeat-zernike,xgboost,gbdt,categorical_covariate_shift,0.2,1090888379,test_only,True,low,False,skipped,shift not applicable: dataset has no categorical features,,,,,,,,,,,,0,,,True,undefined,,42
mfeat-zernike,xgboost,gbdt,categorical_covariate_shift,0.3,193334980,test_only,True,low,False,skipped,shift not applicable: dataset has no categorical features,,,,,,,,,,,,0,,,True,undefined,,42
mfeat-zernike,xgboost,gbdt,categorical_covariate_shift,0.4,4080887245,test_only,True,low,False,skipped,shift not applicable: dataset has no categorical features,,,,,,,,,,,,0,,,True,undefined,,42
optdigits,catboost,gbdt,categorical_covariate_shift,0.0,3460284584,test_only,True,low,False,skipped,shift not applicable: dataset has no categorical features,,,,,,,,,,,,0,,,True,undefined,,42
optdigits,catboost,gbdt,categorical_covariate_shift,0.05,2509330330,test_only,True,low,False,skipped,shift not applicable: dataset has no categorical features,,,,,,,,,,,,0,,,True,undefined,,42
optdigits,catboost,gbdt,categorical_covariate_shift,0.1,3728045792,test_only,True,low,False,skipped,shift not applicable: dataset has no categorical features,,,,,,,,,,,,0,,,True,undefined,,42
optdigits,catboost,gbdt,categorical_covariate_shift,0.2,3613737290,test_only,True,low,False,skipped,shift not applicable: dataset has no categorical features,,,,,,,,,,,,0,,,True,undefined,,42
optdigits,catboost,gbdt,categorical_covariate_shift,0.3,3018291776,test_only,True,low,False,skipped,shift not applicable: dataset has no categorical features,,,,,,,,,,,,0,,,True,undefined,,42
optdigits,catboost,gbdt,categorical_covariate_shift,0.4,3978053055,test_only,True,low,False,skipped,shift not applicable: dataset has no categorical features,,,,,,,,,,,,0,,,True,undefined,,42
optdigits,hist_gbdt,gbdt,categorical_covariate_shift,0.0,3460284584,test_only,True,low,False,skipped,shift not applicable: dataset has no categorical features,,,,,,,,,,,,0,,,True,undefined,,42
optdigits,hist_gbdt,gbdt,categorical_covariate_shift,0.05,2509330330,test_only,True,low,False,skipped,shift not applicable: dataset has no categorical features,,,,,,,,,,,,0,,,True,undefined,,42
optdigits,hist_gbdt,gbdt,categorical_covariate_shift,0.1,3728045792,test_only,True,low,False,skipped,shift not applicable: dataset has no categorical features,,,,,,,,,,,,0,,,True,undefined,,42
optdigits,hist_gbdt,gbdt,categorical_covariate_shift,0.2,3613737290,test_only,True,low,False,skipped,shift not applicable: dataset has no categorical features,,,,,,,,,,,,0,,,True,undefined,,42
optdigits,hist_gbdt,gbdt,categorical_covariate_shift,0.3,3018291776,test_only,True,low,False,skipped,shift not applicable: dataset has no categorical features,,,,,,,,,,,,0,,,True,undefined,,42
optdigits,hist_gbdt,gbdt,categorical_covariate_shift,0.4,3978053055,test_only,True,low,False,skipped,shift not applicable: dataset has no categorical features,,,,,,,,,,,,0,,,True,undefined,,42
optdigits,logreg,linear,categorical_covariate_shift,0.0,3460284584,test_only,True,low,False,skipped,shift not applicable: dataset has no categorical features,,,,,,,,,,,,0,,,True,undefined,,42
optdigits,logreg,linear,categorical_covariate_shift,0.05,2509330330,test_only,True,low,False,skipped,shift not applicable: dataset has no categorical features,,,,,,,,,,,,0,,,True,undefined,,42
optdigits,logreg,linear,categorical_covariate_shift,0.1,3728045792,test_only,True,low,False,skipped,shift not applicable: dataset has no categorical features,,,,,,,,,,,,0,,,True,undefined,,42
optdigits,logreg,linear,categorical_covariate_shift,0.2,3613737290,test_only,True,low,False,skipped,shift not applicable: dataset has no categorical features,,,,,,,,,,,,0,,,True,undefined,,42
optdigits,logreg,linear,categorical_covariate_shift,0.3,3018291776,test_only,True,low,False,skipped,shift not applicable: dataset has no categorical features,,,,,,,,,,,,0,,,True,undefined,,42
optdigits,logreg,linear,categorical_covariate_shift,0.4,3978053055,test_only,True,low,False,skipped,shift not applicable: dataset has no categorical features,,,,,,,,,,,,0,,,True,undefined,,42
optdigits,tabicl,icl,categorical_covariate_shift,0.0,3460284584,test_only,True,low,False,skipped,shift not applicable: dataset has no categorical features,,,,,,,,,,,,0,,,True,undefined,,42
optdigits,tabicl,icl,categorical_covariate_shift,0.05,2509330330,test_only,True,low,False,skipped,shift not applicable: dataset has no categorical features,,,,,,,,,,,,0,,,True,undefined,,42
optdigits,tabicl,icl,categorical_covariate_shift,0.1,3728045792,test_only,True,low,False,skipped,shift not applicable: dataset has no categorical features,,,,,,,,,,,,0,,,True,undefined,,42
optdigits,tabicl,icl,categorical_covariate_shift,0.2,3613737290,test_only,True,low,False,skipped,shift not applicable: dataset has no categorical features,,,,,,,,,,,,0,,,True,undefined,,42
optdigits,tabicl,icl,categorical_covariate_shift,0.3,3018291776,test_only,True,low,False,skipped,shift not applicable: dataset has no categorical features,,,,,,,,,,,,0,,,True,undefined,,42
optdigits,tabicl,icl,categorical_covariate_shift,0.4,3978053055,test_only,True,low,False,skipped,shift not applicable: dataset has no categorical features,,,,,,,,,,,,0,,,True,undefined,,42
optdigits,tabpfn,icl,categorical_covariate_shift,0.0,3460284584,test_only,True,low,False,skipped,shift not applicable: dataset has no categorical features,,,,,,,,,,,,0,,,True,undefined,,42
optdigits,tabpfn,icl,categorical_covariate_shift,0.05,2509330330,test_only,True,low,False,skipped,shift not applicable: dataset has no categorical features,,,,,,,,,,,,0,,,True,undefined,,42
optdigits,tabpfn,icl,categorical_covariate_shift,0.1,3728045792,test_only,True,low,False,skipped,shift not applicable: dataset has no categorical features,,,,,,,,,,,,0,,,True,undefined,,42
optdigits,tabpfn,icl,categorical_covariate_shift,0.2,3613737290,test_only,True,low,False,skipped,shift not applicable: dataset has no categorical features,,,,,,,,,,,,0,,,True,undefined,,42
optdigits,tabpfn,icl,categorical_covariate_shift,0.3,3018291776,test_only,True,low,False,skipped,shift not applicable: dataset has no categorical features,,,,,,,,,,,,0,,,True,undefined,,42
optdigits,tabpfn,icl,categorical_covariate_shift,0.4,3978053055,test_only,True,low,False,skipped,shift not applicable: dataset has no categorical features,,,,,,,,,,,,0,,,True,undefined,,42
optdigits,xgboost,gbdt,categorical_covariate_shift,0.0,3460284584,test_only,True,low,False,skipped,shift not applicable: dataset has no categorical features,,,,,,,,,,,,0,,,True,undefined,,42
optdigits,xgboost,gbdt,categorical_covariate_shift,0.05,2509330330,test_only,True,low,False,skipped,shift not applicable: dataset has no categorical features,,,,,,,,,,,,0,,,True,undefined,,42
optdigits,xgboost,gbdt,categorical_covariate_shift,0.1,3728045792,test_only,True,low,False,skipped,shift not applicable: dataset has no categorical features,,,,,,,,,,,,0,,,True,undefined,,42
optdigits,xgboost,gbdt,categorical_covariate_shift,0.2,3613737290,test_only,True,low,False,skipped,shift not applicable: dataset has no categorical features,,,,,,,,,,,,0,,,True,undefined,,42
optdigits,xgboost,gbdt,categorical_covariate_shift,0.3,3018291776,test_only,True,low,False,skipped,shift not applicable: dataset has no categorical features,,,,,,,,,,,,0,,,True,undefined,,42
optdigits,xgboost,gbdt,categorical_covariate_shift,0.4,3978053055,test_only,True,low,False,skipped,shift not applicable: dataset has no categorical features,,,,,,,,,,,,0,,,True,undefined,,42
ozone-level-8hr,catboost,gbdt,categorical_covariate_shift,0.0,2419753604,test_only,True,low,False,skipped,shift not applicable: dataset has no categorical features,,,,,,,,,,,,0,,,True,undefined,,42
ozone-level-8hr,catboost,gbdt,categorical_covariate_shift,0.05,4013279811,test_only,True,low,False,skipped,shift not applicable: dataset has no categorical features,,,,,,,,,,,,0,,,True,undefined,,42
ozone-level-8hr,catboost,gbdt,categorical_covariate_shift,0.1,228210785,test_only,True,low,False,skipped,shift not applicable: dataset has no categorical features,,,,,,,,,,,,0,,,True,undefined,,42
ozone-level-8hr,catboost,gbdt,categorical_covariate_shift,0.2,3479999855,test_only,True,low,False,skipped,shift not applicable: dataset has no categorical features,,,,,,,,,,,,0,,,True,undefined,,42
ozone-level-8hr,catboost,gbdt,categorical_covariate_shift,0.3,2182159015,test_only,True,low,False,skipped,shift not applicable: dataset has no categorical features,,,,,,,,,,,,0,,,True,undefined,,42
ozone-level-8hr,catboost,gbdt,categorical_covariate_shift,0.4,11890119,test_only,True,low,False,skipped,shift not applicable: dataset has no categorical features,,,,,,,,,,,,0,,,True,undefined,,42
ozone-level-8hr,hist_gbdt,gbdt,categorical_covariate_shift,0.0,2419753604,test_only,True,low,False,skipped,shift not applicable: dataset has no categorical features,,,,,,,,,,,,0,,,True,undefined,,42
ozone-level-8hr,hist_gbdt,gbdt,categorical_covariate_shift,0.05,4013279811,test_only,True,low,False,skipped,shift not applicable: dataset has no categorical features,,,,,,,,,,,,0,,,True,undefined,,42
ozone-level-8hr,hist_gbdt,gbdt,categorical_covariate_shift,0.1,228210785,test_only,True,low,False,skipped,shift not applicable: dataset has no categorical features,,,,,,,,,,,,0,,,True,undefined,,42
ozone-level-8hr,hist_gbdt,gbdt,categorical_covariate_shift,0.2,3479999855,test_only,True,low,False,skipped,shift not applicable: dataset has no categorical features,,,,,,,,,,,,0,,,True,undefined,,42
ozone-level-8hr,hist_gbdt,gbdt,categorical_covariate_shift,0.3,2182159015,test_only,True,low,False,skipped,shift not applicable: dataset has no categorical features,,,,,,,,,,,,0,,,True,undefined,,42
ozone-level-8hr,hist_gbdt,gbdt,categorical_covariate_shift,0.4,11890119,test_only,True,low,False,skipped,shift not applicable: dataset has no categorical features,,,,,,,,,,,,0,,,True,undefined,,42
ozone-level-8hr,logreg,linear,categorical_covariate_shift,0.0,2419753604,test_only,True,low,False,skipped,shift not applicable: dataset has no categorical features,,,,,,,,,,,,0,,,True,undefined,,42
ozone-level-8hr,logreg,linear,categorical_covariate_shift,0.05,4013279811,test_only,True,low,False,skipped,shift not applicable: dataset has no categorical features,,,,,,,,,,,,0,,,True,undefined,,42
ozone-level-8hr,logreg,linear,categorical_covariate_shift,0.1,228210785,test_only,True,low,False,skipped,shift not applicable: dataset has no categorical features,,,,,,,,,,,,0,,,True,undefined,,42
ozone-level-8hr,logreg,linear,categorical_covariate_shift,0.2,3479999855,test_only,True,low,False,skipped,shift not applicable: dataset has no categorical features,,,,,,,,,,,,0,,,True,undefined,,42
ozone-level-8hr,logreg,linear,categorical_covariate_shift,0.3,2182159015,test_only,True,low,False,skipped,shift not applicable: dataset has no categorical features,,,,,,,,,,,,0,,,True,undefined,,42
ozone-level-8hr,logreg,linear,categorical_covariate_shift,0.4,11890119,test_only,True,low,False,skipped,shift not applicable: dataset has no categorical features,,,,,,,,,,,,0,,,True,undefined,,42
ozone-level-8hr,tabicl,icl,categorical_covariate_shift,0.0,2419753604,test_only,True,low,False,skipped,shift not applicable: dataset has no categorical features,,,,,,,,,,,,0,,,True,undefined,,42
ozone-level-8hr,tabicl,icl,categorical_covariate_shift,0.05,4013279811,test_only,True,low,False,skipped,shift not applicable: dataset has no categorical features,,,,,,,,,,,,0,,,True,undefined,,42
ozone-level-8hr,tabicl,icl,categorical_covariate_shift,0.1,228210785,test_only,True,low,False,skipped,shift not applicable: dataset has no categorical features,,,,,,,,,,,,0,,,True,undefined,,42
ozone-level-8hr,tabicl,icl,categorical_covariate_shift,0.2,3479999855,test_only,True,low,False,skipped,shift not applicable: dataset has no categorical features,,,,,,,,,,,,0,,,True,undefined,,42
ozone-level-8hr,tabicl,icl,categorical_covariate_shift,0.3,2182159015,test_only,True,low,False,skipped,shift not applicable: dataset has no categorical features,,,,,,,,,,,,0,,,True,undefined,,42
ozone-level-8hr,tabicl,icl,categorical_covariate_shift,0.4,11890119,test_only,True,low,False,skipped,shift not applicable: dataset has no categorical features,,,,,,,,,,,,0,,,True,undefined,,42
ozone-level-8hr,tabpfn,icl,categorical_covariate_shift,0.0,2419753604,test_only,True,low,False,skipped,shift not applicable: dataset has no categorical features,,,,,,,,,,,,0,,,True,undefined,,42
ozone-level-8hr,tabpfn,icl,categorical_covariate_shift,0.05,4013279811,test_only,True,low,False,skipped,shift not applicable: dataset has no categorical features,,,,,,,,,,,,0,,,True,undefined,,42
ozone-level-8hr,tabpfn,icl,categorical_covariate_shift,0.1,228210785,test_only,True,low,False,skipped,shift not applicable: dataset has no categorical features,,,,,,,,,,,,0,,,True,undefined,,42
ozone-level-8hr,tabpfn,icl,categorical_covariate_shift,0.2,3479999855,test_only,True,low,False,skipped,shift not applicable: dataset has no categorical features,,,,,,,,,,,,0,,,True,undefined,,42
ozone-level-8hr,tabpfn,icl,categorical_covariate_shift,0.3,2182159015,test_only,True,low,False,skipped,shift not applicable: dataset has no categorical features,,,,,,,,,,,,0,,,True,undefined,,42
ozone-level-8hr,tabpfn,icl,categorical_covariate_shift,0.4,11890119,test_only,True,low,False,skipped,shift not applicable: dataset has no categorical features,,,,,,,,,,,,0,,,True,undefined,,42
ozone-level-8hr,xgboost,gbdt,categorical_covariate_shift,0.0,2419753604,test_only,True,low,False,skipped,shift not applicable: dataset has no categorical features,,,,,,,,,,,,0,,,True,undefined,,42
ozone-level-8hr,xgboost,gbdt,categorical_covariate_shift,0.05,4013279811,test_only,True,low,False,skipped,shift not applicable: dataset has no categorical features,,,,,,,,,,,,0,,,True,undefined,,42
ozone-level-8hr,xgboost,gbdt,categorical_covariate_shift,0.1,228210785,test_only,True,low,False,skipped,shift not applicable: dataset has no categorical features,,,,,,,,,,,,0,,,True,undefined,,42
ozone-level-8hr,xgboost,gbdt,categorical_covariate_shift,0.2,3479999855,test_only,True,low,False,skipped,shift not applicable: dataset has no categorical features,,,,,,,,,,,,0,,,True,undefined,,42
ozone-level-8hr,xgboost,gbdt,categorical_covariate_shift,0.3,2182159015,test_only,True,low,False,skipped,shift not applicable: dataset has no categorical features,,,,,,,,,,,,0,,,True,undefined,,42
ozone-level-8hr,xgboost,gbdt,categorical_covariate_shift,0.4,11890119,test_only,True,low,False,skipped,shift not applicable: dataset has no categorical features,,,,,,,,,,,,0,,,True,undefined,,42
pc1,catboost,gbdt,categorical_covariate_shift,0.0,2136961387,test_only,False,low,False,skipped,shift not applicable: dataset has no categorical features,,,,,,,,,,,,0,,,True,undefined,,42
pc1,catboost,gbdt,categorical_covariate_shift,0.05,992564264,test_only,False,low,False,skipped,shift not applicable: dataset has no categorical features,,,,,,,,,,,,0,,,True,undefined,,42
pc1,catboost,gbdt,categorical_covariate_shift,0.1,42268701,test_only,False,low,False,skipped,shift not applicable: dataset has no categorical features,,,,,,,,,,,,0,,,True,undefined,,42
pc1,catboost,gbdt,categorical_covariate_shift,0.2,2811734347,test_only,False,low,False,skipped,shift not applicable: dataset has no categorical features,,,,,,,,,,,,0,,,True,undefined,,42
pc1,catboost,gbdt,categorical_covariate_shift,0.3,29064965,test_only,False,low,False,skipped,shift not applicable: dataset has no categorical features,,,,,,,,,,,,0,,,True,undefined,,42
pc1,catboost,gbdt,categorical_covariate_shift,0.4,3581793900,test_only,False,low,False,skipped,shift not applicable: dataset has no categorical features,,,,,,,,,,,,0,,,True,undefined,,42
pc1,hist_gbdt,gbdt,categorical_covariate_shift,0.0,2136961387,test_only,False,low,False,skipped,shift not applicable: dataset has no categorical features,,,,,,,,,,,,0,,,True,undefined,,42
pc1,hist_gbdt,gbdt,categorical_covariate_shift,0.05,992564264,test_only,False,low,False,skipped,shift not applicable: dataset has no categorical features,,,,,,,,,,,,0,,,True,undefined,,42
pc1,hist_gbdt,gbdt,categorical_covariate_shift,0.1,42268701,test_only,False,low,False,skipped,shift not applicable: dataset has no categorical features,,,,,,,,,,,,0,,,True,undefined,,42
pc1,hist_gbdt,gbdt,categorical_covariate_shift,0.2,2811734347,test_only,False,low,False,skipped,shift not applicable: dataset has no categorical features,,,,,,,,,,,,0,,,True,undefined,,42
pc1,hist_gbdt,gbdt,categorical_covariate_shift,0.3,29064965,test_only,False,low,False,skipped,shift not applicable: dataset has no categorical features,,,,,,,,,,,,0,,,True,undefined,,42
pc1,hist_gbdt,gbdt,categorical_covariate_shift,0.4,3581793900,test_only,False,low,False,skipped,shift not applicable: dataset has no categorical features,,,,,,,,,,,,0,,,True,undefined,,42
pc1,logreg,linear,categorical_covariate_shift,0.0,2136961387,test_only,False,low,False,skipped,shift not applicable: dataset has no categorical features,,,,,,,,,,,,0,,,True,undefined,,42
pc1,logreg,linear,categorical_covariate_shift,0.05,992564264,test_only,False,low,False,skipped,shift not applicable: dataset has no categorical features,,,,,,,,,,,,0,,,True,undefined,,42
pc1,logreg,linear,categorical_covariate_shift,0.1,42268701,test_only,False,low,False,skipped,shift not applicable: dataset has no categorical features,,,,,,,,,,,,0,,,True,undefined,,42
pc1,logreg,linear,categorical_covariate_shift,0.2,2811734347,test_only,False,low,False,skipped,shift not applicable: dataset has no categorical features,,,,,,,,,,,,0,,,True,undefined,,42
pc1,logreg,linear,categorical_covariate_shift,0.3,29064965,test_only,False,low,False,skipped,shift not applicable: dataset has no categorical features,,,,,,,,,,,,0,,,True,undefined,,42
pc1,logreg,linear,categorical_covariate_shift,0.4,3581793900,test_only,False,low,False,skipped,shift not applicable: dataset has no categorical features,,,,,,,,,,,,0,,,True,undefined,,42
pc1,tabicl,icl,categorical_covariate_shift,0.0,2136961387,test_only,False,low,False,skipped,shift not applicable: dataset has no categorical features,,,,,,,,,,,,0,,,True,undefined,,42
pc1,tabicl,icl,categorical_covariate_shift,0.05,992564264,test_only,False,low,False,skipped,shift not applicable: dataset has no categorical features,,,,,,,,,,,,0,,,True,undefined,,42
pc1,tabicl,icl,categorical_covariate_shift,0.1,42268701,test_only,False,low,False,skipped,shift not applicable: dataset has no categorical features,,,,,,,,,,,,0,,,True,undefined,,42
pc1,tabicl,icl,categorical_covariate_shift,0.2,2811734347,test_only,False,low,False,skipped,shift not applicable: dataset has no categorical features,,,,,,,,,,,,0,,,True,undefined,,42
pc1,tabicl,icl,categorical_covariate_shift,0.3,29064965,test_only,False,low,False,skipped,shift not applicable: dataset has no categorical features,,,,,,,,,,,,0,,,True,undefined,,42
pc1,tabicl,icl,categorical_covariate_shift,0.4,3581793900,test_only,False,low,False,skipped,shift not applicable: dataset has no categorical features,,,,,,,,,,,,0,,,True,undefined,,42
pc1,tabpfn,icl,categorical_covariate_shift,0.0,2136961387,test_only,False,low,False,skipped,shift not applicable: dataset has no categorical features,,,,,,,,,,,,0,,,True,undefined,,42
pc1,tabpfn,icl,categorical_covariate_shift,0.05,992564264,test_only,False,low,False,skipped,shift not applicable: dataset has no categorical features,,,,,,,,,,,,0,,,True,undefined,,42
pc1,tabpfn,icl,categorical_covariate_shift,0.1,42268701,test_only,False,low,False,skipped,shift not applicable: dataset has no categorical features,,,,,,,,,,,,0,,,True,undefined,,42
pc1,tabpfn,icl,categorical_covariate_shift,0.2,2811734347,test_only,False,low,False,skipped,shift not applicable: dataset has no categorical features,,,,,,,,,,,,0,,,True,undefined,,42
pc1,tabpfn,icl,categorical_covariate_shift,0.3,29064965,test_only,False,low,False,skipped,shift not applicable: dataset has no categorical features,,,,,,,,,,,,0,,,True,undefined,,42
pc1,tabpfn,icl,categorical_covariate_shift,0.4,3581793900,test_only,False,low,False,skipped,shift not applicable: dataset has no categorical features,,,,,,,,,,,,0,,,True,undefined,,42
pc1,xgboost,gbdt,categorical_covariate_shift,0.0,2136961387,test_only,False,low,False,skipped,shift not applicable: dataset has no categorical features,,,,,,,,,,,,0,,,True,undefined,,42
pc1,xgboost,gbdt,categorical_covariate_shift,0.05,992564264,test_only,False,low,False,skipped,shift not applicable: dataset has no categorical features,,,,,,,,,,,,0,,,True,undefined,,42
pc1,xgboost,gbdt,categorical_covariate_shift,0.1,42268701,test_only,False,low,False,skipped,shift not applicable: dataset has no categorical features,,,,,,,,,,,,0,,,True,undefined,,42
pc1,xgboost,gbdt,categorical_covariate_shift,0.2,2811734347,test_only,False,low,False,skipped,shift not applicable: dataset has no categorical features,,,,,,,,,,,,0,,,True,undefined,,42
pc1,xgboost,gbdt,categorical_covariate_shift,0.3,29064965,test_only,False,low,False,skipped,shift not applicable: dataset has no categorical features,,,,,,,,,,,,0,,,True,undefined,,42
pc1,xgboost,gbdt,categorical_covariate_shift,0.4,3581793900,test_only,False,low,False,skipped,shift not applicable: dataset has no categorical features,,,,,,,,,,,,0,,,True,undefined,,42
pc3,catboost,gbdt,categorical_covariate_shift,0.0,2159915352,test_only,False,low,False,skipped,shift not applicable: dataset has no categorical features,,,,,,,,,,,,0,,,True,undefined,,42
pc3,catboost,gbdt,categorical_covariate_shift,0.05,509366805,test_only,False,low,False,skipped,shift not applicable: dataset has no categorical features,,,,,,,,,,,,0,,,True,undefined,,42
pc3,catboost,gbdt,categorical_covariate_shift,0.1,543360351,test_only,False,low,False,skipped,shift not applicable: dataset has no categorical features,,,,,,,,,,,,0,,,True,undefined,,42
pc3,catboost,gbdt,categorical_covariate_shift,0.2,2328783325,test_only,False,low,False,skipped,shift not applicable: dataset has no categorical features,,,,,,,,,,,,0,,,True,undefined,,42
pc3,catboost,gbdt,categorical_covariate_shift,0.3,235915004,test_only,False,low,False,skipped,shift not applicable: dataset has no categorical features,,,,,,,,,,,,0,,,True,undefined,,42
pc3,catboost,gbdt,categorical_covariate_shift,0.4,558826402,test_only,False,low,False,skipped,shift not applicable: dataset has no categorical features,,,,,,,,,,,,0,,,True,undefined,,42
pc3,hist_gbdt,gbdt,categorical_covariate_shift,0.0,2159915352,test_only,False,low,False,skipped,shift not applicable: dataset has no categorical features,,,,,,,,,,,,0,,,True,undefined,,42
pc3,hist_gbdt,gbdt,categorical_covariate_shift,0.05,509366805,test_only,False,low,False,skipped,shift not applicable: dataset has no categorical features,,,,,,,,,,,,0,,,True,undefined,,42
pc3,hist_gbdt,gbdt,categorical_covariate_shift,0.1,543360351,test_only,False,low,False,skipped,shift not applicable: dataset has no categorical features,,,,,,,,,,,,0,,,True,undefined,,42
pc3,hist_gbdt,gbdt,categorical_covariate_shift,0.2,2328783325,test_only,False,low,False,skipped,shift not applicable: dataset has no categorical features,,,,,,,,,,,,0,,,True,undefined,,42
pc3,hist_gbdt,gbdt,categorical_covariate_shift,0.3,235915004,test_only,False,low,False,skipped,shift not applicable: dataset has no categorical features,,,,,,,,,,,,0,,,True,undefined,,42
pc3,hist_gbdt,gbdt,categorical_covariate_shift,0.4,558826402,test_only,False,low,False,skipped,shift not applicable: dataset has no categorical features,,,,,,,,,,,,0,,,True,undefined,,42
pc3,logreg,linear,categorical_covariate_shift,0.0,2159915352,test_only,False,low,False,skipped,shift not applicable: dataset has no categorical features,,,,,,,,,,,,0,,,True,undefined,,42
pc3,logreg,linear,categorical_covariate_shift,0.05,509366805,test_only,False,low,False,skipped,shift not applicable: dataset has no categorical features,,,,,,,,,,,,0,,,True,undefined,,42
pc3,logreg,linear,categorical_covariate_shift,0.1,543360351,test_only,False,low,False,skipped,shift not applicable: dataset has no categorical features,,,,,,,,,,,,0,,,True,undefined,,42
pc3,logreg,linear,categorical_covariate_shift,0.2,2328783325,test_only,False,low,False,skipped,shift not applicable: dataset has no categorical features,,,,,,,,,,,,0,,,True,undefined,,42
pc3,logreg,linear,categorical_covariate_shift,0.3,235915004,test_only,False,low,False,skipped,shift not applicable: dataset has no categorical features,,,,,,,,,,,,0,,,True,undefined,,42
pc3,logreg,linear,categorical_covariate_shift,0.4,558826402,test_only,False,low,False,skipped,shift not applicable: dataset has no categorical features,,,,,,,,,,,,0,,,True,undefined,,42
pc3,tabicl,icl,categorical_covariate_shift,0.0,2159915352,test_only,False,low,False,skipped,shift not applicable: dataset has no categorical features,,,,,,,,,,,,0,,,True,undefined,,42
pc3,tabicl,icl,categorical_covariate_shift,0.05,509366805,test_only,False,low,False,skipped,shift not applicable: dataset has no categorical features,,,,,,,,,,,,0,,,True,undefined,,42
pc3,tabicl,icl,categorical_covariate_shift,0.1,543360351,test_only,False,low,False,skipped,shift not applicable: dataset has no categorical features,,,,,,,,,,,,0,,,True,undefined,,42
pc3,tabicl,icl,categorical_covariate_shift,0.2,2328783325,test_only,False,low,False,skipped,shift not applicable: dataset has no categorical features,,,,,,,,,,,,0,,,True,undefined,,42
pc3,tabicl,icl,categorical_covariate_shift,0.3,235915004,test_only,False,low,False,skipped,shift not applicable: dataset has no categorical features,,,,,,,,,,,,0,,,True,undefined,,42
pc3,tabicl,icl,categorical_covariate_shift,0.4,558826402,test_only,False,low,False,skipped,shift not applicable: dataset has no categorical features,,,,,,,,,,,,0,,,True,undefined,,42
pc3,tabpfn,icl,categorical_covariate_shift,0.0,2159915352,test_only,False,low,False,skipped,shift not applicable: dataset has no categorical features,,,,,,,,,,,,0,,,True,undefined,,42
pc3,tabpfn,icl,categorical_covariate_shift,0.05,509366805,test_only,False,low,False,skipped,shift not applicable: dataset has no categorical features,,,,,,,,,,,,0,,,True,undefined,,42
pc3,tabpfn,icl,categorical_covariate_shift,0.1,543360351,test_only,False,low,False,skipped,shift not applicable: dataset has no categorical features,,,,,,,,,,,,0,,,True,undefined,,42
pc3,tabpfn,icl,categorical_covariate_shift,0.2,2328783325,test_only,False,low,False,skipped,shift not applicable: dataset has no categorical features,,,,,,,,,,,,0,,,True,undefined,,42
pc3,tabpfn,icl,categorical_covariate_shift,0.3,235915004,test_only,False,low,False,skipped,shift not applicable: dataset has no categorical features,,,,,,,,,,,,0,,,True,undefined,,42
pc3,tabpfn,icl,categorical_covariate_shift,0.4,558826402,test_only,False,low,False,skipped,shift not applicable: dataset has no categorical features,,,,,,,,,,,,0,,,True,undefined,,42
pc3,xgboost,gbdt,categorical_covariate_shift,0.0,2159915352,test_only,False,low,False,skipped,shift not applicable: dataset has no categorical features,,,,,,,,,,,,0,,,True,undefined,,42
pc3,xgboost,gbdt,categorical_covariate_shift,0.05,509366805,test_only,False,low,False,skipped,shift not applicable: dataset has no categorical features,,,,,,,,,,,,0,,,True,undefined,,42
pc3,xgboost,gbdt,categorical_covariate_shift,0.1,543360351,test_only,False,low,False,skipped,shift not applicable: dataset has no categorical features,,,,,,,,,,,,0,,,True,undefined,,42
pc3,xgboost,gbdt,categorical_covariate_shift,0.2,2328783325,test_only,False,low,False,skipped,shift not applicable: dataset has no categorical features,,,,,,,,,,,,0,,,True,undefined,,42
pc3,xgboost,gbdt,categorical_covariate_shift,0.3,235915004,test_only,False,low,False,skipped,shift not applicable: dataset has no categorical features,,,,,,,,,,,,0,,,True,undefined,,42
pc3,xgboost,gbdt,categorical_covariate_shift,0.4,558826402,test_only,False,low,False,skipped,shift not applicable: dataset has no categorical features,,,,,,,,,,,,0,,,True,undefined,,42
pc4,catboost,gbdt,categorical_covariate_shift,0.0,3179365116,test_only,False,low,False,skipped,shift not applicable: dataset has no categorical features,,,,,,,,,,,,0,,,True,undefined,,42
pc4,catboost,gbdt,categorical_covariate_shift,0.05,1841845076,test_only,False,low,False,skipped,shift not applicable: dataset has no categorical features,,,,,,,,,,,,0,,,True,undefined,,42
pc4,catboost,gbdt,categorical_covariate_shift,0.1,144703588,test_only,False,low,False,skipped,shift not applicable: dataset has no categorical features,,,,,,,,,,,,0,,,True,undefined,,42
pc4,catboost,gbdt,categorical_covariate_shift,0.2,592064597,test_only,False,low,False,skipped,shift not applicable: dataset has no categorical features,,,,,,,,,,,,0,,,True,undefined,,42
pc4,catboost,gbdt,categorical_covariate_shift,0.3,915837877,test_only,False,low,False,skipped,shift not applicable: dataset has no categorical features,,,,,,,,,,,,0,,,True,undefined,,42
pc4,catboost,gbdt,categorical_covariate_shift,0.4,154539772,test_only,False,low,False,skipped,shift not applicable: dataset has no categorical features,,,,,,,,,,,,0,,,True,undefined,,42
pc4,hist_gbdt,gbdt,categorical_covariate_shift,0.0,3179365116,test_only,False,low,False,skipped,shift not applicable: dataset has no categorical features,,,,,,,,,,,,0,,,True,undefined,,42
pc4,hist_gbdt,gbdt,categorical_covariate_shift,0.05,1841845076,test_only,False,low,False,skipped,shift not applicable: dataset has no categorical features,,,,,,,,,,,,0,,,True,undefined,,42
pc4,hist_gbdt,gbdt,categorical_covariate_shift,0.1,144703588,test_only,False,low,False,skipped,shift not applicable: dataset has no categorical features,,,,,,,,,,,,0,,,True,undefined,,42
pc4,hist_gbdt,gbdt,categorical_covariate_shift,0.2,592064597,test_only,False,low,False,skipped,shift not applicable: dataset has no categorical features,,,,,,,,,,,,0,,,True,undefined,,42
pc4,hist_gbdt,gbdt,categorical_covariate_shift,0.3,915837877,test_only,False,low,False,skipped,shift not applicable: dataset has no categorical features,,,,,,,,,,,,0,,,True,undefined,,42
pc4,hist_gbdt,gbdt,categorical_covariate_shift,0.4,154539772,test_only,False,low,False,skipped,shift not applicable: dataset has no categorical features,,,,,,,,,,,,0,,,True,undefined,,42
pc4,logreg,linear,categorical_covariate_shift,0.0,3179365116,test_only,False,low,False,skipped,shift not applicable: dataset has no categorical features,,,,,,,,,,,,0,,,True,undefined,,42
pc4,logreg,linear,categorical_covariate_shift,0.05,1841845076,test_only,False,low,False,skipped,shift not applicable: dataset has no categorical features,,,,,,,,,,,,0,,,True,undefined,,42
pc4,logreg,linear,categorical_covariate_shift,0.1,144703588,test_only,False,low,False,skipped,shift not applicable: dataset has no categorical features,,,,,,,,,,,,0,,,True,undefined,,42
pc4,logreg,linear,categorical_covariate_shift,0.2,592064597,test_only,False,low,False,skipped,shift not applicable: dataset has no categorical features,,,,,,,,,,,,0,,,True,undefined,,42
pc4,logreg,linear,categorical_covariate_shift,0.3,915837877,test_only,False,low,False,skipped,shift not applicable: dataset has no categorical features,,,,,,,,,,,,0,,,True,undefined,,42
pc4,logreg,linear,categorical_covariate_shift,0.4,154539772,test_only,False,low,False,skipped,shift not applicable: dataset has no categorical features,,,,,,,,,,,,0,,,True,undefined,,42
pc4,tabicl,icl,categorical_covariate_shift,0.0,3179365116,test_only,False,low,False,skipped,shift not applicable: dataset has no categorical features,,,,,,,,,,,,0,,,True,undefined,,42
pc4,tabicl,icl,categorical_covariate_shift,0.05,1841845076,test_only,False,low,False,skipped,shift not applicable: dataset has no categorical features,,,,,,,,,,,,0,,,True,undefined,,42
pc4,tabicl,icl,categorical_covariate_shift,0.1,144703588,test_only,False,low,False,skipped,shift not applicable: dataset has no categorical features,,,,,,,,,,,,0,,,True,undefined,,42
pc4,tabicl,icl,categorical_covariate_shift,0.2,592064597,test_only,False,low,False,skipped,shift not applicable: dataset has no categorical features,,,,,,,,,,,,0,,,True,undefined,,42
pc4,tabicl,icl,categorical_covariate_shift,0.3,915837877,test_only,False,low,False,skipped,shift not applicable: dataset has no categorical features,,,,,,,,,,,,0,,,True,undefined,,42
pc4,tabicl,icl,categorical_covariate_shift,0.4,154539772,test_only,False,low,False,skipped,shift not applicable: dataset has no categorical features,,,,,,,,,,,,0,,,True,undefined,,42
pc4,tabpfn,icl,categorical_covariate_shift,0.0,3179365116,test_only,False,low,False,skipped,shift not applicable: dataset has no categorical features,,,,,,,,,,,,0,,,True,undefined,,42
pc4,tabpfn,icl,categorical_covariate_shift,0.05,1841845076,test_only,False,low,False,skipped,shift not applicable: dataset has no categorical features,,,,,,,,,,,,0,,,True,undefined,,42
pc4,tabpfn,icl,categorical_covariate_shift,0.1,144703588,test_only,False,low,False,skipped,shift not applicable: dataset has no categorical features,,,,,,,,,,,,0,,,True,undefined,,42
pc4,tabpfn,icl,categorical_covariate_shift,0.2,592064597,test_only,False,low,False,skipped,shift not applicable: dataset has no categorical features,,,,,,,,,,,,0,,,True,undefined,,42
pc4,tabpfn,icl,categorical_covariate_shift,0.3,915837877,test_only,False,low,False,skipped,shift not applicable: dataset has no categorical features,,,,,,,,,,,,0,,,True,undefined,,42
pc4,tabpfn,icl,categorical_covariate_shift,0.4,154539772,test_only,False,low,False,skipped,shift not applicable: dataset has no categorical features,,,,,,,,,,,,0,,,True,undefined,,42
pc4,xgboost,gbdt,categorical_covariate_shift,0.0,3179365116,test_only,False,low,False,skipped,shift not applicable: dataset has no categorical features,,,,,,,,,,,,0,,,True,undefined,,42
pc4,xgboost,gbdt,categorical_covariate_shift,0.05,1841845076,test_only,False,low,False,skipped,shift not applicable: dataset has no categorical features,,,,,,,,,,,,0,,,True,undefined,,42
pc4,xgboost,gbdt,categorical_covariate_shift,0.1,144703588,test_only,False,low,False,skipped,shift not applicable: dataset has no categorical features,,,,,,,,,,,,0,,,True,undefined,,42
pc4,xgboost,gbdt,categorical_covariate_shift,0.2,592064597,test_only,False,low,False,skipped,shift not applicable: dataset has no categorical features,,,,,,,,,,,,0,,,True,undefined,,42
pc4,xgboost,gbdt,categorical_covariate_shift,0.3,915837877,test_only,False,low,False,skipped,shift not applicable: dataset has no categorical features,,,,,,,,,,,,0,,,True,undefined,,42
pc4,xgboost,gbdt,categorical_covariate_shift,0.4,154539772,test_only,False,low,False,skipped,shift not applicable: dataset has no categorical features,,,,,,,,,,,,0,,,True,undefined,,42
pendigits,catboost,gbdt,categorical_covariate_shift,0.0,2728463935,test_only,True,low,False,skipped,shift not applicable: dataset has no categorical features,,,,,,,,,,,,0,,,True,undefined,,42
pendigits,catboost,gbdt,categorical_covariate_shift,0.05,869802190,test_only,True,low,False,skipped,shift not applicable: dataset has no categorical features,,,,,,,,,,,,0,,,True,undefined,,42
pendigits,catboost,gbdt,categorical_covariate_shift,0.1,188442521,test_only,True,low,False,skipped,shift not applicable: dataset has no categorical features,,,,,,,,,,,,0,,,True,undefined,,42
pendigits,catboost,gbdt,categorical_covariate_shift,0.2,2188616353,test_only,True,low,False,skipped,shift not applicable: dataset has no categorical features,,,,,,,,,,,,0,,,True,undefined,,42
pendigits,catboost,gbdt,categorical_covariate_shift,0.3,1474860420,test_only,True,low,False,skipped,shift not applicable: dataset has no categorical features,,,,,,,,,,,,0,,,True,undefined,,42
pendigits,catboost,gbdt,categorical_covariate_shift,0.4,4034445227,test_only,True,low,False,skipped,shift not applicable: dataset has no categorical features,,,,,,,,,,,,0,,,True,undefined,,42
pendigits,hist_gbdt,gbdt,categorical_covariate_shift,0.0,2728463935,test_only,True,low,False,skipped,shift not applicable: dataset has no categorical features,,,,,,,,,,,,0,,,True,undefined,,42
pendigits,hist_gbdt,gbdt,categorical_covariate_shift,0.05,869802190,test_only,True,low,False,skipped,shift not applicable: dataset has no categorical features,,,,,,,,,,,,0,,,True,undefined,,42
pendigits,hist_gbdt,gbdt,categorical_covariate_shift,0.1,188442521,test_only,True,low,False,skipped,shift not applicable: dataset has no categorical features,,,,,,,,,,,,0,,,True,undefined,,42
pendigits,hist_gbdt,gbdt,categorical_covariate_shift,0.2,2188616353,test_only,True,low,False,skipped,shift not applicable: dataset has no categorical features,,,,,,,,,,,,0,,,True,undefined,,42
pendigits,hist_gbdt,gbdt,categorical_covariate_shift,0.3,1474860420,test_only,True,low,False,skipped,shift not applicable: dataset has no categorical features,,,,,,,,,,,,0,,,True,undefined,,42
pendigits,hist_gbdt,gbdt,categorical_covariate_shift,0.4,4034445227,test_only,True,low,False,skipped,shift not applicable: dataset has no categorical features,,,,,,,,,,,,0,,,True,undefined,,42
pendigits,logreg,linear,categorical_covariate_shift,0.0,2728463935,test_only,True,low,False,skipped,shift not applicable: dataset has no categorical features,,,,,,,,,,,,0,,,True,undefined,,42
pendigits,logreg,linear,categorical_covariate_shift,0.05,869802190,test_only,True,low,False,skipped,shift not applicable: dataset has no categorical features,,,,,,,,,,,,0,,,True,undefined,,42
pendigits,logreg,linear,categorical_covariate_shift,0.1,188442521,test_only,True,low,False,skipped,shift not applicable: dataset has no categorical features,,,,,,,,,,,,0,,,True,undefined,,42
pendigits,logreg,linear,categorical_covariate_shift,0.2,2188616353,test_only,True,low,False,skipped,shift not applicable: dataset has no categorical features,,,,,,,,,,,,0,,,True,undefined,,42
pendigits,logreg,linear,categorical_covariate_shift,0.3,1474860420,test_only,True,low,False,skipped,shift not applicable: dataset has no categorical features,,,,,,,,,,,,0,,,True,undefined,,42
pendigits,logreg,linear,categorical_covariate_shift,0.4,4034445227,test_only,True,low,False,skipped,shift not applicable: dataset has no categorical features,,,,,,,,,,,,0,,,True,undefined,,42
pendigits,tabicl,icl,categorical_covariate_shift,0.0,2728463935,test_only,True,low,False,skipped,shift not applicable: dataset has no categorical features,,,,,,,,,,,,0,,,True,undefined,,42
pendigits,tabicl,icl,categorical_covariate_shift,0.05,869802190,test_only,True,low,False,skipped,shift not applicable: dataset has no categorical features,,,,,,,,,,,,0,,,True,undefined,,42
pendigits,tabicl,icl,categorical_covariate_shift,0.1,188442521,test_only,True,low,False,skipped,shift not applicable: dataset has no categorical features,,,,,,,,,,,,0,,,True,undefined,,42
pendigits,tabicl,icl,categorical_covariate_shift,0.2,2188616353,test_only,True,low,False,skipped,shift not applicable: dataset has no categorical features,,,,,,,,,,,,0,,,True,undefined,,42
pendigits,tabicl,icl,categorical_covariate_shift,0.3,1474860420,test_only,True,low,False,skipped,shift not applicable: dataset has no categorical features,,,,,,,,,,,,0,,,True,undefined,,42
pendigits,tabicl,icl,categorical_covariate_shift,0.4,4034445227,test_only,True,low,False,skipped,shift not applicable: dataset has no categorical features,,,,,,,,,,,,0,,,True,undefined,,42
pendigits,tabpfn,icl,categorical_covariate_shift,0.0,2728463935,test_only,True,low,False,skipped,shift not applicable: dataset has no categorical features,,,,,,,,,,,,0,,,True,undefined,,42
pendigits,tabpfn,icl,categorical_covariate_shift,0.05,869802190,test_only,True,low,False,skipped,shift not applicable: dataset has no categorical features,,,,,,,,,,,,0,,,True,undefined,,42
pendigits,tabpfn,icl,categorical_covariate_shift,0.1,188442521,test_only,True,low,False,skipped,shift not applicable: dataset has no categorical features,,,,,,,,,,,,0,,,True,undefined,,42
pendigits,tabpfn,icl,categorical_covariate_shift,0.2,2188616353,test_only,True,low,False,skipped,shift not applicable: dataset has no categorical features,,,,,,,,,,,,0,,,True,undefined,,42
pendigits,tabpfn,icl,categorical_covariate_shift,0.3,1474860420,test_only,True,low,False,skipped,shift not applicable: dataset has no categorical features,,,,,,,,,,,,0,,,True,undefined,,42
pendigits,tabpfn,icl,categorical_covariate_shift,0.4,4034445227,test_only,True,low,False,skipped,shift not applicable: dataset has no categorical features,,,,,,,,,,,,0,,,True,undefined,,42
pendigits,xgboost,gbdt,categorical_covariate_shift,0.0,2728463935,test_only,True,low,False,skipped,shift not applicable: dataset has no categorical features,,,,,,,,,,,,0,,,True,undefined,,42
pendigits,xgboost,gbdt,categorical_covariate_shift,0.05,869802190,test_only,True,low,False,skipped,shift not applicable: dataset has no categorical features,,,,,,,,,,,,0,,,True,undefined,,42
pendigits,xgboost,gbdt,categorical_covariate_shift,0.1,188442521,test_only,True,low,False,skipped,shift not applicable: dataset has no categorical features,,,,,,,,,,,,0,,,True,undefined,,42
pendigits,xgboost,gbdt,categorical_covariate_shift,0.2,2188616353,test_only,True,low,False,skipped,shift not applicable: dataset has no categorical features,,,,,,,,,,,,0,,,True,undefined,,42
pendigits,xgboost,gbdt,categorical_covariate_shift,0.3,1474860420,test_only,True,low,False,skipped,shift not applicable: dataset has no categorical features,,,,,,,,,,,,0,,,True,undefined,,42
pendigits,xgboost,gbdt,categorical_covariate_shift,0.4,4034445227,test_only,True,low,False,skipped,shift not applicable: dataset has no categorical features,,,,,,,,,,,,0,,,True,undefined,,42
phoneme,catboost,gbdt,categorical_covariate_shift,0.0,3036232231,test_only,True,low,False,skipped,shift not applicable: dataset has no categorical features,,,,,,,,,,,,0,,,True,undefined,,42
phoneme,catboost,gbdt,categorical_covariate_shift,0.05,2898969283,test_only,True,low,False,skipped,shift not applicable: dataset has no categorical features,,,,,,,,,,,,0,,,True,undefined,,42
phoneme,catboost,gbdt,categorical_covariate_shift,0.1,902578075,test_only,True,low,False,skipped,shift not applicable: dataset has no categorical features,,,,,,,,,,,,0,,,True,undefined,,42
phoneme,catboost,gbdt,categorical_covariate_shift,0.2,164659118,test_only,True,low,False,skipped,shift not applicable: dataset has no categorical features,,,,,,,,,,,,0,,,True,undefined,,42
phoneme,catboost,gbdt,categorical_covariate_shift,0.3,3249212186,test_only,True,low,False,skipped,shift not applicable: dataset has no categorical features,,,,,,,,,,,,0,,,True,undefined,,42
phoneme,catboost,gbdt,categorical_covariate_shift,0.4,3604071269,test_only,True,low,False,skipped,shift not applicable: dataset has no categorical features,,,,,,,,,,,,0,,,True,undefined,,42
phoneme,hist_gbdt,gbdt,categorical_covariate_shift,0.0,3036232231,test_only,True,low,False,skipped,shift not applicable: dataset has no categorical features,,,,,,,,,,,,0,,,True,undefined,,42
phoneme,hist_gbdt,gbdt,categorical_covariate_shift,0.05,2898969283,test_only,True,low,False,skipped,shift not applicable: dataset has no categorical features,,,,,,,,,,,,0,,,True,undefined,,42
phoneme,hist_gbdt,gbdt,categorical_covariate_shift,0.1,902578075,test_only,True,low,False,skipped,shift not applicable: dataset has no categorical features,,,,,,,,,,,,0,,,True,undefined,,42
phoneme,hist_gbdt,gbdt,categorical_covariate_shift,0.2,164659118,test_only,True,low,False,skipped,shift not applicable: dataset has no categorical features,,,,,,,,,,,,0,,,True,undefined,,42
phoneme,hist_gbdt,gbdt,categorical_covariate_shift,0.3,3249212186,test_only,True,low,False,skipped,shift not applicable: dataset has no categorical features,,,,,,,,,,,,0,,,True,undefined,,42
phoneme,hist_gbdt,gbdt,categorical_covariate_shift,0.4,3604071269,test_only,True,low,False,skipped,shift not applicable: dataset has no categorical features,,,,,,,,,,,,0,,,True,undefined,,42
phoneme,logreg,linear,categorical_covariate_shift,0.0,3036232231,test_only,True,low,False,skipped,shift not applicable: dataset has no categorical features,,,,,,,,,,,,0,,,True,undefined,,42
phoneme,logreg,linear,categorical_covariate_shift,0.05,2898969283,test_only,True,low,False,skipped,shift not applicable: dataset has no categorical features,,,,,,,,,,,,0,,,True,undefined,,42
phoneme,logreg,linear,categorical_covariate_shift,0.1,902578075,test_only,True,low,False,skipped,shift not applicable: dataset has no categorical features,,,,,,,,,,,,0,,,True,undefined,,42
phoneme,logreg,linear,categorical_covariate_shift,0.2,164659118,test_only,True,low,False,skipped,shift not applicable: dataset has no categorical features,,,,,,,,,,,,0,,,True,undefined,,42
phoneme,logreg,linear,categorical_covariate_shift,0.3,3249212186,test_only,True,low,False,skipped,shift not applicable: dataset has no categorical features,,,,,,,,,,,,0,,,True,undefined,,42
phoneme,logreg,linear,categorical_covariate_shift,0.4,3604071269,test_only,True,low,False,skipped,shift not applicable: dataset has no categorical features,,,,,,,,,,,,0,,,True,undefined,,42
phoneme,tabicl,icl,categorical_covariate_shift,0.0,3036232231,test_only,True,low,False,skipped,shift not applicable: dataset has no categorical features,,,,,,,,,,,,0,,,True,undefined,,42
phoneme,tabicl,icl,categorical_covariate_shift,0.05,2898969283,test_only,True,low,False,skipped,shift not applicable: dataset has no categorical features,,,,,,,,,,,,0,,,True,undefined,,42
phoneme,tabicl,icl,categorical_covariate_shift,0.1,902578075,test_only,True,low,False,skipped,shift not applicable: dataset has no categorical features,,,,,,,,,,,,0,,,True,undefined,,42
phoneme,tabicl,icl,categorical_covariate_shift,0.2,164659118,test_only,True,low,False,skipped,shift not applicable: dataset has no categorical features,,,,,,,,,,,,0,,,True,undefined,,42
phoneme,tabicl,icl,categorical_covariate_shift,0.3,3249212186,test_only,True,low,False,skipped,shift not applicable: dataset has no categorical features,,,,,,,,,,,,0,,,True,undefined,,42
phoneme,tabicl,icl,categorical_covariate_shift,0.4,3604071269,test_only,True,low,False,skipped,shift not applicable: dataset has no categorical features,,,,,,,,,,,,0,,,True,undefined,,42
phoneme,tabpfn,icl,categorical_covariate_shift,0.0,3036232231,test_only,True,low,False,skipped,shift not applicable: dataset has no categorical features,,,,,,,,,,,,0,,,True,undefined,,42
phoneme,tabpfn,icl,categorical_covariate_shift,0.05,2898969283,test_only,True,low,False,skipped,shift not applicable: dataset has no categorical features,,,,,,,,,,,,0,,,True,undefined,,42
phoneme,tabpfn,icl,categorical_covariate_shift,0.1,902578075,test_only,True,low,False,skipped,shift not applicable: dataset has no categorical features,,,,,,,,,,,,0,,,True,undefined,,42
phoneme,tabpfn,icl,categorical_covariate_shift,0.2,164659118,test_only,True,low,False,skipped,shift not applicable: dataset has no categorical features,,,,,,,,,,,,0,,,True,undefined,,42
phoneme,tabpfn,icl,categorical_covariate_shift,0.3,3249212186,test_only,True,low,False,skipped,shift not applicable: dataset has no categorical features,,,,,,,,,,,,0,,,True,undefined,,42
phoneme,tabpfn,icl,categorical_covariate_shift,0.4,3604071269,test_only,True,low,False,skipped,shift not applicable: dataset has no categorical features,,,,,,,,,,,,0,,,True,undefined,,42
phoneme,xgboost,gbdt,categorical_covariate_shift,0.0,3036232231,test_only,True,low,False,skipped,shift not applicable: dataset has no categorical features,,,,,,,,,,,,0,,,True,undefined,,42
phoneme,xgboost,gbdt,categorical_covariate_shift,0.05,2898969283,test_only,True,low,False,skipped,shift not applicable: dataset has no categorical features,,,,,,,,,,,,0,,,True,undefined,,42
phoneme,xgboost,gbdt,categorical_covariate_shift,0.1,902578075,test_only,True,low,False,skipped,shift not applicable: dataset has no categorical features,,,,,,,,,,,,0,,,True,undefined,,42
phoneme,xgboost,gbdt,categorical_covariate_shift,0.2,164659118,test_only,True,low,False,skipped,shift not applicable: dataset has no categorical features,,,,,,,,,,,,0,,,True,undefined,,42
phoneme,xgboost,gbdt,categorical_covariate_shift,0.3,3249212186,test_only,True,low,False,skipped,shift not applicable: dataset has no categorical features,,,,,,,,,,,,0,,,True,undefined,,42
phoneme,xgboost,gbdt,categorical_covariate_shift,0.4,3604071269,test_only,True,low,False,skipped,shift not applicable: dataset has no categorical features,,,,,,,,,,,,0,,,True,undefined,,42
qsar-biodeg,catboost,gbdt,categorical_covariate_shift,0.0,3988792982,test_only,True,low,False,skipped,shift not applicable: dataset has no categorical features,,,,,,,,,,,,0,,,True,undefined,,42
qsar-biodeg,catboost,gbdt,categorical_covariate_shift,0.05,2372236715,test_only,True,low,False,skipped,shift not applicable: dataset has no categorical features,,,,,,,,,,,,0,,,True,undefined,,42
qsar-biodeg,catboost,gbdt,categorical_covariate_shift,0.1,1022007541,test_only,True,low,False,skipped,shift not applicable: dataset has no categorical features,,,,,,,,,,,,0,,,True,undefined,,42
qsar-biodeg,catboost,gbdt,categorical_covariate_shift,0.2,2191697181,test_only,True,low,False,skipped,shift not applicable: dataset has no categorical features,,,,,,,,,,,,0,,,True,undefined,,42
qsar-biodeg,catboost,gbdt,categorical_covariate_shift,0.3,2095199464,test_only,True,low,False,skipped,shift not applicable: dataset has no categorical features,,,,,,,,,,,,0,,,True,undefined,,42
qsar-biodeg,catboost,gbdt,categorical_covariate_shift,0.4,2598606940,test_only,True,low,False,skipped,shift not applicable: dataset has no categorical features,,,,,,,,,,,,0,,,True,undefined,,42
qsar-biodeg,hist_gbdt,gbdt,categorical_covariate_shift,0.0,3988792982,test_only,True,low,False,skipped,shift not applicable: dataset has no categorical features,,,,,,,,,,,,0,,,True,undefined,,42
qsar-biodeg,hist_gbdt,gbdt,categorical_covariate_shift,0.05,2372236715,test_only,True,low,False,skipped,shift not applicable: dataset has no categorical features,,,,,,,,,,,,0,,,True,undefined,,42
qsar-biodeg,hist_gbdt,gbdt,categorical_covariate_shift,0.1,1022007541,test_only,True,low,False,skipped,shift not applicable: dataset has no categorical features,,,,,,,,,,,,0,,,True,undefined,,42
qsar-biodeg,hist_gbdt,gbdt,categorical_covariate_shift,0.2,2191697181,test_only,True,low,False,skipped,shift not applicable: dataset has no categorical features,,,,,,,,,,,,0,,,True,undefined,,42
qsar-biodeg,hist_gbdt,gbdt,categorical_covariate_shift,0.3,2095199464,test_only,True,low,False,skipped,shift not applicable: dataset has no categorical features,,,,,,,,,,,,0,,,True,undefined,,42
qsar-biodeg,hist_gbdt,gbdt,categorical_covariate_shift,0.4,2598606940,test_only,True,low,False,skipped,shift not applicable: dataset has no categorical features,,,,,,,,,,,,0,,,True,undefined,,42
qsar-biodeg,logreg,linear,categorical_covariate_shift,0.0,3988792982,test_only,True,low,False,skipped,shift not applicable: dataset has no categorical features,,,,,,,,,,,,0,,,True,undefined,,42
qsar-biodeg,logreg,linear,categorical_covariate_shift,0.05,2372236715,test_only,True,low,False,skipped,shift not applicable: dataset has no categorical features,,,,,,,,,,,,0,,,True,undefined,,42
qsar-biodeg,logreg,linear,categorical_covariate_shift,0.1,1022007541,test_only,True,low,False,skipped,shift not applicable: dataset has no categorical features,,,,,,,,,,,,0,,,True,undefined,,42
qsar-biodeg,logreg,linear,categorical_covariate_shift,0.2,2191697181,test_only,True,low,False,skipped,shift not applicable: dataset has no categorical features,,,,,,,,,,,,0,,,True,undefined,,42
qsar-biodeg,logreg,linear,categorical_covariate_shift,0.3,2095199464,test_only,True,low,False,skipped,shift not applicable: dataset has no categorical features,,,,,,,,,,,,0,,,True,undefined,,42
qsar-biodeg,logreg,linear,categorical_covariate_shift,0.4,2598606940,test_only,True,low,False,skipped,shift not applicable: dataset has no categorical features,,,,,,,,,,,,0,,,True,undefined,,42
qsar-biodeg,tabicl,icl,categorical_covariate_shift,0.0,3988792982,test_only,True,low,False,skipped,shift not applicable: dataset has no categorical features,,,,,,,,,,,,0,,,True,undefined,,42
qsar-biodeg,tabicl,icl,categorical_covariate_shift,0.05,2372236715,test_only,True,low,False,skipped,shift not applicable: dataset has no categorical features,,,,,,,,,,,,0,,,True,undefined,,42
qsar-biodeg,tabicl,icl,categorical_covariate_shift,0.1,1022007541,test_only,True,low,False,skipped,shift not applicable: dataset has no categorical features,,,,,,,,,,,,0,,,True,undefined,,42
qsar-biodeg,tabicl,icl,categorical_covariate_shift,0.2,2191697181,test_only,True,low,False,skipped,shift not applicable: dataset has no categorical features,,,,,,,,,,,,0,,,True,undefined,,42
qsar-biodeg,tabicl,icl,categorical_covariate_shift,0.3,2095199464,test_only,True,low,False,skipped,shift not applicable: dataset has no categorical features,,,,,,,,,,,,0,,,True,undefined,,42
qsar-biodeg,tabicl,icl,categorical_covariate_shift,0.4,2598606940,test_only,True,low,False,skipped,shift not applicable: dataset has no categorical features,,,,,,,,,,,,0,,,True,undefined,,42
qsar-biodeg,tabpfn,icl,categorical_covariate_shift,0.0,3988792982,test_only,True,low,False,skipped,shift not applicable: dataset has no categorical features,,,,,,,,,,,,0,,,True,undefined,,42
qsar-biodeg,tabpfn,icl,categorical_covariate_shift,0.05,2372236715,test_only,True,low,False,skipped,shift not applicable: dataset has no categorical features,,,,,,,,,,,,0,,,True,undefined,,42
qsar-biodeg,tabpfn,icl,categorical_covariate_shift,0.1,1022007541,test_only,True,low,False,skipped,shift not applicable: dataset has no categorical features,,,,,,,,,,,,0,,,True,undefined,,42
qsar-biodeg,tabpfn,icl,categorical_covariate_shift,0.2,2191697181,test_only,True,low,False,skipped,shift not applicable: dataset has no categorical features,,,,,,,,,,,,0,,,True,undefined,,42
qsar-biodeg,tabpfn,icl,categorical_covariate_shift,0.3,2095199464,test_only,True,low,False,skipped,shift not applicable: dataset has no categorical features,,,,,,,,,,,,0,,,True,undefined,,42
qsar-biodeg,tabpfn,icl,categorical_covariate_shift,0.4,2598606940,test_only,True,low,False,skipped,shift not applicable: dataset has no categorical features,,,,,,,,,,,,0,,,True,undefined,,42
qsar-biodeg,xgboost,gbdt,categorical_covariate_shift,0.0,3988792982,test_only,True,low,False,skipped,shift not applicable: dataset has no categorical features,,,,,,,,,,,,0,,,True,undefined,,42
qsar-biodeg,xgboost,gbdt,categorical_covariate_shift,0.05,2372236715,test_only,True,low,False,skipped,shift not applicable: dataset has no categorical features,,,,,,,,,,,,0,,,True,undefined,,42
qsar-biodeg,xgboost,gbdt,categorical_covariate_shift,0.1,1022007541,test_only,True,low,False,skipped,shift not applicable: dataset has no categorical features,,,,,,,,,,,,0,,,True,undefined,,42
qsar-biodeg,xgboost,gbdt,categorical_covariate_shift,0.2,2191697181,test_only,True,low,False,skipped,shift not applicable: dataset has no categorical features,,,,,,,,,,,,0,,,True,undefined,,42
qsar-biodeg,xgboost,gbdt,categorical_covariate_shift,0.3,2095199464,test_only,True,low,False,skipped,shift not applicable: dataset has no categorical features,,,,,,,,,,,,0,,,True,undefined,,42
qsar-biodeg,xgboost,gbdt,categorical_covariate_shift,0.4,2598606940,test_only,True,low,False,skipped,shift not applicable: dataset has no categorical features,,,,,,,,,,,,0,,,True,undefined,,42
satimage,catboost,gbdt,categorical_covariate_shift,0.0,1349746996,test_only,True,low,False,skipped,shift not applicable: dataset has no categorical features,,,,,,,,,,,,0,,,True,undefined,,42
satimage,catboost,gbdt,categorical_covariate_shift,0.05,4065749468,test_only,True,low,False,skipped,shift not applicable: dataset has no categorical features,,,,,,,,,,,,0,,,True,undefined,,42
satimage,catboost,gbdt,categorical_covariate_shift,0.1,1690228326,test_only,True,low,False,skipped,shift not applicable: dataset has no categorical features,,,,,,,,,,,,0,,,True,undefined,,42
satimage,catboost,gbdt,categorical_covariate_shift,0.2,2500209386,test_only,True,low,False,skipped,shift not applicable: dataset has no categorical features,,,,,,,,,,,,0,,,True,undefined,,42
satimage,catboost,gbdt,categorical_covariate_shift,0.3,1654252903,test_only,True,low,False,skipped,shift not applicable: dataset has no categorical features,,,,,,,,,,,,0,,,True,undefined,,42
satimage,catboost,gbdt,categorical_covariate_shift,0.4,112680348,test_only,True,low,False,skipped,shift not applicable: dataset has no categorical features,,,,,,,,,,,,0,,,True,undefined,,42
satimage,hist_gbdt,gbdt,categorical_covariate_shift,0.0,1349746996,test_only,True,low,False,skipped,shift not applicable: dataset has no categorical features,,,,,,,,,,,,0,,,True,undefined,,42
satimage,hist_gbdt,gbdt,categorical_covariate_shift,0.05,4065749468,test_only,True,low,False,skipped,shift not applicable: dataset has no categorical features,,,,,,,,,,,,0,,,True,undefined,,42
satimage,hist_gbdt,gbdt,categorical_covariate_shift,0.1,1690228326,test_only,True,low,False,skipped,shift not applicable: dataset has no categorical features,,,,,,,,,,,,0,,,True,undefined,,42
satimage,hist_gbdt,gbdt,categorical_covariate_shift,0.2,2500209386,test_only,True,low,False,skipped,shift not applicable: dataset has no categorical features,,,,,,,,,,,,0,,,True,undefined,,42
satimage,hist_gbdt,gbdt,categorical_covariate_shift,0.3,1654252903,test_only,True,low,False,skipped,shift not applicable: dataset has no categorical features,,,,,,,,,,,,0,,,True,undefined,,42
satimage,hist_gbdt,gbdt,categorical_covariate_shift,0.4,112680348,test_only,True,low,False,skipped,shift not applicable: dataset has no categorical features,,,,,,,,,,,,0,,,True,undefined,,42
satimage,logreg,linear,categorical_covariate_shift,0.0,1349746996,test_only,True,low,False,skipped,shift not applicable: dataset has no categorical features,,,,,,,,,,,,0,,,True,undefined,,42
satimage,logreg,linear,categorical_covariate_shift,0.05,4065749468,test_only,True,low,False,skipped,shift not applicable: dataset has no categorical features,,,,,,,,,,,,0,,,True,undefined,,42
satimage,logreg,linear,categorical_covariate_shift,0.1,1690228326,test_only,True,low,False,skipped,shift not applicable: dataset has no categorical features,,,,,,,,,,,,0,,,True,undefined,,42
satimage,logreg,linear,categorical_covariate_shift,0.2,2500209386,test_only,True,low,False,skipped,shift not applicable: dataset has no categorical features,,,,,,,,,,,,0,,,True,undefined,,42
satimage,logreg,linear,categorical_covariate_shift,0.3,1654252903,test_only,True,low,False,skipped,shift not applicable: dataset has no categorical features,,,,,,,,,,,,0,,,True,undefined,,42
satimage,logreg,linear,categorical_covariate_shift,0.4,112680348,test_only,True,low,False,skipped,shift not applicable: dataset has no categorical features,,,,,,,,,,,,0,,,True,undefined,,42
satimage,tabicl,icl,categorical_covariate_shift,0.0,1349746996,test_only,True,low,False,skipped,shift not applicable: dataset has no categorical features,,,,,,,,,,,,0,,,True,undefined,,42
satimage,tabicl,icl,categorical_covariate_shift,0.05,4065749468,test_only,True,low,False,skipped,shift not applicable: dataset has no categorical features,,,,,,,,,,,,0,,,True,undefined,,42
satimage,tabicl,icl,categorical_covariate_shift,0.1,1690228326,test_only,True,low,False,skipped,shift not applicable: dataset has no categorical features,,,,,,,,,,,,0,,,True,undefined,,42
satimage,tabicl,icl,categorical_covariate_shift,0.2,2500209386,test_only,True,low,False,skipped,shift not applicable: dataset has no categorical features,,,,,,,,,,,,0,,,True,undefined,,42
satimage,tabicl,icl,categorical_covariate_shift,0.3,1654252903,test_only,True,low,False,skipped,shift not applicable: dataset has no categorical features,,,,,,,,,,,,0,,,True,undefined,,42
satimage,tabicl,icl,categorical_covariate_shift,0.4,112680348,test_only,True,low,False,skipped,shift not applicable: dataset has no categorical features,,,,,,,,,,,,0,,,True,undefined,,42
satimage,tabpfn,icl,categorical_covariate_shift,0.0,1349746996,test_only,True,low,False,skipped,shift not applicable: dataset has no categorical features,,,,,,,,,,,,0,,,True,undefined,,42
satimage,tabpfn,icl,categorical_covariate_shift,0.05,4065749468,test_only,True,low,False,skipped,shift not applicable: dataset has no categorical features,,,,,,,,,,,,0,,,True,undefined,,42
satimage,tabpfn,icl,categorical_covariate_shift,0.1,1690228326,test_only,True,low,False,skipped,shift not applicable: dataset has no categorical features,,,,,,,,,,,,0,,,True,undefined,,42
satimage,tabpfn,icl,categorical_covariate_shift,0.2,2500209386,test_only,True,low,False,skipped,shift not applicable: dataset has no categorical features,,,,,,,,,,,,0,,,True,undefined,,42
satimage,tabpfn,icl,categorical_covariate_shift,0.3,1654252903,test_only,True,low,False,skipped,shift not applicable: dataset has no categorical features,,,,,,,,,,,,0,,,True,undefined,,42
satimage,tabpfn,icl,categorical_covariate_shift,0.4,112680348,test_only,True,low,False,skipped,shift not applicable: dataset has no categorical features,,,,,,,,,,,,0,,,True,undefined,,42
satimage,xgboost,gbdt,categorical_covariate_shift,0.0,1349746996,test_only,True,low,False,skipped,shift not applicable: dataset has no categorical features,,,,,,,,,,,,0,,,True,undefined,,42
satimage,xgboost,gbdt,categorical_covariate_shift,0.05,4065749468,test_only,True,low,False,skipped,shift not applicable: dataset has no categorical features,,,,,,,,,,,,0,,,True,undefined,,42
satimage,xgboost,gbdt,categorical_covariate_shift,0.1,1690228326,test_only,True,low,False,skipped,shift not applicable: dataset has no categorical features,,,,,,,,,,,,0,,,True,undefined,,42
satimage,xgboost,gbdt,categorical_covariate_shift,0.2,2500209386,test_only,True,low,False,skipped,shift not applicable: dataset has no categorical features,,,,,,,,,,,,0,,,True,undefined,,42
satimage,xgboost,gbdt,categorical_covariate_shift,0.3,1654252903,test_only,True,low,False,skipped,shift not applicable: dataset has no categorical features,,,,,,,,,,,,0,,,True,undefined,,42
satimage,xgboost,gbdt,categorical_covariate_shift,0.4,112680348,test_only,True,low,False,skipped,shift not applicable: dataset has no categorical features,,,,,,,,,,,,0,,,True,undefined,,42
segment,catboost,gbdt,categorical_covariate_shift,0.0,1662276791,test_only,False,low,False,skipped,shift not applicable: dataset has no categorical features,,,,,,,,,,,,0,,,True,undefined,,42
segment,catboost,gbdt,categorical_covariate_shift,0.05,2383129475,test_only,False,low,False,skipped,shift not applicable: dataset has no categorical features,,,,,,,,,,,,0,,,True,undefined,,42
segment,catboost,gbdt,categorical_covariate_shift,0.1,1690281341,test_only,False,low,False,skipped,shift not applicable: dataset has no categorical features,,,,,,,,,,,,0,,,True,undefined,,42
segment,catboost,gbdt,categorical_covariate_shift,0.2,2939911397,test_only,False,low,False,skipped,shift not applicable: dataset has no categorical features,,,,,,,,,,,,0,,,True,undefined,,42
segment,catboost,gbdt,categorical_covariate_shift,0.3,2652167890,test_only,False,low,False,skipped,shift not applicable: dataset has no categorical features,,,,,,,,,,,,0,,,True,undefined,,42
segment,catboost,gbdt,categorical_covariate_shift,0.4,43568724,test_only,False,low,False,skipped,shift not applicable: dataset has no categorical features,,,,,,,,,,,,0,,,True,undefined,,42
segment,hist_gbdt,gbdt,categorical_covariate_shift,0.0,1662276791,test_only,False,low,False,skipped,shift not applicable: dataset has no categorical features,,,,,,,,,,,,0,,,True,undefined,,42
segment,hist_gbdt,gbdt,categorical_covariate_shift,0.05,2383129475,test_only,False,low,False,skipped,shift not applicable: dataset has no categorical features,,,,,,,,,,,,0,,,True,undefined,,42
segment,hist_gbdt,gbdt,categorical_covariate_shift,0.1,1690281341,test_only,False,low,False,skipped,shift not applicable: dataset has no categorical features,,,,,,,,,,,,0,,,True,undefined,,42
segment,hist_gbdt,gbdt,categorical_covariate_shift,0.2,2939911397,test_only,False,low,False,skipped,shift not applicable: dataset has no categorical features,,,,,,,,,,,,0,,,True,undefined,,42
segment,hist_gbdt,gbdt,categorical_covariate_shift,0.3,2652167890,test_only,False,low,False,skipped,shift not applicable: dataset has no categorical features,,,,,,,,,,,,0,,,True,undefined,,42
segment,hist_gbdt,gbdt,categorical_covariate_shift,0.4,43568724,test_only,False,low,False,skipped,shift not applicable: dataset has no categorical features,,,,,,,,,,,,0,,,True,undefined,,42
segment,logreg,linear,categorical_covariate_shift,0.0,1662276791,test_only,False,low,False,skipped,shift not applicable: dataset has no categorical features,,,,,,,,,,,,0,,,True,undefined,,42
segment,logreg,linear,categorical_covariate_shift,0.05,2383129475,test_only,False,low,False,skipped,shift not applicable: dataset has no categorical features,,,,,,,,,,,,0,,,True,undefined,,42
segment,logreg,linear,categorical_covariate_shift,0.1,1690281341,test_only,False,low,False,skipped,shift not applicable: dataset has no categorical features,,,,,,,,,,,,0,,,True,undefined,,42
segment,logreg,linear,categorical_covariate_shift,0.2,2939911397,test_only,False,low,False,skipped,shift not applicable: dataset has no categorical features,,,,,,,,,,,,0,,,True,undefined,,42
segment,logreg,linear,categorical_covariate_shift,0.3,2652167890,test_only,False,low,False,skipped,shift not applicable: dataset has no categorical features,,,,,,,,,,,,0,,,True,undefined,,42
segment,logreg,linear,categorical_covariate_shift,0.4,43568724,test_only,False,low,False,skipped,shift not applicable: dataset has no categorical features,,,,,,,,,,,,0,,,True,undefined,,42
segment,tabicl,icl,categorical_covariate_shift,0.0,1662276791,test_only,False,low,False,skipped,shift not applicable: dataset has no categorical features,,,,,,,,,,,,0,,,True,undefined,,42
segment,tabicl,icl,categorical_covariate_shift,0.05,2383129475,test_only,False,low,False,skipped,shift not applicable: dataset has no categorical features,,,,,,,,,,,,0,,,True,undefined,,42
segment,tabicl,icl,categorical_covariate_shift,0.1,1690281341,test_only,False,low,False,skipped,shift not applicable: dataset has no categorical features,,,,,,,,,,,,0,,,True,undefined,,42
segment,tabicl,icl,categorical_covariate_shift,0.2,2939911397,test_only,False,low,False,skipped,shift not applicable: dataset has no categorical features,,,,,,,,,,,,0,,,True,undefined,,42
segment,tabicl,icl,categorical_covariate_shift,0.3,2652167890,test_only,False,low,False,skipped,shift not applicable: dataset has no categorical features,,,,,,,,,,,,0,,,True,undefined,,42
segment,tabicl,icl,categorical_covariate_shift,0.4,43568724,test_only,False,low,False,skipped,shift not applicable: dataset has no categorical features,,,,,,,,,,,,0,,,True,undefined,,42
segment,tabpfn,icl,categorical_covariate_shift,0.0,1662276791,test_only,False,low,False,skipped,shift not applicable: dataset has no categorical features,,,,,,,,,,,,0,,,True,undefined,,42
segment,tabpfn,icl,categorical_covariate_shift,0.05,2383129475,test_only,False,low,False,skipped,shift not applicable: dataset has no categorical features,,,,,,,,,,,,0,,,True,undefined,,42
segment,tabpfn,icl,categorical_covariate_shift,0.1,1690281341,test_only,False,low,False,skipped,shift not applicable: dataset has no categorical features,,,,,,,,,,,,0,,,True,undefined,,42
segment,tabpfn,icl,categorical_covariate_shift,0.2,2939911397,test_only,False,low,False,skipped,shift not applicable: dataset has no categorical features,,,,,,,,,,,,0,,,True,undefined,,42
segment,tabpfn,icl,categorical_covariate_shift,0.3,2652167890,test_only,False,low,False,skipped,shift not applicable: dataset has no categorical features,,,,,,,,,,,,0,,,True,undefined,,42
segment,tabpfn,icl,categorical_covariate_shift,0.4,43568724,test_only,False,low,False,skipped,shift not applicable: dataset has no categorical features,,,,,,,,,,,,0,,,True,undefined,,42
segment,xgboost,gbdt,categorical_covariate_shift,0.0,1662276791,test_only,False,low,False,skipped,shift not applicable: dataset has no categorical features,,,,,,,,,,,,0,,,True,undefined,,42
segment,xgboost,gbdt,categorical_covariate_shift,0.05,2383129475,test_only,False,low,False,skipped,shift not applicable: dataset has no categorical features,,,,,,,,,,,,0,,,True,undefined,,42
segment,xgboost,gbdt,categorical_covariate_shift,0.1,1690281341,test_only,False,low,False,skipped,shift not applicable: dataset has no categorical features,,,,,,,,,,,,0,,,True,undefined,,42
segment,xgboost,gbdt,categorical_covariate_shift,0.2,2939911397,test_only,False,low,False,skipped,shift not applicable: dataset has no categorical features,,,,,,,,,,,,0,,,True,undefined,,42
segment,xgboost,gbdt,categorical_covariate_shift,0.3,2652167890,test_only,False,low,False,skipped,shift not applicable: dataset has no categorical features,,,,,,,,,,,,0,,,True,undefined,,42
segment,xgboost,gbdt,categorical_covariate_shift,0.4,43568724,test_only,False,low,False,skipped,shift not applicable: dataset has no categorical features,,,,,,,,,,,,0,,,True,undefined,,42
spambase,catboost,gbdt,categorical_covariate_shift,0.0,790597133,test_only,False,low,False,skipped,shift not applicable: dataset has no categorical features,,,,,,,,,,,,0,,,True,undefined,,42
spambase,catboost,gbdt,categorical_covariate_shift,0.05,1326949184,test_only,False,low,False,skipped,shift not applicable: dataset has no categorical features,,,,,,,,,,,,0,,,True,undefined,,42
spambase,catboost,gbdt,categorical_covariate_shift,0.1,2494394248,test_only,False,low,False,skipped,shift not applicable: dataset has no categorical features,,,,,,,,,,,,0,,,True,undefined,,42
spambase,catboost,gbdt,categorical_covariate_shift,0.2,1128737973,test_only,False,low,False,skipped,shift not applicable: dataset has no categorical features,,,,,,,,,,,,0,,,True,undefined,,42
spambase,catboost,gbdt,categorical_covariate_shift,0.3,1279316793,test_only,False,low,False,skipped,shift not applicable: dataset has no categorical features,,,,,,,,,,,,0,,,True,undefined,,42
spambase,catboost,gbdt,categorical_covariate_shift,0.4,3378289923,test_only,False,low,False,skipped,shift not applicable: dataset has no categorical features,,,,,,,,,,,,0,,,True,undefined,,42
spambase,hist_gbdt,gbdt,categorical_covariate_shift,0.0,790597133,test_only,False,low,False,skipped,shift not applicable: dataset has no categorical features,,,,,,,,,,,,0,,,True,undefined,,42
spambase,hist_gbdt,gbdt,categorical_covariate_shift,0.05,1326949184,test_only,False,low,False,skipped,shift not applicable: dataset has no categorical features,,,,,,,,,,,,0,,,True,undefined,,42
spambase,hist_gbdt,gbdt,categorical_covariate_shift,0.1,2494394248,test_only,False,low,False,skipped,shift not applicable: dataset has no categorical features,,,,,,,,,,,,0,,,True,undefined,,42
spambase,hist_gbdt,gbdt,categorical_covariate_shift,0.2,1128737973,test_only,False,low,False,skipped,shift not applicable: dataset has no categorical features,,,,,,,,,,,,0,,,True,undefined,,42
spambase,hist_gbdt,gbdt,categorical_covariate_shift,0.3,1279316793,test_only,False,low,False,skipped,shift not applicable: dataset has no categorical features,,,,,,,,,,,,0,,,True,undefined,,42
spambase,hist_gbdt,gbdt,categorical_covariate_shift,0.4,3378289923,test_only,False,low,False,skipped,shift not applicable: dataset has no categorical features,,,,,,,,,,,,0,,,True,undefined,,42
spambase,logreg,linear,categorical_covariate_shift,0.0,790597133,test_only,False,low,False,skipped,shift not applicable: dataset has no categorical features,,,,,,,,,,,,0,,,True,undefined,,42
spambase,logreg,linear,categorical_covariate_shift,0.05,1326949184,test_only,False,low,False,skipped,shift not applicable: dataset has no categorical features,,,,,,,,,,,,0,,,True,undefined,,42
spambase,logreg,linear,categorical_covariate_shift,0.1,2494394248,test_only,False,low,False,skipped,shift not applicable: dataset has no categorical features,,,,,,,,,,,,0,,,True,undefined,,42
spambase,logreg,linear,categorical_covariate_shift,0.2,1128737973,test_only,False,low,False,skipped,shift not applicable: dataset has no categorical features,,,,,,,,,,,,0,,,True,undefined,,42
spambase,logreg,linear,categorical_covariate_shift,0.3,1279316793,test_only,False,low,False,skipped,shift not applicable: dataset has no categorical features,,,,,,,,,,,,0,,,True,undefined,,42
spambase,logreg,linear,categorical_covariate_shift,0.4,3378289923,test_only,False,low,False,skipped,shift not applicable: dataset has no categorical features,,,,,,,,,,,,0,,,True,undefined,,42
spambase,tabicl,icl,categorical_covariate_shift,0.0,790597133,test_only,False,low,False,skipped,shift not applicable: dataset has no categorical features,,,,,,,,,,,,0,,,True,undefined,,42
spambase,tabicl,icl,categorical_covariate_shift,0.05,1326949184,test_only,False,low,False,skipped,shift not applicable: dataset has no categorical features,,,,,,,,,,,,0,,,True,undefined,,42
spambase,tabicl,icl,categorical_covariate_shift,0.1,2494394248,test_only,False,low,False,skipped,shift not applicable: dataset has no categorical features,,,,,,,,,,,,0,,,True,undefined,,42
spambase,tabicl,icl,categorical_covariate_shift,0.2,1128737973,test_only,False,low,False,skipped,shift not applicable: dataset has no categorical features,,,,,,,,,,,,0,,,True,undefined,,42
spambase,tabicl,icl,categorical_covariate_shift,0.3,1279316793,test_only,False,low,False,skipped,shift not applicable: dataset has no categorical features,,,,,,,,,,,,0,,,True,undefined,,42
spambase,tabicl,icl,categorical_covariate_shift,0.4,3378289923,test_only,False,low,False,skipped,shift not applicable: dataset has no categorical features,,,,,,,,,,,,0,,,True,undefined,,42
spambase,tabpfn,icl,categorical_covariate_shift,0.0,790597133,test_only,False,low,False,skipped,shift not applicable: dataset has no categorical features,,,,,,,,,,,,0,,,True,undefined,,42
spambase,tabpfn,icl,categorical_covariate_shift,0.05,1326949184,test_only,False,low,False,skipped,shift not applicable: dataset has no categorical features,,,,,,,,,,,,0,,,True,undefined,,42
spambase,tabpfn,icl,categorical_covariate_shift,0.1,2494394248,test_only,False,low,False,skipped,shift not applicable: dataset has no categorical features,,,,,,,,,,,,0,,,True,undefined,,42
spambase,tabpfn,icl,categorical_covariate_shift,0.2,1128737973,test_only,False,low,False,skipped,shift not applicable: dataset has no categorical features,,,,,,,,,,,,0,,,True,undefined,,42
spambase,tabpfn,icl,categorical_covariate_shift,0.3,1279316793,test_only,False,low,False,skipped,shift not applicable: dataset has no categorical features,,,,,,,,,,,,0,,,True,undefined,,42
spambase,tabpfn,icl,categorical_covariate_shift,0.4,3378289923,test_only,False,low,False,skipped,shift not applicable: dataset has no categorical features,,,,,,,,,,,,0,,,True,undefined,,42
spambase,xgboost,gbdt,categorical_covariate_shift,0.0,790597133,test_only,False,low,False,skipped,shift not applicable: dataset has no categorical features,,,,,,,,,,,,0,,,True,undefined,,42
spambase,xgboost,gbdt,categorical_covariate_shift,0.05,1326949184,test_only,False,low,False,skipped,shift not applicable: dataset has no categorical features,,,,,,,,,,,,0,,,True,undefined,,42
spambase,xgboost,gbdt,categorical_covariate_shift,0.1,2494394248,test_only,False,low,False,skipped,shift not applicable: dataset has no categorical features,,,,,,,,,,,,0,,,True,undefined,,42
spambase,xgboost,gbdt,categorical_covariate_shift,0.2,1128737973,test_only,False,low,False,skipped,shift not applicable: dataset has no categorical features,,,,,,,,,,,,0,,,True,undefined,,42
spambase,xgboost,gbdt,categorical_covariate_shift,0.3,1279316793,test_only,False,low,False,skipped,shift not applicable: dataset has no categorical features,,,,,,,,,,,,0,,,True,undefined,,42
spambase,xgboost,gbdt,categorical_covariate_shift,0.4,3378289923,test_only,False,low,False,skipped,shift not applicable: dataset has no categorical features,,,,,,,,,,,,0,,,True,undefined,,42
splice,catboost,gbdt,categorical_covariate_shift,0.0,3037464962,test_only,False,high,True,ok,,0.9592476489028213,0.9932665125373376,0.12597579789646324,0.11466811285097546,0.012223823125539953,0.06307366003547552,0.014572729634894501,0.014224985230992498,0.8304538270356437,0.04293708650522548,0.45468522824309066,2233,catboost,0.45468522824309066,False,,,42
splice,catboost,gbdt,categorical_covariate_shift,0.05,3773312685,test_only,False,medium,True,ok,,0.896551724137931,0.982119259022428,0.30723016592501623,0.2796529486280217,0.0629227323351007,0.16272798051655102,0.06254324088720371,0.04897350196832295,0.7750719668129544,-0.7993346088109521,0.3817440682231128,2233,catboost,0.45468522824309066,True,utility_gap,,42
splice,catboost,gbdt,categorical_covariate_shift,0.1,1055664602,test_only,False,low,True,ok,,0.8829676071055381,0.9723079180383017,0.4149871790536623,0.3777376089218584,0.08319712125222832,0.19747996978132745,0.0714291586623963,0.059271201296769556,0.5393161690260949,-0.20647358501237895,0.34279220545223316,2233,catboost,0.45468522824309066,True,utility_gap,,42
splice,catboost,gbdt,categorical_covariate_shift,0.2,2918164739,test_only,False,low,True,ok,,0.7847439916405433,0.9386444115723988,0.8387278438582403,0.7634429839439194,0.16440014774434886,0.3653126882341517,0.16443723084700695,0.11841756992514517,0.45440038733089994,-0.7383145876891982,0.1843242180643755,2233,catboost,0.45468522824309066,True,utility_gap;ece;nll,,42
splice,catboost,gbdt,categorical_covariate_shift,0.3,3494480712,test_only,False,low,True,ok,,0.7042842215256009,0.8984885691157892,1.274963932327766,1.160522183739137,0.2459500588894739,0.5199152879830179,0.24512751414341535,0.17310629722114868,0.3634073719699306,-0.8845801523653378,0.02276696551973051,2233,catboost,0.45468522824309066,True,utility_gap;ece;nll,,42
splice,catboost,gbdt,categorical_covariate_shift,0.4,4192164461,test_only,False,low,True,ok,,0.6551724137931034,0.868456553968068,1.724002449953308,1.569254656748272,0.29812980839836833,0.6269115518444512,0.2981298083983683,0.21206251932313425,0.312308318453666,-1.0252283359262822,-0.12816670274636593,2233,catboost,0.45468522824309066,True,utility_gap;ece;nll,,42
splice,hist_gbdt,gbdt,categorical_covariate_shift,0.0,3037464962,test_only,False,high,True,ok,,0.9592476489028213,0.9931876368752155,0.19625872743537046,0.17864239227953888,0.030924113381281385,0.06539345541953479,0.029501314140023042,0.02110094552103585,0.41274146944638246,-0.25054154085334496,0.4317252798816307,2233,catboost,0.45468522824309066,False,,,42
splice,hist_gbdt,gbdt,categorical_covariate_shift,0.05,3773312685,test_only,False,medium,True,ok,,0.8955067920585162,0.9783227142292786,0.6681846271088275,0.6082078582234809,0.08825446380364642,0.19044375564621926,0.08825507895041358,0.06283400482791884,0.3056624840634767,-0.5951978594919359,0.2766257185612514,2233,catboost,0.45468522824309066,True,utility_gap,,42
splice,hist_gbdt,gbdt,categorical_covariate_shift,0.1,1055664602,test_only,False,low,True,ok,,0.8735632183908046,0.9670326486158144,0.8962317893905646,0.815785330853254,0.11371596097514622,0.23205676986102539,0.10981757431407582,0.0773941598808422,0.2665029767070678,-0.5328242778308462,0.20201711832315025,2233,catboost,0.45468522824309066,True,utility_gap;ece;nll,,42
splice,hist_gbdt,gbdt,categorical_covariate_shift,0.2,2918164739,test_only,False,low,True,ok,,0.7816091954022989,0.9258014887563123,1.883005601699368,1.713985562624835,0.2018014209815754,0.4188119599759612,0.19971686968145594,0.14106892349853203,0.1984474026553796,-0.7205279642623994,-0.11328405260871142,2233,catboost,0.45468522824309066,True,utility_gap;ece;nll,,42
splice,hist_gbdt,gbdt,categorical_covariate_shift,0.3,3494480712,test_only,False,low,True,ok,,0.6980146290491118,0.8743425808123065,2.864678397804376,2.607542649352063,0.2874262000571634,0.5805402922724765,0.28632971911716626,0.1948183560641424,0.16882862644112534,-0.963827688036476,-0.4290259371753774,2233,catboost,0.45468522824309066,True,utility_gap;ece;nll,,42
splice,hist_gbdt,gbdt,categorical_covariate_shift,0.4,4192164461,test_only,False,low,True,ok,,0.6436781609195402,0.8376715829935657,3.757925487917647,3.4206111898434393,0.34311014506366044,0.6888166471447001,0.33975415875181514,0.23285304278247887,0.158953263720521,-1.2265169033889123,-0.7050686077800847,2233,catboost,0.45468522824309066,True,utility_gap;ece;nll,,42
splice,logreg,linear,categorical_covariate_shift,0.0,3037464962,test_only,False,high,True,ok,,0.9362591431556949,0.9888249176898602,0.19984964052273432,0.18191098223106514,0.021613667132742403,0.09711842304613184,0.0216315977595523,0.02267927282277063,0.6675444066292467,0.15905988030954973,0.42763156456893725,2233,catboost,0.45468522824309066,False,,,42
splice,logreg,linear,categorical_covariate_shift,0.05,3773312685,test_only,False,medium,True,ok,,0.9049111807732497,0.9804834870114173,0.29585160447204767,0.2692957356509456,0.043923155288166316,0.15183335691668198,0.04001406634036675,0.034171769419769335,0.5435578755902869,0.1277289072148901,0.3893325458170665,2233,catboost,0.45468522824309066,True,utility_gap,,42
splice,logreg,linear,categorical_covariate_shift,0.1,1055664602,test_only,False,low,True,ok,,0.8756530825496343,0.9713136643355539,0.4006516027154719,0.36468880500253403,0.06419309742455037,0.19262979203250713,0.062393212390857454,0.051705079015783494,0.49759863166462337,-0.01594078537804946,0.3490624839142188,2233,catboost,0.45468522824309066,True,utility_gap,,42
splice,logreg,linear,categorical_covariate_shift,0.2,2918164739,test_only,False,low,True,ok,,0.8077324973876698,0.9448232143493901,0.7126072551245901,0.6486430767932803,0.12132820470955996,0.3101012905561114,0.11830486271097751,0.09499304880561166,0.34950657499845567,-0.1277449450846502,0.23298943565054095,2233,catboost,0.45468522824309066,True,utility_gap;ece,,42
splice,logreg,linear,categorical_covariate_shift,0.3,3494480712,test_only,False,low,True,ok,,0.7398119122257053,0.9072265019657646,1.1205247313342686,1.0199455648659492,0.19187212059688197,0.4352747636642986,0.19093036676825184,0.1405950070415605,0.25392127846027457,-0.2394656356973592,0.0841429689427122,2233,catboost,0.45468522824309066,True,utility_gap;ece;nll,,42
splice,logreg,linear,categorical_covariate_shift,0.4,4192164461,test_only,False,low,True,ok,,0.6792058516196448,0.8834998247764602,1.5205357689514385,1.3840513023888008,0.25434429606049613,0.5396647400524048,0.2540767860699991,0.18110416439925178,0.2547290145739883,-0.6580896616103489,-0.05497843351403166,2233,catboost,0.45468522824309066,True,utility_gap;ece;nll,,42
splice,tabicl,icl,categorical_covariate_shift,0.0,3037464962,test_only,False,high,True,ok,,0.9623824451410659,0.9965408883739212,0.09854339788969246,0.08969806628429439,0.014261215306470995,0.05186140943215239,0.013732186245271255,0.01161317355680158,0.9714241976797061,-0.3985563003958778,0.4633850147554497,2233,catboost,0.45468522824309066,False,,,42
splice,tabicl,icl,categorical_covariate_shift,0.05,3773312685,test_only,False,medium,True,ok,,0.910135841170324,0.9882783814904257,0.2676561061182969,0.24363108703506925,0.05081775831383567,0.1408730446664279,0.05240853985621717,0.04102445206971651,0.7786962682538456,-0.7058392758709005,0.3991649319239097,2233,catboost,0.45468522824309066,True,utility_gap,,42
splice,tabicl,icl,categorical_covariate_shift,0.1,1055664602,test_only,False,low,True,ok,,0.8871473354231975,0.9837026966134667,0.334888945274342,0.3048290545523943,0.06965103527907296,0.17985121832168283,0.06832075902437187,0.05626565666682579,0.7750820293121184,-0.8164784964062141,0.37198912070666,2233,catboost,0.45468522824309066,True,utility_gap,,42
splice,tabicl,icl,categorical_covariate_shift,0.2,2918164739,test_only,False,low,True,ok,,0.7899686520376176,0.9513416664089555,0.667661438436888,0.6077316313713547,0.14617316687691725,0.3401548820403697,0.14527318953024432,0.11079078113161593,0.6477676079405233,-0.9432201746831285,0.23991075826198716,2233,catboost,0.45468522824309066,True,utility_gap;ece,,42
splice,tabicl,icl,categorical_covariate_shift,0.3,3494480712,test_only,False,low,True,ok,,0.709508881922675,0.9107813096709155,0.9368299220061532,0.8527393436877613,0.2171057590289515,0.4785978203717496,0.2173595900647759,0.16008585436078668,0.596246876997493,-1.1032294932496234,0.125956835761103,2233,catboost,0.45468522824309066,True,utility_gap;ece;nll,,42
splice,tabicl,icl,categorical_covariate_shift,0.4,4192164461,test_only,False,low,True,ok,,0.6499477533960293,0.8729732039346499,1.1704941687613155,1.0654297069445227,0.27266194442061686,0.5855622055871452,0.272661944420617,0.19977546971081125,0.5842662197019283,-1.3160298176763014,0.028871483419051658,2233,catboost,0.45468522824309066,True,utility_gap;ece;nll,,42
splice,tabpfn,icl,categorical_covariate_shift,0.0,3037464962,test_only,False,high,True,ok,,0.9655172413793104,0.9941086143678649,0.11459376772637503,0.10430774251151104,0.01656812347674867,0.055626239312099715,0.01559626205990052,0.01387256118946647,0.8317172365908209,0.5944880659204458,0.45815965378684625,2233,catboost,0.45468522824309066,False,,,42
splice,tabpfn,icl,categorical_covariate_shift,0.05,3773312685,test_only,False,medium,True,ok,,0.9049111807732497,0.9839153554583085,0.26335499102817705,0.23971604336180558,0.03356973946190757,0.14282058524222582,0.03442249790911714,0.040187243282923224,0.8349253509132486,-0.29951685969051844,0.40147829062547224,2233,catboost,0.45468522824309066,True,utility_gap,,42
splice,tabpfn,icl,categorical_covariate_shift,0.1,1055664602,test_only,False,low,True,ok,,0.8787878787878788,0.9771595143093075,0.32439611499457466,0.29527806883341223,0.03688725428475758,0.18067307727297274,0.03865508644632335,0.0573958462292781,0.8172475071016014,-0.18827889921870264,0.3778631403194642,2233,catboost,0.45468522824309066,True,utility_gap,,42
splice,tabpfn,icl,categorical_covariate_shift,0.2,2918164739,test_only,False,low,True,ok,,0.7889237199582028,0.9413464018767631,0.5632379623707477,0.5126812872752251,0.09249634193272846,0.3119425419182208,0.09205630074173503,0.10177332887200513,0.7001314294579659,-0.3583963132879982,0.2755061440814842,2233,catboost,0.45468522824309066,True,utility_gap,,42
splice,tabpfn,icl,categorical_covariate_shift,0.3,3494480712,test_only,False,low,True,ok,,0.7105538140020898,0.8959695717915331,0.8686328626282023,0.7906637051013506,0.1804910381907091,0.45588170066781375,0.17923270562599342,0.1555327640336214,0.463493953407289,-0.40439035567764503,0.14687510305880308,2233,catboost,0.45468522824309066,True,utility_gap;ece;nll,,42
splice,tabpfn,icl,categorical_covariate_shift,0.4,4192164461,test_only,False,low,True,ok,,0.658307210031348,0.8584375278643935,0.9667188302190692,0.8799454003842064,0.2053953128866966,0.5225295856387155,0.20453535777993256,0.17557411378238452,0.5239390790300229,-0.58708677913216,0.09413653356463866,2233,catboost,0.45468522824309066,True,utility_gap;ece;nll,,42
splice,xgboost,gbdt,categorical_covariate_shift,0.0,3037464962,test_only,False,high,True,ok,,0.9602925809822361,0.9933195689496909,0.14662238302395475,0.1334614445299085,0.028121236812795165,0.06423704022287256,0.024299015583133684,0.020149013419416644,0.6182488962906282,-0.2366697378595383,0.4460430555581956,2233,catboost,0.45468522824309066,False,,,42
splice,xgboost,gbdt,categorical_covariate_shift,0.05,3773312685,test_only,False,medium,True,ok,,0.8955067920585162,0.9831953084453735,0.3940798371978128,0.3587069262401671,0.07790922911629779,0.17446960109662998,0.07795081459203522,0.056943667528453944,0.540290330796148,-0.8966696539668871,0.35525045306934844,2233,catboost,0.45468522824309066,True,utility_gap,,42
splice,xgboost,gbdt,categorical_covariate_shift,0.1,1055664602,test_only,False,low,True,ok,,0.8787878787878788,0.9743563488059109,0.5547585077957347,0.5049629551006478,0.10045698006486262,0.21417157114483568,0.09557627944200388,0.06832988922791945,0.4179815155046404,-0.5165460478705951,0.3012626213570838,2233,catboost,0.45468522824309066,True,utility_gap;ece,,42
splice,xgboost,gbdt,categorical_covariate_shift,0.2,2918164739,test_only,False,low,True,ok,,0.780564263322884,0.935938785234181,1.2006489106130183,1.0928777358467485,0.19051609667124245,0.4019541160780034,0.18868469619146694,0.13415185155733808,0.31445081295185906,-0.8214237684902278,0.0786966742421229,2233,catboost,0.45468522824309066,True,utility_gap;ece;nll,,42
splice,xgboost,gbdt,categorical_covariate_shift,0.3,3494480712,test_only,False,low,True,ok,,0.7011494252873564,0.8959531745423401,1.8434808656092836,1.678008597413567,0.2743102986684279,0.5605664529676968,0.2710430582048185,0.1890514613787071,0.2479594275170392,-0.916071603106952,-0.13950861407483317,2233,catboost,0.45468522824309066,True,utility_gap;ece;nll,,42
splice,xgboost,gbdt,categorical_covariate_shift,0.4,4192164461,test_only,False,low,True,ok,,0.644723092998955,0.8678633971161457,2.4754561824547983,2.2532573210662785,0.3287921799954824,0.6730345174057295,0.32858201361233336,0.22948698824198974,0.24926578914333852,-1.3403526583477556,-0.3412749793784857,2233,catboost,0.45468522824309066,True,utility_gap;ece;nll,,42
steel-plates-fault,catboost,gbdt,categorical_covariate_shift,0.0,3012216725,test_only,True,low,False,skipped,shift not applicable: dataset has no categorical features,,,,,,,,,,,,0,,,True,undefined,,42
steel-plates-fault,catboost,gbdt,categorical_covariate_shift,0.05,4235202846,test_only,True,low,False,skipped,shift not applicable: dataset has no categorical features,,,,,,,,,,,,0,,,True,undefined,,42
steel-plates-fault,catboost,gbdt,categorical_covariate_shift,0.1,3608735969,test_only,True,low,False,skipped,shift not applicable: dataset has no categorical features,,,,,,,,,,,,0,,,True,undefined,,42
steel-plates-fault,catboost,gbdt,categorical_covariate_shift,0.2,3252609770,test_only,True,low,False,skipped,shift not applicable: dataset has no categorical features,,,,,,,,,,,,0,,,True,undefined,,42
steel-plates-fault,catboost,gbdt,categorical_covariate_shift,0.3,3690196200,test_only,True,low,False,skipped,shift not applicable: dataset has no categorical features,,,,,,,,,,,,0,,,True,undefined,,42
steel-plates-fault,catboost,gbdt,categorical_covariate_shift,0.4,1132027274,test_only,True,low,False,skipped,shift not applicable: dataset has no categorical features,,,,,,,,,,,,0,,,True,undefined,,42
steel-plates-fault,hist_gbdt,gbdt,categorical_covariate_shift,0.0,3012216725,test_only,True,low,False,skipped,shift not applicable: dataset has no categorical features,,,,,,,,,,,,0,,,True,undefined,,42
steel-plates-fault,hist_gbdt,gbdt,categorical_covariate_shift,0.05,4235202846,test_only,True,low,False,skipped,shift not applicable: dataset has no categorical features,,,,,,,,,,,,0,,,True,undefined,,42
steel-plates-fault,hist_gbdt,gbdt,categorical_covariate_shift,0.1,3608735969,test_only,True,low,False,skipped,shift not applicable: dataset has no categorical features,,,,,,,,,,,,0,,,True,undefined,,42
steel-plates-fault,hist_gbdt,gbdt,categorical_covariate_shift,0.2,3252609770,test_only,True,low,False,skipped,shift not applicable: dataset has no categorical features,,,,,,,,,,,,0,,,True,undefined,,42
steel-plates-fault,hist_gbdt,gbdt,categorical_covariate_shift,0.3,3690196200,test_only,True,low,False,skipped,shift not applicable: dataset has no categorical features,,,,,,,,,,,,0,,,True,undefined,,42
steel-plates-fault,hist_gbdt,gbdt,categorical_covariate_shift,0.4,1132027274,test_only,True,low,False,skipped,shift not applicable: dataset has no categorical features,,,,,,,,,,,,0,,,True,undefined,,42
steel-plates-fault,logreg,linear,categorical_covariate_shift,0.0,3012216725,test_only,True,low,False,skipped,shift not applicable: dataset has no categorical features,,,,,,,,,,,,0,,,True,undefined,,42
steel-plates-fault,logreg,linear,categorical_covariate_shift,0.05,4235202846,test_only,True,low,False,skipped,shift not applicable: dataset has no categorical features,,,,,,,,,,,,0,,,True,undefined,,42
steel-plates-fault,logreg,linear,categorical_covariate_shift,0.1,3608735969,test_only,True,low,False,skipped,shift not applicable: dataset has no categorical features,,,,,,,,,,,,0,,,True,undefined,,42
steel-plates-fault,logreg,linear,categorical_covariate_shift,0.2,3252609770,test_only,True,low,False,skipped,shift not applicable: dataset has no categorical features,,,,,,,,,,,,0,,,True,undefined,,42
steel-plates-fault,logreg,linear,categorical_covariate_shift,0.3,3690196200,test_only,True,low,False,skipped,shift not applicable: dataset has no categorical features,,,,,,,,,,,,0,,,True,undefined,,42
steel-plates-fault,logreg,linear,categorical_covariate_shift,0.4,1132027274,test_only,True,low,False,skipped,shift not applicable: dataset has no categorical features,,,,,,,,,,,,0,,,True,undefined,,42
steel-plates-fault,tabicl,icl,categorical_covariate_shift,0.0,3012216725,test_only,True,low,False,skipped,shift not applicable: dataset has no categorical features,,,,,,,,,,,,0,,,True,undefined,,42
steel-plates-fault,tabicl,icl,categorical_covariate_shift,0.05,4235202846,test_only,True,low,False,skipped,shift not applicable: dataset has no categorical features,,,,,,,,,,,,0,,,True,undefined,,42
steel-plates-fault,tabicl,icl,categorical_covariate_shift,0.1,3608735969,test_only,True,low,False,skipped,shift not applicable: dataset has no categorical features,,,,,,,,,,,,0,,,True,undefined,,42
steel-plates-fault,tabicl,icl,categorical_covariate_shift,0.2,3252609770,test_only,True,low,False,skipped,shift not applicable: dataset has no categorical features,,,,,,,,,,,,0,,,True,undefined,,42
steel-plates-fault,tabicl,icl,categorical_covariate_shift,0.3,3690196200,test_only,True,low,False,skipped,shift not applicable: dataset has no categorical features,,,,,,,,,,,,0,,,True,undefined,,42
steel-plates-fault,tabicl,icl,categorical_covariate_shift,0.4,1132027274,test_only,True,low,False,skipped,shift not applicable: dataset has no categorical features,,,,,,,,,,,,0,,,True,undefined,,42
steel-plates-fault,tabpfn,icl,categorical_covariate_shift,0.0,3012216725,test_only,True,low,False,skipped,shift not applicable: dataset has no categorical features,,,,,,,,,,,,0,,,True,undefined,,42
steel-plates-fault,tabpfn,icl,categorical_covariate_shift,0.05,4235202846,test_only,True,low,False,skipped,shift not applicable: dataset has no categorical features,,,,,,,,,,,,0,,,True,undefined,,42
steel-plates-fault,tabpfn,icl,categorical_covariate_shift,0.1,3608735969,test_only,True,low,False,skipped,shift not applicable: dataset has no categorical features,,,,,,,,,,,,0,,,True,undefined,,42
steel-plates-fault,tabpfn,icl,categorical_covariate_shift,0.2,3252609770,test_only,True,low,False,skipped,shift not applicable: dataset has no categorical features,,,,,,,,,,,,0,,,True,undefined,,42
steel-plates-fault,tabpfn,icl,categorical_covariate_shift,0.3,3690196200,test_only,True,low,False,skipped,shift not applicable: dataset has no categorical features,,,,,,,,,,,,0,,,True,undefined,,42
steel-plates-fault,tabpfn,icl,categorical_covariate_shift,0.4,1132027274,test_only,True,low,False,skipped,shift not applicable: dataset has no categorical features,,,,,,,,,,,,0,,,True,undefined,,42
steel-plates-fault,xgboost,gbdt,categorical_covariate_shift,0.0,3012216725,test_only,True,low,False,skipped,shift not applicable: dataset has no categorical features,,,,,,,,,,,,0,,,True,undefined,,42
steel-plates-fault,xgboost,gbdt,categorical_covariate_shift,0.05,4235202846,test_only,True,low,False,skipped,shift not applicable: dataset has no categorical features,,,,,,,,,,,,0,,,True,undefined,,42
steel-plates-fault,xgboost,gbdt,categorical_covariate_shift,0.1,3608735969,test_only,True,low,False,skipped,shift not applicable: dataset has no categorical features,,,,,,,,,,,,0,,,True,undefined,,42
steel-plates-fault,xgboost,gbdt,categorical_covariate_shift,0.2,3252609770,test_only,True,low,False,skipped,shift not applicable: dataset has no categorical features,,,,,,,,,,,,0,,,True,undefined,,42
steel-plates-fault,xgboost,gbdt,categorical_covariate_shift,0.3,3690196200,test_only,True,low,False,skipped,shift not applicable: dataset has no categorical features,,,,,,,,,,,,0,,,True,undefined,,42
steel-plates-fault,xgboost,gbdt,categorical_covariate_shift,0.4,1132027274,test_only,True,low,False,skipped,shift not applicable: dataset has no categorical features,,,,,,,,,,,,0,,,True,undefined,,42
texture,catboost,gbdt,categorical_covariate_shift,0.0,2359922086,test_only,True,low,False,skipped,shift not applicable: dataset has no categorical features,,,,,,,,,,,,0,,,True,undefined,,42
texture,catboost,gbdt,categorical_covariate_shift,0.05,920930865,test_only,True,low,False,skipped,shift not applicable: dataset has no categorical features,,,,,,,,,,,,0,,,True,undefined,,42
texture,catboost,gbdt,categorical_covariate_shift,0.1,3519548496,test_only,True,low,False,skipped,shift not applicable: dataset has no categorical features,,,,,,,,,,,,0,,,True,undefined,,42
texture,catboost,gbdt,categorical_covariate_shift,0.2,3023103642,test_only,True,low,False,skipped,shift not applicable: dataset has no categorical features,,,,,,,,,,,,0,,,True,undefined,,42
texture,catboost,gbdt,categorical_covariate_shift,0.3,302788870,test_only,True,low,False,skipped,shift not applicable: dataset has no categorical features,,,,,,,,,,,,0,,,True,undefined,,42
texture,catboost,gbdt,categorical_covariate_shift,0.4,2168209633,test_only,True,low,False,skipped,shift not applicable: dataset has no categorical features,,,,,,,,,,,,0,,,True,undefined,,42
texture,hist_gbdt,gbdt,categorical_covariate_shift,0.0,2359922086,test_only,True,low,False,skipped,shift not applicable: dataset has no categorical features,,,,,,,,,,,,0,,,True,undefined,,42
texture,hist_gbdt,gbdt,categorical_covariate_shift,0.05,920930865,test_only,True,low,False,skipped,shift not applicable: dataset has no categorical features,,,,,,,,,,,,0,,,True,undefined,,42
texture,hist_gbdt,gbdt,categorical_covariate_shift,0.1,3519548496,test_only,True,low,False,skipped,shift not applicable: dataset has no categorical features,,,,,,,,,,,,0,,,True,undefined,,42
texture,hist_gbdt,gbdt,categorical_covariate_shift,0.2,3023103642,test_only,True,low,False,skipped,shift not applicable: dataset has no categorical features,,,,,,,,,,,,0,,,True,undefined,,42
texture,hist_gbdt,gbdt,categorical_covariate_shift,0.3,302788870,test_only,True,low,False,skipped,shift not applicable: dataset has no categorical features,,,,,,,,,,,,0,,,True,undefined,,42
texture,hist_gbdt,gbdt,categorical_covariate_shift,0.4,2168209633,test_only,True,low,False,skipped,shift not applicable: dataset has no categorical features,,,,,,,,,,,,0,,,True,undefined,,42
texture,logreg,linear,categorical_covariate_shift,0.0,2359922086,test_only,True,low,False,skipped,shift not applicable: dataset has no categorical features,,,,,,,,,,,,0,,,True,undefined,,42
texture,logreg,linear,categorical_covariate_shift,0.05,920930865,test_only,True,low,False,skipped,shift not applicable: dataset has no categorical features,,,,,,,,,,,,0,,,True,undefined,,42
texture,logreg,linear,categorical_covariate_shift,0.1,3519548496,test_only,True,low,False,skipped,shift not applicable: dataset has no categorical features,,,,,,,,,,,,0,,,True,undefined,,42
texture,logreg,linear,categorical_covariate_shift,0.2,3023103642,test_only,True,low,False,skipped,shift not applicable: dataset has no categorical features,,,,,,,,,,,,0,,,True,undefined,,42
texture,logreg,linear,categorical_covariate_shift,0.3,302788870,test_only,True,low,False,skipped,shift not applicable: dataset has no categorical features,,,,,,,,,,,,0,,,True,undefined,,42
texture,logreg,linear,categorical_covariate_shift,0.4,2168209633,test_only,True,low,False,skipped,shift not applicable: dataset has no categorical features,,,,,,,,,,,,0,,,True,undefined,,42
texture,tabicl,icl,categorical_covariate_shift,0.0,2359922086,test_only,True,low,False,skipped,shift not applicable: dataset has no categorical features,,,,,,,,,,,,0,,,True,undefined,,42
texture,tabicl,icl,categorical_covariate_shift,0.05,920930865,test_only,True,low,False,skipped,shift not applicable: dataset has no categorical features,,,,,,,,,,,,0,,,True,undefined,,42
texture,tabicl,icl,categorical_covariate_shift,0.1,3519548496,test_only,True,low,False,skipped,shift not applicable: dataset has no categorical features,,,,,,,,,,,,0,,,True,undefined,,42
texture,tabicl,icl,categorical_covariate_shift,0.2,3023103642,test_only,True,low,False,skipped,shift not applicable: dataset has no categorical features,,,,,,,,,,,,0,,,True,undefined,,42
texture,tabicl,icl,categorical_covariate_shift,0.3,302788870,test_only,True,low,False,skipped,shift not applicable: dataset has no categorical features,,,,,,,,,,,,0,,,True,undefined,,42
texture,tabicl,icl,categorical_covariate_shift,0.4,2168209633,test_only,True,low,False,skipped,shift not applicable: dataset has no categorical features,,,,,,,,,,,,0,,,True,undefined,,42
texture,tabpfn,icl,categorical_covariate_shift,0.0,2359922086,test_only,True,low,False,skipped,shift not applicable: dataset has no categorical features,,,,,,,,,,,,0,,,True,undefined,,42
texture,tabpfn,icl,categorical_covariate_shift,0.05,920930865,test_only,True,low,False,skipped,shift not applicable: dataset has no categorical features,,,,,,,,,,,,0,,,True,undefined,,42
texture,tabpfn,icl,categorical_covariate_shift,0.1,3519548496,test_only,True,low,False,skipped,shift not applicable: dataset has no categorical features,,,,,,,,,,,,0,,,True,undefined,,42
texture,tabpfn,icl,categorical_covariate_shift,0.2,3023103642,test_only,True,low,False,skipped,shift not applicable: dataset has no categorical features,,,,,,,,,,,,0,,,True,undefined,,42
texture,tabpfn,icl,categorical_covariate_shift,0.3,302788870,test_only,True,low,False,skipped,shift not applicable: dataset has no categorical features,,,,,,,,,,,,0,,,True,undefined,,42
texture,tabpfn,icl,categorical_covariate_shift,0.4,2168209633,test_only,True,low,False,skipped,shift not applicable: dataset has no categorical features,,,,,,,,,,,,0,,,True,undefined,,42
texture,xgboost,gbdt,categorical_covariate_shift,0.0,2359922086,test_only,True,low,False,skipped,shift not applicable: dataset has no categorical features,,,,,,,,,,,,0,,,True,undefined,,42
texture,xgboost,gbdt,categorical_covariate_shift,0.05,920930865,test_only,True,low,False,skipped,shift not applicable: dataset has no categorical features,,,,,,,,,,,,0,,,True,undefined,,42
texture,xgboost,gbdt,categorical_covariate_shift,0.1,3519548496,test_only,True,low,False,skipped,shift not applicable: dataset has no categorical features,,,,,,,,,,,,0,,,True,undefined,,42
texture,xgboost,gbdt,categorical_covariate_shift,0.2,3023103642,test_only,True,low,False,skipped,shift not applicable: dataset has no categorical features,,,,,,,,,,,,0,,,True,undefined,,42
texture,xgboost,gbdt,categorical_covariate_shift,0.3,302788870,test_only,True,low,False,skipped,shift not applicable: dataset has no categorical features,,,,,,,,,,,,0,,,True,undefined,,42
texture,xgboost,gbdt,categorical_covariate_shift,0.4,2168209633,test_only,True,low,False,skipped,shift not applicable: dataset has no categorical features,,,,,,,,,,,,0,,,True,undefined,,42
tic-tac-toe,catboost,gbdt,categorical_covariate_shift,0.0,4278581270,test_only,True,low,True,ok,,0.9930555555555556,0.9999468085106382,0.07317638054087292,0.105571201316521,0.061114305733485356,0.02284188555832187,0.05739656313031658,0.06318161369182101,10.700791646363452,-5.111296390961517,0.4550454947704033,670,xgboost,0.4750618147425544,False,,,42
tic-tac-toe,catboost,gbdt,categorical_covariate_shift,0.05,3395723596,test_only,True,low,True,ok,,0.96875,0.9844148936170213,0.14884326129767572,0.21473543494389694,0.04738370798112347,0.07315136689610913,0.05149659661627779,0.0515115116208098,0.7531304590400646,1.5295211375570252,0.4159603406865637,670,xgboost,0.4750618147425544,True,utility_gap,,42
tic-tac-toe,catboost,gbdt,categorical_covariate_shift,0.1,3033481053,test_only,True,low,True,ok,,0.9236111111111112,0.9705851063829787,0.20593372795315273,0.2970995680697904,0.03870463136655526,0.1148912924649162,0.05649196536854076,0.046588140441167686,1.136442205939318,0.050649080346767864,0.381375657206461,670,xgboost,0.4750618147425544,True,utility_gap,,42
tic-tac-toe,catboost,gbdt,categorical_covariate_shift,0.2,3408853577,test_only,True,medium,True,ok,,0.8055555555555556,0.8787765957446808,0.43584422017821084,0.6287902950512223,0.07820923708394115,0.26809096380014896,0.08991121211247786,0.08315669926992839,0.8718325891461136,-0.5188775987714632,0.2241262059118167,670,xgboost,0.4750618147425544,True,utility_gap,,42
tic-tac-toe,catboost,gbdt,categorical_covariate_shift,0.3,1588227633,test_only,True,medium,True,ok,,0.7604166666666666,0.7853723404255318,0.6304162614418172,0.9094984140778699,0.12734529491098606,0.38270221412057204,0.12939885462095507,0.14170945809157365,0.39734488634182796,0.20307651806751303,0.09062423594337797,670,xgboost,0.4750618147425544,True,utility_gap;ece;nll,,42
tic-tac-toe,catboost,gbdt,categorical_covariate_shift,0.4,3474445338,test_only,True,medium,True,ok,,0.7534722222222222,0.7678457446808511,0.6606585256327959,0.9531287786514488,0.12918564272180993,0.384940133922532,0.11720505141395261,0.13430518397756902,0.3152636029420796,0.37444631207076584,0.06999108183183456,670,xgboost,0.4750618147425544,True,utility_gap;ece;nll,,42
tic-tac-toe,hist_gbdt,gbdt,categorical_covariate_shift,0.0,4278581270,test_only,True,low,True,ok,,0.9861111111111112,0.9991489361702128,0.05807803530245091,0.08378889351542008,0.04143609189871071,0.026193230394684724,0.029069865361674142,0.04422047414860614,2.004096174247457,0.14566351837139163,0.46419490789187295,670,xgboost,0.4750618147425544,False,,,42
tic-tac-toe,hist_gbdt,gbdt,categorical_covariate_shift,0.05,3395723596,test_only,True,low,True,ok,,0.9513888888888888,0.9685638297872341,0.18453167293655717,0.2662229294325152,0.025823326243777013,0.08624819826106273,0.034568669032425496,0.03602407794543016,0.5443168785271363,1.0578462484311193,0.39667412968035526,670,xgboost,0.4750618147425544,True,utility_gap,,42
tic-tac-toe,hist_gbdt,gbdt,categorical_covariate_shift,0.1,3033481053,test_only,True,low,True,ok,,0.90625,0.9380319148936169,0.32079629611726523,0.462811225543926,0.05490313721702438,0.15728833312441362,0.045545087488587016,0.06547833823470797,0.48345370929270576,0.5113538304584063,0.3144246751061832,670,xgboost,0.4750618147425544,True,utility_gap,,42
tic-tac-toe,hist_gbdt,gbdt,categorical_covariate_shift,0.2,3408853577,test_only,True,medium,True,ok,,0.8090277777777778,0.8351063829787235,0.6766733340353905,0.976233263314659,0.14103855015238598,0.32126135668701344,0.12977642949787416,0.1439070016026036,0.31988861716628586,0.22879281225098433,0.09256371168434493,670,xgboost,0.4750618147425544,True,utility_gap;ece;nll,,42
tic-tac-toe,hist_gbdt,gbdt,categorical_covariate_shift,0.3,1588227633,test_only,True,medium,True,ok,,0.7361111111111112,0.7332446808510639,1.057827645088688,1.5261226976847009,0.21380849478137354,0.46953751423052004,0.20791001641897872,0.21380849478137348,0.1941148062186953,0.21371626655254294,-0.13354620329714598,670,xgboost,0.4750618147425544,True,utility_gap;ece;nll,,42
tic-tac-toe,hist_gbdt,gbdt,categorical_covariate_shift,0.4,3474445338,test_only,True,medium,True,ok,,0.75,0.7608776595744681,0.9883545705188079,1.4258942375274255,0.20598736363548378,0.4476006280542308,0.19590817946347172,0.20637635690343087,0.21531728667665648,0.2039057027481961,-0.0901585631342606,670,xgboost,0.4750618147425544,True,utility_gap;ece;nll,,42
tic-tac-toe,logreg,linear,categorical_covariate_shift,0.0,4278581270,test_only,True,low,True,ok,,0.9756944444444444,0.9945212765957447,0.21165756077761946,0.30535731330052596,0.14803441564477574,0.0937461641894584,0.14722107537192716,0.15477332927552778,2.7531471296462358,0.6592307554529782,0.3732225363560644,670,xgboost,0.4750618147425544,True,utility_gap;ece,,42
tic-tac-toe,logreg,linear,categorical_covariate_shift,0.05,3395723596,test_only,True,low,True,ok,,0.8611111111111112,0.8540425531914894,0.5299229785871201,0.7645172532607466,0.12863133215442418,0.2568592979248829,0.12785139332563522,0.1308352496538817,-0.17146739056780394,2.2139973526149754,0.17300011787457914,670,xgboost,0.4750618147425544,True,utility_gap;ece;nll,,42
tic-tac-toe,logreg,linear,categorical_covariate_shift,0.1,3033481053,test_only,True,low,True,ok,,0.8020833333333334,0.8337765957446809,0.5856478000422387,0.8449111768284691,0.10105502133214644,0.32404391828195556,0.09616064313349143,0.10294666470046825,0.2200871544768683,0.8474026520930347,0.13844995119566827,670,xgboost,0.4750618147425544,True,utility_gap;ece;nll,,42
tic-tac-toe,logreg,linear,categorical_covariate_shift,0.2,3408853577,test_only,True,medium,True,ok,,0.6423611111111112,0.6633510638297873,1.1418456951653282,1.64733512187543,0.232637208250474,0.565451517256453,0.23038485167704098,0.25476842574448444,0.1265217895509962,0.1886348784722275,-0.2122009392056316,670,xgboost,0.4750618147425544,True,utility_gap;ece;nll,,42
tic-tac-toe,logreg,linear,categorical_covariate_shift,0.3,1588227633,test_only,True,medium,True,ok,,0.6180555555555556,0.6547872340425531,1.4211289349917327,2.050255666976387,0.2652720364065382,0.6156380334729162,0.26527203640653835,0.27103362546992416,0.10089269763381632,0.10199749964815563,-0.3462472421259968,670,xgboost,0.4750618147425544,True,utility_gap;ece;nll,,42
tic-tac-toe,logreg,linear,categorical_covariate_shift,0.4,3474445338,test_only,True,medium,True,ok,,0.6423611111111112,0.6834840425531914,1.3968771872080714,2.015267790716009,0.27512758790770875,0.5900012779814708,0.27512758790770875,0.27898311693976163,0.07097713259100254,0.31047206363670793,-0.32403227323606076,670,xgboost,0.4750618147425544,True,utility_gap;ece;nll,,42
tic-tac-toe,tabicl,icl,categorical_covariate_shift,0.0,4278581270,test_only,True,low,True,ok,,0.9895833333333334,0.998936170212766,0.03087831683060469,0.0445479945625116,0.011252831606499107,0.019632437178699978,0.0020747415010785903,0.011252831606499264,0.9405400273587521,0.34494132681712164,0.4824501948844148,670,xgboost,0.4750618147425544,False,,,42
tic-tac-toe,tabicl,icl,categorical_covariate_shift,0.05,3395723596,test_only,True,low,True,ok,,0.8611111111111112,0.943404255319149,0.709363665542292,1.023395442464682,0.12622251970675297,0.260792270754523,0.11577209231513413,0.12398094001032323,0.22939403091717986,0.4887422786357641,0.12709501934761364,670,xgboost,0.4750618147425544,True,utility_gap;ece;nll,,42
tic-tac-toe,tabicl,icl,categorical_covariate_shift,0.1,3033481053,test_only,True,low,True,ok,,0.7916666666666666,0.8273404255319149,1.2099581042539613,1.7456005566906014,0.21350239290377626,0.41207600199403643,0.19901621697026795,0.2135023929037763,0.012810140471252333,1.2642166894556208,-0.15806149665176555,670,xgboost,0.4750618147425544,True,utility_gap;ece;nll,,42
tic-tac-toe,tabicl,icl,categorical_covariate_shift,0.2,3408853577,test_only,True,medium,True,ok,,0.59375,0.6307978723404255,2.073907518461592,2.9920160921468755,0.3382078711900834,0.7311786680770251,0.3335753340590479,0.3421255517068091,0.0010929389243832313,0.37422338753722706,-0.6554046465629303,670,xgboost,0.4750618147425544,True,utility_gap;ece;nll,,42
tic-tac-toe,tabicl,icl,categorical_covariate_shift,0.3,1588227633,test_only,True,medium,True,ok,,0.6111111111111112,0.6482978723404256,1.8785883530288823,2.710230100786534,0.33817501651883464,0.7205368798404094,0.33626360942381195,0.33817501651883475,-0.03948300777302276,0.6225282644324354,-0.5621331115539114,670,xgboost,0.4750618147425544,True,utility_gap;ece;nll,,42
tic-tac-toe,tabicl,icl,categorical_covariate_shift,0.4,3474445338,test_only,True,medium,True,ok,,0.6215277777777778,0.6511436170212765,1.862603978691561,2.6871695231983677,0.33729206429977304,0.7026612311671988,0.32663735736451516,0.33817009567843026,-0.03681169743407015,0.6587120663383523,-0.5524798371953514,670,xgboost,0.4750618147425544,True,utility_gap;ece;nll,,42
tic-tac-toe,tabpfn,icl,categorical_covariate_shift,0.0,4278581270,test_only,True,low,True,ok,,0.9930555555555556,0.9997872340425532,0.019006576762965646,0.027420694040205945,0.00917829875319652,0.010347288528460306,0.004659011965627005,0.00917829875319656,1.6149902779685537,-0.1385804399179865,0.48882199728552583,670,xgboost,0.4750618147425544,False,,,42
tic-tac-toe,tabpfn,icl,categorical_covariate_shift,0.05,3395723596,test_only,True,low,True,ok,,0.8645833333333334,0.9557978723404255,0.7307653380985055,1.0542715293282607,0.11604191524023198,0.24138871349827035,0.1066327745172108,0.1194823516299431,0.22836059791603616,0.4104888334365312,0.12472691347262432,670,xgboost,0.4750618147425544,True,utility_gap;ece;nll,,42
tic-tac-toe,tabpfn,icl,categorical_covariate_shift,0.1,3033481053,test_only,True,low,True,ok,,0.8055555555555556,0.857872340425532,1.1744694862190603,1.6944013034436471,0.19305934165802752,0.3825246670973337,0.18216920220624777,0.19305934165802743,0.020413470784772098,1.3026208564197757,-0.12584360688243013,670,xgboost,0.4750618147425544,True,utility_gap;ece;nll,,42
tic-tac-toe,tabpfn,icl,categorical_covariate_shift,0.2,3408853577,test_only,True,medium,True,ok,,0.6145833333333334,0.6629255319148937,2.1167753379685923,3.053861282763348,0.32484351684122503,0.7088915117844778,0.3219766182479781,0.32623167962394917,0.0012614025254481106,0.46032327566591524,-0.6569156520270365,670,xgboost,0.4750618147425544,True,utility_gap;ece;nll,,42
tic-tac-toe,tabpfn,icl,categorical_covariate_shift,0.3,1588227633,test_only,True,medium,True,ok,,0.6041666666666666,0.6590957446808511,1.9723422531737609,2.8454883875895494,0.34920258571603036,0.7148928271661809,0.3263507344578915,0.3530044915765338,-0.018492182167383464,0.5079924561838547,-0.602178522781773,670,xgboost,0.4750618147425544,True,utility_gap;ece;nll,,42
tic-tac-toe,tabpfn,icl,categorical_covariate_shift,0.4,3474445338,test_only,True,medium,True,ok,,0.6215277777777778,0.6716223404255319,1.8831105413978788,2.716754239520451,0.321704459565191,0.6908282099427149,0.3235350989610983,0.3223232341431836,-0.03634034967086779,0.6625064712159011,-0.5510701779535706,670,xgboost,0.4750618147425544,True,utility_gap;ece;nll,,42
tic-tac-toe,xgboost,gbdt,categorical_covariate_shift,0.0,4278581270,test_only,True,low,True,ok,,0.9861111111111112,0.9997340425531915,0.04091066040100785,0.05902160688002652,0.0252764237686071,0.01794301261557611,0.018484581589355724,0.028440221643767125,4.4233363000360235,-1.2712362461935645,0.4750618147425544,670,xgboost,0.4750618147425544,False,,,42
tic-tac-toe,xgboost,gbdt,categorical_covariate_shift,0.05,3395723596,test_only,True,low,True,ok,,0.9479166666666666,0.9652659574468084,0.20514309427977162,0.2959589247900436,0.02868478157579225,0.08983460314540065,0.03494594030852942,0.037030618556267755,0.480088954124998,0.9588872988536388,0.3855059513542114,670,xgboost,0.4750618147425544,True,utility_gap,,42
tic-tac-toe,xgboost,gbdt,categorical_covariate_shift,0.1,3033481053,test_only,True,low,True,ok,,0.9027777777777778,0.9435106382978723,0.3400834567496268,0.4906367165410629,0.061954042759771275,0.15824748872347674,0.06274647406678227,0.06789451691564778,0.5139244857433839,0.12159220728671585,0.30606356655664885,670,xgboost,0.4750618147425544,True,utility_gap,,42
tic-tac-toe,xgboost,gbdt,categorical_covariate_shift,0.2,3408853577,test_only,True,medium,True,ok,,0.8055555555555556,0.8347872340425532,0.7692986822189559,1.1098633937997022,0.14592028762720038,0.33593187686675674,0.14206004779374387,0.152740649881494,0.262223820274319,0.2846951341308586,0.05086578958287623,670,xgboost,0.4750618147425544,True,utility_gap;ece;nll,,42
tic-tac-toe,xgboost,gbdt,categorical_covariate_shift,0.3,1588227633,test_only,True,medium,True,ok,,0.7291666666666666,0.7457978723404255,1.2120517404766105,1.7486210352864429,0.22619566643446412,0.48411662611809336,0.22016347066438585,0.22596134494856804,0.18099043994170544,0.11343021257886653,-0.1994211885536768,670,xgboost,0.4750618147425544,True,utility_gap;ece;nll,,42
tic-tac-toe,xgboost,gbdt,categorical_covariate_shift,0.4,3474445338,test_only,True,medium,True,ok,,0.7291666666666666,0.752686170212766,1.1981297442770817,1.7285358404101079,0.2265063102467567,0.47827405291522435,0.21984036367529836,0.24012675595429292,0.17814329682200358,0.14007163455047586,-0.19104685459791557,670,xgboost,0.4750618147425544,True,utility_gap;ece;nll,,42
vehicle,catboost,gbdt,categorical_covariate_shift,0.0,2878043957,test_only,True,low,False,skipped,shift not applicable: dataset has no categorical features,,,,,,,,,,,,0,,,True,undefined,,42
vehicle,catboost,gbdt,categorical_covariate_shift,0.05,3036851895,test_only,True,low,False,skipped,shift not applicable: dataset has no categorical features,,,,,,,,,,,,0,,,True,undefined,,42
vehicle,catboost,gbdt,categorical_covariate_shift,0.1,286049938,test_only,True,low,False,skipped,shift not applicable: dataset has no categorical features,,,,,,,,,,,,0,,,True,undefined,,42
vehicle,catboost,gbdt,categorical_covariate_shift,0.2,1240257081,test_only,True,low,False,skipped,shift not applicable: dataset has no categorical features,,,,,,,,,,,,0,,,True,undefined,,42
vehicle,catboost,gbdt,categorical_covariate_shift,0.3,3151660378,test_only,True,low,False,skipped,shift not applicable: dataset has no categorical features,,,,,,,,,,,,0,,,True,undefined,,42
vehicle,catboost,gbdt,categorical_covariate_shift,0.4,2621111649,test_only,True,low,False,skipped,shift not applicable: dataset has no categorical features,,,,,,,,,,,,0,,,True,undefined,,42
vehicle,hist_gbdt,gbdt,categorical_covariate_shift,0.0,2878043957,test_only,True,low,False,skipped,shift not applicable: dataset has no categorical features,,,,,,,,,,,,0,,,True,undefined,,42
vehicle,hist_gbdt,gbdt,categorical_covariate_shift,0.05,3036851895,test_only,True,low,False,skipped,shift not applicable: dataset has no categorical features,,,,,,,,,,,,0,,,True,undefined,,42
vehicle,hist_gbdt,gbdt,categorical_covariate_shift,0.1,286049938,test_only,True,low,False,skipped,shift not applicable: dataset has no categorical features,,,,,,,,,,,,0,,,True,undefined,,42
vehicle,hist_gbdt,gbdt,categorical_covariate_shift,0.2,1240257081,test_only,True,low,False,skipped,shift not applicable: dataset has no categorical features,,,,,,,,,,,,0,,,True,undefined,,42
vehicle,hist_gbdt,gbdt,categorical_covariate_shift,0.3,3151660378,test_only,True,low,False,skipped,shift not applicable: dataset has no categorical features,,,,,,,,,,,,0,,,True,undefined,,42
vehicle,hist_gbdt,gbdt,categorical_covariate_shift,0.4,2621111649,test_only,True,low,False,skipped,shift not applicable: dataset has no categorical features,,,,,,,,,,,,0,,,True,undefined,,42
vehicle,logreg,linear,categorical_covariate_shift,0.0,2878043957,test_only,True,low,False,skipped,shift not applicable: dataset has no categorical features,,,,,,,,,,,,0,,,True,undefined,,42
vehicle,logreg,linear,categorical_covariate_shift,0.05,3036851895,test_only,True,low,False,skipped,shift not applicable: dataset has no categorical features,,,,,,,,,,,,0,,,True,undefined,,42
vehicle,logreg,linear,categorical_covariate_shift,0.1,286049938,test_only,True,low,False,skipped,shift not applicable: dataset has no categorical features,,,,,,,,,,,,0,,,True,undefined,,42
vehicle,logreg,linear,categorical_covariate_shift,0.2,1240257081,test_only,True,low,False,skipped,shift not applicable: dataset has no categorical features,,,,,,,,,,,,0,,,True,undefined,,42
vehicle,logreg,linear,categorical_covariate_shift,0.3,3151660378,test_only,True,low,False,skipped,shift not applicable: dataset has no categorical features,,,,,,,,,,,,0,,,True,undefined,,42
vehicle,logreg,linear,categorical_covariate_shift,0.4,2621111649,test_only,True,low,False,skipped,shift not applicable: dataset has no categorical features,,,,,,,,,,,,0,,,True,undefined,,42
vehicle,tabicl,icl,categorical_covariate_shift,0.0,2878043957,test_only,True,low,False,skipped,shift not applicable: dataset has no categorical features,,,,,,,,,,,,0,,,True,undefined,,42
vehicle,tabicl,icl,categorical_covariate_shift,0.05,3036851895,test_only,True,low,False,skipped,shift not applicable: dataset has no categorical features,,,,,,,,,,,,0,,,True,undefined,,42
vehicle,tabicl,icl,categorical_covariate_shift,0.1,286049938,test_only,True,low,False,skipped,shift not applicable: dataset has no categorical features,,,,,,,,,,,,0,,,True,undefined,,42
vehicle,tabicl,icl,categorical_covariate_shift,0.2,1240257081,test_only,True,low,False,skipped,shift not applicable: dataset has no categorical features,,,,,,,,,,,,0,,,True,undefined,,42
vehicle,tabicl,icl,categorical_covariate_shift,0.3,3151660378,test_only,True,low,False,skipped,shift not applicable: dataset has no categorical features,,,,,,,,,,,,0,,,True,undefined,,42
vehicle,tabicl,icl,categorical_covariate_shift,0.4,2621111649,test_only,True,low,False,skipped,shift not applicable: dataset has no categorical features,,,,,,,,,,,,0,,,True,undefined,,42
vehicle,tabpfn,icl,categorical_covariate_shift,0.0,2878043957,test_only,True,low,False,skipped,shift not applicable: dataset has no categorical features,,,,,,,,,,,,0,,,True,undefined,,42
vehicle,tabpfn,icl,categorical_covariate_shift,0.05,3036851895,test_only,True,low,False,skipped,shift not applicable: dataset has no categorical features,,,,,,,,,,,,0,,,True,undefined,,42
vehicle,tabpfn,icl,categorical_covariate_shift,0.1,286049938,test_only,True,low,False,skipped,shift not applicable: dataset has no categorical features,,,,,,,,,,,,0,,,True,undefined,,42
vehicle,tabpfn,icl,categorical_covariate_shift,0.2,1240257081,test_only,True,low,False,skipped,shift not applicable: dataset has no categorical features,,,,,,,,,,,,0,,,True,undefined,,42
vehicle,tabpfn,icl,categorical_covariate_shift,0.3,3151660378,test_only,True,low,False,skipped,shift not applicable: dataset has no categorical features,,,,,,,,,,,,0,,,True,undefined,,42
vehicle,tabpfn,icl,categorical_covariate_shift,0.4,2621111649,test_only,True,low,False,skipped,shift not applicable: dataset has no categorical features,,,,,,,,,,,,0,,,True,undefined,,42
vehicle,xgboost,gbdt,categorical_covariate_shift,0.0,2878043957,test_only,True,low,False,skipped,shift not applicable: dataset has no categorical features,,,,,,,,,,,,0,,,True,undefined,,42
vehicle,xgboost,gbdt,categorical_covariate_shift,0.05,3036851895,test_only,True,low,False,skipped,shift not applicable: dataset has no categorical features,,,,,,,,,,,,0,,,True,undefined,,42
vehicle,xgboost,gbdt,categorical_covariate_shift,0.1,286049938,test_only,True,low,False,skipped,shift not applicable: dataset has no categorical features,,,,,,,,,,,,0,,,True,undefined,,42
vehicle,xgboost,gbdt,categorical_covariate_shift,0.2,1240257081,test_only,True,low,False,skipped,shift not applicable: dataset has no categorical features,,,,,,,,,,,,0,,,True,undefined,,42
vehicle,xgboost,gbdt,categorical_covariate_shift,0.3,3151660378,test_only,True,low,False,skipped,shift not applicable: dataset has no categorical features,,,,,,,,,,,,0,,,True,undefined,,42
vehicle,xgboost,gbdt,categorical_covariate_shift,0.4,2621111649,test_only,True,low,False,skipped,shift not applicable: dataset has no categorical features,,,,,,,,,,,,0,,,True,undefined,,42
vowel,catboost,gbdt,categorical_covariate_shift,0.0,1101507507,test_only,True,low,True,ok,,0.9494949494949495,0.9989150766928543,0.20261739108765411,0.08449801514942616,0.08755348199654693,0.0888113019263356,0.08467481116110485,0.021531853182653354,2.3358186643243934,0.557272227608433,0.44918441832260414,693,catboost,0.44918441832260414,False,,,42
vowel,catboost,gbdt,categorical_covariate_shift,0.05,188294345,test_only,True,low,True,ok,,0.9528619528619529,0.9984162613792243,0.22085244561351117,0.09210262354609586,0.09721681026048709,0.09889475904003744,0.09721681026048706,0.02361916405023542,1.6242126354611983,1.041132848749378,0.44530083529609527,693,catboost,0.44918441832260414,False,,,42
vowel,catboost,gbdt,categorical_covariate_shift,0.1,3343088557,test_only,True,low,True,ok,,0.9562289562289562,0.999251777029555,0.19670823666433637,0.0820337063489748,0.08864178781745938,0.0828267615424408,0.08698538673243363,0.02291970384752148,2.2003978009626457,0.4519696742025957,0.45083399592650336,693,catboost,0.44918441832260414,False,,,42
vowel,catboost,gbdt,categorical_covariate_shift,0.2,4032450532,test_only,True,low,True,ok,,0.936026936026936,0.9985659059733135,0.21619026118323992,0.09015834162387895,0.08747537307816282,0.09712368589551347,0.07158192275261997,0.022049759762618797,1.9177878581465257,0.27196844933165204,0.44535953039190385,693,catboost,0.44918441832260414,False,,,42
vowel,catboost,gbdt,categorical_covariate_shift,0.3,3642553605,test_only,True,low,True,ok,,0.9595959595959596,0.9990273101384214,0.20144917642949892,0.08401083179683884,0.09515131241958595,0.08950213041302826,0.09515131241958609,0.022957579287053633,1.4326231424857543,1.2267614029667413,0.44936544046487253,693,catboost,0.44918441832260414,False,,,42
vowel,catboost,gbdt,categorical_covariate_shift,0.4,3576681748,test_only,True,low,True,ok,,0.9461279461279462,0.9984786132934282,0.22865567159649616,0.0953568215386039,0.09586867695432391,0.10482283854040239,0.09322518272883022,0.023331977036792528,1.4846410123462561,1.0066071794622782,0.4436059247194458,693,catboost,0.44918441832260414,False,,,42
vowel,hist_gbdt,gbdt,categorical_covariate_shift,0.0,1101507507,test_only,True,low,True,ok,,0.9326599326599326,0.9970195785010599,0.24097082138346804,0.10049263790501259,0.048299216834227096,0.11216960949252136,0.03747238852641997,0.014677382538070594,0.5177844681147374,0.47062689133954555,0.44904820763601166,693,catboost,0.44918441832260414,False,,,42
vowel,hist_gbdt,gbdt,categorical_covariate_shift,0.05,188294345,test_only,True,low,True,ok,,0.9326599326599326,0.9969946377353786,0.24124312518853777,0.10060619741203473,0.048265404223055364,0.11220838428332885,0.037454962667071476,0.014679117842274027,0.5184143744831433,0.470909775808633,0.4490121730381509,693,catboost,0.44918441832260414,False,,,42
vowel,hist_gbdt,gbdt,categorical_covariate_shift,0.1,3343088557,test_only,True,low,True,ok,,0.9326599326599326,0.9969572265868561,0.24568368015032419,0.10245805266699932,0.053734693072815296,0.11463522609583676,0.04495686371090412,0.014277508212385144,0.5026539934293655,0.5112731307540606,0.44734966478972665,693,catboost,0.44918441832260414,False,,,42
vowel,hist_gbdt,gbdt,categorical_covariate_shift,0.2,4032450532,test_only,True,low,True,ok,,0.9292929292929293,0.9968200523756079,0.2457142507232939,0.1024708015861521,0.04852172952516485,0.11695292110012358,0.0329410515245276,0.01552925596565881,0.5254602583527883,0.3809279873501375,0.4478353713445235,693,catboost,0.44918441832260414,False,,,42
vowel,hist_gbdt,gbdt,categorical_covariate_shift,0.3,3642553605,test_only,True,low,True,ok,,0.9292929292929293,0.996907345055493,0.24672338822659326,0.10289164461242892,0.046502075042026164,0.1173472703439922,0.04316582918335853,0.01445300348373924,0.5215670850662997,0.42675371374211013,0.44814360177122803,693,catboost,0.44918441832260414,False,,,42
vowel,hist_gbdt,gbdt,categorical_covariate_shift,0.4,3576681748,test_only,True,low,True,ok,,0.9326599326599326,0.9969073450554933,0.2523406180996775,0.10523421141958096,0.04794241673638523,0.11903677248159915,0.04434064488206317,0.014023797648621229,0.4843384575957055,0.5729600151190041,0.4476578138952612,693,catboost,0.44918441832260414,False,,,42
vowel,logreg,linear,categorical_covariate_shift,0.0,1101507507,test_only,True,low,True,ok,,0.7441077441077442,0.9683376979673277,0.8364057444782428,0.3488082878207387,0.1598928246148234,0.4085163102038514,0.15513988205681858,0.0403826715012016,1.3584241417543768,0.8076826978251196,0.31391330463554,693,catboost,0.44918441832260414,True,utility_gap;ece,,42
vowel,logreg,linear,categorical_covariate_shift,0.05,188294345,test_only,True,low,True,ok,,0.7441077441077442,0.9680758199276717,0.834395320292633,0.3479698758148367,0.1583484306411112,0.40810536708572265,0.1535219358030739,0.040354007713563414,1.400947253178121,0.7922412091974598,0.31438204971817346,693,catboost,0.44918441832260414,True,utility_gap;ece,,42
vowel,logreg,linear,categorical_covariate_shift,0.1,3343088557,test_only,True,low,True,ok,,0.7138047138047138,0.9653198653198654,0.8658284223409531,0.36107849753193,0.13292537153077458,0.42791362353881834,0.12264015960503959,0.0390209451750702,1.2807402779978398,0.6047213750495836,0.31002403636692605,693,catboost,0.44918441832260414,True,utility_gap;ece,,42
vowel,logreg,linear,categorical_covariate_shift,0.2,4032450532,test_only,True,low,True,ok,,0.6902356902356902,0.9595211372989152,0.9134408639417582,0.380934427914261,0.1247905618239412,0.44545183256546717,0.12168780813214772,0.0394337495438476,1.2684268005812747,0.46641705093367264,0.30012931085090727,693,catboost,0.44918441832260414,True,utility_gap;ece,,42
vowel,logreg,linear,categorical_covariate_shift,0.3,3642553605,test_only,True,low,True,ok,,0.6835016835016835,0.959171966579374,0.920832963526558,0.38401717288175624,0.11776631214202259,0.4561354834689348,0.11062628982890037,0.037616348996219635,1.0330933242038343,0.45656414316586064,0.299477026535102,693,catboost,0.44918441832260414,True,utility_gap;ece,,42
vowel,logreg,linear,categorical_covariate_shift,0.4,3576681748,test_only,True,low,True,ok,,0.6262626262626263,0.9529492455418381,0.9686361500553662,0.4039526500775645,0.04338102251268062,0.49372803816224464,0.05944354633561119,0.038966955512369596,1.066368411935053,0.1393535730720723,0.29760963035323174,693,catboost,0.44918441832260414,True,utility_gap,,42
vowel,tabicl,icl,categorical_covariate_shift,0.0,1101507507,test_only,True,low,True,ok,,0.9966329966329966,1.0,0.010685476219659117,0.004456189701391357,0.008511424376285454,0.004943808354464724,0.005207979708810248,0.0015704896132054996,21.384573252611037,-3.6041960331003664,0.49645580770927494,693,catboost,0.44918441832260414,False,,,42
vowel,tabicl,icl,categorical_covariate_shift,0.05,188294345,test_only,True,low,True,ok,,1.0,1.0,0.011961385550457214,0.004988285220854597,0.010051808882477703,0.004943279948363191,0.010051808882477673,0.0018276016149959466,,,0.4964931526572481,693,catboost,0.44918441832260414,False,,,42
vowel,tabicl,icl,categorical_covariate_shift,0.1,3343088557,test_only,True,low,True,ok,,0.9932659932659933,0.9999750592343184,0.020147431245835238,0.008402131433506252,0.007689041587554172,0.010782799898702006,0.0062248145002286055,0.0025041845043855394,1.5831700987194521,0.33976585491128775,0.4949227219743477,693,catboost,0.44918441832260414,False,,,42
vowel,tabicl,icl,categorical_covariate_shift,0.2,4032450532,test_only,True,low,True,ok,,0.9966329966329966,0.9999750592343184,0.022754607779554268,0.009489408498228276,0.014830964588193652,0.009029571651999527,0.014830964588193843,0.002829200149391633,2.3974096862111898,1.0207514293626043,0.49367320475985366,693,catboost,0.44918441832260414,False,,,42
vowel,tabicl,icl,categorical_covariate_shift,0.3,3642553605,test_only,True,low,True,ok,,0.9966329966329966,1.0,0.01943183714192542,0.00810370551306365,0.015834481986025356,0.007585005793195304,0.012406070353205328,0.002899340076980626,1.9036390868610165,1.3795363594808716,0.4938969414438253,693,catboost,0.44918441832260414,False,,,42
vowel,tabicl,icl,categorical_covariate_shift,0.4,3576681748,test_only,True,low,True,ok,,0.9831649831649831,0.9999127073201147,0.04526406267251154,0.01887658030189445,0.019233593588497137,0.021921214569796194,0.01044633429898164,0.0052384486411835565,3.4817039695310337,-1.274926981432302,0.48793450222851986,693,catboost,0.44918441832260414,False,,,42
vowel,tabpfn,icl,categorical_covariate_shift,0.0,1101507507,test_only,True,low,True,ok,,0.98989898989899,0.9999625888514778,0.022397132049430817,0.009340329539618764,0.009105682068673971,0.012104358934570921,0.0010438639849086842,0.002179366507246384,5.600678482248984,-4.219814662861225,0.49384851930724527,693,catboost,0.44918441832260414,False,,,42
vowel,tabpfn,icl,categorical_covariate_shift,0.05,188294345,test_only,True,low,True,ok,,0.98989898989899,0.9999251777029555,0.04006734239168981,0.01670937961562048,0.01843917233725025,0.019981896807414745,0.010718752165982325,0.004501810745191255,0.9807427300743087,0.9586245252012989,0.4897580123287467,693,catboost,0.44918441832260414,False,,,42
vowel,tabpfn,icl,categorical_covariate_shift,0.1,3343088557,test_only,True,low,True,ok,,0.9730639730639731,0.9996632996632997,0.07760447333898149,0.03236357910177461,0.025686554889420447,0.04137246599412837,0.008355588330271658,0.00747248453392613,1.261697207797894,0.1621670906041667,0.4809953661333343,693,catboost,0.44918441832260414,False,,,42
vowel,tabpfn,icl,categorical_covariate_shift,0.2,4032450532,test_only,True,low,True,ok,,0.9797979797979798,0.9999251777029555,0.07513154373872086,0.03133228735675412,0.03978285802426817,0.03395594104342447,0.032537953591266516,0.009338803728514629,6.7280172295787235,-0.7195368339644782,0.4795872513538515,693,catboost,0.44918441832260414,False,,,42
vowel,tabpfn,icl,categorical_covariate_shift,0.3,3642553605,test_only,True,low,True,ok,,0.9629629629629629,0.9994138920064846,0.12091610310655596,0.05042593164022777,0.04976320911111336,0.05679202297879703,0.035288785481616125,0.013146012316595896,4.037912122998206,-0.5542894176730373,0.469158885332423,693,catboost,0.44918441832260414,False,,,42
vowel,tabpfn,icl,categorical_covariate_shift,0.4,3576681748,test_only,True,low,True,ok,,0.9393939393939394,0.998441202144906,0.18755242854912785,0.07821543779526788,0.043615954625729134,0.09823760263493883,0.03989857649828354,0.01620949066082898,1.4837515372389445,0.3318773169132543,0.4581756893960818,693,catboost,0.44918441832260414,False,,,42
vowel,xgboost,gbdt,categorical_covariate_shift,0.0,1101507507,test_only,True,low,True,ok,,0.8787878787878788,0.9933158747973564,0.3465666212632034,0.14452950685321478,0.05292277288286378,0.18068982505899275,0.05968015097628913,0.021518619115217977,0.9160675316360022,0.11990734162236642,0.42553533136471927,693,catboost,0.44918441832260414,False,,,42
vowel,xgboost,gbdt,categorical_covariate_shift,0.05,188294345,test_only,True,low,True,ok,,0.8821548821548821,0.9933532859458786,0.3448436380570294,0.1438109670463602,0.05253945248504596,0.1790960790639765,0.056325870006009165,0.021396542093334577,0.8944101798951108,0.18924189348670023,0.4263457017933726,693,catboost,0.44918441832260414,False,,,42
vowel,xgboost,gbdt,categorical_covariate_shift,0.1,3343088557,test_only,True,low,True,ok,,0.8787878787878788,0.9933034044145154,0.3490873680697226,0.1455807399221125,0.053609414618296845,0.1814678389318348,0.05961380522282574,0.021259000358811477,0.9190612976359273,0.11661658157615508,0.42507826846296903,693,catboost,0.44918441832260414,False,,,42
vowel,xgboost,gbdt,categorical_covariate_shift,0.2,4032450532,test_only,True,low,True,ok,,0.8754208754208754,0.9930914079062227,0.35350184242015237,0.1474217187173532,0.05965426036848511,0.18454776480025464,0.06736736300447556,0.021972379097610562,0.9217203559565488,0.08673977617171921,0.4227377563914062,693,catboost,0.44918441832260414,False,,,42
vowel,xgboost,gbdt,categorical_covariate_shift,0.3,3642553605,test_only,True,low,True,ok,,0.8821548821548821,0.9928420002494076,0.3595828525949884,0.14995769693284028,0.05866505091088955,0.18630235268896145,0.06355901145834843,0.021140864957151763,0.8049921047502174,0.27804165275224313,0.4230976131484949,693,catboost,0.44918441832260414,False,,,42
vowel,xgboost,gbdt,categorical_covariate_shift,0.4,3576681748,test_only,True,low,True,ok,,0.8720538720538721,0.9928045891008854,0.36704814607183117,0.15307096612417184,0.0551230058459521,0.19056994095304464,0.060263003526428445,0.0207110588590425,0.879330361660242,0.09157468106709964,0.42134379598694877,693,catboost,0.44918441832260414,False,,,42
wall-robot-navigation,catboost,gbdt,categorical_covariate_shift,0.0,3384876115,test_only,True,low,False,skipped,shift not applicable: dataset has no categorical features,,,,,,,,,,,,0,,,True,undefined,,42
wall-robot-navigation,catboost,gbdt,categorical_covariate_shift,0.05,3038705518,test_only,True,low,False,skipped,shift not applicable: dataset has no categorical features,,,,,,,,,,,,0,,,True,undefined,,42
wall-robot-navigation,catboost,gbdt,categorical_covariate_shift,0.1,1961589213,test_only,True,low,False,skipped,shift not applicable: dataset has no categorical features,,,,,,,,,,,,0,,,True,undefined,,42
wall-robot-navigation,catboost,gbdt,categorical_covariate_shift,0.2,380698030,test_only,True,low,False,skipped,shift not applicable: dataset has no categorical features,,,,,,,,,,,,0,,,True,undefined,,42
wall-robot-navigation,catboost,gbdt,categorical_covariate_shift,0.3,646991908,test_only,True,low,False,skipped,shift not applicable: dataset has no categorical features,,,,,,,,,,,,0,,,True,undefined,,42
wall-robot-navigation,catboost,gbdt,categorical_covariate_shift,0.4,2651636004,test_only,True,low,False,skipped,shift not applicable: dataset has no categorical features,,,,,,,,,,,,0,,,True,undefined,,42
wall-robot-navigation,hist_gbdt,gbdt,categorical_covariate_shift,0.0,3384876115,test_only,True,low,False,skipped,shift not applicable: dataset has no categorical features,,,,,,,,,,,,0,,,True,undefined,,42
wall-robot-navigation,hist_gbdt,gbdt,categorical_covariate_shift,0.05,3038705518,test_only,True,low,False,skipped,shift not applicable: dataset has no categorical features,,,,,,,,,,,,0,,,True,undefined,,42
wall-robot-navigation,hist_gbdt,gbdt,categorical_covariate_shift,0.1,1961589213,test_only,True,low,False,skipped,shift not applicable: dataset has no categorical features,,,,,,,,,,,,0,,,True,undefined,,42
wall-robot-navigation,hist_gbdt,gbdt,categorical_covariate_shift,0.2,380698030,test_only,True,low,False,skipped,shift not applicable: dataset has no categorical features,,,,,,,,,,,,0,,,True,undefined,,42
wall-robot-navigation,hist_gbdt,gbdt,categorical_covariate_shift,0.3,646991908,test_only,True,low,False,skipped,shift not applicable: dataset has no categorical features,,,,,,,,,,,,0,,,True,undefined,,42
wall-robot-navigation,hist_gbdt,gbdt,categorical_covariate_shift,0.4,2651636004,test_only,True,low,False,skipped,shift not applicable: dataset has no categorical features,,,,,,,,,,,,0,,,True,undefined,,42
wall-robot-navigation,logreg,linear,categorical_covariate_shift,0.0,3384876115,test_only,True,low,False,skipped,shift not applicable: dataset has no categorical features,,,,,,,,,,,,0,,,True,undefined,,42
wall-robot-navigation,logreg,linear,categorical_covariate_shift,0.05,3038705518,test_only,True,low,False,skipped,shift not applicable: dataset has no categorical features,,,,,,,,,,,,0,,,True,undefined,,42
wall-robot-navigation,logreg,linear,categorical_covariate_shift,0.1,1961589213,test_only,True,low,False,skipped,shift not applicable: dataset has no categorical features,,,,,,,,,,,,0,,,True,undefined,,42
wall-robot-navigation,logreg,linear,categorical_covariate_shift,0.2,380698030,test_only,True,low,False,skipped,shift not applicable: dataset has no categorical features,,,,,,,,,,,,0,,,True,undefined,,42
wall-robot-navigation,logreg,linear,categorical_covariate_shift,0.3,646991908,test_only,True,low,False,skipped,shift not applicable: dataset has no categorical features,,,,,,,,,,,,0,,,True,undefined,,42
wall-robot-navigation,logreg,linear,categorical_covariate_shift,0.4,2651636004,test_only,True,low,False,skipped,shift not applicable: dataset has no categorical features,,,,,,,,,,,,0,,,True,undefined,,42
wall-robot-navigation,tabicl,icl,categorical_covariate_shift,0.0,3384876115,test_only,True,low,False,skipped,shift not applicable: dataset has no categorical features,,,,,,,,,,,,0,,,True,undefined,,42
wall-robot-navigation,tabicl,icl,categorical_covariate_shift,0.05,3038705518,test_only,True,low,False,skipped,shift not applicable: dataset has no categorical features,,,,,,,,,,,,0,,,True,undefined,,42
wall-robot-navigation,tabicl,icl,categorical_covariate_shift,0.1,1961589213,test_only,True,low,False,skipped,shift not applicable: dataset has no categorical features,,,,,,,,,,,,0,,,True,undefined,,42
wall-robot-navigation,tabicl,icl,categorical_covariate_shift,0.2,380698030,test_only,True,low,False,skipped,shift not applicable: dataset has no categorical features,,,,,,,,,,,,0,,,True,undefined,,42
wall-robot-navigation,tabicl,icl,categorical_covariate_shift,0.3,646991908,test_only,True,low,False,skipped,shift not applicable: dataset has no categorical features,,,,,,,,,,,,0,,,True,undefined,,42
wall-robot-navigation,tabicl,icl,categorical_covariate_shift,0.4,2651636004,test_only,True,low,False,skipped,shift not applicable: dataset has no categorical features,,,,,,,,,,,,0,,,True,undefined,,42
wall-robot-navigation,tabpfn,icl,categorical_covariate_shift,0.0,3384876115,test_only,True,low,False,skipped,shift not applicable: dataset has no categorical features,,,,,,,,,,,,0,,,True,undefined,,42
wall-robot-navigation,tabpfn,icl,categorical_covariate_shift,0.05,3038705518,test_only,True,low,False,skipped,shift not applicable: dataset has no categorical features,,,,,,,,,,,,0,,,True,undefined,,42
wall-robot-navigation,tabpfn,icl,categorical_covariate_shift,0.1,1961589213,test_only,True,low,False,skipped,shift not applicable: dataset has no categorical features,,,,,,,,,,,,0,,,True,undefined,,42
wall-robot-navigation,tabpfn,icl,categorical_covariate_shift,0.2,380698030,test_only,True,low,False,skipped,shift not applicable: dataset has no categorical features,,,,,,,,,,,,0,,,True,undefined,,42
wall-robot-navigation,tabpfn,icl,categorical_covariate_shift,0.3,646991908,test_only,True,low,False,skipped,shift not applicable: dataset has no categorical features,,,,,,,,,,,,0,,,True,undefined,,42
wall-robot-navigation,tabpfn,icl,categorical_covariate_shift,0.4,2651636004,test_only,True,low,False,skipped,shift not applicable: dataset has no categorical features,,,,,,,,,,,,0,,,True,undefined,,42
wall-robot-navigation,xgboost,gbdt,categorical_covariate_shift,0.0,3384876115,test_only,True,low,False,skipped,shift not applicable: dataset has no categorical features,,,,,,,,,,,,0,,,True,undefined,,42
wall-robot-navigation,xgboost,gbdt,categorical_covariate_shift,0.05,3038705518,test_only,True,low,False,skipped,shift not applicable: dataset has no categorical features,,,,,,,,,,,,0,,,True,undefined,,42
wall-robot-navigation,xgboost,gbdt,categorical_covariate_shift,0.1,1961589213,test_only,True,low,False,skipped,shift not applicable: dataset has no categorical features,,,,,,,,,,,,0,,,True,undefined,,42
wall-robot-navigation,xgboost,gbdt,categorical_covariate_shift,0.2,380698030,test_only,True,low,False,skipped,shift not applicable: dataset has no categorical features,,,,,,,,,,,,0,,,True,undefined,,42
wall-robot-navigation,xgboost,gbdt,categorical_covariate_shift,0.3,646991908,test_only,True,low,False,skipped,shift not applicable: dataset has no categorical features,,,,,,,,,,,,0,,,True,undefined,,42
wall-robot-navigation,xgboost,gbdt,categorical_covariate_shift,0.4,2651636004,test_only,True,low,False,skipped,shift not applicable: dataset has no categorical features,,,,,,,,,,,,0,,,True,undefined,,42
wdbc,catboost,gbdt,categorical_covariate_shift,0.0,4153176952,test_only,True,low,False,skipped,shift not applicable: dataset has no categorical features,,,,,,,,,,,,0,,,True,undefined,,42
wdbc,catboost,gbdt,categorical_covariate_shift,0.05,1536834335,test_only,True,low,False,skipped,shift not applicable: dataset has no categorical features,,,,,,,,,,,,0,,,True,undefined,,42
wdbc,catboost,gbdt,categorical_covariate_shift,0.1,355127411,test_only,True,low,False,skipped,shift not applicable: dataset has no categorical features,,,,,,,,,,,,0,,,True,undefined,,42
wdbc,catboost,gbdt,categorical_covariate_shift,0.2,1479637297,test_only,True,low,False,skipped,shift not applicable: dataset has no categorical features,,,,,,,,,,,,0,,,True,undefined,,42
wdbc,catboost,gbdt,categorical_covariate_shift,0.3,3668448473,test_only,True,low,False,skipped,shift not applicable: dataset has no categorical features,,,,,,,,,,,,0,,,True,undefined,,42
wdbc,catboost,gbdt,categorical_covariate_shift,0.4,3746958756,test_only,True,low,False,skipped,shift not applicable: dataset has no categorical features,,,,,,,,,,,,0,,,True,undefined,,42
wdbc,hist_gbdt,gbdt,categorical_covariate_shift,0.0,4153176952,test_only,True,low,False,skipped,shift not applicable: dataset has no categorical features,,,,,,,,,,,,0,,,True,undefined,,42
wdbc,hist_gbdt,gbdt,categorical_covariate_shift,0.05,1536834335,test_only,True,low,False,skipped,shift not applicable: dataset has no categorical features,,,,,,,,,,,,0,,,True,undefined,,42
wdbc,hist_gbdt,gbdt,categorical_covariate_shift,0.1,355127411,test_only,True,low,False,skipped,shift not applicable: dataset has no categorical features,,,,,,,,,,,,0,,,True,undefined,,42
wdbc,hist_gbdt,gbdt,categorical_covariate_shift,0.2,1479637297,test_only,True,low,False,skipped,shift not applicable: dataset has no categorical features,,,,,,,,,,,,0,,,True,undefined,,42
wdbc,hist_gbdt,gbdt,categorical_covariate_shift,0.3,3668448473,test_only,True,low,False,skipped,shift not applicable: dataset has no categorical features,,,,,,,,,,,,0,,,True,undefined,,42
wdbc,hist_gbdt,gbdt,categorical_covariate_shift,0.4,3746958756,test_only,True,low,False,skipped,shift not applicable: dataset has no categorical features,,,,,,,,,,,,0,,,True,undefined,,42
wdbc,logreg,linear,categorical_covariate_shift,0.0,4153176952,test_only,True,low,False,skipped,shift not applicable: dataset has no categorical features,,,,,,,,,,,,0,,,True,undefined,,42
wdbc,logreg,linear,categorical_covariate_shift,0.05,1536834335,test_only,True,low,False,skipped,shift not applicable: dataset has no categorical features,,,,,,,,,,,,0,,,True,undefined,,42
wdbc,logreg,linear,categorical_covariate_shift,0.1,355127411,test_only,True,low,False,skipped,shift not applicable: dataset has no categorical features,,,,,,,,,,,,0,,,True,undefined,,42
wdbc,logreg,linear,categorical_covariate_shift,0.2,1479637297,test_only,True,low,False,skipped,shift not applicable: dataset has no categorical features,,,,,,,,,,,,0,,,True,undefined,,42
wdbc,logreg,linear,categorical_covariate_shift,0.3,3668448473,test_only,True,low,False,skipped,shift not applicable: dataset has no categorical features,,,,,,,,,,,,0,,,True,undefined,,42
wdbc,logreg,linear,categorical_covariate_shift,0.4,3746958756,test_only,True,low,False,skipped,shift not applicable: dataset has no categorical features,,,,,,,,,,,,0,,,True,undefined,,42
wdbc,tabicl,icl,categorical_covariate_shift,0.0,4153176952,test_only,True,low,False,skipped,shift not applicable: dataset has no categorical features,,,,,,,,,,,,0,,,True,undefined,,42
wdbc,tabicl,icl,categorical_covariate_shift,0.05,1536834335,test_only,True,low,False,skipped,shift not applicable: dataset has no categorical features,,,,,,,,,,,,0,,,True,undefined,,42
wdbc,tabicl,icl,categorical_covariate_shift,0.1,355127411,test_only,True,low,False,skipped,shift not applicable: dataset has no categorical features,,,,,,,,,,,,0,,,True,undefined,,42
wdbc,tabicl,icl,categorical_covariate_shift,0.2,1479637297,test_only,True,low,False,skipped,shift not applicable: dataset has no categorical features,,,,,,,,,,,,0,,,True,undefined,,42
wdbc,tabicl,icl,categorical_covariate_shift,0.3,3668448473,test_only,True,low,False,skipped,shift not applicable: dataset has no categorical features,,,,,,,,,,,,0,,,True,undefined,,42
wdbc,tabicl,icl,categorical_covariate_shift,0.4,3746958756,test_only,True,low,False,skipped,shift not applicable: dataset has no categorical features,,,,,,,,,,,,0,,,True,undefined,,42
wdbc,tabpfn,icl,categorical_covariate_shift,0.0,4153176952,test_only,True,low,False,skipped,shift not applicable: dataset has no categorical features,,,,,,,,,,,,0,,,True,undefined,,42
wdbc,tabpfn,icl,categorical_covariate_shift,0.05,1536834335,test_only,True,low,False,skipped,shift not applicable: dataset has no categorical features,,,,,,,,,,,,0,,,True,undefined,,42
wdbc,tabpfn,icl,categorical_covariate_shift,0.1,355127411,test_only,True,low,False,skipped,shift not applicable: dataset has no categorical features,,,,,,,,,,,,0,,,True,undefined,,42
wdbc,tabpfn,icl,categorical_covariate_shift,0.2,1479637297,test_only,True,low,False,skipped,shift not applicable: dataset has no categorical features,,,,,,,,,,,,0,,,True,undefined,,42
wdbc,tabpfn,icl,categorical_covariate_shift,0.3,3668448473,test_only,True,low,False,skipped,shift not applicable: dataset has no categorical features,,,,,,,,,,,,0,,,True,undefined,,42
wdbc,tabpfn,icl,categorical_covariate_shift,0.4,3746958756,test_only,True,low,False,skipped,shift not applicable: dataset has no categorical features,,,,,,,,,,,,0,,,True,undefined,,42
wdbc,xgboost,gbdt,categorical_covariate_shift,0.0,4153176952,test_only,True,low,False,skipped,shift not applicable: dataset has no categorical features,,,,,,,,,,,,0,,,True,undefined,,42
wdbc,xgboost,gbdt,categorical_covariate_shift,0.05,1536834335,test_only,True,low,False,skipped,shift not applicable: dataset has no categorical features,,,,,,,,,,,,0,,,True,undefined,,42
wdbc,xgboost,gbdt,categorical_covariate_shift,0.1,355127411,test_only,True,low,False,skipped,shift not applicable: dataset has no categorical features,,,,,,,,,,,,0,,,True,undefined,,42
wdbc,xgboost,gbdt,categorical_covariate_shift,0.2,1479637297,test_only,True,low,False,skipped,shift not applicable: dataset has no categorical features,,,,,,,,,,,,0,,,True,undefined,,42
wdbc,xgboost,gbdt,categorical_covariate_shift,0.3,3668448473,test_only,True,low,False,skipped,shift not applicable: dataset has no categorical features,,,,,,,,,,,,0,,,True,undefined,,42
wdbc,xgboost,gbdt,categorical_covariate_shift,0.4,3746958756,test_only,True,low,False,skipped,shift not applicable: dataset has no categorical features,,,,,,,,,,,,0,,,True,undefined,,42
