dataset_id,model,family,shift_axis,shift_lambda,split_policy,clean_split_passed,leakage_risk_level,applicable,status,error_message,accuracy,auc,nll,nll_norm,ece,utility,n_train,best_gbdt,reference_utility,failed,failure_reason,metric_notes
car,tabicl,icl,covariate_shift,0.0,test_only,True,low,True,ok,,0.9942196531791908,0.999980408499956,0.0184560815168834,0.0133132486393251,0.0129584027906434,0.4925404358019369,1209,xgboost_cal,0.4734854435065447,False,,
car,tabicl,icl,covariate_shift,0.05,test_only,True,low,True,ok,,0.9980732177263968,0.999990204249978,0.0176884087863041,0.0127594898186089,0.0124356203111432,0.4933925831386405,1209,xgboost_cal,0.4734854435065447,False,,
car,tabicl,icl,covariate_shift,0.1,test_only,True,low,True,ok,,0.9942196531791908,1.0,0.0194149260658661,0.0140049087772254,0.010200115339145,0.4928914522758819,1209,xgboost_cal,0.4734854435065447,False,,
car,tabicl,icl,covariate_shift,0.2,test_only,True,low,True,ok,,0.9942196531791908,0.9999804084999562,0.0199379145644924,0.0143821652339305,0.0102886022221231,0.4927537209372594,1209,xgboost_cal,0.4734854435065447,False,,
car,tabicl,icl,covariate_shift,0.3,test_only,True,low,True,ok,,0.9922928709055876,1.0,0.0182444716342734,0.0131606043752028,0.0151659780878407,0.4918625537057091,1209,xgboost_cal,0.4734854435065447,False,,
car,tabicl,icl,covariate_shift,0.4,test_only,True,low,True,ok,,0.9980732177263968,1.0,0.0164431883301573,0.0118612531301606,0.0117993638122302,0.4937927339574653,1209,xgboost_cal,0.4734854435065447,False,,
car,tabpfn_client,icl,covariate_shift,0.0,test_only,True,low,True,ok,,0.9903660886319846,0.9999784761084805,0.0236258608938671,0.0170424561741573,0.0140662423595558,0.4906213946086075,1209,xgboost_cal,0.4734854435065447,False,,
car,tabpfn_client,icl,covariate_shift,0.05,test_only,True,low,True,ok,,0.9845857418111752,0.9998493236050404,0.0299543811849789,0.0216075185942333,0.014841564785016,0.4881845559981672,1209,xgboost_cal,0.4734854435065447,False,,
car,tabpfn_client,icl,covariate_shift,0.1,test_only,True,low,True,ok,,0.9942196531791908,0.9999892380542402,0.0212720143344032,0.0153445147949812,0.0134815740520915,0.4918295120469499,1209,xgboost_cal,0.4734854435065447,False,,
car,tabpfn_client,icl,covariate_shift,0.2,test_only,True,low,True,ok,,0.9903660886319846,0.9999632993855786,0.0256882069154786,0.0185301243631452,0.0137908547682541,0.4902248598171558,1209,xgboost_cal,0.4734854435065447,False,,
car,tabpfn_client,icl,covariate_shift,0.3,test_only,True,low,True,ok,,0.9922928709055876,0.9999481226626769,0.0258476742536435,0.0186451557321224,0.0109148166648664,0.491049263515165,1209,xgboost_cal,0.4734854435065447,False,,
car,tabpfn_client,icl,covariate_shift,0.4,test_only,True,low,True,ok,,0.9922928709055876,0.9999838570813604,0.0223111313282064,0.0160940792619129,0.0140560217320474,0.4911988524893308,1209,xgboost_cal,0.4734854435065447,False,,
car,tabicl,icl,label_noise,0.0,train_only,True,low,True,ok,,0.9942196531791908,0.999980408499956,0.0184560815168834,0.0133132486393251,0.0129584027906434,0.4925404358019369,1209,xgboost_cal,0.4734854435065447,False,,
car,tabicl,icl,label_noise,0.05,train_only,True,low,True,ok,,0.97495183044316,0.9989012490480754,0.0908548858665762,0.0655379466401211,0.0546764211648463,0.4652615435082947,1209,xgboost_cal,0.4734854435065447,False,,
car,tabicl,icl,label_noise,0.1,train_only,True,low,True,ok,,0.97495183044316,0.999126236229832,0.126497270960298,0.0912484927502047,0.0774373675204003,0.4530749359177736,1209,xgboost_cal,0.4734854435065447,False,,
car,tabicl,icl,label_noise,0.2,train_only,True,low,True,ok,,0.9595375722543352,0.9973300560412502,0.2501395853450505,0.1804375696536629,0.1648890044432555,0.4058870836678378,1209,xgboost_cal,0.4734854435065447,True,utility_gap;ece,
car,tabicl,icl,label_noise,0.3,train_only,True,low,True,ok,,0.9383429672447012,0.9896083137832692,0.4304104816049582,0.3104755336790518,0.2527680078222712,0.3434180932426796,1209,xgboost_cal,0.4734854435065447,True,utility_gap;ece,
car,tabicl,icl,label_noise,0.4,train_only,True,low,True,ok,,0.8766859344894027,0.9712348707011248,0.6189910719791224,0.4465076749494117,0.2981270962958866,0.2778573731748033,1209,xgboost_cal,0.4734854435065447,True,utility_gap;ece,
car,tabpfn_client,icl,label_noise,0.0,train_only,True,low,True,ok,,0.9903660886319846,0.9999784761084805,0.0236258608938671,0.0170424561741573,0.0140662423595558,0.4906213946086075,1209,xgboost_cal,0.4734854435065447,False,,
car,tabpfn_client,icl,label_noise,0.05,train_only,True,low,True,ok,,0.9845857418111752,0.9984175988668714,0.0978817687948724,0.0706067712169013,0.0523850190559859,0.4654749856988137,1209,xgboost_cal,0.4734854435065447,False,,
car,tabpfn_client,icl,label_noise,0.1,train_only,True,low,True,ok,,0.9672447013487476,0.9977471200992816,0.1554573230338594,0.1121387545054113,0.0805690141932305,0.4445427680467911,1209,xgboost_cal,0.4734854435065447,False,,
car,tabpfn_client,icl,label_noise,0.2,train_only,True,low,True,ok,,0.9653179190751444,0.9971824451584091,0.2718691155958778,0.1961121124205206,0.1714657170324041,0.4006847665340778,1209,xgboost_cal,0.4734854435065447,True,utility_gap;ece,
car,tabpfn_client,icl,label_noise,0.3,train_only,True,low,True,ok,,0.9402697495183044,0.988882181718491,0.4404805311508561,0.3177395389497384,0.2629431082032348,0.3392387427036489,1209,xgboost_cal,0.4734854435065447,True,utility_gap;ece,
car,tabpfn_client,icl,label_noise,0.4,train_only,True,low,True,ok,,0.8689788053949904,0.9752871116368472,0.6308700353573811,0.4550765357277693,0.3295085189791365,0.2692726453679869,1209,xgboost_cal,0.4734854435065447,True,utility_gap;ece,
churn,tabicl,icl,covariate_shift,0.0,test_only,True,low,True,ok,,0.9713333333333334,0.9183427575295908,0.1212431644518947,0.1749169120964335,0.0103594861513623,0.4125729942761542,3500,catboost_cal,0.3945644947673971,False,,
churn,tabicl,icl,covariate_shift,0.05,test_only,True,low,True,ok,,0.9486666666666668,0.9116756269776164,0.1847997086239532,0.2666096231895027,0.037477414948914,0.373908099495532,3500,catboost_cal,0.3945644947673971,False,,
churn,tabicl,icl,covariate_shift,0.1,test_only,True,low,True,ok,,0.9106666666666666,0.8778016231102778,0.2469408108475972,0.356260283202928,0.024332985994705,0.3320858859287778,3500,catboost_cal,0.3945644947673971,True,utility_gap,
churn,tabicl,icl,covariate_shift,0.2,test_only,True,low,True,ok,,0.808,0.8016725506855737,0.4643582018677763,0.6699272750307571,0.0854540096444204,0.1837164083018396,3500,catboost_cal,0.3945644947673971,True,utility_gap,
churn,tabicl,icl,covariate_shift,0.3,test_only,True,low,True,ok,,0.714,0.7555208455408414,0.6255610665054036,0.9024938484205568,0.1442955367459698,0.0719250340639334,3500,catboost_cal,0.3945644947673971,True,utility_gap;ece;nll,
churn,tabicl,icl,covariate_shift,0.4,test_only,True,low,True,ok,,0.5606666666666666,0.700451555724833,0.9291650543128548,1.34050181602448,0.273581314954163,-0.127608763294485,3500,catboost_cal,0.3945644947673971,True,utility_gap;ece;nll,
churn,tabpfn_client,icl,covariate_shift,0.0,test_only,True,low,True,ok,,0.9746666666666668,0.9263704148599556,0.1161661343594272,0.1675923059595866,0.0134761722358689,0.4174567189659346,3500,catboost_cal,0.3945644947673971,False,,
churn,tabpfn_client,icl,covariate_shift,0.05,test_only,True,low,True,ok,,0.9453333333333334,0.914369213641158,0.1688606917562765,0.2436144825978601,0.0138052457306478,0.3859838308489177,3500,catboost_cal,0.3945644947673971,False,,
churn,tabpfn_client,icl,covariate_shift,0.1,test_only,True,low,True,ok,,0.9046666666666666,0.8663167994843549,0.2609286205337455,0.3764404268700327,0.043616258926311,0.3172554999732522,3500,catboost_cal,0.3945644947673971,True,utility_gap,
churn,tabpfn_client,icl,covariate_shift,0.2,test_only,True,low,True,ok,,0.8106666666666666,0.7822900796906128,0.5055299310490143,0.7293255245453526,0.1132326427059035,0.1539573419869279,3500,catboost_cal,0.3945644947673971,True,utility_gap;ece,
churn,tabpfn_client,icl,covariate_shift,0.3,test_only,True,low,True,ok,,0.6733333333333333,0.7046210301183641,0.9318085817964632,1.3443156200155355,0.2433870259899448,-0.1043547306612222,3500,catboost_cal,0.3945644947673971,True,utility_gap;ece;nll,
churn,tabpfn_client,icl,covariate_shift,0.4,test_only,True,low,True,ok,,0.5333333333333333,0.6740522090706669,1.181087703187342,1.703949372243314,0.3626395955138392,-0.2677944576010287,3500,catboost_cal,0.3945644947673971,True,utility_gap;ece;nll,
churn,tabicl,icl,label_noise,0.0,train_only,True,low,True,ok,,0.9713333333333334,0.9183427575295908,0.1212431644518947,0.1749169120964335,0.0103594861513623,0.4125729942761542,3500,catboost_cal,0.3945644947673971,False,,
churn,tabicl,icl,label_noise,0.05,train_only,True,low,True,ok,,0.9586666666666668,0.911250805695535,0.1569996438318358,0.2265026075775231,0.0408177488554209,0.386623449949096,3500,catboost_cal,0.3945644947673971,False,,
churn,tabicl,icl,label_noise,0.1,train_only,True,low,True,ok,,0.9473333333333334,0.9135433757178016,0.2097672165948735,0.3026301231225051,0.0825371051977698,0.3545437235249249,3500,catboost_cal,0.3945644947673971,True,utility_gap,
churn,tabicl,icl,label_noise,0.2,train_only,True,low,True,ok,,0.9386666666666666,0.8956038321809445,0.308580211626313,0.4451871410297487,0.1625731047258845,0.288190578009229,3500,catboost_cal,0.3945644947673971,True,utility_gap;ece,
churn,tabicl,icl,label_noise,0.3,train_only,True,low,True,ok,,0.9033333333333332,0.8558189528887847,0.438215502202586,0.6322113318683376,0.225092780963556,0.2003546777578621,3500,catboost_cal,0.3945644947673971,True,utility_gap;ece,
churn,tabicl,icl,label_noise,0.4,train_only,True,low,True,ok,,0.7993333333333333,0.5836495077932732,0.6096291967855507,0.8795090189836361,0.2313375866798079,0.0140571046965931,3500,catboost_cal,0.3945644947673971,True,utility_gap;ece;nll,
churn,tabpfn_client,icl,label_noise,0.0,train_only,True,low,True,ok,,0.9746666666666668,0.9263704148599556,0.1161661343594272,0.1675923059595866,0.0134761722358689,0.4174567189659346,3500,catboost_cal,0.3945644947673971,False,,
churn,tabpfn_client,icl,label_noise,0.05,train_only,True,low,True,ok,,0.97,0.9148489687097152,0.1426516300507794,0.2058027992489865,0.0434051980697006,0.3952752596597642,3500,catboost_cal,0.3945644947673971,False,,
churn,tabpfn_client,icl,label_noise,0.1,train_only,True,low,True,ok,,0.9513333333333334,0.9110768487050276,0.1988165166899567,0.2868316026754184,0.0801884018778921,0.3594897358685557,3500,catboost_cal,0.3945644947673971,True,utility_gap,
churn,tabpfn_client,icl,label_noise,0.2,train_only,True,low,True,ok,,0.9473333333333334,0.9069385034571662,0.2932224204125344,0.4230305318066222,0.1670320287127635,0.2992129109254687,3500,catboost_cal,0.3945644947673971,True,utility_gap;ece,
churn,tabpfn_client,icl,label_noise,0.3,train_only,True,low,True,ok,,0.9073333333333332,0.8697849525372084,0.4323223446015289,0.6237093026221153,0.2256646888443401,0.2082790048325203,3500,catboost_cal,0.3945644947673971,True,utility_gap;ece,
churn,tabpfn_client,icl,label_noise,0.4,train_only,True,low,True,ok,,0.86,0.7174517315129498,0.578257371112381,0.834249041661321,0.278281204305666,0.0741771526700029,3500,catboost_cal,0.3945644947673971,True,utility_gap;ece;nll,
credit-approval,tabicl,icl,covariate_shift,0.0,test_only,True,low,True,ok,,0.8502415458937198,0.9159735349716446,0.3636254037973833,0.5246005667997318,0.0506442535553583,0.2806179483731423,483,catboost_cal,0.2897847195374508,False,,
credit-approval,tabicl,icl,covariate_shift,0.05,test_only,True,low,True,ok,,0.855072463768116,0.9175803402646504,0.361678883693278,0.5217923318985485,0.0687701249658992,0.2791222640951006,483,catboost_cal,0.2897847195374508,False,,
credit-approval,tabicl,icl,covariate_shift,0.1,test_only,True,low,True,ok,,0.8502415458937198,0.9193761814744802,0.3827452249624292,0.5521846379772273,0.0751020708255432,0.2686420898418492,483,catboost_cal,0.2897847195374508,False,,
credit-approval,tabicl,icl,covariate_shift,0.2,test_only,True,low,True,ok,,0.8502415458937198,0.912476370510397,0.4194008222406097,0.6050674863912814,0.0791257386195315,0.2495575679214062,483,catboost_cal,0.2897847195374508,True,utility_gap,
credit-approval,tabicl,icl,covariate_shift,0.3,test_only,True,low,True,ok,,0.855072463768116,0.9141776937618148,0.4373628669744875,0.6309812392530726,0.0775150771264074,0.2434256751806493,483,catboost_cal,0.2897847195374508,True,utility_gap,
credit-approval,tabicl,icl,covariate_shift,0.4,test_only,True,low,True,ok,,0.8502415458937198,0.9130434782608696,0.4530154433505238,0.6535631335679158,0.0725603927791389,0.2365204306491597,483,catboost_cal,0.2897847195374508,True,utility_gap,
credit-approval,tabpfn_client,icl,covariate_shift,0.0,test_only,True,low,True,ok,,0.8502415458937198,0.9175803402646504,0.366507545246112,0.5287586179749532,0.0524152768648289,0.2795787102112337,483,catboost_cal,0.2897847195374508,False,,
credit-approval,tabpfn_client,icl,covariate_shift,0.05,test_only,True,low,True,ok,,0.8502415458937198,0.9165406427221172,0.3771423813701424,0.5441014433117586,0.0677504743827879,0.2715449289667137,483,catboost_cal,0.2897847195374508,False,,
credit-approval,tabpfn_client,icl,covariate_shift,0.1,test_only,True,low,True,ok,,0.8502415458937198,0.9137996219281664,0.4045663665386767,0.5836658907158156,0.0844396099920057,0.2553784103457703,483,catboost_cal,0.2897847195374508,True,utility_gap,
credit-approval,tabpfn_client,icl,covariate_shift,0.2,test_only,True,low,True,ok,,0.8502415458937198,0.911531190926276,0.4395118672453568,0.6340815912867247,0.0865831393253473,0.2390310434571676,483,catboost_cal,0.2897847195374508,True,utility_gap,
credit-approval,tabpfn_client,icl,covariate_shift,0.3,test_only,True,low,True,ok,,0.8454106280193237,0.90765595463138,0.469850771895244,0.6778513785711201,0.0895707498403647,0.2232216147844725,483,catboost_cal,0.2897847195374508,True,utility_gap,
credit-approval,tabpfn_client,icl,covariate_shift,0.4,test_only,True,low,True,ok,,0.8502415458937198,0.9052930056710776,0.4955140888496867,0.7148757186740563,0.08343944633578,0.2132381789995622,483,catboost_cal,0.2897847195374508,True,utility_gap,
credit-approval,tabicl,icl,label_noise,0.0,train_only,True,low,True,ok,,0.8502415458937198,0.9159735349716446,0.3636254037973833,0.5246005667997318,0.0506442535553583,0.2806179483731423,483,catboost_cal,0.2897847195374508,False,,
credit-approval,tabicl,icl,label_noise,0.05,train_only,True,low,True,ok,,0.8502415458937198,0.9164461247637052,0.3549177462770364,0.5120380724773679,0.0484918130212375,0.2849825912038968,483,catboost_cal,0.2897847195374508,False,,
credit-approval,tabicl,icl,label_noise,0.1,train_only,True,low,True,ok,,0.8647342995169082,0.9279773156899812,0.3456103664863859,0.4986103618097261,0.0684327405897032,0.291232548758171,483,catboost_cal,0.2897847195374508,False,,
credit-approval,tabicl,icl,label_noise,0.2,train_only,True,low,True,ok,,0.8454106280193237,0.9100189035916824,0.4174356222920776,0.6022323021711787,0.107174759089582,0.2432135679907174,483,catboost_cal,0.2897847195374508,True,utility_gap;ece,
credit-approval,tabicl,icl,label_noise,0.3,train_only,True,low,True,ok,,0.8405797101449275,0.8957466918714556,0.4841700415680031,0.6985097179171614,0.1658471845634575,0.1968759463889086,483,catboost_cal,0.2897847195374508,True,utility_gap;ece,
credit-approval,tabicl,icl,label_noise,0.4,train_only,True,low,True,ok,,0.8019323671497585,0.8535916824196598,0.5802866503044651,0.83717667268832,0.2069212494386967,0.1265096922251093,483,catboost_cal,0.2897847195374508,True,utility_gap;ece;nll,
credit-approval,tabpfn_client,icl,label_noise,0.0,train_only,True,low,True,ok,,0.8502415458937198,0.9175803402646504,0.366507545246112,0.5287586179749532,0.0524152768648289,0.2795787102112337,483,catboost_cal,0.2897847195374508,False,,
credit-approval,tabpfn_client,icl,label_noise,0.05,train_only,True,low,True,ok,,0.8309178743961353,0.9103024574669188,0.3696199439889472,0.5332488602065106,0.0804596552652755,0.2671769521578335,483,catboost_cal,0.2897847195374508,False,,
credit-approval,tabpfn_client,icl,label_noise,0.1,train_only,True,low,True,ok,,0.8599033816425121,0.924858223062382,0.3478103504803975,0.5017842678079218,0.0726925103330809,0.2876121029092177,483,catboost_cal,0.2897847195374508,False,,
credit-approval,tabpfn_client,icl,label_noise,0.2,train_only,True,low,True,ok,,0.8454106280193237,0.9119092627599245,0.4209095488960395,0.607244118855127,0.0977846229331324,0.2442496759257074,483,catboost_cal,0.2897847195374508,True,utility_gap,
credit-approval,tabpfn_client,icl,label_noise,0.3,train_only,True,low,True,ok,,0.8454106280193237,0.9010396975425332,0.4934342384035163,0.7118751287495755,0.1921150892271819,0.190189931872476,483,catboost_cal,0.2897847195374508,True,utility_gap;ece,
credit-approval,tabpfn_client,icl,label_noise,0.4,train_only,True,low,True,ok,,0.8405797101449275,0.8946124763705103,0.6181324167697057,0.8917765722863643,0.2869867575028899,0.1142710000649304,483,catboost_cal,0.2897847195374508,True,utility_gap;ece;nll,
credit-g,tabicl,icl,covariate_shift,0.0,test_only,True,low,True,ok,,0.7666666666666667,0.8111904761904762,0.4716986886813096,0.6805173589543525,0.0506573455043388,0.1846299898794931,700,catboost_cal,0.1752229023743339,False,,
credit-g,tabicl,icl,covariate_shift,0.05,test_only,True,low,True,ok,,0.76,0.805978835978836,0.4815926442794555,0.6947913196305732,0.0588299516824559,0.1758892063669294,700,catboost_cal,0.1752229023743339,False,,
credit-g,tabicl,icl,covariate_shift,0.1,test_only,True,low,True,ok,,0.77,0.8053703703703704,0.4846780297630739,0.6992425899670202,0.0623316318284953,0.1751405262738245,700,catboost_cal,0.1752229023743339,False,,
credit-g,tabicl,icl,covariate_shift,0.2,test_only,True,low,True,ok,,0.77,0.8082275132275133,0.4880245277146174,0.704070565966057,0.0563641605993509,0.1758856277199423,700,catboost_cal,0.1752229023743339,False,,
credit-g,tabicl,icl,covariate_shift,0.3,test_only,True,low,True,ok,,0.7733333333333333,0.8018253968253969,0.4987538256041779,0.7195496708235464,0.0656415935227196,0.167645668937281,700,catboost_cal,0.1752229023743339,False,,
credit-g,tabicl,icl,covariate_shift,0.4,test_only,True,low,True,ok,,0.7533333333333333,0.8008465608465608,0.5053322929410307,0.7290403930270739,0.0641188434023551,0.161760409707703,700,catboost_cal,0.1752229023743339,False,,
credit-g,tabpfn_client,icl,covariate_shift,0.0,test_only,True,low,True,ok,,0.7566666666666667,0.8102116402116402,0.4735561351788067,0.683197087805008,0.0464405833109071,0.1828268310703902,700,catboost_cal,0.1752229023743339,False,,
credit-g,tabpfn_client,icl,covariate_shift,0.05,test_only,True,low,True,ok,,0.7566666666666667,0.8073544973544974,0.4753114538024613,0.6857294772785346,0.0594900377815219,0.1784572233342093,700,catboost_cal,0.1752229023743339,False,,
credit-g,tabpfn_client,icl,covariate_shift,0.1,test_only,True,low,True,ok,,0.7566666666666667,0.8058201058201059,0.4794179920294482,0.6916539596138296,0.0714596132672247,0.1737489264994432,700,catboost_cal,0.1752229023743339,False,,
credit-g,tabpfn_client,icl,covariate_shift,0.2,test_only,True,low,True,ok,,0.7633333333333333,0.8057671957671957,0.4827778206357209,0.696501167682336,0.0446772571120386,0.1786327167914099,700,catboost_cal,0.1752229023743339,False,,
credit-g,tabpfn_client,icl,covariate_shift,0.3,test_only,True,low,True,ok,,0.7533333333333333,0.794973544973545,0.4963702995775336,0.7161109696450769,0.0540063405608563,0.1656061817350463,700,catboost_cal,0.1752229023743339,False,,
credit-g,tabpfn_client,icl,covariate_shift,0.4,test_only,True,low,True,ok,,0.7433333333333333,0.7944973544973546,0.505188595760705,0.7288330818176283,0.0486453140602578,0.161195086716734,700,catboost_cal,0.1752229023743339,False,,
credit-g,tabicl,icl,label_noise,0.0,train_only,True,low,True,ok,,0.7666666666666667,0.8111904761904762,0.4716986886813096,0.6805173589543525,0.0506573455043388,0.1846299898794931,700,catboost_cal,0.1752229023743339,False,,
credit-g,tabicl,icl,label_noise,0.05,train_only,True,low,True,ok,,0.7733333333333333,0.8083862433862434,0.4836189068527075,0.6977145985965427,0.0541945420117404,0.1787818972038742,700,catboost_cal,0.1752229023743339,False,,
credit-g,tabicl,icl,label_noise,0.1,train_only,True,low,True,ok,,0.75,0.7879894179894179,0.5051002905168518,0.7287056842802369,0.0624943829944193,0.1571857144133413,700,catboost_cal,0.1752229023743339,False,,
credit-g,tabicl,icl,label_noise,0.2,train_only,True,low,True,ok,,0.7433333333333333,0.7374074074074073,0.5481909012971946,0.7908722947619139,0.0776121806318609,0.1168084680376461,700,catboost_cal,0.1752229023743339,True,utility_gap;nll,
credit-g,tabicl,icl,label_noise,0.3,train_only,True,low,True,ok,,0.67,0.6421693121693123,0.6200084883194976,0.894483171407602,0.0736998806392286,0.0421743317091329,700,catboost_cal,0.1752229023743339,True,utility_gap;nll,
credit-g,tabicl,icl,label_noise,0.4,train_only,True,low,True,ok,,0.7033333333333334,0.6198941798941798,0.6450258556539588,0.9305756031971266,0.1448743011474378,0.0143154217743373,700,catboost_cal,0.1752229023743339,True,utility_gap;ece;nll,
credit-g,tabpfn_client,icl,label_noise,0.0,train_only,True,low,True,ok,,0.7566666666666667,0.8102116402116402,0.4735561351788067,0.683197087805008,0.0464405833109071,0.1828268310703902,700,catboost_cal,0.1752229023743339,False,,
credit-g,tabpfn_client,icl,label_noise,0.05,train_only,True,low,True,ok,,0.7766666666666666,0.8087830687830688,0.4849198262990719,0.6995914286304086,0.086510309226563,0.1723945836396389,700,catboost_cal,0.1752229023743339,False,,
credit-g,tabpfn_client,icl,label_noise,0.1,train_only,True,low,True,ok,,0.7566666666666667,0.792962962962963,0.502916002864,0.7255544233155925,0.0678841836302892,0.1597938733163014,700,catboost_cal,0.1752229023743339,False,,
credit-g,tabpfn_client,icl,label_noise,0.2,train_only,True,low,True,ok,,0.7166666666666667,0.7174603174603175,0.5619425081245811,0.8107116697360393,0.0871813256627403,0.0979613450577512,700,catboost_cal,0.1752229023743339,True,utility_gap;nll,
credit-g,tabpfn_client,icl,label_noise,0.3,train_only,True,low,True,ok,,0.7033333333333334,0.6526984126984127,0.634477432183416,0.915357444966978,0.1234526607473338,0.0346466788048843,700,catboost_cal,0.1752229023743339,True,utility_gap;ece;nll,
credit-g,tabpfn_client,icl,label_noise,0.4,train_only,True,low,True,ok,,0.7033333333333334,0.6137830687830688,0.654286045339955,0.9439352329348046,0.1515032631156981,0.006842851570493,700,catboost_cal,0.1752229023743339,True,utility_gap;ece;nll,
eucalyptus,tabicl,icl,covariate_shift,0.0,test_only,True,low,True,ok,,0.7601809954751131,0.9436308695606856,0.5895179424121141,0.3662880921703479,0.0479837499579201,0.3248147760248185,515,catboost_cal,0.2379561488237918,False,,
eucalyptus,tabicl,icl,covariate_shift,0.05,test_only,True,low,True,ok,,0.4841628959276018,0.8721103693748496,1.0639759616248257,0.6610854344891611,0.0854170089899337,0.1624540315256025,515,catboost_cal,0.2379561488237918,True,utility_gap,
eucalyptus,tabicl,icl,covariate_shift,0.1,test_only,True,low,True,ok,,0.4253393665158371,0.8433290285519346,1.1344135974635812,0.704850798343568,0.1222989573546048,0.1230510339965612,515,catboost_cal,0.2379561488237918,True,utility_gap;ece,
eucalyptus,tabicl,icl,covariate_shift,0.2,test_only,True,low,True,ok,,0.3936651583710407,0.7996120402465294,1.275129079454094,0.7922822431376676,0.1793310686003839,0.0653631011805643,515,catboost_cal,0.2379561488237918,True,utility_gap;ece;nll,
eucalyptus,tabicl,icl,covariate_shift,0.3,test_only,True,low,True,ok,,0.2941176470588235,0.7437904396741225,1.5955115567918363,0.99134706872836,0.3218202011442868,-0.057323859902599,515,catboost_cal,0.2379561488237918,True,utility_gap;ece;nll,
eucalyptus,tabicl,icl,covariate_shift,0.4,test_only,True,low,True,ok,,0.2760180995475113,0.7139755954258503,1.7809141164806657,1.1065441560198033,0.370931950797159,-0.1148554636341984,515,catboost_cal,0.2379561488237918,True,utility_gap;ece;nll,
eucalyptus,tabpfn_client,icl,covariate_shift,0.0,test_only,True,low,True,ok,,0.7239819004524887,0.9365469166030342,0.6186449906896254,0.3843857448057701,0.0422891595560537,0.3126151505259935,515,catboost_cal,0.2379561488237918,False,,
eucalyptus,tabpfn_client,icl,covariate_shift,0.05,test_only,True,low,True,ok,,0.5701357466063348,0.8740164359738263,0.956157141947901,0.5940938352209045,0.0791673035587478,0.1973645033037684,515,catboost_cal,0.2379561488237918,True,utility_gap,
eucalyptus,tabpfn_client,icl,covariate_shift,0.1,test_only,True,low,True,ok,,0.4796380090497738,0.8396430613105543,1.0771131734462982,0.6692480431365515,0.1039452508031529,0.144257309714564,515,catboost_cal,0.2379561488237918,True,utility_gap;ece,
eucalyptus,tabpfn_client,icl,covariate_shift,0.2,test_only,True,low,True,ok,,0.3619909502262443,0.7880266223467681,1.335165745549682,0.8295851211373472,0.2161929795073419,0.0379938281126329,515,catboost_cal,0.2379561488237918,True,utility_gap;ece;nll,
eucalyptus,tabpfn_client,icl,covariate_shift,0.3,test_only,True,low,True,ok,,0.3257918552036199,0.7548875767179085,1.4979360717150665,0.9307200110935628,0.2603272344267512,-0.018202020081608,515,catboost_cal,0.2379561488237918,True,utility_gap;ece;nll,
eucalyptus,tabpfn_client,icl,covariate_shift,0.4,test_only,True,low,True,ok,,0.2895927601809955,0.7061427194695934,1.8944324716780216,1.1770770758176674,0.3783352709211076,-0.1382013110880147,515,catboost_cal,0.2379561488237918,True,utility_gap;ece;nll,
eucalyptus,tabicl,icl,label_noise,0.0,train_only,True,low,True,ok,,0.7601809954751131,0.9436308695606856,0.5895179424121141,0.3662880921703479,0.0479837499579201,0.3248147760248185,515,catboost_cal,0.2379561488237918,False,,
eucalyptus,tabicl,icl,label_noise,0.05,train_only,True,low,True,ok,,0.746606334841629,0.9349663281112914,0.6559046940711829,0.4075365001680606,0.0825609228681985,0.3004560304411384,515,catboost_cal,0.2379561488237918,False,,
eucalyptus,tabicl,icl,label_noise,0.1,train_only,True,low,True,ok,,0.751131221719457,0.933334840504122,0.6914223226172675,0.4296048435764548,0.1208993972425346,0.2862755449129179,515,catboost_cal,0.2379561488237918,True,ece,
eucalyptus,tabicl,icl,label_noise,0.2,train_only,True,low,True,ok,,0.665158371040724,0.915213639349322,0.8531852197557569,0.5301137826841713,0.1281254526103482,0.2354393041010501,515,catboost_cal,0.2379561488237918,True,ece,
eucalyptus,tabicl,icl,label_noise,0.3,train_only,True,low,True,ok,,0.6832579185520362,0.912264447952482,0.926678904170934,0.5757779762808202,0.2102077693089434,0.2070062978201394,515,catboost_cal,0.2379561488237918,True,utility_gap;ece,
eucalyptus,tabicl,icl,label_noise,0.4,train_only,True,low,True,ok,,0.6923076923076923,0.9138488146869748,1.0545792730312902,0.6552469435968197,0.3063125154557852,0.1658566528163921,515,catboost_cal,0.2379561488237918,True,utility_gap;ece,
eucalyptus,tabpfn_client,icl,label_noise,0.0,train_only,True,low,True,ok,,0.7239819004524887,0.9365469166030342,0.6186449906896254,0.3843857448057701,0.0422891595560537,0.3126151505259935,515,catboost_cal,0.2379561488237918,False,,
eucalyptus,tabpfn_client,icl,label_noise,0.05,train_only,True,low,True,ok,,0.7149321266968326,0.9256212699169508,0.6958628826403146,0.4323639186477827,0.0702381368564966,0.2874504605098235,515,catboost_cal,0.2379561488237918,False,,
eucalyptus,tabpfn_client,icl,label_noise,0.1,train_only,True,low,True,ok,,0.7104072398190046,0.9308914797601896,0.7215605568578505,0.4483307813760696,0.1147674883023078,0.2749203718156345,515,catboost_cal,0.2379561488237918,True,ece,
eucalyptus,tabpfn_client,icl,label_noise,0.2,train_only,True,low,True,ok,,0.6561085972850679,0.9022234846599956,0.8995306782292761,0.5589098350919506,0.1441229250931819,0.217696973677537,515,catboost_cal,0.2379561488237918,True,ece,
eucalyptus,tabpfn_client,icl,label_noise,0.3,train_only,True,low,True,ok,,0.6923076923076923,0.9033302798459066,0.9628633423286131,0.5982606317955981,0.2338681022759695,0.1937599417983478,515,catboost_cal,0.2379561488237918,True,utility_gap;ece,
eucalyptus,tabpfn_client,icl,label_noise,0.4,train_only,True,low,True,ok,,0.665158371040724,0.8933508866125168,1.0969077869639028,0.6815471280311451,0.2719887298011818,0.1535846816009095,515,catboost_cal,0.2379561488237918,True,utility_gap;ece,
kr-vs-kp,tabicl,icl,covariate_shift,0.0,test_only,True,low,True,ok,,0.9937434827945776,0.9995946970687446,0.0232940392629637,0.0336061949269505,0.0038277603245064,0.4880722558502607,2237,catboost_cal,0.4860055133380243,False,,
kr-vs-kp,tabicl,icl,covariate_shift,0.05,test_only,True,low,True,ok,,0.9937434827945776,0.9995380418202896,0.0239965498273093,0.0346197034343041,0.0058017488115348,0.4873535762636897,2237,catboost_cal,0.4860055133380243,False,,
kr-vs-kp,tabicl,icl,covariate_shift,0.1,test_only,True,low,True,ok,,0.9927007299270072,0.9996775008934096,0.0230127802713246,0.0332004239745075,0.0037903037988728,0.4880740468496177,2237,catboost_cal,0.4860055133380243,False,,
kr-vs-kp,tabicl,icl,covariate_shift,0.2,test_only,True,low,True,ok,,0.9927007299270072,0.9995641903964996,0.0236194615719425,0.034075680078309,0.0049424760330004,0.4875413768977331,2237,catboost_cal,0.4860055133380243,False,,
kr-vs-kp,tabicl,icl,covariate_shift,0.3,test_only,True,low,True,ok,,0.9916579770594368,0.9996600685092696,0.0223228143737944,0.032205013595758,0.0045652472513414,0.4880551670081642,2237,catboost_cal,0.4860055133380243,False,,
kr-vs-kp,tabicl,icl,covariate_shift,0.4,test_only,True,low,True,ok,,0.994786235662148,0.9995816227806396,0.0233969054209161,0.0337545994229038,0.0066011756809381,0.4876248883594872,2237,catboost_cal,0.4860055133380243,False,,
kr-vs-kp,tabpfn_client,icl,covariate_shift,0.0,test_only,True,low,True,ok,,0.9906152241918664,0.9996557104132346,0.0233984681001821,0.0337568538925313,0.0048038001719673,0.4873839660712591,2237,catboost_cal,0.4860055133380243,False,,
kr-vs-kp,tabpfn_client,icl,covariate_shift,0.05,test_only,True,low,True,ok,,0.9906152241918664,0.9996862170854798,0.022779681404646,0.0328641333955133,0.0060859082766024,0.4874060379347233,2237,catboost_cal,0.4860055133380243,False,,
kr-vs-kp,tabpfn_client,icl,covariate_shift,0.1,test_only,True,low,True,ok,,0.9906152241918664,0.9995859808766746,0.0267233777272016,0.0385536845228363,0.00525585647852,0.4858301002830612,2237,catboost_cal,0.4860055133380243,False,,
kr-vs-kp,tabpfn_client,icl,covariate_shift,0.2,test_only,True,low,True,ok,,0.9906152241918664,0.9996382780290948,0.0242942762766013,0.0350492319062391,0.0049501140877097,0.4869608885495494,2237,catboost_cal,0.4860055133380243,False,,
kr-vs-kp,tabpfn_client,icl,covariate_shift,0.3,test_only,True,low,True,ok,,0.9906152241918664,0.9997036494696198,0.022627480414139,0.0326445537812905,0.0066698073543395,0.4873612333378918,2237,catboost_cal,0.4860055133380243,False,,
kr-vs-kp,tabpfn_client,icl,covariate_shift,0.4,test_only,True,low,True,ok,,0.9906152241918664,0.9995859808766746,0.0250783553911978,0.0361804189565321,0.0069593171806842,0.4862013878125196,2237,catboost_cal,0.4860055133380243,False,,
kr-vs-kp,tabicl,icl,label_noise,0.0,train_only,True,low,True,ok,,0.9937434827945776,0.9995946970687446,0.0232940392629637,0.0336061949269505,0.0038277603245064,0.4880722558502607,2237,catboost_cal,0.4860055133380243,False,,
kr-vs-kp,tabicl,icl,label_noise,0.05,train_only,True,low,True,ok,,0.9927007299270072,0.9989562359996164,0.0604397319281368,0.0871961015253814,0.0393023742708132,0.4645204867771398,2237,catboost_cal,0.4860055133380243,False,,
kr-vs-kp,tabicl,icl,label_noise,0.1,train_only,True,low,True,ok,,0.9906152241918664,0.9983352073146284,0.104161981178778,0.1502739736957926,0.0833199030595162,0.4362634334682588,2237,catboost_cal,0.4860055133380243,True,utility_gap,
kr-vs-kp,tabicl,icl,label_noise,0.2,train_only,True,low,True,ok,,0.986444212721585,0.9983047006423834,0.2299269074146287,0.3317144090940208,0.1865088868721454,0.3605571770304365,2237,catboost_cal,0.4860055133380243,True,utility_gap;ece,
kr-vs-kp,tabicl,icl,label_noise,0.3,train_only,True,low,True,ok,,0.9655891553701772,0.9957508563658708,0.3932858888797662,0.5673916015384467,0.2831178102413553,0.2665101305237763,2237,catboost_cal,0.4860055133380243,True,utility_gap;ece,
kr-vs-kp,tabicl,icl,label_noise,0.4,train_only,True,low,True,ok,,0.872784150156413,0.9460598453747529,0.5644395486149315,0.8143141376683667,0.292792777542208,0.1591857715956737,2237,catboost_cal,0.4860055133380243,True,utility_gap;ece;nll,
kr-vs-kp,tabpfn_client,icl,label_noise,0.0,train_only,True,low,True,ok,,0.9906152241918664,0.9996557104132346,0.0233984681001821,0.0337568538925313,0.0048038001719673,0.4873839660712591,2237,catboost_cal,0.4860055133380243,False,,
kr-vs-kp,tabpfn_client,icl,label_noise,0.05,train_only,True,low,True,ok,,0.9916579770594368,0.996888319431007,0.064948257405544,0.0937005288733582,0.0411184396597124,0.461325761765818,2237,catboost_cal,0.4860055133380243,False,,
kr-vs-kp,tabpfn_client,icl,label_noise,0.1,train_only,True,low,True,ok,,0.9906152241918664,0.997951694863548,0.1125570418044576,0.1623854860284228,0.0843134395508429,0.4322970431123263,2237,catboost_cal,0.4860055133380243,True,utility_gap,
kr-vs-kp,tabpfn_client,icl,label_noise,0.2,train_only,True,low,True,ok,,0.9916579770594368,0.9986620645172536,0.2313603381251063,0.3337824124714847,0.1902725381129568,0.3600911877759175,2237,catboost_cal,0.4860055133380243,True,utility_gap;ece,
kr-vs-kp,tabpfn_client,icl,label_noise,0.3,train_only,True,low,True,ok,,0.9645464025026068,0.9955416677561906,0.3926506662256894,0.5664751689655498,0.2850992180892829,0.2661591497825362,2237,catboost_cal,0.4860055133380243,True,utility_gap;ece,
kr-vs-kp,tabpfn_client,icl,label_noise,0.4,train_only,True,low,True,ok,,0.8978102189781022,0.9595873754674058,0.5647206658910158,0.8147197041684817,0.3217314101698476,0.1617649209757933,2237,catboost_cal,0.4860055133380243,True,utility_gap;ece;nll,
optdigits,tabicl,icl,covariate_shift,0.0,test_only,True,low,True,ok,,0.994661921708185,0.9999734042049117,0.0201896381904873,0.0087682484577518,0.0028199038300273,0.4959955244246158,3934,catboost_cal,0.4821743825241024,False,,
optdigits,tabicl,icl,covariate_shift,0.05,test_only,True,low,True,ok,,0.9905100830367736,0.9999206915483636,0.1293501862112751,0.0561760721047148,0.0889965778748233,0.4638966172910641,3934,catboost_cal,0.4821743825241024,False,,
optdigits,tabicl,icl,covariate_shift,0.1,test_only,True,low,True,ok,,0.9857651245551602,0.99984626520113,0.1651271757138001,0.071713821224772,0.1097045638087155,0.4543559023744948,3934,catboost_cal,0.4821743825241024,True,ece,
optdigits,tabicl,icl,covariate_shift,0.2,test_only,True,low,True,ok,,0.9863582443653618,0.9996714205265724,0.3383463364813884,0.1469419469060479,0.2405157401250809,0.4056530017422741,3934,catboost_cal,0.4821743825241024,True,utility_gap;ece,
optdigits,tabicl,icl,covariate_shift,0.3,test_only,True,low,True,ok,,0.9626334519572952,0.9993150944758366,0.5408845003809292,0.2349031538624348,0.3430077367216042,0.3550828073570857,3934,catboost_cal,0.4821743825241024,True,utility_gap;ece,
optdigits,tabicl,icl,covariate_shift,0.4,test_only,True,low,True,ok,,0.9418742586002372,0.9977867122358351,0.9062144517576556,0.3935639358193303,0.5069889480395913,0.2710395177188606,3934,catboost_cal,0.4821743825241024,True,utility_gap;ece,
optdigits,tabpfn_client,icl,covariate_shift,0.0,test_only,True,low,True,ok,,0.994661921708185,0.9999818016544516,0.0194410570871328,0.0084431438153079,0.0029086053698714,0.4960782546167191,3934,catboost_cal,0.4821743825241024,False,,
optdigits,tabpfn_client,icl,covariate_shift,0.05,test_only,True,low,True,ok,,0.9875444839857652,0.9990889605603674,0.3561912788490789,0.1546919069062174,0.266451780365676,0.3981148806489928,3934,catboost_cal,0.4821743825241024,True,utility_gap;ece,
optdigits,tabpfn_client,icl,covariate_shift,0.1,test_only,True,low,True,ok,,0.9804270462633452,0.9992585927753672,0.4549816146344186,0.1975960046031598,0.3266242217077047,0.3722009186883914,3934,catboost_cal,0.4821743825241024,True,utility_gap;ece,
optdigits,tabpfn_client,icl,covariate_shift,0.2,test_only,True,low,True,ok,,0.9608540925266904,0.9981744195426504,0.4929352939449295,0.2140790780956403,0.3200397888966433,0.3652574795109103,3934,catboost_cal,0.4821743825241024,True,utility_gap;ece,
optdigits,tabpfn_client,icl,covariate_shift,0.3,test_only,True,low,True,ok,,0.902135231316726,0.9964076444825174,0.6929502827942687,0.3009444840508487,0.3527000958770994,0.3232395958757154,3934,catboost_cal,0.4821743825241024,True,utility_gap;ece,
optdigits,tabpfn_client,icl,covariate_shift,0.4,test_only,True,low,True,ok,,0.7959667852906287,0.9911075293344066,0.8972776500142825,0.3896827321363201,0.2916534760369181,0.2910471382123569,3934,catboost_cal,0.4821743825241024,True,utility_gap;ece,
optdigits,tabicl,icl,label_noise,0.0,train_only,True,low,True,ok,,0.994661921708185,0.9999734042049117,0.0201896381904873,0.0087682484577518,0.0028199038300273,0.4959955244246158,3934,catboost_cal,0.4821743825241024,False,,
optdigits,tabicl,icl,label_noise,0.05,train_only,True,low,True,ok,,0.9940688018979834,0.9997233653282712,0.0530340958765567,0.0230324151919165,0.0347847081901064,0.4851468319539961,3934,catboost_cal,0.4821743825241024,False,,
optdigits,tabicl,icl,label_noise,0.1,train_only,True,low,True,ok,,0.9922894424673784,0.9996977363600056,0.0960105052507213,0.0416968326351314,0.070997653559428,0.4720290435936836,3934,catboost_cal,0.4821743825241024,False,,
optdigits,tabicl,icl,label_noise,0.2,train_only,True,low,True,ok,,0.9940688018979834,0.9994501082842449,0.190029446789727,0.082528740139906,0.1573696762574321,0.4426853008907249,3934,catboost_cal,0.4821743825241024,True,utility_gap;ece,
optdigits,tabicl,icl,label_noise,0.3,train_only,True,low,True,ok,,0.9922894424673784,0.9996191655932584,0.3016884082499972,0.1310216109571492,0.2429136993224194,0.4108209011761185,3934,catboost_cal,0.4821743825241024,True,utility_gap;ece,
optdigits,tabicl,icl,label_noise,0.4,train_only,True,low,True,ok,,0.9905100830367736,0.9994937657601424,0.4386217425912141,0.1904910024501528,0.334430404840318,0.3743659487684564,3934,catboost_cal,0.4821743825241024,True,utility_gap;ece,
optdigits,tabpfn_client,icl,label_noise,0.0,train_only,True,low,True,ok,,0.994661921708185,0.9999818016544516,0.0194410570871328,0.0084431438153079,0.0029086053698714,0.4960782546167191,3934,catboost_cal,0.4821743825241024,False,,
optdigits,tabpfn_client,icl,label_noise,0.05,train_only,True,low,True,ok,,0.99288256227758,0.999638329983634,0.0585631602061706,0.025433657320356,0.0335398404039419,0.4844677345590137,3934,catboost_cal,0.4821743825241024,False,,
optdigits,tabpfn_client,icl,label_noise,0.1,train_only,True,low,True,ok,,0.9916963226571768,0.999561595324409,0.0985382262618211,0.0427946079220429,0.0702950966040561,0.4717036050646955,3934,catboost_cal,0.4821743825241024,False,,
optdigits,tabpfn_client,icl,label_noise,0.2,train_only,True,low,True,ok,,0.9934756820877816,0.9991894140069356,0.1879905423339732,0.0816432551856442,0.1537278942350262,0.4434990918128962,3934,catboost_cal,0.4821743825241024,True,utility_gap;ece,
optdigits,tabpfn_client,icl,label_noise,0.3,train_only,True,low,True,ok,,0.9905100830367736,0.9996410276213442,0.311556122143493,0.1353071046500945,0.2471672414451058,0.4084252924389369,3934,catboost_cal,0.4821743825241024,True,utility_gap;ece,
optdigits,tabpfn_client,icl,label_noise,0.4,train_only,True,low,True,ok,,0.9905100830367736,0.9996489857264216,0.4545709889398753,0.1974176721298919,0.3457429115043245,0.370079773519931,3934,catboost_cal,0.4821743825241024,True,utility_gap;ece,
pc1,tabicl,icl,covariate_shift,0.0,test_only,False,high,True,ok,,0.924924924924925,0.8862552594670406,0.1805333797732147,0.2604546117137407,0.0341191718079533,0.36396786167649,776,catboost_cal,0.353469215551828,False,,
pc1,tabicl,icl,covariate_shift,0.05,test_only,False,low,True,ok,,0.927927927927928,0.8486676016830295,0.2277571005412532,0.3285840394781151,0.0603459007128071,0.3255784577922535,776,catboost_cal,0.353469215551828,False,,
pc1,tabicl,icl,covariate_shift,0.1,test_only,False,low,True,ok,,0.927927927927928,0.8485273492286115,0.2384377019287971,0.3439928901336364,0.0705591139675916,0.3188640715855939,776,catboost_cal,0.353469215551828,True,utility_gap,
pc1,tabicl,icl,covariate_shift,0.2,test_only,False,low,True,ok,,0.9309309309309308,0.8608695652173913,0.2493494781749568,0.359735255611261,0.0917409970896179,0.3146752113644247,776,catboost_cal,0.353469215551828,True,utility_gap,
pc1,tabicl,icl,covariate_shift,0.3,test_only,False,low,True,ok,,0.9309309309309308,0.8618513323983169,0.2678354429721704,0.386404865350249,0.10643025745807,0.3040800948823617,776,catboost_cal,0.353469215551828,True,utility_gap;ece,
pc1,tabicl,icl,covariate_shift,0.4,test_only,False,low,True,ok,,0.9309309309309308,0.8600280504908836,0.284032839268011,0.4097727686615716,0.1248044557608236,0.2927567355608127,776,catboost_cal,0.353469215551828,True,utility_gap;ece,
pc1,tabpfn_client,icl,covariate_shift,0.0,test_only,False,high,True,ok,,0.927927927927928,0.879242636746143,0.1857120761966788,0.2679258913621419,0.020162301168825,0.3625138844079316,776,catboost_cal,0.353469215551828,False,,
pc1,tabpfn_client,icl,covariate_shift,0.05,test_only,False,low,True,ok,,0.933933933933934,0.8622720897615708,0.2117772274143835,0.3055299557639453,0.0694280439399399,0.3363407259894682,776,catboost_cal,0.353469215551828,False,,
pc1,tabpfn_client,icl,covariate_shift,0.1,test_only,False,low,True,ok,,0.9309309309309308,0.8580645161290322,0.2230835221897775,0.3218414911672351,0.056666766243834,0.3320764196858635,776,catboost_cal,0.353469215551828,False,,
pc1,tabpfn_client,icl,covariate_shift,0.2,test_only,False,low,True,ok,,0.927927927927928,0.8517531556802244,0.269740912461492,0.3891538767330585,0.1062123036784717,0.2993141699216557,776,catboost_cal,0.353469215551828,True,utility_gap;ece,
pc1,tabpfn_client,icl,covariate_shift,0.3,test_only,False,low,True,ok,,0.9129129129129128,0.8433380084151474,0.2967682528952938,0.4281460867453222,0.1236722178299476,0.2789269702926523,776,catboost_cal,0.353469215551828,True,utility_gap;ece,
pc1,tabpfn_client,icl,covariate_shift,0.4,test_only,False,low,True,ok,,0.8918918918918919,0.844179523141655,0.3666687790628214,0.5289912292027436,0.1597924253255766,0.2385907630574245,776,catboost_cal,0.353469215551828,True,utility_gap;ece,
pc1,tabicl,icl,label_noise,0.0,train_only,False,high,True,ok,,0.924924924924925,0.8862552594670406,0.1805333797732147,0.2604546117137407,0.0341191718079533,0.36396786167649,776,catboost_cal,0.353469215551828,False,,
pc1,tabicl,icl,label_noise,0.05,train_only,False,high,True,ok,,0.927927927927928,0.8744740532959326,0.1987135810919291,0.2866830979986131,0.0529310980709783,0.3486639588289859,776,catboost_cal,0.353469215551828,False,,
pc1,tabicl,icl,label_noise,0.1,train_only,False,high,True,ok,,0.9309309309309308,0.8481065918653576,0.2380499470109514,0.3434334780365802,0.0681539382329368,0.3198161157349534,776,catboost_cal,0.353469215551828,True,utility_gap,
pc1,tabicl,icl,label_noise,0.2,train_only,False,high,True,ok,,0.924924924924925,0.7451612903225806,0.3284792921867903,0.4738954458725992,0.1531168723928274,0.2267531821112967,776,catboost_cal,0.353469215551828,True,utility_gap;ece,
pc1,tabicl,icl,label_noise,0.3,train_only,False,high,True,ok,,0.9309309309309308,0.7086956521739131,0.4275449140587965,0.6168169272699238,0.246682877217873,0.1533014642759574,776,catboost_cal,0.353469215551828,True,utility_gap;ece,
pc1,tabicl,icl,label_noise,0.4,train_only,False,high,True,ok,,0.9309309309309308,0.5531556802244039,0.5360600094160893,0.7733711172034832,0.329307091062722,0.0353713743445916,776,catboost_cal,0.353469215551828,True,utility_gap;ece;nll,
pc1,tabpfn_client,icl,label_noise,0.0,train_only,False,high,True,ok,,0.927927927927928,0.879242636746143,0.1857120761966788,0.2679258913621419,0.020162301168825,0.3625138844079316,776,catboost_cal,0.353469215551828,False,,
pc1,tabpfn_client,icl,label_noise,0.05,train_only,False,high,True,ok,,0.933933933933934,0.8938288920056101,0.1996388694329263,0.2880180068995621,0.0496735048620907,0.3565900992497668,776,catboost_cal,0.353469215551828,False,,
pc1,tabpfn_client,icl,label_noise,0.1,train_only,False,high,True,ok,,0.9309309309309308,0.85273492286115,0.2507663312699796,0.3617793425451185,0.0712056772469472,0.3153219244281171,776,catboost_cal,0.353469215551828,True,utility_gap,
pc1,tabpfn_client,icl,label_noise,0.2,train_only,False,high,True,ok,,0.9129129129129128,0.7140252454417952,0.3365709613567141,0.4855692568565625,0.1493770423201063,0.2112995873205752,776,catboost_cal,0.353469215551828,True,utility_gap;ece,
pc1,tabpfn_client,icl,label_noise,0.3,train_only,False,high,True,ok,,0.90990990990991,0.7010518934081347,0.436546474182604,0.6298034334208047,0.2405713994004254,0.1447993392730071,776,catboost_cal,0.353469215551828,True,utility_gap;ece,
pc1,tabpfn_client,icl,label_noise,0.4,train_only,False,high,True,ok,,0.9009009009009008,0.5115007012622721,0.5386772607665006,0.7771470127474813,0.2915059683171437,0.0227150830892572,776,catboost_cal,0.353469215551828,True,utility_gap;ece;nll,
splice,tabicl,icl,covariate_shift,0.0,test_only,False,high,True,ok,,0.962382445141066,0.9965408883739212,0.0985433978896924,0.0896980662842943,0.0142612153064709,0.4633850147554497,2233,xgboost_cal,0.4515966113558471,False,,
splice,tabicl,icl,covariate_shift,0.05,test_only,False,high,True,ok,,0.9634273772204808,0.9966852006122012,0.0981611494243841,0.0893501287368528,0.0143990357766547,0.4636690810209558,2233,xgboost_cal,0.4515966113558471,False,,
splice,tabicl,icl,covariate_shift,0.1,test_only,False,high,True,ok,,0.9644723092998956,0.9965754677979164,0.101039940472942,0.0919705172745124,0.013867360269844,0.4631076328879325,2233,xgboost_cal,0.4515966113558471,False,,
splice,tabicl,icl,covariate_shift,0.2,test_only,False,high,True,ok,,0.9655172413793104,0.9964925409563214,0.0990133515622431,0.0901258365517473,0.0102702607076355,0.4645081724345578,2233,xgboost_cal,0.4515966113558471,False,,
splice,tabicl,icl,covariate_shift,0.3,test_only,False,high,True,ok,,0.9634273772204808,0.9965042633048456,0.1021771658585188,0.0930056644299803,0.0129030336010348,0.462808292690567,2233,xgboost_cal,0.4515966113558471,False,,
splice,tabicl,icl,covariate_shift,0.4,test_only,False,high,True,ok,,0.9655172413793104,0.996546217078802,0.10000959305062,0.0910326546336611,0.0100725956887668,0.4642944466566255,2233,xgboost_cal,0.4515966113558471,False,,
splice,tabpfn_client,icl,covariate_shift,0.0,test_only,False,high,True,ok,,0.962382445141066,0.9943898454418876,0.1109506958074047,0.1009916755454416,0.0123359246504302,0.4596291250821019,2233,xgboost_cal,0.4515966113558471,False,,
splice,tabpfn_client,icl,covariate_shift,0.05,test_only,False,high,True,ok,,0.9644723092998956,0.9934171803141076,0.1234312009744469,0.1123519209166023,0.0156786447370721,0.4555255542825268,2233,xgboost_cal,0.4515966113558471,False,,
splice,tabpfn_client,icl,covariate_shift,0.1,test_only,False,high,True,ok,,0.9655172413793104,0.9941604283516622,0.1149550128284626,0.104636561973858,0.0120093369199048,0.45899090015384,2233,xgboost_cal,0.4515966113558471,False,,
splice,tabpfn_client,icl,covariate_shift,0.2,test_only,False,high,True,ok,,0.9655172413793104,0.993937947402133,0.1182387646354054,0.107625561679044,0.0131775749864142,0.457782684296647,2233,xgboost_cal,0.4515966113558471,False,,
splice,tabpfn_client,icl,covariate_shift,0.3,test_only,False,high,True,ok,,0.9655172413793104,0.99434838202109,0.1123921496847398,0.1023037434079653,0.0099967573144184,0.4601590454290047,2233,xgboost_cal,0.4515966113558471,False,,
splice,tabpfn_client,icl,covariate_shift,0.4,test_only,False,high,True,ok,,0.9655172413793104,0.9949214835290876,0.107567124668282,0.0979118163685296,0.0141098050042108,0.4608545995306762,2233,xgboost_cal,0.4515966113558471,False,,
splice,tabicl,icl,label_noise,0.0,train_only,False,high,True,ok,,0.962382445141066,0.9965408883739212,0.0985433978896924,0.0896980662842943,0.0142612153064709,0.4633850147554497,2233,xgboost_cal,0.4515966113558471,False,,
splice,tabicl,icl,label_noise,0.05,train_only,False,high,True,ok,,0.9644723092998956,0.9963994400387532,0.1246148095775928,0.1134292878961587,0.0381640951070365,0.4517490450182929,2233,xgboost_cal,0.4515966113558471,False,,
splice,tabicl,icl,label_noise,0.1,train_only,False,high,True,ok,,0.962382445141066,0.995963444883964,0.162276850907707,0.1477107552696697,0.0792888372655379,0.4327735784465387,2233,xgboost_cal,0.4515966113558471,False,,
splice,tabicl,icl,label_noise,0.2,train_only,False,high,True,ok,,0.9613375130616508,0.9960428620403722,0.2567163372740833,0.2336732803028358,0.1609101971876509,0.3905316051449969,2233,xgboost_cal,0.4515966113558471,True,utility_gap;ece,
splice,tabicl,icl,label_noise,0.3,train_only,False,high,True,ok,,0.960292580982236,0.9940048279630536,0.3740888098064873,0.3405103089280111,0.2471353809360437,0.340365408068792,2233,xgboost_cal,0.4515966113558471,True,utility_gap;ece,
splice,tabicl,icl,label_noise,0.4,train_only,False,high,True,ok,,0.955067920585162,0.9937818045164716,0.5257868983116503,0.47859185968972,0.3490130257639435,0.2777036566088345,2233,xgboost_cal,0.4515966113558471,True,utility_gap;ece,
splice,tabpfn_client,icl,label_noise,0.0,train_only,False,high,True,ok,,0.962382445141066,0.9943898454418876,0.1109506958074047,0.1009916755454416,0.0123359246504302,0.4596291250821019,2233,xgboost_cal,0.4515966113558471,False,,
splice,tabpfn_client,icl,label_noise,0.05,train_only,False,high,True,ok,,0.9582027168234064,0.9872364562351684,0.1677336680775833,0.1526777643102221,0.0430306654111365,0.434853704830526,2233,xgboost_cal,0.4515966113558471,False,,
splice,tabpfn_client,icl,label_noise,0.1,train_only,False,high,True,ok,,0.9519331243469176,0.9873690060142364,0.2040052530769431,0.1856935837885689,0.0738999680055237,0.4178810520193449,2233,xgboost_cal,0.4515966113558471,True,utility_gap,
splice,tabpfn_client,icl,label_noise,0.2,train_only,False,high,True,ok,,0.9634273772204808,0.9956428341393776,0.2776944550289417,0.2527683859841049,0.1774666244696141,0.3816652578426999,2233,xgboost_cal,0.4515966113558471,True,utility_gap;ece,
splice,tabpfn_client,icl,label_noise,0.3,train_only,False,high,True,ok,,0.962382445141066,0.9934278477515412,0.3962063224796698,0.360642536558558,0.2686604496380958,0.3301322625890126,2233,xgboost_cal,0.4515966113558471,True,utility_gap;ece,
splice,tabpfn_client,icl,label_noise,0.4,train_only,False,high,True,ok,,0.955067920585162,0.9934280182219646,0.5582794901961837,0.5081678913977993,0.3668273013047657,0.2651441667851689,2233,xgboost_cal,0.4515966113558471,True,utility_gap;ece,
steel-plates-fault,tabicl,icl,covariate_shift,0.0,test_only,True,low,True,ok,,1.0,1.0,4.644335088508698e-06,6.700359200418104e-06,4.644044615531584e-06,0.4999970610833167,1358,catboost_cal,0.4972392963919725,False,,
steel-plates-fault,tabicl,icl,covariate_shift,0.05,test_only,True,low,True,ok,,0.6535162950257289,0.854675034432577,0.7860809791691877,1.1340751303845278,0.2398813982886056,0.0089648875321818,1358,catboost_cal,0.4972392963919725,True,utility_gap;ece;nll,
steel-plates-fault,tabicl,icl,covariate_shift,0.1,test_only,True,low,True,ok,,0.6535162950257289,0.812478885683844,0.7637424796152057,1.1018474878570974,0.2204266982653727,0.0077554682330009,1358,catboost_cal,0.4972392963919725,True,utility_gap;ece;nll,
steel-plates-fault,tabicl,icl,covariate_shift,0.2,test_only,True,low,True,ok,,0.6535162950257289,0.8088342298796809,0.7195129118279644,1.0380377097497822,0.1870246161816978,0.0323031885504734,1358,catboost_cal,0.4972392963919725,True,utility_gap;ece;nll,
steel-plates-fault,tabicl,icl,covariate_shift,0.3,test_only,True,low,True,ok,,0.6535162950257289,0.6432395208024739,0.7156615432756035,1.0324813594386557,0.168183650033263,-0.020219861303524,1358,catboost_cal,0.4972392963919725,True,utility_gap;ece;nll,
steel-plates-fault,tabicl,icl,covariate_shift,0.4,test_only,True,low,True,ok,,0.6535162950257289,0.6338907512798524,0.7088403602731345,1.0226404725479974,0.1597780367808119,-0.0188585419187539,1358,catboost_cal,0.4972392963919725,True,utility_gap;ece;nll,
steel-plates-fault,tabpfn_client,icl,covariate_shift,0.0,test_only,True,low,True,ok,,1.0,1.0,1.3351529816472514e-05,1.9262185854506027e-05,1.3351433767572196e-05,0.49999155105749,1358,catboost_cal,0.4972392963919725,False,,
steel-plates-fault,tabpfn_client,icl,covariate_shift,0.05,test_only,True,low,True,ok,,0.346483704974271,0.7119747407811647,0.7478094276777353,1.0788609528406827,0.2761231733519558,-0.0777192055030476,1358,catboost_cal,0.4972392963919725,True,utility_gap;ece;nll,
steel-plates-fault,tabpfn_client,icl,covariate_shift,0.1,test_only,True,low,True,ok,,0.346483704974271,0.6519191289207661,0.7795665673457153,1.1246768207524955,0.2823248811301839,-0.1137237715833766,1358,catboost_cal,0.4972392963919725,True,utility_gap;ece;nll,
steel-plates-fault,tabpfn_client,icl,covariate_shift,0.2,test_only,True,low,True,ok,,0.346483704974271,0.639432447181726,0.745428880686396,1.0754265495016744,0.2461626615409508,-0.0960865848989477,1358,catboost_cal,0.4972392963919725,True,utility_gap;ece;nll,
steel-plates-fault,tabpfn_client,icl,covariate_shift,0.3,test_only,True,low,True,ok,,0.346483704974271,0.6765936436163302,0.7686100642432843,1.1088699280611338,0.276764201584888,-0.0992334877234615,1358,catboost_cal,0.4972392963919725,True,utility_gap;ece;nll,
steel-plates-fault,tabpfn_client,icl,covariate_shift,0.4,test_only,True,low,True,ok,,0.353344768439108,0.6525947870377589,0.7828902504304682,1.1294718818563552,0.2816609534403954,-0.1137638645159038,1358,catboost_cal,0.4972392963919725,True,utility_gap;ece;nll,
steel-plates-fault,tabicl,icl,label_noise,0.0,train_only,True,low,True,ok,,1.0,1.0,4.644335088508698e-06,6.700359200418104e-06,4.644044615531584e-06,0.4999970610833167,1358,catboost_cal,0.4972392963919725,False,,
steel-plates-fault,tabicl,icl,label_noise,0.05,train_only,True,low,True,ok,,1.0,1.0,0.040591718467605,0.0585614709343747,0.0397080635261044,0.4744899460144667,1358,catboost_cal,0.4972392963919725,False,,
steel-plates-fault,tabicl,icl,label_noise,0.1,train_only,True,low,True,ok,,1.0,1.0,0.0892530344093985,0.1287649101267312,0.0849624371097583,0.4443780395400289,1358,catboost_cal,0.4972392963919725,True,utility_gap,
steel-plates-fault,tabicl,icl,label_noise,0.2,train_only,True,low,True,ok,,1.0,1.0,0.203003277175273,0.2928718212649741,0.182528108921594,0.3756328318361889,1358,catboost_cal,0.4972392963919725,True,utility_gap;ece,
steel-plates-fault,tabicl,icl,label_noise,0.3,train_only,True,low,True,ok,,0.9845626072041166,0.99890855227255,0.3654928307971228,0.5272946944714781,0.2852797051906423,0.2820580349964381,1358,catboost_cal,0.4972392963919725,True,utility_gap;ece,
steel-plates-fault,tabicl,icl,label_noise,0.4,train_only,True,low,True,ok,,0.7924528301886793,0.8573971570385385,0.6134998506193832,0.8850931920747039,0.2325608546015146,0.1069168009490762,1358,catboost_cal,0.4972392963919725,True,utility_gap;ece;nll,
steel-plates-fault,tabpfn_client,icl,label_noise,0.0,train_only,True,low,True,ok,,1.0,1.0,1.3351529816472514e-05,1.9262185854506027e-05,1.3351433767572196e-05,0.49999155105749,1358,catboost_cal,0.4972392963919725,False,,
steel-plates-fault,tabpfn_client,icl,label_noise,0.05,train_only,True,low,True,ok,,1.0,1.0,0.038918066108865,0.0561469009762485,0.038134173588998,0.4755290949893258,1358,catboost_cal,0.4972392963919725,False,,
steel-plates-fault,tabpfn_client,icl,label_noise,0.1,train_only,True,low,True,ok,,1.0,1.0,0.0867125060141563,0.1250997024096778,0.0829046318544707,0.4458891629062025,1358,catboost_cal,0.4972392963919725,True,utility_gap,
steel-plates-fault,tabpfn_client,icl,label_noise,0.2,train_only,True,low,True,ok,,1.0,1.0,0.1981295598490989,0.2858405334478081,0.1796271195416661,0.3783224160573243,1358,catboost_cal,0.4972392963919725,True,utility_gap;ece,
steel-plates-fault,tabpfn_client,icl,label_noise,0.3,train_only,True,low,True,ok,,1.0,1.0,0.3379399892994931,0.4875443466804481,0.2864966333451452,0.2964373693268365,1358,catboost_cal,0.4972392963919725,True,utility_gap;ece,
steel-plates-fault,tabpfn_client,icl,label_noise,0.4,train_only,True,low,True,ok,,0.9965694682675816,0.9999610197240196,0.5688247226161155,0.82064060645331,0.429867344067557,0.1673061263940397,1358,catboost_cal,0.4972392963919725,True,utility_gap;ece;nll,
vehicle,tabicl,icl,covariate_shift,0.0,test_only,True,low,True,ok,,0.889763779527559,0.9723430588356576,0.2610534488790928,0.1883102580524139,0.043879798411061,0.4085156004236775,592,catboost_cal,0.3072816026080121,False,,
vehicle,tabicl,icl,covariate_shift,0.05,test_only,True,low,True,ok,,0.8188976377952756,0.9473561999468724,0.4045001748459844,0.2917851981445101,0.0750099558371343,0.3518717650399167,592,catboost_cal,0.3072816026080121,False,,
vehicle,tabicl,icl,covariate_shift,0.1,test_only,True,low,True,ok,,0.7086614173228346,0.9383216079177148,0.5367636964486133,0.3871931614978217,0.055798983412513,0.3073940302377762,592,catboost_cal,0.3072816026080121,False,,
vehicle,tabicl,icl,covariate_shift,0.2,test_only,True,low,True,ok,,0.5866141732283464,0.9287137115342656,0.7858791688721785,0.5668919898349161,0.1356751949015494,0.2158392890904602,592,catboost_cal,0.3072816026080121,True,utility_gap;ece,
vehicle,tabicl,icl,covariate_shift,0.3,test_only,True,low,True,ok,,0.5393700787401575,0.8971547897473274,0.9698846410915644,0.6996238809685861,0.151780368391439,0.1546664502537245,592,catboost_cal,0.3072816026080121,True,utility_gap;ece,
vehicle,tabicl,icl,covariate_shift,0.4,test_only,True,low,True,ok,,0.4763779527559055,0.8334294888702614,1.170834373075894,0.8445784718694654,0.0856100839832881,0.09266145566048,592,catboost_cal,0.3072816026080121,True,utility_gap;nll,
vehicle,tabpfn_client,icl,covariate_shift,0.0,test_only,True,low,True,ok,,0.8661417322834646,0.9714403820902652,0.2550695237661204,0.1839937685096458,0.0205773366180818,0.4106117956976023,592,catboost_cal,0.3072816026080121,False,,
vehicle,tabpfn_client,icl,covariate_shift,0.05,test_only,True,low,True,ok,,0.8188976377952756,0.9506689391155106,0.3687050808505342,0.265964495846815,0.0394055865239158,0.3678983083008924,592,catboost_cal,0.3072816026080121,False,,
vehicle,tabpfn_client,icl,covariate_shift,0.1,test_only,True,low,True,ok,,0.6850393700787402,0.9444091539323074,0.596304896038057,0.4301430581859569,0.1081563404012397,0.2826249238520836,592,catboost_cal,0.3072816026080121,True,ece,
vehicle,tabpfn_client,icl,covariate_shift,0.2,test_only,True,low,True,ok,,0.5669291338582677,0.891211406129127,1.0240071695571948,0.7386650326774544,0.1785363800859735,0.1396565764035035,592,catboost_cal,0.3072816026080121,True,utility_gap;ece,
vehicle,tabpfn_client,icl,covariate_shift,0.3,test_only,True,low,True,ok,,0.5196850393700787,0.8582473756665376,1.0545143009619895,0.7606712762721771,0.1089180077671573,0.1283543529537154,592,catboost_cal,0.3072816026080121,True,utility_gap;ece;nll,
vehicle,tabpfn_client,icl,covariate_shift,0.4,test_only,True,low,True,ok,,0.468503937007874,0.8070560789329864,1.234330803598186,0.8903814645837962,0.1161103549921439,0.0624087078041586,592,catboost_cal,0.3072816026080121,True,utility_gap;ece;nll,
vehicle,tabicl,icl,label_noise,0.0,train_only,True,low,True,ok,,0.889763779527559,0.9723430588356576,0.2610534488790928,0.1883102580524139,0.043879798411061,0.4085156004236775,592,catboost_cal,0.3072816026080121,False,,
vehicle,tabicl,icl,label_noise,0.05,train_only,True,low,True,ok,,0.8700787401574803,0.9692048770078392,0.3019795335724842,0.2178321877674926,0.0704140038927968,0.3903010608675585,592,catboost_cal,0.3072816026080121,False,,
vehicle,tabicl,icl,label_noise,0.1,train_only,True,low,True,ok,,0.8307086614173228,0.9606499905744514,0.3691940485447245,0.2663172114805966,0.0687240794049603,0.3671938165884853,592,catboost_cal,0.3072816026080121,False,,
vehicle,tabicl,icl,label_noise,0.2,train_only,True,low,True,ok,,0.8503937007874016,0.9622905436130308,0.4632996925789891,0.3342000844645444,0.1611555964853178,0.331869600746244,592,catboost_cal,0.3072816026080121,True,ece,
vehicle,tabicl,icl,label_noise,0.3,train_only,True,low,True,ok,,0.8070866141732284,0.9399983759596144,0.6353181832998097,0.4582851962166104,0.2155768281297401,0.2694614992209181,592,catboost_cal,0.3072816026080121,True,utility_gap;ece,
vehicle,tabicl,icl,label_noise,0.4,train_only,True,low,True,ok,,0.7480314960629921,0.9243810164474926,0.8492307528144191,0.6125904978278818,0.2639811507027389,0.1991647006771588,592,catboost_cal,0.3072816026080121,True,utility_gap;ece,
vehicle,tabpfn_client,icl,label_noise,0.0,train_only,True,low,True,ok,,0.8661417322834646,0.9714403820902652,0.2550695237661204,0.1839937685096458,0.0205773366180818,0.4106117956976023,592,catboost_cal,0.3072816026080121,False,,
vehicle,tabpfn_client,icl,label_noise,0.05,train_only,True,low,True,ok,,0.8543307086614174,0.9676334408348278,0.3112355930102996,0.2245090232920475,0.0758618403189396,0.3842962355400001,592,catboost_cal,0.3072816026080121,False,,
vehicle,tabpfn_client,icl,label_noise,0.1,train_only,True,low,True,ok,,0.8188976377952756,0.9616494884697204,0.3748984512935508,0.2704320682590792,0.0956922143160105,0.3591439032927676,592,catboost_cal,0.3072816026080121,False,,
vehicle,tabpfn_client,icl,label_noise,0.2,train_only,True,low,True,ok,,0.8110236220472441,0.95459056722452,0.4920513669644373,0.3549400334911146,0.1561506664908404,0.3180480984901661,592,catboost_cal,0.3072816026080121,True,ece,
vehicle,tabpfn_client,icl,label_noise,0.3,train_only,True,low,True,ok,,0.7677165354330708,0.938438261590264,0.6557884432908787,0.473051367504022,0.1984591778270387,0.2620036260549387,592,catboost_cal,0.3072816026080121,True,utility_gap;ece,
vehicle,tabpfn_client,icl,label_noise,0.4,train_only,True,low,True,ok,,0.7677165354330708,0.929659022100227,0.8778734640523034,0.6332518465581369,0.3179651732747366,0.1869695494276517,592,catboost_cal,0.3072816026080121,True,utility_gap;ece,
wdbc,tabicl,icl,covariate_shift,0.0,test_only,True,low,True,ok,,0.9824561403508772,0.9988317757009346,0.0503142135665249,0.0725880663986537,0.0221651050322337,0.4707501016219159,398,xgboost_cal,0.4253806369983946,False,,
wdbc,tabicl,icl,covariate_shift,0.05,test_only,True,low,True,ok,,0.9473684210526316,0.9995619158878504,0.1048649353548134,0.1512881221995311,0.0522954562273273,0.4361064058133176,398,xgboost_cal,0.4253806369983946,False,,
wdbc,tabicl,icl,covariate_shift,0.1,test_only,True,low,True,ok,,0.8070175438596491,0.9994158878504672,0.4675359184183618,0.6745117509396377,0.1181778225681465,0.2448591025310902,398,xgboost_cal,0.4253806369983946,True,utility_gap;ece,
wdbc,tabicl,icl,covariate_shift,0.2,test_only,True,low,True,ok,,0.5497076023391813,0.9928446261682242,1.7285783650977158,2.4938114351144267,0.3710439485417617,-0.3924004607329246,398,xgboost_cal,0.4253806369983946,True,utility_gap;ece;nll,
wdbc,tabicl,icl,covariate_shift,0.3,test_only,True,low,True,ok,,0.3859649122807017,0.9433411214953272,3.337801095657224,4.815429088178426,0.5782938547432165,-1.1722233680367014,398,xgboost_cal,0.4253806369983946,True,utility_gap;ece;nll,
wdbc,tabicl,icl,covariate_shift,0.4,test_only,True,low,True,ok,,0.3742690058479532,0.7875292056074767,4.594674725033768,6.628714440304078,0.6158855143487066,-1.7800158621211546,398,xgboost_cal,0.4253806369983946,True,utility_gap;ece;nll,
wdbc,tabpfn_client,icl,covariate_shift,0.0,test_only,True,low,True,ok,,0.9824561403508772,0.9988317757009346,0.0492037455806851,0.0709859997424167,0.013860793295036,0.4728915839662265,398,xgboost_cal,0.4253806369983946,False,,
wdbc,tabpfn_client,icl,covariate_shift,0.05,test_only,True,low,True,ok,,0.953216374269006,0.9995619158878504,0.1042184447094578,0.1503554333514954,0.0246721923647588,0.4427880582226981,398,xgboost_cal,0.4253806369983946,False,,
wdbc,tabpfn_client,icl,covariate_shift,0.1,test_only,True,low,True,ok,,0.7894736842105263,0.999123831775701,0.5151110003584037,0.7431480857244221,0.1241623729451506,0.2203374934467174,398,xgboost_cal,0.4253806369983946,True,utility_gap;ece,
wdbc,tabpfn_client,icl,covariate_shift,0.2,test_only,True,low,True,ok,,0.4502923976608187,0.9986857476635514,1.869233205555625,2.696733475920081,0.4651048605862988,-0.4849571435619184,398,xgboost_cal,0.4253806369983946,True,utility_gap;ece;nll,
wdbc,tabpfn_client,icl,covariate_shift,0.3,test_only,True,low,True,ok,,0.3742690058479532,0.9896320093457944,3.635604873445102,5.245069121550996,0.6078626265452952,-1.2925817076261366,398,xgboost_cal,0.4253806369983946,True,utility_gap;ece;nll,
wdbc,tabpfn_client,icl,covariate_shift,0.4,test_only,True,low,True,ok,,0.3742690058479532,0.8700350467289719,5.054160160829028,7.291611799886605,0.62205543158021,-1.9512420090496896,398,xgboost_cal,0.4253806369983946,True,utility_gap;ece;nll,
wdbc,tabicl,icl,label_noise,0.0,train_only,True,low,True,ok,,0.9824561403508772,0.9988317757009346,0.0503142135665249,0.0725880663986537,0.0221651050322337,0.4707501016219159,398,xgboost_cal,0.4253806369983946,False,,
wdbc,tabicl,icl,label_noise,0.05,train_only,True,low,True,ok,,0.9766081871345028,0.9963492990654206,0.1094785781299267,0.1579442017516202,0.0579925681935993,0.4362317085788667,398,xgboost_cal,0.4253806369983946,False,,
wdbc,tabicl,icl,label_noise,0.1,train_only,True,low,True,ok,,0.9766081871345028,0.9970794392523364,0.1490879181631837,0.2150884001904847,0.0904038814584584,0.412861735459656,398,xgboost_cal,0.4253806369983946,False,,
wdbc,tabicl,icl,label_noise,0.2,train_only,True,low,True,ok,,0.935672514619883,0.989339953271028,0.2861949149794558,0.4128919845684995,0.1951825182631452,0.3237157618146633,398,xgboost_cal,0.4253806369983946,True,utility_gap;ece,
wdbc,tabicl,icl,label_noise,0.3,train_only,True,low,True,ok,,0.912280701754386,0.9745911214953272,0.4191623539433975,0.604723449361484,0.2335834059627146,0.2498152817855342,398,xgboost_cal,0.4253806369983946,True,utility_gap;ece,
wdbc,tabicl,icl,label_noise,0.4,train_only,True,low,True,ok,,0.8538011695906432,0.9499123831775702,0.5317270601633992,0.7671199928042035,0.2547523911304152,0.1794530334834019,398,xgboost_cal,0.4253806369983946,True,utility_gap;ece;nll,
wdbc,tabpfn_client,icl,label_noise,0.0,train_only,True,low,True,ok,,0.9824561403508772,0.9988317757009346,0.0492037455806851,0.0709859997424167,0.013860793295036,0.4728915839662265,398,xgboost_cal,0.4253806369983946,False,,
wdbc,tabpfn_client,icl,label_noise,0.05,train_only,True,low,True,ok,,0.9824561403508772,0.9976635514018692,0.1001663640123768,0.1445095166245347,0.0598496496317013,0.441227879129585,398,xgboost_cal,0.4253806369983946,False,,
wdbc,tabpfn_client,icl,label_noise,0.1,train_only,True,low,True,ok,,0.9707602339181286,0.9970794392523364,0.1433454570700758,0.2068037800489602,0.0853232168683262,0.4154860614376837,398,xgboost_cal,0.4253806369983946,False,,
wdbc,tabpfn_client,icl,label_noise,0.2,train_only,True,low,True,ok,,0.9298245614035088,0.984375,0.3064572176491579,0.4421243081470698,0.1895882862574175,0.3134499845149218,398,xgboost_cal,0.4253806369983946,True,utility_gap;ece,
wdbc,tabpfn_client,icl,label_noise,0.3,train_only,True,low,True,ok,,0.9064327485380116,0.976927570093458,0.4344992751377132,0.6268499495110282,0.26637251233464,0.2365600744931755,398,xgboost_cal,0.4253806369983946,True,utility_gap;ece,
wdbc,tabpfn_client,icl,label_noise,0.4,train_only,True,low,True,ok,,0.8771929824561403,0.9477219626168224,0.5818180519489313,0.8393860182464006,0.3102516274033892,0.1494155033297108,398,xgboost_cal,0.4253806369983946,True,utility_gap;ece;nll,
car,tabicl,icl,covariate_shift,0.0,test_only,True,low,True,ok,,0.9942196531791908,0.9999642655813163,0.0169991485751275,0.0122622936743355,0.0086028071222874,0.4937211914035812,1209,xgboost_cal,0.4734854435065447,False,,
car,tabicl,icl,covariate_shift,0.05,test_only,True,low,True,ok,,0.9942196531791908,0.9999382492853782,0.0168565214659424,0.0121594099627767,0.0113010389889219,0.4932033044401435,1209,xgboost_cal,0.4734854435065447,False,,
car,tabicl,icl,covariate_shift,0.1,test_only,True,low,True,ok,,0.9942196531791908,0.99995880698116,0.0131904896835433,0.0095149270266725,0.0089795522600208,0.4944681418602786,1209,xgboost_cal,0.4734854435065447,False,,
car,tabicl,icl,covariate_shift,0.2,test_only,True,low,True,ok,,0.9942196531791908,0.9999535036355568,0.0171983503471725,0.0124059873786684,0.0082204423099537,0.4937507895737321,1209,xgboost_cal,0.4734854435065447,False,,
car,tabicl,icl,covariate_shift,0.3,test_only,True,low,True,ok,,0.9922928709055876,0.9999372830896404,0.0173463274698526,0.0125127303091962,0.008497594814562,0.4933686416615409,1209,xgboost_cal,0.4734854435065447,False,,
car,tabicl,icl,covariate_shift,0.4,test_only,True,low,True,ok,,0.9942196531791908,0.99996418795404,0.0158361581963962,0.011423373448337,0.0088971933881399,0.4939139630486634,1209,xgboost_cal,0.4734854435065447,False,,
car,tabpfn_client,icl,covariate_shift,0.0,test_only,True,low,True,ok,,1.0,1.0,0.0078520539741505,0.0056640596646497,0.0072806503843098,0.4968446520237431,1209,xgboost_cal,0.4734854435065447,False,,
car,tabpfn_client,icl,covariate_shift,0.05,test_only,True,low,True,ok,,1.0,1.0,0.0090638467942733,0.0065381834107377,0.0080710097600836,0.4964243430247619,1209,xgboost_cal,0.4734854435065447,False,,
car,tabpfn_client,icl,covariate_shift,0.1,test_only,True,low,True,ok,,1.0,1.0,0.0090192901303504,0.0065060425716976,0.0082833686585187,0.4963915134967869,1209,xgboost_cal,0.4734854435065447,False,,
car,tabpfn_client,icl,covariate_shift,0.2,test_only,True,low,True,ok,,1.0,1.0,0.0088844751774264,0.0064087941396871,0.0081293130187099,0.4964514991543519,1209,xgboost_cal,0.4734854435065447,False,,
car,tabpfn_client,icl,covariate_shift,0.3,test_only,True,low,True,ok,,1.0,1.0,0.0086378037284934,0.0062308583016348,0.0078601891590597,0.4965587046776976,1209,xgboost_cal,0.4734854435065447,False,,
car,tabpfn_client,icl,covariate_shift,0.4,test_only,True,low,True,ok,,1.0,1.0,0.0088651544937623,0.0063948572124327,0.008152553319349,0.4964510321724004,1209,xgboost_cal,0.4734854435065447,False,,
car,tabicl,icl,label_noise,0.0,train_only,True,low,True,ok,,0.9942196531791908,0.9999642655813163,0.0169991485751275,0.0122622936743355,0.0086028071222874,0.4937211914035812,1209,xgboost_cal,0.4734854435065447,False,,
car,tabicl,icl,label_noise,0.05,train_only,True,low,True,ok,,0.9903660886319846,0.9997523558060812,0.062658707912078,0.0451987035866325,0.0413376195280079,0.4766411028453347,1209,xgboost_cal,0.4734854435065447,False,,
car,tabicl,icl,label_noise,0.1,train_only,True,low,True,ok,,0.97495183044316,0.9990181412170162,0.1336924538340619,0.0964387200753389,0.0787432116625599,0.4512188656373159,1209,xgboost_cal,0.4734854435065447,False,,
car,tabicl,icl,label_noise,0.2,train_only,True,low,True,ok,,0.9807321772639692,0.9987557534040106,0.2506444278333956,0.1808017365308457,0.1859878433507628,0.4052362506515927,1209,xgboost_cal,0.4734854435065447,True,utility_gap;ece,
car,tabicl,icl,label_noise,0.3,train_only,True,low,True,ok,,0.9614643545279384,0.9958801787900684,0.419711963189278,0.3027581839474713,0.2805520330121148,0.3458398539690503,1209,xgboost_cal,0.4734854435065447,True,utility_gap;ece,
car,tabicl,icl,label_noise,0.4,train_only,True,low,True,ok,,0.8978805394990366,0.986954576008362,0.6374246512075944,0.4598046916187868,0.3298896916027976,0.2761968367215866,1209,xgboost_cal,0.4734854435065447,True,utility_gap;ece,
car,tabpfn_client,icl,label_noise,0.0,train_only,True,low,True,ok,,1.0,1.0,0.0078520539741505,0.0056640596646497,0.0072806503843098,0.4968446520237431,1209,xgboost_cal,0.4734854435065447,False,,
car,tabpfn_client,icl,label_noise,0.05,train_only,True,low,True,ok,,0.9865125240847784,0.9996332248237834,0.0801065172258969,0.0577846375723438,0.0560336690734896,0.4693063822146398,1209,xgboost_cal,0.4734854435065447,False,,
car,tabpfn_client,icl,label_noise,0.1,train_only,True,low,True,ok,,0.9672447013487476,0.9988836279610482,0.1519615432548555,0.1096170824298069,0.0958663907005729,0.4426375721196223,1209,xgboost_cal,0.4734854435065447,True,utility_gap,
car,tabpfn_client,icl,label_noise,0.2,train_only,True,low,True,ok,,0.9807321772639692,0.9984129808901716,0.2681379174755997,0.1934206219081709,0.196214802888939,0.3992852227509163,1209,xgboost_cal,0.4734854435065447,True,utility_gap;ece,
car,tabpfn_client,icl,label_noise,0.3,train_only,True,low,True,ok,,0.953757225433526,0.9958204442250363,0.4298997838689665,0.3101071431334976,0.2816399510990756,0.3422406061339272,1209,xgboost_cal,0.4734854435065447,True,utility_gap;ece,
car,tabpfn_client,icl,label_noise,0.4,train_only,True,low,True,ok,,0.8882466281310212,0.9841948535788844,0.6496013558208252,0.4685883272987258,0.3321161009761731,0.2707054745874103,1209,xgboost_cal,0.4734854435065447,True,utility_gap;ece,
churn,tabicl,icl,covariate_shift,0.0,test_only,True,low,True,ok,,0.9673333333333334,0.9194139663658736,0.1272211698262235,0.1835413508043852,0.0112177444863734,0.4095889340894655,3500,catboost_cal,0.3945644947673971,False,,
churn,tabicl,icl,covariate_shift,0.05,test_only,True,low,True,ok,,0.956,0.9177293302472752,0.1705319849974762,0.2460256490688101,0.0341256533811647,0.3839724401896703,3500,catboost_cal,0.3945644947673971,False,,
churn,tabicl,icl,covariate_shift,0.1,test_only,True,low,True,ok,,0.9213333333333332,0.8935456463143091,0.2213417631636995,0.3193286640578887,0.0294075244074618,0.3492608721111492,3500,catboost_cal,0.3945644947673971,True,utility_gap,
churn,tabicl,icl,covariate_shift,0.2,test_only,True,low,True,ok,,0.8346666666666667,0.8407249794913865,0.3667395250153761,0.5290932940376571,0.0593083542483684,0.2488640837610144,3500,catboost_cal,0.3945644947673971,True,utility_gap,
churn,tabicl,icl,covariate_shift,0.3,test_only,True,low,True,ok,,0.71,0.7720449285128326,0.6193089076220791,0.8934738898047347,0.1477007263205609,0.0791334127739587,3500,catboost_cal,0.3945644947673971,True,utility_gap;ece;nll,
churn,tabicl,icl,covariate_shift,0.4,test_only,True,low,True,ok,,0.5866666666666667,0.7257558889019102,0.83137093031456,1.1994147183040598,0.2511836038540187,-0.0680465751463531,3500,catboost_cal,0.3945644947673971,True,utility_gap;ece;nll,
churn,tabpfn_client,icl,covariate_shift,0.0,test_only,True,low,True,ok,,0.9733333333333334,0.930464813078636,0.1166658698011508,0.1683132718031177,0.011105203624306,0.418947662311726,3500,catboost_cal,0.3945644947673971,False,,
churn,tabpfn_client,icl,covariate_shift,0.05,test_only,True,low,True,ok,,0.9546666666666668,0.9225104007969062,0.1557369930310229,0.2246809875288158,0.0151189320034271,0.3956505576195869,3500,catboost_cal,0.3945644947673971,False,,
churn,tabpfn_client,icl,covariate_shift,0.1,test_only,True,low,True,ok,,0.9126666666666666,0.874736317824915,0.2541131028153093,0.3666077132565541,0.0434492472435272,0.3243855478130485,3500,catboost_cal,0.3945644947673971,True,utility_gap,
churn,tabpfn_client,icl,covariate_shift,0.2,test_only,True,low,True,ok,,0.806,0.7559218621821164,0.5852160711054352,0.8442883236323343,0.1394533986990744,0.1042954749342255,3500,catboost_cal,0.3945644947673971,True,utility_gap;ece;nll,
churn,tabpfn_client,icl,covariate_shift,0.3,test_only,True,low,True,ok,,0.6586666666666666,0.6917555373256767,1.0880287119136878,1.569693627022684,0.2776020802333711,-0.1855140660894925,3500,catboost_cal,0.3945644947673971,True,utility_gap;ece;nll,
churn,tabpfn_client,icl,covariate_shift,0.4,test_only,True,low,True,ok,,0.5373333333333333,0.6716094866986991,1.290807764532698,1.862241960632292,0.3758937826796448,-0.3181880243810718,3500,catboost_cal,0.3945644947673971,True,utility_gap;ece;nll,
churn,tabicl,icl,label_noise,0.0,train_only,True,low,True,ok,,0.9673333333333334,0.9194139663658736,0.1272211698262235,0.1835413508043852,0.0112177444863734,0.4095889340894655,3500,catboost_cal,0.3945644947673971,False,,
churn,tabicl,icl,label_noise,0.05,train_only,True,low,True,ok,,0.9506666666666668,0.9122853920075004,0.1661059940102199,0.2396402938204761,0.0370089171338484,0.3826060156297126,3500,catboost_cal,0.3945644947673971,False,,
churn,tabicl,icl,label_noise,0.1,train_only,True,low,True,ok,,0.948,0.9175187507324504,0.2075632233714413,0.2994504330289066,0.0753813342580348,0.3584201659960787,3500,catboost_cal,0.3945644947673971,True,utility_gap,
churn,tabicl,icl,label_noise,0.2,train_only,True,low,True,ok,,0.4606666666666666,0.6921895142388375,1.1938715223831466,1.7223925248007228,0.351706830472535,-0.2756927935511307,3500,catboost_cal,0.3945644947673971,True,utility_gap;ece;nll,
churn,tabicl,icl,label_noise,0.3,train_only,True,low,True,ok,,0.9146666666666666,0.8852378266729168,0.430516022898615,0.6211033312590714,0.243124802314823,0.2120772794948348,3500,catboost_cal,0.3945644947673971,True,utility_gap;ece,
churn,tabicl,icl,label_noise,0.4,train_only,True,low,True,ok,,0.8726666666666667,0.848763623579046,0.5700050673965269,0.8223434840145487,0.2907125963887804,0.1231217037705453,3500,catboost_cal,0.3945644947673971,True,utility_gap;ece;nll,
churn,tabpfn_client,icl,label_noise,0.0,train_only,True,low,True,ok,,0.9733333333333334,0.930464813078636,0.1166658698011508,0.1683132718031177,0.011105203624306,0.418947662311726,3500,catboost_cal,0.3945644947673971,False,,
churn,tabpfn_client,icl,label_noise,0.05,train_only,True,low,True,ok,,0.9706666666666668,0.9299887202625104,0.1383858510229633,0.199648581000028,0.0424329342076481,0.4027148909503406,3500,catboost_cal,0.3945644947673971,False,,
churn,tabpfn_client,icl,label_noise,0.1,train_only,True,low,True,ok,,0.958,0.9314169987108872,0.1880989066853184,0.2713693598715447,0.0826572475786345,0.37175369207162,3500,catboost_cal,0.3945644947673971,False,,
churn,tabpfn_client,icl,label_noise,0.2,train_only,True,low,True,ok,,0.9533333333333334,0.9282161900855502,0.2934036848742272,0.4232920411465957,0.1772970699144562,0.3054286402030725,3500,catboost_cal,0.3945644947673971,True,utility_gap;ece,
churn,tabpfn_client,icl,label_noise,0.3,train_only,True,low,True,ok,,0.9186666666666666,0.9048510195710768,0.4279232241935607,0.6173627134252663,0.243554289094611,0.2205781850033747,3500,catboost_cal,0.3945644947673971,True,utility_gap;ece,
churn,tabpfn_client,icl,label_noise,0.4,train_only,True,low,True,ok,,0.872,0.827669049572249,0.5746352003115434,0.8290233538096997,0.290617004068693,0.1136537603936386,3500,catboost_cal,0.3945644947673971,True,utility_gap;ece;nll,
credit-approval,tabicl,icl,covariate_shift,0.0,test_only,True,low,True,ok,,0.8647342995169082,0.947164461247637,0.2951317983412698,0.4257851818755916,0.0505861561145607,0.3233649205786195,483,catboost_cal,0.2897847195374508,False,,
credit-approval,tabicl,icl,covariate_shift,0.05,test_only,True,low,True,ok,,0.855072463768116,0.9390359168241968,0.3742113886033651,0.5398729145822476,0.0819273956271384,0.2785760869535843,483,catboost_cal,0.2897847195374508,False,,
credit-approval,tabicl,icl,covariate_shift,0.1,test_only,True,low,True,ok,,0.855072463768116,0.9392249527410208,0.4212834135646072,0.6077834915584331,0.0927476617271265,0.2561050232116195,483,catboost_cal,0.2897847195374508,True,utility_gap,
credit-approval,tabicl,icl,covariate_shift,0.2,test_only,True,low,True,ok,,0.855072463768116,0.933742911153119,0.4840128716828514,0.698282969703276,0.0873975188906495,0.2281064937796963,483,catboost_cal,0.2897847195374508,True,utility_gap,
credit-approval,tabicl,icl,covariate_shift,0.3,test_only,True,low,True,ok,,0.855072463768116,0.929773156899811,0.5244909572393766,0.7566805030003539,0.0929113790542967,0.2080950477691857,483,catboost_cal,0.2897847195374508,True,utility_gap;nll,
credit-approval,tabicl,icl,covariate_shift,0.4,test_only,True,low,True,ok,,0.855072463768116,0.9280718336483932,0.5283693698369114,0.7622758696213388,0.1257757967597316,0.199248091103807,483,catboost_cal,0.2897847195374508,True,utility_gap;ece;nll,
credit-approval,tabpfn_client,icl,covariate_shift,0.0,test_only,True,low,True,ok,,0.8647342995169082,0.9420604914933836,0.3116370933566079,0.4495972891426292,0.0313728983356666,0.3182775505402984,483,catboost_cal,0.2897847195374508,False,,
credit-approval,tabpfn_client,icl,covariate_shift,0.05,test_only,True,low,True,ok,,0.855072463768116,0.9374291115311908,0.4114853894474061,0.5936479307540365,0.0914992487759756,0.2599668296197281,483,catboost_cal,0.2897847195374508,False,,
credit-approval,tabpfn_client,icl,covariate_shift,0.1,test_only,True,low,True,ok,,0.855072463768116,0.9332703213610586,0.455997093387812,0.657864745290378,0.0911818804865013,0.2393096823571742,483,catboost_cal,0.2897847195374508,True,utility_gap,
credit-approval,tabpfn_client,icl,covariate_shift,0.2,test_only,True,low,True,ok,,0.855072463768116,0.9276937618147448,0.5178048096875979,0.747034431084751,0.1003944663554097,0.2087644636038708,483,catboost_cal,0.2897847195374508,True,utility_gap;ece,
credit-approval,tabpfn_client,icl,covariate_shift,0.3,test_only,True,low,True,ok,,0.855072463768116,0.925047258979206,0.5448393359911907,0.7860370081157266,0.1139657988049629,0.1934231480122288,483,catboost_cal,0.2897847195374508,True,utility_gap;ece;nll,
credit-approval,tabpfn_client,icl,covariate_shift,0.4,test_only,True,low,True,ok,,0.855072463768116,0.9285444234404536,0.5480206328498056,0.7906266493172459,0.11507443435919,0.1930485361023644,483,catboost_cal,0.2897847195374508,True,utility_gap;ece;nll,
credit-approval,tabicl,icl,label_noise,0.0,train_only,True,low,True,ok,,0.8647342995169082,0.947164461247637,0.2951317983412698,0.4257851818755916,0.0505861561145607,0.3233649205786195,483,catboost_cal,0.2897847195374508,False,,
credit-approval,tabicl,icl,label_noise,0.05,train_only,True,low,True,ok,,0.8599033816425121,0.941304347826087,0.3179173449557201,0.4586577769802034,0.0576101058492659,0.3093226747215931,483,catboost_cal,0.2897847195374508,False,,
credit-approval,tabicl,icl,label_noise,0.1,train_only,True,low,True,ok,,0.855072463768116,0.9382797731568998,0.3451553760607952,0.4979539493790745,0.0892953326604183,0.2894135388243263,483,catboost_cal,0.2897847195374508,False,,
credit-approval,tabicl,icl,label_noise,0.2,train_only,True,low,True,ok,,0.8502415458937198,0.9293950850661624,0.4093264243451748,0.5905332025075952,0.1345491633664287,0.2487547182316505,483,catboost_cal,0.2897847195374508,True,utility_gap;ece,
credit-approval,tabicl,icl,label_noise,0.3,train_only,True,low,True,ok,,0.855072463768116,0.9267485822306238,0.4714177555269152,0.6801120580856863,0.2007178125125416,0.2084456934177215,483,catboost_cal,0.2897847195374508,True,utility_gap;ece,
credit-approval,tabicl,icl,label_noise,0.4,train_only,True,low,True,ok,,0.7922705314009661,0.8559546313799623,0.6086108256079591,0.8780398199359404,0.2261537809721537,0.1097819985179189,483,catboost_cal,0.2897847195374508,True,utility_gap;ece;nll,
credit-approval,tabpfn_client,icl,label_noise,0.0,train_only,True,low,True,ok,,0.8647342995169082,0.9420604914933836,0.3116370933566079,0.4495972891426292,0.0313728983356666,0.3182775505402984,483,catboost_cal,0.2897847195374508,False,,
credit-approval,tabpfn_client,icl,label_noise,0.05,train_only,True,low,True,ok,,0.8695652173913043,0.9349716446124764,0.3245386239953063,0.4682102634149563,0.0440647083949167,0.3083988375195922,483,catboost_cal,0.2897847195374508,False,,
credit-approval,tabpfn_client,icl,label_noise,0.1,train_only,True,low,True,ok,,0.8647342995169082,0.9399810964083176,0.3450601185464184,0.4978165218354757,0.0840360978962934,0.292551352540546,483,catboost_cal,0.2897847195374508,False,,
credit-approval,tabpfn_client,icl,label_noise,0.2,train_only,True,low,True,ok,,0.8357487922705314,0.916351606805293,0.4182189486135321,0.603362403170539,0.1360373888084845,0.2378691825095736,483,catboost_cal,0.2897847195374508,True,utility_gap;ece,
credit-approval,tabpfn_client,icl,label_noise,0.3,train_only,True,low,True,ok,,0.855072463768116,0.919281663516068,0.4811629548792102,0.6941714088637166,0.1953904849200605,0.202679932152714,483,catboost_cal,0.2897847195374508,True,utility_gap;ece,
credit-approval,tabpfn_client,icl,label_noise,0.4,train_only,True,low,True,ok,,0.7777777777777778,0.844234404536862,0.6597180453565947,0.9517719524209196,0.2534107219980999,0.0759349781286725,483,catboost_cal,0.2897847195374508,True,utility_gap;ece;nll,
credit-g,tabicl,icl,covariate_shift,0.0,test_only,True,low,True,ok,,0.75,0.784126984126984,0.4984152429141664,0.719061199255736,0.0233112760328005,0.1665638294611634,700,catboost_cal,0.1752229023743339,False,,
credit-g,tabicl,icl,covariate_shift,0.05,test_only,True,low,True,ok,,0.75,0.779074074074074,0.5019799075945222,0.7242039233125173,0.0459003931374863,0.1587346703046734,700,catboost_cal,0.1752229023743339,False,,
credit-g,tabicl,icl,covariate_shift,0.1,test_only,True,low,True,ok,,0.7466666666666667,0.7737301587301587,0.5070400533009609,0.731504170429372,0.0435554536791031,0.1546432136909233,700,catboost_cal,0.1752229023743339,False,,
credit-g,tabicl,icl,covariate_shift,0.2,test_only,True,low,True,ok,,0.7566666666666667,0.7746560846560847,0.5115258676086827,0.7379758324854709,0.0531578412287573,0.1526053116382368,700,catboost_cal,0.1752229023743339,False,,
credit-g,tabicl,icl,covariate_shift,0.3,test_only,True,low,True,ok,,0.76,0.7781481481481481,0.5119827940124415,0.7386350379422251,0.059219240245934,0.1529174924199975,700,catboost_cal,0.1752229023743339,False,,
credit-g,tabicl,icl,covariate_shift,0.4,test_only,True,low,True,ok,,0.7533333333333333,0.7784920634920635,0.5179537826501474,0.7472493536390477,0.0528652334262401,0.1507243694452598,700,catboost_cal,0.1752229023743339,False,,
credit-g,tabpfn_client,icl,covariate_shift,0.0,test_only,True,low,True,ok,,0.7333333333333333,0.7677777777777777,0.5174669528003188,0.7465470066289434,0.0573941137216535,0.1432792974892084,700,catboost_cal,0.1752229023743339,True,utility_gap,
credit-g,tabpfn_client,icl,covariate_shift,0.05,test_only,True,low,True,ok,,0.74,0.7734920634920635,0.5101721791995707,0.7360228729307362,0.0400339609224506,0.1529085681585112,700,catboost_cal,0.1752229023743339,False,,
credit-g,tabpfn_client,icl,covariate_shift,0.1,test_only,True,low,True,ok,,0.7366666666666667,0.7725925925925926,0.507811714869732,0.7326174427478827,0.0421449827083268,0.1526931780413772,700,catboost_cal,0.1752229023743339,False,,
credit-g,tabpfn_client,icl,covariate_shift,0.2,test_only,True,low,True,ok,,0.75,0.7766137566137566,0.5086521618605109,0.7338299514536094,0.0539349280965163,0.1533788437594286,700,catboost_cal,0.1752229023743339,False,,
credit-g,tabpfn_client,icl,covariate_shift,0.3,test_only,True,low,True,ok,,0.7466666666666667,0.7748677248677248,0.5124293852405885,0.7392793328923771,0.0405796660965009,0.1533039706166903,700,catboost_cal,0.1752229023743339,False,,
credit-g,tabpfn_client,icl,covariate_shift,0.4,test_only,True,low,True,ok,,0.74,0.7693121693121693,0.5214530718668544,0.7522977608386271,0.0596954237226769,0.1426308462631357,700,catboost_cal,0.1752229023743339,True,utility_gap;nll,
credit-g,tabicl,icl,label_noise,0.0,train_only,True,low,True,ok,,0.75,0.784126984126984,0.4984152429141664,0.719061199255736,0.0233112760328005,0.1665638294611634,700,catboost_cal,0.1752229023743339,False,,
credit-g,tabicl,icl,label_noise,0.05,train_only,True,low,True,ok,,0.74,0.7778306878306879,0.5054881445353259,0.7292652393492782,0.0434304915180272,0.1557750706323518,700,catboost_cal,0.1752229023743339,False,,
credit-g,tabicl,icl,label_noise,0.1,train_only,True,low,True,ok,,0.7433333333333333,0.7517460317460318,0.5281166604385835,0.7619112870255851,0.0465310715851814,0.1367315106863993,700,catboost_cal,0.1752229023743339,True,utility_gap;nll,
credit-g,tabicl,icl,label_noise,0.2,train_only,True,low,True,ok,,0.6933333333333334,0.7287830687830688,0.5540101468590931,0.79926769147578,0.0716550162504247,0.1049627633812551,700,catboost_cal,0.1752229023743339,True,utility_gap;nll,
credit-g,tabicl,icl,label_noise,0.3,train_only,True,low,True,ok,,0.7166666666666667,0.726005291005291,0.6049367794266652,0.8727392917301907,0.1269554642974951,0.0743889714732956,700,catboost_cal,0.1752229023743339,True,utility_gap;ece;nll,
credit-g,tabicl,icl,label_noise,0.4,train_only,True,low,True,ok,,0.6933333333333334,0.663888888888889,0.6356864599606331,0.917101703345466,0.1390261310562773,0.0334253738962158,700,catboost_cal,0.1752229023743339,True,utility_gap;ece;nll,
credit-g,tabpfn_client,icl,label_noise,0.0,train_only,True,low,True,ok,,0.7333333333333333,0.7677777777777777,0.5174669528003188,0.7465470066289434,0.0573941137216535,0.1432792974892084,700,catboost_cal,0.1752229023743339,True,utility_gap,
credit-g,tabpfn_client,icl,label_noise,0.05,train_only,True,low,True,ok,,0.73,0.7674074074074074,0.5136515644980368,0.7410425648461753,0.0544896708718968,0.1448818889643606,700,catboost_cal,0.1752229023743339,True,utility_gap,
credit-g,tabpfn_client,icl,label_noise,0.1,train_only,True,low,True,ok,,0.72,0.744021164021164,0.5339487120782951,0.7703251590044053,0.0507445028860757,0.1271609591288706,700,catboost_cal,0.1752229023743339,True,utility_gap;nll,
credit-g,tabpfn_client,icl,label_noise,0.2,train_only,True,low,True,ok,,0.71,0.7350793650793651,0.5544954021824761,0.7999677669243895,0.0643244753436328,0.1109225526317343,700,catboost_cal,0.1752229023743339,True,utility_gap;nll,
credit-g,tabpfn_client,icl,label_noise,0.3,train_only,True,low,True,ok,,0.7166666666666667,0.716031746031746,0.6388338685480661,0.9216424541062068,0.1595419150249467,0.0497099918742597,700,catboost_cal,0.1752229023743339,True,utility_gap;ece;nll,
credit-g,tabpfn_client,icl,label_noise,0.4,train_only,True,low,True,ok,,0.6966666666666667,0.6124867724867725,0.6487867082040081,0.9360013665205974,0.1341923061724684,0.0112314991796974,700,catboost_cal,0.1752229023743339,True,utility_gap;ece;nll,
eucalyptus,tabicl,icl,covariate_shift,0.0,test_only,True,low,True,ok,,0.7420814479638009,0.9453661508645764,0.5844682929135552,0.3631505685296118,0.0563145493365236,0.3219822895709836,515,catboost_cal,0.2379561488237918,False,,
eucalyptus,tabicl,icl,covariate_shift,0.05,test_only,True,low,True,ok,,0.7285067873303167,0.939499197662116,0.6517593252019369,0.4049608376729622,0.0867206656204218,0.299268352855315,515,catboost_cal,0.2379561488237918,False,,
eucalyptus,tabicl,icl,covariate_shift,0.1,test_only,True,low,True,ok,,0.669683257918552,0.913544040262049,0.7752254373106989,0.4816746463603896,0.1159333419142261,0.2525038404885378,515,catboost_cal,0.2379561488237918,True,ece,
eucalyptus,tabicl,icl,covariate_shift,0.2,test_only,True,low,True,ok,,0.5475113122171946,0.8640372261332875,1.0004256219250467,0.6215993883305578,0.0900309942522171,0.1800537106296189,515,catboost_cal,0.2379561488237918,True,utility_gap,
eucalyptus,tabicl,icl,covariate_shift,0.3,test_only,True,low,True,ok,,0.3122171945701357,0.7651461216406871,1.6443667163492517,1.021702486094866,0.3504694858731778,-0.0619709212433344,515,catboost_cal,0.2379561488237918,True,utility_gap;ece;nll,
eucalyptus,tabicl,icl,covariate_shift,0.4,test_only,True,low,True,ok,,0.2669683257918552,0.7135006356217779,2.002719504034318,1.2443595919804211,0.4234188409109831,-0.1682211744399224,515,catboost_cal,0.2379561488237918,True,utility_gap;ece;nll,
eucalyptus,tabpfn_client,icl,covariate_shift,0.0,test_only,True,low,True,ok,,0.755656108597285,0.9422995828860484,0.6202035590141466,0.3853541377536931,0.0856325204361669,0.3104205248863683,515,catboost_cal,0.2379561488237918,False,,
eucalyptus,tabpfn_client,icl,covariate_shift,0.05,test_only,True,low,True,ok,,0.6968325791855203,0.923403816999954,0.7245094268086386,0.4501630172939673,0.0751133054110729,0.2776446565574071,515,catboost_cal,0.2379561488237918,False,,
eucalyptus,tabpfn_client,icl,covariate_shift,0.1,test_only,True,low,True,ok,,0.6108597285067874,0.8912752386997795,0.9024781171319828,0.5607411818496822,0.0623359944703281,0.2228857393719706,515,catboost_cal,0.2379561488237918,False,,
eucalyptus,tabpfn_client,icl,covariate_shift,0.2,test_only,True,low,True,ok,,0.3936651583710407,0.8223139731913738,1.2842031633932869,0.7979202884882144,0.2375936706232699,0.0599648437015186,515,catboost_cal,0.2379561488237918,True,utility_gap;ece;nll,
eucalyptus,tabpfn_client,icl,covariate_shift,0.3,test_only,True,low,True,ok,,0.2805429864253393,0.7502993387506728,1.7485839215533796,1.0864562764703585,0.3768693649083889,-0.0966245393962489,515,catboost_cal,0.2379561488237918,True,utility_gap;ece;nll,
eucalyptus,tabpfn_client,icl,covariate_shift,0.4,test_only,True,low,True,ok,,0.2624434389140271,0.7115119858976157,2.181751496497843,1.3555984233018226,0.4419803405678547,-0.2066798842028481,515,catboost_cal,0.2379561488237918,True,utility_gap;ece;nll,
eucalyptus,tabicl,icl,label_noise,0.0,train_only,True,low,True,ok,,0.7420814479638009,0.9453661508645764,0.5844682929135552,0.3631505685296118,0.0563145493365236,0.3219822895709836,515,catboost_cal,0.2379561488237918,False,,
eucalyptus,tabicl,icl,label_noise,0.05,train_only,True,low,True,ok,,0.7239819004524887,0.9439806724662724,0.6242915248543169,0.3878941337414773,0.1013383490917792,0.3023546104902695,515,catboost_cal,0.2379561488237918,True,ece,
eucalyptus,tabicl,icl,label_noise,0.1,train_only,True,low,True,ok,,0.6742081447963801,0.9289188606802704,0.7021146323404053,0.4362483491385716,0.0823972996850023,0.2788988582789797,515,catboost_cal,0.2379561488237918,False,,
eucalyptus,tabicl,icl,label_noise,0.2,train_only,True,low,True,ok,,0.7058823529411765,0.9229820367978856,0.8251621906972362,0.5127020957579332,0.1576924364035484,0.2435769498123467,515,catboost_cal,0.2379561488237918,True,ece,
eucalyptus,tabicl,icl,label_noise,0.3,train_only,True,low,True,ok,,0.6832579185520362,0.9114967943259488,0.9345711805264943,0.5806817232937286,0.2022839497977812,0.2068512588492126,515,catboost_cal,0.2379561488237918,True,utility_gap;ece,
eucalyptus,tabicl,icl,label_noise,0.4,train_only,True,low,True,ok,,0.5927601809954751,0.8903184548435294,1.124438555053073,0.6986529560202057,0.2079906061388336,0.1493314783107281,515,catboost_cal,0.2379561488237918,True,utility_gap;ece,
eucalyptus,tabpfn_client,icl,label_noise,0.0,train_only,True,low,True,ok,,0.755656108597285,0.9422995828860484,0.6202035590141466,0.3853541377536931,0.0856325204361669,0.3104205248863683,515,catboost_cal,0.2379561488237918,False,,
eucalyptus,tabpfn_client,icl,label_noise,0.05,train_only,True,low,True,ok,,0.7420814479638009,0.9409489094522444,0.6452426907574578,0.4009118250368529,0.1067533258486686,0.2990201228220661,515,catboost_cal,0.2379561488237918,True,ece,
eucalyptus,tabpfn_client,icl,label_noise,0.1,train_only,True,low,True,ok,,0.7013574660633484,0.9255182069444864,0.7275334913404138,0.4520419742319219,0.089183397083845,0.2756857206537269,515,catboost_cal,0.2379561488237918,False,,
eucalyptus,tabpfn_client,icl,label_noise,0.2,train_only,True,low,True,ok,,0.6742081447963801,0.9227587192443124,0.85861604096197,0.5334881416229387,0.153378693489202,0.2333745922702443,515,catboost_cal,0.2379561488237918,True,ece,
eucalyptus,tabpfn_client,icl,label_noise,0.3,train_only,True,low,True,ok,,0.6606334841628959,0.903702419147738,0.9853870517029992,0.6122553992857718,0.2006639693838706,0.191581455663637,515,catboost_cal,0.2379561488237918,True,utility_gap;ece,
eucalyptus,tabpfn_client,icl,label_noise,0.4,train_only,True,low,True,ok,,0.6199095022624435,0.9025352133110892,1.109590685715898,0.6894274560972424,0.2344578137914631,0.1551539504107824,515,catboost_cal,0.2379561488237918,True,utility_gap;ece,
kr-vs-kp,tabicl,icl,covariate_shift,0.0,test_only,True,low,True,ok,,0.9937434827945776,0.9998213180625648,0.0179738634621043,0.0259308036823932,0.0040531900317875,0.4904091046300088,2237,catboost_cal,0.4860055133380243,False,,
kr-vs-kp,tabicl,icl,covariate_shift,0.05,test_only,True,low,True,ok,,0.9958289885297184,0.9997995275823898,0.0169207650215759,0.024411503784675,0.0044323403767134,0.4910942637225489,2237,catboost_cal,0.4860055133380243,False,,
kr-vs-kp,tabicl,icl,covariate_shift,0.1,test_only,True,low,True,ok,,0.994786235662148,0.9998213180625648,0.0174689669710445,0.025202392018579,0.0039294729355135,0.4908087844785435,2237,catboost_cal,0.4860055133380243,False,,
kr-vs-kp,tabicl,icl,covariate_shift,0.2,test_only,True,low,True,ok,,0.9968717413972888,0.9997908113903198,0.0182506217243865,0.0263300814549128,0.0038008998055634,0.4907983407986187,2237,catboost_cal,0.4860055133380243,False,,
kr-vs-kp,tabicl,icl,covariate_shift,0.3,test_only,True,low,True,ok,,0.9968717413972888,0.9997515885260048,0.017319692590831,0.0249870346105132,0.0045512952632037,0.4910374477579003,2237,catboost_cal,0.4860055133380243,False,,
kr-vs-kp,tabicl,icl,covariate_shift,0.4,test_only,True,low,True,ok,,0.9958289885297184,0.9998387504467048,0.0176263272377021,0.025429414894919,0.0043085159527943,0.4908273832767699,2237,catboost_cal,0.4860055133380243,False,,
kr-vs-kp,tabpfn_client,icl,covariate_shift,0.0,test_only,True,low,True,ok,,0.9927007299270072,0.9998126018704948,0.021704015591358,0.0313122756610289,0.0050762973789479,0.4884305779696259,2237,catboost_cal,0.4860055133380243,False,,
kr-vs-kp,tabpfn_client,icl,covariate_shift,0.05,test_only,True,low,True,ok,,0.9937434827945776,0.9998561828308448,0.0201921874903189,0.0291311687569833,0.0035340738527613,0.489565021012335,2237,catboost_cal,0.4860055133380243,False,,
kr-vs-kp,tabpfn_client,icl,covariate_shift,0.1,test_only,True,low,True,ok,,0.9927007299270072,0.9997559466220398,0.0228859698734049,0.0330174752422955,0.0059641390874267,0.487721620416591,2237,catboost_cal,0.4860055133380243,False,,
kr-vs-kp,tabpfn_client,icl,covariate_shift,0.2,test_only,True,low,True,ok,,0.9927007299270072,0.9997864532942848,0.0221795257421951,0.0319982917975339,0.0049147116971024,0.48824793826337,2237,catboost_cal,0.4860055133380243,False,,
kr-vs-kp,tabpfn_client,icl,covariate_shift,0.3,test_only,True,low,True,ok,,0.9916579770594368,0.9997167237577248,0.0231784196760819,0.0334393911223266,0.0042909442509966,0.4877595436872218,2237,catboost_cal,0.4860055133380243,False,,
kr-vs-kp,tabpfn_client,icl,covariate_shift,0.4,test_only,True,low,True,ok,,0.994786235662148,0.9997472304299698,0.0223266905301592,0.0322106057073233,0.0050845324153445,0.4884493778045457,2237,catboost_cal,0.4860055133380243,False,,
kr-vs-kp,tabicl,icl,label_noise,0.0,train_only,True,low,True,ok,,0.9937434827945776,0.9998213180625648,0.0179738634621043,0.0259308036823932,0.0040531900317875,0.4904091046300088,2237,catboost_cal,0.4860055133380243,False,,
kr-vs-kp,tabicl,icl,label_noise,0.05,train_only,True,low,True,ok,,0.9906152241918664,0.9996622475572872,0.0592440282287135,0.0854710657278508,0.0408158281670245,0.4646695849220703,2237,catboost_cal,0.4860055133380243,False,,
kr-vs-kp,tabicl,icl,label_noise,0.1,train_only,True,low,True,ok,,0.9927007299270072,0.9972108185375974,0.1072567934249411,0.1547388439758145,0.0854227470032159,0.4344226933838225,2237,catboost_cal,0.4860055133380243,True,utility_gap,
kr-vs-kp,tabicl,icl,label_noise,0.2,train_only,True,low,True,ok,,0.9822732012513036,0.9976183005168704,0.233174880677779,0.3364002440137075,0.1824438632297184,0.3590985395185442,2237,catboost_cal,0.4860055133380243,True,utility_gap;ece,
kr-vs-kp,tabicl,icl,label_noise,0.3,train_only,True,low,True,ok,,0.9760166840458812,0.993706909325454,0.3878741741473738,0.5595841475313185,0.2889079505522805,0.2685430865009394,2237,catboost_cal,0.4860055133380243,True,utility_gap;ece,
kr-vs-kp,tabicl,icl,label_noise,0.4,train_only,True,low,True,ok,,0.9332638164754952,0.9759411308387592,0.5556933233204593,0.801696001809534,0.3525673194788695,0.1705467038262559,2237,catboost_cal,0.4860055133380243,True,utility_gap;ece;nll,
kr-vs-kp,tabpfn_client,icl,label_noise,0.0,train_only,True,low,True,ok,,0.9927007299270072,0.9998126018704948,0.021704015591358,0.0313122756610289,0.0050762973789479,0.4884305779696259,2237,catboost_cal,0.4860055133380243,False,,
kr-vs-kp,tabpfn_client,icl,label_noise,0.05,train_only,True,low,True,ok,,0.9916579770594368,0.9994334475154494,0.0620094464865454,0.0894607209344087,0.0418162866681027,0.4633489295753796,2237,catboost_cal,0.4860055133380243,False,,
kr-vs-kp,tabpfn_client,icl,label_noise,0.1,train_only,True,low,True,ok,,0.9927007299270072,0.998775375014164,0.1089304584166458,0.1571534321594563,0.0896594215092063,0.4333985767943303,2237,catboost_cal,0.4860055133380243,True,utility_gap,
kr-vs-kp,tabpfn_client,icl,label_noise,0.2,train_only,True,low,True,ok,,0.9843587069864442,0.9985487540203436,0.2319503514889631,0.334633621825579,0.1839428491444789,0.3599672135785173,2237,catboost_cal,0.4860055133380243,True,utility_gap;ece,
kr-vs-kp,tabpfn_client,icl,label_noise,0.3,train_only,True,low,True,ok,,0.9812304483837332,0.9960733554724612,0.3787990112393852,0.5464914550087039,0.2883850440850297,0.2741857963533042,2237,catboost_cal,0.4860055133380243,True,utility_gap;ece,
kr-vs-kp,tabpfn_client,icl,label_noise,0.4,train_only,True,low,True,ok,,0.9395203336809176,0.978253100785329,0.5588584413562723,0.8062623019036296,0.3605700124489343,0.169323942266127,2237,catboost_cal,0.4860055133380243,True,utility_gap;ece;nll,
optdigits,tabicl,icl,covariate_shift,0.0,test_only,True,low,True,ok,,0.99288256227758,0.9999766453382926,0.01957003440474,0.0084991579526354,0.0034538694434742,0.4956836889355539,3934,catboost_cal,0.4821743825241024,False,,
optdigits,tabicl,icl,covariate_shift,0.05,test_only,True,low,True,ok,,0.9774614472123369,0.9998675168749594,0.157818876704848,0.0685398672930851,0.0890519434623638,0.458200499107688,3934,catboost_cal,0.4821743825241024,False,,
optdigits,tabicl,icl,covariate_shift,0.1,test_only,True,low,True,ok,,0.9810201660735468,0.9998400959332236,0.1771473836407877,0.0769341311987925,0.1115316971441865,0.4517104796991852,3934,catboost_cal,0.4821743825241024,True,utility_gap;ece,
optdigits,tabicl,icl,covariate_shift,0.2,test_only,True,low,True,ok,,0.9733096085409252,0.999675074034666,0.3394930368077821,0.1474399525301973,0.2200392593128749,0.4076428795716377,3934,catboost_cal,0.4821743825241024,True,utility_gap;ece,
optdigits,tabicl,icl,covariate_shift,0.3,test_only,True,low,True,ok,,0.961447212336892,0.9993427684030614,0.507980464854819,0.2206131128010966,0.3150360755376054,0.3647959018437551,3934,catboost_cal,0.4821743825241024,True,utility_gap;ece,
optdigits,tabicl,icl,covariate_shift,0.4,test_only,True,low,True,ok,,0.9205219454329776,0.9982403236842216,0.827647695047994,0.3594428269192891,0.4428727403561016,0.2910550089574171,3934,catboost_cal,0.4821743825241024,True,utility_gap;ece,
optdigits,tabpfn_client,icl,covariate_shift,0.0,test_only,True,low,True,ok,,0.9934756820877816,0.999956529182924,0.0200800160625345,0.0087206401724874,0.0026613740020425,0.4958576706750358,3934,catboost_cal,0.4821743825241024,False,,
optdigits,tabpfn_client,icl,covariate_shift,0.05,test_only,True,low,True,ok,,0.975682087781732,0.9994866565062857,0.3309628126396651,0.1437353232445863,0.2297202111213976,0.4071080037468043,3934,catboost_cal,0.4821743825241024,True,utility_gap;ece,
optdigits,tabpfn_client,icl,covariate_shift,0.1,test_only,True,low,True,ok,,0.9798339264531436,0.9996456325256048,0.276465955480051,0.1200676388990962,0.1950519638212252,0.4218203759179592,3934,catboost_cal,0.4821743825241024,True,utility_gap;ece,
optdigits,tabpfn_client,icl,covariate_shift,0.2,test_only,True,low,True,ok,,0.9620403321470936,0.9989436125006972,0.4355558290214023,0.1891594931047912,0.2800410221786775,0.3811802618301352,3934,catboost_cal,0.4821743825241024,True,utility_gap;ece,
optdigits,tabpfn_client,icl,covariate_shift,0.3,test_only,True,low,True,ok,,0.951364175563464,0.9980045283639274,0.5828436018496043,0.253125760095899,0.3594749991092215,0.3441734834112802,3934,catboost_cal,0.4821743825241024,True,utility_gap;ece,
optdigits,tabpfn_client,icl,covariate_shift,0.4,test_only,True,low,True,ok,,0.8683274021352313,0.9937092650358728,0.7580306749760962,0.3292085392555159,0.33534107106338,0.3122165770935094,3934,catboost_cal,0.4821743825241024,True,utility_gap;ece,
optdigits,tabicl,icl,label_noise,0.0,train_only,True,low,True,ok,,0.99288256227758,0.9999766453382926,0.01957003440474,0.0084991579526354,0.0034538694434742,0.4956836889355539,3934,catboost_cal,0.4821743825241024,False,,
optdigits,tabicl,icl,label_noise,0.05,train_only,True,low,True,ok,,0.9911032028469752,0.999902914080789,0.063829613416869,0.027720848888964,0.0361565019801039,0.4830839452926124,3934,catboost_cal,0.4821743825241024,False,,
optdigits,tabicl,icl,label_noise,0.1,train_only,True,low,True,ok,,0.9887307236061684,0.99960809092531,0.1020890032612591,0.0443366907793679,0.0672824195341797,0.4714149492241373,3934,catboost_cal,0.4821743825241024,False,,
optdigits,tabicl,icl,label_noise,0.2,train_only,True,low,True,ok,,0.9857651245551602,0.9996796632660802,0.1981610345005321,0.086060243811821,0.147599928210462,0.4424145920407634,3934,catboost_cal,0.4821743825241024,True,utility_gap;ece,
optdigits,tabicl,icl,label_noise,0.3,train_only,True,low,True,ok,,0.9911032028469752,0.9998046612045788,0.2954213176814486,0.1282998481056406,0.232753714631289,0.4135564144906988,3934,catboost_cal,0.4821743825241024,True,utility_gap;ece,
optdigits,tabicl,icl,label_noise,0.4,train_only,True,low,True,ok,,0.9845788849347568,0.9995380881192162,0.4386616282751588,0.1905083245825969,0.3206557101390742,0.3762415241793453,3934,catboost_cal,0.4821743825241024,True,utility_gap;ece,
optdigits,tabpfn_client,icl,label_noise,0.0,train_only,True,low,True,ok,,0.9934756820877816,0.999956529182924,0.0200800160625345,0.0087206401724874,0.0026613740020425,0.4958576706750358,3934,catboost_cal,0.4821743825241024,False,,
optdigits,tabpfn_client,icl,label_noise,0.05,train_only,True,low,True,ok,,0.9916963226571768,0.9997291338188076,0.0638168391323067,0.0277153010876683,0.0350363513158712,0.4833377846456844,3934,catboost_cal,0.4821743825241024,False,,
optdigits,tabpfn_client,icl,label_noise,0.1,train_only,True,low,True,ok,,0.98932384341637,0.999524751461632,0.1038189782639607,0.0450880093768717,0.0731592347266715,0.4700739897656308,3934,catboost_cal,0.4821743825241024,False,,
optdigits,tabpfn_client,icl,label_noise,0.2,train_only,True,low,True,ok,,0.9911032028469752,0.9998709499517426,0.1945991238040853,0.084513325651322,0.1552790914736588,0.4422104969200278,3934,catboost_cal,0.4821743825241024,True,utility_gap;ece,
optdigits,tabpfn_client,icl,label_noise,0.3,train_only,True,low,True,ok,,0.9916963226571768,0.999679427051246,0.3133710251524151,0.136095307012059,0.2486778115985847,0.4080780934431779,3934,catboost_cal,0.4821743825241024,True,utility_gap;ece,
optdigits,tabpfn_client,icl,label_noise,0.4,train_only,True,low,True,ok,,0.98220640569395,0.9994325122466904,0.4606377603620957,0.2000524374815306,0.3335649010477882,0.3704036286864172,3934,catboost_cal,0.4821743825241024,True,utility_gap;ece,
pc1,tabicl,icl,covariate_shift,0.0,test_only,False,high,True,ok,,0.93993993993994,0.9091865357643758,0.1690749314995231,0.2439235652130031,0.0214792372054837,0.3817333615035248,776,catboost_cal,0.353469215551828,False,,
pc1,tabicl,icl,covariate_shift,0.05,test_only,False,low,True,ok,,0.933933933933934,0.8317671809256661,0.2127544884331535,0.3069398453893789,0.0498159012714455,0.3291634695429705,776,catboost_cal,0.353469215551828,False,,
pc1,tabicl,icl,covariate_shift,0.1,test_only,False,low,True,ok,,0.933933933933934,0.8278401122019635,0.2191291166269913,0.3161364898721397,0.0629205748679796,0.3224090674255395,776,catboost_cal,0.353469215551828,True,utility_gap,
pc1,tabicl,icl,covariate_shift,0.2,test_only,False,low,True,ok,,0.933933933933934,0.8131136044880786,0.243336224866115,0.3510599648829858,0.0874492140410911,0.3018720193878036,776,catboost_cal,0.353469215551828,True,utility_gap,
pc1,tabicl,icl,covariate_shift,0.3,test_only,False,low,True,ok,,0.9309309309309308,0.7871669004207573,0.2492591333515552,0.3596049155825696,0.0912629639954259,0.2890139873130485,776,catboost_cal,0.353469215551828,True,utility_gap,
pc1,tabicl,icl,covariate_shift,0.4,test_only,False,low,True,ok,,0.9309309309309308,0.773422159887798,0.2696242960918583,0.3889856348749014,0.1147243082978466,0.2706968434783292,776,catboost_cal,0.353469215551828,True,utility_gap;ece,
pc1,tabpfn_client,icl,covariate_shift,0.0,test_only,False,high,True,ok,,0.93993993993994,0.905680224403927,0.1770463985570008,0.2554239612054361,0.0252025189634934,0.3763113773780359,776,catboost_cal,0.353469215551828,False,,
pc1,tabpfn_client,icl,covariate_shift,0.05,test_only,False,low,True,ok,,0.9429429429429428,0.8323281907433381,0.194974629514549,0.2812889310998029,0.0313329240530315,0.3421030440610625,776,catboost_cal,0.353469215551828,False,,
pc1,tabpfn_client,icl,covariate_shift,0.1,test_only,False,low,True,ok,,0.9429429429429428,0.8187237026647965,0.211437431151313,0.3050397333803009,0.0496862019359962,0.3265455769728307,776,catboost_cal,0.353469215551828,False,,
pc1,tabpfn_client,icl,covariate_shift,0.2,test_only,False,low,True,ok,,0.9429429429429428,0.7735624123422159,0.244555428662069,0.3528189041532417,0.0910437049956961,0.2881338735161052,776,catboost_cal,0.353469215551828,True,utility_gap,
pc1,tabpfn_client,icl,covariate_shift,0.3,test_only,False,low,True,ok,,0.9369369369369368,0.7891304347826087,0.2584819263537281,0.3729105933099497,0.0937406848199197,0.2861148777574846,776,catboost_cal,0.353469215551828,True,utility_gap,
pc1,tabpfn_client,icl,covariate_shift,0.4,test_only,False,low,True,ok,,0.9369369369369368,0.7745441795231416,0.2754095322376096,0.3973319663727486,0.1122428151292442,0.2699828504359666,776,catboost_cal,0.353469215551828,True,utility_gap;ece,
pc1,tabicl,icl,label_noise,0.0,train_only,False,high,True,ok,,0.93993993993994,0.9091865357643758,0.1690749314995231,0.2439235652130031,0.0214792372054837,0.3817333615035248,776,catboost_cal,0.353469215551828,False,,
pc1,tabicl,icl,label_noise,0.05,train_only,False,high,True,ok,,0.93993993993994,0.885203366058906,0.187044414216811,0.2698480488165743,0.0432638153951759,0.3612049913876006,776,catboost_cal,0.353469215551828,False,,
pc1,tabicl,icl,label_noise,0.1,train_only,False,high,True,ok,,0.945945945945946,0.8528050490883591,0.2209351873545347,0.3187420991542612,0.079269408277101,0.3288971476711189,776,catboost_cal,0.353469215551828,False,,
pc1,tabicl,icl,label_noise,0.2,train_only,False,high,True,ok,,0.927927927927928,0.8313464235624123,0.3054962651230781,0.4407379467031648,0.1549874902319449,0.2669415553786951,776,catboost_cal,0.353469215551828,True,utility_gap;ece,
pc1,tabicl,icl,label_noise,0.3,train_only,False,high,True,ok,,0.90990990990991,0.794039270687237,0.4029260398671058,0.5812993995613024,0.2109490518931735,0.197820600979994,776,catboost_cal,0.353469215551828,True,utility_gap;ece,
pc1,tabicl,icl,label_noise,0.4,train_only,False,high,True,ok,,0.9309309309309308,0.5518232819074335,0.5560626951987458,0.8022288927865818,0.3436133656474534,0.0233864473417761,776,catboost_cal,0.353469215551828,True,utility_gap;ece;nll,
pc1,tabpfn_client,icl,label_noise,0.0,train_only,False,high,True,ok,,0.93993993993994,0.905680224403927,0.1770463985570008,0.2554239612054361,0.0252025189634934,0.3763113773780359,776,catboost_cal,0.353469215551828,False,,
pc1,tabpfn_client,icl,label_noise,0.05,train_only,False,high,True,ok,,0.924924924924925,0.8738429172510519,0.2012575602645761,0.2903532841351157,0.0450484305844139,0.3484680884191894,776,catboost_cal,0.353469215551828,False,,
pc1,tabpfn_client,icl,label_noise,0.1,train_only,False,high,True,ok,,0.9369369369369368,0.8477559607293128,0.2240681294029946,0.3232619791109668,0.0793290484428771,0.3244107233739345,776,catboost_cal,0.353469215551828,False,,
pc1,tabpfn_client,icl,label_noise,0.2,train_only,False,high,True,ok,,0.9309309309309308,0.8352734922861149,0.3188309097713035,0.4599757724091762,0.1604275281421079,0.2619071245886054,776,catboost_cal,0.353469215551828,True,utility_gap;ece,
pc1,tabpfn_client,icl,label_noise,0.3,train_only,False,high,True,ok,,0.918918918918919,0.8107293127629733,0.4108894877902964,0.5927882263884668,0.2215255667438593,0.1994515160395665,776,catboost_cal,0.353469215551828,True,utility_gap;ece,
pc1,tabpfn_client,icl,label_noise,0.4,train_only,False,high,True,ok,,0.915915915915916,0.5218092566619916,0.562450555762397,0.8114446275436515,0.3300643635615136,0.0105743662436862,776,catboost_cal,0.353469215551828,True,utility_gap;ece;nll,
splice,tabicl,icl,covariate_shift,0.0,test_only,False,high,True,ok,,0.9686520376175548,0.9947496493423392,0.1166984962547423,0.1062235489794315,0.016120721923432,0.458368973833936,2233,xgboost_cal,0.4515966113558471,False,,
splice,tabicl,icl,covariate_shift,0.05,test_only,False,high,True,ok,,0.9696969696969696,0.994645832854512,0.1193492216863136,0.1086363432462651,0.0198397904615725,0.4570217258874307,2233,xgboost_cal,0.4515966113558471,False,,
splice,tabicl,icl,covariate_shift,0.1,test_only,False,high,True,ok,,0.9655172413793104,0.9947065343639694,0.1181559627307906,0.1075501921374242,0.0175249111498739,0.4572048333630837,2233,xgboost_cal,0.4515966113558471,False,,
splice,tabicl,icl,covariate_shift,0.2,test_only,False,high,True,ok,,0.96760710553814,0.994963314965446,0.1150463748294899,0.1047197232510161,0.0190245548627776,0.4581573981207668,2233,xgboost_cal,0.4515966113558471,False,,
splice,tabicl,icl,covariate_shift,0.3,test_only,False,high,True,ok,,0.9665621734587252,0.9945843632253824,0.1175240529578955,0.1069750030744463,0.02022863308063,0.4569506256092326,2233,xgboost_cal,0.4515966113558471,False,,
splice,tabicl,icl,covariate_shift,0.4,test_only,False,high,True,ok,,0.9686520376175548,0.9948188342622768,0.1162391330181206,0.1058054185421881,0.0185240444411631,0.4580379631835409,2233,xgboost_cal,0.4515966113558471,False,,
splice,tabpfn_client,icl,covariate_shift,0.0,test_only,False,high,True,ok,,0.9686520376175548,0.9941088329711136,0.1181743560409676,0.1075669344498549,0.0177168999560327,0.45742243685636,2233,xgboost_cal,0.4515966113558471,False,,
splice,tabpfn_client,icl,covariate_shift,0.05,test_only,False,high,True,ok,,0.9686520376175548,0.9947239985574594,0.1117889348338357,0.1017546735885885,0.0142325235491783,0.4600782983513317,2233,xgboost_cal,0.4515966113558471,False,,
splice,tabpfn_client,icl,covariate_shift,0.1,test_only,False,high,True,ok,,0.9655172413793104,0.9939987712491885,0.1169335611730387,0.1064375142888687,0.0103281726358804,0.4587302673302758,2233,xgboost_cal,0.4515966113558471,False,,
splice,tabpfn_client,icl,covariate_shift,0.2,test_only,False,high,True,ok,,0.96760710553814,0.9938792774990152,0.1210647764168264,0.110197908457403,0.0195944354234558,0.4560205533334642,2233,xgboost_cal,0.4515966113558471,False,,
splice,tabpfn_client,icl,covariate_shift,0.3,test_only,False,high,True,ok,,0.96760710553814,0.9944448502309032,0.1154492272191321,0.1050864152986088,0.0122887316330886,0.4592130924953367,2233,xgboost_cal,0.4515966113558471,False,,
splice,tabpfn_client,icl,covariate_shift,0.4,test_only,False,high,True,ok,,0.9707419017763844,0.994197780426955,0.1142559739606462,0.1040002693754346,0.01230648136726,0.4599191313298094,2233,xgboost_cal,0.4515966113558471,False,,
splice,tabicl,icl,label_noise,0.0,train_only,False,high,True,ok,,0.9686520376175548,0.9947496493423392,0.1166984962547423,0.1062235489794315,0.016120721923432,0.458368973833936,2233,xgboost_cal,0.4515966113558471,False,,
splice,tabicl,icl,label_noise,0.05,train_only,False,high,True,ok,,0.9644723092998956,0.9941049622897364,0.1250077703207994,0.1137869761791497,0.0324955454825151,0.451972381246144,2233,xgboost_cal,0.4515966113558471,False,,
splice,tabicl,icl,label_noise,0.1,train_only,False,high,True,ok,,0.962382445141066,0.9932558932327292,0.1659706040210563,0.1510729542469153,0.0703167482790845,0.4326116934727236,2233,xgboost_cal,0.4515966113558471,False,,
splice,tabicl,icl,label_noise,0.2,train_only,False,high,True,ok,,0.9655172413793104,0.993546382856275,0.2569459028142024,0.2338822398625341,0.14905993131633,0.3925921619845665,2233,xgboost_cal,0.4515966113558471,True,utility_gap;ece,
splice,tabicl,icl,label_noise,0.3,train_only,False,high,True,ok,,0.9613375130616508,0.9928289269937748,0.358941100489117,0.3267222697137997,0.2337294870056742,0.3469281730917941,2233,xgboost_cal,0.4515966113558471,True,utility_gap;ece,
splice,tabicl,icl,label_noise,0.4,train_only,False,high,True,ok,,0.960292580982236,0.9923641925311412,0.5121101063769872,0.4661427071763762,0.3433052446848964,0.2828674934433426,2233,xgboost_cal,0.4515966113558471,True,utility_gap;ece,
splice,tabpfn_client,icl,label_noise,0.0,train_only,False,high,True,ok,,0.9686520376175548,0.9941088329711136,0.1181743560409676,0.1075669344498549,0.0177168999560327,0.45742243685636,2233,xgboost_cal,0.4515966113558471,False,,
splice,tabpfn_client,icl,label_noise,0.05,train_only,False,high,True,ok,,0.9655172413793104,0.9940816078417356,0.1387159661603176,0.1262647137585621,0.0437672508303373,0.4461232846578679,2233,xgboost_cal,0.4515966113558471,False,,
splice,tabpfn_client,icl,label_noise,0.1,train_only,False,high,True,ok,,0.960292580982236,0.991205162117172,0.1844724907010312,0.1679140972696331,0.0821504614197542,0.4241613724235047,2233,xgboost_cal,0.4515966113558471,False,,
splice,tabpfn_client,icl,label_noise,0.2,train_only,False,high,True,ok,,0.9571577847439916,0.9912544220529204,0.2907313759534851,0.2646351028040566,0.1692077433493352,0.3772806359190368,2233,xgboost_cal,0.4515966113558471,True,utility_gap;ece,
splice,tabpfn_client,icl,label_noise,0.3,train_only,False,high,True,ok,,0.9571577847439916,0.9896886171202603,0.3969891006395199,0.3613550519454003,0.2581159201107224,0.3299349840979252,2233,xgboost_cal,0.4515966113558471,True,utility_gap;ece,
splice,tabpfn_client,icl,label_noise,0.4,train_only,False,high,True,ok,,0.960292580982236,0.991266842327413,0.535829172875273,0.4877327319220864,0.3595614987542357,0.2727551626344568,2233,xgboost_cal,0.4515966113558471,True,utility_gap;ece,
steel-plates-fault,tabicl,icl,covariate_shift,0.0,test_only,True,low,True,ok,,1.0,1.0,0.0002555547454052,0.0003686875638718,0.0002443330165398,0.4998405271275304,1358,catboost_cal,0.4972392963919725,False,,
steel-plates-fault,tabicl,icl,covariate_shift,0.05,test_only,True,low,True,ok,,0.6535162950257289,0.7748954029261194,0.767596845071384,1.1074081617864997,0.22623950073582,-0.0082295134051127,1358,catboost_cal,0.4972392963919725,True,utility_gap;ece;nll,
steel-plates-fault,tabicl,icl,covariate_shift,0.1,test_only,True,low,True,ok,,0.6535162950257289,0.7882591408747174,0.7410125044710514,1.0690550654370967,0.2110499084378434,0.0109916422413127,1358,catboost_cal,0.4972392963919725,True,utility_gap;ece;nll,
steel-plates-fault,tabicl,icl,covariate_shift,0.2,test_only,True,low,True,ok,,0.6535162950257289,0.8399664769626569,0.7149468883363731,1.031450330301881,0.1875071976048589,0.0450791725792531,1358,catboost_cal,0.4972392963919725,True,utility_gap;ece;nll,
steel-plates-fault,tabicl,icl,covariate_shift,0.3,test_only,True,low,True,ok,,0.6535162950257289,0.7855954886827266,0.7521816387773943,1.0851687201118805,0.2059198388875149,0.0062512814817465,1358,catboost_cal,0.4972392963919725,True,utility_gap;ece;nll,
steel-plates-fault,tabicl,icl,covariate_shift,0.4,test_only,True,low,True,ok,,0.6535162950257289,0.7003586185390194,0.7255510654287978,1.0467489240058303,0.1785382711694383,-0.0065793706931206,1358,catboost_cal,0.4972392963919725,True,utility_gap;ece;nll,
steel-plates-fault,tabpfn_client,icl,covariate_shift,0.0,test_only,True,low,True,ok,,1.0,1.0,1.6972600752189995e-05,2.4486286936172795e-05,1.6971511110241977e-05,0.499989259811697,1358,catboost_cal,0.4972392963919725,False,,
steel-plates-fault,tabpfn_client,icl,covariate_shift,0.05,test_only,True,low,True,ok,,0.346483704974271,0.6828045009225332,0.7533310705185625,1.0868269995847042,0.2640258833347326,-0.0878991454733305,1358,catboost_cal,0.4972392963919725,True,utility_gap;ece;nll,
steel-plates-fault,tabpfn_client,icl,covariate_shift,0.1,test_only,True,low,True,ok,,0.346483704974271,0.7011642109092798,0.7039812517928334,1.0156302608403256,0.2301688851654894,-0.0533428257208069,1358,catboost_cal,0.4972392963919725,True,utility_gap;ece;nll,
steel-plates-fault,tabpfn_client,icl,covariate_shift,0.2,test_only,True,low,True,ok,,0.346483704974271,0.712988227956654,0.7952302681565567,1.1472747642342649,0.3060662799496574,-0.1038772497292414,1358,catboost_cal,0.4972392963919725,True,utility_gap;ece;nll,
steel-plates-fault,tabpfn_client,icl,covariate_shift,0.3,test_only,True,low,True,ok,,0.346483704974271,0.7362464592915984,0.7535398839181382,1.0871282536407432,0.2786919679557286,-0.0722180531851686,1358,catboost_cal,0.4972392963919725,True,utility_gap;ece;nll,
steel-plates-fault,tabpfn_client,icl,covariate_shift,0.4,test_only,True,low,True,ok,,0.346483704974271,0.6974610846911462,0.7428743927652071,1.0717412024457642,0.2416412391055901,-0.0737666731668055,1358,catboost_cal,0.4972392963919725,True,utility_gap;ece;nll,
steel-plates-fault,tabicl,icl,label_noise,0.0,train_only,True,low,True,ok,,1.0,1.0,0.0002555547454052,0.0003686875638718,0.0002443330165398,0.4998405271275304,1358,catboost_cal,0.4972392963919725,False,,
steel-plates-fault,tabicl,icl,label_noise,0.05,train_only,True,low,True,ok,,1.0,1.0,0.0429923925340352,0.0620249115048042,0.0418132122506036,0.4730298840984379,1358,catboost_cal,0.4972392963919725,False,,
steel-plates-fault,tabicl,icl,label_noise,0.1,train_only,True,low,True,ok,,1.0,1.0,0.0889478765867227,0.1283246604492683,0.0846414630167637,0.4445743092618667,1358,catboost_cal,0.4972392963919725,True,utility_gap,
steel-plates-fault,tabicl,icl,label_noise,0.2,train_only,True,low,True,ok,,0.9982847341337908,0.9999740131493464,0.2079015857438729,0.2999385867456371,0.1838667145010214,0.3729786957984443,1358,catboost_cal,0.4972392963919725,True,utility_gap;ece,
steel-plates-fault,tabicl,icl,label_noise,0.3,train_only,True,low,True,ok,,0.986277873070326,0.9992723681817,0.3709049794180587,0.5351027744474564,0.2921169364388783,0.2787327902021313,1358,catboost_cal,0.4972392963919725,True,utility_gap;ece,
steel-plates-fault,tabicl,icl,label_noise,0.4,train_only,True,low,True,ok,,0.614065180102916,0.6582664171929005,0.670996180613005,0.9680428622258176,0.068228485455361,0.018444467274135,1358,catboost_cal,0.4972392963919725,True,utility_gap;nll,
steel-plates-fault,tabpfn_client,icl,label_noise,0.0,train_only,True,low,True,ok,,1.0,1.0,1.6972600752189995e-05,2.4486286936172795e-05,1.6971511110241977e-05,0.499989259811697,1358,catboost_cal,0.4972392963919725,False,,
steel-plates-fault,tabpfn_client,icl,label_noise,0.05,train_only,True,low,True,ok,,1.0,1.0,0.038200442322979,0.0551115886991267,0.0374196181659245,0.4759825997570771,1358,catboost_cal,0.4972392963919725,False,,
steel-plates-fault,tabpfn_client,icl,label_noise,0.1,train_only,True,low,True,ok,,1.0,1.0,0.0870314119561557,0.1255597864307103,0.0831591056192182,0.4457002429469432,1358,catboost_cal,0.4972392963919725,True,utility_gap,
steel-plates-fault,tabpfn_client,icl,label_noise,0.2,train_only,True,low,True,ok,,1.0,1.0,0.2006191639293778,0.2894322729082034,0.181187621330916,0.3769327938613558,1358,catboost_cal,0.4972392963919725,True,utility_gap;ece,
steel-plates-fault,tabpfn_client,icl,label_noise,0.3,train_only,True,low,True,ok,,1.0,1.0,0.3380751750259446,0.4877393784575986,0.2861744929725183,0.2964432878682168,1358,catboost_cal,0.4972392963919725,True,utility_gap;ece,
steel-plates-fault,tabpfn_client,icl,label_noise,0.4,train_only,True,low,True,ok,,0.9639794168096056,0.9938800966710843,0.5611007410566097,0.8094972565614932,0.3907803337806075,0.1714497026317509,1358,catboost_cal,0.4972392963919725,True,utility_gap;ece;nll,
vehicle,tabicl,icl,covariate_shift,0.0,test_only,True,low,True,ok,,0.8818897637795275,0.9836539381975236,0.2206303277568691,0.1591511398622708,0.0503117793051579,0.4187546451163496,592,catboost_cal,0.3072816026080121,False,,
vehicle,tabicl,icl,covariate_shift,0.05,test_only,True,low,True,ok,,0.8346456692913385,0.9597874878319466,0.3389089788665012,0.2444711515617219,0.0445542814469187,0.3788702693769817,592,catboost_cal,0.3072816026080121,False,,
vehicle,tabicl,icl,covariate_shift,0.1,test_only,True,low,True,ok,,0.7637795275590551,0.9390061128526777,0.4986993661590115,0.3597355512260376,0.0435392966985051,0.3265905439247831,592,catboost_cal,0.3072816026080121,False,,
vehicle,tabicl,icl,covariate_shift,0.2,test_only,True,low,True,ok,,0.5905511811023622,0.9176131394673684,0.7697816313654458,0.5552800710691723,0.1146771700726176,0.2202278206436579,592,catboost_cal,0.3072816026080121,True,utility_gap;ece,
vehicle,tabicl,icl,covariate_shift,0.3,test_only,True,low,True,ok,,0.5354330708661418,0.8816646521091973,0.9733813131475616,0.7021461966859871,0.115773677318211,0.1550989943987019,592,catboost_cal,0.3072816026080121,True,utility_gap;ece,
vehicle,tabicl,icl,covariate_shift,0.4,test_only,True,low,True,ok,,0.5118110236220472,0.836166012706258,1.1059609342440315,0.7977821776253946,0.0625089248481547,0.1175933197332479,592,catboost_cal,0.3072816026080121,True,utility_gap;nll,
vehicle,tabpfn_client,icl,covariate_shift,0.0,test_only,True,low,True,ok,,0.8937007874015748,0.9798701481267272,0.253245372034117,0.1826779211808506,0.0352998662761962,0.4151463203450962,592,catboost_cal,0.3072816026080121,False,,
vehicle,tabpfn_client,icl,covariate_shift,0.05,test_only,True,low,True,ok,,0.8110236220472441,0.9539192814696832,0.3587648531146524,0.2587941372168832,0.0427063368443912,0.3693457832875325,592,catboost_cal,0.3072816026080121,False,,
vehicle,tabpfn_client,icl,covariate_shift,0.1,test_only,True,low,True,ok,,0.6968503937007874,0.9358189445515224,0.5444367961002221,0.3927281329056331,0.077439617848418,0.2987578262067774,592,catboost_cal,0.3072816026080121,False,,
vehicle,tabpfn_client,icl,covariate_shift,0.2,test_only,True,low,True,ok,,0.5393700787401575,0.9169880782716936,0.8665227883503688,0.625064064785177,0.1906050959241229,0.1762111005857387,592,catboost_cal,0.3072816026080121,True,utility_gap;ece,
vehicle,tabpfn_client,icl,covariate_shift,0.3,test_only,True,low,True,ok,,0.5748031496062992,0.8860196912084544,0.9125827848807968,0.6582893290740826,0.0537294842633097,0.1880946687890171,592,catboost_cal,0.3072816026080121,True,utility_gap,
vehicle,tabpfn_client,icl,covariate_shift,0.4,test_only,True,low,True,ok,,0.4921259842519685,0.8328643694158904,1.1258483736376397,0.8121279327199638,0.0713324117604814,0.1074165647652714,592,catboost_cal,0.3072816026080121,True,utility_gap;nll,
vehicle,tabicl,icl,label_noise,0.0,train_only,True,low,True,ok,,0.8818897637795275,0.9836539381975236,0.2206303277568691,0.1591511398622708,0.0503117793051579,0.4187546451163496,592,catboost_cal,0.3072816026080121,False,,
vehicle,tabicl,icl,label_noise,0.05,train_only,True,low,True,ok,,0.8661417322834646,0.9766148768206808,0.3005644719592075,0.2168114365814793,0.0656607456263987,0.3935608866300343,592,catboost_cal,0.3072816026080121,False,,
vehicle,tabicl,icl,label_noise,0.1,train_only,True,low,True,ok,,0.8818897637795275,0.974613962432736,0.3364718416879047,0.2427131287009582,0.0977240523648169,0.3810396023351359,592,catboost_cal,0.3072816026080121,False,,
vehicle,tabicl,icl,label_noise,0.2,train_only,True,low,True,ok,,0.8346456692913385,0.9602231142539912,0.4717811157227211,0.3403181380191159,0.1283218930910606,0.3335151203586507,592,catboost_cal,0.3072816026080121,True,ece,
vehicle,tabicl,icl,label_noise,0.3,train_only,True,low,True,ok,,0.7637795275590551,0.9352571286629208,0.684059861612365,0.4934448850096748,0.2020894862168449,0.2534555614196091,592,catboost_cal,0.3072816026080121,True,utility_gap;ece,
vehicle,tabicl,icl,label_noise,0.4,train_only,True,low,True,ok,,0.7440944881889764,0.9162070855971765,0.8153063792433919,0.588119235069789,0.259829732145773,0.2038849362372668,592,catboost_cal,0.3072816026080121,True,utility_gap;ece,
vehicle,tabpfn_client,icl,label_noise,0.0,train_only,True,low,True,ok,,0.8937007874015748,0.9798701481267272,0.253245372034117,0.1826779211808506,0.0352998662761962,0.4151463203450962,592,catboost_cal,0.3072816026080121,False,,
vehicle,tabpfn_client,icl,label_noise,0.05,train_only,True,low,True,ok,,0.8503937007874016,0.973989956073134,0.3309363920094351,0.238720145800849,0.0753204902881261,0.3817753979458272,592,catboost_cal,0.3072816026080121,False,,
vehicle,tabpfn_client,icl,label_noise,0.1,train_only,True,low,True,ok,,0.8661417322834646,0.9705487924242164,0.3684711419292749,0.2657957445860291,0.1056541467755335,0.3687437844600799,592,catboost_cal,0.3072816026080121,True,ece,
vehicle,tabpfn_client,icl,label_noise,0.2,train_only,True,low,True,ok,,0.8346456692913385,0.9632667108945596,0.4920131521805498,0.3549124673515131,0.169065517326538,0.3220533555360351,592,catboost_cal,0.3072816026080121,True,ece,
vehicle,tabpfn_client,icl,label_noise,0.3,train_only,True,low,True,ok,,0.7834645669291339,0.9428965875842572,0.6563496429475727,0.4734561874848524,0.2205378464238698,0.2613890651636303,592,catboost_cal,0.3072816026080121,True,utility_gap;ece,
vehicle,tabpfn_client,icl,label_noise,0.4,train_only,True,low,True,ok,,0.7125984251968503,0.911757878224534,0.8226833765987945,0.5934406138204342,0.2425199192338608,0.199468853165212,592,catboost_cal,0.3072816026080121,True,utility_gap;ece,
wdbc,tabicl,icl,covariate_shift,0.0,test_only,True,low,True,ok,,0.9824561403508772,0.9982476635514018,0.0519089195060862,0.0748887407493349,0.0300643020091723,0.4682756206689872,398,xgboost_cal,0.4253806369983946,False,,
wdbc,tabicl,icl,covariate_shift,0.05,test_only,True,low,True,ok,,0.8947368421052632,0.9964953271028038,0.1569152367339739,0.2263808338760219,0.0538768998846129,0.4042942606620416,398,xgboost_cal,0.4253806369983946,False,,
wdbc,tabicl,icl,covariate_shift,0.1,test_only,True,low,True,ok,,0.7953216374269005,0.9944509345794392,0.4931840950697626,0.7115142482024576,0.1195689655248335,0.2299880051511347,398,xgboost_cal,0.4253806369983946,True,utility_gap;ece,
wdbc,tabicl,icl,covariate_shift,0.2,test_only,True,low,True,ok,,0.5263157894736842,0.9880257009345794,1.6720894168938398,2.412315109675661,0.3755327149948954,-0.374044712153522,398,xgboost_cal,0.4253806369983946,True,utility_gap;ece;nll,
wdbc,tabicl,icl,covariate_shift,0.3,test_only,True,low,True,ok,,0.391812865497076,0.9487441588785046,3.2297187810740526,4.659499268921484,0.5786298225615125,-1.1227433597567094,398,xgboost_cal,0.4253806369983946,True,utility_gap;ece;nll,
wdbc,tabicl,icl,covariate_shift,0.4,test_only,True,low,True,ok,,0.3742690058479532,0.8558703271028038,4.503415288169318,6.4970549033054175,0.6178057188720757,-1.716982649402866,398,xgboost_cal,0.4253806369983946,True,utility_gap;ece;nll,
wdbc,tabpfn_client,icl,covariate_shift,0.0,test_only,True,low,True,ok,,0.9766081871345028,0.9986857476635514,0.0591542694164608,0.0853415711345377,0.0268045866140171,0.4650678510892536,398,xgboost_cal,0.4253806369983946,False,,
wdbc,tabpfn_client,icl,covariate_shift,0.05,test_only,True,low,True,ok,,0.9239766081871345,0.9970794392523364,0.1519289436132686,0.2191871335183616,0.0390090434180143,0.4140163462272765,398,xgboost_cal,0.4253806369983946,False,,
wdbc,tabpfn_client,icl,covariate_shift,0.1,test_only,True,low,True,ok,,0.7719298245614035,0.9947429906542056,0.5782135923647986,0.8341858822792876,0.1575880128409204,0.1821761531612121,398,xgboost_cal,0.4253806369983946,True,utility_gap;ece;nll,
wdbc,tabpfn_client,icl,covariate_shift,0.2,test_only,True,low,True,ok,,0.4210526315789473,0.990070093457944,1.9259309130179616,2.778530977305767,0.4859942379549571,-0.521075713335599,398,xgboost_cal,0.4253806369983946,True,utility_gap;ece;nll,
wdbc,tabpfn_client,icl,covariate_shift,0.3,test_only,True,low,True,ok,,0.3859649122807017,0.9779497663551402,3.615369085017952,5.215875049938668,0.597175090994229,-1.2840203781140416,398,xgboost_cal,0.4253806369983946,True,utility_gap;ece;nll,
wdbc,tabpfn_client,icl,covariate_shift,0.4,test_only,True,low,True,ok,,0.3742690058479532,0.8844918224299065,5.322723586143002,7.679066921751228,0.6228685938490632,-2.062581306567521,398,xgboost_cal,0.4253806369983946,True,utility_gap;ece;nll,
wdbc,tabicl,icl,label_noise,0.0,train_only,True,low,True,ok,,0.9824561403508772,0.9982476635514018,0.0519089195060862,0.0748887407493349,0.0300643020091723,0.4682756206689872,398,xgboost_cal,0.4253806369983946,False,,
wdbc,tabicl,icl,label_noise,0.05,train_only,True,low,True,ok,,0.9766081871345028,0.9959112149532712,0.1109866364054959,0.1601198699471555,0.0575854655447296,0.4355070992107276,398,xgboost_cal,0.4253806369983946,False,,
wdbc,tabicl,icl,label_noise,0.1,train_only,True,low,True,ok,,0.9649122807017544,0.9954731308411215,0.1535623698111658,0.221543669393726,0.096226408505196,0.4074440553804986,398,xgboost_cal,0.4253806369983946,False,,
wdbc,tabicl,icl,label_noise,0.2,train_only,True,low,True,ok,,0.9181286549707602,0.9813084112149532,0.2946807707871735,0.4251344866599926,0.1794666419399751,0.3177435677848548,398,xgboost_cal,0.4253806369983946,True,utility_gap;ece,
wdbc,tabicl,icl,label_noise,0.3,train_only,True,low,True,ok,,0.9298245614035088,0.9785338785046728,0.3834967420084957,0.553268847892731,0.2391259920426915,0.2681546889108041,398,xgboost_cal,0.4253806369983946,True,utility_gap;ece,
wdbc,tabicl,icl,label_noise,0.4,train_only,True,low,True,ok,,0.7660818713450293,0.880841121495327,0.546478510872622,0.7884018375883173,0.1718243157534401,0.1523212587979356,398,xgboost_cal,0.4253806369983946,True,utility_gap;ece;nll,
wdbc,tabpfn_client,icl,label_noise,0.0,train_only,True,low,True,ok,,0.9766081871345028,0.9986857476635514,0.0591542694164608,0.0853415711345377,0.0268045866140171,0.4650678510892536,398,xgboost_cal,0.4253806369983946,False,,
wdbc,tabpfn_client,icl,label_noise,0.05,train_only,True,low,True,ok,,0.9707602339181286,0.9916764018691588,0.1104835042617682,0.1593940036984877,0.063580549747344,0.4321664646829097,398,xgboost_cal,0.4253806369983946,False,,
wdbc,tabpfn_client,icl,label_noise,0.1,train_only,True,low,True,ok,,0.9649122807017544,0.9951810747663552,0.1560232276665173,0.2250939368179743,0.1028397454085918,0.4049540881463767,398,xgboost_cal,0.4253806369983946,True,ece,
wdbc,tabpfn_client,icl,label_noise,0.2,train_only,True,low,True,ok,,0.95906432748538,0.9921144859813084,0.2584410478946433,0.372851618159749,0.1706733728228169,0.3451095592037768,398,xgboost_cal,0.4253806369983946,True,utility_gap;ece,
wdbc,tabpfn_client,icl,label_noise,0.3,train_only,True,low,True,ok,,0.9473684210526316,0.9813084112149532,0.3817054906363532,0.5506846184211555,0.2457156686809739,0.2712146878205869,398,xgboost_cal,0.4253806369983946,True,utility_gap;ece,
wdbc,tabpfn_client,icl,label_noise,0.4,train_only,True,low,True,ok,,0.6608187134502924,0.8672605140186916,0.6212418148936919,0.8962624855399887,0.1164938069554557,0.1104864798709981,398,xgboost_cal,0.4253806369983946,True,utility_gap;ece;nll,
car,tabicl,icl,covariate_shift,0.0,test_only,True,low,True,ok,,0.9845857418111752,0.999822710303867,0.0289016395146276,0.0208481260006569,0.0097871679542733,0.489413938486978,1209,xgboost_cal,0.4734854435065447,False,,
car,tabicl,icl,covariate_shift,0.05,test_only,True,low,True,ok,,0.9903660886319846,0.9998584447225508,0.0264955686710647,0.019112512763639,0.0123393096837523,0.4903037531818482,1209,xgboost_cal,0.4734854435065447,False,,
car,tabicl,icl,covariate_shift,0.1,test_only,True,low,True,ok,,0.9922928709055876,0.9998236764996048,0.0289606118852516,0.0208906655739812,0.0117728615696156,0.4901604454245823,1209,xgboost_cal,0.4734854435065447,False,,
car,tabicl,icl,covariate_shift,0.2,test_only,True,low,True,ok,,0.9903660886319846,0.9998388532225068,0.0282836815351515,0.0204023635444229,0.010529660222848,0.4902718708147785,1209,xgboost_cal,0.4734854435065447,False,,
car,tabicl,icl,covariate_shift,0.3,test_only,True,low,True,ok,,0.9903660886319846,0.9998584447225508,0.0254075463704012,0.0183276705748671,0.0137706906885989,0.4902529296375105,1209,xgboost_cal,0.4734854435065447,False,,
car,tabicl,icl,covariate_shift,0.4,test_only,True,low,True,ok,,0.9922928709055876,0.9998432679996488,0.0274756082523576,0.0198194618855421,0.0100368188090926,0.490835872108234,1209,xgboost_cal,0.4734854435065447,False,,
car,tabpfn_client,icl,covariate_shift,0.0,test_only,True,low,True,ok,,0.9942196531791908,0.9999348783312504,0.0241180360664161,0.0173974855144998,0.0118378272497594,0.4915233442885144,1209,xgboost_cal,0.4734854435065447,False,,
car,tabpfn_client,icl,covariate_shift,0.05,test_only,True,low,True,ok,,0.9961464354527938,0.9999750275270762,0.0193610691256715,0.0139660592069573,0.0114797987070505,0.4929274474488984,1209,xgboost_cal,0.4734854435065447,False,,
car,tabpfn_client,icl,covariate_shift,0.1,test_only,True,low,True,ok,,0.9942196531791908,0.9999598508041744,0.0202522067844581,0.0146088791474977,0.0113811452570681,0.4924600029626766,1209,xgboost_cal,0.4734854435065447,False,,
car,tabpfn_client,icl,covariate_shift,0.2,test_only,True,low,True,ok,,0.9942196531791908,0.9999446740812724,0.0219311337101706,0.0158199689223679,0.0123319477688464,0.4919012036748443,1209,xgboost_cal,0.4734854435065447,False,,
car,tabpfn_client,icl,covariate_shift,0.3,test_only,True,low,True,ok,,0.9942196531791908,0.9999392931083926,0.0218609950024229,0.015769374539447,0.0123009485589698,0.4919206984911879,1209,xgboost_cal,0.4734854435065447,False,,
car,tabpfn_client,icl,covariate_shift,0.4,test_only,True,low,True,ok,,0.9961464354527938,0.9999099058583268,0.0222270681880345,0.0160334405241891,0.0140820547528613,0.4917639892605044,1209,xgboost_cal,0.4734854435065447,False,,
car,tabicl,icl,label_noise,0.0,train_only,True,low,True,ok,,0.9845857418111752,0.999822710303867,0.0289016395146276,0.0208481260006569,0.0097871679542733,0.489413938486978,1209,xgboost_cal,0.4734854435065447,False,,
car,tabicl,icl,label_noise,0.05,train_only,True,low,True,ok,,0.976878612716763,0.99911549842683,0.0878983114223563,0.0634052289957736,0.0399928933012744,0.4692020689979179,1209,xgboost_cal,0.4734854435065447,False,,
car,tabicl,icl,label_noise,0.1,train_only,True,low,True,ok,,0.957610789980732,0.9972347852688208,0.1554757191417373,0.1121520244922148,0.0768521276149066,0.4436577604705513,1209,xgboost_cal,0.4734854435065447,False,,
car,tabicl,icl,label_noise,0.2,train_only,True,low,True,ok,,0.9595375722543352,0.9939257547330764,0.2632358969016229,0.1898845615219649,0.1472478975512851,0.4053897020278804,1209,xgboost_cal,0.4734854435065447,True,utility_gap;ece,
car,tabicl,icl,label_noise,0.3,train_only,True,low,True,ok,,0.907514450867052,0.9838137168090412,0.4989677225980429,0.3599291294779282,0.2511459418251924,0.3222540413048052,1209,xgboost_cal,0.4734854435065447,True,utility_gap;ece,
car,tabicl,icl,label_noise,0.4,train_only,True,low,True,ok,,0.9132947976878611,0.9822335105524128,0.6529641443494758,0.471014066465647,0.3668569690578692,0.2661003345952556,1209,xgboost_cal,0.4734854435065447,True,utility_gap;ece,
car,tabpfn_client,icl,label_noise,0.0,train_only,True,low,True,ok,,0.9942196531791908,0.9999348783312504,0.0241180360664161,0.0173974855144998,0.0118378272497594,0.4915233442885144,1209,xgboost_cal,0.4734854435065447,False,,
car,tabpfn_client,icl,label_noise,0.05,train_only,True,low,True,ok,,0.9884393063583816,0.9995425571823972,0.0753279742722124,0.0543376474613661,0.0510232616185179,0.4715998444054827,1209,xgboost_cal,0.4734854435065447,False,,
car,tabpfn_client,icl,label_noise,0.1,train_only,True,low,True,ok,,0.9691714836223508,0.9978251352505124,0.1527047881642741,0.1101532203022989,0.0832868117867339,0.4449111914329955,1209,xgboost_cal,0.4734854435065447,False,,
car,tabpfn_client,icl,label_noise,0.2,train_only,True,low,True,ok,,0.9595375722543352,0.9943231819610808,0.2872641301412079,0.2072172679900012,0.1713373999255262,0.3955110891424229,1209,xgboost_cal,0.4734854435065447,True,utility_gap;ece,
car,tabpfn_client,icl,label_noise,0.3,train_only,True,low,True,ok,,0.9210019267822736,0.9906347887670166,0.4711829417890493,0.3398866467352673,0.2644062824715883,0.3300252145708989,1209,xgboost_cal,0.4734854435065447,True,utility_gap;ece,
car,tabpfn_client,icl,label_noise,0.4,train_only,True,low,True,ok,,0.9171483622350676,0.9848378800057872,0.6529587576773354,0.471010180803055,0.3695463388500589,0.2670531903263572,1209,xgboost_cal,0.4734854435065447,True,utility_gap;ece,
churn,tabicl,icl,covariate_shift,0.0,test_only,True,low,True,ok,,0.964,0.9176963699753896,0.1365219758302106,0.1969595775026077,0.0119854947402199,0.40430875729256,3500,catboost_cal,0.3945644947673971,False,,
churn,tabicl,icl,covariate_shift,0.05,test_only,True,low,True,ok,,0.9473333333333334,0.9116774581038324,0.1865790763570914,0.269176708194019,0.0374300063978345,0.3729480965985687,3500,catboost_cal,0.3945644947673971,False,,
churn,tabicl,icl,covariate_shift,0.1,test_only,True,low,True,ok,,0.9106666666666666,0.8911761689909763,0.2443547065183775,0.3525293233119413,0.0410181677767677,0.3345492285979057,3500,catboost_cal,0.3945644947673971,True,utility_gap,
churn,tabicl,icl,covariate_shift,0.2,test_only,True,low,True,ok,,0.818,0.8226297902261807,0.4248466409256972,0.6129241420018375,0.059271809001182,0.2148888221783755,3500,catboost_cal,0.3945644947673971,True,utility_gap,
churn,tabicl,icl,covariate_shift,0.3,test_only,True,low,True,ok,,0.7166666666666667,0.7699556135005274,0.568306941674263,0.8198936064562327,0.1103471554709613,0.1089469516941225,3500,catboost_cal,0.3945644947673971,True,utility_gap;ece;nll,
churn,tabicl,icl,covariate_shift,0.4,test_only,True,low,True,ok,,0.5586666666666666,0.6916603187624516,0.9583812794742274,1.3826519191782876,0.271971852431634,-0.143308834672955,3500,catboost_cal,0.3945644947673971,True,utility_gap;ece;nll,
churn,tabpfn_client,icl,covariate_shift,0.0,test_only,True,low,True,ok,,0.97,0.924894527129966,0.1239100631252576,0.1787644335870476,0.0157136821028667,0.4124410179988005,3500,catboost_cal,0.3945644947673971,False,,
churn,tabpfn_client,icl,covariate_shift,0.05,test_only,True,low,True,ok,,0.944,0.9249183317707724,0.1719286148540551,0.2480405600368539,0.0149004526682019,0.3879291575750737,3500,catboost_cal,0.3945644947673971,False,,
churn,tabpfn_client,icl,covariate_shift,0.1,test_only,True,low,True,ok,,0.8986666666666666,0.8695469061291458,0.2538369382314944,0.3662092919810151,0.0427917743781973,0.320720274675257,3500,catboost_cal,0.3945644947673971,True,utility_gap,
churn,tabpfn_client,icl,covariate_shift,0.2,test_only,True,low,True,ok,,0.816,0.7879702332122349,0.4636324383728756,0.6688802196358057,0.1129710201911718,0.1749313116953061,3500,catboost_cal,0.3945644947673971,True,utility_gap;ece,
churn,tabpfn_client,icl,covariate_shift,0.3,test_only,True,low,True,ok,,0.6806666666666666,0.7205481659439823,0.881327876347817,1.271487356604197,0.2354395708625496,-0.0742422630733753,3500,catboost_cal,0.3945644947673971,True,utility_gap;ece;nll,
churn,tabpfn_client,icl,covariate_shift,0.4,test_only,True,low,True,ok,,0.572,0.7122348529239423,0.9554169279508402,1.3783752639360454,0.3136407348424992,-0.1411585276259336,3500,catboost_cal,0.3945644947673971,True,utility_gap;ece;nll,
churn,tabicl,icl,label_noise,0.0,train_only,True,low,True,ok,,0.964,0.9176963699753896,0.1365219758302106,0.1969595775026077,0.0119854947402199,0.40430875729256,3500,catboost_cal,0.3945644947673971,False,,
churn,tabicl,icl,label_noise,0.05,train_only,True,low,True,ok,,0.9533333333333334,0.9244037853041134,0.1663243175138433,0.2399552680564631,0.035362429423272,0.3874822585548462,3500,catboost_cal,0.3945644947673971,False,,
churn,tabicl,icl,label_noise,0.1,train_only,True,low,True,ok,,0.9566666666666668,0.917982025665065,0.1979596559497163,0.2855954139347411,0.0830485207175076,0.3625053806588488,3500,catboost_cal,0.3945644947673971,True,utility_gap,
churn,tabicl,icl,label_noise,0.2,train_only,True,low,True,ok,,0.9313333333333332,0.8871953005976796,0.3255145253639643,0.469618191479916,0.1675290034601365,0.2758270970731857,3500,catboost_cal,0.3945644947673971,True,utility_gap;ece,
churn,tabicl,icl,label_noise,0.3,train_only,True,low,True,ok,,0.3326666666666666,0.5747410787530763,0.8923547505199505,1.2873957732888408,0.3193589010405988,-0.1990311346311953,3500,catboost_cal,0.3945644947673971,True,utility_gap;ece;nll,
churn,tabicl,icl,label_noise,0.4,train_only,True,low,True,ok,,0.596,0.5839278389780851,0.6721538658063518,0.9697130489131696,0.0268076194416335,-0.0025006949199477,3500,catboost_cal,0.3945644947673971,True,utility_gap;nll,
churn,tabpfn_client,icl,label_noise,0.0,train_only,True,low,True,ok,,0.97,0.924894527129966,0.1239100631252576,0.1787644335870476,0.0157136821028667,0.4124410179988005,3500,catboost_cal,0.3945644947673971,False,,
churn,tabpfn_client,icl,label_noise,0.05,train_only,True,low,True,ok,,0.9673333333333334,0.9250300304699404,0.1468338675624693,0.2118364925669213,0.0402328007288154,0.3972630027486395,3500,catboost_cal,0.3945644947673971,False,,
churn,tabpfn_client,icl,label_noise,0.1,train_only,True,low,True,ok,,0.9613333333333334,0.9233527188562052,0.1896405842315013,0.2735935304220727,0.0870046961260248,0.367894453247845,3500,catboost_cal,0.3945644947673971,False,,
churn,tabpfn_client,icl,label_noise,0.2,train_only,True,low,True,ok,,0.9333333333333332,0.9070556955349818,0.3107592220101522,0.448330788504559,0.1683495698044401,0.2893003429249879,3500,catboost_cal,0.3945644947673971,True,utility_gap;ece,
churn,tabpfn_client,icl,label_noise,0.3,train_only,True,low,True,ok,,0.924,0.890363148951131,0.4300839078360377,0.6204799210011976,0.2490900570250188,0.2142651144275328,3500,catboost_cal,0.3945644947673971,True,utility_gap;ece,
churn,tabpfn_client,icl,label_noise,0.4,train_only,True,low,True,ok,,0.8586666666666667,0.8014528155396695,0.5805391426490268,0.8375409421416815,0.2778243648616307,0.1024813298240537,3500,catboost_cal,0.3945644947673971,True,utility_gap;ece;nll,
credit-approval,tabicl,icl,covariate_shift,0.0,test_only,True,low,True,ok,,0.8743961352657005,0.9417769376181474,0.2850065065644217,0.411177473641579,0.0399898629561145,0.3294301337725099,483,catboost_cal,0.2897847195374508,False,,
credit-approval,tabicl,icl,covariate_shift,0.05,test_only,True,low,True,ok,,0.8647342995169082,0.951039697542533,0.3250065363102417,0.4688853181912846,0.0609470334543049,0.3097190369191764,483,catboost_cal,0.2897847195374508,False,,
credit-approval,tabicl,icl,covariate_shift,0.1,test_only,True,low,True,ok,,0.8647342995169082,0.9494328922495276,0.3701650655739156,0.5340353044138261,0.072218649362125,0.287357336018298,483,catboost_cal,0.2897847195374508,False,,
credit-approval,tabicl,icl,covariate_shift,0.2,test_only,True,low,True,ok,,0.8647342995169082,0.9492438563327033,0.392476996261396,0.5662246161693122,0.0751949271115702,0.2770391243708747,483,catboost_cal,0.2897847195374508,False,,
credit-approval,tabicl,icl,covariate_shift,0.3,test_only,True,low,True,ok,,0.8647342995169082,0.9459357277882796,0.4199708893430912,0.6058899193730053,0.06797868390831,0.2654249370598705,483,catboost_cal,0.2897847195374508,False,,
credit-approval,tabicl,icl,covariate_shift,0.4,test_only,True,low,True,ok,,0.8647342995169082,0.9449905482041588,0.4392693053924948,0.6337316485044919,0.0885465078830189,0.2526280406710404,483,catboost_cal,0.2897847195374508,True,utility_gap,
credit-approval,tabpfn_client,icl,covariate_shift,0.0,test_only,True,low,True,ok,,0.8840579710144928,0.946030245746692,0.2804733691328441,0.4046375387493738,0.0273131041142133,0.3368653992158612,483,catboost_cal,0.2897847195374508,False,,
credit-approval,tabpfn_client,icl,covariate_shift,0.05,test_only,True,low,True,ok,,0.8647342995169082,0.950945179584121,0.3448190320327867,0.497468707517834,0.0743017250160382,0.2984400005234207,483,catboost_cal,0.2897847195374508,False,,
credit-approval,tabpfn_client,icl,covariate_shift,0.1,test_only,True,low,True,ok,,0.8647342995169082,0.9494328922495274,0.372769195607705,0.537792269899404,0.0782321816291012,0.2850275399192294,483,catboost_cal,0.2897847195374508,False,,
credit-approval,tabpfn_client,icl,covariate_shift,0.2,test_only,True,low,True,ok,,0.8647342995169082,0.9494328922495274,0.4170112705817604,0.6016200920631115,0.0778809471768698,0.2659494401605634,483,catboost_cal,0.2897847195374508,False,,
credit-approval,tabpfn_client,icl,covariate_shift,0.3,test_only,True,low,True,ok,,0.8647342995169082,0.9477315689981096,0.4323196270801983,0.6237053820675681,0.0799712082825463,0.2583103378000949,483,catboost_cal,0.2897847195374508,True,utility_gap,
credit-approval,tabpfn_client,icl,covariate_shift,0.4,test_only,True,low,True,ok,,0.8647342995169082,0.9465028355387524,0.4402648108522745,0.6351678592944939,0.0881060971451198,0.2528145601487274,483,catboost_cal,0.2897847195374508,True,utility_gap,
credit-approval,tabicl,icl,label_noise,0.0,train_only,True,low,True,ok,,0.8743961352657005,0.9417769376181474,0.2850065065644217,0.411177473641579,0.0399898629561145,0.3294301337725099,483,catboost_cal,0.2897847195374508,False,,
credit-approval,tabicl,icl,label_noise,0.05,train_only,True,low,True,ok,,0.8695652173913043,0.9429111531190928,0.3029706182975406,0.4370942085529249,0.0761909806746464,0.3140872274995713,483,catboost_cal,0.2897847195374508,False,,
credit-approval,tabicl,icl,label_noise,0.1,train_only,True,low,True,ok,,0.8792270531400966,0.928638941398866,0.3318664073512791,0.478782020123327,0.0872933122004134,0.2958144189835367,483,catboost_cal,0.2897847195374508,False,,
credit-approval,tabicl,icl,label_noise,0.2,train_only,True,low,True,ok,,0.8695652173913043,0.9233459357277882,0.4042096885758153,0.583151313187601,0.1364067472220745,0.2513791167127263,483,catboost_cal,0.2897847195374508,True,utility_gap;ece,
credit-approval,tabicl,icl,label_noise,0.3,train_only,True,low,True,ok,,0.8647342995169082,0.9139886578449906,0.4905688922364938,0.7077413080439819,0.212899173003465,0.1947039481593953,483,catboost_cal,0.2897847195374508,True,utility_gap;ece,
credit-approval,tabicl,icl,label_noise,0.4,train_only,True,low,True,ok,,0.8115942028985508,0.8706049149338374,0.5514472391039454,0.7955701971671726,0.2048529452688282,0.1468092024577083,483,catboost_cal,0.2897847195374508,True,utility_gap;ece;nll,
credit-approval,tabpfn_client,icl,label_noise,0.0,train_only,True,low,True,ok,,0.8840579710144928,0.946030245746692,0.2804733691328441,0.4046375387493738,0.0273131041142133,0.3368653992158612,483,catboost_cal,0.2897847195374508,False,,
credit-approval,tabpfn_client,icl,label_noise,0.05,train_only,True,low,True,ok,,0.8792270531400966,0.9463137996219282,0.2910374410513545,0.4198782729178031,0.0622650208583019,0.3246774017916879,483,catboost_cal,0.2897847195374508,False,,
credit-approval,tabpfn_client,icl,label_noise,0.1,train_only,True,low,True,ok,,0.8792270531400966,0.9335538752362949,0.3264800554509414,0.4710111569482269,0.0774104774749967,0.3018424717242502,483,catboost_cal,0.2897847195374508,False,,
credit-approval,tabpfn_client,icl,label_noise,0.2,train_only,True,low,True,ok,,0.8695652173913043,0.9248582230623816,0.4024249110116716,0.5805764234467211,0.140464602572938,0.2518693131319253,483,catboost_cal,0.2897847195374508,True,utility_gap;ece,
credit-approval,tabpfn_client,icl,label_noise,0.3,train_only,True,low,True,ok,,0.8647342995169082,0.9065217391304348,0.5071385610229466,0.7316462870313701,0.2229886985052678,0.1829011278127237,483,catboost_cal,0.2897847195374508,True,utility_gap;ece,
credit-approval,tabpfn_client,icl,label_noise,0.4,train_only,True,low,True,ok,,0.8357487922705314,0.8982986767485823,0.5597881239990835,0.8076035504420139,0.2402991003349765,0.1494259705029841,483,catboost_cal,0.2897847195374508,True,utility_gap;ece;nll,
credit-g,tabicl,icl,covariate_shift,0.0,test_only,True,low,True,ok,,0.7533333333333333,0.789021164021164,0.4947840260602684,0.713822460708225,0.0483493046084377,0.1653408082732523,700,catboost_cal,0.1752229023743339,False,,
credit-g,tabicl,icl,covariate_shift,0.05,test_only,True,low,True,ok,,0.74,0.78505291005291,0.4987413957524065,0.7195317383380369,0.0510344091823499,0.1597021151806374,700,catboost_cal,0.1752229023743339,False,,
credit-g,tabicl,icl,covariate_shift,0.1,test_only,True,low,True,ok,,0.73,0.7796560846560847,0.5029350537082187,0.7255819078740716,0.0438057073198731,0.1559439158034335,700,catboost_cal,0.1752229023743339,False,,
credit-g,tabicl,icl,covariate_shift,0.2,test_only,True,low,True,ok,,0.73,0.7805026455026455,0.5125950472084991,0.7395183325919458,0.0625144051923243,0.1483175451098772,700,catboost_cal,0.1752229023743339,False,,
credit-g,tabicl,icl,covariate_shift,0.3,test_only,True,low,True,ok,,0.7266666666666667,0.7770370370370371,0.5155943813011468,0.7438454570133778,0.0349760588753798,0.1508141140838736,700,catboost_cal,0.1752229023743339,False,,
credit-g,tabicl,icl,covariate_shift,0.4,test_only,True,low,True,ok,,0.74,0.7781481481481481,0.5316314236491564,0.7669820184793775,0.0605531423205129,0.1411466178439359,700,catboost_cal,0.1752229023743339,True,utility_gap;nll,
credit-g,tabpfn_client,icl,covariate_shift,0.0,test_only,True,low,True,ok,,0.7533333333333333,0.7892592592592592,0.4964670915339511,0.7162506109205983,0.0462841672255121,0.1651087240194588,700,catboost_cal,0.1752229023743339,False,,
credit-g,tabpfn_client,icl,covariate_shift,0.05,test_only,True,low,True,ok,,0.76,0.7908465608465608,0.4962932142759576,0.7159997590627677,0.0477522545633226,0.1664459176648014,700,catboost_cal,0.1752229023743339,False,,
credit-g,tabpfn_client,icl,covariate_shift,0.1,test_only,True,low,True,ok,,0.74,0.7914814814814815,0.4968180633940735,0.7167569562826884,0.0478163079776893,0.1634281700381741,700,catboost_cal,0.1752229023743339,False,,
credit-g,tabpfn_client,icl,covariate_shift,0.2,test_only,True,low,True,ok,,0.75,0.7889417989417989,0.500781605981007,0.7224751395172097,0.0367034265027732,0.164546402473912,700,catboost_cal,0.1752229023743339,False,,
credit-g,tabpfn_client,icl,covariate_shift,0.3,test_only,True,low,True,ok,,0.7466666666666667,0.7850264550264551,0.5081096739413543,0.7330473068229001,0.0423958957880729,0.1583658880547746,700,catboost_cal,0.1752229023743339,False,,
credit-g,tabpfn_client,icl,covariate_shift,0.4,test_only,True,low,True,ok,,0.7333333333333333,0.7856613756613757,0.5216294318480016,0.7525521945088395,0.0304862448499409,0.1531185741588414,700,catboost_cal,0.1752229023743339,True,nll,
credit-g,tabicl,icl,label_noise,0.0,train_only,True,low,True,ok,,0.7533333333333333,0.789021164021164,0.4947840260602684,0.713822460708225,0.0483493046084377,0.1653408082732523,700,catboost_cal,0.1752229023743339,False,,
credit-g,tabicl,icl,label_noise,0.05,train_only,True,low,True,ok,,0.75,0.7814021164021163,0.5005564940968737,0.7221503717183255,0.0356004456765822,0.1622255400899266,700,catboost_cal,0.1752229023743339,False,,
credit-g,tabicl,icl,label_noise,0.1,train_only,True,low,True,ok,,0.7433333333333333,0.781825396825397,0.511735619702501,0.7382784407910388,0.0508579900456596,0.1534837586424453,700,catboost_cal,0.1752229023743339,False,,
credit-g,tabicl,icl,label_noise,0.2,train_only,True,low,True,ok,,0.7233333333333334,0.7462962962962965,0.5602957745221755,0.8083359353341835,0.1002752689911137,0.1071478693052259,700,catboost_cal,0.1752229023743339,True,utility_gap;ece;nll,
credit-g,tabicl,icl,label_noise,0.3,train_only,True,low,True,ok,,0.68,0.7294179894179894,0.5812358444183622,0.8385460703292802,0.1143187807703886,0.0828687190434345,700,catboost_cal,0.1752229023743339,True,utility_gap;ece;nll,
credit-g,tabicl,icl,label_noise,0.4,train_only,True,low,True,ok,,0.59,0.5888359788359788,0.659175281148899,0.9509889091901048,0.0468470969274195,-7.349954992274567e-05,700,catboost_cal,0.1752229023743339,True,utility_gap;nll,
credit-g,tabpfn_client,icl,label_noise,0.0,train_only,True,low,True,ok,,0.7533333333333333,0.7892592592592592,0.4964670915339511,0.7162506109205983,0.0462841672255121,0.1651087240194588,700,catboost_cal,0.1752229023743339,False,,
credit-g,tabpfn_client,icl,label_noise,0.05,train_only,True,low,True,ok,,0.7666666666666667,0.781957671957672,0.4990130793017098,0.7199236948473078,0.035757014954738,0.1655566737400452,700,catboost_cal,0.1752229023743339,False,,
credit-g,tabpfn_client,icl,label_noise,0.1,train_only,True,low,True,ok,,0.7533333333333333,0.7877777777777778,0.5086285110372988,0.7337958305282484,0.0676598774065583,0.155051497582436,700,catboost_cal,0.1752229023743339,False,,
credit-g,tabpfn_client,icl,label_noise,0.2,train_only,True,low,True,ok,,0.7333333333333333,0.7415873015873016,0.5652316050435476,0.8154568335500354,0.1003700858477898,0.1048444883209869,700,catboost_cal,0.1752229023743339,True,utility_gap;ece;nll,
credit-g,tabpfn_client,icl,label_noise,0.3,train_only,True,low,True,ok,,0.7033333333333334,0.7322222222222223,0.5811445050746393,0.8384142955110532,0.1474704698382645,0.0807593951568089,700,catboost_cal,0.1752229023743339,True,utility_gap;ece;nll,
credit-g,tabpfn_client,icl,label_noise,0.4,train_only,True,low,True,ok,,0.6733333333333333,0.5478835978835979,0.6659106264694669,0.9607059584827627,0.1356962437776557,-0.0225917770411007,700,catboost_cal,0.1752229023743339,True,utility_gap;ece;nll,
eucalyptus,tabicl,icl,covariate_shift,0.0,test_only,True,low,True,ok,,0.7104072398190046,0.9326748808637768,0.6385980157096695,0.3967832563008655,0.0648142359656009,0.3009994701917927,515,catboost_cal,0.2379561488237918,False,,
eucalyptus,tabicl,icl,covariate_shift,0.05,test_only,True,low,True,ok,,0.4027149321266968,0.8536337831371326,1.188052018285858,0.7381782230350584,0.2019602068030371,0.0973335556458759,515,catboost_cal,0.2379561488237918,True,utility_gap;ece,
eucalyptus,tabicl,icl,covariate_shift,0.1,test_only,True,low,True,ok,,0.4117647058823529,0.8358560512204412,1.2255831417481415,0.7614976211754451,0.2007068855719441,0.0857236603424849,515,catboost_cal,0.2379561488237918,True,utility_gap;ece;nll,
eucalyptus,tabicl,icl,covariate_shift,0.2,test_only,True,low,True,ok,,0.3574660633484163,0.8009687706521165,1.3784639201078737,0.8564877895930118,0.2770286389089371,0.0216069145708122,515,catboost_cal,0.2379561488237918,True,utility_gap;ece;nll,
eucalyptus,tabicl,icl,covariate_shift,0.3,test_only,True,low,True,ok,,0.3484162895927601,0.7569693488966011,1.7263873335894575,1.0726647609403483,0.378080994940361,-0.0802139117174523,515,catboost_cal,0.2379561488237918,True,utility_gap;ece;nll,
eucalyptus,tabicl,icl,covariate_shift,0.4,test_only,True,low,True,ok,,0.3303167420814479,0.7348718161854719,1.9113602584279905,1.1875949010901985,0.4199378091180345,-0.133513385173534,515,catboost_cal,0.2379561488237918,True,utility_gap;ece;nll,
eucalyptus,tabpfn_client,icl,covariate_shift,0.0,test_only,True,low,True,ok,,0.7013574660633484,0.9275757593595582,0.6500459862786488,0.4038962803451826,0.0799214813506341,0.292701955311666,515,catboost_cal,0.2379561488237918,False,,
eucalyptus,tabpfn_client,icl,covariate_shift,0.05,test_only,True,low,True,ok,,0.4615384615384615,0.8560397605989818,1.0541412066383622,0.6549747576432371,0.1784964387933678,0.1366529703887681,515,catboost_cal,0.2379561488237918,True,utility_gap;ece,
eucalyptus,tabpfn_client,icl,covariate_shift,0.1,test_only,True,low,True,ok,,0.4298642533936652,0.8299460018696584,1.181272904775814,0.7339661229859231,0.2186930739849562,0.091032286970662,515,catboost_cal,0.2379561488237918,True,utility_gap;ece,
eucalyptus,tabpfn_client,icl,covariate_shift,0.2,test_only,True,low,True,ok,,0.3529411764705882,0.7866121770575143,1.4800216196538254,0.9195891361944204,0.3101880592596873,-0.0096589142695453,515,catboost_cal,0.2379561488237918,True,utility_gap;ece;nll,
eucalyptus,tabpfn_client,icl,covariate_shift,0.3,test_only,True,low,True,ok,,0.3167420814479638,0.755113121016756,1.797433483070936,1.1168082155791352,0.3877271406185807,-0.1007869882243975,515,catboost_cal,0.2379561488237918,True,utility_gap;ece;nll,
eucalyptus,tabpfn_client,icl,covariate_shift,0.4,test_only,True,low,True,ok,,0.2760180995475113,0.7191446202421068,2.149375830558976,1.3354822910243729,0.4681135170703823,-0.2011640587045242,515,catboost_cal,0.2379561488237918,True,utility_gap;ece;nll,
eucalyptus,tabicl,icl,label_noise,0.0,train_only,True,low,True,ok,,0.7104072398190046,0.9326748808637768,0.6385980157096695,0.3967832563008655,0.0648142359656009,0.3009994701917927,515,catboost_cal,0.2379561488237918,False,,
eucalyptus,tabicl,icl,label_noise,0.05,train_only,True,low,True,ok,,0.665158371040724,0.9232975462590124,0.6897440713436767,0.4285620874312035,0.0677226929629451,0.2808147320248128,515,catboost_cal,0.2379561488237918,False,,
eucalyptus,tabicl,icl,label_noise,0.1,train_only,True,low,True,ok,,0.7058823529411765,0.9211280539066996,0.7208066610673411,0.4478623595844087,0.0630840874898343,0.2813016464352318,515,catboost_cal,0.2379561488237918,False,,
eucalyptus,tabicl,icl,label_noise,0.2,train_only,True,low,True,ok,,0.6787330316742082,0.9184893662831344,0.816247157670886,0.5071628742959091,0.116676358749339,0.2477970989115877,515,catboost_cal,0.2379561488237918,True,ece,
eucalyptus,tabicl,icl,label_noise,0.3,train_only,True,low,True,ok,,0.6606334841628959,0.8945685121318634,0.9441707690152004,0.586646282979158,0.1855990774818499,0.1990803014804691,515,catboost_cal,0.2379561488237918,True,utility_gap;ece,
eucalyptus,tabicl,icl,label_noise,0.4,train_only,True,low,True,ok,,0.6199095022624435,0.8827900667055955,1.0995451904110063,0.6831858389293586,0.2049102295293406,0.1560251511016492,515,catboost_cal,0.2379561488237918,True,utility_gap;ece,
eucalyptus,tabpfn_client,icl,label_noise,0.0,train_only,True,low,True,ok,,0.7013574660633484,0.9275757593595582,0.6500459862786488,0.4038962803451826,0.0799214813506341,0.292701955311666,515,catboost_cal,0.2379561488237918,False,,
eucalyptus,tabpfn_client,icl,label_noise,0.05,train_only,True,low,True,ok,,0.7058823529411765,0.9244683383220248,0.6803457313288295,0.4227225704531095,0.0656317747933006,0.2895031452592922,515,catboost_cal,0.2379561488237918,False,,
eucalyptus,tabpfn_client,icl,label_noise,0.1,train_only,True,low,True,ok,,0.7149321266968326,0.9158950606736196,0.7514797255894226,0.4669206061219789,0.1034649613320843,0.2670339161372812,515,catboost_cal,0.2379561488237918,True,ece,
eucalyptus,tabpfn_client,icl,label_noise,0.2,train_only,True,low,True,ok,,0.665158371040724,0.9082801303533772,0.8436548858606109,0.5241922532970995,0.1086684245326707,0.2386804403841266,515,catboost_cal,0.2379561488237918,True,ece,
eucalyptus,tabpfn_client,icl,label_noise,0.3,train_only,True,low,True,ok,,0.665158371040724,0.8981374930522292,0.9576111183624436,0.5949972415612856,0.1865329631260162,0.1983161131307998,515,catboost_cal,0.2379561488237918,True,utility_gap;ece,
eucalyptus,tabpfn_client,icl,label_noise,0.4,train_only,True,low,True,ok,,0.6108597285067874,0.8923129150690656,1.1218492886925946,0.6970441543755603,0.2128434567856833,0.1522565418803863,515,catboost_cal,0.2379561488237918,True,utility_gap;ece,
kr-vs-kp,tabicl,icl,covariate_shift,0.0,test_only,True,low,True,ok,,0.9989572471324296,0.99998256761586,0.0057986564537183,0.0083656929095982,0.0045237324945836,0.4964230313636192,2237,catboost_cal,0.4860055133380243,False,,
kr-vs-kp,tabicl,icl,covariate_shift,0.05,test_only,True,low,True,ok,,0.9989572471324296,0.999986925711895,0.0058873391929958,0.0084936350577664,0.0038958572796136,0.496511749095775,2237,catboost_cal,0.4860055133380243,False,,
kr-vs-kp,tabicl,icl,covariate_shift,0.1,test_only,True,low,True,ok,,0.9989572471324296,0.999986925711895,0.0057214628169979,0.0082543260327135,0.003875375360112,0.4965876381871912,2237,catboost_cal,0.4860055133380243,False,,
kr-vs-kp,tabicl,icl,covariate_shift,0.2,test_only,True,low,True,ok,,0.9989572471324296,0.999978209519825,0.0060791789229436,0.0087704012848075,0.0038277865123151,0.4964392827138978,2237,catboost_cal,0.4860055133380243,False,,
kr-vs-kp,tabicl,icl,covariate_shift,0.3,test_only,True,low,True,ok,,0.9989572471324296,0.999978209519825,0.005897151562077,0.0085077913139791,0.0026114543626653,0.4967613321350763,2237,catboost_cal,0.4860055133380243,False,,
kr-vs-kp,tabicl,icl,covariate_shift,0.4,test_only,True,low,True,ok,,0.9989572471324296,0.99998256761586,0.0064510589459048,0.0093069107497392,0.0050512686239134,0.4960351587857109,2237,catboost_cal,0.4860055133380243,False,,
kr-vs-kp,tabpfn_client,icl,covariate_shift,0.0,test_only,True,low,True,ok,,0.9989572471324296,0.99999128380793,0.0070949899846507,0.0102359068660125,0.0049493938602057,0.495779885570795,2237,catboost_cal,0.4860055133380243,False,,
kr-vs-kp,tabpfn_client,icl,covariate_shift,0.05,test_only,True,low,True,ok,,0.9989572471324296,0.999995641903965,0.0063809460977909,0.0092057592914628,0.0044009004064502,0.4962001538675233,2237,catboost_cal,0.4860055133380243,False,,
kr-vs-kp,tabpfn_client,icl,covariate_shift,0.1,test_only,True,low,True,ok,,0.9989572471324296,0.999995641903965,0.0064671133930796,0.0093300724210625,0.0054962971761127,0.4959437805747108,2237,catboost_cal,0.4860055133380243,False,,
kr-vs-kp,tabpfn_client,icl,covariate_shift,0.2,test_only,True,low,True,ok,,0.9989572471324296,0.999995641903965,0.0068430014720067,0.00987236428846,0.0056635067186998,0.4957476511059742,2237,catboost_cal,0.4860055133380243,False,,
kr-vs-kp,tabpfn_client,icl,covariate_shift,0.3,test_only,True,low,True,ok,,0.9989572471324296,0.999995641903965,0.0065783256444607,0.0094905177846161,0.0054483965508826,0.4959052270906907,2237,catboost_cal,0.4860055133380243,False,,
kr-vs-kp,tabpfn_client,icl,covariate_shift,0.4,test_only,True,low,True,ok,,0.9989572471324296,0.99999128380793,0.0067779470551363,0.0097785106038531,0.0051147508327052,0.4958840330549429,2237,catboost_cal,0.4860055133380243,False,,
kr-vs-kp,tabicl,icl,label_noise,0.0,train_only,True,low,True,ok,,0.9989572471324296,0.99998256761586,0.0057986564537183,0.0083656929095982,0.0045237324945836,0.4964230313636192,2237,catboost_cal,0.4860055133380243,False,,
kr-vs-kp,tabicl,icl,label_noise,0.05,train_only,True,low,True,ok,,0.9968717413972888,0.999917196175335,0.0502810938783537,0.0725402847887733,0.0430758069457918,0.4691245330451702,2237,catboost_cal,0.4860055133380243,False,,
kr-vs-kp,tabicl,icl,label_noise,0.1,train_only,True,low,True,ok,,0.994786235662148,0.99992155427137,0.1006857110384984,0.1452587760036208,0.0872323257888603,0.4381663813854434,2237,catboost_cal,0.4860055133380243,True,utility_gap,
kr-vs-kp,tabicl,icl,label_noise,0.2,train_only,True,low,True,ok,,0.9822732012513036,0.9994421637075196,0.2339587069079332,0.3375310662288697,0.1836768269799123,0.3591510522206839,2237,catboost_cal,0.4860055133380243,True,utility_gap;ece,
kr-vs-kp,tabicl,icl,label_noise,0.3,train_only,True,low,True,ok,,0.9624608967674662,0.9858427250302888,0.3944917975219827,0.5691313599563376,0.2714099687359534,0.264392686541629,2237,catboost_cal,0.4860055133380243,True,utility_gap;ece,
kr-vs-kp,tabicl,icl,label_noise,0.4,train_only,True,low,True,ok,,0.8550573514077163,0.9299915452936922,0.560993495111876,0.8093425333688705,0.2647386294400127,0.158005157665286,2237,catboost_cal,0.4860055133380243,True,utility_gap;ece;nll,
kr-vs-kp,tabpfn_client,icl,label_noise,0.0,train_only,True,low,True,ok,,0.9989572471324296,0.99999128380793,0.0070949899846507,0.0102359068660125,0.0049493938602057,0.495779885570795,2237,catboost_cal,0.4860055133380243,False,,
kr-vs-kp,tabpfn_client,icl,label_noise,0.05,train_only,True,low,True,ok,,0.9979144942648592,0.99994770284758,0.0510678002864825,0.0736752622224164,0.0455981694447665,0.4684466575807036,2237,catboost_cal,0.4860055133380243,False,,
kr-vs-kp,tabpfn_client,icl,label_noise,0.1,train_only,True,low,True,ok,,0.9937434827945776,0.99996513523172,0.1048759601664474,0.1513040276406022,0.0924879092764142,0.4351605296028251,2237,catboost_cal,0.4860055133380243,True,utility_gap,
kr-vs-kp,tabpfn_client,icl,label_noise,0.2,train_only,True,low,True,ok,,0.9770594369134517,0.9988668950308988,0.23330858482082,0.3365931383178192,0.1848646379579435,0.3582114597108978,2237,catboost_cal,0.4860055133380243,True,utility_gap;ece,
kr-vs-kp,tabpfn_client,icl,label_noise,0.3,train_only,True,low,True,ok,,0.9603753910323254,0.9859756469593564,0.3928012552945118,0.5666924230683519,0.2670944825479057,0.2657211616605368,2237,catboost_cal,0.4860055133380243,True,utility_gap;ece,
kr-vs-kp,tabpfn_client,icl,label_noise,0.4,train_only,True,low,True,ok,,0.8644421272158499,0.9462080206399428,0.5736362453157585,0.8275821663912097,0.2862162377320751,0.1553212288425795,2237,catboost_cal,0.4860055133380243,True,utility_gap;ece;nll,
optdigits,tabicl,icl,covariate_shift,0.0,test_only,True,low,True,ok,,0.9970344009489917,0.9999843989205668,0.0120173446795575,0.0052190664814612,0.0028900693410168,0.4974059659519053,3934,catboost_cal,0.4821743825241024,False,,
optdigits,tabicl,icl,covariate_shift,0.05,test_only,True,low,True,ok,,0.9905100830367736,0.9999417114368386,0.1170708476586041,0.0508432231298679,0.0793841857206167,0.4674263073753257,3934,catboost_cal,0.4821743825241024,False,,
optdigits,tabicl,icl,covariate_shift,0.1,test_only,True,low,True,ok,,0.9715302491103204,0.9998534892233488,0.2041568816514778,0.088664207143812,0.1160583369096268,0.4458673290696511,3934,catboost_cal,0.4821743825241024,True,utility_gap;ece,
optdigits,tabicl,icl,covariate_shift,0.2,test_only,True,low,True,ok,,0.9727164887307236,0.9996457731526712,0.312073846196415,0.1355319493494271,0.2002181564684915,0.415080277814517,3934,catboost_cal,0.4821743825241024,True,utility_gap;ece,
optdigits,tabicl,icl,covariate_shift,0.3,test_only,True,low,True,ok,,0.9780545670225386,0.999505372990964,0.5074685439173189,0.2203907883627695,0.3396777225408278,0.3624822845832218,3934,catboost_cal,0.4821743825241024,True,utility_gap;ece,
optdigits,tabicl,icl,covariate_shift,0.4,test_only,True,low,True,ok,,0.9501779359430604,0.9984633323448072,0.8695416626409478,0.3776371458699425,0.4974416457910174,0.2792093837929553,3934,catboost_cal,0.4821743825241024,True,utility_gap;ece,
optdigits,tabpfn_client,icl,covariate_shift,0.0,test_only,True,low,True,ok,,0.9976275207591934,0.9999793134489116,0.0136554759254482,0.0059304978421848,0.0046582513750412,0.4969260881933344,3934,catboost_cal,0.4821743825241024,False,,
optdigits,tabpfn_client,icl,covariate_shift,0.05,test_only,True,low,True,ok,,0.9887307236061684,0.9998488286097784,0.4644908629864859,0.2017258186895102,0.3432807821288124,0.3690827965217321,3934,catboost_cal,0.4821743825241024,True,utility_gap;ece,
optdigits,tabpfn_client,icl,covariate_shift,0.1,test_only,True,low,True,ok,,0.9899169632265716,0.9998636879711154,0.4253615377471516,0.1847321686574696,0.3217915767605524,0.3786618693245247,3934,catboost_cal,0.4821743825241024,True,utility_gap;ece,
optdigits,tabpfn_client,icl,covariate_shift,0.2,test_only,True,low,True,ok,,0.9833926453143536,0.999682924635334,0.4674885458821022,0.2030276958295721,0.3384622098463895,0.3687971697013703,3934,catboost_cal,0.4821743825241024,True,utility_gap;ece,
optdigits,tabpfn_client,icl,covariate_shift,0.3,test_only,True,low,True,ok,,0.9306049822064056,0.9985598968845896,0.6351351048637462,0.2758356713053682,0.359036723513442,0.3345286651462683,3934,catboost_cal,0.4821743825241024,True,utility_gap;ece,
optdigits,tabpfn_client,icl,covariate_shift,0.4,test_only,True,low,True,ok,,0.9193357058125742,0.9972067313617654,0.7537620855880036,0.3273547144387566,0.4070891316081214,0.3072984711952528,3934,catboost_cal,0.4821743825241024,True,utility_gap;ece,
optdigits,tabicl,icl,label_noise,0.0,train_only,True,low,True,ok,,0.9970344009489917,0.9999843989205668,0.0120173446795575,0.0052190664814612,0.0028900693410168,0.4974059659519053,3934,catboost_cal,0.4821743825241024,False,,
optdigits,tabicl,icl,label_noise,0.05,train_only,True,low,True,ok,,0.9958481613285884,0.9999558726877597,0.0484444537837101,0.0210391589570824,0.0377229879465635,0.4855054343635667,3934,catboost_cal,0.4821743825241024,False,,
optdigits,tabicl,icl,label_noise,0.1,train_only,True,low,True,ok,,0.9922894424673784,0.9998930952584472,0.0931514745516159,0.0404551713789179,0.0750675553390929,0.4716559372290693,3934,catboost_cal,0.4821743825241024,False,,
optdigits,tabicl,icl,label_noise,0.2,train_only,True,low,True,ok,,0.9940688018979834,0.9999197912524412,0.1867894432814444,0.0811216244949117,0.1533622673012311,0.4440733064143322,3934,catboost_cal,0.4821743825241024,True,utility_gap;ece,
optdigits,tabicl,icl,label_noise,0.3,train_only,True,low,True,ok,,0.9940688018979834,0.9999379990287468,0.2942196177684531,0.1277779564645231,0.2407595696654527,0.4126033190723113,3934,catboost_cal,0.4821743825241024,True,utility_gap;ece,
optdigits,tabicl,icl,label_noise,0.4,train_only,True,low,True,ok,,0.9916963226571768,0.9999002155188862,0.4374196060015985,0.1899689211627887,0.3361902983354471,0.3744907878142607,3934,catboost_cal,0.4821743825241024,True,utility_gap;ece,
optdigits,tabpfn_client,icl,label_noise,0.0,train_only,True,low,True,ok,,0.9976275207591934,0.9999793134489116,0.0136554759254482,0.0059304978421848,0.0046582513750412,0.4969260881933344,3934,catboost_cal,0.4821743825241024,False,,
optdigits,tabpfn_client,icl,label_noise,0.05,train_only,True,low,True,ok,,0.99644128113879,0.9999655739809974,0.0482234148179289,0.020943162953958,0.0363637232754211,0.4858984495228959,3934,catboost_cal,0.4821743825241024,False,,
optdigits,tabpfn_client,icl,label_noise,0.1,train_only,True,low,True,ok,,0.9958481613285884,0.999956997585636,0.0903893771064305,0.0392556076999948,0.0742510943838094,0.4727352721675005,3934,catboost_cal,0.4821743825241024,False,,
optdigits,tabpfn_client,icl,label_noise,0.2,train_only,True,low,True,ok,,0.9940688018979834,0.999968427624708,0.1852067420329144,0.0804342660761738,0.1555694701154916,0.4438550961073948,3934,catboost_cal,0.4821743825241024,True,utility_gap;ece,
optdigits,tabpfn_client,icl,label_noise,0.3,train_only,True,low,True,ok,,0.9934756820877816,0.999965707817002,0.300065216878281,0.1303166679013399,0.2454031112361852,0.4108337274314788,3934,catboost_cal,0.4821743825241024,True,utility_gap;ece,
optdigits,tabpfn_client,icl,label_noise,0.4,train_only,True,low,True,ok,,0.9916963226571768,0.9999235093350428,0.4486817621369851,0.19486001342672,0.3451628810609608,0.3712370964256332,3934,catboost_cal,0.4821743825241024,True,utility_gap;ece,
pc1,tabicl,icl,covariate_shift,0.0,test_only,False,high,True,ok,,0.93993993993994,0.9144460028050492,0.1575477921507253,0.2272934184388566,0.0171989044158529,0.3894192855579306,776,catboost_cal,0.353469215551828,False,,
pc1,tabicl,icl,covariate_shift,0.05,test_only,False,low,True,ok,,0.927927927927928,0.8084151472650771,0.2238149232309481,0.3228966798222329,0.0521742601823574,0.3148306347488248,776,catboost_cal,0.353469215551828,True,utility_gap,
pc1,tabicl,icl,covariate_shift,0.1,test_only,False,low,True,ok,,0.927927927927928,0.8137447405329593,0.2317675841746804,0.3343699443276269,0.0603082875495305,0.3116272075675307,776,catboost_cal,0.353469215551828,True,utility_gap,
pc1,tabicl,icl,covariate_shift,0.2,test_only,False,low,True,ok,,0.927927927927928,0.8137447405329594,0.2528737820507779,0.3648197513354939,0.0940585440287114,0.2957422141693344,776,catboost_cal,0.353469215551828,True,utility_gap,
pc1,tabicl,icl,covariate_shift,0.3,test_only,False,low,True,ok,,0.927927927927928,0.8015427769985976,0.2773505317786437,0.4001322367849662,0.1237357160262243,0.2749423468979636,776,catboost_cal,0.353469215551828,True,utility_gap;ece,
pc1,tabicl,icl,covariate_shift,0.4,test_only,False,low,True,ok,,0.9309309309309308,0.7901823281907434,0.3038422931628777,0.4383517695584142,0.1481553109276796,0.2550668614533397,776,catboost_cal,0.353469215551828,True,utility_gap;ece,
pc1,tabpfn_client,icl,covariate_shift,0.0,test_only,False,high,True,ok,,0.93993993993994,0.8908835904628332,0.1594565333005813,0.2300471498300945,0.0282172111170915,0.3781426604805359,776,catboost_cal,0.353469215551828,False,,
pc1,tabpfn_client,icl,covariate_shift,0.05,test_only,False,low,True,ok,,0.9309309309309308,0.8224403927068724,0.2077523641286014,0.2997233054612914,0.0307888484360235,0.3314190157614528,776,catboost_cal,0.353469215551828,False,,
pc1,tabpfn_client,icl,covariate_shift,0.1,test_only,False,low,True,ok,,0.927927927927928,0.8161290322580645,0.2227544244985494,0.3213667035601323,0.0539093132735125,0.3176424767567696,776,catboost_cal,0.353469215551828,True,utility_gap,
pc1,tabpfn_client,icl,covariate_shift,0.2,test_only,False,low,True,ok,,0.9309309309309308,0.8098176718092566,0.2630937938744891,0.3795641117113886,0.0980855198389835,0.2895894872916661,776,catboost_cal,0.353469215551828,True,utility_gap,
pc1,tabpfn_client,icl,covariate_shift,0.3,test_only,False,low,True,ok,,0.9369369369369368,0.7900420757363253,0.2962806745072833,0.4274426598228948,0.1381070047659632,0.2612010681481932,776,catboost_cal,0.353469215551828,True,utility_gap;ece,
pc1,tabpfn_client,icl,covariate_shift,0.4,test_only,False,low,True,ok,,0.924924924924925,0.7823281907433379,0.3720426057058618,0.5367440222512548,0.1971249244836679,0.2121054139267969,776,catboost_cal,0.353469215551828,True,utility_gap;ece,
pc1,tabicl,icl,label_noise,0.0,train_only,False,high,True,ok,,0.93993993993994,0.9144460028050492,0.1575477921507253,0.2272934184388566,0.0171989044158529,0.3894192855579306,776,catboost_cal,0.353469215551828,False,,
pc1,tabicl,icl,label_noise,0.05,train_only,False,high,True,ok,,0.9369369369369368,0.8799438990182328,0.1942476280039968,0.2802400896258104,0.0452955745172095,0.3553897634057369,776,catboost_cal,0.353469215551828,False,,
pc1,tabicl,icl,label_noise,0.1,train_only,False,high,True,ok,,0.927927927927928,0.7892005610098176,0.2477485515394096,0.3574256066933301,0.0733306194789248,0.2935155796388413,776,catboost_cal,0.353469215551828,True,utility_gap,
pc1,tabicl,icl,label_noise,0.2,train_only,False,high,True,ok,,0.9309309309309308,0.8408134642356241,0.3110068800824575,0.44868808357731,0.1759143090025419,0.2641350652484066,776,catboost_cal,0.353469215551828,True,utility_gap;ece,
pc1,tabicl,icl,label_noise,0.3,train_only,False,high,True,ok,,0.9309309309309308,0.7242636746143056,0.4115123066677876,0.5936867640943956,0.2350105349487209,0.1680237895365837,776,catboost_cal,0.353469215551828,True,utility_gap;ece,
pc1,tabicl,icl,label_noise,0.4,train_only,False,high,True,ok,,0.8858858858858859,0.6374474053295932,0.5600790248448633,0.8080232316496108,0.296525731857598,0.0542773588818376,776,catboost_cal,0.353469215551828,True,utility_gap;ece;nll,
pc1,tabpfn_client,icl,label_noise,0.0,train_only,False,high,True,ok,,0.93993993993994,0.8908835904628332,0.1594565333005813,0.2300471498300945,0.0282172111170915,0.3781426604805359,776,catboost_cal,0.353469215551828,False,,
pc1,tabpfn_client,icl,label_noise,0.05,train_only,False,high,True,ok,,0.933933933933934,0.8375876577840111,0.2037356868975455,0.2939284651391955,0.0388476802578186,0.3372976947211715,776,catboost_cal,0.353469215551828,False,,
pc1,tabpfn_client,icl,label_noise,0.1,train_only,False,high,True,ok,,0.9309309309309308,0.826227208976157,0.2414454103882193,0.3483320962124846,0.067236344803918,0.3108722649567655,776,catboost_cal,0.353469215551828,True,utility_gap,
pc1,tabpfn_client,icl,label_noise,0.2,train_only,False,high,True,ok,,0.9369369369369368,0.7962131837307153,0.3197411080920943,0.4612889110128065,0.1593900305120797,0.2489504754400329,776,catboost_cal,0.353469215551828,True,utility_gap;ece,
pc1,tabpfn_client,icl,label_noise,0.3,train_only,False,high,True,ok,,0.90990990990991,0.7304347826086957,0.4126990416629043,0.5953988607866998,0.2189599402501957,0.1697270141134808,776,catboost_cal,0.353469215551828,True,utility_gap;ece,
pc1,tabpfn_client,icl,label_noise,0.4,train_only,False,high,True,ok,,0.90990990990991,0.6886395511921458,0.5675149939331636,0.8187510673775054,0.3282436099503753,0.0662362872004108,776,catboost_cal,0.353469215551828,True,utility_gap;ece;nll,
splice,tabicl,icl,covariate_shift,0.0,test_only,False,high,True,ok,,0.9655172413793104,0.99784953165357,0.0838991928419619,0.0763683364070832,0.0114899658688794,0.4688664281897451,2233,xgboost_cal,0.4515966113558471,False,,
splice,tabicl,icl,covariate_shift,0.05,test_only,False,high,True,ok,,0.9644723092998956,0.997515269236374,0.0868605295776759,0.0790638612671812,0.0118251513812234,0.4677170019713161,2233,xgboost_cal,0.4515966113558471,False,,
splice,tabicl,icl,covariate_shift,0.1,test_only,False,high,True,ok,,0.96760710553814,0.9976791875788752,0.0836241366637812,0.0761179694841771,0.0092496360448224,0.4696434634291097,2233,xgboost_cal,0.4515966113558471,False,,
splice,tabicl,icl,covariate_shift,0.2,test_only,False,high,True,ok,,0.9665621734587252,0.9977675594463458,0.0854147479795178,0.0777478541434025,0.0101709867734816,0.4688444182273126,2233,xgboost_cal,0.4515966113558471,False,,
splice,tabicl,icl,covariate_shift,0.3,test_only,False,high,True,ok,,0.9696969696969696,0.9975070244844864,0.085797185185625,0.0780959634901228,0.0102143352576674,0.4691103479255453,2233,xgboost_cal,0.4515966113558471,False,,
splice,tabicl,icl,covariate_shift,0.4,test_only,False,high,True,ok,,0.96760710553814,0.9977534244399476,0.084871286954722,0.0772531746004906,0.0118764797363447,0.4688035160572865,2233,xgboost_cal,0.4515966113558471,False,,
splice,tabpfn_client,icl,covariate_shift,0.0,test_only,False,high,True,ok,,0.9634273772204808,0.9949781559199504,0.1093162915604443,0.0995039766876927,0.0193563872542888,0.4590339906978892,2233,xgboost_cal,0.4515966113558471,False,,
splice,tabpfn_client,icl,covariate_shift,0.05,test_only,False,high,True,ok,,0.9644723092998956,0.9955583149034752,0.1127063953855654,0.1025897821716556,0.0229739839424387,0.4577445251712162,2233,xgboost_cal,0.4515966113558471,False,,
splice,tabpfn_client,icl,covariate_shift,0.1,test_only,False,high,True,ok,,0.9665621734587252,0.994642547789177,0.1221701504294703,0.1112040632438054,0.026003670411741,0.4545472646895309,2233,xgboost_cal,0.4515966113558471,False,,
splice,tabpfn_client,icl,covariate_shift,0.2,test_only,False,high,True,ok,,0.9665621734587252,0.995228262102969,0.1062787821860431,0.096739116503866,0.0157742671625915,0.4611376293711698,2233,xgboost_cal,0.4515966113558471,False,,
splice,tabpfn_client,icl,covariate_shift,0.3,test_only,False,high,True,ok,,0.96760710553814,0.9948521883047584,0.1173210840575363,0.106790252819554,0.0295130001688517,0.4553996558577498,2233,xgboost_cal,0.4515966113558471,False,,
splice,tabpfn_client,icl,covariate_shift,0.4,test_only,False,high,True,ok,,0.9696969696969696,0.9957620230483232,0.1035485700564597,0.0942539703265068,0.0217766679256574,0.461339728838375,2233,xgboost_cal,0.4515966113558471,False,,
splice,tabicl,icl,label_noise,0.0,train_only,False,high,True,ok,,0.9655172413793104,0.99784953165357,0.0838991928419619,0.0763683364070832,0.0114899658688794,0.4688664281897451,2233,xgboost_cal,0.4515966113558471,False,,
splice,tabicl,icl,label_noise,0.05,train_only,False,high,True,ok,,0.9686520376175548,0.9975267529263052,0.1179409894238983,0.1073545150008132,0.0418785475427474,0.4538501051580466,2233,xgboost_cal,0.4515966113558471,False,,
splice,tabicl,icl,label_noise,0.1,train_only,False,high,True,ok,,0.9686520376175548,0.9978456349002456,0.1485783924831607,0.1352418810673309,0.0741587452855343,0.4391394644804129,2233,xgboost_cal,0.4515966113558471,False,,
splice,tabicl,icl,label_noise,0.2,train_only,False,high,True,ok,,0.9655172413793104,0.9968172550242748,0.2525970953353214,0.2299237847062084,0.1643368734562488,0.3918691153622804,2233,xgboost_cal,0.4515966113558471,True,utility_gap;ece,
splice,tabicl,icl,label_noise,0.3,train_only,False,high,True,ok,,0.9696969696969696,0.9972873843744242,0.3640592957206427,0.3313810517830688,0.2555330721291442,0.3439842000248444,2233,xgboost_cal,0.4515966113558471,True,utility_gap;ece,
splice,tabicl,icl,label_noise,0.4,train_only,False,high,True,ok,,0.9644723092998956,0.9962262781882372,0.5285014696694635,0.4810627690230794,0.3652170319409,0.2759878066657634,2233,xgboost_cal,0.4515966113558471,True,utility_gap;ece,
splice,tabpfn_client,icl,label_noise,0.0,train_only,False,high,True,ok,,0.9634273772204808,0.9949781559199504,0.1093162915604443,0.0995039766876927,0.0193563872542888,0.4590339906978892,2233,xgboost_cal,0.4515966113558471,False,,
splice,tabpfn_client,icl,label_noise,0.05,train_only,False,high,True,ok,,0.9592476489028212,0.9969027489498922,0.1442189043641242,0.1312737039733703,0.0589697041397941,0.4416270574479155,2233,xgboost_cal,0.4515966113558471,False,,
splice,tabpfn_client,icl,label_noise,0.1,train_only,False,high,True,ok,,0.9571577847439916,0.9948887612299396,0.1976446496022215,0.1799039130008583,0.0918244659492193,0.4194486670519762,2233,xgboost_cal,0.4515966113558471,True,utility_gap,
splice,tabpfn_client,icl,label_noise,0.2,train_only,False,high,True,ok,,0.9613375130616508,0.9952951105753391,0.2741092079220524,0.2495049534302639,0.173460833667461,0.3830102628980449,2233,xgboost_cal,0.4515966113558471,True,utility_gap;ece,
splice,tabpfn_client,icl,label_noise,0.3,train_only,False,high,True,ok,,0.9540229885057472,0.9939304527201084,0.4074601833489115,0.3708862421727426,0.2658239953519283,0.3265484350056915,2233,xgboost_cal,0.4515966113558471,True,utility_gap;ece,
splice,tabpfn_client,icl,label_noise,0.4,train_only,False,high,True,ok,,0.9644723092998956,0.9963496486363912,0.5506145300993455,0.5011909440471276,0.3768013529572676,0.2676756696121294,2233,xgboost_cal,0.4515966113558471,True,utility_gap;ece,
steel-plates-fault,tabicl,icl,covariate_shift,0.0,test_only,True,low,True,ok,,1.0,1.0,0.0004332991663864,0.000625118558567,0.000384350074792,0.4997355944174714,1358,catboost_cal,0.4972392963919725,False,,
steel-plates-fault,tabicl,icl,covariate_shift,0.05,test_only,True,low,True,ok,,0.6535162950257289,0.8989501312335957,0.764144651638946,1.1024276994413318,0.2320962766490902,0.0355124250234002,1358,catboost_cal,0.4972392963919725,True,utility_gap;ece;nll,
steel-plates-fault,tabicl,icl,covariate_shift,0.1,test_only,True,low,True,ok,,0.6535162950257289,0.7525791949273668,0.7815691228714436,1.1275658976785687,0.2244721662480219,-0.0217340400747373,1358,catboost_cal,0.4972392963919725,True,utility_gap;ece;nll,
steel-plates-fault,tabicl,icl,covariate_shift,0.2,test_only,True,low,True,ok,,0.6535162950257289,0.7556716301551415,0.7554417959312353,1.0898721326702454,0.2048791876753059,-0.0054249625279759,1358,catboost_cal,0.4972392963919725,True,utility_gap;ece;nll,
steel-plates-fault,tabicl,icl,covariate_shift,0.3,test_only,True,low,True,ok,,0.6535162950257289,0.6777045814817703,0.7416395776792302,1.0699597408448105,0.1918117385801327,-0.0241262221969907,1358,catboost_cal,0.4972392963919725,True,utility_gap;ece;nll,
steel-plates-fault,tabicl,icl,covariate_shift,0.4,test_only,True,low,True,ok,,0.6535162950257289,0.641634832774616,0.7160296560180137,1.033012433866619,0.168672894523295,-0.0210386733396696,1358,catboost_cal,0.4972392963919725,True,utility_gap;ece;nll,
steel-plates-fault,tabpfn_client,icl,covariate_shift,0.0,test_only,True,low,True,ok,,1.0,1.0,1.6549171890777494e-05,2.387540821764372e-05,1.6547804834954327e-05,0.4999895278165677,1358,catboost_cal,0.4972392963919725,False,,
steel-plates-fault,tabpfn_client,icl,covariate_shift,0.05,test_only,True,low,True,ok,,0.346483704974271,0.7100517138328006,0.723970106936889,1.0444680830297024,0.240176735388861,-0.0608851163990621,1358,catboost_cal,0.4972392963919725,True,utility_gap;ece;nll,
steel-plates-fault,tabpfn_client,icl,covariate_shift,0.1,test_only,True,low,True,ok,,0.3567753001715266,0.7244224422442245,0.7025984645484484,1.0136353205402469,0.2089285996664631,-0.0388121662841592,1358,catboost_cal,0.4972392963919725,True,utility_gap;ece;nll,
steel-plates-fault,tabpfn_client,icl,covariate_shift,0.2,test_only,True,low,True,ok,,0.346483704974271,0.7105714508458719,0.7203719803801358,1.0392770836897836,0.2301891419197432,-0.0571483899486879,1358,catboost_cal,0.4972392963919725,True,utility_gap;ece;nll,
steel-plates-fault,tabpfn_client,icl,covariate_shift,0.3,test_only,True,low,True,ok,,0.346483704974271,0.6888334502741612,0.718689087513745,1.0368491824970942,0.2175504060271885,-0.0615005726124689,1358,catboost_cal,0.4972392963919725,True,utility_gap;ece;nll,
steel-plates-fault,tabpfn_client,icl,covariate_shift,0.4,test_only,True,low,True,ok,,0.346483704974271,0.680218809282503,0.7863603575770713,1.134478188228113,0.2861537241219518,-0.1075250622978075,1358,catboost_cal,0.4972392963919725,True,utility_gap;ece;nll,
steel-plates-fault,tabicl,icl,label_noise,0.0,train_only,True,low,True,ok,,1.0,1.0,0.0004332991663864,0.000625118558567,0.000384350074792,0.4997355944174714,1358,catboost_cal,0.4972392963919725,False,,
steel-plates-fault,tabicl,icl,label_noise,0.05,train_only,True,low,True,ok,,1.0,1.0,0.039471024320341,0.0569446510457637,0.0384698297205397,0.475222638742163,1358,catboost_cal,0.4972392963919725,False,,
steel-plates-fault,tabicl,icl,label_noise,0.1,train_only,True,low,True,ok,,1.0,1.0,0.0872852542738651,0.1259260034836374,0.0833739784570591,0.4455474032634969,1358,catboost_cal,0.4972392963919725,True,utility_gap,
steel-plates-fault,tabicl,icl,label_noise,0.2,train_only,True,low,True,ok,,1.0,1.0,0.2064290380718031,0.2978141495216694,0.1849389952832297,0.3736679560868532,1358,catboost_cal,0.4972392963919725,True,utility_gap;ece,
steel-plates-fault,tabicl,icl,label_noise,0.3,train_only,True,low,True,ok,,0.986277873070326,0.9980574829136458,0.3624631663763894,0.5229238126361283,0.2841537227621715,0.2835539116370521,1358,catboost_cal,0.4972392963919725,True,utility_gap;ece,
steel-plates-fault,tabicl,icl,label_noise,0.4,train_only,True,low,True,ok,,0.7718696397941681,0.8592097398716249,0.6058100617573576,0.8739991718179766,0.209003140834616,0.1125034752118776,1358,catboost_cal,0.4972392963919725,True,utility_gap;ece;nll,
steel-plates-fault,tabpfn_client,icl,label_noise,0.0,train_only,True,low,True,ok,,1.0,1.0,1.6549171890777494e-05,2.387540821764372e-05,1.6547804834954327e-05,0.4999895278165677,1358,catboost_cal,0.4972392963919725,False,,
steel-plates-fault,tabpfn_client,icl,label_noise,0.05,train_only,True,low,True,ok,,1.0,1.0,0.0392476211963915,0.0566223484667226,0.0383245224525822,0.4753483909694667,1358,catboost_cal,0.4972392963919725,False,,
steel-plates-fault,tabpfn_client,icl,label_noise,0.1,train_only,True,low,True,ok,,1.0,1.0,0.086066595134577,0.1241678499868524,0.0823448626233072,0.4462806724792828,1358,catboost_cal,0.4972392963919725,True,utility_gap,
steel-plates-fault,tabpfn_client,icl,label_noise,0.2,train_only,True,low,True,ok,,1.0,1.0,0.1985866003178426,0.2864999034655502,0.1796865366246922,0.3781127216353965,1358,catboost_cal,0.4972392963919725,True,utility_gap;ece,
steel-plates-fault,tabpfn_client,icl,label_noise,0.3,train_only,True,low,True,ok,,0.9948542024013722,1.0,0.3388489910299437,0.4888557589691287,0.2851839032859029,0.2955346220122866,1358,catboost_cal,0.4972392963919725,True,utility_gap;ece,
steel-plates-fault,tabpfn_client,icl,label_noise,0.4,train_only,True,low,True,ok,,0.9056603773584906,0.9918791091707596,0.5373911170582124,0.7752914995976635,0.3135843259179968,0.187702429750641,1358,catboost_cal,0.4972392963919725,True,utility_gap;ece;nll,
vehicle,tabicl,icl,covariate_shift,0.0,test_only,True,low,True,ok,,0.8937007874015748,0.9814662357014332,0.2111433326726587,0.1523077194818066,0.0308836870500602,0.4256992473511836,592,catboost_cal,0.3072816026080121,False,,
vehicle,tabicl,icl,covariate_shift,0.05,test_only,True,low,True,ok,,0.84251968503937,0.9673638341202264,0.3231005374767976,0.2330677715631673,0.0483376166851969,0.3853674398919952,592,catboost_cal,0.3072816026080121,False,,
vehicle,tabicl,icl,covariate_shift,0.1,test_only,True,low,True,ok,,0.7834645669291339,0.9508554727448854,0.4718315930220534,0.340354549693828,0.0578442708244673,0.3366438814270381,592,catboost_cal,0.3072816026080121,False,,
vehicle,tabicl,icl,covariate_shift,0.2,test_only,True,low,True,ok,,0.6259842519685039,0.927349715413716,0.7240914751085508,0.5223215901445403,0.1172048590830452,0.2383325893301051,592,catboost_cal,0.3072816026080121,True,utility_gap;ece,
vehicle,tabicl,icl,covariate_shift,0.3,test_only,True,low,True,ok,,0.5787401574803149,0.8817938420098621,0.930240274513901,0.6710265154381965,0.0755219456267021,0.1790265245686996,592,catboost_cal,0.3072816026080121,True,utility_gap,
vehicle,tabicl,icl,covariate_shift,0.4,test_only,True,low,True,ok,,0.5590551181102362,0.8596159828561568,1.0428137194106255,0.7522310907823422,0.0980255970454207,0.1394494150724035,592,catboost_cal,0.3072816026080121,True,utility_gap;nll,
vehicle,tabpfn_client,icl,covariate_shift,0.0,test_only,True,low,True,ok,,0.9015748031496064,0.9830619048957864,0.2202973380929143,0.1589109385938434,0.0643007239171175,0.4187744608243896,592,catboost_cal,0.3072816026080121,False,,
vehicle,tabpfn_client,icl,covariate_shift,0.05,test_only,True,low,True,ok,,0.8464566929133859,0.9693543480039256,0.3171940673123035,0.2288071539554301,0.0631698891720721,0.3849664017173383,592,catboost_cal,0.3072816026080121,False,,
vehicle,tabpfn_client,icl,covariate_shift,0.1,test_only,True,low,True,ok,,0.7440944881889764,0.9490979119200768,0.4850064147918689,0.3498581747097824,0.0689737127756238,0.3250462474323138,592,catboost_cal,0.3072816026080121,False,,
vehicle,tabpfn_client,icl,covariate_shift,0.2,test_only,True,low,True,ok,,0.6338582677165354,0.9345444087608272,0.7137940954140922,0.5148936008348672,0.097042845402972,0.2482926338927152,592,catboost_cal,0.3072816026080121,True,utility_gap,
vehicle,tabpfn_client,icl,covariate_shift,0.3,test_only,True,low,True,ok,,0.562992125984252,0.898361642207444,0.920087651918656,0.6637029463031079,0.084698554763504,0.1828247988266099,592,catboost_cal,0.3072816026080121,True,utility_gap,
vehicle,tabpfn_client,icl,covariate_shift,0.4,test_only,True,low,True,ok,,0.4566929133858268,0.8199810523560864,1.209325516430195,0.8723439626871635,0.1076129064110119,0.0722715352441527,592,catboost_cal,0.3072816026080121,True,utility_gap;ece;nll,
vehicle,tabicl,icl,label_noise,0.0,train_only,True,low,True,ok,,0.8937007874015748,0.9814662357014332,0.2111433326726587,0.1523077194818066,0.0308836870500602,0.4256992473511836,592,catboost_cal,0.3072816026080121,False,,
vehicle,tabicl,icl,label_noise,0.05,train_only,True,low,True,ok,,0.8779527559055118,0.9770272703660862,0.2632851122613712,0.1899200628996871,0.0648804661448344,0.4037003459150839,592,catboost_cal,0.3072816026080121,False,,
vehicle,tabicl,icl,label_noise,0.1,train_only,True,low,True,ok,,0.8661417322834646,0.974562603613404,0.3262940827353259,0.2353714275168339,0.0977236913255243,0.380862004587056,592,catboost_cal,0.3072816026080121,False,,
vehicle,tabicl,icl,label_noise,0.2,train_only,True,low,True,ok,,0.8385826771653543,0.9662196766029256,0.4524202267268145,0.3263522087483179,0.1366278609172837,0.338733053577875,592,catboost_cal,0.3072816026080121,True,ece,
vehicle,tabicl,icl,label_noise,0.3,train_only,True,low,True,ok,,0.8228346456692913,0.9565147753273008,0.6614673733747584,0.4771478496388061,0.2635567087628636,0.2623496715707343,592,catboost_cal,0.3072816026080121,True,utility_gap;ece,
vehicle,tabicl,icl,label_noise,0.4,train_only,True,low,True,ok,,0.7677165354330708,0.9300046200577772,0.8181294980550917,0.5901556848245288,0.2747538080091826,0.2086616302859874,592,catboost_cal,0.3072816026080121,True,utility_gap;ece,
vehicle,tabpfn_client,icl,label_noise,0.0,train_only,True,low,True,ok,,0.9015748031496064,0.9830619048957864,0.2202973380929143,0.1589109385938434,0.0643007239171175,0.4187744608243896,592,catboost_cal,0.3072816026080121,False,,
vehicle,tabpfn_client,icl,label_noise,0.05,train_only,True,low,True,ok,,0.8582677165354331,0.976927612166099,0.2857221962502529,0.2061049978010715,0.0668984604777322,0.3954536303025817,592,catboost_cal,0.3072816026080121,False,,
vehicle,tabpfn_client,icl,label_noise,0.1,train_only,True,low,True,ok,,0.8385826771653543,0.9712543032446468,0.37032564834941,0.267133488193842,0.1195455130187967,0.3616772586485176,592,catboost_cal,0.3072816026080121,True,ece,
vehicle,tabpfn_client,icl,label_noise,0.2,train_only,True,low,True,ok,,0.8543307086614174,0.9651507969253748,0.4878744701352529,0.35192703932023,0.1892433608935651,0.3225256012483117,592,catboost_cal,0.3072816026080121,True,ece,
vehicle,tabpfn_client,icl,label_noise,0.3,train_only,True,low,True,ok,,0.8188976377952756,0.9553493035307672,0.6677179492934893,0.4816566870791327,0.2719747875819943,0.2583149382649211,592,catboost_cal,0.3072816026080121,True,utility_gap;ece,
vehicle,tabpfn_client,icl,label_noise,0.4,train_only,True,low,True,ok,,0.7677165354330708,0.941683695695921,0.8132595026344005,0.5866427257032373,0.2945038927160762,0.2098531775543465,592,catboost_cal,0.3072816026080121,True,utility_gap;ece,
wdbc,tabicl,icl,covariate_shift,0.0,test_only,True,low,True,ok,,0.9707602339181286,0.9874415887850468,0.1470878544517212,0.2122029181924958,0.029352345875762,0.4216872465295843,398,xgboost_cal,0.4253806369983946,False,,
wdbc,tabicl,icl,covariate_shift,0.05,test_only,True,low,True,ok,,0.9298245614035088,0.9874415887850468,0.1919335462603485,0.2769015753700373,0.0434461624908253,0.3933185351761163,398,xgboost_cal,0.4253806369983946,True,utility_gap,
wdbc,tabicl,icl,covariate_shift,0.1,test_only,True,low,True,ok,,0.8421052631578947,0.98116238317757,0.4736789561322703,0.6833742809854872,0.1125870107110193,0.2421929371479836,398,xgboost_cal,0.4253806369983946,True,utility_gap;ece,
wdbc,tabicl,icl,covariate_shift,0.2,test_only,True,low,True,ok,,0.5906432748538012,0.9693341121495328,1.7592726771276297,2.538093966863482,0.3464252458807529,-0.4028498087547886,398,xgboost_cal,0.4253806369983946,True,utility_gap;ece;nll,
wdbc,tabicl,icl,covariate_shift,0.3,test_only,True,low,True,ok,,0.4093567251461988,0.9329731308411215,3.5814753888652566,5.166976782581778,0.553235734564809,-1.2727960771211728,398,xgboost_cal,0.4253806369983946,True,utility_gap;ece;nll,
wdbc,tabicl,icl,covariate_shift,0.4,test_only,True,low,True,ok,,0.3859649122807017,0.8520735981308412,5.047229579561736,7.281613084661805,0.602012047377348,-1.9487658386861115,398,xgboost_cal,0.4253806369983946,True,utility_gap;ece;nll,
wdbc,tabpfn_client,icl,covariate_shift,0.0,test_only,True,low,True,ok,,0.9707602339181286,0.985981308411215,0.1486305332862028,0.2144285332966868,0.0349624966396383,0.4193864337147108,398,xgboost_cal,0.4253806369983946,False,,
wdbc,tabpfn_client,icl,covariate_shift,0.05,test_only,True,low,True,ok,,0.935672514619883,0.9856892523364486,0.1973628226815707,0.2847343655385499,0.0387093756517945,0.3921799307188156,398,xgboost_cal,0.4253806369983946,True,utility_gap,
wdbc,tabpfn_client,icl,covariate_shift,0.1,test_only,True,low,True,ok,,0.8362573099415205,0.9802862149532712,0.5152948654275401,0.7434133469478579,0.1272294165903506,0.2200688843224454,398,xgboost_cal,0.4253806369983946,True,utility_gap;ece,
wdbc,tabpfn_client,icl,covariate_shift,0.2,test_only,True,low,True,ok,,0.5380116959064327,0.976197429906542,1.9872641583598432,2.867016146202125,0.4109462314656198,-0.519923235300507,398,xgboost_cal,0.4253806369983946,True,utility_gap;ece;nll,
wdbc,tabpfn_client,icl,covariate_shift,0.3,test_only,True,low,True,ok,,0.4093567251461988,0.954366238317757,4.06314249817235,5.861875532538443,0.5763308921546283,-1.4783971460093135,398,xgboost_cal,0.4253806369983946,True,utility_gap;ece;nll,
wdbc,tabpfn_client,icl,covariate_shift,0.4,test_only,True,low,True,ok,,0.3742690058479532,0.7816150700934579,5.779756027680813,8.338425358683203,0.6188596506328405,-2.295593912321626,398,xgboost_cal,0.4253806369983946,True,utility_gap;ece;nll,
wdbc,tabicl,icl,label_noise,0.0,train_only,True,low,True,ok,,0.9707602339181286,0.9874415887850468,0.1470878544517212,0.2122029181924958,0.029352345875762,0.4216872465295843,398,xgboost_cal,0.4253806369983946,False,,
wdbc,tabicl,icl,label_noise,0.05,train_only,True,low,True,ok,,0.9766081871345028,0.993428738317757,0.1189079389201666,0.1715478938024522,0.0536407713879118,0.4319987640630722,398,xgboost_cal,0.4253806369983946,False,,
wdbc,tabicl,icl,label_noise,0.1,train_only,True,low,True,ok,,0.9649122807017544,0.9858352803738316,0.1814071600886751,0.2617152102416819,0.0978674927331716,0.3916911286169653,398,xgboost_cal,0.4253806369983946,True,utility_gap,
wdbc,tabicl,icl,label_noise,0.2,train_only,True,low,True,ok,,0.953216374269006,0.9776577102803738,0.2972771963099117,0.4288803368856844,0.1799878235942594,0.3205009889539245,398,xgboost_cal,0.4253806369983946,True,utility_gap;ece,
wdbc,tabicl,icl,label_noise,0.3,train_only,True,low,True,ok,,0.9415204678362572,0.9798481308411215,0.3899838818001397,0.5626278122996893,0.245460678555549,0.2662944365688144,398,xgboost_cal,0.4253806369983946,True,utility_gap;ece,
wdbc,tabicl,icl,label_noise,0.4,train_only,True,low,True,ok,,0.7719298245614035,0.8393691588785047,0.5961045555556234,0.8599970861514175,0.1950028356317674,0.1125689863199084,398,xgboost_cal,0.4253806369983946,True,utility_gap;ece;nll,
wdbc,tabpfn_client,icl,label_noise,0.0,train_only,True,low,True,ok,,0.9707602339181286,0.985981308411215,0.1486305332862028,0.2144285332966868,0.0349624966396383,0.4193864337147108,398,xgboost_cal,0.4253806369983946,False,,
wdbc,tabpfn_client,icl,label_noise,0.05,train_only,True,low,True,ok,,0.9707602339181286,0.9913843457943924,0.1234477075107733,0.1780973954349039,0.0509683524879939,0.4289756669876867,398,xgboost_cal,0.4253806369983946,False,,
wdbc,tabpfn_client,icl,label_noise,0.1,train_only,True,low,True,ok,,0.95906432748538,0.981892523364486,0.178684884633498,0.2577877969425642,0.0860777137815514,0.3929701504612975,398,xgboost_cal,0.4253806369983946,True,utility_gap,
wdbc,tabpfn_client,icl,label_noise,0.2,train_only,True,low,True,ok,,0.95906432748538,0.9747371495327104,0.2844642667384398,0.4103951869336624,0.1740303961200474,0.3270930161551474,398,xgboost_cal,0.4253806369983946,True,utility_gap;ece,
wdbc,tabpfn_client,icl,label_noise,0.3,train_only,True,low,True,ok,,0.935672514619883,0.9740070093457944,0.40918659132852,0.5903314661079148,0.2514549953350383,0.2538628915646284,398,xgboost_cal,0.4253806369983946,True,utility_gap;ece,
wdbc,tabpfn_client,icl,label_noise,0.4,train_only,True,low,True,ok,,0.7953216374269005,0.8555782710280374,0.656796192060499,0.947556609160437,0.2688744648189963,0.0807087647619177,398,xgboost_cal,0.4253806369983946,True,utility_gap;ece;nll,
car,catboost_cal,gbdt,covariate_shift,0.0,test_only,True,low,True,ok,,0.9672447013487476,0.998081905383269,0.0998095191454608,0.0719973491523341,0.0369884491256457,0.4654184775156268,1209,xgboost_cal,0.4734854435065447,False,,
car,catboost_cal,gbdt,covariate_shift,0.05,test_only,True,low,True,ok,,0.9672447013487476,0.9982392369048848,0.0944325198072062,0.0681186640122526,0.0443104666947612,0.4651727455763937,1209,xgboost_cal,0.4734854435065447,False,,
car,catboost_cal,gbdt,covariate_shift,0.1,test_only,True,low,True,ok,,0.9672447013487476,0.998041142917176,0.087535844244105,0.0631437641954995,0.0292960471252341,0.469598766539627,1209,xgboost_cal,0.4734854435065447,False,,
car,catboost_cal,gbdt,covariate_shift,0.2,test_only,True,low,True,ok,,0.9691714836223508,0.9983840828283368,0.0920744554990017,0.0664176801704806,0.0370615517738769,0.4674725371273509,1209,xgboost_cal,0.4734854435065447,False,,
car,catboost_cal,gbdt,covariate_shift,0.3,test_only,True,low,True,ok,,0.9633911368015414,0.997173642984016,0.1148817061296649,0.0828696338610654,0.0442190542708423,0.4598147445521487,1209,xgboost_cal,0.4734854435065447,False,,
car,catboost_cal,gbdt,covariate_shift,0.4,test_only,True,low,True,ok,,0.9691714836223508,0.9977431578930812,0.09701867338638,0.0699841794840782,0.0346843507775487,0.4666537038051977,1209,xgboost_cal,0.4734854435065447,False,,
car,hist_gbdt_cal,gbdt,covariate_shift,0.0,test_only,True,low,True,ok,,0.9807321772639692,0.9998562983951256,0.0948504864955471,0.0684201632465157,0.056945861004559,0.4651443098530228,1209,xgboost_cal,0.4734854435065447,False,,
car,hist_gbdt_cal,gbdt,covariate_shift,0.05,test_only,True,low,True,ok,,0.9903660886319846,0.9998398990891336,0.097583147817939,0.0703913617156376,0.0695421889815695,0.4634730316649892,1209,xgboost_cal,0.4734854435065447,False,,
car,hist_gbdt_cal,gbdt,covariate_shift,0.1,test_only,True,low,True,ok,,0.9826589595375722,0.9998745661792808,0.1031210980375911,0.0743861483749287,0.0655695516532556,0.4619251872502543,1209,xgboost_cal,0.4734854435065447,False,,
car,hist_gbdt_cal,gbdt,covariate_shift,0.2,test_only,True,low,True,ok,,0.97495183044316,0.9996720365897558,0.0894107763986385,0.0644962418561738,0.0511324051006449,0.4665526337959073,1209,xgboost_cal,0.4734854435065447,False,,
car,hist_gbdt_cal,gbdt,covariate_shift,0.3,test_only,True,low,True,ok,,0.978805394990366,0.9998461549165106,0.0949953144929841,0.0685246345633578,0.0542984595248488,0.4653498811953565,1209,xgboost_cal,0.4734854435065447,False,,
car,hist_gbdt_cal,gbdt,covariate_shift,0.4,test_only,True,low,True,ok,,0.9807321772639692,0.999927666099694,0.0892762939433026,0.064399233270474,0.0521732636681482,0.4673300870097163,1209,xgboost_cal,0.4734854435065447,False,,
car,logreg_cal,linear,covariate_shift,0.0,test_only,True,low,True,ok,,0.8978805394990366,0.9825576560914696,0.3202738743955692,0.2310287651583912,0.1266643096608444,0.3839357690771835,1209,xgboost_cal,0.4734854435065447,True,utility_gap;ece,
car,logreg_cal,linear,covariate_shift,0.05,test_only,True,low,True,ok,,0.8998073217726397,0.9826134922688718,0.3192370152516797,0.2302808293858963,0.1255509872744627,0.3846913742893396,1209,xgboost_cal,0.4734854435065447,True,utility_gap;ece,
car,logreg_cal,linear,covariate_shift,0.1,test_only,True,low,True,ok,,0.903660886319846,0.982518714655117,0.3172430487520258,0.2288424865955217,0.1280936512379874,0.3851592068510138,1209,xgboost_cal,0.4734854435065447,True,utility_gap;ece,
car,logreg_cal,linear,covariate_shift,0.2,test_only,True,low,True,ok,,0.8978805394990366,0.9824654580737738,0.3190475995362604,0.2301441948292454,0.125097995820562,0.3844821336377902,1209,xgboost_cal,0.4734854435065447,True,utility_gap;ece,
car,logreg_cal,linear,covariate_shift,0.3,test_only,True,low,True,ok,,0.903660886319846,0.9828765200109322,0.3199100798409526,0.2307663428584673,0.1304908711238361,0.3842278378694956,1209,xgboost_cal,0.4734854435065447,True,utility_gap;ece,
car,logreg_cal,linear,covariate_shift,0.4,test_only,True,low,True,ok,,0.8998073217726397,0.9826249373642302,0.3219525916056757,0.232239703655429,0.1322926534974557,0.3827593845472566,1209,xgboost_cal,0.4734854435065447,True,utility_gap;ece,
car,xgboost_cal,gbdt,covariate_shift,0.0,test_only,True,low,True,ok,,0.976878612716763,0.9986895314042432,0.0757719432608664,0.0546579033904859,0.0309515668765453,0.4734854435065447,1209,xgboost_cal,0.4734854435065447,False,,
car,xgboost_cal,gbdt,covariate_shift,0.05,test_only,True,low,True,ok,,0.9730250481695568,0.99863815312766,0.07749487224279,0.0559007339394984,0.0305975997466158,0.4725873706889418,1209,xgboost_cal,0.4734854435065447,False,,
car,xgboost_cal,gbdt,covariate_shift,0.1,test_only,True,low,True,ok,,0.9845857418111752,0.9988844005380552,0.0751922184018609,0.0542397203009023,0.0333880338074024,0.4743478786082444,1209,xgboost_cal,0.4734854435065447,False,,
car,xgboost_cal,gbdt,covariate_shift,0.2,test_only,True,low,True,ok,,0.97495183044316,0.9990981676285574,0.0810494882282786,0.0584648473667629,0.0380341129090475,0.4707808564446307,1209,xgboost_cal,0.4734854435065447,False,,
car,xgboost_cal,gbdt,covariate_shift,0.3,test_only,True,low,True,ok,,0.978805394990366,0.999060456488202,0.0752042723098436,0.0542484153575373,0.0360377973804741,0.4730098849360696,1209,xgboost_cal,0.4734854435065447,False,,
car,xgboost_cal,gbdt,covariate_shift,0.4,test_only,True,low,True,ok,,0.978805394990366,0.9987061421301552,0.0834249322377888,0.0601783680129779,0.0316897509952276,0.4719764983911703,1209,xgboost_cal,0.4734854435065447,False,,
car,catboost_cal,gbdt,label_noise,0.0,train_only,True,low,True,ok,,0.9672447013487476,0.998081905383269,0.0998095191454608,0.0719973491523341,0.0369884491256457,0.4654184775156268,1209,xgboost_cal,0.4734854435065447,False,,
car,catboost_cal,gbdt,label_noise,0.05,train_only,True,low,True,ok,,0.9633911368015414,0.9969219818461548,0.1772236600757228,0.1278398477597183,0.0945927666520709,0.4361608565080556,1209,xgboost_cal,0.4734854435065447,True,utility_gap,
car,catboost_cal,gbdt,label_noise,0.1,train_only,True,low,True,ok,,0.9499036608863198,0.9944330338137666,0.2593277231647816,0.1870654100874282,0.1424939995158802,0.4059186880383617,1209,xgboost_cal,0.4734854435065447,True,utility_gap;ece,
car,catboost_cal,gbdt,label_noise,0.2,train_only,True,low,True,ok,,0.9171483622350676,0.978727090938987,0.4859340431365999,0.3505273171161481,0.2590192923983248,0.3231646825493962,1209,xgboost_cal,0.4734854435065447,True,utility_gap;ece,
car,catboost_cal,gbdt,label_noise,0.3,train_only,True,low,True,ok,,0.8439306358381503,0.943331222826434,0.67904386149743,0.4898266057642172,0.2853820970259578,0.2527311222305177,1209,xgboost_cal,0.4734854435065447,True,utility_gap;ece,
car,catboost_cal,gbdt,label_noise,0.4,train_only,True,low,True,ok,,0.8053949903660886,0.880982438826478,0.8514095931304215,0.6141621988872746,0.3455872563765916,0.1757869912026798,1209,xgboost_cal,0.4734854435065447,True,utility_gap;ece,
car,hist_gbdt_cal,gbdt,label_noise,0.0,train_only,True,low,True,ok,,0.9807321772639692,0.9998562983951256,0.0948504864955471,0.0684201632465157,0.056945861004559,0.4651443098530228,1209,xgboost_cal,0.4734854435065447,False,,
car,hist_gbdt_cal,gbdt,label_noise,0.05,train_only,True,low,True,ok,,0.9518304431599228,0.9960890343912746,0.2431134163442144,0.175369260066686,0.1373439519576,0.4113261600994087,1209,xgboost_cal,0.4734854435065447,True,utility_gap;ece,
car,hist_gbdt_cal,gbdt,label_noise,0.1,train_only,True,low,True,ok,,0.9344894026974953,0.9939495142740664,0.3413877153581385,0.2462591819837997,0.1837871837583063,0.3774205490537463,1209,xgboost_cal,0.4734854435065447,True,utility_gap;ece,
car,hist_gbdt_cal,gbdt,label_noise,0.2,train_only,True,low,True,ok,,0.8921001926782274,0.977730162217488,0.5483308527102424,0.3955371009857417,0.2648114199922724,0.3043971713836779,1209,xgboost_cal,0.4734854435065447,True,utility_gap;ece,
car,hist_gbdt_cal,gbdt,label_noise,0.3,train_only,True,low,True,ok,,0.8169556840077071,0.9380168091463684,0.7117031685699434,0.5133853159404097,0.2753017727058222,0.2417732864790976,1209,xgboost_cal,0.4734854435065447,True,utility_gap;ece,
car,hist_gbdt_cal,gbdt,label_noise,0.4,train_only,True,low,True,ok,,0.7707129094412332,0.9153985073635712,0.8673992117793978,0.6256962706525665,0.3145226742925266,0.1853829979391595,1209,xgboost_cal,0.4734854435065447,True,utility_gap;ece,
car,logreg_cal,linear,label_noise,0.0,train_only,True,low,True,ok,,0.8978805394990366,0.9825576560914696,0.3202738743955692,0.2310287651583912,0.1266643096608444,0.3839357690771835,1209,xgboost_cal,0.4734854435065447,True,utility_gap;ece,
car,logreg_cal,linear,label_noise,0.05,train_only,True,low,True,ok,,0.861271676300578,0.9666254715620184,0.4365366151321505,0.3148946049088038,0.159783215183538,0.3410846419824444,1209,xgboost_cal,0.4734854435065447,True,utility_gap;ece,
car,logreg_cal,linear,label_noise,0.1,train_only,True,low,True,ok,,0.8323699421965318,0.9495317643758378,0.5159152678307158,0.3721541992091375,0.1677584185766435,0.3119936653829529,1209,xgboost_cal,0.4734854435065447,True,utility_gap;ece,
car,logreg_cal,linear,label_noise,0.2,train_only,True,low,True,ok,,0.8169556840077071,0.9324447642563732,0.636272507447848,0.4589735955744982,0.2290189768580055,0.2654031460469361,1209,xgboost_cal,0.4734854435065447,True,utility_gap;ece,
car,logreg_cal,linear,label_noise,0.3,train_only,True,low,True,ok,,0.7880539499036608,0.8922418244153907,0.742140390914124,0.5353411308076017,0.2650350689238259,0.2168833780038901,1209,xgboost_cal,0.4734854435065447,True,utility_gap;ece,
car,logreg_cal,linear,label_noise,0.4,train_only,True,low,True,ok,,0.7822736030828517,0.8772659124514721,0.8657367486186704,0.6244970569737455,0.3142820569642001,0.1741785813354793,1209,xgboost_cal,0.4734854435065447,True,utility_gap;ece,
car,xgboost_cal,gbdt,label_noise,0.0,train_only,True,low,True,ok,,0.976878612716763,0.9986895314042432,0.0757719432608664,0.0546579033904859,0.0309515668765453,0.4734854435065447,1209,xgboost_cal,0.4734854435065447,False,,
car,xgboost_cal,gbdt,label_noise,0.05,train_only,True,low,True,ok,,0.957610789980732,0.99584854035723,0.1958451474303094,0.1412724114899377,0.0973160454999537,0.4303436750751682,1209,xgboost_cal,0.4734854435065447,True,utility_gap,
car,xgboost_cal,gbdt,label_noise,0.1,train_only,True,low,True,ok,,0.9421965317919077,0.9940414607406098,0.293415570130226,0.2116545939732424,0.1685234863114388,0.392042915573739,1209,xgboost_cal,0.4734854435065447,True,utility_gap;ece,
car,xgboost_cal,gbdt,label_noise,0.2,train_only,True,low,True,ok,,0.9210019267822736,0.9800576486594442,0.5106693260671142,0.3683700521255674,0.2821335799468475,0.3142327344211068,1209,xgboost_cal,0.4734854435065447,True,utility_gap;ece,
car,xgboost_cal,gbdt,label_noise,0.3,train_only,True,low,True,ok,,0.8265895953757225,0.9221359235131976,0.7097311177529049,0.5119627819733484,0.2720058556207673,0.2387460068198195,1209,xgboost_cal,0.4734854435065447,True,utility_gap;ece,
car,xgboost_cal,gbdt,label_noise,0.4,train_only,True,low,True,ok,,0.7495183044315993,0.8408021904691241,0.9041686157595804,0.6522197890418927,0.2882876808066015,0.1533850394550451,1209,xgboost_cal,0.4734854435065447,True,utility_gap;ece,
churn,catboost_cal,gbdt,covariate_shift,0.0,test_only,True,low,True,ok,,0.9593333333333334,0.9060888608930034,0.1479051795238474,0.2133820690208466,0.0122599291945008,0.3945644947673971,3500,catboost_cal,0.3945644947673971,False,,
churn,catboost_cal,gbdt,covariate_shift,0.05,test_only,True,low,True,ok,,0.9426666666666668,0.9007016875659206,0.1745371355127365,0.25180385985519,0.0106660299233836,0.3789712267068384,3500,catboost_cal,0.3945644947673971,False,,
churn,catboost_cal,gbdt,covariate_shift,0.1,test_only,True,low,True,ok,,0.9053333333333332,0.8615522090706669,0.2780197648056365,0.4010977359542078,0.0365344593004703,0.309707060528377,3500,catboost_cal,0.3945644947673971,True,utility_gap,
churn,catboost_cal,gbdt,covariate_shift,0.2,test_only,True,low,True,ok,,0.818,0.8240251084026721,0.5444793207720191,0.7855176159443832,0.1116225628941927,0.1531289905787817,3500,catboost_cal,0.3945644947673971,True,utility_gap;ece;nll,
churn,catboost_cal,gbdt,covariate_shift,0.3,test_only,True,low,True,ok,,0.7046666666666667,0.7570388491737958,0.9680835173788276,1.3966492896887792,0.2148165632113579,-0.0912945023380768,3500,catboost_cal,0.3945644947673971,True,utility_gap;ece;nll,
churn,catboost_cal,gbdt,covariate_shift,0.4,test_only,True,low,True,ok,,0.5986666666666667,0.7317473338802297,1.248314193869145,1.80093669696632,0.2970353755362442,-0.2537765173390644,3500,catboost_cal,0.3945644947673971,True,utility_gap;ece;nll,
churn,hist_gbdt_cal,gbdt,covariate_shift,0.0,test_only,True,low,True,ok,,0.948,0.9069861127387788,0.1763712725531181,0.2544499602676592,0.0165434976420356,0.3800014518498676,3500,catboost_cal,0.3945644947673971,False,,
churn,hist_gbdt_cal,gbdt,covariate_shift,0.05,test_only,True,low,True,ok,,0.9453333333333334,0.905832503222782,0.2017628458134501,0.2910822570907091,0.0324712145036676,0.3650224561000275,3500,catboost_cal,0.3945644947673971,False,,
churn,hist_gbdt_cal,gbdt,covariate_shift,0.1,test_only,True,low,True,ok,,0.9193333333333332,0.8592706258056956,0.2615921440333791,0.3773976889324675,0.0341199085205919,0.3186014306481348,3500,catboost_cal,0.3945644947673971,True,utility_gap,
churn,hist_gbdt_cal,gbdt,covariate_shift,0.2,test_only,True,low,True,ok,,0.906,0.8281707781553966,0.3156443428548847,0.4553785281213978,0.0613656886315854,0.2768730761916523,3500,catboost_cal,0.3945644947673971,True,utility_gap,
churn,hist_gbdt_cal,gbdt,covariate_shift,0.3,test_only,True,low,True,ok,,0.7766666666666666,0.7572182995429508,0.4670023696756605,0.6737420028144699,0.0842586610506125,0.1625520717855692,3500,catboost_cal,0.3945644947673971,True,utility_gap,
churn,hist_gbdt_cal,gbdt,covariate_shift,0.4,test_only,True,low,True,ok,,0.734,0.7296928102660261,0.5430700233853154,0.783484429593448,0.0788224648583873,0.1146826617433972,3500,catboost_cal,0.3945644947673971,True,utility_gap;nll,
churn,logreg_cal,linear,covariate_shift,0.0,test_only,True,low,True,ok,,0.8546666666666667,0.8336311965311144,0.3147899547521287,0.4541459066425572,0.0588040916118831,0.2719663284707462,3500,catboost_cal,0.3945644947673971,True,utility_gap,
churn,logreg_cal,linear,covariate_shift,0.05,test_only,True,low,True,ok,,0.8506666666666667,0.8325508320637525,0.3192839031548766,0.4606293037172126,0.06507794071513,0.2677884119641235,3500,catboost_cal,0.3945644947673971,True,utility_gap,
churn,logreg_cal,linear,covariate_shift,0.1,test_only,True,low,True,ok,,0.856,0.833528653463026,0.3304900583376411,0.4767963682268191,0.0580483762689809,0.2654864429902172,3500,catboost_cal,0.3945644947673971,True,utility_gap,
churn,logreg_cal,linear,covariate_shift,0.2,test_only,True,low,True,ok,,0.87,0.832682673151295,0.3728855416550288,0.537960121764905,0.0701447370049762,0.2465219516724864,3500,catboost_cal,0.3945644947673971,True,utility_gap,
churn,logreg_cal,linear,covariate_shift,0.3,test_only,True,low,True,ok,,0.8386666666666667,0.8329683288409703,0.4545967907760215,0.6558445356566039,0.0947993385169514,0.2016256866939681,3500,catboost_cal,0.3945644947673971,True,utility_gap,
churn,logreg_cal,linear,covariate_shift,0.4,test_only,True,low,True,ok,,0.728,0.8335579514824797,0.5792770520137394,0.8357201302409999,0.0687842585086836,0.1364723922448312,3500,catboost_cal,0.3945644947673971,True,utility_gap;nll,
churn,xgboost_cal,gbdt,covariate_shift,0.0,test_only,True,low,True,ok,,0.95,0.9090076760810968,0.165877270691266,0.2393103158224857,0.0206338095770334,0.3847328299662315,3500,catboost_cal,0.3945644947673971,False,,
churn,xgboost_cal,gbdt,covariate_shift,0.05,test_only,True,low,True,ok,,0.94,0.9042760459392946,0.1889237672981801,0.272559382187145,0.0109421780687614,0.3735403658088573,3500,catboost_cal,0.3945644947673971,False,,
churn,xgboost_cal,gbdt,covariate_shift,0.1,test_only,True,low,True,ok,,0.93,0.8956697527247159,0.2070500106660819,0.2987100236039634,0.0115372439458346,0.3610639575832946,3500,catboost_cal,0.3945644947673971,True,utility_gap,
churn,xgboost_cal,gbdt,covariate_shift,0.2,test_only,True,low,True,ok,,0.8793333333333333,0.8240287706551037,0.3227297371940234,0.465600591397216,0.0353732623295577,0.2735552398442099,3500,catboost_cal,0.3945644947673971,True,utility_gap,
churn,xgboost_cal,gbdt,covariate_shift,0.3,test_only,True,low,True,ok,,0.7766666666666666,0.7603275518574943,0.4366118488547671,0.6298977491361343,0.083824189758847,0.1768804804575133,3500,catboost_cal,0.3945644947673971,True,utility_gap,
churn,xgboost_cal,gbdt,covariate_shift,0.4,test_only,True,low,True,ok,,0.634,0.72362445798664,0.6163513779969443,0.8892070764812705,0.1831213283120853,0.0449821716885257,3500,catboost_cal,0.3945644947673971,True,utility_gap;ece;nll,
churn,catboost_cal,gbdt,label_noise,0.0,train_only,True,low,True,ok,,0.9593333333333334,0.9060888608930034,0.1479051795238474,0.2133820690208466,0.0122599291945008,0.3945644947673971,3500,catboost_cal,0.3945644947673971,False,,
churn,catboost_cal,gbdt,label_noise,0.05,train_only,True,low,True,ok,,0.952,0.908132397749912,0.1863146692369715,0.2687952493530463,0.0599475402412184,0.3680182563583115,3500,catboost_cal,0.3945644947673971,False,,
churn,catboost_cal,gbdt,label_noise,0.1,train_only,True,low,True,ok,,0.9426666666666668,0.91004775577171,0.2422260032023981,0.3494582535944539,0.1057060095108032,0.3339380365396016,3500,catboost_cal,0.3945644947673971,True,utility_gap;ece,
churn,catboost_cal,gbdt,label_noise,0.2,train_only,True,low,True,ok,,0.9313333333333332,0.8838443396226414,0.3620729604308411,0.5223608644535603,0.1980587832294641,0.2527255028859635,3500,catboost_cal,0.3945644947673971,True,utility_gap;ece,
churn,catboost_cal,gbdt,label_noise,0.3,train_only,True,low,True,ok,,0.864,0.8035311437946796,0.4913258939953023,0.7088334307273592,0.2471046441713523,0.1487649422756596,3500,catboost_cal,0.3945644947673971,True,utility_gap;ece,
churn,catboost_cal,gbdt,label_noise,0.4,train_only,True,low,True,ok,,0.8586666666666667,0.6282337688972226,0.5949050978400539,0.8582666344534093,0.2846117710627745,0.0342794745654501,3500,catboost_cal,0.3945644947673971,True,utility_gap;ece;nll,
churn,hist_gbdt_cal,gbdt,label_noise,0.0,train_only,True,low,True,ok,,0.948,0.9069861127387788,0.1763712725531181,0.2544499602676592,0.0165434976420356,0.3800014518498676,3500,catboost_cal,0.3945644947673971,False,,
churn,hist_gbdt_cal,gbdt,label_noise,0.05,train_only,True,low,True,ok,,0.9433333333333334,0.8939741298488223,0.223666389443097,0.3226823908630956,0.0661806034103583,0.3443501075060874,3500,catboost_cal,0.3945644947673971,True,utility_gap,
churn,hist_gbdt_cal,gbdt,label_noise,0.1,train_only,True,low,True,ok,,0.9246666666666666,0.9063525430680884,0.2805744328014569,0.4047833428028956,0.11368381861304,0.3117516235103543,3500,catboost_cal,0.3945644947673971,True,utility_gap;ece,
churn,hist_gbdt_cal,gbdt,label_noise,0.2,train_only,True,low,True,ok,,0.9113333333333332,0.8703855619360131,0.3902587866323778,0.5630244161378756,0.1934219138498798,0.2337432390662659,3500,catboost_cal,0.3945644947673971,True,utility_gap;ece,
churn,hist_gbdt_cal,gbdt,label_noise,0.3,train_only,True,low,True,ok,,0.8586666666666667,0.7696333352865347,0.4983166325545184,0.7189189345788916,0.2298845583803118,0.1365190753005572,3500,catboost_cal,0.3945644947673971,True,utility_gap;ece,
churn,hist_gbdt_cal,gbdt,label_noise,0.4,train_only,True,low,True,ok,,0.8586666666666667,0.6176132368451892,0.5948287578291218,0.8581564990982162,0.284320415616368,0.0306536000430777,3500,catboost_cal,0.3945644947673971,True,utility_gap;ece;nll,
churn,logreg_cal,linear,label_noise,0.0,train_only,True,low,True,ok,,0.8546666666666667,0.8336311965311144,0.3147899547521287,0.4541459066425572,0.0588040916118831,0.2719663284707462,3500,catboost_cal,0.3945644947673971,True,utility_gap,
churn,logreg_cal,linear,label_noise,0.05,train_only,True,low,True,ok,,0.8566666666666667,0.8389304757998357,0.3255625343140351,0.4696874537541015,0.0866197485899085,0.2638954806857303,3500,catboost_cal,0.3945644947673971,True,utility_gap,
churn,logreg_cal,linear,label_noise,0.1,train_only,True,low,True,ok,,0.8573333333333333,0.8322908121410993,0.3515698530093862,0.5072080834627033,0.1171748615105198,0.2443043869084698,3500,catboost_cal,0.3945644947673971,True,utility_gap;ece,
churn,logreg_cal,linear,label_noise,0.2,train_only,True,low,True,ok,,0.8706666666666667,0.8302179772647369,0.4202509012824837,0.6062938912093566,0.1903440711636786,0.2012193104471151,3500,catboost_cal,0.3945644947673971,True,utility_gap;ece,
churn,logreg_cal,linear,label_noise,0.3,train_only,True,low,True,ok,,0.8586666666666667,0.7769615024024377,0.4927501327731829,0.7108881729492493,0.2206880790542801,0.1433324581452223,3500,catboost_cal,0.3945644947673971,True,utility_gap;ece,
churn,logreg_cal,linear,label_noise,0.4,train_only,True,low,True,ok,,0.8586666666666667,0.6896057951482479,0.5941726959638867,0.8572100018987251,0.2842072317383627,0.0561575813845967,3500,catboost_cal,0.3945644947673971,True,utility_gap;ece;nll,
churn,xgboost_cal,gbdt,label_noise,0.0,train_only,True,low,True,ok,,0.95,0.9090076760810968,0.165877270691266,0.2393103158224857,0.0206338095770334,0.3847328299662315,3500,catboost_cal,0.3945644947673971,False,,
churn,xgboost_cal,gbdt,label_noise,0.05,train_only,True,low,True,ok,,0.946,0.8949812492675495,0.2103622628583743,0.3034885934159573,0.0628375168076303,0.351529355857329,3500,catboost_cal,0.3945644947673971,True,utility_gap,
churn,xgboost_cal,gbdt,label_noise,0.1,train_only,True,low,True,ok,,0.9273333333333332,0.9010239657799134,0.2748084868728304,0.3964648412056322,0.1049514095507415,0.3145286537511317,3500,catboost_cal,0.3945644947673971,True,utility_gap;ece,
churn,xgboost_cal,gbdt,label_noise,0.2,train_only,True,low,True,ok,,0.9046666666666666,0.845731278565569,0.3995899218897994,0.5764863986996219,0.1890529442487735,0.2209494390383078,3500,catboost_cal,0.3945644947673971,True,utility_gap;ece,
churn,xgboost_cal,gbdt,label_noise,0.3,train_only,True,low,True,ok,,0.8586666666666667,0.7559145376772529,0.5012993027676647,0.7232220181040049,0.2196048151804316,0.1324825197197506,3500,catboost_cal,0.3945644947673971,True,utility_gap;ece,
churn,xgboost_cal,gbdt,label_noise,0.4,train_only,True,low,True,ok,,0.8586666666666667,0.5809980370326966,0.5956130935818664,0.8592880563990928,0.2847964657857768,0.0174036028845606,3500,catboost_cal,0.3945644947673971,True,utility_gap;ece;nll,
credit-approval,catboost_cal,gbdt,covariate_shift,0.0,test_only,True,low,True,ok,,0.855072463768116,0.924007561436673,0.3558128066051028,0.5133293715739656,0.0393999252920618,0.2897847195374508,483,catboost_cal,0.2897847195374508,False,,
credit-approval,catboost_cal,gbdt,covariate_shift,0.05,test_only,True,low,True,ok,,0.8502415458937198,0.9052930056710776,0.3963816438360004,0.5718578318616132,0.0659574674254079,0.2596399408253695,483,catboost_cal,0.2897847195374508,True,utility_gap,
credit-approval,catboost_cal,gbdt,covariate_shift,0.1,test_only,True,low,True,ok,,0.8454106280193237,0.8947069943289225,0.4384565545140466,0.6325590968426764,0.0768880936746762,0.2348136944302832,483,catboost_cal,0.2897847195374508,True,utility_gap,
credit-approval,catboost_cal,gbdt,covariate_shift,0.2,test_only,True,low,True,ok,,0.8454106280193237,0.8880907372400756,0.4399900460232732,0.634771457438283,0.0603483184488373,0.2351422513156726,483,catboost_cal,0.2897847195374508,True,utility_gap,
credit-approval,catboost_cal,gbdt,covariate_shift,0.3,test_only,True,low,True,ok,,0.8454106280193237,0.8958412098298677,0.4636335236842147,0.6688817854090923,0.0778985028665493,0.2241117814473146,483,catboost_cal,0.2897847195374508,True,utility_gap,
credit-approval,catboost_cal,gbdt,covariate_shift,0.4,test_only,True,low,True,ok,,0.8454106280193237,0.8850661625708884,0.4809710788957994,0.6938945903339842,0.126562612930797,0.2031038514163548,483,catboost_cal,0.2897847195374508,True,utility_gap;ece,
credit-approval,hist_gbdt_cal,gbdt,covariate_shift,0.0,test_only,True,low,True,ok,,0.855072463768116,0.9239130434782608,0.3496530905939627,0.5044427798314095,0.0440867461451702,0.2914802516041517,483,catboost_cal,0.2897847195374508,False,,
credit-approval,hist_gbdt_cal,gbdt,covariate_shift,0.05,test_only,True,low,True,ok,,0.8454106280193237,0.9069943289224952,0.3829954105212079,0.5525455794421794,0.0405785264497187,0.2703802302031743,483,catboost_cal,0.2897847195374508,False,,
credit-approval,hist_gbdt_cal,gbdt,covariate_shift,0.1,test_only,True,low,True,ok,,0.8454106280193237,0.9060491493383744,0.4240358777976426,0.6117544580576575,0.0579807953307474,0.2488062999878828,483,catboost_cal,0.2897847195374508,True,utility_gap,
credit-approval,hist_gbdt_cal,gbdt,covariate_shift,0.2,test_only,True,low,True,ok,,0.8454106280193237,0.8944234404536863,0.4792193641078316,0.6913674000963312,0.1044545441722244,0.2115586694983445,483,catboost_cal,0.2897847195374508,True,utility_gap;ece,
credit-approval,hist_gbdt_cal,gbdt,covariate_shift,0.3,test_only,True,low,True,ok,,0.8454106280193237,0.8680529300567108,0.5603665034942116,0.8084379756713871,0.1613922821162574,0.1558202705980797,483,catboost_cal,0.2897847195374508,True,utility_gap;ece;nll,
credit-approval,hist_gbdt_cal,gbdt,covariate_shift,0.4,test_only,True,low,True,ok,,0.8454106280193237,0.9014650283553876,0.5379405210242137,0.7760841219748583,0.167664387146464,0.1759662401055338,483,catboost_cal,0.2897847195374508,True,utility_gap;ece;nll,
credit-approval,logreg_cal,linear,covariate_shift,0.0,test_only,True,low,True,ok,,0.8454106280193237,0.9139886578449906,0.365932116179888,0.5279284493147285,0.0522910490860918,0.2778708798370083,483,catboost_cal,0.2897847195374508,False,,
credit-approval,logreg_cal,linear,covariate_shift,0.05,test_only,True,low,True,ok,,0.8502415458937198,0.9126654064272212,0.3642281886243646,0.5254702014803408,0.0556731699283673,0.2781934297038096,483,catboost_cal,0.2897847195374508,False,,
credit-approval,logreg_cal,linear,covariate_shift,0.1,test_only,True,low,True,ok,,0.8405797101449275,0.9151228733459358,0.3650188597063205,0.5266108987292529,0.0645642048412872,0.2754838516057833,483,catboost_cal,0.2897847195374508,False,,
credit-approval,logreg_cal,linear,covariate_shift,0.2,test_only,True,low,True,ok,,0.8454106280193237,0.9149338374291116,0.3897510929080208,0.5622919689194552,0.0382839858163693,0.2706940494639771,483,catboost_cal,0.2897847195374508,False,,
credit-approval,logreg_cal,linear,covariate_shift,0.3,test_only,True,low,True,ok,,0.8405797101449275,0.9135160680529302,0.4436666721216202,0.6400757076775712,0.097290011503338,0.2343368657363256,483,catboost_cal,0.2897847195374508,True,utility_gap,
credit-approval,logreg_cal,linear,covariate_shift,0.4,test_only,True,low,True,ok,,0.8164251207729468,0.9144612476370512,0.5233168618668782,0.7549866414289199,0.1660684540712372,0.1828155215459864,483,catboost_cal,0.2897847195374508,True,utility_gap;ece;nll,
credit-approval,xgboost_cal,gbdt,covariate_shift,0.0,test_only,True,low,True,ok,,0.8647342995169082,0.9208884688090736,0.3573339667750294,0.5155239418075166,0.0619173139546155,0.2849804636775339,483,catboost_cal,0.2897847195374508,False,,
credit-approval,xgboost_cal,gbdt,covariate_shift,0.05,test_only,True,low,True,ok,,0.8454106280193237,0.889508506616257,0.4115011900253043,0.5936707261694135,0.0465063325180533,0.2507370871641537,483,catboost_cal,0.2897847195374508,True,utility_gap,
credit-approval,xgboost_cal,gbdt,covariate_shift,0.1,test_only,True,low,True,ok,,0.8454106280193237,0.8725897920604915,0.4348429356244496,0.6273457467909922,0.0448288173448019,0.2350485339178124,483,catboost_cal,0.2897847195374508,True,utility_gap,
credit-approval,xgboost_cal,gbdt,covariate_shift,0.2,test_only,True,low,True,ok,,0.8454106280193237,0.868241965973535,0.449330996511022,0.6482476003841476,0.0738823933599622,0.221445523506399,483,catboost_cal,0.2897847195374508,True,utility_gap,
credit-approval,xgboost_cal,gbdt,covariate_shift,0.3,test_only,True,low,True,ok,,0.8454106280193237,0.8592627599243856,0.4469982024590444,0.6448820899739443,0.04914086576121,0.2242607600320081,483,catboost_cal,0.2897847195374508,True,utility_gap,
credit-approval,xgboost_cal,gbdt,covariate_shift,0.4,test_only,True,low,True,ok,,0.8405797101449275,0.871124763705104,0.4527812716156873,0.6532252951673508,0.0909535528121772,0.2168223247058848,483,catboost_cal,0.2897847195374508,True,utility_gap,
credit-approval,catboost_cal,gbdt,label_noise,0.0,train_only,True,low,True,ok,,0.855072463768116,0.924007561436673,0.3558128066051028,0.5133293715739656,0.0393999252920618,0.2897847195374508,483,catboost_cal,0.2897847195374508,False,,
credit-approval,catboost_cal,gbdt,label_noise,0.05,train_only,True,low,True,ok,,0.8357487922705314,0.9146502835538752,0.3777742981622897,0.545013106534044,0.061760414193163,0.2696339032855903,483,catboost_cal,0.2897847195374508,False,,
credit-approval,catboost_cal,gbdt,label_noise,0.1,train_only,True,low,True,ok,,0.8502415458937198,0.924858223062382,0.3651046135920768,0.5267346154349705,0.0936612472791002,0.2744839758695803,483,catboost_cal,0.2897847195374508,False,,
credit-approval,catboost_cal,gbdt,label_noise,0.2,train_only,True,low,True,ok,,0.8260869565217391,0.9051039697542532,0.4487139046363307,0.6473573249967576,0.1170979843112904,0.2230726385309641,483,catboost_cal,0.2897847195374508,True,utility_gap;ece,
credit-approval,catboost_cal,gbdt,label_noise,0.3,train_only,True,low,True,ok,,0.7777777777777778,0.8450850661625708,0.5947715337829704,0.8580739422506141,0.193915938425523,0.1162410694632776,483,catboost_cal,0.2897847195374508,True,utility_gap;ece;nll,
credit-approval,catboost_cal,gbdt,label_noise,0.4,train_only,True,low,True,ok,,0.714975845410628,0.7453686200378071,0.6751653491468724,0.9740577009942584,0.1968611574144667,0.0365358520436558,483,catboost_cal,0.2897847195374508,True,utility_gap;ece;nll,
credit-approval,hist_gbdt_cal,gbdt,label_noise,0.0,train_only,True,low,True,ok,,0.855072463768116,0.9239130434782608,0.3496530905939627,0.5044427798314095,0.0440867461451702,0.2914802516041517,483,catboost_cal,0.2897847195374508,False,,
credit-approval,hist_gbdt_cal,gbdt,label_noise,0.05,train_only,True,low,True,ok,,0.8502415458937198,0.9098298676748584,0.3876898185638167,0.5593181786451604,0.0546830798568453,0.2672446160053412,483,catboost_cal,0.2897847195374508,False,,
credit-approval,hist_gbdt_cal,gbdt,label_noise,0.1,train_only,True,low,True,ok,,0.8164251207729468,0.8911153119092627,0.4315398551614611,0.6225804089873815,0.0885243907633012,0.2298751264353092,483,catboost_cal,0.2897847195374508,True,utility_gap,
credit-approval,hist_gbdt_cal,gbdt,label_noise,0.2,train_only,True,low,True,ok,,0.7971014492753623,0.8756143667296786,0.508343827159736,0.7333851185098675,0.1287657038957405,0.1802615694145835,483,catboost_cal,0.2897847195374508,True,utility_gap;ece,
credit-approval,hist_gbdt_cal,gbdt,label_noise,0.3,train_only,True,low,True,ok,,0.7198067632850241,0.7898865784499055,0.6284499569397548,0.9066616363238668,0.1586422486303264,0.0807043763269951,483,catboost_cal,0.2897847195374508,True,utility_gap;ece;nll,
credit-approval,hist_gbdt_cal,gbdt,label_noise,0.4,train_only,True,low,True,ok,,0.5652173913043478,0.6303402646502836,0.6828124926833975,0.9850901970513692,0.0486328258529244,0.0001480770372557,483,catboost_cal,0.2897847195374508,True,utility_gap;nll,
credit-approval,logreg_cal,linear,label_noise,0.0,train_only,True,low,True,ok,,0.8454106280193237,0.9139886578449906,0.365932116179888,0.5279284493147285,0.0522910490860918,0.2778708798370083,483,catboost_cal,0.2897847195374508,False,,
credit-approval,logreg_cal,linear,label_noise,0.05,train_only,True,low,True,ok,,0.8357487922705314,0.9036862003780718,0.3829855969126893,0.5525314213978364,0.0510650661725325,0.2656800493190474,483,catboost_cal,0.2897847195374508,False,,
credit-approval,logreg_cal,linear,label_noise,0.1,train_only,True,low,True,ok,,0.8405797101449275,0.915406427221172,0.4191956368319945,0.6047714664198094,0.1277902842388467,0.2394897092754371,483,catboost_cal,0.2897847195374508,True,utility_gap;ece,
credit-approval,logreg_cal,linear,label_noise,0.2,train_only,True,low,True,ok,,0.782608695652174,0.8859168241965973,0.4922153616095887,0.7101166612435216,0.1614558974068062,0.1821360149622173,483,catboost_cal,0.2897847195374508,True,utility_gap;ece,
credit-approval,logreg_cal,linear,label_noise,0.3,train_only,True,low,True,ok,,0.7922705314009661,0.8272211720226844,0.6037200473977139,0.8709839184659318,0.2134739994638819,0.1043780144855285,483,catboost_cal,0.2897847195374508,True,utility_gap;ece;nll,
credit-approval,logreg_cal,linear,label_noise,0.4,train_only,True,low,True,ok,,0.6956521739130435,0.7234404536862004,0.6617562342562376,0.9547124374388292,0.1629901367685223,0.0385402262917734,483,catboost_cal,0.2897847195374508,True,utility_gap;ece;nll,
credit-approval,xgboost_cal,gbdt,label_noise,0.0,train_only,True,low,True,ok,,0.8647342995169082,0.9208884688090736,0.3573339667750294,0.5155239418075166,0.0619173139546155,0.2849804636775339,483,catboost_cal,0.2897847195374508,False,,
credit-approval,xgboost_cal,gbdt,label_noise,0.05,train_only,True,low,True,ok,,0.8405797101449275,0.9049149338374292,0.4040773622125578,0.5829604065995506,0.0838989533364995,0.2511392707176742,483,catboost_cal,0.2897847195374508,True,utility_gap,
credit-approval,xgboost_cal,gbdt,label_noise,0.1,train_only,True,low,True,ok,,0.8357487922705314,0.8920604914933838,0.4269956516349588,0.6160245090949065,0.0817539711795492,0.2364253438988823,483,catboost_cal,0.2897847195374508,True,utility_gap,
credit-approval,xgboost_cal,gbdt,label_noise,0.2,train_only,True,low,True,ok,,0.7874396135265701,0.8553875236294896,0.5237757917299556,0.7556487372664975,0.1203676370873995,0.1667334267018776,483,catboost_cal,0.2897847195374508,True,utility_gap;ece;nll,
credit-approval,xgboost_cal,gbdt,label_noise,0.3,train_only,True,low,True,ok,,0.6714975845410628,0.7455576559546313,0.6552535371590482,0.945331028584311,0.1299070338065418,0.0520891019286787,483,catboost_cal,0.2897847195374508,True,utility_gap;ece;nll,
credit-approval,xgboost_cal,gbdt,label_noise,0.4,train_only,True,low,True,ok,,0.6570048309178744,0.6878071833648394,0.6630802978297946,0.9566226573902216,0.1124603595054094,0.0298043696972266,483,catboost_cal,0.2897847195374508,True,utility_gap;ece;nll,
credit-g,catboost_cal,gbdt,covariate_shift,0.0,test_only,True,low,True,ok,,0.7833333333333333,0.8015873015873015,0.4888290398368854,0.7052312316151882,0.0563164184833253,0.1752229023743339,700,catboost_cal,0.1752229023743339,False,,
credit-g,catboost_cal,gbdt,covariate_shift,0.05,test_only,True,low,True,ok,,0.7833333333333333,0.8049206349206349,0.4853264706034051,0.7001780923516759,0.0687907070440368,0.175410653107912,700,catboost_cal,0.1752229023743339,False,,
credit-g,catboost_cal,gbdt,covariate_shift,0.1,test_only,True,low,True,ok,,0.7766666666666666,0.8046560846560846,0.484079999242803,0.6983798143011251,0.0419744021561799,0.1802208049080561,700,catboost_cal,0.1752229023743339,False,,
credit-g,catboost_cal,gbdt,covariate_shift,0.2,test_only,True,low,True,ok,,0.76,0.8043915343915344,0.4900867920376255,0.7070457844778631,0.0450964878502409,0.1744040041236298,700,catboost_cal,0.1752229023743339,False,,
credit-g,catboost_cal,gbdt,covariate_shift,0.3,test_only,True,low,True,ok,,0.76,0.8041798941798941,0.498446669342214,0.719106538007633,0.0625156993332355,0.1672278616940259,700,catboost_cal,0.1752229023743339,False,,
credit-g,catboost_cal,gbdt,covariate_shift,0.4,test_only,True,low,True,ok,,0.7533333333333333,0.7977777777777778,0.5079462301030443,0.7328115072079063,0.0674517250323984,0.1588884250533706,700,catboost_cal,0.1752229023743339,False,,
credit-g,hist_gbdt_cal,gbdt,covariate_shift,0.0,test_only,True,low,True,ok,,0.78,0.7885185185185185,0.4966426246781939,0.7165038517173091,0.0543374960318178,0.1671628267599251,700,catboost_cal,0.1752229023743339,False,,
credit-g,hist_gbdt_cal,gbdt,covariate_shift,0.05,test_only,True,low,True,ok,,0.7833333333333333,0.7904761904761906,0.4951681639147341,0.7143766544858803,0.0786733730746411,0.1641189957059743,700,catboost_cal,0.1752229023743339,False,,
credit-g,hist_gbdt_cal,gbdt,covariate_shift,0.1,test_only,True,low,True,ok,,0.7866666666666666,0.8078835978835979,0.489311024407742,0.705926588365348,0.0770746515485866,0.1735663524399374,700,catboost_cal,0.1752229023743339,False,,
credit-g,hist_gbdt_cal,gbdt,covariate_shift,0.2,test_only,True,low,True,ok,,0.7566666666666667,0.8018518518518518,0.5000506183716936,0.721420547318302,0.0723245659544159,0.1632570707617743,700,catboost_cal,0.1752229023743339,False,,
credit-g,hist_gbdt_cal,gbdt,covariate_shift,0.3,test_only,True,low,True,ok,,0.7233333333333334,0.7626455026455026,0.5261145237260919,0.7590228143192917,0.0464947144828915,0.13842013873356,700,catboost_cal,0.1752229023743339,True,utility_gap;nll,
credit-g,hist_gbdt_cal,gbdt,covariate_shift,0.4,test_only,True,low,True,ok,,0.7533333333333333,0.7651851851851852,0.5383418856396965,0.7766631687152037,0.0902734903481717,0.1297611661306193,700,catboost_cal,0.1752229023743339,True,utility_gap;nll,
credit-g,logreg_cal,linear,covariate_shift,0.0,test_only,True,low,True,ok,,0.7566666666666667,0.8034391534391534,0.4856139450646632,0.7005928303313151,0.0547877663665416,0.1735683013310008,700,catboost_cal,0.1752229023743339,False,,
credit-g,logreg_cal,linear,covariate_shift,0.05,test_only,True,low,True,ok,,0.7566666666666667,0.8038624338624338,0.4858936950382406,0.700996424230884,0.055632741398552,0.1734263763028761,700,catboost_cal,0.1752229023743339,False,,
credit-g,logreg_cal,linear,covariate_shift,0.1,test_only,True,low,True,ok,,0.7633333333333333,0.8046031746031747,0.490745056208366,0.7079954589325853,0.0761529676258507,0.1684818799061653,700,catboost_cal,0.1752229023743339,False,,
credit-g,logreg_cal,linear,covariate_shift,0.2,test_only,True,low,True,ok,,0.75,0.8030687830687832,0.5064466755604933,0.7306481073058254,0.056357233960869,0.1631081950901526,700,catboost_cal,0.1752229023743339,False,,
credit-g,logreg_cal,linear,covariate_shift,0.3,test_only,True,low,True,ok,,0.7433333333333333,0.8024338624338624,0.5273928962161585,0.7608671159711197,0.0764097605054334,0.1488097649594292,700,catboost_cal,0.1752229023743339,True,nll,
credit-g,logreg_cal,linear,covariate_shift,0.4,test_only,True,low,True,ok,,0.73,0.802063492063492,0.5507589260974938,0.7945771714061853,0.0562237741938453,0.1406043159615975,700,catboost_cal,0.1752229023743339,True,utility_gap;nll,
credit-g,xgboost_cal,gbdt,covariate_shift,0.0,test_only,True,low,True,ok,,0.7666666666666667,0.7895767195767195,0.5193284510016813,0.7492325808526727,0.075100196888829,0.1515620382182841,700,catboost_cal,0.1752229023743339,False,,
credit-g,xgboost_cal,gbdt,covariate_shift,0.05,test_only,True,low,True,ok,,0.7666666666666667,0.7774074074074074,0.5244723560889939,0.756653667212942,0.0534615081507705,0.1494041907985558,700,catboost_cal,0.1752229023743339,True,nll,
credit-g,xgboost_cal,gbdt,covariate_shift,0.1,test_only,True,low,True,ok,,0.7766666666666666,0.792010582010582,0.5138428951109401,0.741318596572581,0.0909292324628619,0.1531222782393569,700,catboost_cal,0.1752229023743339,False,,
credit-g,xgboost_cal,gbdt,covariate_shift,0.2,test_only,True,low,True,ok,,0.7633333333333333,0.7969312169312168,0.5052243601843284,0.72888467897423,0.0668022014676417,0.1614000819401284,700,catboost_cal,0.1752229023743339,False,,
credit-g,xgboost_cal,gbdt,covariate_shift,0.3,test_only,True,low,True,ok,,0.7566666666666667,0.7595767195767197,0.5340043584555295,0.7704054397568848,0.0815192604089028,0.1319263678430059,700,catboost_cal,0.1752229023743339,True,utility_gap;nll,
credit-g,xgboost_cal,gbdt,covariate_shift,0.4,test_only,True,low,True,ok,,0.74,0.7586243386243386,0.5331827214002242,0.7692200680517852,0.0694117143262451,0.1318701552377338,700,catboost_cal,0.1752229023743339,True,utility_gap;nll,
credit-g,catboost_cal,gbdt,label_noise,0.0,train_only,True,low,True,ok,,0.7833333333333333,0.8015873015873015,0.4888290398368854,0.7052312316151882,0.0563164184833253,0.1752229023743339,700,catboost_cal,0.1752229023743339,False,,
credit-g,catboost_cal,gbdt,label_noise,0.05,train_only,True,low,True,ok,,0.7833333333333333,0.8082010582010581,0.4971052404406743,0.7171712651836766,0.079736537756614,0.1692716832639445,700,catboost_cal,0.1752229023743339,False,,
credit-g,catboost_cal,gbdt,label_noise,0.1,train_only,True,low,True,ok,,0.78,0.7761904761904762,0.5193118471796138,0.749208626600916,0.087397574663549,0.146424563753682,700,catboost_cal,0.1752229023743339,False,,
credit-g,catboost_cal,gbdt,label_noise,0.2,train_only,True,low,True,ok,,0.75,0.746031746031746,0.5641666417620056,0.8139204163050259,0.1074432480482998,0.1079463366099433,700,catboost_cal,0.1752229023743339,True,utility_gap;ece;nll,
credit-g,catboost_cal,gbdt,label_noise,0.3,train_only,True,low,True,ok,,0.71,0.6252910052910053,0.6303589570471272,0.9094157413118296,0.1332620314149712,0.0258747231753087,700,catboost_cal,0.1752229023743339,True,utility_gap;ece;nll,
credit-g,catboost_cal,gbdt,label_noise,0.4,train_only,True,low,True,ok,,0.7,0.4326455026455027,0.6603971033932993,0.9527516260829488,0.1510701779414222,-0.0596135974872431,700,catboost_cal,0.1752229023743339,True,utility_gap;ece;nll,
credit-g,hist_gbdt_cal,gbdt,label_noise,0.0,train_only,True,low,True,ok,,0.78,0.7885185185185185,0.4966426246781939,0.7165038517173091,0.0543374960318178,0.1671628267599251,700,catboost_cal,0.1752229023743339,False,,
credit-g,hist_gbdt_cal,gbdt,label_noise,0.05,train_only,True,low,True,ok,,0.7566666666666667,0.8033862433862434,0.5145459609535056,0.7423329061770687,0.0791588014133225,0.1561535530494001,700,catboost_cal,0.1752229023743339,False,,
credit-g,hist_gbdt_cal,gbdt,label_noise,0.1,train_only,True,low,True,ok,,0.75,0.7838624338624338,0.5378548429764236,0.7759605146801984,0.089249676618344,0.1362137621241234,700,catboost_cal,0.1752229023743339,True,utility_gap;nll,
credit-g,hist_gbdt_cal,gbdt,label_noise,0.2,train_only,True,low,True,ok,,0.72,0.7270899470899471,0.5857318085086308,0.8450323754263257,0.1185243023935356,0.0852669083748766,700,catboost_cal,0.1752229023743339,True,utility_gap;ece;nll,
credit-g,hist_gbdt_cal,gbdt,label_noise,0.3,train_only,True,low,True,ok,,0.6933333333333334,0.6324867724867725,0.6323819948104108,0.91233436786045,0.1283489414630761,0.0260002717196201,700,catboost_cal,0.1752229023743339,True,utility_gap;ece;nll,
credit-g,hist_gbdt_cal,gbdt,label_noise,0.4,train_only,True,low,True,ok,,0.7033333333333334,0.5515343915343915,0.6550633005975932,0.945056575240504,0.1520324449142776,-0.0153864245179697,700,catboost_cal,0.1752229023743339,True,utility_gap;ece;nll,
credit-g,logreg_cal,linear,label_noise,0.0,train_only,True,low,True,ok,,0.7566666666666667,0.8034391534391534,0.4856139450646632,0.7005928303313151,0.0547877663665416,0.1735683013310008,700,catboost_cal,0.1752229023743339,False,,
credit-g,logreg_cal,linear,label_noise,0.05,train_only,True,low,True,ok,,0.7633333333333333,0.8095767195767196,0.494936812887995,0.7140428855068993,0.0841561985988909,0.1668077464800038,700,catboost_cal,0.1752229023743339,False,,
credit-g,logreg_cal,linear,label_noise,0.1,train_only,True,low,True,ok,,0.7533333333333333,0.7796296296296297,0.530808366310687,0.7657945977388004,0.0880837448040756,0.1385152420879151,700,catboost_cal,0.1752229023743339,True,utility_gap;nll,
credit-g,logreg_cal,linear,label_noise,0.2,train_only,True,low,True,ok,,0.7233333333333334,0.7282010582010583,0.5597435302447711,0.8075392152538128,0.0794161585174218,0.1052253740907422,700,catboost_cal,0.1752229023743339,True,utility_gap;nll,
credit-g,logreg_cal,linear,label_noise,0.3,train_only,True,low,True,ok,,0.71,0.6298941798941798,0.6323553482638034,0.9122959250198024,0.1357380473981643,0.0261265759773893,700,catboost_cal,0.1752229023743339,True,utility_gap;ece;nll,
credit-g,logreg_cal,linear,label_noise,0.4,train_only,True,low,True,ok,,0.7,0.5429100529100529,0.657555115589507,0.9486515043721508,0.1524004422152139,-0.0200570212361695,700,catboost_cal,0.1752229023743339,True,utility_gap;ece;nll,
credit-g,xgboost_cal,gbdt,label_noise,0.0,train_only,True,low,True,ok,,0.7666666666666667,0.7895767195767195,0.5193284510016813,0.7492325808526727,0.075100196888829,0.1515620382182841,700,catboost_cal,0.1752229023743339,False,,
credit-g,xgboost_cal,gbdt,label_noise,0.05,train_only,True,low,True,ok,,0.7566666666666667,0.8012169312169313,0.5258373623311866,0.758622954949336,0.0734886686567544,0.1516413057097742,700,catboost_cal,0.1752229023743339,True,nll,
credit-g,xgboost_cal,gbdt,label_noise,0.1,train_only,True,low,True,ok,,0.73,0.7584126984126984,0.5542757657664763,0.7996508985562281,0.075314496375247,0.1199862756025266,700,catboost_cal,0.1752229023743339,True,utility_gap;nll,
credit-g,xgboost_cal,gbdt,label_noise,0.2,train_only,True,low,True,ok,,0.7133333333333334,0.7285185185185185,0.5833448141307906,0.8415886704747858,0.1044016582364854,0.0886245486917485,700,catboost_cal,0.1752229023743339,True,utility_gap;ece;nll,
credit-g,xgboost_cal,gbdt,label_noise,0.3,train_only,True,low,True,ok,,0.7,0.6012698412698413,0.6384364984568488,0.9210691702462102,0.1267860469808669,0.0137664839744079,700,catboost_cal,0.1752229023743339,True,utility_gap;ece;nll,
credit-g,xgboost_cal,gbdt,label_noise,0.4,train_only,True,low,True,ok,,0.7,0.4722222222222223,0.6585455165934597,0.950080350989045,0.1494045664306464,-0.0446272408050649,700,catboost_cal,0.1752229023743339,True,utility_gap;ece;nll,
eucalyptus,catboost_cal,gbdt,covariate_shift,0.0,test_only,True,low,True,ok,,0.6606334841628959,0.912469055964928,0.8861195778370928,0.550577049907401,0.0766496420807346,0.2379561488237918,515,catboost_cal,0.2379561488237918,False,,
eucalyptus,catboost_cal,gbdt,covariate_shift,0.05,test_only,True,low,True,ok,,0.5746606334841629,0.8661602926750762,1.0799624847618974,0.6710184197963693,0.1033757746782626,0.1673745165843377,515,catboost_cal,0.2379561488237918,True,utility_gap;ece,
eucalyptus,catboost_cal,gbdt,covariate_shift,0.1,test_only,True,low,True,ok,,0.497737556561086,0.8346168292011754,1.2124538744897468,0.7533399487626347,0.1126308115543024,0.1182483767649234,515,catboost_cal,0.2379561488237918,True,utility_gap;ece;nll,
eucalyptus,catboost_cal,gbdt,covariate_shift,0.2,test_only,True,low,True,ok,,0.3800904977375565,0.7574476412883839,1.5335348147366497,0.9528387537592828,0.2121857576992843,-0.0061685285560739,515,catboost_cal,0.2379561488237918,True,utility_gap;ece;nll,
eucalyptus,catboost_cal,gbdt,covariate_shift,0.3,test_only,True,low,True,ok,,0.3257918552036199,0.6906243887141291,1.7701027325906455,1.099826665517999,0.2673588041201214,-0.0928324461489357,515,catboost_cal,0.2379561488237918,True,utility_gap;ece;nll,
eucalyptus,catboost_cal,gbdt,covariate_shift,0.4,test_only,True,low,True,ok,,0.2895927601809955,0.6658921735991508,1.8653256790395891,1.158992008718427,0.3184984207054173,-0.1348961119697594,515,catboost_cal,0.2379561488237918,True,utility_gap;ece;nll,
eucalyptus,hist_gbdt_cal,gbdt,covariate_shift,0.0,test_only,True,low,True,ok,,0.6606334841628959,0.8972921648980299,0.8627511979945277,0.5360574591471566,0.1005345987768815,0.2322231228392214,515,catboost_cal,0.2379561488237918,True,ece,
eucalyptus,hist_gbdt_cal,gbdt,covariate_shift,0.05,test_only,True,low,True,ok,,0.5203619909502263,0.8545289749743104,1.033732258181481,0.6422939649893502,0.1165176207832333,0.1611477262300908,515,catboost_cal,0.2379561488237918,True,utility_gap;ece,
eucalyptus,hist_gbdt_cal,gbdt,covariate_shift,0.1,test_only,True,low,True,ok,,0.497737556561086,0.8442939492676709,1.1203222546595004,0.6960953547845374,0.1051512991172845,0.1403046494690295,515,catboost_cal,0.2379561488237918,True,utility_gap;ece,
eucalyptus,hist_gbdt_cal,gbdt,covariate_shift,0.2,test_only,True,low,True,ok,,0.3574660633484163,0.7590502932569718,1.5416000644187449,0.9578499751427142,0.2123584123968293,-0.0105391628799776,515,catboost_cal,0.2379561488237918,True,utility_gap;ece;nll,
eucalyptus,hist_gbdt_cal,gbdt,covariate_shift,0.3,test_only,True,low,True,ok,,0.3619909502262443,0.6957605189046643,1.85165442611626,1.150497581677962,0.214127019403199,-0.0901598542334592,515,catboost_cal,0.2379561488237918,True,utility_gap;ece;nll,
eucalyptus,hist_gbdt_cal,gbdt,covariate_shift,0.4,test_only,True,low,True,ok,,0.3393665158371041,0.6073124587859204,2.063802511117469,1.2823125981891352,0.2421030135001107,-0.1696500442061249,515,catboost_cal,0.2379561488237918,True,utility_gap;ece;nll,
eucalyptus,logreg_cal,linear,covariate_shift,0.0,test_only,True,low,True,ok,,0.6289592760180995,0.8818905233378315,0.9840036897843184,0.6113958681985561,0.1453582448404974,0.1905151651432896,515,catboost_cal,0.2379561488237918,True,utility_gap;ece,
eucalyptus,logreg_cal,linear,covariate_shift,0.05,test_only,True,low,True,ok,,0.6153846153846154,0.875386622060707,0.9901905565050052,0.6152399846275831,0.1585528894938913,0.1824104367418865,515,catboost_cal,0.2379561488237918,True,utility_gap;ece,
eucalyptus,logreg_cal,linear,covariate_shift,0.1,test_only,True,low,True,ok,,0.5701357466063348,0.8630635053332132,1.028419304787855,0.6389928414402033,0.1152778397066777,0.1728391684841783,515,catboost_cal,0.2379561488237918,True,utility_gap;ece,
eucalyptus,logreg_cal,linear,covariate_shift,0.2,test_only,True,low,True,ok,,0.4524886877828054,0.8207564568054393,1.2131278590246648,0.7537587188995322,0.0814158011035105,0.1127272871587627,515,catboost_cal,0.2379561488237918,True,utility_gap;nll,
eucalyptus,logreg_cal,linear,covariate_shift,0.3,test_only,True,low,True,ok,,0.3619909502262443,0.7740677426119227,1.4826562727735362,0.9212261382181433,0.1643810939658173,0.0159782921895031,515,catboost_cal,0.2379561488237918,True,utility_gap;ece;nll,
eucalyptus,logreg_cal,linear,covariate_shift,0.4,test_only,True,low,True,ok,,0.3031674208144796,0.7488255131608033,1.866419453603771,1.1596716090656856,0.23409014709213,-0.0871554694096786,515,catboost_cal,0.2379561488237918,True,utility_gap;ece;nll,
eucalyptus,xgboost_cal,gbdt,covariate_shift,0.0,test_only,True,low,True,ok,,0.6515837104072398,0.8966450913490751,0.9559579751949202,0.5939700859594748,0.0908130032161124,0.2152097121021973,515,catboost_cal,0.2379561488237918,False,,
eucalyptus,xgboost_cal,gbdt,covariate_shift,0.05,test_only,True,low,True,ok,,0.5610859728506787,0.8540780941325394,1.1093517108629114,0.6892789726726005,0.0513878759657011,0.1660289618790701,515,catboost_cal,0.2379561488237918,True,utility_gap,
eucalyptus,xgboost_cal,gbdt,covariate_shift,0.1,test_only,True,low,True,ok,,0.5067873303167421,0.8318861002143658,1.2152964016680885,0.7551061102009734,0.0777087790815145,0.1251046457459444,515,catboost_cal,0.2379561488237918,True,utility_gap;nll,
eucalyptus,xgboost_cal,gbdt,covariate_shift,0.2,test_only,True,low,True,ok,,0.3891402714932127,0.7283459117999799,1.45967370817007,0.9069462679442364,0.1787167893169352,0.0054648716073169,515,catboost_cal,0.2379561488237918,True,utility_gap;ece;nll,
eucalyptus,xgboost_cal,gbdt,covariate_shift,0.3,test_only,True,low,True,ok,,0.3574660633484163,0.6566718838897229,1.690245442390107,1.0502085413371394,0.2271396712598646,-0.0770354277894493,515,catboost_cal,0.2379561488237918,True,utility_gap;ece;nll,
eucalyptus,xgboost_cal,gbdt,covariate_shift,0.4,test_only,True,low,True,ok,,0.2895927601809955,0.6275058814106392,1.766394865280842,1.0975228380257065,0.2880696068904559,-0.12380480026493,515,catboost_cal,0.2379561488237918,True,utility_gap;ece;nll,
eucalyptus,catboost_cal,gbdt,label_noise,0.0,train_only,True,low,True,ok,,0.6606334841628959,0.912469055964928,0.8861195778370928,0.550577049907401,0.0766496420807346,0.2379561488237918,515,catboost_cal,0.2379561488237918,False,,
eucalyptus,catboost_cal,gbdt,label_noise,0.05,train_only,True,low,True,ok,,0.669683257918552,0.906902257543601,0.9214886659979412,0.5725530999852547,0.1221172448968409,0.2216788998530985,515,catboost_cal,0.2379561488237918,True,ece,
eucalyptus,catboost_cal,gbdt,label_noise,0.1,train_only,True,low,True,ok,,0.6425339366515838,0.8949150903465449,0.9797857889333748,0.6087751390493561,0.1076433475248716,0.2054391608992471,515,catboost_cal,0.2379561488237918,True,utility_gap;ece,
eucalyptus,catboost_cal,gbdt,label_noise,0.2,train_only,True,low,True,ok,,0.583710407239819,0.8683456790085644,1.1299516951224002,0.702078462544399,0.1587015399888363,0.1491137019778834,515,catboost_cal,0.2379561488237918,True,utility_gap;ece,
eucalyptus,catboost_cal,gbdt,label_noise,0.3,train_only,True,low,True,ok,,0.6199095022624435,0.8542475684375954,1.1815220874361667,0.7341209488778866,0.2265692662191804,0.1264229363853228,515,catboost_cal,0.2379561488237918,True,utility_gap;ece,
eucalyptus,catboost_cal,gbdt,label_noise,0.4,train_only,True,low,True,ok,,0.5384615384615384,0.8341508908350116,1.330082627701078,0.8264268024415259,0.2209093237445597,0.080612137080115,515,catboost_cal,0.2379561488237918,True,utility_gap;ece;nll,
eucalyptus,hist_gbdt_cal,gbdt,label_noise,0.0,train_only,True,low,True,ok,,0.6606334841628959,0.8972921648980299,0.8627511979945277,0.5360574591471566,0.1005345987768815,0.2322231228392214,515,catboost_cal,0.2379561488237918,True,ece,
eucalyptus,hist_gbdt_cal,gbdt,label_noise,0.05,train_only,True,low,True,ok,,0.6606334841628959,0.893799373634085,0.9181453909602874,0.5704758064085194,0.1461845064815509,0.2115451601774981,515,catboost_cal,0.2379561488237918,True,ece,
eucalyptus,hist_gbdt_cal,gbdt,label_noise,0.1,train_only,True,low,True,ok,,0.6380090497737556,0.8808852293129972,1.0051128559842963,0.6245117305980273,0.1615049392912799,0.1843566806879481,515,catboost_cal,0.2379561488237918,True,utility_gap;ece,
eucalyptus,hist_gbdt_cal,gbdt,label_noise,0.2,train_only,True,low,True,ok,,0.583710407239819,0.8317424277800377,1.176849559320926,0.7312177439271756,0.1855858589935532,0.1221839158321227,515,catboost_cal,0.2379561488237918,True,utility_gap;ece,
eucalyptus,hist_gbdt_cal,gbdt,label_noise,0.3,train_only,True,low,True,ok,,0.6063348416289592,0.840464794413001,1.2353224512944152,0.7675489944350348,0.257356186713885,0.1033769686156068,515,catboost_cal,0.2379561488237918,True,utility_gap;ece;nll,
eucalyptus,hist_gbdt_cal,gbdt,label_noise,0.4,train_only,True,low,True,ok,,0.497737556561086,0.7836210152698928,1.3857462846821922,0.8610125771092352,0.1996013530548937,0.050703945084876,515,catboost_cal,0.2379561488237918,True,utility_gap;ece;nll,
eucalyptus,logreg_cal,linear,label_noise,0.0,train_only,True,low,True,ok,,0.6289592760180995,0.8818905233378315,0.9840036897843184,0.6113958681985561,0.1453582448404974,0.1905151651432896,515,catboost_cal,0.2379561488237918,True,utility_gap;ece,
eucalyptus,logreg_cal,linear,label_noise,0.05,train_only,True,low,True,ok,,0.6153846153846154,0.868949242960878,1.0304982313117896,0.6402845511159065,0.1569795075664317,0.1729586604959413,515,catboost_cal,0.2379561488237918,True,utility_gap;ece,
eucalyptus,logreg_cal,linear,label_noise,0.1,train_only,True,low,True,ok,,0.583710407239819,0.8551794151536025,1.085704377501838,0.6745860583461887,0.1374834446437229,0.1569968499571325,515,catboost_cal,0.2379561488237918,True,utility_gap;ece,
eucalyptus,logreg_cal,linear,label_noise,0.2,train_only,True,low,True,ok,,0.5565610859728507,0.8089398447472508,1.2163353964782238,0.7557516739733366,0.1722172736541392,0.1054441516346364,515,catboost_cal,0.2379561488237918,True,utility_gap;ece;nll,
eucalyptus,logreg_cal,linear,label_noise,0.3,train_only,True,low,True,ok,,0.5339366515837104,0.794075283038467,1.2391896328781398,0.7699518094512884,0.1681519087036209,0.0934009222249092,515,catboost_cal,0.2379561488237918,True,utility_gap;ece;nll,
eucalyptus,logreg_cal,linear,label_noise,0.4,train_only,True,low,True,ok,,0.4932126696832579,0.7822650079613431,1.3541361161692995,0.8413720751248588,0.17694284140691,0.0599744624201191,515,catboost_cal,0.2379561488237918,True,utility_gap;ece;nll,
eucalyptus,xgboost_cal,gbdt,label_noise,0.0,train_only,True,low,True,ok,,0.6515837104072398,0.8966450913490751,0.9559579751949202,0.5939700859594748,0.0908130032161124,0.2152097121021973,515,catboost_cal,0.2379561488237918,False,,
eucalyptus,xgboost_cal,gbdt,label_noise,0.05,train_only,True,low,True,ok,,0.6289592760180995,0.8866497530015363,1.041545265655568,0.6471484594769759,0.1734346596751801,0.1758398351751238,515,catboost_cal,0.2379561488237918,True,utility_gap;ece,
eucalyptus,xgboost_cal,gbdt,label_noise,0.1,train_only,True,low,True,ok,,0.6334841628959276,0.87775274068886,1.0467327548564,0.6503716277401036,0.1257050794091711,0.1819835794716248,515,catboost_cal,0.2379561488237918,True,utility_gap;ece,
eucalyptus,xgboost_cal,gbdt,label_noise,0.2,train_only,True,low,True,ok,,0.5384615384615384,0.8318277767240572,1.233853059660324,0.7666360100802242,0.1373688047815266,0.1144443886422781,515,catboost_cal,0.2379561488237918,True,utility_gap;ece;nll,
eucalyptus,xgboost_cal,gbdt,label_noise,0.3,train_only,True,low,True,ok,,0.579185520361991,0.8331140648186768,1.239677810565066,0.770255131302448,0.195938021222067,0.1082036071056876,515,catboost_cal,0.2379561488237918,True,utility_gap;ece;nll,
eucalyptus,xgboost_cal,gbdt,label_noise,0.4,train_only,True,low,True,ok,,0.5158371040723982,0.7897871282520225,1.3810632731650638,0.8581028584546982,0.2090111402219433,0.0545679749182694,515,catboost_cal,0.2379561488237918,True,utility_gap;ece;nll,
kr-vs-kp,catboost_cal,gbdt,covariate_shift,0.0,test_only,True,low,True,ok,,0.9937434827945776,0.9992242589057692,0.0268541442043922,0.0387423406709938,0.0058089874844173,0.4860055133380243,2237,catboost_cal,0.4860055133380243,False,,
kr-vs-kp,catboost_cal,gbdt,covariate_shift,0.05,test_only,True,low,True,ok,,0.9927007299270072,0.9992373331938744,0.0283476347020647,0.0408969920056007,0.0063494354947932,0.4850991914062682,2237,catboost_cal,0.4860055133380243,False,,
kr-vs-kp,catboost_cal,gbdt,covariate_shift,0.1,test_only,True,low,True,ok,,0.9927007299270072,0.9993898665550992,0.0264976182748876,0.0382279824805491,0.0055508240813807,0.4861130032228949,2237,catboost_cal,0.4860055133380243,False,,
kr-vs-kp,catboost_cal,gbdt,covariate_shift,0.2,test_only,True,low,True,ok,,0.994786235662148,0.9993724341709592,0.0267325265320095,0.0385668834581628,0.0070641617275868,0.4860153899261917,2237,catboost_cal,0.4860055133380243,False,,
kr-vs-kp,catboost_cal,gbdt,covariate_shift,0.3,test_only,True,low,True,ok,,0.9937434827945776,0.9992678398661192,0.028525259749511,0.0411532507806891,0.0073773810004627,0.484983814938029,2237,catboost_cal,0.4860055133380243,False,,
kr-vs-kp,catboost_cal,gbdt,covariate_shift,0.4,test_only,True,low,True,ok,,0.994786235662148,0.9993027046343994,0.0270377460872297,0.0390072221968613,0.0083505924439409,0.4856015968235154,2237,catboost_cal,0.4860055133380243,False,,
kr-vs-kp,hist_gbdt_cal,gbdt,covariate_shift,0.0,test_only,True,low,True,ok,,0.9937434827945776,0.9997668418621272,0.0246373160479758,0.0355441336832288,0.0103328018800759,0.4862501165899472,2237,catboost_cal,0.4860055133380243,False,,
kr-vs-kp,hist_gbdt_cal,gbdt,covariate_shift,0.05,test_only,True,low,True,ok,,0.9916579770594368,0.9997319770938472,0.0269278107942449,0.0388486190948534,0.0107543056977366,0.4848494416737587,2237,catboost_cal,0.4860055133380243,False,,
kr-vs-kp,hist_gbdt_cal,gbdt,covariate_shift,0.1,test_only,True,low,True,ok,,0.994786235662148,0.9996927542295322,0.0251929905697903,0.0363458025601989,0.0120771740615717,0.4857912237492844,2237,catboost_cal,0.4860055133380243,False,,
kr-vs-kp,hist_gbdt_cal,gbdt,covariate_shift,0.2,test_only,True,low,True,ok,,0.9937434827945776,0.9997799161502322,0.0243398743106018,0.0351150159637659,0.0115999405790781,0.4861300001668225,2237,catboost_cal,0.4860055133380243,False,,
kr-vs-kp,hist_gbdt_cal,gbdt,covariate_shift,0.3,test_only,True,low,True,ok,,0.9916579770594368,0.9997494094779872,0.025211641375909,0.0363727099856949,0.0117163347175493,0.4854059099369927,2237,catboost_cal,0.4860055133380243,False,,
kr-vs-kp,hist_gbdt_cal,gbdt,covariate_shift,0.4,test_only,True,low,True,ok,,0.9916579770594368,0.9997624837660924,0.024798181459335,0.0357762134144473,0.009251541006251,0.4860823936514634,2237,catboost_cal,0.4860055133380243,False,,
kr-vs-kp,logreg_cal,linear,covariate_shift,0.0,test_only,True,low,True,ok,,0.967674661105318,0.992813499638278,0.1026459430829578,0.148086793053154,0.0162446347752483,0.444960959168199,2237,catboost_cal,0.4860055133380243,True,utility_gap,
kr-vs-kp,logreg_cal,linear,covariate_shift,0.05,test_only,True,low,True,ok,,0.967674661105318,0.992735053909648,0.1032122380236034,0.148903783955704,0.0183213832035887,0.4442730562067455,2237,catboost_cal,0.4860055133380243,True,utility_gap,
kr-vs-kp,logreg_cal,linear,covariate_shift,0.1,test_only,True,low,True,ok,,0.9687174139728884,0.992874512982768,0.102254609363281,0.1475222178364436,0.0160122671332953,0.4453545728623099,2237,catboost_cal,0.4860055133380243,True,utility_gap,
kr-vs-kp,logreg_cal,linear,covariate_shift,0.2,test_only,True,low,True,ok,,0.967674661105318,0.992918093943118,0.1020767302357248,0.1472655925012407,0.0165776098762392,0.4451773323202689,2237,catboost_cal,0.4860055133380243,True,utility_gap,
kr-vs-kp,logreg_cal,linear,covariate_shift,0.3,test_only,True,low,True,ok,,0.967674661105318,0.9928875872708732,0.1014481916627619,0.1463588030190198,0.015363859088695,0.4456814419871583,2237,catboost_cal,0.4860055133380243,True,utility_gap,
kr-vs-kp,logreg_cal,linear,covariate_shift,0.4,test_only,True,low,True,ok,,0.967674661105318,0.9930052558638184,0.1016087453854733,0.1465904330785717,0.0163789881428158,0.4454501111659993,2237,catboost_cal,0.4860055133380243,True,utility_gap,
kr-vs-kp,xgboost_cal,gbdt,covariate_shift,0.0,test_only,True,low,True,ok,,0.9906152241918664,0.999527146580202,0.0295845355276401,0.0426814626927297,0.0113383860793078,0.4833546689081702,2237,catboost_cal,0.4860055133380243,False,,
kr-vs-kp,xgboost_cal,gbdt,covariate_shift,0.05,test_only,True,low,True,ok,,0.9895724713242962,0.9994181941793268,0.0348293665843012,0.0502481544484752,0.0121591025028439,0.4807259718262974,2237,catboost_cal,0.4860055133380243,False,,
kr-vs-kp,xgboost_cal,gbdt,covariate_shift,0.1,test_only,True,low,True,ok,,0.9895724713242962,0.9995750856365871,0.0310897319066089,0.0448530020442321,0.0135636584250471,0.4821185183731709,2237,catboost_cal,0.4860055133380243,False,,
kr-vs-kp,xgboost_cal,gbdt,covariate_shift,0.2,test_only,True,low,True,ok,,0.9895724713242962,0.999505356100027,0.0325985542615677,0.0470297725733136,0.0090132211162819,0.4823511693384034,2237,catboost_cal,0.4860055133380243,False,,
kr-vs-kp,xgboost_cal,gbdt,covariate_shift,0.3,test_only,True,low,True,ok,,0.9874869655891554,0.999448700851572,0.0363909503761985,0.0525010436409779,0.0089978487516225,0.4803802072938055,2237,catboost_cal,0.4860055133380243,False,,
kr-vs-kp,xgboost_cal,gbdt,covariate_shift,0.4,test_only,True,low,True,ok,,0.9895724713242962,0.999553295156412,0.0317572410621701,0.0458160141927082,0.0065955918541999,0.4832156013747361,2237,catboost_cal,0.4860055133380243,False,,
kr-vs-kp,catboost_cal,gbdt,label_noise,0.0,train_only,True,low,True,ok,,0.9937434827945776,0.9992242589057692,0.0268541442043922,0.0387423406709938,0.0058089874844173,0.4860055133380243,2237,catboost_cal,0.4860055133380243,False,,
kr-vs-kp,catboost_cal,gbdt,label_noise,0.05,train_only,True,low,True,ok,,0.9854014598540146,0.9985138892520636,0.1016422752421093,0.1466388064364622,0.0700530099534219,0.4392878362947013,2237,catboost_cal,0.4860055133380243,True,utility_gap,
kr-vs-kp,catboost_cal,gbdt,label_noise,0.1,train_only,True,low,True,ok,,0.9843587069864442,0.9986751388053589,0.1665209990323521,0.2402390195078503,0.1310343594704494,0.3989115268833971,2237,catboost_cal,0.4860055133380243,True,utility_gap;ece,
kr-vs-kp,catboost_cal,gbdt,label_noise,0.2,train_only,True,low,True,ok,,0.9739311783107404,0.9957247077896608,0.3063665790273867,0.4419935442569275,0.2255928520427189,0.3168766907873703,2237,catboost_cal,0.4860055133380243,True,utility_gap;ece,
kr-vs-kp,catboost_cal,gbdt,label_noise,0.3,train_only,True,low,True,ok,,0.9311783107403544,0.976200437552842,0.4958661695684841,0.7153836637810579,0.3105776066572312,0.2046162792887842,2237,catboost_cal,0.4860055133380243,True,utility_gap;ece,
kr-vs-kp,catboost_cal,gbdt,label_noise,0.4,train_only,True,low,True,ok,,0.7455683003128258,0.812388323789103,0.6442403954730735,0.9294424236893478,0.202423261230127,0.0768537790202801,2237,catboost_cal,0.4860055133380243,True,utility_gap;ece;nll,
kr-vs-kp,hist_gbdt_cal,gbdt,label_noise,0.0,train_only,True,low,True,ok,,0.9937434827945776,0.9997668418621272,0.0246373160479758,0.0355441336832288,0.0103328018800759,0.4862501165899472,2237,catboost_cal,0.4860055133380243,False,,
kr-vs-kp,hist_gbdt_cal,gbdt,label_noise,0.05,train_only,True,low,True,ok,,0.9906152241918664,0.9985422168762912,0.1248790224880622,0.1801623464545887,0.0983874580204119,0.4243558639950228,2237,catboost_cal,0.4860055133380243,True,utility_gap,
kr-vs-kp,hist_gbdt_cal,gbdt,label_noise,0.1,train_only,True,low,True,ok,,0.9885297184567258,0.9973960376190848,0.2088971515623024,0.3013748846147638,0.1655336038250942,0.3738488847857406,2237,catboost_cal,0.4860055133380243,True,utility_gap;ece,
kr-vs-kp,hist_gbdt_cal,gbdt,label_noise,0.2,train_only,True,low,True,ok,,0.9666319082377476,0.9930466577761508,0.3595330262561914,0.5186965140156089,0.2560632078146355,0.2857395206897051,2237,catboost_cal,0.4860055133380243,True,utility_gap;ece,
kr-vs-kp,hist_gbdt_cal,gbdt,label_noise,0.3,train_only,True,low,True,ok,,0.8915537017726799,0.962348229305581,0.5352323590762893,0.7721770701626636,0.29477113136726,0.1799475882006042,2237,catboost_cal,0.4860055133380243,True,utility_gap;ece;nll,
kr-vs-kp,hist_gbdt_cal,gbdt,label_noise,0.4,train_only,True,low,True,ok,,0.6861313868613139,0.7484920987718886,0.6606569040698711,0.9531264392306588,0.1511744583914977,0.0487191191518609,2237,catboost_cal,0.4860055133380243,True,utility_gap;ece;nll,
kr-vs-kp,logreg_cal,linear,label_noise,0.0,train_only,True,low,True,ok,,0.967674661105318,0.992813499638278,0.1026459430829578,0.148086793053154,0.0162446347752483,0.444960959168199,2237,catboost_cal,0.4860055133380243,True,utility_gap,
kr-vs-kp,logreg_cal,linear,label_noise,0.05,train_only,True,low,True,ok,,0.959332638164755,0.9912925241220616,0.1857514978608282,0.2679827648015138,0.0973886713085635,0.390979715465268,2237,catboost_cal,0.4860055133380243,True,utility_gap,
kr-vs-kp,logreg_cal,linear,label_noise,0.1,train_only,True,low,True,ok,,0.9624608967674662,0.9906126611406008,0.2647461954499741,0.3819480232698979,0.1700256043246574,0.3424940380684294,2237,catboost_cal,0.4860055133380243,True,utility_gap;ece,
kr-vs-kp,logreg_cal,linear,label_noise,0.2,train_only,True,low,True,ok,,0.9551616266944736,0.988559997908114,0.3893868852686286,0.5617665283642502,0.2613432187261878,0.2684716410174982,2237,catboost_cal,0.4860055133380243,True,utility_gap;ece,
kr-vs-kp,logreg_cal,linear,label_noise,0.3,train_only,True,low,True,ok,,0.9416058394160584,0.981390929930532,0.509816998319796,0.7355104552368666,0.3314830776646993,0.1977779492840951,2237,catboost_cal,0.4860055133380243,True,utility_gap;ece,
kr-vs-kp,logreg_cal,linear,label_noise,0.4,train_only,True,low,True,ok,,0.7778936392075079,0.8786967549616924,0.6471847373249086,0.933690211077672,0.2485131266629364,0.0944182214618296,2237,catboost_cal,0.4860055133380243,True,utility_gap;ece;nll,
kr-vs-kp,xgboost_cal,gbdt,label_noise,0.0,train_only,True,low,True,ok,,0.9906152241918664,0.999527146580202,0.0295845355276401,0.0426814626927297,0.0113383860793078,0.4833546689081702,2237,catboost_cal,0.4860055133380243,False,,
kr-vs-kp,xgboost_cal,gbdt,label_noise,0.05,train_only,True,low,True,ok,,0.986444212721585,0.9985247844921512,0.1210358697846173,0.1746178491079497,0.0890430340351034,0.427256344941085,2237,catboost_cal,0.4860055133380243,True,utility_gap,
kr-vs-kp,xgboost_cal,gbdt,label_noise,0.1,train_only,True,low,True,ok,,0.959332638164755,0.9936611493170864,0.2341019986772062,0.3377377925538001,0.1544881392053719,0.3594623323784789,2237,catboost_cal,0.4860055133380243,True,utility_gap;ece,
kr-vs-kp,xgboost_cal,gbdt,label_noise,0.2,train_only,True,low,True,ok,,0.8967674661105318,0.9653618527137864,0.4082265877311239,0.5889464736787159,0.2106992848335206,0.2535679692960861,2237,catboost_cal,0.4860055133380243,True,utility_gap;ece,
kr-vs-kp,xgboost_cal,gbdt,label_noise,0.3,train_only,True,low,True,ok,,0.794577685088634,0.879603238936973,0.5969421840863208,0.8612055286787618,0.222822135338419,0.1241217007199232,2237,catboost_cal,0.4860055133380243,True,utility_gap;ece;nll,
kr-vs-kp,xgboost_cal,gbdt,label_noise,0.4,train_only,True,low,True,ok,,0.570385818561001,0.6881302896390624,0.6860679071851777,0.9897867674091256,0.0553508681172947,0.0183972703116253,2237,catboost_cal,0.4860055133380243,True,utility_gap;nll,
optdigits,catboost_cal,gbdt,covariate_shift,0.0,test_only,True,low,True,ok,,0.9845788849347568,0.99975001812379,0.0776450254276809,0.0337208060904795,0.0265435736614682,0.4821743825241024,3934,catboost_cal,0.4821743825241024,False,,
optdigits,catboost_cal,gbdt,covariate_shift,0.05,test_only,True,low,True,ok,,0.9744958481613286,0.999611369468462,0.1057881496983818,0.0459432096647623,0.0284358716089657,0.476568219316939,3934,catboost_cal,0.4821743825241024,False,,
optdigits,catboost_cal,gbdt,covariate_shift,0.1,test_only,True,low,True,ok,,0.9644128113879004,0.9991739633482476,0.1283331101117568,0.0557343615670184,0.0272119433526644,0.4722101117394333,3934,catboost_cal,0.4821743825241024,False,,
optdigits,catboost_cal,gbdt,covariate_shift,0.2,test_only,True,low,True,ok,,0.867141162514828,0.9949026638482968,0.4142565094754459,0.1799093161576883,0.0192790767366357,0.4204584965294943,3934,catboost_cal,0.4821743825241024,True,utility_gap,
optdigits,catboost_cal,gbdt,covariate_shift,0.3,test_only,True,low,True,ok,,0.7366548042704626,0.982952220414633,0.7979895293744572,0.3465624492238996,0.0771986187812426,0.3351230392622725,3934,catboost_cal,0.4821743825241024,True,utility_gap,
optdigits,catboost_cal,gbdt,covariate_shift,0.4,test_only,True,low,True,ok,,0.4329774614472123,0.9337081487327274,1.7216926925571787,0.7477216359107345,0.2743933464696781,0.1125493112063804,3934,catboost_cal,0.4821743825241024,True,utility_gap;ece,
optdigits,hist_gbdt_cal,gbdt,covariate_shift,0.0,test_only,True,low,True,ok,,0.9816132858837484,0.9996364636144528,0.094017992251169,0.0408314952343054,0.0409869625929599,0.4766679140587371,3934,catboost_cal,0.4821743825241024,False,,
optdigits,hist_gbdt_cal,gbdt,covariate_shift,0.05,test_only,True,low,True,ok,,0.970344009489917,0.9992752424468264,0.1314626531261799,0.0570935048290612,0.0517042251642111,0.4678290397983161,3934,catboost_cal,0.4821743825241024,False,,
optdigits,hist_gbdt_cal,gbdt,covariate_shift,0.1,test_only,True,low,True,ok,,0.951364175563464,0.9987305419717488,0.1950653755881839,0.0847158162283335,0.0679843941144625,0.4532486923332391,3934,catboost_cal,0.4821743825241024,False,,
optdigits,hist_gbdt_cal,gbdt,covariate_shift,0.2,test_only,True,low,True,ok,,0.8374851720047449,0.9952451664057346,0.4814901255469026,0.2091085046159237,0.0773298029964846,0.3957600720586448,3934,catboost_cal,0.4821743825241024,True,utility_gap,
optdigits,hist_gbdt_cal,gbdt,covariate_shift,0.3,test_only,True,low,True,ok,,0.6281138790035588,0.985791983093612,0.9301681003487766,0.4039668732239038,0.0287564694302923,0.3123029200800683,3934,catboost_cal,0.4821743825241024,True,utility_gap,
optdigits,hist_gbdt_cal,gbdt,covariate_shift,0.4,test_only,True,low,True,ok,,0.3908659549228944,0.948278450474691,1.5336237866814073,0.666044347871305,0.2421504002295758,0.1422839664972693,3934,catboost_cal,0.4821743825241024,True,utility_gap;ece,
optdigits,logreg_cal,linear,covariate_shift,0.0,test_only,True,low,True,ok,,0.9691577698695136,0.99837689604823,0.2056110648462459,0.0892957508809762,0.1092135958507126,0.4461741346628721,3934,catboost_cal,0.4821743825241024,True,utility_gap;ece,
optdigits,logreg_cal,linear,covariate_shift,0.05,test_only,True,low,True,ok,,0.9626334519572952,0.9982245586387626,0.215647498783233,0.0936545187577963,0.1081838957261964,0.444040478544583,3934,catboost_cal,0.4821743825241024,True,utility_gap;ece,
optdigits,logreg_cal,linear,covariate_shift,0.1,test_only,True,low,True,ok,,0.9602609727164888,0.9981076136974336,0.2348300340517499,0.1019853879738277,0.1176991816098396,0.4392413579874588,3934,catboost_cal,0.4821743825241024,True,utility_gap;ece,
optdigits,logreg_cal,linear,covariate_shift,0.2,test_only,True,low,True,ok,,0.9483985765124556,0.997536120674361,0.2999514450248065,0.13026725741318,0.1428344720556186,0.4237503570778169,3934,catboost_cal,0.4821743825241024,True,utility_gap;ece,
optdigits,logreg_cal,linear,covariate_shift,0.3,test_only,True,low,True,ok,,0.9098457888493476,0.9962596605605512,0.4171016486961402,0.1811449444214823,0.1631222622042352,0.3981998137563032,3934,catboost_cal,0.4821743825241024,True,utility_gap;ece,
optdigits,logreg_cal,linear,covariate_shift,0.4,test_only,True,low,True,ok,,0.8552787663107948,0.993991654295402,0.5707187810248405,0.2478600173176385,0.1758020144009622,0.3666704858745259,3934,catboost_cal,0.4821743825241024,True,utility_gap;ece,
optdigits,xgboost_cal,gbdt,covariate_shift,0.0,test_only,True,low,True,ok,,0.9774614472123369,0.9994990453135444,0.1036700918966315,0.04502334884911,0.0303984124775664,0.4768571957913447,3934,catboost_cal,0.4821743825241024,False,,
optdigits,xgboost_cal,gbdt,covariate_shift,0.05,test_only,True,low,True,ok,,0.9810201660735468,0.9994768685406032,0.1061356564226165,0.0460941299175217,0.0290026466643318,0.4773411605921203,3934,catboost_cal,0.4821743825241024,False,,
optdigits,xgboost_cal,gbdt,covariate_shift,0.1,test_only,True,low,True,ok,,0.9596678529062872,0.99867784276797,0.1704832690156754,0.0740399429903354,0.0273017792998044,0.465815084147671,3934,catboost_cal,0.4821743825241024,False,,
optdigits,xgboost_cal,gbdt,covariate_shift,0.2,test_only,True,low,True,ok,,0.8896797153024911,0.9934075869113248,0.3673385158381581,0.1595330904190423,0.0198632357771268,0.4293120384331992,3934,catboost_cal,0.4821743825241024,True,utility_gap,
optdigits,xgboost_cal,gbdt,covariate_shift,0.3,test_only,True,low,True,ok,,0.6061684460260973,0.960406986310002,1.2323435775754634,0.5352000155499357,0.1797299083692828,0.2305617257735781,3934,catboost_cal,0.4821743825241024,True,utility_gap;ece,
optdigits,xgboost_cal,gbdt,covariate_shift,0.4,test_only,True,low,True,ok,,0.3410438908659549,0.8541529469022121,2.4879984560026247,1.0805240004257504,0.3960544365810023,-0.053257972398258,3934,catboost_cal,0.4821743825241024,True,utility_gap;ece;nll,
optdigits,catboost_cal,gbdt,label_noise,0.0,train_only,True,low,True,ok,,0.9845788849347568,0.99975001812379,0.0776450254276809,0.0337208060904795,0.0265435736614682,0.4821743825241024,3934,catboost_cal,0.4821743825241024,False,,
optdigits,catboost_cal,gbdt,label_noise,0.05,train_only,True,low,True,ok,,0.98220640569395,0.9997527881844772,0.1453207804020275,0.0631120130344747,0.0934306816795179,0.4596246964724134,3934,catboost_cal,0.4821743825241024,False,,
optdigits,catboost_cal,gbdt,label_noise,0.1,train_only,True,low,True,ok,,0.9833926453143536,0.9995736573583464,0.2241400581880316,0.0973427904445359,0.1556060555063908,0.4370356286379353,3934,catboost_cal,0.4821743825241024,True,utility_gap;ece,
optdigits,catboost_cal,gbdt,label_noise,0.2,train_only,True,low,True,ok,,0.9780545670225386,0.999431518092854,0.4022905969803142,0.1747125863901154,0.2807612413973092,0.3879431921893832,3934,catboost_cal,0.4821743825241024,True,utility_gap;ece,
optdigits,catboost_cal,gbdt,label_noise,0.3,train_only,True,low,True,ok,,0.966785290628707,0.9988690805897258,0.6023330371082136,0.2615899142841237,0.3884484494812837,0.3384553076192161,3934,catboost_cal,0.4821743825241024,True,utility_gap;ece,
optdigits,catboost_cal,gbdt,label_noise,0.4,train_only,True,low,True,ok,,0.9495848161328588,0.9983248761909036,0.8312911175043738,0.3610251451873372,0.4837904893972078,0.2867857876511023,3934,catboost_cal,0.4821743825241024,True,utility_gap;ece,
optdigits,hist_gbdt_cal,gbdt,label_noise,0.0,train_only,True,low,True,ok,,0.9816132858837484,0.9996364636144528,0.094017992251169,0.0408314952343054,0.0409869625929599,0.4766679140587371,3934,catboost_cal,0.4821743825241024,False,,
optdigits,hist_gbdt_cal,gbdt,label_noise,0.05,train_only,True,low,True,ok,,0.98220640569395,0.999588375983022,0.1740564100161259,0.0755917384098933,0.1185876286675381,0.4507918451916745,3934,catboost_cal,0.4821743825241024,True,utility_gap;ece,
optdigits,hist_gbdt_cal,gbdt,label_noise,0.1,train_only,True,low,True,ok,,0.98220640569395,0.9992780200551374,0.2493717561184923,0.1083007776247847,0.1806924215969187,0.4284495502665714,3934,catboost_cal,0.4821743825241024,True,utility_gap;ece,
optdigits,hist_gbdt_cal,gbdt,label_noise,0.2,train_only,True,low,True,ok,,0.9774614472123369,0.9989173506267252,0.4533484796583325,0.1968867430948424,0.3164115554873364,0.3738919557752843,3934,catboost_cal,0.4821743825241024,True,utility_gap;ece,
optdigits,hist_gbdt_cal,gbdt,label_noise,0.3,train_only,True,low,True,ok,,0.9626334519572952,0.9977041851823828,0.6759895730462137,0.2935785413981057,0.4289900318368568,0.3197199138206251,3934,catboost_cal,0.4821743825241024,True,utility_gap;ece,
optdigits,hist_gbdt_cal,gbdt,label_noise,0.4,train_only,True,low,True,ok,,0.9697508896797152,0.9978029396792156,0.9333903686892094,0.4053662865833654,0.5589023809010134,0.2613033001844705,3934,catboost_cal,0.4821743825241024,True,utility_gap;ece,
optdigits,logreg_cal,linear,label_noise,0.0,train_only,True,low,True,ok,,0.9691577698695136,0.99837689604823,0.2056110648462459,0.0892957508809762,0.1092135958507126,0.4461741346628721,3934,catboost_cal,0.4821743825241024,True,utility_gap;ece,
optdigits,logreg_cal,linear,label_noise,0.05,train_only,True,low,True,ok,,0.9561091340450772,0.9979588435461124,0.3247318191362746,0.1410292371492888,0.1928247286680989,0.4118282484694944,3934,catboost_cal,0.4821743825241024,True,utility_gap;ece,
optdigits,logreg_cal,linear,label_noise,0.1,train_only,True,low,True,ok,,0.9495848161328588,0.996908290897106,0.4470253350132566,0.1941406362672098,0.2688920559486938,0.3793350221640141,3934,catboost_cal,0.4821743825241024,True,utility_gap;ece,
optdigits,logreg_cal,linear,label_noise,0.2,train_only,True,low,True,ok,,0.940688018979834,0.995997316580002,0.6333438197425325,0.2750577260617096,0.3756846926206776,0.3320480073073273,3934,catboost_cal,0.4821743825241024,True,utility_gap;ece,
optdigits,logreg_cal,linear,label_noise,0.3,train_only,True,low,True,ok,,0.9240806642941874,0.9946313233502998,0.8593057443941974,0.373191743058166,0.4720711987233592,0.2803613001546113,3934,catboost_cal,0.4821743825241024,True,utility_gap;ece,
optdigits,logreg_cal,linear,label_noise,0.4,train_only,True,low,True,ok,,0.9252669039145908,0.993709548773413,1.0924268161858572,0.4744349381526557,0.570515959967795,0.2301547042185274,3934,catboost_cal,0.4821743825241024,True,utility_gap;ece,
optdigits,xgboost_cal,gbdt,label_noise,0.0,train_only,True,low,True,ok,,0.9774614472123369,0.9994990453135444,0.1036700918966315,0.04502334884911,0.0303984124775664,0.4768571957913447,3934,catboost_cal,0.4821743825241024,False,,
optdigits,xgboost_cal,gbdt,label_noise,0.05,train_only,True,low,True,ok,,0.9804270462633452,0.9996404384888354,0.1531822917139569,0.0665262240166657,0.084621518051615,0.4600560395952714,3934,catboost_cal,0.4821743825241024,False,,
optdigits,xgboost_cal,gbdt,label_noise,0.1,train_only,True,low,True,ok,,0.9768683274021353,0.9994655771057332,0.2134329993093186,0.0926927738560976,0.1333072550526599,0.4418739179299656,3934,catboost_cal,0.4821743825241024,True,utility_gap;ece,
optdigits,xgboost_cal,gbdt,label_noise,0.2,train_only,True,low,True,ok,,0.970344009489917,0.9993421551253124,0.3676787520980115,0.15968085314924,0.2469364524320978,0.3980298092861552,3934,catboost_cal,0.4821743825241024,True,utility_gap;ece,
optdigits,xgboost_cal,gbdt,label_noise,0.3,train_only,True,low,True,ok,,0.9555160142348754,0.9980464343993124,0.56779582771095,0.246590594822555,0.3512887650206331,0.3484087227240975,3934,catboost_cal,0.4821743825241024,True,utility_gap;ece,
optdigits,xgboost_cal,gbdt,label_noise,0.4,train_only,True,low,True,ok,,0.9483985765124556,0.9971971611256988,0.7959288905595532,0.3456675251573911,0.4642499063722641,0.2947285540491927,3934,catboost_cal,0.4821743825241024,True,utility_gap;ece,
pc1,catboost_cal,gbdt,covariate_shift,0.0,test_only,False,high,True,ok,,0.927927927927928,0.8948106591865358,0.2130145308420199,0.3073150072830713,0.0335460108386363,0.353469215551828,776,catboost_cal,0.353469215551828,False,,
pc1,catboost_cal,gbdt,covariate_shift,0.05,test_only,False,low,True,ok,,0.924924924924925,0.8099579242636746,0.2284868464852253,0.3296368403325925,0.023574080432281,0.3186181440447908,776,catboost_cal,0.353469215551828,True,utility_gap,
pc1,catboost_cal,gbdt,covariate_shift,0.1,test_only,False,low,True,ok,,0.9309309309309308,0.7461430575035063,0.2286086217229397,0.3298125248641462,0.0232063572564289,0.2972046808553371,776,catboost_cal,0.353469215551828,True,utility_gap,
pc1,catboost_cal,gbdt,covariate_shift,0.2,test_only,False,low,True,ok,,0.924924924924925,0.7309957924263674,0.2469508220996876,0.356274726386672,0.0340344909762015,0.2808979499767254,776,catboost_cal,0.353469215551828,True,utility_gap,
pc1,catboost_cal,gbdt,covariate_shift,0.3,test_only,False,low,True,ok,,0.918918918918919,0.7453015427769984,0.244140662812063,0.3522205235183079,0.029757193641887,0.2870757820259175,776,catboost_cal,0.353469215551828,True,utility_gap,
pc1,catboost_cal,gbdt,covariate_shift,0.4,test_only,False,low,True,ok,,0.90990990990991,0.8394109396914446,0.2552507917590607,0.3682490514537784,0.0446641984569269,0.3108727602509732,776,catboost_cal,0.353469215551828,True,utility_gap,
pc1,hist_gbdt_cal,gbdt,covariate_shift,0.0,test_only,False,high,True,ok,,0.933933933933934,0.8775596072931277,0.1975516025969624,0.285006717386305,0.0460334588295454,0.3525272456608841,776,catboost_cal,0.353469215551828,False,,
pc1,hist_gbdt_cal,gbdt,covariate_shift,0.05,test_only,False,low,True,ok,,0.9309309309309308,0.8159887798036466,0.2200030167490778,0.3173972612445061,0.0455644462695024,0.3209036449436637,776,catboost_cal,0.353469215551828,True,utility_gap,
pc1,hist_gbdt_cal,gbdt,covariate_shift,0.1,test_only,False,low,True,ok,,0.921921921921922,0.7809957924263674,0.2373483433015081,0.342421277844297,0.0568075115044693,0.2975489299833339,776,catboost_cal,0.353469215551828,True,utility_gap,
pc1,hist_gbdt_cal,gbdt,covariate_shift,0.2,test_only,False,low,True,ok,,0.9309309309309308,0.7546984572230014,0.2438429790543263,0.3517910566372679,0.0583619132909112,0.2865744000183274,776,catboost_cal,0.353469215551828,True,utility_gap,
pc1,hist_gbdt_cal,gbdt,covariate_shift,0.3,test_only,False,low,True,ok,,0.9309309309309308,0.7107994389901823,0.2353754979122421,0.3395750635847623,0.0490459531632696,0.2767377335781207,776,catboost_cal,0.353469215551828,True,utility_gap,
pc1,hist_gbdt_cal,gbdt,covariate_shift,0.4,test_only,False,low,True,ok,,0.918918918918919,0.7373071528751753,0.2617820713428617,0.3776716961199874,0.0844546639389401,0.2657028997203649,776,catboost_cal,0.353469215551828,True,utility_gap,
pc1,logreg_cal,linear,covariate_shift,0.0,test_only,False,high,True,ok,,0.924924924924925,0.8434782608695652,0.2224729847873064,0.3209606718844128,0.0514102392720013,0.3273858806233624,776,catboost_cal,0.353469215551828,False,,
pc1,logreg_cal,linear,covariate_shift,0.05,test_only,False,low,True,ok,,0.924924924924925,0.8451612903225807,0.2202192804612765,0.3177092638296195,0.0351913825591145,0.3321941346909332,776,catboost_cal,0.353469215551828,False,,
pc1,logreg_cal,linear,covariate_shift,0.1,test_only,False,low,True,ok,,0.924924924924925,0.8541374474053296,0.2232996272101466,0.3221532648084327,0.0534143391180357,0.3303579980644671,776,catboost_cal,0.353469215551828,False,,
pc1,logreg_cal,linear,covariate_shift,0.2,test_only,False,low,True,ok,,0.924924924924925,0.8311360448807854,0.2342779768143489,0.3379916753395607,0.0455056448209069,0.319137722880964,776,catboost_cal,0.353469215551828,True,utility_gap,
pc1,logreg_cal,linear,covariate_shift,0.3,test_only,False,low,True,ok,,0.924924924924925,0.8242636746143057,0.2420785060534987,0.3492454601891915,0.0655883217423567,0.309339722448517,776,catboost_cal,0.353469215551828,True,utility_gap,
pc1,logreg_cal,linear,covariate_shift,0.4,test_only,False,low,True,ok,,0.924924924924925,0.8433380084151473,0.2547651311684609,0.3675483913281648,0.0833118092996186,0.306980162425667,776,catboost_cal,0.353469215551828,True,utility_gap,
pc1,xgboost_cal,gbdt,covariate_shift,0.0,test_only,False,high,True,ok,,0.927927927927928,0.8422159887798036,0.2278960320200861,0.3287844752336506,0.0341575763334111,0.328497927425343,776,catboost_cal,0.353469215551828,False,,
pc1,xgboost_cal,gbdt,covariate_shift,0.05,test_only,False,low,True,ok,,0.924924924924925,0.8151472650771389,0.2315690014843937,0.3340834500651439,0.0186777804825016,0.3200796903996938,776,catboost_cal,0.353469215551828,True,utility_gap,
pc1,xgboost_cal,gbdt,covariate_shift,0.1,test_only,False,low,True,ok,,0.924924924924925,0.7130434782608696,0.2281425102476624,0.3291400681502621,0.0272677930668492,0.2841083770715946,776,catboost_cal,0.353469215551828,True,utility_gap,
pc1,xgboost_cal,gbdt,covariate_shift,0.2,test_only,False,low,True,ok,,0.927927927927928,0.797054698457223,0.2211683601605812,0.3190784964052147,0.0279412344028601,0.3168465378470807,776,catboost_cal,0.353469215551828,True,utility_gap,
pc1,xgboost_cal,gbdt,covariate_shift,0.3,test_only,False,low,True,ok,,0.924924924924925,0.793969144460028,0.2249432372284859,0.3245244928310463,0.0223900070124658,0.3147925900479414,776,catboost_cal,0.353469215551828,True,utility_gap,
pc1,xgboost_cal,gbdt,covariate_shift,0.4,test_only,False,low,True,ok,,0.924924924924925,0.7801542776998597,0.227381443318013,0.3280420806650723,0.0505147966910092,0.303277152395966,776,catboost_cal,0.353469215551828,True,utility_gap,
pc1,catboost_cal,gbdt,label_noise,0.0,train_only,False,high,True,ok,,0.927927927927928,0.8948106591865358,0.2130145308420199,0.3073150072830713,0.0335460108386363,0.353469215551828,776,catboost_cal,0.353469215551828,False,,
pc1,catboost_cal,gbdt,label_noise,0.05,train_only,False,high,True,ok,,0.927927927927928,0.8772791023842919,0.2225388180340085,0.3210556491829555,0.0519009770108599,0.3395399848666326,776,catboost_cal,0.353469215551828,False,,
pc1,catboost_cal,gbdt,label_noise,0.1,train_only,False,high,True,ok,,0.9309309309309308,0.7653576437587658,0.2664184646581365,0.3843605977635452,0.0852057893639125,0.2751654777533616,776,catboost_cal,0.353469215551828,True,utility_gap,
pc1,catboost_cal,gbdt,label_noise,0.2,train_only,False,high,True,ok,,0.9309309309309308,0.5995792426367461,0.3612074799376058,0.5211122400379837,0.1802263248634115,0.1571134375784233,776,catboost_cal,0.353469215551828,True,utility_gap;ece,
pc1,catboost_cal,gbdt,label_noise,0.3,train_only,False,high,True,ok,,0.9309309309309308,0.679242636746143,0.4468398047984302,0.6446535704544877,0.263818609789209,0.1312147694066016,776,catboost_cal,0.353469215551828,True,utility_gap;ece,
pc1,catboost_cal,gbdt,label_noise,0.4,train_only,False,high,True,ok,,0.9309309309309308,0.5545582047685835,0.5443560008305685,0.7853397028764095,0.3354003282963869,0.0310530347864436,776,catboost_cal,0.353469215551828,True,utility_gap;ece;nll,
pc1,hist_gbdt_cal,gbdt,label_noise,0.0,train_only,False,high,True,ok,,0.933933933933934,0.8775596072931277,0.1975516025969624,0.285006717386305,0.0460334588295454,0.3525272456608841,776,catboost_cal,0.353469215551828,False,,
pc1,hist_gbdt_cal,gbdt,label_noise,0.05,train_only,False,high,True,ok,,0.9309309309309308,0.7673211781206171,0.2315630746242744,0.3340748994134417,0.0583838708339489,0.2963028079910332,776,catboost_cal,0.353469215551828,True,utility_gap,
pc1,hist_gbdt_cal,gbdt,label_noise,0.1,train_only,False,high,True,ok,,0.9309309309309308,0.6580645161290322,0.2753908334943765,0.3973049897886152,0.0757857914429486,0.2356135650596265,776,catboost_cal,0.353469215551828,True,utility_gap,
pc1,hist_gbdt_cal,gbdt,label_noise,0.2,train_only,False,high,True,ok,,0.9309309309309308,0.6143057503506312,0.3597690107774587,0.5190369677141677,0.1801661693091262,0.1629023280862849,776,catboost_cal,0.353469215551828,True,utility_gap;ece,
pc1,hist_gbdt_cal,gbdt,label_noise,0.3,train_only,False,high,True,ok,,0.9309309309309308,0.670687237026648,0.4472109718018441,0.6451890512496546,0.2622889363853851,0.128365669946993,776,catboost_cal,0.353469215551828,True,utility_gap;ece,
pc1,hist_gbdt_cal,gbdt,label_noise,0.4,train_only,False,high,True,ok,,0.9309309309309308,0.4061711079943899,0.5470334957918929,0.7892025115791175,0.3351780382628115,-0.0219968336886214,776,catboost_cal,0.353469215551828,True,utility_gap;ece;nll,
pc1,logreg_cal,linear,label_noise,0.0,train_only,False,high,True,ok,,0.924924924924925,0.8434782608695652,0.2224729847873064,0.3209606718844128,0.0514102392720013,0.3273858806233624,776,catboost_cal,0.353469215551828,False,,
pc1,logreg_cal,linear,label_noise,0.05,train_only,False,high,True,ok,,0.9309309309309308,0.8398316970546985,0.2450785065129233,0.353573545974668,0.0582987727528482,0.315848915265814,776,catboost_cal,0.353469215551828,True,utility_gap,
pc1,logreg_cal,linear,label_noise,0.1,train_only,False,high,True,ok,,0.9309309309309308,0.7976157082748948,0.2721270468206912,0.39259634093997,0.0802541477010924,0.2849754057136433,776,catboost_cal,0.353469215551828,True,utility_gap,
pc1,logreg_cal,linear,label_noise,0.2,train_only,False,high,True,ok,,0.9309309309309308,0.8558204768583451,0.3563416840653927,0.5140923804631639,0.18231145853341,0.2484868006944292,776,catboost_cal,0.353469215551828,True,utility_gap;ece,
pc1,logreg_cal,linear,label_noise,0.3,train_only,False,high,True,ok,,0.927927927927928,0.4713884992987376,0.4505735881708927,0.650040281209693,0.2613546769309687,0.0568921441946456,776,catboost_cal,0.353469215551828,True,utility_gap;ece,
pc1,logreg_cal,linear,label_noise,0.4,train_only,False,high,True,ok,,0.924924924924925,0.5507713884992987,0.5465788300083857,0.7885465675079898,0.3336670717174523,0.0282113401176059,776,catboost_cal,0.353469215551828,True,utility_gap;ece;nll,
pc1,xgboost_cal,gbdt,label_noise,0.0,train_only,False,high,True,ok,,0.927927927927928,0.8422159887798036,0.2278960320200861,0.3287844752336506,0.0341575763334111,0.328497927425343,776,catboost_cal,0.353469215551828,False,,
pc1,xgboost_cal,gbdt,label_noise,0.05,train_only,False,high,True,ok,,0.9309309309309308,0.7538569424964937,0.239196253518113,0.3450872487498009,0.0586178059780922,0.2882398336928536,776,catboost_cal,0.353469215551828,True,utility_gap,
pc1,xgboost_cal,gbdt,label_noise,0.1,train_only,False,high,True,ok,,0.9309309309309308,0.6363253856942497,0.2690002879684483,0.3880853814497835,0.0738589218497062,0.2311561258277507,776,catboost_cal,0.353469215551828,True,utility_gap,
pc1,xgboost_cal,gbdt,label_noise,0.2,train_only,False,high,True,ok,,0.9309309309309308,0.5678821879382889,0.3600934510383645,0.5195050360696413,0.1780246949727758,0.1469419556025932,776,catboost_cal,0.353469215551828,True,utility_gap;ece,
pc1,xgboost_cal,gbdt,label_noise,0.3,train_only,False,high,True,ok,,0.9309309309309308,0.6558204768583451,0.4489839423880433,0.6477469071220061,0.2620276920542453,0.1224471959926095,776,catboost_cal,0.353469215551828,True,utility_gap;ece,
pc1,xgboost_cal,gbdt,label_noise,0.4,train_only,False,high,True,ok,,0.9309309309309308,0.4924263674614306,0.5461465297890127,0.7879228901253251,0.3360707253587064,0.0083978561418015,776,catboost_cal,0.353469215551828,True,utility_gap;ece;nll,
splice,catboost_cal,gbdt,covariate_shift,0.0,test_only,False,high,True,ok,,0.960292580982236,0.9931794563004284,0.1399644755917163,0.1274011560178347,0.0190960309195818,0.4496171438632186,2233,xgboost_cal,0.4515966113558471,False,,
splice,catboost_cal,gbdt,covariate_shift,0.05,test_only,False,high,True,ok,,0.955067920585162,0.9929650747015434,0.14053683835062,0.1279221430528492,0.0266452368895858,0.4470922739395425,2233,xgboost_cal,0.4515966113558471,False,,
splice,catboost_cal,gbdt,covariate_shift,0.1,test_only,False,high,True,ok,,0.9529780564263324,0.9925901360357988,0.1460512127865572,0.1329415429747474,0.0298785618993763,0.4444950808041799,2233,xgboost_cal,0.4515966113558471,False,,
splice,catboost_cal,gbdt,covariate_shift,0.2,test_only,False,high,True,ok,,0.9519331243469176,0.9929672426842218,0.1383258440332196,0.1259096092953024,0.0285613848025812,0.4468433438424083,2233,xgboost_cal,0.4515966113558471,False,,
splice,catboost_cal,gbdt,covariate_shift,0.3,test_only,False,high,True,ok,,0.9540229885057472,0.9930819171352496,0.1404326897336003,0.1278273428962389,0.0299501604850935,0.446343884307309,2233,xgboost_cal,0.4515966113558471,False,,
splice,catboost_cal,gbdt,covariate_shift,0.4,test_only,False,high,True,ok,,0.9571577847439916,0.9927182616059974,0.1446992157244081,0.1317109022144951,0.0360404642077199,0.4443036957678052,2233,xgboost_cal,0.4515966113558471,False,,
splice,hist_gbdt_cal,gbdt,covariate_shift,0.0,test_only,False,high,True,ok,,0.9613375130616508,0.9929169278373832,0.1377486894293056,0.1253842605349915,0.031427086234308,0.4478208562949726,2233,xgboost_cal,0.4515966113558471,False,,
splice,hist_gbdt_cal,gbdt,covariate_shift,0.05,test_only,False,high,True,ok,,0.9634273772204808,0.9917736288351884,0.1360485330555888,0.1238367115122348,0.0290099092710107,0.4486818813675154,2233,xgboost_cal,0.4515966113558471,False,,
splice,hist_gbdt_cal,gbdt,covariate_shift,0.1,test_only,False,high,True,ok,,0.9592476489028212,0.9920798538815774,0.1424889084966329,0.1296989938728773,0.0291410608272101,0.44637718586667,2233,xgboost_cal,0.4515966113558471,False,,
splice,hist_gbdt_cal,gbdt,covariate_shift,0.2,test_only,False,high,True,ok,,0.960292580982236,0.9920972719477762,0.1372499064218063,0.1249302486759908,0.0267369099272919,0.4484514757408014,2233,xgboost_cal,0.4515966113558471,False,,
splice,hist_gbdt_cal,gbdt,covariate_shift,0.3,test_only,False,high,True,ok,,0.960292580982236,0.9923742903968074,0.1321190042978761,0.1202599002948065,0.0261052594387275,0.4500758668100305,2233,xgboost_cal,0.4515966113558471,False,,
splice,hist_gbdt_cal,gbdt,covariate_shift,0.4,test_only,False,high,True,ok,,0.9655172413793104,0.9921993275764068,0.1373389906137659,0.1250113366019848,0.0330929462777105,0.4479753606225013,2233,xgboost_cal,0.4515966113558471,False,,
splice,logreg_cal,linear,covariate_shift,0.0,test_only,False,high,True,ok,,0.9519331243469176,0.9891427226918316,0.2068017372532904,0.1882390533825215,0.075500162779767,0.4174181730234688,2233,xgboost_cal,0.4515966113558471,True,utility_gap,
splice,logreg_cal,linear,covariate_shift,0.05,test_only,False,high,True,ok,,0.9498432601880876,0.9890371192728606,0.2103033179428731,0.1914263294813787,0.0770564276014169,0.4158002964090173,2233,xgboost_cal,0.4515966113558471,True,utility_gap,
splice,logreg_cal,linear,covariate_shift,0.1,test_only,False,high,True,ok,,0.9467084639498432,0.989182979783692,0.2087647215241791,0.1900258386671358,0.0743587692552935,0.4163408070655692,2233,xgboost_cal,0.4515966113558471,True,utility_gap,
splice,logreg_cal,linear,covariate_shift,0.2,test_only,False,high,True,ok,,0.947753396029258,0.9888192721105454,0.2105960371773,0.1916927740109422,0.0726454093996026,0.4162128405598764,2233,xgboost_cal,0.4515966113558471,True,utility_gap,
splice,logreg_cal,linear,covariate_shift,0.3,test_only,False,high,True,ok,,0.9508881922675028,0.9889599222430248,0.2107549260265374,0.1918374008741917,0.0790124941742251,0.4154154825280816,2233,xgboost_cal,0.4515966113558471,True,utility_gap,
splice,logreg_cal,linear,covariate_shift,0.4,test_only,False,high,True,ok,,0.9519331243469176,0.9893939158744908,0.2067012191901117,0.1881475578984317,0.0767248252574869,0.4172886067870824,2233,xgboost_cal,0.4515966113558471,True,utility_gap,
splice,xgboost_cal,gbdt,covariate_shift,0.0,test_only,False,high,True,ok,,0.962382445141066,0.9926901640691588,0.131979575630839,0.1201329868527531,0.0208120839184618,0.4515966113558471,2233,xgboost_cal,0.4515966113558471,False,,
splice,xgboost_cal,gbdt,covariate_shift,0.05,test_only,False,high,True,ok,,0.9561128526645768,0.9928520568219236,0.142620646900994,0.12981890733618,0.0223102339499677,0.4475074287965121,2233,xgboost_cal,0.4515966113558471,False,,
splice,xgboost_cal,gbdt,covariate_shift,0.1,test_only,False,high,True,ok,,0.9571577847439916,0.9924890470747456,0.1488794984017389,0.1355159594857902,0.0228411603389223,0.4457218142742382,2233,xgboost_cal,0.4515966113558471,False,,
splice,xgboost_cal,gbdt,covariate_shift,0.2,test_only,False,high,True,ok,,0.9571577847439916,0.993001092093698,0.1495906606954209,0.1361632873019976,0.0157940364143744,0.4471162564709188,2233,xgboost_cal,0.4515966113558471,False,,
splice,xgboost_cal,gbdt,covariate_shift,0.3,test_only,False,high,True,ok,,0.9571577847439916,0.9934635061530396,0.1410085049056457,0.1283514724531215,0.0159167285038252,0.4495971074284611,2233,xgboost_cal,0.4515966113558471,False,,
splice,xgboost_cal,gbdt,covariate_shift,0.4,test_only,False,high,True,ok,,0.9613375130616508,0.993265698290374,0.1390151488084022,0.1265370415407747,0.0275730386067737,0.4483679011772913,2233,xgboost_cal,0.4515966113558471,False,,
splice,catboost_cal,gbdt,label_noise,0.0,train_only,False,high,True,ok,,0.960292580982236,0.9931794563004284,0.1399644755917163,0.1274011560178347,0.0190960309195818,0.4496171438632186,2233,xgboost_cal,0.4515966113558471,False,,
splice,catboost_cal,gbdt,label_noise,0.05,train_only,False,high,True,ok,,0.9446185997910136,0.9926975524578604,0.188805133903658,0.1718578390676421,0.069562135120061,0.4236671545845983,2233,xgboost_cal,0.4515966113558471,False,,
splice,catboost_cal,gbdt,label_noise,0.1,train_only,False,high,True,ok,,0.9341692789968652,0.9893935568838343,0.2569059367658834,0.2338458611976208,0.102386388334523,0.3957821007326809,2233,xgboost_cal,0.4515966113558471,True,utility_gap;ece,
splice,catboost_cal,gbdt,label_noise,0.2,train_only,False,high,True,ok,,0.929989550679206,0.9889503879325232,0.4182909883227374,0.3807448657158639,0.2364838826100972,0.3241108321414853,2233,xgboost_cal,0.4515966113558471,True,utility_gap;ece,
splice,catboost_cal,gbdt,label_noise,0.3,train_only,False,high,True,ok,,0.8881922675026124,0.974185268700094,0.5959429988641541,0.5424506943997859,0.3037080344832625,0.2507168689538364,2233,xgboost_cal,0.4515966113558471,True,utility_gap;ece,
splice,catboost_cal,gbdt,label_noise,0.4,train_only,False,high,True,ok,,0.8234064785788924,0.920985462643292,0.833152546646625,0.7583681297218039,0.3618324523878626,0.1459789543178723,2233,xgboost_cal,0.4515966113558471,True,utility_gap;ece;nll,
splice,hist_gbdt_cal,gbdt,label_noise,0.0,train_only,False,high,True,ok,,0.9613375130616508,0.9929169278373832,0.1377486894293056,0.1253842605349915,0.031427086234308,0.4478208562949726,2233,xgboost_cal,0.4515966113558471,False,,
splice,hist_gbdt_cal,gbdt,label_noise,0.05,train_only,False,high,True,ok,,0.9487983281086728,0.9917717436328594,0.2166469434354937,0.197200546243792,0.0992616578218428,0.4104273640502955,2233,xgboost_cal,0.4515966113558471,True,utility_gap,
splice,hist_gbdt_cal,gbdt,label_noise,0.1,train_only,False,high,True,ok,,0.9383490073145244,0.9889008873326478,0.3105448222980731,0.2826700788815667,0.1596895736138841,0.3701287232763586,2233,xgboost_cal,0.4515966113558471,True,utility_gap;ece,
splice,hist_gbdt_cal,gbdt,label_noise,0.2,train_only,False,high,True,ok,,0.9341692789968652,0.98890624411501,0.4658941838577714,0.4240751616046394,0.279395589188858,0.3031409109706198,2233,xgboost_cal,0.4515966113558471,True,utility_gap;ece,
splice,hist_gbdt_cal,gbdt,label_noise,0.3,train_only,False,high,True,ok,,0.9049111807732496,0.9743382889687066,0.6555675993882529,0.5967233446687756,0.3623953983971797,0.2252589951749661,2233,xgboost_cal,0.4515966113558471,True,utility_gap;ece,
splice,hist_gbdt_cal,gbdt,label_noise,0.4,train_only,False,high,True,ok,,0.8171368861024033,0.9199065372840276,0.8496262836118169,0.7733631713166542,0.3652907342265281,0.1394707227244682,2233,xgboost_cal,0.4515966113558471,True,utility_gap;ece;nll,
splice,logreg_cal,linear,label_noise,0.0,train_only,False,high,True,ok,,0.9519331243469176,0.9891427226918316,0.2068017372532904,0.1882390533825215,0.075500162779767,0.4174181730234688,2233,xgboost_cal,0.4515966113558471,True,utility_gap,
splice,logreg_cal,linear,label_noise,0.05,train_only,False,high,True,ok,,0.9122257053291536,0.977302075716063,0.3842351075334644,0.3497458671241403,0.1768219880262432,0.3386014245575044,2233,xgboost_cal,0.4515966113558471,True,utility_gap;ece,
splice,logreg_cal,linear,label_noise,0.1,train_only,False,high,True,ok,,0.8975966562173459,0.9750076360721994,0.4537605026524126,0.413030609008137,0.2173572589680716,0.3085115365618162,2233,xgboost_cal,0.4515966113558471,True,utility_gap;ece,
splice,logreg_cal,linear,label_noise,0.2,train_only,False,high,True,ok,,0.8704284221525601,0.96391029629725,0.589819787812086,0.5368771075072785,0.2813763208383585,0.2505944706070663,2233,xgboost_cal,0.4515966113558471,True,utility_gap;ece,
splice,logreg_cal,linear,label_noise,0.3,train_only,False,high,True,ok,,0.8160919540229885,0.9334083623804906,0.7229973672569114,0.6581005644251705,0.2967434715909898,0.1923278562908708,2233,xgboost_cal,0.4515966113558471,True,utility_gap;ece,
splice,logreg_cal,linear,label_noise,0.4,train_only,False,high,True,ok,,0.7366771159874608,0.8788102415902829,0.8706758928435626,0.7925233513445555,0.2861843715649962,0.1230912722383522,2233,xgboost_cal,0.4515966113558471,True,utility_gap;ece;nll,
splice,xgboost_cal,gbdt,label_noise,0.0,train_only,False,high,True,ok,,0.962382445141066,0.9926901640691588,0.131979575630839,0.1201329868527531,0.0208120839184618,0.4515966113558471,2233,xgboost_cal,0.4515966113558471,False,,
splice,xgboost_cal,gbdt,label_noise,0.05,train_only,False,high,True,ok,,0.9467084639498432,0.991517626381056,0.1950436164257588,0.1775363505738842,0.07038303055276,0.4216999275431288,2233,xgboost_cal,0.4515966113558471,False,,
splice,xgboost_cal,gbdt,label_noise,0.1,train_only,False,high,True,ok,,0.9435736677115988,0.9882126180121616,0.2598215527811067,0.2364997692644586,0.1067403273234492,0.3951124702169689,2233,xgboost_cal,0.4515966113558471,True,utility_gap;ece,
splice,xgboost_cal,gbdt,label_noise,0.2,train_only,False,high,True,ok,,0.929989550679206,0.9873055709614024,0.4160279348154807,0.3786849456416035,0.2295080414995213,0.3255482904459864,2233,xgboost_cal,0.4515966113558471,True,utility_gap;ece,
splice,xgboost_cal,gbdt,label_noise,0.3,train_only,False,high,True,ok,,0.890282131661442,0.9723366192409928,0.5999497734203435,0.5460978177730798,0.3069478366538808,0.2486412238208636,2233,xgboost_cal,0.4515966113558471,True,utility_gap;ece,
splice,xgboost_cal,gbdt,label_noise,0.4,train_only,False,high,True,ok,,0.8056426332288401,0.9145952865690044,0.8127772427189559,0.7398217288323957,0.3290317496191104,0.1532018767099367,2233,xgboost_cal,0.4515966113558471,True,utility_gap;ece,
steel-plates-fault,catboost_cal,gbdt,covariate_shift,0.0,test_only,True,low,True,ok,,1.0,1.0,0.004365935946743,0.0062987141392051,0.0043554468313297,0.4972392963919725,1358,catboost_cal,0.4972392963919725,False,,
steel-plates-fault,catboost_cal,gbdt,covariate_shift,0.05,test_only,True,low,True,ok,,1.0,1.0,0.0044014396017592,0.0063499350862304,0.0043908030152294,0.4972168588710849,1358,catboost_cal,0.4972392963919725,False,,
steel-plates-fault,catboost_cal,gbdt,covariate_shift,0.1,test_only,True,low,True,ok,,1.0,1.0,0.0044400291839058,0.0064056080850232,0.0044292413613419,0.4971924693022246,1358,catboost_cal,0.4972392963919725,False,,
steel-plates-fault,catboost_cal,gbdt,covariate_shift,0.2,test_only,True,low,True,ok,,1.0,1.0,0.004533628004007,0.0065406426386162,0.0045222884664272,0.4971333495151296,1358,catboost_cal,0.4972392963919725,False,,
steel-plates-fault,catboost_cal,gbdt,covariate_shift,0.3,test_only,True,low,True,ok,,1.0,1.0,0.0045560316637679,0.006572964287451,0.0045446230276746,0.4971191861082297,1358,catboost_cal,0.4972392963919725,False,,
steel-plates-fault,catboost_cal,gbdt,covariate_shift,0.4,test_only,True,low,True,ok,,1.0,1.0,0.0047726352958542,0.0068854572733005,0.0047595344337383,0.4969824559312621,1358,catboost_cal,0.4972392963919725,False,,
steel-plates-fault,hist_gbdt_cal,gbdt,covariate_shift,0.0,test_only,True,low,True,ok,,1.0,1.0,0.0115397684088926,0.0166483666565165,0.0110629972658178,0.4927928905498815,1358,catboost_cal,0.4972392963919725,False,,
steel-plates-fault,hist_gbdt_cal,gbdt,covariate_shift,0.05,test_only,True,low,True,ok,,1.0,1.0,0.0044971826244336,0.0064880630702424,0.0044859184613098,0.4971563973866653,1358,catboost_cal,0.4972392963919725,False,,
steel-plates-fault,hist_gbdt_cal,gbdt,covariate_shift,0.1,test_only,True,low,True,ok,,1.0,1.0,0.0045086269378418,0.0065045737244428,0.0044972734615517,0.4971491731903568,1358,catboost_cal,0.4972392963919725,False,,
steel-plates-fault,hist_gbdt_cal,gbdt,covariate_shift,0.2,test_only,True,low,True,ok,,1.0,1.0,0.0046137774886083,0.0066562739025804,0.0046017107357383,0.4970827756820782,1358,catboost_cal,0.4972392963919725,False,,
steel-plates-fault,hist_gbdt_cal,gbdt,covariate_shift,0.3,test_only,True,low,True,ok,,1.0,1.0,0.0047970080443906,0.0069206197167468,0.00478356245903,0.4969671015931699,1358,catboost_cal,0.4972392963919725,False,,
steel-plates-fault,hist_gbdt_cal,gbdt,covariate_shift,0.4,test_only,True,low,True,ok,,1.0,1.0,0.0047915482553865,0.0069127429062263,0.0047782142214815,0.4969705342838358,1358,catboost_cal,0.4972392963919725,False,,
steel-plates-fault,logreg_cal,linear,covariate_shift,0.0,test_only,True,low,True,ok,,1.0,1.0,0.0049595103766962,0.0071550610256969,0.0049400867760005,0.4968654643370908,1358,catboost_cal,0.4972392963919725,False,,
steel-plates-fault,logreg_cal,linear,covariate_shift,0.05,test_only,True,low,True,ok,,1.0,1.0,0.0279111656826871,0.0402673003158429,0.0263741937294029,0.4826449711593665,1358,catboost_cal,0.4972392963919725,False,,
steel-plates-fault,logreg_cal,linear,covariate_shift,0.1,test_only,True,low,True,ok,,0.8421955403087479,1.0,0.2409601964662459,0.3476320804934834,0.0438641375134498,0.3632668793955771,1358,catboost_cal,0.4972392963919725,True,utility_gap,
steel-plates-fault,logreg_cal,linear,covariate_shift,0.2,test_only,True,low,True,ok,,0.6535162950257289,1.0,1.7517163947564771,2.5271925557590635,0.3436851076157836,-0.3788673439970165,1358,catboost_cal,0.4972392963919725,True,utility_gap;ece;nll,
steel-plates-fault,logreg_cal,linear,covariate_shift,0.3,test_only,True,low,True,ok,,0.6535162950257289,1.0,3.5357461653120605,5.101003458537879,0.3464673467537131,-1.1515670626582468,1358,catboost_cal,0.4972392963919725,True,utility_gap;ece;nll,
steel-plates-fault,logreg_cal,linear,covariate_shift,0.4,test_only,True,low,True,ok,,0.6535162950257289,1.0,5.336061273762006,7.698309137536092,0.3464836147350378,-1.930762019953976,1358,catboost_cal,0.4972392963919725,True,utility_gap;ece;nll,
steel-plates-fault,xgboost_cal,gbdt,covariate_shift,0.0,test_only,True,low,True,ok,,1.0,1.0,0.004416463974039,0.0063716106736108,0.004405011049544,0.4972075145880079,1358,catboost_cal,0.4972392963919725,False,,
steel-plates-fault,xgboost_cal,gbdt,covariate_shift,0.05,test_only,True,low,True,ok,,1.0,1.0,0.0044899369652498,0.00647760979367,0.004477964293299,0.4971611242032391,1358,catboost_cal,0.4972392963919725,False,,
steel-plates-fault,xgboost_cal,gbdt,covariate_shift,0.1,test_only,True,low,True,ok,,1.0,1.0,0.0046813687314321,0.0067537874534098,0.0046678330526503,0.497040297153447,1358,catboost_cal,0.4972392963919725,False,,
steel-plates-fault,xgboost_cal,gbdt,covariate_shift,0.2,test_only,True,low,True,ok,,1.0,1.0,0.0048657990644956,0.0070198641803099,0.0048499295888584,0.4969240548281353,1358,catboost_cal,0.4972392963919725,False,,
steel-plates-fault,xgboost_cal,gbdt,covariate_shift,0.3,test_only,True,low,True,ok,,1.0,1.0,0.005023068200408,0.0072467555827757,0.0050058099827213,0.496824811328623,1358,catboost_cal,0.4972392963919725,False,,
steel-plates-fault,xgboost_cal,gbdt,covariate_shift,0.4,test_only,True,low,True,ok,,1.0,1.0,0.0052779913982867,0.0076145320161628,0.0052522430340166,0.4966651917883478,1358,catboost_cal,0.4972392963919725,False,,
steel-plates-fault,catboost_cal,gbdt,label_noise,0.0,train_only,True,low,True,ok,,1.0,1.0,0.004365935946743,0.0062987141392051,0.0043554468313297,0.4972392963919725,1358,catboost_cal,0.4972392963919725,False,,
steel-plates-fault,catboost_cal,gbdt,label_noise,0.05,train_only,True,low,True,ok,,0.9948542024013722,1.0,0.0708455911904464,0.1022085830793038,0.063964245680748,0.455772706300265,1358,catboost_cal,0.4972392963919725,True,utility_gap,
steel-plates-fault,catboost_cal,gbdt,label_noise,0.1,train_only,True,low,True,ok,,0.9897084048027444,0.9993763155843144,0.1500318458896888,0.2164502000404712,0.1213296038072711,0.409036990401326,1358,catboost_cal,0.4972392963919725,True,utility_gap;ece,
steel-plates-fault,catboost_cal,gbdt,label_noise,0.2,train_only,True,low,True,ok,,0.9639794168096056,0.9948416101452664,0.3124039802863947,0.4507036731131552,0.2196142739763651,0.3136575193430644,1358,catboost_cal,0.4972392963919725,True,utility_gap;ece,
steel-plates-fault,catboost_cal,gbdt,label_noise,0.3,train_only,True,low,True,ok,,0.8507718696397941,0.9198045788830852,0.535993466101893,0.7732751154940878,0.2430905810507902,0.1689467321966645,1358,catboost_cal,0.4972392963919725,True,utility_gap;ece;nll,
steel-plates-fault,catboost_cal,gbdt,label_noise,0.4,train_only,True,low,True,ok,,0.6998284734133791,0.7473948182219796,0.6616184573743462,0.9545136674145752,0.1698153033506981,0.0462452964951875,1358,catboost_cal,0.4972392963919725,True,utility_gap;ece;nll,
steel-plates-fault,hist_gbdt_cal,gbdt,label_noise,0.0,train_only,True,low,True,ok,,1.0,1.0,0.0115397684088926,0.0166483666565165,0.0110629972658178,0.4927928905498815,1358,catboost_cal,0.4972392963919725,False,,
steel-plates-fault,hist_gbdt_cal,gbdt,label_noise,0.05,train_only,True,low,True,ok,,0.9965694682675816,1.0,0.0879140264073971,0.1268331299225331,0.0789771709291403,0.4456400470775492,1358,catboost_cal,0.4972392963919725,True,utility_gap,
steel-plates-fault,hist_gbdt_cal,gbdt,label_noise,0.1,train_only,True,low,True,ok,,0.9828473413379074,0.9986356903406876,0.2074605180480919,0.2993022605682375,0.1585583156000693,0.3754472515294416,1358,catboost_cal,0.4972392963919725,True,utility_gap;ece,
steel-plates-fault,hist_gbdt_cal,gbdt,label_noise,0.2,train_only,True,low,True,ok,,0.9691252144082332,0.993906083521738,0.3673926877719872,0.5300356087075133,0.2648289572159508,0.2812594373383992,1358,catboost_cal,0.4972392963919725,True,utility_gap;ece,
steel-plates-fault,hist_gbdt_cal,gbdt,label_noise,0.3,train_only,True,low,True,ok,,0.8181818181818182,0.8653231464878771,0.5764891630435932,0.831698056649221,0.2308729190604174,0.1299063731911799,1358,catboost_cal,0.4972392963919725,True,utility_gap;ece;nll,
steel-plates-fault,hist_gbdt_cal,gbdt,label_noise,0.4,train_only,True,low,True,ok,,0.6638078902229846,0.6108079311868194,0.6733914658539988,0.9714985283645138,0.1373952973133602,-0.0055746585231916,1358,catboost_cal,0.4972392963919725,True,utility_gap;ece;nll,
steel-plates-fault,logreg_cal,linear,label_noise,0.0,train_only,True,low,True,ok,,1.0,1.0,0.0049595103766962,0.0071550610256969,0.0049400867760005,0.4968654643370908,1358,catboost_cal,0.4972392963919725,False,,
steel-plates-fault,logreg_cal,linear,label_noise,0.05,train_only,True,low,True,ok,,1.0,1.0,0.0708831175020711,0.1022627221029877,0.0678122382158866,0.4557587357259263,1358,catboost_cal,0.4972392963919725,True,utility_gap,
steel-plates-fault,logreg_cal,linear,label_noise,0.1,train_only,True,low,True,ok,,1.0,1.0,0.1302856356281086,0.1879624404197387,0.12104116667719,0.4194030345386403,1358,catboost_cal,0.4972392963919725,True,utility_gap;ece,
steel-plates-fault,logreg_cal,linear,label_noise,0.2,train_only,True,low,True,ok,,1.0,1.0,0.2522231310674571,0.3638810603885075,0.2214505146331414,0.3465455789568195,1358,catboost_cal,0.4972392963919725,True,utility_gap;ece,
steel-plates-fault,logreg_cal,linear,label_noise,0.3,train_only,True,low,True,ok,,0.9982847341337908,0.9999870065746732,0.4081757629739775,0.5888731490536263,0.3319939116603408,0.2566774353730481,1358,catboost_cal,0.4972392963919725,True,utility_gap;ece,
steel-plates-fault,logreg_cal,linear,label_noise,0.4,train_only,True,low,True,ok,,0.9416809605488852,0.9794703879836802,0.5889776034507113,0.8497150676930076,0.3829876081800772,0.152554737932703,1358,catboost_cal,0.4972392963919725,True,utility_gap;ece;nll,
steel-plates-fault,xgboost_cal,gbdt,label_noise,0.0,train_only,True,low,True,ok,,1.0,1.0,0.004416463974039,0.0063716106736108,0.004405011049544,0.4972075145880079,1358,catboost_cal,0.4972392963919725,False,,
steel-plates-fault,xgboost_cal,gbdt,label_noise,0.05,train_only,True,low,True,ok,,0.9931389365351628,0.999935032873366,0.0812751908311277,0.1172553147593721,0.0688733182941321,0.4499968438993144,1358,catboost_cal,0.4972392963919725,True,utility_gap,
steel-plates-fault,xgboost_cal,gbdt,label_noise,0.1,train_only,True,low,True,ok,,0.9708404802744426,0.9981939138795768,0.1766515389560762,0.2548542992173347,0.1220558767698934,0.3941264767798391,1358,catboost_cal,0.4972392963919725,True,utility_gap;ece,
steel-plates-fault,xgboost_cal,gbdt,label_noise,0.2,train_only,True,low,True,ok,,0.9279588336192108,0.9869935812478886,0.374360080624323,0.5400874318235034,0.2413022778758074,0.2743548933574301,1358,catboost_cal,0.4972392963919725,True,utility_gap;ece,
steel-plates-fault,xgboost_cal,gbdt,label_noise,0.3,train_only,True,low,True,ok,,0.8130360205831904,0.8498479769236766,0.5788050444759962,0.8350391673070356,0.2236071919113431,0.124169006436386,1358,catboost_cal,0.4972392963919725,True,utility_gap;ece;nll,
steel-plates-fault,xgboost_cal,gbdt,label_noise,0.4,train_only,True,low,True,ok,,0.6483704974271012,0.6068189496114966,0.6732142090143495,0.971242800800988,0.1215388297870431,-0.006038399219616,1358,catboost_cal,0.4972392963919725,True,utility_gap;ece;nll,
vehicle,catboost_cal,gbdt,covariate_shift,0.0,test_only,True,low,True,ok,,0.7716535433070866,0.9286255516340636,0.5311820054267695,0.3831668225193274,0.0926766260208745,0.3072816026080121,592,catboost_cal,0.3072816026080121,False,,
vehicle,catboost_cal,gbdt,covariate_shift,0.05,test_only,True,low,True,ok,,0.7244094488188977,0.91657648249567,0.5961585386224946,0.4300374836271422,0.0897633463649152,0.2824992718351934,592,catboost_cal,0.3072816026080121,False,,
vehicle,catboost_cal,gbdt,covariate_shift,0.1,test_only,True,low,True,ok,,0.6259842519685039,0.8912028150120764,0.8781653783636515,0.6334624182228101,0.0937623401285481,0.1970274295569496,592,catboost_cal,0.3072816026080121,True,utility_gap,
vehicle,catboost_cal,gbdt,covariate_shift,0.2,test_only,True,low,True,ok,,0.4724409448818897,0.7960409366835286,1.3252527570123058,0.95596779023304,0.1433643606322132,0.0340172603751638,592,catboost_cal,0.3072816026080121,True,utility_gap;ece;nll,
vehicle,catboost_cal,gbdt,covariate_shift,0.3,test_only,True,low,True,ok,,0.374015748031496,0.6858640010099926,1.6379553495636356,1.1815350300065028,0.2599576771289574,-0.1102972818695205,592,catboost_cal,0.3072816026080121,True,utility_gap;ece;nll,
vehicle,catboost_cal,gbdt,covariate_shift,0.4,test_only,True,low,True,ok,,0.2716535433070866,0.5814411644528981,1.939705746423749,1.399201930574684,0.3640804960299193,-0.2483242393238117,592,catboost_cal,0.3072816026080121,True,utility_gap;ece;nll,
vehicle,hist_gbdt_cal,gbdt,covariate_shift,0.0,test_only,True,low,True,ok,,0.7204724409448819,0.9139657998785016,0.5792265420265074,0.4178236298664525,0.1115219019587277,0.2803074267475265,592,catboost_cal,0.3072816026080121,True,ece,
vehicle,hist_gbdt_cal,gbdt,covariate_shift,0.05,test_only,True,low,True,ok,,0.7322834645669292,0.9176937564442652,0.6091897188831944,0.4394374931966631,0.0772722538297721,0.2837496357155787,592,catboost_cal,0.3072816026080121,False,,
vehicle,hist_gbdt_cal,gbdt,covariate_shift,0.1,test_only,True,low,True,ok,,0.6299212598425197,0.884796626897863,0.8732367497404715,0.6299071641862876,0.0590841890967311,0.2033780213153974,592,catboost_cal,0.3072816026080121,True,utility_gap,
vehicle,hist_gbdt_cal,gbdt,covariate_shift,0.2,test_only,True,low,True,ok,,0.4409448818897638,0.7748647182226096,1.2561708264653997,0.9061357109255112,0.164349530741614,0.0326337642354017,592,catboost_cal,0.3072816026080121,True,utility_gap;ece;nll,
vehicle,hist_gbdt_cal,gbdt,covariate_shift,0.3,test_only,True,low,True,ok,,0.4015748031496063,0.6693345620638078,1.4548803903931455,1.049474362153395,0.1773033967182944,-0.0557996707949037,592,catboost_cal,0.3072816026080121,True,utility_gap;ece;nll,
vehicle,hist_gbdt_cal,gbdt,covariate_shift,0.4,test_only,True,low,True,ok,,0.3307086614173228,0.5946932040855841,1.5445405864344597,1.1141505222503632,0.2061426858218829,-0.1177247731969327,592,catboost_cal,0.3072816026080121,True,utility_gap;ece;nll,
vehicle,logreg_cal,linear,covariate_shift,0.0,test_only,True,low,True,ok,,0.7440944881889764,0.923293557835575,0.6122811258372856,0.4416674719376816,0.1157624232895342,0.2791141922315863,592,catboost_cal,0.3072816026080121,True,ece,
vehicle,logreg_cal,linear,covariate_shift,0.05,test_only,True,low,True,ok,,0.7204724409448819,0.920225574710026,0.6402535330528765,0.4618452985235114,0.0879783543766752,0.2740005568578529,592,catboost_cal,0.3072816026080121,True,utility_gap,
vehicle,logreg_cal,linear,covariate_shift,0.1,test_only,True,low,True,ok,,0.6929133858267716,0.916277565951374,0.6911976745154681,0.4985937286487248,0.0819467730570532,0.2586666827509685,592,catboost_cal,0.3072816026080121,True,utility_gap,
vehicle,logreg_cal,linear,covariate_shift,0.2,test_only,True,low,True,ok,,0.610236220472441,0.9093115700879876,0.8438196620435854,0.6086872209174409,0.1238481127918052,0.2024186937680684,592,catboost_cal,0.3072816026080121,True,utility_gap;ece,
vehicle,logreg_cal,linear,covariate_shift,0.3,test_only,True,low,True,ok,,0.5039370078740157,0.9007023314748066,0.9936251443401038,0.7167490341210242,0.1982320487410506,0.1361652472127672,592,catboost_cal,0.3072816026080121,True,utility_gap;ece,
vehicle,logreg_cal,linear,covariate_shift,0.4,test_only,True,low,True,ok,,0.3937007874015748,0.8957908845490234,1.2464189757333075,0.8991012375801721,0.330037627836321,0.0368440308610785,592,catboost_cal,0.3072816026080121,True,utility_gap;ece;nll,
vehicle,xgboost_cal,gbdt,covariate_shift,0.0,test_only,True,low,True,ok,,0.7559055118110236,0.9170789312474066,0.5922385424577624,0.4272098041135608,0.0912635194130268,0.2879478075915722,592,catboost_cal,0.3072816026080121,False,,
vehicle,xgboost_cal,gbdt,covariate_shift,0.05,test_only,True,low,True,ok,,0.7598425196850394,0.9177824847378988,0.604333379153353,0.435934384574106,0.0795154137188186,0.2885168494950249,592,catboost_cal,0.3072816026080121,False,,
vehicle,xgboost_cal,gbdt,covariate_shift,0.1,test_only,True,low,True,ok,,0.6929133858267716,0.8981828732860934,0.7736759817271317,0.5580892510463166,0.0833726601517944,0.2341997061798945,592,catboost_cal,0.3072816026080121,True,utility_gap,
vehicle,xgboost_cal,gbdt,covariate_shift,0.2,test_only,True,low,True,ok,,0.4133858267716535,0.7354664672995435,1.5149551807344417,1.092809163207311,0.264866079629946,-0.0613948273175943,592,catboost_cal,0.3072816026080121,True,utility_gap;ece;nll,
vehicle,xgboost_cal,gbdt,covariate_shift,0.3,test_only,True,low,True,ok,,0.3425196850393701,0.691139474124502,1.6769639354756425,1.2096737767301744,0.2735120142632273,-0.1243277671722165,592,catboost_cal,0.3072816026080121,True,utility_gap;ece;nll,
vehicle,xgboost_cal,gbdt,covariate_shift,0.4,test_only,True,low,True,ok,,0.2874015748031496,0.5923807352631154,2.076840101066523,1.4981234572640032,0.4256227306100422,-0.2841180897386466,592,catboost_cal,0.3072816026080121,True,utility_gap;ece;nll,
vehicle,catboost_cal,gbdt,label_noise,0.0,train_only,True,low,True,ok,,0.7716535433070866,0.9286255516340636,0.5311820054267695,0.3831668225193274,0.0926766260208745,0.3072816026080121,592,catboost_cal,0.3072816026080121,False,,
vehicle,catboost_cal,gbdt,label_noise,0.05,train_only,True,low,True,ok,,0.7559055118110236,0.924112861124527,0.6050235405786344,0.4364322308069392,0.1246075046091951,0.2809741580013171,592,catboost_cal,0.3072816026080121,True,ece,
vehicle,catboost_cal,gbdt,label_noise,0.1,train_only,True,low,True,ok,,0.7401574803149606,0.9186539822266644,0.6466078669420393,0.4664289815185354,0.1191398329852297,0.26879585477397,592,catboost_cal,0.3072816026080121,True,utility_gap;ece,
vehicle,catboost_cal,gbdt,label_noise,0.2,train_only,True,low,True,ok,,0.6889763779527559,0.9078071041874114,0.7883962936882609,0.5687077115796464,0.1762634414365049,0.2152139413973124,592,catboost_cal,0.3072816026080121,True,utility_gap;ece,
vehicle,catboost_cal,gbdt,label_noise,0.3,train_only,True,low,True,ok,,0.7125984251968503,0.8889125243595706,0.9854008269742508,0.7108164431818177,0.2921140497744862,0.1463414043959346,592,catboost_cal,0.3072816026080121,True,utility_gap;ece,
vehicle,catboost_cal,gbdt,label_noise,0.4,train_only,True,low,True,ok,,0.6535433070866141,0.8707410577781576,1.0969015514359048,0.7912472142999951,0.2734524173903773,0.1107262185172732,592,catboost_cal,0.3072816026080121,True,utility_gap;ece;nll,
vehicle,hist_gbdt_cal,gbdt,label_noise,0.0,train_only,True,low,True,ok,,0.7204724409448819,0.9139657998785016,0.5792265420265074,0.4178236298664525,0.1115219019587277,0.2803074267475265,592,catboost_cal,0.3072816026080121,True,ece,
vehicle,hist_gbdt_cal,gbdt,label_noise,0.05,train_only,True,low,True,ok,,0.7440944881889764,0.9186683814981766,0.633347472226965,0.4568636286707014,0.1183574611352763,0.2724175259244425,592,catboost_cal,0.3072816026080121,True,utility_gap;ece,
vehicle,hist_gbdt_cal,gbdt,label_noise,0.1,train_only,True,low,True,ok,,0.7165354330708661,0.9132692280777944,0.7218959247145375,0.5207378353118078,0.1753866763612768,0.2358258589220602,592,catboost_cal,0.3072816026080121,True,utility_gap;ece,
vehicle,hist_gbdt_cal,gbdt,label_noise,0.2,train_only,True,low,True,ok,,0.7165354330708661,0.903810288729578,0.8677372991594005,0.625940149145825,0.2401583989963333,0.188000191472968,592,catboost_cal,0.3072816026080121,True,utility_gap;ece,
vehicle,hist_gbdt_cal,gbdt,label_noise,0.3,train_only,True,low,True,ok,,0.6614173228346457,0.8673637220633033,1.0251059180083388,0.7394576121482794,0.25462684537898,0.1300272484270731,592,catboost_cal,0.3072816026080121,True,utility_gap;ece,
vehicle,hist_gbdt_cal,gbdt,label_noise,0.4,train_only,True,low,True,ok,,0.5669291338582677,0.8191186636545766,1.176820074691722,0.8488962428881636,0.2156590741467333,0.0739302146620462,592,catboost_cal,0.3072816026080121,True,utility_gap;ece;nll,
vehicle,logreg_cal,linear,label_noise,0.0,train_only,True,low,True,ok,,0.7440944881889764,0.923293557835575,0.6122811258372856,0.4416674719376816,0.1157624232895342,0.2791141922315863,592,catboost_cal,0.3072816026080121,True,ece,
vehicle,logreg_cal,linear,label_noise,0.05,train_only,True,low,True,ok,,0.7519685039370079,0.9244632332763522,0.6703143437138771,0.4835295897563753,0.1549400679871751,0.2603105167129268,592,catboost_cal,0.3072816026080121,True,utility_gap;ece,
vehicle,logreg_cal,linear,label_noise,0.1,train_only,True,low,True,ok,,0.7598425196850394,0.9209126512608014,0.7104083355532678,0.512451291354441,0.2035758603958231,0.2418452464085394,592,catboost_cal,0.3072816026080121,True,utility_gap;ece,
vehicle,logreg_cal,linear,label_noise,0.2,train_only,True,low,True,ok,,0.7204724409448819,0.9119616692239454,0.8524553515421649,0.6149165541245697,0.2384263098811158,0.1950972221565191,592,catboost_cal,0.3072816026080121,True,utility_gap;ece,
vehicle,logreg_cal,linear,label_noise,0.3,train_only,True,low,True,ok,,0.7244094488188977,0.90497324946762,0.96547625741687,0.6964439043356774,0.3019823583616441,0.1560724116634696,592,catboost_cal,0.3072816026080121,True,utility_gap;ece,
vehicle,logreg_cal,linear,label_noise,0.4,train_only,True,low,True,ok,,0.6417322834645669,0.8649171450418992,1.0788940147529598,0.7782575223644396,0.2618615201339679,0.1131312825482242,592,catboost_cal,0.3072816026080121,True,utility_gap;ece;nll,
vehicle,xgboost_cal,gbdt,label_noise,0.0,train_only,True,low,True,ok,,0.7559055118110236,0.9170789312474066,0.5922385424577624,0.4272098041135608,0.0912635194130268,0.2879478075915722,592,catboost_cal,0.3072816026080121,False,,
vehicle,xgboost_cal,gbdt,label_noise,0.05,train_only,True,low,True,ok,,0.7322834645669292,0.9216940982014912,0.6364832850022648,0.4591256394407421,0.1209553962403429,0.27050668297527,592,catboost_cal,0.3072816026080121,True,utility_gap;ece,
vehicle,xgboost_cal,gbdt,label_noise,0.1,train_only,True,low,True,ok,,0.7007874015748031,0.9043076976802136,0.7076818148952921,0.5104845224383697,0.1148605658935024,0.2455083345140838,592,catboost_cal,0.3072816026080121,True,utility_gap;ece,
vehicle,xgboost_cal,gbdt,label_noise,0.2,train_only,True,low,True,ok,,0.7362204724409449,0.9053764709942648,0.8322001431616621,0.6003055097832077,0.2157587358589229,0.2040714356073874,592,catboost_cal,0.3072816026080121,True,utility_gap;ece,
vehicle,xgboost_cal,gbdt,label_noise,0.3,train_only,True,low,True,ok,,0.6496062992125984,0.87073014702241,1.005069427661292,0.7250043395180275,0.2137644848301823,0.1419422975182885,592,catboost_cal,0.3072816026080121,True,utility_gap;ece,
vehicle,xgboost_cal,gbdt,label_noise,0.4,train_only,True,low,True,ok,,0.5708661417322834,0.8266416623934937,1.1693559903816324,0.8435120441786917,0.208361348398746,0.0802286201642085,592,catboost_cal,0.3072816026080121,True,utility_gap;ece;nll,
wdbc,catboost_cal,gbdt,covariate_shift,0.0,test_only,True,low,True,ok,,0.953216374269006,0.9921144859813084,0.1317549069796113,0.1900821509122719,0.0512333383273596,0.4229512132946553,398,xgboost_cal,0.4253806369983946,False,,
wdbc,catboost_cal,gbdt,covariate_shift,0.05,test_only,True,low,True,ok,,0.9239766081871345,0.9903621495327104,0.2172436449563979,0.313416329243238,0.0419417654620971,0.3828099916991279,398,xgboost_cal,0.4253806369983946,True,utility_gap,
wdbc,catboost_cal,gbdt,covariate_shift,0.1,test_only,True,low,True,ok,,0.8888888888888888,0.9870035046728972,0.3630453502464559,0.5237637264183588,0.0760610859372871,0.3064432248558823,398,xgboost_cal,0.4253806369983946,True,utility_gap,
wdbc,catboost_cal,gbdt,covariate_shift,0.2,test_only,True,low,True,ok,,0.6842105263157895,0.9745911214953272,0.993480804816492,1.433289830327129,0.2572976629488611,-0.037708010217178,398,xgboost_cal,0.4253806369983946,True,utility_gap;ece;nll,
wdbc,catboost_cal,gbdt,covariate_shift,0.3,test_only,True,low,True,ok,,0.4619883040935672,0.9233352803738318,1.7842706693826629,2.574158446321998,0.476819497062224,-0.4751458395641682,398,xgboost_cal,0.4253806369983946,True,utility_gap;ece;nll,
wdbc,catboost_cal,gbdt,covariate_shift,0.4,test_only,True,low,True,ok,,0.3859649122807017,0.7479556074766356,2.160824039263315,3.117410125678844,0.57923146329266,-0.7313901309032573,398,xgboost_cal,0.4253806369983946,True,utility_gap;ece;nll,
wdbc,hist_gbdt_cal,gbdt,covariate_shift,0.0,test_only,True,low,True,ok,,0.95906432748538,0.993428738317757,0.1126454791017907,0.1625130740787148,0.044454354414016,0.4339149144276042,398,xgboost_cal,0.4253806369983946,False,,
wdbc,hist_gbdt_cal,gbdt,covariate_shift,0.05,test_only,True,low,True,ok,,0.9298245614035088,0.992552570093458,0.1365381284495474,0.1969828808064223,0.0427065346093659,0.4192309125794367,398,xgboost_cal,0.4253806369983946,False,,
wdbc,hist_gbdt_cal,gbdt,covariate_shift,0.1,test_only,True,low,True,ok,,0.8830409356725146,0.9916764018691588,0.2944838310329754,0.424850362653257,0.0594667152823953,0.3401944291526266,398,xgboost_cal,0.4253806369983946,True,utility_gap,
wdbc,hist_gbdt_cal,gbdt,covariate_shift,0.2,test_only,True,low,True,ok,,0.6491228070175439,0.9788259345794392,0.8979498115790235,1.2954677401322363,0.2361787322184339,0.0040814296720776,398,xgboost_cal,0.4253806369983946,True,utility_gap;ece;nll,
wdbc,hist_gbdt_cal,gbdt,covariate_shift,0.3,test_only,True,low,True,ok,,0.4619883040935672,0.9629088785046728,1.4362960216665213,2.072137147706837,0.4478186408413393,-0.3048885193896485,398,xgboost_cal,0.4253806369983946,True,utility_gap;ece;nll,
wdbc,hist_gbdt_cal,gbdt,covariate_shift,0.4,test_only,True,low,True,ok,,0.3801169590643274,0.7149532710280374,2.295839136657675,3.312195737134827,0.5910845423033941,-0.8046244408816647,398,xgboost_cal,0.4253806369983946,True,utility_gap;ece;nll,
wdbc,logreg_cal,linear,covariate_shift,0.0,test_only,True,low,True,ok,,0.9766081871345028,0.9956191588785048,0.0936685236050555,0.1351351144924043,0.0470776212553172,0.4450018750788673,398,xgboost_cal,0.4253806369983946,False,,
wdbc,logreg_cal,linear,covariate_shift,0.05,test_only,True,low,True,ok,,0.9707602339181286,0.995765186915888,0.1168591624496113,0.168592134148492,0.0621833114087086,0.4311175479819907,398,xgboost_cal,0.4253806369983946,False,,
wdbc,logreg_cal,linear,covariate_shift,0.1,test_only,True,low,True,ok,,0.9064327485380116,0.9960572429906542,0.2011516033508076,0.290200420621074,0.0505890869632335,0.3874070037484618,398,xgboost_cal,0.4253806369983946,True,utility_gap,
wdbc,logreg_cal,linear,covariate_shift,0.2,test_only,True,low,True,ok,,0.7017543859649122,0.9964953271028038,0.6449995363772669,0.9305376325071636,0.1878931879693391,0.1372965950347012,398,xgboost_cal,0.4253806369983946,True,utility_gap;ece;nll,
wdbc,logreg_cal,linear,covariate_shift,0.3,test_only,True,low,True,ok,,0.4385964912280701,0.9959112149532712,1.4058567864945104,2.0282226140757245,0.4773807480704949,-0.2895845349189609,398,xgboost_cal,0.4253806369983946,True,utility_gap;ece;nll,
wdbc,logreg_cal,linear,covariate_shift,0.4,test_only,True,low,True,ok,,0.3801169590643274,0.9956191588785048,2.6164794180121085,3.77478188095411,0.5969714259855333,-0.8463446000162139,398,xgboost_cal,0.4253806369983946,True,utility_gap;ece;nll,
wdbc,xgboost_cal,gbdt,covariate_shift,0.0,test_only,True,low,True,ok,,0.953216374269006,0.9897780373831776,0.1316993003658608,0.1900019275263735,0.0351177698407817,0.4253806369983946,398,xgboost_cal,0.4253806369983946,False,,
wdbc,xgboost_cal,gbdt,covariate_shift,0.05,test_only,True,low,True,ok,,0.9239766081871345,0.9883177570093458,0.2253438533631639,0.3251024597418464,0.0499062359110064,0.3769957210765859,398,xgboost_cal,0.4253806369983946,True,utility_gap,
wdbc,xgboost_cal,gbdt,covariate_shift,0.1,test_only,True,low,True,ok,,0.8771929824561403,0.9880257009345794,0.3662584737105717,0.5283992837058026,0.0763313661531243,0.3036018843531582,398,xgboost_cal,0.4253806369983946,True,utility_gap,
wdbc,xgboost_cal,gbdt,covariate_shift,0.2,test_only,True,low,True,ok,,0.6666666666666666,0.9745911214953272,0.8974528966525076,1.294750843432008,0.234594794208903,0.0057626806519814,398,xgboost_cal,0.4253806369983946,True,utility_gap;ece;nll,
wdbc,xgboost_cal,gbdt,covariate_shift,0.3,test_only,True,low,True,ok,,0.4444444444444444,0.9555344626168224,1.733589190559604,2.501040528159053,0.4864637034774042,-0.4465011705606422,398,xgboost_cal,0.4253806369983946,True,utility_gap;ece;nll,
wdbc,xgboost_cal,gbdt,covariate_shift,0.4,test_only,True,low,True,ok,,0.3801169590643274,0.8958820093457943,2.045399362959192,2.950887517578672,0.5831152450821149,-0.6313130571593474,398,xgboost_cal,0.4253806369983946,True,utility_gap;ece;nll,
wdbc,catboost_cal,gbdt,label_noise,0.0,train_only,True,low,True,ok,,0.953216374269006,0.9921144859813084,0.1317549069796113,0.1900821509122719,0.0512333383273596,0.4229512132946553,398,xgboost_cal,0.4253806369983946,False,,
wdbc,catboost_cal,gbdt,label_noise,0.05,train_only,True,low,True,ok,,0.9649122807017544,0.9891939252336448,0.1641865968403744,0.2368711890420437,0.0777349043718182,0.404346378350062,398,xgboost_cal,0.4253806369983946,False,,
wdbc,catboost_cal,gbdt,label_noise,0.1,train_only,True,low,True,ok,,0.935672514619883,0.9916764018691588,0.2124644313638709,0.3065213814939501,0.1182673068280669,0.3718277420333896,398,xgboost_cal,0.4253806369983946,True,utility_gap;ece,
wdbc,catboost_cal,gbdt,label_noise,0.2,train_only,True,low,True,ok,,0.953216374269006,0.9910922897196262,0.318855723496559,0.4600115710475483,0.2131528923682938,0.3092307077542967,398,xgboost_cal,0.4253806369983946,True,utility_gap;ece,
wdbc,catboost_cal,gbdt,label_noise,0.3,train_only,True,low,True,ok,,0.9005847953216374,0.9561915887850468,0.5105602629055369,0.7365827593687835,0.2847488992552142,0.191830167711334,398,xgboost_cal,0.4253806369983946,True,utility_gap;ece,
wdbc,catboost_cal,gbdt,label_noise,0.4,train_only,True,low,True,ok,,0.7485380116959064,0.8821553738317757,0.631950927849933,0.9117124696942775,0.2041827643544664,0.1066847888163308,398,xgboost_cal,0.4253806369983946,True,utility_gap;ece;nll,
wdbc,hist_gbdt_cal,gbdt,label_noise,0.0,train_only,True,low,True,ok,,0.95906432748538,0.993428738317757,0.1126454791017907,0.1625130740787148,0.044454354414016,0.4339149144276042,398,xgboost_cal,0.4253806369983946,False,,
wdbc,hist_gbdt_cal,gbdt,label_noise,0.05,train_only,True,low,True,ok,,0.95906432748538,0.9929906542056076,0.1805240699912867,0.2604411805375216,0.1090382162279347,0.3914663806879261,398,xgboost_cal,0.4253806369983946,True,utility_gap;ece,
wdbc,hist_gbdt_cal,gbdt,label_noise,0.1,train_only,True,low,True,ok,,0.9473684210526316,0.9906542056074766,0.273335405096228,0.3943396334317041,0.1531557713830977,0.3399011908143807,398,xgboost_cal,0.4253806369983946,True,utility_gap;ece,
wdbc,hist_gbdt_cal,gbdt,label_noise,0.2,train_only,True,low,True,ok,,0.935672514619883,0.9813084112149532,0.4069146457792773,0.5870537415308525,0.2733835313149826,0.2530159923959638,398,xgboost_cal,0.4253806369983946,True,utility_gap;ece,
wdbc,hist_gbdt_cal,gbdt,label_noise,0.3,train_only,True,low,True,ok,,0.7719298245614035,0.8738317757009346,0.5807361744116369,0.8378251988884967,0.1914554620010684,0.1319919431127749,398,xgboost_cal,0.4253806369983946,True,utility_gap;ece;nll,
wdbc,hist_gbdt_cal,gbdt,label_noise,0.4,train_only,True,low,True,ok,,0.631578947368421,0.6163843457943925,0.6699181926627302,0.966487654355818,0.0954880227912889,0.0014274622682973,398,xgboost_cal,0.4253806369983946,True,utility_gap;nll,
wdbc,logreg_cal,linear,label_noise,0.0,train_only,True,low,True,ok,,0.9766081871345028,0.9956191588785048,0.0936685236050555,0.1351351144924043,0.0470776212553172,0.4450018750788673,398,xgboost_cal,0.4253806369983946,False,,
wdbc,logreg_cal,linear,label_noise,0.05,train_only,True,low,True,ok,,0.9649122807017544,0.9941588785046728,0.1757654644141328,0.2535759638698149,0.1025829850784424,0.3961030634052657,398,xgboost_cal,0.4253806369983946,True,ece,
wdbc,logreg_cal,linear,label_noise,0.1,train_only,True,low,True,ok,,0.9415204678362572,0.9913843457943924,0.2602311703890154,0.3754342190049634,0.1339840771489285,0.3487855100722011,398,xgboost_cal,0.4253806369983946,True,utility_gap;ece,
wdbc,logreg_cal,linear,label_noise,0.2,train_only,True,low,True,ok,,0.9181286549707602,0.9874415887850468,0.393612252224551,0.5678624443174957,0.2217640572665463,0.2686123095718223,398,xgboost_cal,0.4253806369983946,True,utility_gap;ece,
wdbc,logreg_cal,linear,label_noise,0.3,train_only,True,low,True,ok,,0.8713450292397661,0.9277161214953272,0.5452375256003967,0.7866114742902616,0.2720131243156196,0.165016329759127,398,xgboost_cal,0.4253806369983946,True,utility_gap;ece;nll,
wdbc,logreg_cal,linear,label_noise,0.4,train_only,True,low,True,ok,,0.7251461988304093,0.8374707943925234,0.651107984457099,0.9393502602594652,0.1888760481144512,0.0823064201612148,398,xgboost_cal,0.4253806369983946,True,utility_gap;ece;nll,
wdbc,xgboost_cal,gbdt,label_noise,0.0,train_only,True,low,True,ok,,0.953216374269006,0.9897780373831776,0.1316993003658608,0.1900019275263735,0.0351177698407817,0.4253806369983946,398,xgboost_cal,0.4253806369983946,False,,
wdbc,xgboost_cal,gbdt,label_noise,0.05,train_only,True,low,True,ok,,0.9415204678362572,0.9884637850467288,0.1916266065408121,0.2764587549588103,0.0960470257534519,0.3850433633034603,398,xgboost_cal,0.4253806369983946,True,utility_gap,
wdbc,xgboost_cal,gbdt,label_noise,0.1,train_only,True,low,True,ok,,0.9415204678362572,0.992552570093458,0.2280470642527733,0.3290023686867629,0.1325855096913423,0.3634036571638515,398,xgboost_cal,0.4253806369983946,True,utility_gap;ece,
wdbc,xgboost_cal,gbdt,label_noise,0.2,train_only,True,low,True,ok,,0.9415204678362572,0.980140186915888,0.3780586482758503,0.5454233370327541,0.2356624494863463,0.2735176445889038,398,xgboost_cal,0.4253806369983946,True,utility_gap;ece,
wdbc,xgboost_cal,gbdt,label_noise,0.3,train_only,True,low,True,ok,,0.8011695906432749,0.8891647196261683,0.5831014417024017,0.8412375582792601,0.2234635316206151,0.134319116657749,398,xgboost_cal,0.4253806369983946,True,utility_gap;ece;nll,
wdbc,xgboost_cal,gbdt,label_noise,0.4,train_only,True,low,True,ok,,0.6257309941520468,0.5414719626168225,0.6765673856188832,0.9760804120595736,0.0891052842384134,-0.0272703444268599,398,xgboost_cal,0.4253806369983946,True,utility_gap;nll,
