dataset_id,model,family,shift_axis,shift_lambda,seed,split_policy,clean_split_passed,leakage_risk_level,applicable,status,error_message,accuracy,auc,nll,nll_norm,ece,utility,n_train,best_gbdt,reference_utility,failed,failure_reason,metric_notes
breast_cancer,catboost,gbdt,class_imbalance,0.0,456482571,train_only,True,low,True,ok,,0.9883040935672515,0.9998539719626168,0.04244722102945535,0.06123839527871295,0.024160853842255803,0.4749908148699386,398,catboost,0.4749908148699386,False,,
breast_cancer,catboost,gbdt,class_imbalance,0.05,2292206627,train_only,True,low,True,ok,,0.9883040935672515,0.9997079439252337,0.04508270045678897,0.06504058837889205,0.02290428775351377,0.47405036034454906,391,catboost,0.4749908148699386,False,,
breast_cancer,catboost,gbdt,class_imbalance,0.1,4071401498,train_only,True,low,True,ok,,0.9824561403508771,0.999123831775701,0.0475895073826287,0.06865714629926714,0.023077301709742856,0.4718491579423982,383,catboost,0.4749908148699386,False,,
breast_cancer,catboost,gbdt,class_imbalance,0.2,4024157187,train_only,True,low,True,ok,,0.9824561403508771,0.9992698598130841,0.04698111308068852,0.06777941885695295,0.029971349260806614,0.4707847764779638,368,catboost,0.4749908148699386,False,,
breast_cancer,catboost,gbdt,class_imbalance,0.3,3556405486,train_only,True,low,True,ok,,0.9883040935672515,0.9994158878504673,0.04502972157297234,0.06496415600593797,0.0298611657554664,0.47257969482987655,354,catboost,0.4749908148699386,False,,
breast_cancer,catboost,gbdt,class_imbalance,0.4,2134802480,train_only,True,low,True,ok,,0.9824561403508771,0.9994158878504673,0.038581770985670026,0.05566172966973984,0.029441685985273934,0.47457712570231836,339,catboost,0.4749908148699386,False,,
breast_cancer,hist_gbdt,gbdt,class_imbalance,0.0,456482571,train_only,True,low,True,ok,,0.9766081871345029,0.9986857476635514,0.06038829599655332,0.08712189516196232,0.01630915711534692,0.46663283978076026,398,catboost,0.4749908148699386,False,,
breast_cancer,hist_gbdt,gbdt,class_imbalance,0.05,2292206627,train_only,True,low,True,ok,,0.9766081871345029,0.9982476635514018,0.0751361785328979,0.1083985921607596,0.02784910361666911,0.45778851194160436,391,catboost,0.4749908148699386,False,,
breast_cancer,hist_gbdt,gbdt,class_imbalance,0.1,4071401498,train_only,True,low,True,ok,,0.9766081871345029,0.9985397196261683,0.05984375354547454,0.08633628646823745,0.016707510928825373,0.46673774181309796,383,catboost,0.4749908148699386,False,,
breast_cancer,hist_gbdt,gbdt,class_imbalance,0.2,4024157187,train_only,True,low,True,ok,,0.9707602339181286,0.998393691588785,0.06482166893250611,0.09351790031107275,0.02603865771475898,0.4617887255075204,368,catboost,0.4749908148699386,False,,
breast_cancer,hist_gbdt,gbdt,class_imbalance,0.3,3556405486,train_only,True,low,True,ok,,0.9707602339181286,0.9986857476635514,0.06455640947010557,0.09313521180011863,0.020863217661745627,0.4630408396975775,354,catboost,0.4749908148699386,False,,
breast_cancer,hist_gbdt,gbdt,class_imbalance,0.4,2134802480,train_only,True,low,True,ok,,0.9824561403508771,0.9985397196261683,0.05595036958658096,0.08071932073846504,0.018627155902476537,0.4689160955197556,339,catboost,0.4749908148699386,False,,
breast_cancer,logreg,linear,class_imbalance,0.0,456482571,train_only,True,low,True,ok,,0.9941520467836257,1.0,0.04140507768431182,0.05973490024277895,0.028022236220733042,0.47559788970056355,398,catboost,0.4749908148699386,False,,
breast_cancer,logreg,linear,class_imbalance,0.05,2292206627,train_only,True,low,True,ok,,0.9941520467836257,0.9997079439252337,0.041544615846223404,0.059936211256983556,0.027286565893842173,0.47558241083551206,391,catboost,0.4749908148699386,False,,
breast_cancer,logreg,linear,class_imbalance,0.1,4071401498,train_only,True,low,True,ok,,0.9941520467836257,1.0,0.04168687943871911,0.06014145423637616,0.029234428187889884,0.47523348510905306,383,catboost,0.4749908148699386,False,,
breast_cancer,logreg,linear,class_imbalance,0.2,4024157187,train_only,True,low,True,ok,,0.9941520467836257,0.9989778037383178,0.05123730721843787,0.07391980903254461,0.03630449021989384,0.46932819757221295,368,catboost,0.4749908148699386,False,,
breast_cancer,logreg,linear,class_imbalance,0.3,3556405486,train_only,True,low,True,ok,,0.9941520467836257,1.0,0.04071511918820154,0.05873950054202144,0.029930309056194024,0.47551489504369865,354,catboost,0.4749908148699386,False,,
breast_cancer,logreg,linear,class_imbalance,0.4,2134802480,train_only,True,low,True,ok,,0.9883040935672515,0.9997079439252337,0.03504454818745521,0.05055859588023595,0.02340490332271847,0.47829483498030495,339,catboost,0.4749908148699386,False,,
breast_cancer,tabicl,icl,class_imbalance,0.0,456482571,train_only,True,low,True,ok,,0.9941520467836257,0.9992698598130841,0.03537229836544973,0.051031439436679114,0.017757660747525453,0.48000629397161443,398,catboost,0.4749908148699386,False,,
breast_cancer,tabicl,icl,class_imbalance,0.05,2292206627,train_only,True,low,True,ok,,0.9941520467836257,0.999123831775701,0.03870431507903246,0.055838523425524055,0.0257823177826991,0.47690812755484213,391,catboost,0.4749908148699386,False,,
breast_cancer,tabicl,icl,class_imbalance,0.1,4071401498,train_only,True,low,True,ok,,0.9883040935672515,0.999123831775701,0.03514948219824046,0.05070998365721641,0.012329207754618649,0.48026011850849437,383,catboost,0.4749908148699386,False,,
breast_cancer,tabicl,icl,class_imbalance,0.2,4024157187,train_only,True,low,True,ok,,0.9883040935672515,0.9989778037383178,0.0423247591230207,0.06106172009360188,0.017246548038926904,0.476120019707633,368,catboost,0.4749908148699386,False,,
breast_cancer,tabicl,icl,class_imbalance,0.3,3556405486,train_only,True,low,True,ok,,0.9941520467836257,0.9992698598130841,0.034500184516009946,0.04977324511100175,0.026288858801691777,0.4786775126584844,354,catboost,0.4749908148699386,False,,
breast_cancer,tabicl,icl,class_imbalance,0.4,2134802480,train_only,True,low,True,ok,,1.0,1.0,0.020707833978259992,0.029875089387987667,0.01763027500443831,0.48751141818271604,339,catboost,0.4749908148699386,False,,
breast_cancer,tabpfn_client,icl,class_imbalance,0.0,456482571,train_only,True,low,True,ok,,0.9941520467836257,0.9997079439252337,0.03473444048978941,0.050111205042672,0.02213406138338635,0.47956041360189666,398,catboost,0.4749908148699386,False,,
breast_cancer,tabpfn_client,icl,class_imbalance,0.05,2292206627,train_only,True,low,True,ok,,0.9883040935672515,0.9997079439252337,0.031092545371055616,0.04485706101543703,0.017325062593259968,0.4812212635856363,391,catboost,0.4749908148699386,False,,
breast_cancer,tabpfn_client,icl,class_imbalance,0.1,4071401498,train_only,True,low,True,ok,,0.9883040935672515,0.9998539719626168,0.03129101853423478,0.04514339726370516,0.021015638675156236,0.48044835730786084,383,catboost,0.4749908148699386,False,,
breast_cancer,tabpfn_client,icl,class_imbalance,0.2,4024157187,train_only,True,low,True,ok,,0.9824561403508771,0.9992698598130841,0.037724573701622084,0.05442505539898039,0.016169301085343084,0.47755149515044826,368,catboost,0.4749908148699386,False,,
breast_cancer,tabpfn_client,icl,class_imbalance,0.3,3556405486,train_only,True,low,True,ok,,0.9941520467836257,0.9997079439252337,0.0294848891325839,0.04253770333273968,0.01648745513519127,0.4829617853645154,354,catboost,0.4749908148699386,False,,
breast_cancer,tabpfn_client,icl,class_imbalance,0.4,2134802480,train_only,True,low,True,ok,,0.9941520467836257,0.9998539719626168,0.02245409984549556,0.032394418494722084,0.010784228235448539,0.4871965260089534,339,catboost,0.4749908148699386,False,,
breast_cancer,xgboost,gbdt,class_imbalance,0.0,456482571,train_only,True,low,True,ok,,0.9883040935672515,0.9994158878504673,0.04629477136494675,0.06678923706729707,0.027924669821834697,0.47241946969819515,398,catboost,0.4749908148699386,False,,
breast_cancer,xgboost,gbdt,class_imbalance,0.05,2292206627,train_only,True,low,True,ok,,0.9766081871345029,0.9994158878504673,0.04491655337745228,0.06480088881147483,0.026106340998247005,0.4716252539747471,391,catboost,0.4749908148699386,False,,
breast_cancer,xgboost,gbdt,class_imbalance,0.1,4071401498,train_only,True,low,True,ok,,0.9766081871345029,0.999123831775701,0.04195541292270667,0.06052886616203765,0.01223463258526558,0.4755789828260063,383,catboost,0.4749908148699386,False,,
breast_cancer,xgboost,gbdt,class_imbalance,0.2,4024157187,train_only,True,low,True,ok,,0.9824561403508771,0.9992698598130841,0.03633204231997277,0.05241605728039267,0.019330474430013744,0.47752195991709045,368,catboost,0.4749908148699386,False,,
breast_cancer,xgboost,gbdt,class_imbalance,0.3,3556405486,train_only,True,low,True,ok,,0.9707602339181286,0.9981016355140186,0.06003947435214774,0.08661865190542366,0.02673045473545805,0.46361792099890703,354,catboost,0.4749908148699386,False,,
breast_cancer,xgboost,gbdt,class_imbalance,0.4,2134802480,train_only,True,low,True,ok,,0.9941520467836257,0.9992698598130841,0.029708019610235135,0.04285961256631831,0.019251716827516984,0.4821590308167244,339,catboost,0.4749908148699386,False,,
breast_cancer,catboost,gbdt,context_budget,0.0,2438960617,train_only,True,low,True,ok,,0.9883040935672515,0.9998539719626168,0.04244722102945535,0.06123839527871295,0.024160853842255803,0.4749908148699386,398,catboost,0.4749908148699386,False,,
breast_cancer,catboost,gbdt,context_budget,0.05,1417407544,train_only,True,low,True,ok,,0.9824561403508771,0.9995619158878505,0.04479215365487562,0.06462141794862551,0.03526675730238422,0.47077531476831463,379,catboost,0.4749908148699386,False,,
breast_cancer,catboost,gbdt,context_budget,0.1,500174832,train_only,True,low,True,ok,,0.9766081871345029,0.9992698598130841,0.04655398125251574,0.06716319788664223,0.023775693327550952,0.471331580973252,358,catboost,0.4749908148699386,False,,
breast_cancer,catboost,gbdt,context_budget,0.2,2268839716,train_only,True,low,True,ok,,0.9824561403508771,0.9994158878504673,0.051253405403007185,0.07394303380359007,0.020268810151143048,0.47092730962898943,318,catboost,0.4749908148699386,False,,
breast_cancer,catboost,gbdt,context_budget,0.3,3715031597,train_only,True,low,True,ok,,0.9707602339181286,0.9985397196261683,0.06686289339626988,0.09646276472228599,0.033372458221552354,0.4594896158958819,279,catboost,0.4749908148699386,False,,
breast_cancer,catboost,gbdt,context_budget,0.4,3663711477,train_only,True,low,True,ok,,0.9707602339181286,0.9982476635514019,0.07091604775235556,0.10231023041176829,0.04587853121356726,0.455131941964466,239,catboost,0.4749908148699386,False,,
breast_cancer,hist_gbdt,gbdt,context_budget,0.0,2438960617,train_only,True,low,True,ok,,0.9766081871345029,0.9986857476635514,0.06038829599655332,0.08712189516196232,0.01630915711534692,0.46663283978076026,398,catboost,0.4749908148699386,False,,
breast_cancer,hist_gbdt,gbdt,context_budget,0.05,1417407544,train_only,True,low,True,ok,,0.9824561403508771,0.9986857476635514,0.05784333585877248,0.08345029379192581,0.01913677476980845,0.46804598964333505,379,catboost,0.4749908148699386,False,,
breast_cancer,hist_gbdt,gbdt,context_budget,0.1,500174832,train_only,True,low,True,ok,,0.9707602339181286,0.9989778037383178,0.07102952653581371,0.10247394568990947,0.024302905875538204,0.45965350151405004,358,catboost,0.4749908148699386,False,,
breast_cancer,hist_gbdt,gbdt,context_budget,0.2,2268839716,train_only,True,low,True,ok,,0.9766081871345029,0.9992698598130841,0.04457671094351161,0.06431059981734498,0.016339269528425914,0.47367464515386615,318,catboost,0.4749908148699386,False,,
breast_cancer,hist_gbdt,gbdt,context_budget,0.3,3715031597,train_only,True,low,True,ok,,0.9707602339181286,0.9981016355140186,0.08455408292035829,0.12198575611611512,0.02317180277165936,0.45371952012845934,279,catboost,0.4749908148699386,False,,
breast_cancer,hist_gbdt,gbdt,context_budget,0.4,3663711477,train_only,True,low,True,ok,,0.9649122807017544,0.9979556074766355,0.06062610034729983,0.08746497431948613,0.024512261417651764,0.46287936014270936,239,catboost,0.4749908148699386,False,,
breast_cancer,logreg,linear,context_budget,0.0,2438960617,train_only,True,low,True,ok,,0.9941520467836257,1.0,0.04140507768431182,0.05973490024277895,0.028022236220733042,0.47559788970056355,398,catboost,0.4749908148699386,False,,
breast_cancer,logreg,linear,context_budget,0.05,1417407544,train_only,True,low,True,ok,,0.9883040935672515,0.9998539719626168,0.04412017702790599,0.06365196060130314,0.032324507395512375,0.4726340145625102,379,catboost,0.4749908148699386,False,,
breast_cancer,logreg,linear,context_budget,0.1,500174832,train_only,True,low,True,ok,,0.9941520467836257,0.9998539719626168,0.04039731571267886,0.058281007043907596,0.02659289799937622,0.47626881549141226,358,catboost,0.4749908148699386,False,,
breast_cancer,logreg,linear,context_budget,0.2,2268839716,train_only,True,low,True,ok,,0.9883040935672515,0.9997079439252337,0.04842204065408713,0.06985823792137529,0.03357328873012782,0.47047126528648125,318,catboost,0.4749908148699386,False,,
breast_cancer,logreg,linear,context_budget,0.3,3715031597,train_only,True,low,True,ok,,1.0,1.0,0.04573861558637101,0.06598687388358411,0.039118610965290054,0.4723802156418668,279,catboost,0.4749908148699386,False,,
breast_cancer,logreg,linear,context_budget,0.4,3663711477,train_only,True,low,True,ok,,0.9824561403508771,0.9994158878504673,0.05532010406862504,0.07981003980126672,0.02987283550231328,0.4672464027594524,239,catboost,0.4749908148699386,False,,
breast_cancer,tabicl,icl,context_budget,0.0,2438960617,train_only,True,low,True,ok,,0.9941520467836257,0.9992698598130841,0.03537229836544973,0.051031439436679114,0.017757660747525453,0.48000629397161443,398,catboost,0.4749908148699386,False,,
breast_cancer,tabicl,icl,context_budget,0.05,1417407544,train_only,True,low,True,ok,,0.9883040935672515,0.9992698598130841,0.035730155799138096,0.05154771858160657,0.01393976457762858,0.4797377964796595,379,catboost,0.4749908148699386,False,,
breast_cancer,tabicl,icl,context_budget,0.1,500174832,train_only,True,low,True,ok,,0.9766081871345029,0.9994158878504673,0.036391075069355,0.05250122353517645,0.021747271470453928,0.4761869674631952,358,catboost,0.4749908148699386,False,,
breast_cancer,tabicl,icl,context_budget,0.2,2268839716,train_only,True,low,True,ok,,0.9883040935672515,0.9982476635514018,0.04343179189466452,0.06265883078335398,0.027831802741680033,0.4732682864947362,318,catboost,0.4749908148699386,False,,
breast_cancer,tabicl,icl,context_budget,0.3,3715031597,train_only,True,low,True,ok,,0.9883040935672515,0.998393691588785,0.045951631545158335,0.06629419095095679,0.02655299636157778,0.4724845495335599,279,catboost,0.4749908148699386,False,,
breast_cancer,tabicl,icl,context_budget,0.4,3663711477,train_only,True,low,True,ok,,0.9883040935672515,0.9988317757009346,0.04843652644006104,0.06987913649296322,0.02347805872713493,0.4721773828370989,239,catboost,0.4749908148699386,False,,
breast_cancer,tabpfn_client,icl,context_budget,0.0,2438960617,train_only,True,low,True,ok,,0.9941520467836257,0.9997079439252337,0.03473444048978941,0.050111205042672,0.02213406138338635,0.47956041360189666,398,catboost,0.4749908148699386,False,,
breast_cancer,tabpfn_client,icl,context_budget,0.05,1417407544,train_only,True,low,True,ok,,0.9941520467836257,0.9997079439252337,0.02866416517259861,0.041353648945730154,0.01543067908257408,0.4835283568911417,379,catboost,0.4749908148699386,False,,
breast_cancer,tabpfn_client,icl,context_budget,0.1,500174832,train_only,True,low,True,ok,,0.9941520467836257,1.0,0.02664814682245518,0.03844514926963708,0.013972144515821438,0.48479483333348844,358,catboost,0.4749908148699386,False,,
breast_cancer,tabpfn_client,icl,context_budget,0.2,2268839716,train_only,True,low,True,ok,,0.9883040935672515,0.999123831775701,0.03655577316385501,0.05273883265935548,0.019972523174018667,0.4781228007239727,318,catboost,0.4749908148699386,False,,
breast_cancer,tabpfn_client,icl,context_budget,0.3,3715031597,train_only,True,low,True,ok,,0.9883040935672515,0.999123831775701,0.04682090721557276,0.06754829064982912,0.021617106078143357,0.47335104674600564,279,catboost,0.4749908148699386,False,,
breast_cancer,tabpfn_client,icl,context_budget,0.4,3663711477,train_only,True,low,True,ok,,0.9941520467836257,0.9998539719626168,0.03943032265678156,0.0568859309575905,0.02559755883070807,0.476886406151041,239,catboost,0.4749908148699386,False,,
breast_cancer,xgboost,gbdt,context_budget,0.0,2438960617,train_only,True,low,True,ok,,0.9883040935672515,0.9994158878504673,0.04629477136494675,0.06678923706729707,0.027924669821834697,0.47241946969819515,398,catboost,0.4749908148699386,False,,
breast_cancer,xgboost,gbdt,context_budget,0.05,1417407544,train_only,True,low,True,ok,,0.9824561403508771,0.9992698598130841,0.04308502980663848,0.06215855883859051,0.0209632445972103,0.4742726554161918,379,catboost,0.4749908148699386,False,,
breast_cancer,xgboost,gbdt,context_budget,0.1,500174832,train_only,True,low,True,ok,,0.9766081871345029,0.9994158878504673,0.03967850994610649,0.05724398952911125,0.018703099156069655,0.47537297212789165,358,catboost,0.4749908148699386,False,,
breast_cancer,xgboost,gbdt,context_budget,0.2,2268839716,train_only,True,low,True,ok,,0.9883040935672515,0.9995619158878505,0.03651227628305252,0.052676079925127586,0.020083758221596637,0.4782727089739777,318,catboost,0.4749908148699386,False,,
breast_cancer,xgboost,gbdt,context_budget,0.3,3715031597,train_only,True,low,True,ok,,0.9766081871345029,0.9986857476635513,0.06035885259786377,0.08707941731668599,0.027750469091882494,0.4643573207390361,279,catboost,0.4749908148699386,False,,
breast_cancer,xgboost,gbdt,context_budget,0.4,3663711477,train_only,True,low,True,ok,,0.9649122807017544,0.9964953271028036,0.07954102093490924,0.11475343645003878,0.01608190982477104,0.45586779369127856,239,catboost,0.4749908148699386,False,,
breast_cancer,catboost,gbdt,covariate_shift,0.0,2215248862,test_only,True,low,True,ok,,0.9883040935672515,0.9998539719626168,0.04244722102945535,0.06123839527871295,0.024160853842255803,0.4749908148699386,398,catboost,0.4749908148699386,False,,
breast_cancer,catboost,gbdt,covariate_shift,0.05,4027565616,test_only,True,low,True,ok,,0.9473684210526315,0.9988317757009346,0.12608665502938932,0.18190459193317746,0.03464808107748565,0.4301953908577715,398,catboost,0.4749908148699386,True,utility_gap,
breast_cancer,catboost,gbdt,covariate_shift,0.1,2565870048,test_only,True,low,True,ok,,0.9005847953216374,0.9960572429906542,0.2994332951892588,0.43199093004658484,0.07621460422958924,0.33886755448508127,398,catboost,0.4749908148699386,True,utility_gap,
breast_cancer,catboost,gbdt,covariate_shift,0.2,2684924595,test_only,True,low,True,ok,,0.6842105263157895,0.9867114485981309,0.9428869838215469,1.360298375678098,0.232389635499625,-0.006586853846640164,398,catboost,0.4749908148699386,True,utility_gap;ece;nll,
breast_cancer,catboost,gbdt,covariate_shift,0.3,3477487223,test_only,True,low,True,ok,,0.4678362573099415,0.9388142523364487,2.1110806267322713,3.0456455511034126,0.4949186877335949,-0.6139169759634945,398,catboost,0.4749908148699386,True,utility_gap;ece;nll,
breast_cancer,catboost,gbdt,covariate_shift,0.4,2106031584,test_only,True,low,True,ok,,0.391812865497076,0.9008469626168225,3.0677254584557376,4.425792305722915,0.592317359673059,-1.0721327969110368,398,catboost,0.4749908148699386,True,utility_gap;ece;nll,
breast_cancer,hist_gbdt,gbdt,covariate_shift,0.0,2215248862,test_only,True,low,True,ok,,0.9766081871345029,0.9986857476635514,0.06038829599655332,0.08712189516196232,0.01630915711534692,0.46663283978076026,398,catboost,0.4749908148699386,False,,
breast_cancer,hist_gbdt,gbdt,covariate_shift,0.05,4027565616,test_only,True,low,True,ok,,0.935672514619883,0.9981016355140186,0.15800192950425476,0.22794860014667595,0.04722106548179181,0.4118576564825278,398,catboost,0.4749908148699386,True,utility_gap,
breast_cancer,hist_gbdt,gbdt,covariate_shift,0.1,2565870048,test_only,True,low,True,ok,,0.8830409356725146,0.9970794392523364,0.44547792132148534,0.6426887879160307,0.09313357059011801,0.27000059359636214,398,catboost,0.4749908148699386,True,utility_gap,
breast_cancer,hist_gbdt,gbdt,covariate_shift,0.2,2684924595,test_only,True,low,True,ok,,0.7076023391812866,0.9535630841121494,1.5081764101231143,2.1758386276703363,0.2626509975970256,-0.2653943575040608,398,catboost,0.4749908148699386,True,utility_gap;ece;nll,
breast_cancer,hist_gbdt,gbdt,covariate_shift,0.3,3477487223,test_only,True,low,True,ok,,0.49122807017543857,0.9050817757009346,3.374353108560627,4.868162495928675,0.4818871237944803,-1.1663633415158556,398,catboost,0.4749908148699386,True,utility_gap;ece;nll,
breast_cancer,hist_gbdt,gbdt,covariate_shift,0.4,2106031584,test_only,True,low,True,ok,,0.391812865497076,0.7900116822429907,4.800058124850203,6.925020052700165,0.6082712962265759,-1.8638842564457563,398,catboost,0.4749908148699386,True,utility_gap;ece;nll,
breast_cancer,logreg,linear,covariate_shift,0.0,2215248862,test_only,True,low,True,ok,,0.9941520467836257,1.0,0.04140507768431182,0.05973490024277895,0.028022236220733042,0.47559788970056355,398,catboost,0.4749908148699386,False,,
breast_cancer,logreg,linear,covariate_shift,0.05,4027565616,test_only,True,low,True,ok,,0.9532163742690059,1.0,0.09585989566967307,0.13829659610277076,0.03645728934974326,0.44420201943957094,398,catboost,0.4749908148699386,True,utility_gap,
breast_cancer,logreg,linear,covariate_shift,0.1,2565870048,test_only,True,low,True,ok,,0.8888888888888888,1.0,0.24217083064778666,0.34937865642352284,0.05170641424061563,0.3681784535581533,398,catboost,0.4749908148699386,True,utility_gap,
breast_cancer,logreg,linear,covariate_shift,0.2,2684924595,test_only,True,low,True,ok,,0.6608187134502924,1.0,0.9789576779929341,1.4123373872805807,0.2536030133244595,-0.025299011831522257,398,catboost,0.4749908148699386,True,utility_gap;ece;nll,
breast_cancer,logreg,linear,covariate_shift,0.3,3477487223,test_only,True,low,True,ok,,0.4678362573099415,1.0,2.3965558509658327,3.4574992414018366,0.4852645160075187,-0.7141272370255635,398,catboost,0.4749908148699386,True,utility_gap;ece;nll,
breast_cancer,logreg,linear,covariate_shift,0.4,2106031584,test_only,True,low,True,ok,,0.391812865497076,1.0,4.260150866299275,6.146098528248786,0.595502968322432,-1.554158222314561,398,catboost,0.4749908148699386,True,utility_gap;ece;nll,
breast_cancer,tabicl,icl,covariate_shift,0.0,2215248862,test_only,True,low,True,ok,,0.9941520467836257,0.9992698598130841,0.03537229836544973,0.051031439436679114,0.017757660747525453,0.48000629397161443,398,catboost,0.4749908148699386,False,,
breast_cancer,tabicl,icl,covariate_shift,0.05,4027565616,test_only,True,low,True,ok,,0.935672514619883,0.9994158878504673,0.13426656747091958,0.1937057110474791,0.04304799252601074,0.4234251261212001,398,catboost,0.4749908148699386,True,utility_gap,
breast_cancer,tabicl,icl,covariate_shift,0.1,2565870048,test_only,True,low,True,ok,,0.847953216374269,0.9995619158878505,0.39964365110620176,0.5765639135736764,0.09939187054227155,0.2841921048363308,398,catboost,0.4749908148699386,True,utility_gap,
breast_cancer,tabicl,icl,covariate_shift,0.2,2684924595,test_only,True,low,True,ok,,0.631578947368421,0.9948890186915889,1.3456605455992938,1.941377795856038,0.28225036942699244,-0.19591541399489068,398,catboost,0.4749908148699386,True,utility_gap;ece;nll,
breast_cancer,tabicl,icl,covariate_shift,0.3,3477487223,test_only,True,low,True,ok,,0.45614035087719296,0.9558995327102804,2.624088166238178,3.785758984287233,0.4915477885931476,-0.8310513639246224,398,catboost,0.4749908148699386,True,utility_gap;ece;nll,
breast_cancer,tabicl,icl,covariate_shift,0.4,2106031584,test_only,True,low,True,ok,,0.38011695906432746,0.8376168224299065,3.9593270294561655,5.712101470654041,0.5990693578404602,-1.4832608810541879,398,catboost,0.4749908148699386,True,utility_gap;ece;nll,
breast_cancer,tabpfn_client,icl,covariate_shift,0.0,2215248862,test_only,True,low,True,ok,,0.9941520467836257,0.9997079439252337,0.03473444048978941,0.050111205042672,0.02213406138338635,0.47956041360189666,398,catboost,0.4749908148699386,False,,
breast_cancer,tabpfn_client,icl,covariate_shift,0.05,4027565616,test_only,True,low,True,ok,,0.9415204678362573,0.9995619158878505,0.12154017576140444,0.1753454088397512,0.026104873416680014,0.4332501434009249,398,catboost,0.4749908148699386,True,utility_gap,
breast_cancer,tabpfn_client,icl,covariate_shift,0.1,2565870048,test_only,True,low,True,ok,,0.8771929824561403,0.9995619158878505,0.3326708631751296,0.4799426045510104,0.07172680904167705,0.3230974747555302,398,catboost,0.4749908148699386,True,utility_gap,
breast_cancer,tabpfn_client,icl,covariate_shift,0.2,2684924595,test_only,True,low,True,ok,,0.5789473684210527,0.9985397196261683,1.5491287479100622,2.234920362308376,0.3293479614890446,-0.3000146938580049,398,catboost,0.4749908148699386,True,utility_gap;ece;nll,
breast_cancer,tabpfn_client,icl,covariate_shift,0.3,3477487223,test_only,True,low,True,ok,,0.4093567251461988,0.9789719626168224,3.3152579311724244,4.782906176570261,0.5534662125693257,-1.1415213997971259,398,catboost,0.4749908148699386,True,utility_gap;ece;nll,
breast_cancer,tabpfn_client,icl,covariate_shift,0.4,2106031584,test_only,True,low,True,ok,,0.3742690058479532,0.8952978971962617,4.811454835402423,6.9414620304963,0.6149137629165207,-1.8359267468363092,398,catboost,0.4749908148699386,True,utility_gap;ece;nll,
breast_cancer,xgboost,gbdt,covariate_shift,0.0,2215248862,test_only,True,low,True,ok,,0.9883040935672515,0.9994158878504673,0.04629477136494675,0.06678923706729707,0.027924669821834697,0.47241946969819515,398,catboost,0.4749908148699386,False,,
breast_cancer,xgboost,gbdt,covariate_shift,0.05,4027565616,test_only,True,low,True,ok,,0.9181286549707602,0.9982476635514019,0.18702642750538181,0.2698220994771936,0.06272535070319382,0.3936142805048078,398,catboost,0.4749908148699386,True,utility_gap,
breast_cancer,xgboost,gbdt,covariate_shift,0.1,2565870048,test_only,True,low,True,ok,,0.8947368421052632,0.9926985981308412,0.45834256786308253,0.6612485496843824,0.09145239523588164,0.2649899917090928,398,catboost,0.4749908148699386,True,utility_gap,
breast_cancer,xgboost,gbdt,covariate_shift,0.2,2684924595,test_only,True,low,True,ok,,0.6783625730994152,0.9856892523364487,1.3056670827665193,1.8836794253592173,0.26379388436611306,-0.17111698019831845,398,catboost,0.4749908148699386,True,utility_gap;ece;nll,
breast_cancer,xgboost,gbdt,covariate_shift,0.3,3477487223,test_only,True,low,True,ok,,0.4619883040935672,0.9621787383177569,3.0258107187891605,4.365322118665792,0.516139807427028,-1.0067637930598932,398,catboost,0.4749908148699386,True,utility_gap;ece;nll,
breast_cancer,xgboost,gbdt,covariate_shift,0.4,2106031584,test_only,True,low,True,ok,,0.391812865497076,0.903402453271028,4.354150547182322,6.2817114017039035,0.6063682265297138,-1.6308242773476924,398,catboost,0.4749908148699386,True,utility_gap;ece;nll,
breast_cancer,catboost,gbdt,label_noise,0.0,500399390,train_only,True,low,True,ok,,0.9883040935672515,0.9998539719626168,0.04244722102945535,0.06123839527871295,0.024160853842255803,0.4749908148699386,398,catboost,0.4749908148699386,False,,
breast_cancer,catboost,gbdt,label_noise,0.05,4206928981,train_only,True,low,True,ok,,0.9883040935672515,0.9997079439252337,0.09031361424816942,0.13029500340059286,0.07472146795034663,0.44411059979867223,398,catboost,0.4749908148699386,True,utility_gap,
breast_cancer,catboost,gbdt,label_noise,0.1,679854159,train_only,True,low,True,ok,,0.9824561403508771,0.999123831775701,0.13286940703594244,0.1916900346166113,0.1057234845763149,0.4184100548738805,398,catboost,0.4749908148699386,True,utility_gap;ece,
breast_cancer,catboost,gbdt,label_noise,0.2,2793181328,train_only,True,low,True,ok,,0.9415204678362573,0.9890478971962617,0.25037545848368037,0.3612154323147062,0.15114501562632696,0.3488012013744529,398,catboost,0.4749908148699386,True,utility_gap;ece,
breast_cancer,catboost,gbdt,label_noise,0.3,4174967912,train_only,True,low,True,ok,,0.8888888888888888,0.9484521028037383,0.4155572131726361,0.5995223306498,0.20578212300455387,0.2442784455187909,398,catboost,0.4749908148699386,True,utility_gap;ece,
breast_cancer,catboost,gbdt,label_noise,0.4,3127546068,train_only,True,low,True,ok,,0.8011695906432749,0.8687207943925233,0.5261902603340762,0.7591320791480445,0.15656455296455507,0.16517518229654995,398,catboost,0.4749908148699386,True,utility_gap;ece;nll,
breast_cancer,hist_gbdt,gbdt,label_noise,0.0,500399390,train_only,True,low,True,ok,,0.9766081871345029,0.9986857476635514,0.06038829599655332,0.08712189516196232,0.01630915711534692,0.46663283978076026,398,catboost,0.4749908148699386,False,,
breast_cancer,hist_gbdt,gbdt,label_noise,0.05,4206928981,train_only,True,low,True,ok,,0.9707602339181286,0.9976635514018691,0.06861769342615992,0.09899440602316015,0.032765776092256164,0.4585448010529742,398,catboost,0.4749908148699386,False,,
breast_cancer,hist_gbdt,gbdt,label_noise,0.1,679854159,train_only,True,low,True,ok,,0.9766081871345029,0.9962032710280374,0.09422366035086527,0.13593600752259938,0.03156745032859029,0.44806808060749065,398,catboost,0.4749908148699386,False,,
breast_cancer,hist_gbdt,gbdt,label_noise,0.2,2793181328,train_only,True,low,True,ok,,0.847953216374269,0.9372079439252337,0.3071323232764241,0.443098279687603,0.05738997259563168,0.31080828440456487,398,catboost,0.4749908148699386,True,utility_gap,
breast_cancer,hist_gbdt,gbdt,label_noise,0.3,4174967912,train_only,True,low,True,ok,,0.8596491228070176,0.9005549065420562,0.3848833889182761,0.5552693565129352,0.06619384831087745,0.2643220090947162,398,catboost,0.4749908148699386,True,utility_gap,
breast_cancer,hist_gbdt,gbdt,label_noise,0.4,3127546068,train_only,True,low,True,ok,,0.6374269005847953,0.7497079439252337,0.6071444730017935,0.8759243203028306,0.1300307471210171,0.06922836994649852,398,catboost,0.4749908148699386,True,utility_gap;ece;nll,
breast_cancer,logreg,linear,label_noise,0.0,500399390,train_only,True,low,True,ok,,0.9941520467836257,1.0,0.04140507768431182,0.05973490024277895,0.028022236220733042,0.47559788970056355,398,catboost,0.4749908148699386,False,,
breast_cancer,logreg,linear,label_noise,0.05,4206928981,train_only,True,low,True,ok,,0.9707602339181286,0.9989778037383178,0.11671012035413163,0.1683771118564598,0.08724904264410553,0.4272933243103715,398,catboost,0.4749908148699386,True,utility_gap,
breast_cancer,logreg,linear,label_noise,0.1,679854159,train_only,True,low,True,ok,,0.9532163742690059,0.9925525700934579,0.18975596112583804,0.27375998409536545,0.10713594112304607,0.3868206722198423,398,catboost,0.4749908148699386,True,utility_gap;ece,
breast_cancer,logreg,linear,label_noise,0.2,2793181328,train_only,True,low,True,ok,,0.9532163742690059,0.9893399532710281,0.27463374977977356,0.39621274886801977,0.1684625108964678,0.33669511294551124,398,catboost,0.4749908148699386,True,utility_gap;ece,
breast_cancer,logreg,linear,label_noise,0.3,4174967912,train_only,True,low,True,ok,,0.8187134502923976,0.9014310747663552,0.44733844377818177,0.6453729544377692,0.13672572564569474,0.21735086225161426,398,catboost,0.4749908148699386,True,utility_gap;ece,
breast_cancer,logreg,linear,label_noise,0.4,3127546068,train_only,True,low,True,ok,,0.7660818713450293,0.8078271028037383,0.5723358901384225,0.8257061504254727,0.17150523063843115,0.11563887542773477,398,catboost,0.4749908148699386,True,utility_gap;ece;nll,
breast_cancer,tabicl,icl,label_noise,0.0,500399390,train_only,True,low,True,ok,,0.9941520467836257,0.9992698598130841,0.03537229836544973,0.051031439436679114,0.017757660747525453,0.48000629397161443,398,catboost,0.4749908148699386,False,,
breast_cancer,tabicl,icl,label_noise,0.05,4206928981,train_only,True,low,True,ok,,0.9941520467836257,1.0,0.0722884695086602,0.10429021647359712,0.05943490897836317,0.4559487602797921,398,catboost,0.4749908148699386,False,,
breast_cancer,tabicl,icl,label_noise,0.1,679854159,train_only,True,low,True,ok,,0.9941520467836257,0.9998539719626168,0.13082332097765903,0.1887381564070938,0.11229024641819478,0.41999220099869267,398,catboost,0.4749908148699386,True,utility_gap;ece,
breast_cancer,tabicl,icl,label_noise,0.2,2793181328,train_only,True,low,True,ok,,0.9649122807017544,0.9982476635514018,0.23774923503910314,0.3429996423660587,0.1846584779158977,0.35429193605525666,398,catboost,0.4749908148699386,True,utility_gap;ece,
breast_cancer,tabicl,icl,label_noise,0.3,4174967912,train_only,True,low,True,ok,,0.9181286549707602,0.9823306074766355,0.41660978713533725,0.6010408738859577,0.2411866383135353,0.25298542103394206,398,catboost,0.4749908148699386,True,utility_gap;ece,
breast_cancer,tabicl,icl,label_noise,0.4,3127546068,train_only,True,low,True,ok,,0.8830409356725146,0.9580899532710281,0.519109682843295,0.7489169651154642,0.2688566367590191,0.18934120710929395,398,catboost,0.4749908148699386,True,utility_gap;ece,
breast_cancer,tabpfn_client,icl,label_noise,0.0,500399390,train_only,True,low,True,ok,,0.9941520467836257,0.9997079439252337,0.03473444048978941,0.050111205042672,0.02213406138338635,0.47956041360189666,398,catboost,0.4749908148699386,False,,
breast_cancer,tabpfn_client,icl,label_noise,0.05,4206928981,train_only,True,low,True,ok,,0.9941520467836257,0.9998539719626168,0.07305070273265629,0.10538988656585709,0.0637196479715624,0.4547108016403902,398,catboost,0.4749908148699386,False,,
breast_cancer,tabpfn_client,icl,label_noise,0.1,679854159,train_only,True,low,True,ok,,0.9941520467836257,1.0,0.1201897597452116,0.17339717035005273,0.10987045989928018,0.425129563932672,398,catboost,0.4749908148699386,True,utility_gap;ece,
breast_cancer,tabpfn_client,icl,label_noise,0.2,2793181328,train_only,True,low,True,ok,,0.9590643274853801,0.9954731308411215,0.23626608773925242,0.3408599131116562,0.1709235477390609,0.35583256143589054,398,catboost,0.4749908148699386,True,utility_gap;ece,
breast_cancer,tabpfn_client,icl,label_noise,0.3,4174967912,train_only,True,low,True,ok,,0.9473684210526315,0.991822429906542,0.42429892502525923,0.6121339549884596,0.2785123871609141,0.24990044969646374,398,catboost,0.4749908148699386,True,utility_gap;ece,
breast_cancer,tabpfn_client,icl,label_noise,0.4,3127546068,train_only,True,low,True,ok,,0.9181286549707602,0.9763434579439252,0.5753442831613598,0.8300463441207093,0.35072935663668653,0.16027973396243772,398,catboost,0.4749908148699386,True,utility_gap;ece;nll,
breast_cancer,xgboost,gbdt,label_noise,0.0,500399390,train_only,True,low,True,ok,,0.9883040935672515,0.9994158878504673,0.04629477136494675,0.06678923706729707,0.027924669821834697,0.47241946969819515,398,catboost,0.4749908148699386,False,,
breast_cancer,xgboost,gbdt,label_noise,0.05,4206928981,train_only,True,low,True,ok,,0.9707602339181286,0.9970794392523364,0.08020697874291566,0.11571421047709093,0.023143903466131318,0.45524879498968346,398,catboost,0.4749908148699386,False,,
breast_cancer,xgboost,gbdt,label_noise,0.1,679854159,train_only,True,low,True,ok,,0.9532163742690059,0.9915303738317757,0.13067661778285838,0.18852650843547233,0.016579189590244302,0.4301442965327818,398,catboost,0.4749908148699386,True,utility_gap,
breast_cancer,xgboost,gbdt,label_noise,0.2,2793181328,train_only,True,low,True,ok,,0.8596491228070176,0.9513726635514018,0.2903907287369508,0.41894526426893114,0.055206497114323176,0.3252029219604993,398,catboost,0.4749908148699386,True,utility_gap,
breast_cancer,xgboost,gbdt,label_noise,0.3,4174967912,train_only,True,low,True,ok,,0.8070175438596491,0.8801109813084111,0.44715968880671325,0.6451150655268973,0.06576458132715109,0.2224040391133918,398,catboost,0.4749908148699386,True,utility_gap,
breast_cancer,xgboost,gbdt,label_noise,0.4,3127546068,train_only,True,low,True,ok,,0.6900584795321637,0.7640186915887851,0.6868834337349516,0.9909633235181977,0.147303712643292,0.04416557440178162,398,catboost,0.4749908148699386,True,utility_gap;ece;nll,
breast_cancer,catboost,gbdt,missingness_shift,0.0,3192258584,test_only,True,low,True,ok,,0.9883040935672515,0.9998539719626168,0.04244722102945535,0.06123839527871295,0.024160853842255803,0.4749908148699386,398,catboost,0.4749908148699386,False,,
breast_cancer,catboost,gbdt,missingness_shift,0.05,1293830935,test_only,True,low,True,ok,,0.9824561403508771,0.9989778037383178,0.058823811303977035,0.08486482085443582,0.02629856153962158,0.46629149379678775,398,catboost,0.4749908148699386,False,,
breast_cancer,catboost,gbdt,missingness_shift,0.1,723262806,test_only,True,low,True,ok,,0.9649122807017544,0.9982476635514018,0.06580294804756227,0.0949335868240922,0.041600119543728394,0.4573234243922804,398,catboost,0.4749908148699386,False,,
breast_cancer,catboost,gbdt,missingness_shift,0.2,900364262,test_only,True,low,True,ok,,0.9766081871345029,0.9988317757009346,0.06757699289280304,0.09749299252463568,0.042378705015198886,0.45835871080507207,398,catboost,0.4749908148699386,False,,
breast_cancer,catboost,gbdt,missingness_shift,0.3,3731247564,test_only,True,low,True,ok,,0.9532163742690059,0.9967873831775701,0.10762042591446379,0.155263454765155,0.051569968979424265,0.43496501002706905,398,catboost,0.4749908148699386,True,utility_gap,
breast_cancer,catboost,gbdt,missingness_shift,0.4,1711544040,test_only,True,low,True,ok,,0.8947368421052632,0.998393691588785,0.18740449819922936,0.27036754019231285,0.03945772647430476,0.39464651101930937,398,catboost,0.4749908148699386,True,utility_gap,
breast_cancer,hist_gbdt,gbdt,missingness_shift,0.0,3192258584,test_only,True,low,True,ok,,0.9766081871345029,0.9986857476635514,0.06038829599655332,0.08712189516196232,0.01630915711534692,0.46663283978076026,398,catboost,0.4749908148699386,False,,
breast_cancer,hist_gbdt,gbdt,missingness_shift,0.05,1293830935,test_only,True,low,True,ok,,0.9707602339181286,0.9992698598130841,0.06268276993758572,0.09043212133813872,0.01948026682645452,0.46433279625556617,398,catboost,0.4749908148699386,False,,
breast_cancer,hist_gbdt,gbdt,missingness_shift,0.1,723262806,test_only,True,low,True,ok,,0.9707602339181286,0.9981016355140186,0.06898527842327562,0.09952471907560415,0.021307377377596283,0.46083071631942524,398,catboost,0.4749908148699386,False,,
breast_cancer,hist_gbdt,gbdt,missingness_shift,0.2,900364262,test_only,True,low,True,ok,,0.9766081871345029,0.9976635514018691,0.0574200269005889,0.08283958805719048,0.01162330006030371,0.46849693463161174,398,catboost,0.4749908148699386,False,,
breast_cancer,hist_gbdt,gbdt,missingness_shift,0.3,3731247564,test_only,True,low,True,ok,,0.9707602339181286,0.9956191588785047,0.09421141192456037,0.1359183367787106,0.02382488299080586,0.4485402630634216,398,catboost,0.4749908148699386,False,,
breast_cancer,hist_gbdt,gbdt,missingness_shift,0.4,1711544040,test_only,True,low,True,ok,,0.9239766081871345,0.9924065420560748,0.19684274638711255,0.2839840540476512,0.05970465748130016,0.3888026332371409,398,catboost,0.4749908148699386,True,utility_gap,
breast_cancer,logreg,linear,missingness_shift,0.0,3192258584,test_only,True,low,True,ok,,0.9941520467836257,1.0,0.04140507768431182,0.05973490024277895,0.028022236220733042,0.47559788970056355,398,catboost,0.4749908148699386,False,,
breast_cancer,logreg,linear,missingness_shift,0.05,1293830935,test_only,True,low,True,ok,,0.9941520467836257,0.9997079439252337,0.048496389220958766,0.06996550023009819,0.03263549880153972,0.4715038375620381,398,catboost,0.4749908148699386,False,,
breast_cancer,logreg,linear,missingness_shift,0.1,723262806,test_only,True,low,True,ok,,0.9766081871345029,0.9985397196261683,0.05635698791310402,0.08130594698167443,0.03731387607685039,0.46412557062946186,398,catboost,0.4749908148699386,False,,
breast_cancer,logreg,linear,missingness_shift,0.2,900364262,test_only,True,low,True,ok,,0.9649122807017544,0.9972254672897196,0.07515680715196241,0.10842835296718435,0.03345495832185155,0.4545462581021394,398,catboost,0.4749908148699386,False,,
breast_cancer,logreg,linear,missingness_shift,0.3,3731247564,test_only,True,low,True,ok,,0.9649122807017544,0.9989778037383178,0.0712887192882481,0.10284788178848094,0.034680625151153534,0.4565885838468994,398,catboost,0.4749908148699386,False,,
breast_cancer,logreg,linear,missingness_shift,0.4,1711544040,test_only,True,low,True,ok,,0.9473684210526315,0.9956191588785047,0.12125733711391809,0.17493735892565088,0.026517905106235834,0.4327871800664289,398,catboost,0.4749908148699386,True,utility_gap,
breast_cancer,tabicl,icl,missingness_shift,0.0,3192258584,test_only,True,low,True,ok,,0.9941520467836257,0.9992698598130841,0.03537229836544973,0.051031439436679114,0.017757660747525453,0.48000629397161443,398,catboost,0.4749908148699386,False,,
breast_cancer,tabicl,icl,missingness_shift,0.05,1293830935,test_only,True,low,True,ok,,0.9883040935672515,1.0,0.059516906546173164,0.08586474592321591,0.039406824204670066,0.46460482541718895,398,catboost,0.4749908148699386,False,,
breast_cancer,tabicl,icl,missingness_shift,0.1,723262806,test_only,True,low,True,ok,,0.9824561403508771,0.9989778037383178,0.10452946998148507,0.1508041479690403,0.0670757414515633,0.43835425968001807,398,catboost,0.4749908148699386,True,utility_gap,
breast_cancer,tabicl,icl,missingness_shift,0.2,900364262,test_only,True,low,True,ok,,0.9707602339181286,0.9973714953271028,0.14321223377392137,0.2066115794602673,0.09588016855483932,0.4135345509031572,398,catboost,0.4749908148699386,True,utility_gap,
breast_cancer,tabicl,icl,missingness_shift,0.3,3731247564,test_only,True,low,True,ok,,0.9649122807017544,0.9979556074766355,0.18754192508461887,0.2705658052783491,0.11629236853941961,0.3895930894306969,398,catboost,0.4749908148699386,True,utility_gap;ece,
breast_cancer,tabicl,icl,missingness_shift,0.4,1711544040,test_only,True,low,True,ok,,0.935672514619883,0.9919684579439252,0.24459183832708128,0.3528714321963953,0.1163905686438759,0.35840029408566243,398,catboost,0.4749908148699386,True,utility_gap;ece,
breast_cancer,tabpfn_client,icl,missingness_shift,0.0,3192258584,test_only,True,low,True,ok,,0.9941520467836257,0.9997079439252337,0.03473444048978941,0.050111205042672,0.02213406138338635,0.47956041360189666,398,catboost,0.4749908148699386,False,,
breast_cancer,tabpfn_client,icl,missingness_shift,0.05,1293830935,test_only,True,low,True,ok,,0.9883040935672515,0.9997079439252337,0.044202333921205754,0.06377048794384155,0.022326709839546335,0.4745469060578577,398,catboost,0.4749908148699386,False,,
breast_cancer,tabpfn_client,icl,missingness_shift,0.1,723262806,test_only,True,low,True,ok,,0.9766081871345029,0.9988317757009346,0.0730728053363396,0.10542177388258173,0.03953317343750592,0.45654918271322686,398,catboost,0.4749908148699386,False,,
breast_cancer,tabpfn_client,icl,missingness_shift,0.2,900364262,test_only,True,low,True,ok,,0.9649122807017544,0.9969334112149533,0.1030425005984982,0.1486589046142514,0.0541770649553122,0.4382304516551589,398,catboost,0.4749908148699386,True,utility_gap,
breast_cancer,tabpfn_client,icl,missingness_shift,0.3,3731247564,test_only,True,low,True,ok,,0.9590643274853801,0.9959112149532711,0.1366922042777833,0.19720516523973913,0.07234150932947371,0.4187987229186353,398,catboost,0.4749908148699386,True,utility_gap,
breast_cancer,tabpfn_client,icl,missingness_shift,0.4,1711544040,test_only,True,low,True,ok,,0.935672514619883,0.9840829439252337,0.2013878810332666,0.29054129726183026,0.0777561748906802,0.3820662834101291,398,catboost,0.4749908148699386,True,utility_gap,
breast_cancer,xgboost,gbdt,missingness_shift,0.0,3192258584,test_only,True,low,True,ok,,0.9883040935672515,0.9994158878504673,0.04629477136494675,0.06678923706729707,0.027924669821834697,0.47241946969819515,398,catboost,0.4749908148699386,False,,
breast_cancer,xgboost,gbdt,missingness_shift,0.05,1293830935,test_only,True,low,True,ok,,0.9824561403508771,0.998393691588785,0.05349413464253901,0.07717572276543753,0.01940174924303527,0.46977314643046797,398,catboost,0.4749908148699386,False,,
breast_cancer,xgboost,gbdt,missingness_shift,0.1,723262806,test_only,True,low,True,ok,,0.9766081871345029,0.9981016355140186,0.059228493993198336,0.085448654563309,0.012908627834918205,0.46761047856410554,398,catboost,0.4749908148699386,False,,
breast_cancer,xgboost,gbdt,missingness_shift,0.2,900364262,test_only,True,low,True,ok,,0.9707602339181286,0.9978095794392523,0.07067741880432224,0.10196596161182807,0.034059271938718445,0.45744574502016544,398,catboost,0.4749908148699386,False,,
breast_cancer,xgboost,gbdt,missingness_shift,0.3,3731247564,test_only,True,low,True,ok,,0.9649122807017544,0.9970794392523364,0.08320166993359861,0.12003463660688309,0.017628096061065458,0.45417863564930283,398,catboost,0.4749908148699386,False,,
breast_cancer,xgboost,gbdt,missingness_shift,0.4,1711544040,test_only,True,low,True,ok,,0.9005847953216374,0.9945969626168225,0.23159520729053654,0.3341212570517086,0.04985240054458592,0.37298979898970364,398,catboost,0.4749908148699386,True,utility_gap,
breast_cancer,catboost,gbdt,rare_category_shift,0.0,1020946803,test_only,True,low,False,skipped,shift not applicable: dataset has no categorical features,,,,,,,0,catboost,0.4749908148699386,True,undefined,
breast_cancer,catboost,gbdt,rare_category_shift,0.05,1432795188,test_only,True,low,False,skipped,shift not applicable: dataset has no categorical features,,,,,,,0,catboost,0.4749908148699386,True,undefined,
breast_cancer,catboost,gbdt,rare_category_shift,0.1,2157584512,test_only,True,low,False,skipped,shift not applicable: dataset has no categorical features,,,,,,,0,catboost,0.4749908148699386,True,undefined,
breast_cancer,catboost,gbdt,rare_category_shift,0.2,2874817360,test_only,True,low,False,skipped,shift not applicable: dataset has no categorical features,,,,,,,0,catboost,0.4749908148699386,True,undefined,
breast_cancer,catboost,gbdt,rare_category_shift,0.3,2459051201,test_only,True,low,False,skipped,shift not applicable: dataset has no categorical features,,,,,,,0,catboost,0.4749908148699386,True,undefined,
breast_cancer,catboost,gbdt,rare_category_shift,0.4,623593807,test_only,True,low,False,skipped,shift not applicable: dataset has no categorical features,,,,,,,0,catboost,0.4749908148699386,True,undefined,
breast_cancer,hist_gbdt,gbdt,rare_category_shift,0.0,1020946803,test_only,True,low,False,skipped,shift not applicable: dataset has no categorical features,,,,,,,0,catboost,0.4749908148699386,True,undefined,
breast_cancer,hist_gbdt,gbdt,rare_category_shift,0.05,1432795188,test_only,True,low,False,skipped,shift not applicable: dataset has no categorical features,,,,,,,0,catboost,0.4749908148699386,True,undefined,
breast_cancer,hist_gbdt,gbdt,rare_category_shift,0.1,2157584512,test_only,True,low,False,skipped,shift not applicable: dataset has no categorical features,,,,,,,0,catboost,0.4749908148699386,True,undefined,
breast_cancer,hist_gbdt,gbdt,rare_category_shift,0.2,2874817360,test_only,True,low,False,skipped,shift not applicable: dataset has no categorical features,,,,,,,0,catboost,0.4749908148699386,True,undefined,
breast_cancer,hist_gbdt,gbdt,rare_category_shift,0.3,2459051201,test_only,True,low,False,skipped,shift not applicable: dataset has no categorical features,,,,,,,0,catboost,0.4749908148699386,True,undefined,
breast_cancer,hist_gbdt,gbdt,rare_category_shift,0.4,623593807,test_only,True,low,False,skipped,shift not applicable: dataset has no categorical features,,,,,,,0,catboost,0.4749908148699386,True,undefined,
breast_cancer,logreg,linear,rare_category_shift,0.0,1020946803,test_only,True,low,False,skipped,shift not applicable: dataset has no categorical features,,,,,,,0,catboost,0.4749908148699386,True,undefined,
breast_cancer,logreg,linear,rare_category_shift,0.05,1432795188,test_only,True,low,False,skipped,shift not applicable: dataset has no categorical features,,,,,,,0,catboost,0.4749908148699386,True,undefined,
breast_cancer,logreg,linear,rare_category_shift,0.1,2157584512,test_only,True,low,False,skipped,shift not applicable: dataset has no categorical features,,,,,,,0,catboost,0.4749908148699386,True,undefined,
breast_cancer,logreg,linear,rare_category_shift,0.2,2874817360,test_only,True,low,False,skipped,shift not applicable: dataset has no categorical features,,,,,,,0,catboost,0.4749908148699386,True,undefined,
breast_cancer,logreg,linear,rare_category_shift,0.3,2459051201,test_only,True,low,False,skipped,shift not applicable: dataset has no categorical features,,,,,,,0,catboost,0.4749908148699386,True,undefined,
breast_cancer,logreg,linear,rare_category_shift,0.4,623593807,test_only,True,low,False,skipped,shift not applicable: dataset has no categorical features,,,,,,,0,catboost,0.4749908148699386,True,undefined,
breast_cancer,tabicl,icl,rare_category_shift,0.0,1020946803,test_only,True,low,False,skipped,shift not applicable: dataset has no categorical features,,,,,,,0,catboost,0.4749908148699386,True,undefined,
breast_cancer,tabicl,icl,rare_category_shift,0.05,1432795188,test_only,True,low,False,skipped,shift not applicable: dataset has no categorical features,,,,,,,0,catboost,0.4749908148699386,True,undefined,
breast_cancer,tabicl,icl,rare_category_shift,0.1,2157584512,test_only,True,low,False,skipped,shift not applicable: dataset has no categorical features,,,,,,,0,catboost,0.4749908148699386,True,undefined,
breast_cancer,tabicl,icl,rare_category_shift,0.2,2874817360,test_only,True,low,False,skipped,shift not applicable: dataset has no categorical features,,,,,,,0,catboost,0.4749908148699386,True,undefined,
breast_cancer,tabicl,icl,rare_category_shift,0.3,2459051201,test_only,True,low,False,skipped,shift not applicable: dataset has no categorical features,,,,,,,0,catboost,0.4749908148699386,True,undefined,
breast_cancer,tabicl,icl,rare_category_shift,0.4,623593807,test_only,True,low,False,skipped,shift not applicable: dataset has no categorical features,,,,,,,0,catboost,0.4749908148699386,True,undefined,
breast_cancer,tabpfn_client,icl,rare_category_shift,0.0,1020946803,test_only,True,low,False,skipped,shift not applicable: dataset has no categorical features,,,,,,,0,catboost,0.4749908148699386,True,undefined,
breast_cancer,tabpfn_client,icl,rare_category_shift,0.05,1432795188,test_only,True,low,False,skipped,shift not applicable: dataset has no categorical features,,,,,,,0,catboost,0.4749908148699386,True,undefined,
breast_cancer,tabpfn_client,icl,rare_category_shift,0.1,2157584512,test_only,True,low,False,skipped,shift not applicable: dataset has no categorical features,,,,,,,0,catboost,0.4749908148699386,True,undefined,
breast_cancer,tabpfn_client,icl,rare_category_shift,0.2,2874817360,test_only,True,low,False,skipped,shift not applicable: dataset has no categorical features,,,,,,,0,catboost,0.4749908148699386,True,undefined,
breast_cancer,tabpfn_client,icl,rare_category_shift,0.3,2459051201,test_only,True,low,False,skipped,shift not applicable: dataset has no categorical features,,,,,,,0,catboost,0.4749908148699386,True,undefined,
breast_cancer,tabpfn_client,icl,rare_category_shift,0.4,623593807,test_only,True,low,False,skipped,shift not applicable: dataset has no categorical features,,,,,,,0,catboost,0.4749908148699386,True,undefined,
breast_cancer,xgboost,gbdt,rare_category_shift,0.0,1020946803,test_only,True,low,False,skipped,shift not applicable: dataset has no categorical features,,,,,,,0,catboost,0.4749908148699386,True,undefined,
breast_cancer,xgboost,gbdt,rare_category_shift,0.05,1432795188,test_only,True,low,False,skipped,shift not applicable: dataset has no categorical features,,,,,,,0,catboost,0.4749908148699386,True,undefined,
breast_cancer,xgboost,gbdt,rare_category_shift,0.1,2157584512,test_only,True,low,False,skipped,shift not applicable: dataset has no categorical features,,,,,,,0,catboost,0.4749908148699386,True,undefined,
breast_cancer,xgboost,gbdt,rare_category_shift,0.2,2874817360,test_only,True,low,False,skipped,shift not applicable: dataset has no categorical features,,,,,,,0,catboost,0.4749908148699386,True,undefined,
breast_cancer,xgboost,gbdt,rare_category_shift,0.3,2459051201,test_only,True,low,False,skipped,shift not applicable: dataset has no categorical features,,,,,,,0,catboost,0.4749908148699386,True,undefined,
breast_cancer,xgboost,gbdt,rare_category_shift,0.4,623593807,test_only,True,low,False,skipped,shift not applicable: dataset has no categorical features,,,,,,,0,catboost,0.4749908148699386,True,undefined,
digits,catboost,gbdt,class_imbalance,0.0,1452256148,train_only,True,low,True,ok,,0.9703703703703703,0.9993608811733358,0.11042372952998786,0.04795641640605088,0.036677600847871715,0.47360941887483343,1257,catboost,0.47360941887483343,False,,
digits,catboost,gbdt,class_imbalance,0.05,2560322292,train_only,True,low,True,ok,,0.9648148148148148,0.9989231683058615,0.12913647348959614,0.056083257848977164,0.020950867530883238,0.4733301802684039,1203,catboost,0.47360941887483343,False,,
digits,catboost,gbdt,class_imbalance,0.1,1622660031,train_only,True,low,True,ok,,0.9629629629629629,0.9990152708046214,0.1269751986273138,0.05514462810241173,0.030503290184769792,0.4714557427583844,1144,catboost,0.47360941887483343,False,,
digits,catboost,gbdt,class_imbalance,0.2,488604995,train_only,True,low,True,ok,,0.9611111111111111,0.9989579611186219,0.137197031412497,0.059583913675954545,0.03197981636329249,0.4695308156827394,1033,catboost,0.47360941887483343,False,,
digits,catboost,gbdt,class_imbalance,0.3,2474670220,train_only,True,low,True,ok,,0.9518518518518518,0.9978910976980467,0.15951849005101765,0.06927799999069574,0.035307481762989666,0.46419476562228745,918,catboost,0.47360941887483343,False,,
digits,catboost,gbdt,class_imbalance,0.4,945277665,train_only,True,low,True,ok,,0.9351851851851852,0.997819512259106,0.18959208166724853,0.0823387948806367,0.02825934728380353,0.4591610991475132,804,catboost,0.47360941887483343,False,,
digits,hist_gbdt,gbdt,class_imbalance,0.0,1452256148,train_only,True,low,True,ok,,0.9481481481481482,0.9987637785112327,0.15778214383947106,0.06852391441234744,0.029424295835779702,0.4653475112102935,1257,catboost,0.47360941887483343,False,,
digits,hist_gbdt,gbdt,class_imbalance,0.05,2560322292,train_only,True,low,True,ok,,0.9592592592592593,0.9990342582434419,0.133262159250352,0.057875020408940256,0.024435133211678485,0.4713013465090758,1203,catboost,0.47360941887483343,False,,
digits,hist_gbdt,gbdt,class_imbalance,0.1,1622660031,train_only,True,low,True,ok,,0.9518518518518518,0.9987284134488327,0.15335688313927243,0.06660204810926784,0.026696788725999687,0.4670127503068889,1144,catboost,0.47360941887483343,False,,
digits,hist_gbdt,gbdt,class_imbalance,0.2,488604995,train_only,True,low,True,ok,,0.9388888888888889,0.9983305860333591,0.19912306437290092,0.08647804807681686,0.03565211321636257,0.45717520137869144,1033,catboost,0.47360941887483343,False,,
digits,hist_gbdt,gbdt,class_imbalance,0.3,2474670220,train_only,True,low,True,ok,,0.9481481481481482,0.9978994242775794,0.19482932201504433,0.08461329946408548,0.032737260153902534,0.4595555788493689,918,catboost,0.47360941887483343,False,,
digits,hist_gbdt,gbdt,class_imbalance,0.4,945277665,train_only,True,low,True,ok,,0.9462962962962963,0.9975599956899635,0.21786370652491793,0.09461700555076133,0.030518101967917897,0.45660172087711964,804,catboost,0.47360941887483343,False,,
digits,logreg,linear,class_imbalance,0.0,1452256148,train_only,True,low,True,ok,,0.9574074074074074,0.9984378315986124,0.1445670737655416,0.06278468240127506,0.02031009660842794,0.47016692812855726,1257,catboost,0.47360941887483343,False,,
digits,logreg,linear,class_imbalance,0.05,2560322292,train_only,True,low,True,ok,,0.9574074074074074,0.9984605611386576,0.14407794645447103,0.06257225710912895,0.022747533521388363,0.4697511236726249,1203,catboost,0.47360941887483343,False,,
digits,logreg,linear,class_imbalance,0.1,1622660031,train_only,True,low,True,ok,,0.9555555555555556,0.9984857081032021,0.14447492750634933,0.06274466378937985,0.02229471677298731,0.46952098867804265,1144,catboost,0.47360941887483343,False,,
digits,logreg,linear,class_imbalance,0.2,488604995,train_only,True,low,True,ok,,0.9574074074074074,0.9976078403117061,0.17339749211430017,0.07530557400110317,0.023964992130358888,0.4653891845938055,1033,catboost,0.47360941887483343,False,,
digits,logreg,linear,class_imbalance,0.3,2474670220,train_only,True,low,True,ok,,0.9462962962962963,0.9974336640817075,0.18494837233748188,0.0803220575431564,0.023684953192815855,0.462212618971532,918,catboost,0.47360941887483343,False,,
digits,logreg,linear,class_imbalance,0.4,945277665,train_only,True,low,True,ok,,0.9407407407407408,0.9970664116374168,0.1848261026401613,0.08026895648830609,0.027851327654798138,0.46043340270675553,804,catboost,0.47360941887483343,False,,
digits,tabicl,icl,class_imbalance,0.0,1452256148,train_only,True,low,True,ok,,0.9851851851851852,0.9998281595676094,0.0379895697377938,0.016498660507002612,0.009623080797841514,0.490843419314772,1000,catboost,0.47360941887483343,False,,
digits,tabicl,icl,class_imbalance,0.05,2560322292,train_only,True,low,True,ok,,0.9888888888888889,0.9999045122076126,0.03313496129654648,0.014390330849167953,0.01094496472893479,0.4917938204054604,1001,catboost,0.47360941887483343,False,,
digits,tabicl,icl,class_imbalance,0.1,1622660031,train_only,True,low,True,ok,,0.9851851851851852,0.9997787187518565,0.05027998313863964,0.021836319227299738,0.011381828082157451,0.4888730679563062,1002,catboost,0.47360941887483343,False,,
digits,tabicl,icl,class_imbalance,0.2,488604995,train_only,True,low,True,ok,,0.9851851851851852,0.9998782776122862,0.04781478280677696,0.02076569632638571,0.00964442349532481,0.48957658134509724,1002,catboost,0.47360941887483343,False,,
digits,tabicl,icl,class_imbalance,0.3,2474670220,train_only,True,low,True,ok,,0.9814814814814815,0.9997446315101755,0.05516918896704455,0.023959674339465206,0.012750447410921984,0.4873948514667597,918,catboost,0.47360941887483343,False,,
digits,tabicl,icl,class_imbalance,0.4,945277665,train_only,True,low,True,ok,,0.9777777777777777,0.9996290890047929,0.0704040628468723,0.030576095997966384,0.011603755000485497,0.48504326801885717,804,catboost,0.47360941887483343,False,,
digits,tabpfn_client,icl,class_imbalance,0.0,1452256148,train_only,True,low,True,ok,,0.9814814814814815,0.9998439696512517,0.05074044660900305,0.02203629597159659,0.010321721605669775,0.4884923784875474,1000,catboost,0.47360941887483343,False,,
digits,tabpfn_client,icl,class_imbalance,0.05,2560322292,train_only,True,low,True,ok,,0.9796296296296296,0.9998353349850401,0.04346576692484349,0.0188769427271524,0.011540912889961612,0.48891554629307044,1001,catboost,0.47360941887483343,False,,
digits,tabpfn_client,icl,class_imbalance,0.1,1622660031,train_only,True,low,True,ok,,0.9796296296296296,0.9997975244605778,0.043341458988981785,0.01882295647655088,0.010317284881011381,0.4891632340864791,1002,catboost,0.47360941887483343,False,,
digits,tabpfn_client,icl,class_imbalance,0.2,488604995,train_only,True,low,True,ok,,0.9833333333333333,0.9998361641629405,0.05659309041887181,0.024578066882767816,0.011744307861385868,0.4877203758199217,1002,catboost,0.47360941887483343,False,,
digits,tabpfn_client,icl,class_imbalance,0.3,2474670220,train_only,True,low,True,ok,,0.9833333333333333,0.9998059488822821,0.0465666618174308,0.020223644267965045,0.013198563601745832,0.48872527610806005,918,catboost,0.47360941887483343,False,,
digits,tabpfn_client,icl,class_imbalance,0.4,945277665,train_only,True,low,True,ok,,0.9796296296296296,0.9995241373682934,0.07132518280194042,0.03097613331162344,0.011307121903186395,0.4852236281492228,804,catboost,0.47360941887483343,False,,
digits,xgboost,gbdt,class_imbalance,0.0,1452256148,train_only,True,low,True,ok,,0.9518518518518518,0.9982775950057464,0.17371101874776132,0.07544173688794506,0.016630225177676202,0.46621636992787024,1257,catboost,0.47360941887483343,False,,
digits,xgboost,gbdt,class_imbalance,0.05,2560322292,train_only,True,low,True,ok,,0.9444444444444444,0.9982961151581128,0.17307948499407183,0.07516746526358206,0.023153820721326625,0.4638893032486662,1203,catboost,0.47360941887483343,False,,
digits,xgboost,gbdt,class_imbalance,0.1,1622660031,train_only,True,low,True,ok,,0.9425925925925925,0.9982291224858948,0.17594908855183153,0.07641371825396705,0.01968555346681028,0.4639078555893999,1144,catboost,0.47360941887483343,False,,
digits,xgboost,gbdt,class_imbalance,0.2,488604995,train_only,True,low,True,ok,,0.9277777777777778,0.997649749002691,0.2108595178596954,0.09157512506324587,0.01673525510026975,0.4575244902785808,1033,catboost,0.47360941887483343,False,,
digits,xgboost,gbdt,class_imbalance,0.3,2474670220,train_only,True,low,True,ok,,0.9277777777777778,0.9966433276882096,0.22824544107636227,0.09912573557903794,0.020404625716677578,0.4541731855404931,918,catboost,0.47360941887483343,False,,
digits,xgboost,gbdt,class_imbalance,0.4,945277665,train_only,True,low,True,ok,,0.9148148148148149,0.9951014387687884,0.26605348931136374,0.11554556229903105,0.02178834868527115,0.44648638736453466,804,catboost,0.47360941887483343,False,,
digits,catboost,gbdt,context_budget,0.0,437771406,train_only,True,low,True,ok,,0.9703703703703703,0.9993608811733358,0.11042372952998786,0.04795641640605088,0.036677600847871715,0.47360941887483343,1257,catboost,0.47360941887483343,False,,
digits,catboost,gbdt,context_budget,0.05,693143311,train_only,True,low,True,ok,,0.9555555555555556,0.9992507563270918,0.12354825982993607,0.05365632749289042,0.02094801369027042,0.47278459706189424,1197,catboost,0.47360941887483343,False,,
digits,catboost,gbdt,context_budget,0.1,4019143722,train_only,True,low,True,ok,,0.9666666666666667,0.9992154105709679,0.12350540549785215,0.05363771609294072,0.03741880508693455,0.47115031785456957,1130,catboost,0.47360941887483343,False,,
digits,catboost,gbdt,context_budget,0.2,308345960,train_only,True,low,True,ok,,0.9555555555555556,0.9994351865653164,0.12692802091167218,0.05512413908083978,0.035460063880988,0.4695063941307446,1007,catboost,0.47360941887483343,False,,
digits,catboost,gbdt,context_budget,0.3,168875168,train_only,True,low,True,ok,,0.95,0.9985458994788308,0.15744193711273888,0.06837616450822127,0.03152154635212835,0.4651739061946986,881,catboost,0.47360941887483343,False,,
digits,catboost,gbdt,context_budget,0.4,4162360660,train_only,True,low,True,ok,,0.95,0.9987837211791121,0.1626138645811207,0.07062230406854336,0.03987060424889257,0.46291349034234774,753,catboost,0.47360941887483343,False,,
digits,hist_gbdt,gbdt,context_budget,0.0,437771406,train_only,True,low,True,ok,,0.9481481481481482,0.9987637785112327,0.15778214383947106,0.06852391441234744,0.029424295835779702,0.4653475112102935,1257,catboost,0.47360941887483343,False,,
digits,hist_gbdt,gbdt,context_budget,0.05,693143311,train_only,True,low,True,ok,,0.9592592592592593,0.9986577718910746,0.15848125475220942,0.06882753442398805,0.02166326940906235,0.46843819484175614,1197,catboost,0.47360941887483343,False,,
digits,hist_gbdt,gbdt,context_budget,0.1,4019143722,train_only,True,low,True,ok,,0.9555555555555556,0.9985608099512951,0.15133661053319816,0.0657246548645095,0.02085899190290747,0.46894042197635233,1130,catboost,0.47360941887483343,False,,
digits,hist_gbdt,gbdt,context_budget,0.2,308345960,train_only,True,low,True,ok,,0.9518518518518518,0.9988848325871051,0.15823094139420127,0.06871882471385844,0.026145089266018724,0.46654280391590325,1007,catboost,0.47360941887483343,False,,
digits,hist_gbdt,gbdt,context_budget,0.3,168875168,train_only,True,low,True,ok,,0.9481481481481482,0.9982813844508099,0.18828851138486827,0.08177266150022588,0.026083380758369662,0.461872232178264,881,catboost,0.47360941887483343,False,,
digits,hist_gbdt,gbdt,context_budget,0.4,4162360660,train_only,True,low,True,ok,,0.9296296296296296,0.997478035095748,0.2547186938821289,0.11062292319061218,0.047903287058039146,0.4457942223591647,753,catboost,0.47360941887483343,False,,
digits,logreg,linear,context_budget,0.0,437771406,train_only,True,low,True,ok,,0.9574074074074074,0.9984378315986124,0.1445670737655416,0.06278468240127506,0.02031009660842794,0.47016692812855726,1257,catboost,0.47360941887483343,False,,
digits,logreg,linear,context_budget,0.05,693143311,train_only,True,low,True,ok,,0.9555555555555556,0.9984055162850239,0.14710113584557788,0.06388521157943511,0.012481337853499728,0.47111343298856123,1197,catboost,0.47360941887483343,False,,
digits,logreg,linear,context_budget,0.1,4019143722,train_only,True,low,True,ok,,0.9574074074074074,0.9983341170169913,0.15081413364405472,0.06549774603463251,0.018936971882636065,0.46959133388014107,1130,catboost,0.47360941887483343,False,,
digits,logreg,linear,context_budget,0.2,308345960,train_only,True,low,True,ok,,0.9537037037037037,0.9982066192504909,0.15885596866690213,0.06899027060943146,0.022828254747955357,0.4671651401608069,1007,catboost,0.47360941887483343,False,,
digits,logreg,linear,context_budget,0.3,168875168,train_only,True,low,True,ok,,0.9537037037037037,0.9977695465265641,0.1670451490166834,0.07254678644665201,0.02256717887286517,0.46599742513128434,881,catboost,0.47360941887483343,False,,
digits,logreg,linear,context_budget,0.4,4162360660,train_only,True,low,True,ok,,0.9407407407407408,0.998253388019541,0.16714261483944082,0.07258911531564971,0.02718390620163109,0.4632862810829293,753,catboost,0.47360941887483343,False,,
digits,tabicl,icl,context_budget,0.0,437771406,train_only,True,low,True,ok,,0.9851851851851852,0.9998281595676094,0.0379895697377938,0.016498660507002612,0.009623080797841514,0.490843419314772,1000,catboost,0.47360941887483343,False,,
digits,tabicl,icl,context_budget,0.05,693143311,train_only,True,low,True,ok,,0.9925925925925926,0.9998867347838118,0.03236685631397751,0.014056747093715856,0.007801633382573227,0.49307189525859363,1000,catboost,0.47360941887483343,False,,
digits,tabicl,icl,context_budget,0.1,4019143722,train_only,True,low,True,ok,,0.987037037037037,0.9998526730878403,0.04423419237810551,0.019210665661258102,0.008322537007789895,0.4905762840363642,1000,catboost,0.47360941887483343,False,,
digits,tabicl,icl,context_budget,0.2,308345960,train_only,True,low,True,ok,,0.987037037037037,0.9998475337809454,0.043356706298326116,0.018829578298862993,0.0100930011614827,0.49033471865693096,997,catboost,0.47360941887483343,False,,
digits,tabicl,icl,context_budget,0.3,168875168,train_only,True,low,True,ok,,0.987037037037037,0.9998224361948485,0.04924841811199798,0.021388316228504886,0.010059676031004503,0.48956497814900013,881,catboost,0.47360941887483343,False,,
digits,tabicl,icl,context_budget,0.4,4162360660,train_only,True,low,True,ok,,0.987037037037037,0.9998439224932085,0.04120985504056002,0.017897212644148123,0.009163371171897637,0.4907990904005545,753,catboost,0.47360941887483343,False,,
digits,tabpfn_client,icl,context_budget,0.0,437771406,train_only,True,low,True,ok,,0.9814814814814815,0.9998439696512517,0.05074044660900305,0.02203629597159659,0.010321721605669775,0.4884923784875474,1000,catboost,0.47360941887483343,False,,
digits,tabpfn_client,icl,context_budget,0.05,693143311,train_only,True,low,True,ok,,0.9925925925925926,0.9998784767193062,0.044683493046795905,0.019405794462385783,0.012731174518512444,0.49047838249822784,1000,catboost,0.47360941887483343,False,,
digits,tabpfn_client,icl,context_budget,0.1,4019143722,train_only,True,low,True,ok,,0.9796296296296296,0.9998477800460085,0.04716407075890268,0.020483095674685946,0.005998173135281904,0.48954660413108525,1000,catboost,0.47360941887483343,False,,
digits,tabpfn_client,icl,context_budget,0.2,308345960,train_only,True,low,True,ok,,0.9814814814814815,0.9998315173861719,0.046380888094323114,0.020142963765136756,0.009799383132406598,0.48916048755136005,997,catboost,0.47360941887483343,False,,
digits,tabpfn_client,icl,context_budget,0.3,168875168,train_only,True,low,True,ok,,0.9851851851851852,0.9998711021948555,0.04572280490061906,0.019857161865477816,0.00619811586522956,0.49053589181328794,881,catboost,0.47360941887483343,False,,
digits,tabpfn_client,icl,context_budget,0.4,4162360660,train_only,True,low,True,ok,,0.9814814814814815,0.9998171809595331,0.048145835995954796,0.02090947089966212,0.009471220569384136,0.48899115017428335,753,catboost,0.47360941887483343,False,,
digits,xgboost,gbdt,context_budget,0.0,437771406,train_only,True,low,True,ok,,0.9518518518518518,0.9982775950057464,0.17371101874776132,0.07544173688794506,0.016630225177676202,0.46621636992787024,1257,catboost,0.47360941887483343,False,,
digits,xgboost,gbdt,context_budget,0.05,693143311,train_only,True,low,True,ok,,0.937037037037037,0.9982202439107487,0.17870825301209856,0.07761200815372457,0.019034121363430166,0.4628422142055142,1197,catboost,0.47360941887483343,False,,
digits,xgboost,gbdt,context_budget,0.1,4019143722,train_only,True,low,True,ok,,0.9407407407407408,0.9972424106275282,0.19700023107967302,0.08555611329156747,0.030130459952498957,0.45845302885277595,1130,catboost,0.47360941887483343,False,,
digits,xgboost,gbdt,context_budget,0.2,308345960,train_only,True,low,True,ok,,0.9277777777777778,0.9974218743548301,0.20081203507437206,0.08721155873256205,0.026186167116437595,0.45686362164780103,1007,catboost,0.47360941887483343,False,,
digits,xgboost,gbdt,context_budget,0.3,168875168,train_only,True,low,True,ok,,0.9425925925925925,0.9967516340447877,0.20413022955514318,0.08865263228544276,0.020261565426995944,0.4596038580335326,881,catboost,0.47360941887483343,False,,
digits,xgboost,gbdt,context_budget,0.4,4162360660,train_only,True,low,True,ok,,0.9296296296296296,0.9964249295465681,0.23260369052743848,0.1010184992663982,0.01656654983470734,0.4545743100388823,753,catboost,0.47360941887483343,False,,
digits,catboost,gbdt,covariate_shift,0.0,2345906893,test_only,True,low,True,ok,,0.9703703703703703,0.9993608811733358,0.11042372952998786,0.04795641640605088,0.036677600847871715,0.47360941887483343,1257,catboost,0.47360941887483343,False,,
digits,catboost,gbdt,covariate_shift,0.05,2537024580,test_only,True,low,True,ok,,0.9537037037037037,0.998819182423339,0.16719938412749016,0.07261376990419112,0.047326134261440854,0.4613929115801787,1257,catboost,0.47360941887483343,False,,
digits,catboost,gbdt,covariate_shift,0.1,172709760,test_only,True,low,True,ok,,0.9314814814814815,0.998422630918712,0.22222013718665456,0.09650897934794768,0.0649778801426194,0.4472218732108632,1257,catboost,0.47360941887483343,False,,
digits,catboost,gbdt,covariate_shift,0.2,1537079493,test_only,True,low,True,ok,,0.837037037037037,0.992685228481168,0.5345281026198675,0.23214260539002357,0.09018755820465738,0.3853150922660258,1257,catboost,0.47360941887483343,True,utility_gap,
digits,catboost,gbdt,covariate_shift,0.3,2679126790,test_only,True,low,True,ok,,0.7407407407407407,0.9817378590351341,0.8712408356398255,0.37837508732715414,0.14225915192993946,0.3127550051892739,1257,catboost,0.47360941887483343,True,utility_gap;ece,
digits,catboost,gbdt,covariate_shift,0.4,3038548361,test_only,True,low,True,ok,,0.5148148148148148,0.9548615610138018,1.337246309988426,0.5807586933734586,0.10453695095219995,0.21628877037457528,1257,catboost,0.47360941887483343,True,utility_gap;ece,
digits,hist_gbdt,gbdt,covariate_shift,0.0,2345906893,test_only,True,low,True,ok,,0.9481481481481482,0.9987637785112327,0.15778214383947106,0.06852391441234744,0.029424295835779702,0.4653475112102935,1257,catboost,0.47360941887483343,False,,
digits,hist_gbdt,gbdt,covariate_shift,0.05,2537024580,test_only,True,low,True,ok,,0.9407407407407408,0.9981649240918484,0.19074131550191326,0.0828379007934481,0.026306106938400978,0.46035624291754346,1257,catboost,0.47360941887483343,False,,
digits,hist_gbdt,gbdt,covariate_shift,0.1,172709760,test_only,True,low,True,ok,,0.9203703703703704,0.9967486526692232,0.26367074296209475,0.11451074870776841,0.02602760570807432,0.4473588382358382,1257,catboost,0.47360941887483343,False,,
digits,hist_gbdt,gbdt,covariate_shift,0.2,1537079493,test_only,True,low,True,ok,,0.7537037037037037,0.9787047310333008,0.7804548297959236,0.33894722595511123,0.07036208813688845,0.3398456260032997,1257,catboost,0.47360941887483343,True,utility_gap,
digits,hist_gbdt,gbdt,covariate_shift,0.3,2679126790,test_only,True,low,True,ok,,0.4759259259259259,0.9368924858517491,1.887926089308125,0.8199158828277044,0.2706287786192604,0.09920073836483767,1257,catboost,0.47360941887483343,True,utility_gap;ece;nll,
digits,hist_gbdt,gbdt,covariate_shift,0.4,3038548361,test_only,True,low,True,ok,,0.4444444444444444,0.9051163531471861,2.0551900698296075,0.8925577065893573,0.2367885145122317,0.06833237538892822,1257,catboost,0.47360941887483343,True,utility_gap;ece;nll,
digits,logreg,linear,covariate_shift,0.0,2345906893,test_only,True,low,True,ok,,0.9574074074074074,0.9984378315986124,0.1445670737655416,0.06278468240127506,0.02031009660842794,0.47016692812855726,1257,catboost,0.47360941887483343,False,,
digits,logreg,linear,covariate_shift,0.05,2537024580,test_only,True,low,True,ok,,0.95,0.998341623352634,0.15461474478746443,0.06714833048207536,0.012865374174699379,0.46920199419385933,1257,catboost,0.47360941887483343,False,,
digits,logreg,linear,covariate_shift,0.1,172709760,test_only,True,low,True,ok,,0.9425925925925925,0.9982333491392463,0.17219135417329776,0.07478175494891168,0.015087892010399263,0.46531845620087176,1257,catboost,0.47360941887483343,False,,
digits,logreg,linear,covariate_shift,0.2,1537079493,test_only,True,low,True,ok,,0.9333333333333333,0.997711458485073,0.23174496420711582,0.10064555916401699,0.02221400618378819,0.4545625414838128,1257,catboost,0.47360941887483343,False,,
digits,logreg,linear,covariate_shift,0.3,2679126790,test_only,True,low,True,ok,,0.912962962962963,0.9966761298047453,0.3303862909505702,0.1434849430563149,0.024993389327276863,0.4377369290937554,1257,catboost,0.47360941887483343,True,utility_gap,
digits,logreg,linear,covariate_shift,0.4,3038548361,test_only,True,low,True,ok,,0.8722222222222222,0.9950139441871004,0.4826472429991231,0.20961103434033704,0.04770448925581071,0.40666400564555527,1257,catboost,0.47360941887483343,True,utility_gap,
digits,tabicl,icl,covariate_shift,0.0,2345906893,test_only,True,low,True,ok,,0.9851851851851852,0.9998281595676094,0.0379895697377938,0.016498660507002612,0.009623080797841514,0.490843419314772,1000,catboost,0.47360941887483343,False,,
digits,tabicl,icl,covariate_shift,0.05,2537024580,test_only,True,low,True,ok,,0.9796296296296296,0.9997550599552353,0.10866031623031824,0.047190575740689564,0.05675828298077706,0.4713498861104145,1000,catboost,0.47360941887483343,False,,
digits,tabicl,icl,covariate_shift,0.1,172709760,test_only,True,low,True,ok,,0.9777777777777777,0.9995340948955608,0.11801368254623891,0.05125269111891365,0.054561041292288746,0.4702155842859811,1000,catboost,0.47360941887483343,False,,
digits,tabicl,icl,covariate_shift,0.2,1537079493,test_only,True,low,True,ok,,0.9666666666666667,0.9994970027069829,0.21585422213043237,0.09374429756676556,0.11880135118938313,0.44294039143953773,1000,catboost,0.47360941887483343,True,utility_gap;ece,
digits,tabicl,icl,covariate_shift,0.3,2679126790,test_only,True,low,True,ok,,0.9574074074074074,0.9990365918988113,0.4448352389169329,0.1931894896177386,0.2670802173571407,0.38190102791894526,1000,catboost,0.47360941887483343,True,utility_gap;ece,
digits,tabicl,icl,covariate_shift,0.4,3038548361,test_only,True,low,True,ok,,0.9296296296296296,0.9961377905092961,0.7085571163799292,0.30772244575708346,0.38052383317387695,0.31967117076079765,1000,catboost,0.47360941887483343,True,utility_gap;ece,
digits,tabpfn_client,icl,covariate_shift,0.0,2345906893,test_only,True,low,True,ok,,0.9814814814814815,0.9998439696512517,0.05074044660900305,0.02203629597159659,0.010321721605669775,0.4884923784875474,1000,catboost,0.47360941887483343,False,,
digits,tabpfn_client,icl,covariate_shift,0.05,2537024580,test_only,True,low,True,ok,,0.9703703703703703,0.9987541710752842,0.4373702454852083,0.18994748416289658,0.29674633014493873,0.3787860041540483,1000,catboost,0.47360941887483343,True,utility_gap;ece,
digits,tabpfn_client,icl,covariate_shift,0.1,172709760,test_only,True,low,True,ok,,0.9462962962962963,0.9970028920827408,0.5514357518940989,0.23948550417177777,0.33401968429061474,0.35224586856374746,1000,catboost,0.47360941887483343,True,utility_gap;ece,
digits,tabpfn_client,icl,covariate_shift,0.2,1537079493,test_only,True,low,True,ok,,0.9425925925925925,0.9984815761756665,0.4859656202372938,0.21105218726374791,0.28379386664889433,0.3707830110414688,1000,catboost,0.47360941887483343,True,utility_gap;ece,
digits,tabpfn_client,icl,covariate_shift,0.3,2679126790,test_only,True,low,True,ok,,0.9074074074074074,0.9963653007636971,0.6829139332826548,0.29658575283950245,0.3468103887822762,0.32650116277009905,1000,catboost,0.47360941887483343,True,utility_gap;ece,
digits,tabpfn_client,icl,covariate_shift,0.4,3038548361,test_only,True,low,True,ok,,0.8037037037037037,0.9908251759350417,0.93482976474023,0.40599140834559694,0.3246576645090575,0.2806154117273295,1000,catboost,0.47360941887483343,True,utility_gap;ece,
digits,xgboost,gbdt,covariate_shift,0.0,2345906893,test_only,True,low,True,ok,,0.9518518518518518,0.9982775950057464,0.17371101874776132,0.07544173688794506,0.016630225177676202,0.46621636992787024,1257,catboost,0.47360941887483343,False,,
digits,xgboost,gbdt,covariate_shift,0.05,2537024580,test_only,True,low,True,ok,,0.9518518518518518,0.9982775950057464,0.17371101874776132,0.07544173688794506,0.016630225177676202,0.46621636992787024,1257,catboost,0.47360941887483343,False,,
digits,xgboost,gbdt,covariate_shift,0.1,172709760,test_only,True,low,True,ok,,0.9166666666666666,0.9955467450398041,0.3120642553901398,0.13552778411518482,0.04055727142154248,0.43717157124506745,1257,catboost,0.47360941887483343,True,utility_gap,
digits,xgboost,gbdt,covariate_shift,0.2,1537079493,test_only,True,low,True,ok,,0.8555555555555555,0.9902953801748182,0.5326482802507222,0.23132620890814545,0.10095582908836465,0.38534768790440316,1257,catboost,0.47360941887483343,True,utility_gap;ece,
digits,xgboost,gbdt,covariate_shift,0.3,2679126790,test_only,True,low,True,ok,,0.6111111111111112,0.9618931180303267,1.1860720362719865,0.5151045404926773,0.06396800428838285,0.2610042949718012,1257,catboost,0.47360941887483343,True,utility_gap,
digits,xgboost,gbdt,covariate_shift,0.4,3038548361,test_only,True,low,True,ok,,0.4759259259259259,0.9319214784379357,1.5241991629255318,0.6619512857801139,0.10187095755959084,0.17860182909621405,1257,catboost,0.47360941887483343,True,utility_gap;ece,
digits,catboost,gbdt,label_noise,0.0,1356935294,train_only,True,low,True,ok,,0.9703703703703703,0.9993608811733358,0.11042372952998786,0.04795641640605088,0.036677600847871715,0.47360941887483343,1257,catboost,0.47360941887483343,False,,
digits,catboost,gbdt,label_noise,0.05,2844625125,train_only,True,low,True,ok,,0.9444444444444444,0.9986939207890007,0.17205153603236656,0.07472103270183529,0.05047374259579565,0.45869848061310714,1257,catboost,0.47360941887483343,False,,
digits,catboost,gbdt,label_noise,0.1,1669593088,train_only,True,low,True,ok,,0.9592592592592593,0.9985007994182473,0.19939434320689964,0.08659586297747965,0.08281781802051151,0.4508218461879292,1257,catboost,0.47360941887483343,False,,
digits,catboost,gbdt,label_noise,0.2,3290613926,train_only,True,low,True,ok,,0.9481481481481482,0.9965276719344942,0.3237622643098633,0.14060816483827576,0.15641951631151868,0.4175405546855087,1257,catboost,0.47360941887483343,True,utility_gap;ece,
digits,catboost,gbdt,label_noise,0.3,2576080005,train_only,True,low,True,ok,,0.9018518518518519,0.9946731452555003,0.4726326464598373,0.20526175032483782,0.19252058925459423,0.3833307356688327,1257,catboost,0.47360941887483343,True,utility_gap;ece,
digits,catboost,gbdt,label_noise,0.4,784181053,train_only,True,low,True,ok,,0.8388888888888889,0.9852962239691744,0.6851322455794283,0.2975491536291293,0.2242540517100659,0.33657145529179233,1257,catboost,0.47360941887483343,True,utility_gap;ece,
digits,hist_gbdt,gbdt,label_noise,0.0,1356935294,train_only,True,low,True,ok,,0.9481481481481482,0.9987637785112327,0.15778214383947106,0.06852391441234744,0.029424295835779702,0.4653475112102935,1257,catboost,0.47360941887483343,False,,
digits,hist_gbdt,gbdt,label_noise,0.05,2844625125,train_only,True,low,True,ok,,0.9462962962962963,0.9989666912539491,0.15253886187619697,0.06624678598863465,0.03488325293171453,0.4647321000003933,1257,catboost,0.47360941887483343,False,,
digits,hist_gbdt,gbdt,label_noise,0.1,1669593088,train_only,True,low,True,ok,,0.9537037037037037,0.9981003971746853,0.170810413548707,0.07418202005581588,0.01995288022280554,0.4661455125053895,1257,catboost,0.47360941887483343,False,,
digits,hist_gbdt,gbdt,label_noise,0.2,3290613926,train_only,True,low,True,ok,,0.9462962962962963,0.998402315221899,0.1666121882515814,0.07235875397548759,0.016296143515760496,0.46641839987631073,1257,catboost,0.47360941887483343,False,,
digits,hist_gbdt,gbdt,label_noise,0.3,2576080005,train_only,True,low,True,ok,,0.8740740740740741,0.9923512167146121,0.3719454602450129,0.1615338609533744,0.04475264826286928,0.42102334902263916,1257,catboost,0.47360941887483343,True,utility_gap,
digits,hist_gbdt,gbdt,label_noise,0.4,784181053,train_only,True,low,True,ok,,0.8333333333333334,0.9843968052678262,0.5101170891056667,0.22154103692314042,0.02561664249340262,0.3979532422681165,1257,catboost,0.47360941887483343,True,utility_gap,
digits,logreg,linear,label_noise,0.0,1356935294,train_only,True,low,True,ok,,0.9574074074074074,0.9984378315986124,0.1445670737655416,0.06278468240127506,0.02031009660842794,0.47016692812855726,1257,catboost,0.47360941887483343,False,,
digits,logreg,linear,label_noise,0.05,2844625125,train_only,True,low,True,ok,,0.9018518518518519,0.9917959532456635,0.31803535352824197,0.13812099908746536,0.05575829318736322,0.42981840305004776,1257,catboost,0.47360941887483343,True,utility_gap,
digits,logreg,linear,label_noise,0.1,1669593088,train_only,True,low,True,ok,,0.8944444444444445,0.9908072514442182,0.38466000559758573,0.16705571783990542,0.10110597487359893,0.41061129434545157,1257,catboost,0.47360941887483343,True,utility_gap;ece,
digits,logreg,linear,label_noise,0.2,3290613926,train_only,True,low,True,ok,,0.8777777777777778,0.9862248773960441,0.5611662316885941,0.24371139785279813,0.19158862881838115,0.36541422863576645,1257,catboost,0.47360941887483343,True,utility_gap;ece,
digits,logreg,linear,label_noise,0.3,2576080005,train_only,True,low,True,ok,,0.85,0.9798369952338133,0.7256720538817893,0.3151553686722603,0.25530878183360217,0.3248345813634361,1257,catboost,0.47360941887483343,True,utility_gap;ece,
digits,logreg,linear,label_noise,0.4,784181053,train_only,True,low,True,ok,,0.8185185185185185,0.9650537732448912,0.9857281492856196,0.4280962958914494,0.3294146288188761,0.2662347838822796,1257,catboost,0.47360941887483343,True,utility_gap;ece,
digits,tabicl,icl,label_noise,0.0,1356935294,train_only,True,low,True,ok,,0.9851851851851852,0.9998281595676094,0.0379895697377938,0.016498660507002612,0.009623080797841514,0.490843419314772,1000,catboost,0.47360941887483343,False,,
digits,tabicl,icl,label_noise,0.05,2844625125,train_only,True,low,True,ok,,0.9851851851851852,0.9998052899949567,0.08699049228738993,0.03777949077846083,0.044842424305092006,0.4774072971814559,999,catboost,0.47360941887483343,False,,
digits,tabicl,icl,label_noise,0.1,1669593088,train_only,True,low,True,ok,,0.9777777777777777,0.9996263972776671,0.12403925586623696,0.05386956436209227,0.07156982272438721,0.466061071860345,1000,catboost,0.47360941887483343,False,,
digits,tabicl,icl,label_noise,0.2,3290613926,train_only,True,low,True,ok,,0.9814814814814815,0.9992966841181141,0.23614069732704907,0.10255460180192337,0.16184951021016472,0.43383977908095217,1001,catboost,0.47360941887483343,True,utility_gap;ece,
digits,tabicl,icl,label_noise,0.3,2576080005,train_only,True,low,True,ok,,0.9796296296296296,0.9994409426878981,0.3469050510453224,0.1506589494133494,0.2488146824359631,0.4017881530740113,999,catboost,0.47360941887483343,True,utility_gap;ece,
digits,tabicl,icl,label_noise,0.4,784181053,train_only,True,low,True,ok,,0.9648148148148148,0.9972809786399421,0.5651081869897875,0.2454233672880157,0.36090404243171825,0.34796274607345357,999,catboost,0.47360941887483343,True,utility_gap;ece,
digits,tabpfn_client,icl,label_noise,0.0,1356935294,train_only,True,low,True,ok,,0.9814814814814815,0.9998439696512517,0.05074044660900305,0.02203629597159659,0.010321721605669775,0.4884923784875474,1000,catboost,0.47360941887483343,False,,
digits,tabpfn_client,icl,label_noise,0.05,2844625125,train_only,True,low,True,ok,,0.9888888888888889,0.9998023775484773,0.0844464027338429,0.03667460672388765,0.050552935390630535,0.47715119638000797,999,catboost,0.47360941887483343,False,,
digits,tabpfn_client,icl,label_noise,0.1,1669593088,train_only,True,low,True,ok,,0.9796296296296296,0.9995030453505974,0.15383466040406973,0.06680954413894814,0.08897690415264943,0.4589322662449392,1000,catboost,0.47360941887483343,False,,
digits,tabpfn_client,icl,label_noise,0.2,3290613926,train_only,True,low,True,ok,,0.9814814814814815,0.9993853357353959,0.2516364516156581,0.10928432238239492,0.18103560351507067,0.4280146723118781,1001,catboost,0.47360941887483343,True,utility_gap;ece,
digits,tabpfn_client,icl,label_noise,0.3,2576080005,train_only,True,low,True,ok,,0.9666666666666667,0.9983713630618627,0.39172272662398794,0.17012301860889398,0.26466894203924596,0.39045928308113453,999,catboost,0.47360941887483343,True,utility_gap;ece,
digits,tabpfn_client,icl,label_noise,0.4,784181053,train_only,True,low,True,ok,,0.9574074074074074,0.995652759941609,0.5732202830930397,0.24894640586232702,0.3551904335395278,0.3463675686240706,999,catboost,0.47360941887483343,True,utility_gap;ece,
digits,xgboost,gbdt,label_noise,0.0,1356935294,train_only,True,low,True,ok,,0.9518518518518518,0.9982775950057464,0.17371101874776132,0.07544173688794506,0.016630225177676202,0.46621636992787024,1257,catboost,0.47360941887483343,False,,
digits,xgboost,gbdt,label_noise,0.05,2844625125,train_only,True,low,True,ok,,0.95,0.997897166466913,0.18192685310364015,0.0790098284129344,0.02286868731264131,0.4634873222770109,1257,catboost,0.47360941887483343,False,,
digits,xgboost,gbdt,label_noise,0.1,1669593088,train_only,True,low,True,ok,,0.9407407407407408,0.9974040897795445,0.19783123523449106,0.08591701381044363,0.03240164432397076,0.4579471095260244,1257,catboost,0.47360941887483343,False,,
digits,xgboost,gbdt,label_noise,0.2,3290613926,train_only,True,low,True,ok,,0.924074074074074,0.9969881290497179,0.2514005076028392,0.10918185319958958,0.042251614871387635,0.446352077344358,1257,catboost,0.47360941887483343,False,,
digits,xgboost,gbdt,label_noise,0.3,2576080005,train_only,True,low,True,ok,,0.8555555555555555,0.9900299426486494,0.42661659322199297,0.18527723232467574,0.04951551359575752,0.4093575408438064,1257,catboost,0.47360941887483343,True,utility_gap,
digits,xgboost,gbdt,label_noise,0.4,784181053,train_only,True,low,True,ok,,0.8018518518518518,0.9785508555275293,0.6248068219889314,0.27135015504530025,0.05435240571652143,0.37049504955551865,1257,catboost,0.47360941887483343,True,utility_gap,
digits,catboost,gbdt,missingness_shift,0.0,779257863,test_only,True,low,True,ok,,0.9703703703703703,0.9993608811733358,0.11042372952998786,0.04795641640605088,0.036677600847871715,0.47360941887483343,1257,catboost,0.47360941887483343,False,,
digits,catboost,gbdt,missingness_shift,0.05,992767069,test_only,True,low,True,ok,,0.9518518518518518,0.9987874400381292,0.15092572296999368,0.06554620866312712,0.027766315223706636,0.4671362561474435,1257,catboost,0.47360941887483343,False,,
digits,catboost,gbdt,missingness_shift,0.1,34193518,test_only,True,low,True,ok,,0.9462962962962963,0.9982422939538331,0.18708053061140198,0.08124804211606426,0.04859008533085053,0.4572368176272966,1257,catboost,0.47360941887483343,False,,
digits,catboost,gbdt,missingness_shift,0.2,97199836,test_only,True,low,True,ok,,0.8611111111111112,0.9925335810814089,0.3875019333437964,0.16828995137805247,0.03324579981063498,0.41941727466961704,1257,catboost,0.47360941887483343,True,utility_gap,
digits,catboost,gbdt,missingness_shift,0.3,1392812094,test_only,True,low,True,ok,,0.762962962962963,0.9839749637469979,0.6264852645564782,0.27207909339057734,0.05202705801704074,0.3668065421353123,1257,catboost,0.47360941887483343,True,utility_gap,
digits,catboost,gbdt,missingness_shift,0.4,2056065210,test_only,True,low,True,ok,,0.674074074074074,0.9709005356843349,0.9141444828303132,0.39700790455550694,0.11103946555545108,0.29961603412288595,1257,catboost,0.47360941887483343,True,utility_gap;ece,
digits,hist_gbdt,gbdt,missingness_shift,0.0,779257863,test_only,True,low,True,ok,,0.9481481481481482,0.9987637785112327,0.15778214383947106,0.06852391441234744,0.029424295835779702,0.4653475112102935,1257,catboost,0.47360941887483343,False,,
digits,hist_gbdt,gbdt,missingness_shift,0.05,992767069,test_only,True,low,True,ok,,0.9222222222222223,0.9966122058976833,0.2625403360835395,0.11401981923810639,0.04419572765545535,0.44410251409499946,1257,catboost,0.47360941887483343,False,,
digits,hist_gbdt,gbdt,missingness_shift,0.1,34193518,test_only,True,low,True,ok,,0.9185185185185185,0.9956732986561916,0.28907774557992094,0.1255448697463918,0.03600384683347847,0.4413992020168316,1257,catboost,0.47360941887483343,True,utility_gap,
digits,hist_gbdt,gbdt,missingness_shift,0.2,97199836,test_only,True,low,True,ok,,0.8185185185185185,0.9827858089431759,0.6714736287175344,0.29161729169557804,0.09779508832012057,0.3597086057351918,1257,catboost,0.47360941887483343,True,utility_gap,
digits,hist_gbdt,gbdt,missingness_shift,0.3,1392812094,test_only,True,low,True,ok,,0.7685185185185185,0.9735603028845918,0.8753751649841157,0.3801706037477501,0.13257156025086675,0.31545839061288655,1257,catboost,0.47360941887483343,True,utility_gap;ece,
digits,hist_gbdt,gbdt,missingness_shift,0.4,2056065210,test_only,True,low,True,ok,,0.6481481481481481,0.9433574573473174,1.4053056048101114,0.6103164695567432,0.21982013288390903,0.20033836484997847,1257,catboost,0.47360941887483343,True,utility_gap;ece,
digits,logreg,linear,missingness_shift,0.0,779257863,test_only,True,low,True,ok,,0.9574074074074074,0.9984378315986124,0.1445670737655416,0.06278468240127506,0.02031009660842794,0.47016692812855726,1257,catboost,0.47360941887483343,False,,
digits,logreg,linear,missingness_shift,0.05,992767069,test_only,True,low,True,ok,,0.9444444444444444,0.9975698133618689,0.18052547676205163,0.07840121840071274,0.023328293916528905,0.4626300770398012,1257,catboost,0.47360941887483343,False,,
digits,logreg,linear,missingness_shift,0.1,34193518,test_only,True,low,True,ok,,0.9407407407407408,0.9970982315182345,0.19426962831152264,0.08437022757709002,0.03643179832214119,0.4574980642049379,1257,catboost,0.47360941887483343,False,,
digits,logreg,linear,missingness_shift,0.2,97199836,test_only,True,low,True,ok,,0.8777777777777778,0.9921273661256492,0.34967334514900017,0.15186120426686198,0.027970112910568605,0.42775886094847154,1257,catboost,0.47360941887483343,True,utility_gap,
digits,logreg,linear,missingness_shift,0.3,1392812094,test_only,True,low,True,ok,,0.8574074074074074,0.9873253670441896,0.4471806616245945,0.19420809375740664,0.03780774556944828,0.4083510123354658,1257,catboost,0.47360941887483343,True,utility_gap,
digits,logreg,linear,missingness_shift,0.4,2056065210,test_only,True,low,True,ok,,0.7925925925925926,0.9808758470456299,0.6039204306702084,0.26227931054870685,0.04074133952682119,0.3753633742848831,1257,catboost,0.47360941887483343,True,utility_gap,
digits,tabicl,icl,missingness_shift,0.0,779257863,test_only,True,low,True,ok,,0.9851851851851852,0.9998281595676094,0.0379895697377938,0.016498660507002612,0.009623080797841514,0.490843419314772,1000,catboost,0.47360941887483343,False,,
digits,tabicl,icl,missingness_shift,0.05,992767069,test_only,True,low,True,ok,,0.9777777777777777,0.9997319657298533,0.05237214287159024,0.022744932654580365,0.010747295990474472,0.4875999156776463,1000,catboost,0.47360941887483343,False,,
digits,tabicl,icl,missingness_shift,0.1,34193518,test_only,True,low,True,ok,,0.987037037037037,0.9997620383833528,0.05026820186437396,0.021831202684896363,0.013257103092646081,0.48877148756573086,1000,catboost,0.47360941887483343,False,,
digits,tabicl,icl,missingness_shift,0.2,97199836,test_only,True,low,True,ok,,0.95,0.9981808642100963,0.15020976368022407,0.0652352714943128,0.021879829599134717,0.467916755105413,1000,catboost,0.47360941887483343,False,,
digits,tabicl,icl,missingness_shift,0.3,1392812094,test_only,True,low,True,ok,,0.8944444444444445,0.9955223622927433,0.31553148657526736,0.1370335834863686,0.04044155215160985,0.4334011079928942,1000,catboost,0.47360941887483343,True,utility_gap,
digits,tabicl,icl,missingness_shift,0.4,2056065210,test_only,True,low,True,ok,,0.8222222222222222,0.9911110959201735,0.4873813738151404,0.2116670412303415,0.05397450383492952,0.3959272037693056,1000,catboost,0.47360941887483343,True,utility_gap,
digits,tabpfn_client,icl,missingness_shift,0.0,779257863,test_only,True,low,True,ok,,0.9814814814814815,0.9998439696512517,0.05074044660900305,0.02203629597159659,0.010321721605669775,0.4884923784875474,1000,catboost,0.47360941887483343,False,,
digits,tabpfn_client,icl,missingness_shift,0.05,992767069,test_only,True,low,True,ok,,0.9833333333333333,0.9997591526356118,0.05435490848129897,0.023606036817784403,0.010371488777920587,0.48825959462154467,1000,catboost,0.47360941887483343,False,,
digits,tabpfn_client,icl,missingness_shift,0.1,34193518,test_only,True,low,True,ok,,0.9722222222222222,0.9992872620936746,0.09608021103625251,0.04172710547314438,0.020271485271735796,0.4790114463698289,1000,catboost,0.47360941887483343,False,,
digits,tabpfn_client,icl,missingness_shift,0.2,97199836,test_only,True,low,True,ok,,0.9296296296296296,0.9976267217379554,0.2307142398610129,0.10019792126814116,0.039765662497836696,0.45060128817271905,1000,catboost,0.47360941887483343,False,,
digits,tabpfn_client,icl,missingness_shift,0.3,1392812094,test_only,True,low,True,ok,,0.8462962962962963,0.9930157083454711,0.429404926422673,0.18648819004743872,0.03116064351050503,0.4123213566490267,1000,catboost,0.47360941887483343,True,utility_gap,
digits,tabpfn_client,icl,missingness_shift,0.4,2056065210,test_only,True,low,True,ok,,0.7685185185185185,0.9823887910654416,0.733551340926233,0.318577299556994,0.06844645535416426,0.3498513737127513,1000,catboost,0.47360941887483343,True,utility_gap,
digits,xgboost,gbdt,missingness_shift,0.0,779257863,test_only,True,low,True,ok,,0.9518518518518518,0.9982775950057464,0.17371101874776132,0.07544173688794506,0.016630225177676202,0.46621636992787024,1257,catboost,0.47360941887483343,False,,
digits,xgboost,gbdt,missingness_shift,0.05,992767069,test_only,True,low,True,ok,,0.924074074074074,0.9955438590545859,0.270035703937549,0.11727501613693773,0.03220437652955491,0.4454280816332239,1257,catboost,0.47360941887483343,False,,
digits,xgboost,gbdt,missingness_shift,0.1,34193518,test_only,True,low,True,ok,,0.8925925925925926,0.9936985663633828,0.32885721561918163,0.14282087407747845,0.020747160265607193,0.4346876928397078,1257,catboost,0.47360941887483343,True,utility_gap,
digits,xgboost,gbdt,missingness_shift,0.2,97199836,test_only,True,low,True,ok,,0.7925925925925926,0.9773642925324854,0.6413308195151799,0.27852643598993293,0.07540196641679395,0.36232806719492006,1257,catboost,0.47360941887483343,True,utility_gap,
digits,xgboost,gbdt,missingness_shift,0.3,1392812094,test_only,True,low,True,ok,,0.7314814814814815,0.9672131489408727,0.8111392433968565,0.35227329746243347,0.08149323041959705,0.3262661890288783,1257,catboost,0.47360941887483343,True,utility_gap,
digits,xgboost,gbdt,missingness_shift,0.4,2056065210,test_only,True,low,True,ok,,0.6277777777777778,0.9409458317421535,1.1306534736455476,0.491036564549005,0.12136544879558006,0.25191364865260285,1257,catboost,0.47360941887483343,True,utility_gap;ece,
digits,catboost,gbdt,rare_category_shift,0.0,4167313313,test_only,True,low,False,skipped,shift not applicable: dataset has no categorical features,,,,,,,0,catboost,0.47360941887483343,True,undefined,
digits,catboost,gbdt,rare_category_shift,0.05,4240048305,test_only,True,low,False,skipped,shift not applicable: dataset has no categorical features,,,,,,,0,catboost,0.47360941887483343,True,undefined,
digits,catboost,gbdt,rare_category_shift,0.1,2049642555,test_only,True,low,False,skipped,shift not applicable: dataset has no categorical features,,,,,,,0,catboost,0.47360941887483343,True,undefined,
digits,catboost,gbdt,rare_category_shift,0.2,588922382,test_only,True,low,False,skipped,shift not applicable: dataset has no categorical features,,,,,,,0,catboost,0.47360941887483343,True,undefined,
digits,catboost,gbdt,rare_category_shift,0.3,2823521371,test_only,True,low,False,skipped,shift not applicable: dataset has no categorical features,,,,,,,0,catboost,0.47360941887483343,True,undefined,
digits,catboost,gbdt,rare_category_shift,0.4,3666438925,test_only,True,low,False,skipped,shift not applicable: dataset has no categorical features,,,,,,,0,catboost,0.47360941887483343,True,undefined,
digits,hist_gbdt,gbdt,rare_category_shift,0.0,4167313313,test_only,True,low,False,skipped,shift not applicable: dataset has no categorical features,,,,,,,0,catboost,0.47360941887483343,True,undefined,
digits,hist_gbdt,gbdt,rare_category_shift,0.05,4240048305,test_only,True,low,False,skipped,shift not applicable: dataset has no categorical features,,,,,,,0,catboost,0.47360941887483343,True,undefined,
digits,hist_gbdt,gbdt,rare_category_shift,0.1,2049642555,test_only,True,low,False,skipped,shift not applicable: dataset has no categorical features,,,,,,,0,catboost,0.47360941887483343,True,undefined,
digits,hist_gbdt,gbdt,rare_category_shift,0.2,588922382,test_only,True,low,False,skipped,shift not applicable: dataset has no categorical features,,,,,,,0,catboost,0.47360941887483343,True,undefined,
digits,hist_gbdt,gbdt,rare_category_shift,0.3,2823521371,test_only,True,low,False,skipped,shift not applicable: dataset has no categorical features,,,,,,,0,catboost,0.47360941887483343,True,undefined,
digits,hist_gbdt,gbdt,rare_category_shift,0.4,3666438925,test_only,True,low,False,skipped,shift not applicable: dataset has no categorical features,,,,,,,0,catboost,0.47360941887483343,True,undefined,
digits,logreg,linear,rare_category_shift,0.0,4167313313,test_only,True,low,False,skipped,shift not applicable: dataset has no categorical features,,,,,,,0,catboost,0.47360941887483343,True,undefined,
digits,logreg,linear,rare_category_shift,0.05,4240048305,test_only,True,low,False,skipped,shift not applicable: dataset has no categorical features,,,,,,,0,catboost,0.47360941887483343,True,undefined,
digits,logreg,linear,rare_category_shift,0.1,2049642555,test_only,True,low,False,skipped,shift not applicable: dataset has no categorical features,,,,,,,0,catboost,0.47360941887483343,True,undefined,
digits,logreg,linear,rare_category_shift,0.2,588922382,test_only,True,low,False,skipped,shift not applicable: dataset has no categorical features,,,,,,,0,catboost,0.47360941887483343,True,undefined,
digits,logreg,linear,rare_category_shift,0.3,2823521371,test_only,True,low,False,skipped,shift not applicable: dataset has no categorical features,,,,,,,0,catboost,0.47360941887483343,True,undefined,
digits,logreg,linear,rare_category_shift,0.4,3666438925,test_only,True,low,False,skipped,shift not applicable: dataset has no categorical features,,,,,,,0,catboost,0.47360941887483343,True,undefined,
digits,tabicl,icl,rare_category_shift,0.0,4167313313,test_only,True,low,False,skipped,shift not applicable: dataset has no categorical features,,,,,,,0,catboost,0.47360941887483343,True,undefined,
digits,tabicl,icl,rare_category_shift,0.05,4240048305,test_only,True,low,False,skipped,shift not applicable: dataset has no categorical features,,,,,,,0,catboost,0.47360941887483343,True,undefined,
digits,tabicl,icl,rare_category_shift,0.1,2049642555,test_only,True,low,False,skipped,shift not applicable: dataset has no categorical features,,,,,,,0,catboost,0.47360941887483343,True,undefined,
digits,tabicl,icl,rare_category_shift,0.2,588922382,test_only,True,low,False,skipped,shift not applicable: dataset has no categorical features,,,,,,,0,catboost,0.47360941887483343,True,undefined,
digits,tabicl,icl,rare_category_shift,0.3,2823521371,test_only,True,low,False,skipped,shift not applicable: dataset has no categorical features,,,,,,,0,catboost,0.47360941887483343,True,undefined,
digits,tabicl,icl,rare_category_shift,0.4,3666438925,test_only,True,low,False,skipped,shift not applicable: dataset has no categorical features,,,,,,,0,catboost,0.47360941887483343,True,undefined,
digits,tabpfn_client,icl,rare_category_shift,0.0,4167313313,test_only,True,low,False,skipped,shift not applicable: dataset has no categorical features,,,,,,,0,catboost,0.47360941887483343,True,undefined,
digits,tabpfn_client,icl,rare_category_shift,0.05,4240048305,test_only,True,low,False,skipped,shift not applicable: dataset has no categorical features,,,,,,,0,catboost,0.47360941887483343,True,undefined,
digits,tabpfn_client,icl,rare_category_shift,0.1,2049642555,test_only,True,low,False,skipped,shift not applicable: dataset has no categorical features,,,,,,,0,catboost,0.47360941887483343,True,undefined,
digits,tabpfn_client,icl,rare_category_shift,0.2,588922382,test_only,True,low,False,skipped,shift not applicable: dataset has no categorical features,,,,,,,0,catboost,0.47360941887483343,True,undefined,
digits,tabpfn_client,icl,rare_category_shift,0.3,2823521371,test_only,True,low,False,skipped,shift not applicable: dataset has no categorical features,,,,,,,0,catboost,0.47360941887483343,True,undefined,
digits,tabpfn_client,icl,rare_category_shift,0.4,3666438925,test_only,True,low,False,skipped,shift not applicable: dataset has no categorical features,,,,,,,0,catboost,0.47360941887483343,True,undefined,
digits,xgboost,gbdt,rare_category_shift,0.0,4167313313,test_only,True,low,False,skipped,shift not applicable: dataset has no categorical features,,,,,,,0,catboost,0.47360941887483343,True,undefined,
digits,xgboost,gbdt,rare_category_shift,0.05,4240048305,test_only,True,low,False,skipped,shift not applicable: dataset has no categorical features,,,,,,,0,catboost,0.47360941887483343,True,undefined,
digits,xgboost,gbdt,rare_category_shift,0.1,2049642555,test_only,True,low,False,skipped,shift not applicable: dataset has no categorical features,,,,,,,0,catboost,0.47360941887483343,True,undefined,
digits,xgboost,gbdt,rare_category_shift,0.2,588922382,test_only,True,low,False,skipped,shift not applicable: dataset has no categorical features,,,,,,,0,catboost,0.47360941887483343,True,undefined,
digits,xgboost,gbdt,rare_category_shift,0.3,2823521371,test_only,True,low,False,skipped,shift not applicable: dataset has no categorical features,,,,,,,0,catboost,0.47360941887483343,True,undefined,
digits,xgboost,gbdt,rare_category_shift,0.4,3666438925,test_only,True,low,False,skipped,shift not applicable: dataset has no categorical features,,,,,,,0,catboost,0.47360941887483343,True,undefined,
iris,catboost,gbdt,class_imbalance,0.0,1994468775,train_only,True,low,True,ok,,0.9555555555555556,0.9955555555555554,0.14699401796489575,0.13379972123113815,0.04706098713972222,0.44222566398049185,105,catboost,0.44222566398049185,False,,
iris,catboost,gbdt,class_imbalance,0.05,1009461913,train_only,True,low,True,ok,,0.9333333333333333,0.994074074074074,0.2307927706938742,0.21007663310745706,0.06438312024998413,0.41202631194369194,101,catboost,0.44222566398049185,True,utility_gap,
iris,catboost,gbdt,class_imbalance,0.1,3849108576,train_only,True,low,True,ok,,0.9555555555555556,0.9955555555555554,0.1496970529430533,0.13626012969920157,0.04253068680670623,0.442393601506676,97,catboost,0.44222566398049185,False,,
iris,catboost,gbdt,class_imbalance,0.2,3559784660,train_only,True,low,True,ok,,0.9555555555555556,0.9955555555555554,0.185865423758729,0.16918199957881488,0.04713952403388501,0.4315952730973563,91,catboost,0.44222566398049185,False,,
iris,catboost,gbdt,class_imbalance,0.3,1489518250,train_only,True,low,True,ok,,0.9555555555555556,0.9948148148148147,0.16683782282490675,0.15186233082024841,0.04584079534657978,0.436791660203128,85,catboost,0.44222566398049185,False,,
iris,catboost,gbdt,class_imbalance,0.4,2054049653,train_only,True,low,True,ok,,0.9555555555555556,0.9955555555555554,0.171637857361187,0.15623151054433426,0.04771687060548875,0.43536495049337975,77,catboost,0.44222566398049185,False,,
iris,hist_gbdt,gbdt,class_imbalance,0.0,1994468775,train_only,True,low,True,ok,,0.9555555555555556,0.9970370370370372,0.3585283214778947,0.326346542065857,0.04406680404287122,0.385578972867965,105,catboost,0.44222566398049185,True,utility_gap,
iris,hist_gbdt,gbdt,class_imbalance,0.05,1009461913,train_only,True,low,True,ok,,0.9555555555555556,0.9970370370370372,0.3032613827745196,0.276040406522464,0.04319792679662948,0.40084458898023123,101,catboost,0.44222566398049185,True,utility_gap,
iris,hist_gbdt,gbdt,class_imbalance,0.1,3849108576,train_only,True,low,True,ok,,0.9555555555555556,0.9948148148148149,0.32706714633102624,0.29770934633139995,0.043879774790772874,0.393429759660944,97,catboost,0.44222566398049185,True,utility_gap,
iris,hist_gbdt,gbdt,class_imbalance,0.2,3559784660,train_only,True,low,True,ok,,0.9555555555555556,0.9962962962962963,0.323877687067047,0.2948061753975977,0.0435257316078006,0.39489003809619766,91,catboost,0.44222566398049185,True,utility_gap,
iris,hist_gbdt,gbdt,class_imbalance,0.3,1489518250,train_only,True,low,True,ok,,0.9555555555555556,0.9933333333333332,0.3118608980590522,0.2838680226644226,0.04486496730343303,0.3968665997399865,85,catboost,0.44222566398049185,True,utility_gap,
iris,hist_gbdt,gbdt,class_imbalance,0.4,2054049653,train_only,True,low,True,ok,,0.9555555555555556,0.9977777777777778,0.306089670988001,0.2786148253985811,0.0439637568259017,0.40017835657080086,77,catboost,0.44222566398049185,True,utility_gap,
iris,logreg,linear,class_imbalance,0.0,1994468775,train_only,True,low,True,ok,,0.9333333333333333,0.9962962962962963,0.14455370862153893,0.13157845594171078,0.1173281210345474,0.4257645427142809,105,catboost,0.44222566398049185,True,ece,
iris,logreg,linear,class_imbalance,0.05,1009461913,train_only,True,low,True,ok,,0.9333333333333333,0.997037037037037,0.14703204664730077,0.13383433642960013,0.11945534356079214,0.4249215933219245,101,catboost,0.44222566398049185,True,ece,
iris,logreg,linear,class_imbalance,0.1,3849108576,train_only,True,low,True,ok,,0.9333333333333333,0.9962962962962963,0.15162178984019783,0.13801210072391853,0.10426277532760543,0.426447518421007,97,catboost,0.44222566398049185,True,ece,
iris,logreg,linear,class_imbalance,0.2,3559784660,train_only,True,low,True,ok,,0.9333333333333333,0.9955555555555554,0.16503043955593713,0.15021717967128323,0.11120310251438474,0.4211386700401824,91,catboost,0.44222566398049185,True,ece,
iris,logreg,linear,class_imbalance,0.3,1489518250,train_only,True,low,True,ok,,0.9333333333333333,0.9955555555555554,0.16930705221562373,0.1541099202712189,0.13536320559206658,0.41513882724466533,85,catboost,0.44222566398049185,True,ece,
iris,logreg,linear,class_imbalance,0.4,2054049653,train_only,True,low,True,ok,,0.9555555555555556,0.9955555555555554,0.18234785552340768,0.16598017098868886,0.14424688932424282,0.4131343486163226,77,catboost,0.44222566398049185,True,ece,
iris,tabicl,icl,class_imbalance,0.0,1994468775,train_only,True,low,True,ok,,0.9555555555555556,0.9962962962962963,0.1403457987566503,0.1277482513205791,0.04749039135283811,0.4442144833702957,105,catboost,0.44222566398049185,False,,
iris,tabicl,icl,class_imbalance,0.05,1009461913,train_only,True,low,True,ok,,0.9555555555555556,0.997037037037037,0.14634150198922316,0.13320577559408026,0.05080505474693704,0.44217355266868485,101,catboost,0.44222566398049185,False,,
iris,tabicl,icl,class_imbalance,0.1,3849108576,train_only,True,low,True,ok,,0.9555555555555556,0.9962962962962963,0.14549382954666298,0.1324341908855314,0.04757442151715552,0.4427918954679465,97,catboost,0.44222566398049185,False,,
iris,tabicl,icl,class_imbalance,0.2,3559784660,train_only,True,low,True,ok,,0.9555555555555556,0.9955555555555554,0.1511782023356117,0.13760832997680272,0.047770196753170735,0.4409412394341028,91,catboost,0.44222566398049185,False,,
iris,tabicl,icl,class_imbalance,0.3,1489518250,train_only,True,low,True,ok,,0.9555555555555556,0.997037037037037,0.14874772958958335,0.13539601834412027,0.04815794266091365,0.44204590226087753,85,catboost,0.44222566398049185,False,,
iris,tabicl,icl,class_imbalance,0.4,2054049653,train_only,True,low,True,ok,,0.9555555555555556,0.994074074074074,0.1929218862989067,0.17560506858410746,0.043604230055187806,0.4298568926729894,77,catboost,0.44222566398049185,False,,
iris,tabpfn_client,icl,class_imbalance,0.0,1994468775,train_only,True,low,True,ok,,0.9555555555555556,0.9977777777777778,0.11868218422650022,0.10802917958471339,0.04060408133258307,0.4520259854136249,105,catboost,0.44222566398049185,False,,
iris,tabpfn_client,icl,class_imbalance,0.05,1009461913,train_only,True,low,True,ok,,0.9555555555555556,0.9962962962962963,0.13011642313840047,0.11843707236894796,0.03209712209132566,0.4500864909080875,101,catboost,0.44222566398049185,False,,
iris,tabpfn_client,icl,class_imbalance,0.1,3849108576,train_only,True,low,True,ok,,0.9555555555555556,0.9977777777777778,0.11850363139317142,0.10786665379179215,0.03479665475205838,0.4532362284676062,97,catboost,0.44222566398049185,False,,
iris,tabpfn_client,icl,class_imbalance,0.2,3559784660,train_only,True,low,True,ok,,0.9555555555555556,0.9962962962962963,0.1330243116144304,0.12108394652648655,0.03237445948133042,0.44923696118282497,91,catboost,0.44222566398049185,False,,
iris,tabpfn_client,icl,class_imbalance,0.3,1489518250,train_only,True,low,True,ok,,0.9555555555555556,0.9977777777777778,0.12725852095488602,0.11583569769565062,0.03993127892958011,0.44981859046094436,85,catboost,0.44222566398049185,False,,
iris,tabpfn_client,icl,class_imbalance,0.4,2054049653,train_only,True,low,True,ok,,0.9555555555555556,0.9962962962962963,0.16825266643249662,0.15315017697141894,0.03396576792553004,0.4392988303605054,77,catboost,0.44222566398049185,False,,
iris,xgboost,gbdt,class_imbalance,0.0,1994468775,train_only,True,low,True,ok,,0.9555555555555556,0.9755555555555556,0.2298846503167124,0.20925002631766523,0.039830591419139874,0.4140366515986502,105,catboost,0.44222566398049185,False,,
iris,xgboost,gbdt,class_imbalance,0.05,1009461913,train_only,True,low,True,ok,,0.9555555555555556,0.9762962962962963,0.22982675779644998,0.2091973302747941,0.04067573661538032,0.41414269063152276,101,catboost,0.44222566398049185,False,,
iris,xgboost,gbdt,class_imbalance,0.1,3849108576,train_only,True,low,True,ok,,0.9555555555555556,0.9822222222222222,0.21754881665790013,0.19802146662827064,0.043280381659123526,0.4190485947908052,97,catboost,0.44222566398049185,False,,
iris,xgboost,gbdt,class_imbalance,0.2,3559784660,train_only,True,low,True,ok,,0.9555555555555556,0.9562962962962963,0.2758599880482192,0.2510985821782996,0.041137386135005484,0.39447998515654603,91,catboost,0.44222566398049185,True,utility_gap,
iris,xgboost,gbdt,class_imbalance,0.3,1489518250,train_only,True,low,True,ok,,0.9555555555555556,0.9792592592592593,0.2298405233438727,0.20920986021603424,0.04155047876776302,0.41500102025571123,85,catboost,0.44222566398049185,False,,
iris,xgboost,gbdt,class_imbalance,0.4,2054049653,train_only,True,low,True,ok,,0.9555555555555556,0.9948148148148149,0.21600573380173585,0.19661689208265454,0.04023836641214599,0.42448577761129297,77,catboost,0.44222566398049185,False,,
iris,catboost,gbdt,context_budget,0.0,2123098162,train_only,True,low,True,ok,,0.9555555555555556,0.9955555555555554,0.14699401796489575,0.13379972123113815,0.04706098713972222,0.44222566398049185,105,catboost,0.44222566398049185,False,,
iris,catboost,gbdt,context_budget,0.05,633052829,train_only,True,low,True,ok,,0.9555555555555556,0.9955555555555554,0.18013863602783392,0.1639692527435889,0.053374631735267936,0.4319120756076475,99,catboost,0.44222566398049185,False,,
iris,catboost,gbdt,context_budget,0.1,3982143071,train_only,True,low,True,ok,,0.9555555555555556,0.9962962962962963,0.1597551494723556,0.14541540370537176,0.042954532733360785,0.43982150937875336,96,catboost,0.44222566398049185,False,,
iris,catboost,gbdt,context_budget,0.2,3825162421,train_only,True,low,True,ok,,0.9333333333333333,0.9955555555555554,0.15286217115655734,0.139141144454044,0.041453944039484325,0.4384113123003343,84,catboost,0.44222566398049185,False,,
iris,catboost,gbdt,context_budget,0.3,3112326791,train_only,True,low,True,ok,,0.9555555555555556,0.9948148148148147,0.1550727377103001,0.14115328884432995,0.04169886301453306,0.44083275926231286,72,catboost,0.44222566398049185,False,,
iris,catboost,gbdt,context_budget,0.4,4110066164,train_only,True,low,True,ok,,0.9555555555555556,0.9962962962962963,0.1587934390056594,0.14454001711392728,0.04740845741764747,0.43919334041932934,63,catboost,0.44222566398049185,False,,
iris,hist_gbdt,gbdt,context_budget,0.0,2123098162,train_only,True,low,True,ok,,0.9555555555555556,0.9970370370370372,0.3585283214778947,0.326346542065857,0.04406680404287122,0.385578972867965,105,catboost,0.44222566398049185,True,utility_gap,
iris,hist_gbdt,gbdt,context_budget,0.05,633052829,train_only,True,low,True,ok,,0.9555555555555556,0.9962962962962963,0.35958126421500897,0.3273049718485702,0.04375756853164792,0.3850940317761364,99,catboost,0.44222566398049185,True,utility_gap,
iris,hist_gbdt,gbdt,context_budget,0.1,3982143071,train_only,True,low,True,ok,,0.9555555555555556,0.9948148148148149,0.3198592988238904,0.2911484807908605,0.043885335482310106,0.3953969071847984,96,catboost,0.44222566398049185,True,utility_gap,
iris,hist_gbdt,gbdt,context_budget,0.2,3825162421,train_only,True,low,True,ok,,0.9555555555555556,0.9948148148148147,0.3220318518081724,0.29312602373907914,0.0441040412555439,0.394759903145686,84,catboost,0.44222566398049185,True,utility_gap,
iris,hist_gbdt,gbdt,context_budget,0.3,3112326791,train_only,True,low,True,ok,,0.9555555555555556,0.997037037037037,0.3101443791642336,0.2823055798331126,0.04433570411627219,0.3987374815231081,72,catboost,0.44222566398049185,True,utility_gap,
iris,hist_gbdt,gbdt,context_budget,0.4,4110066164,train_only,True,low,True,ok,,0.9333333333333333,0.9792592592592593,0.22534848029610438,0.20512102642625915,0.056290343561745386,0.4099463641005139,63,catboost,0.44222566398049185,True,utility_gap,
iris,logreg,linear,context_budget,0.0,2123098162,train_only,True,low,True,ok,,0.9333333333333333,0.9962962962962963,0.14455370862153893,0.13157845594171078,0.1173281210345474,0.4257645427142809,105,catboost,0.44222566398049185,True,ece,
iris,logreg,linear,context_budget,0.05,633052829,train_only,True,low,True,ok,,0.9333333333333333,0.9962962962962963,0.14819721432515714,0.13489491775558268,0.12018811371961176,0.4241976056331065,99,catboost,0.44222566398049185,True,ece,
iris,logreg,linear,context_budget,0.1,3982143071,train_only,True,low,True,ok,,0.9333333333333333,0.997037037037037,0.14748387239993532,0.13424560595324828,0.12121741454655034,0.4244457982676784,96,catboost,0.44222566398049185,True,ece,
iris,logreg,linear,context_budget,0.2,3825162421,train_only,True,low,True,ok,,0.9111111111111111,0.9955555555555554,0.1740427379365663,0.15842052717939742,0.13804841310887095,0.4099752703355176,84,catboost,0.44222566398049185,True,utility_gap;ece,
iris,logreg,linear,context_budget,0.3,3112326791,train_only,True,low,True,ok,,0.9555555555555556,0.997037037037037,0.17062209242241536,0.15530692145203212,0.12306491117087548,0.4210912376265116,72,catboost,0.44222566398049185,True,ece,
iris,logreg,linear,context_budget,0.4,4110066164,train_only,True,low,True,ok,,0.9333333333333333,0.997037037037037,0.18321710754277673,0.16677139827454318,0.15012729704743571,0.40890608407111284,63,catboost,0.44222566398049185,True,utility_gap;ece,
iris,tabicl,icl,context_budget,0.0,2123098162,train_only,True,low,True,ok,,0.9555555555555556,0.9962962962962963,0.1403457987566503,0.1277482513205791,0.04749039135283811,0.4442144833702957,105,catboost,0.44222566398049185,False,,
iris,tabicl,icl,context_budget,0.05,633052829,train_only,True,low,True,ok,,0.9555555555555556,0.997037037037037,0.14189294816152007,0.12915652739834393,0.04785734227322974,0.4439778696221472,99,catboost,0.44222566398049185,False,,
iris,tabicl,icl,context_budget,0.1,3982143071,train_only,True,low,True,ok,,0.9555555555555556,0.997037037037037,0.14187730394945072,0.12914228742284875,0.04955285443334144,0.4436430391827734,96,catboost,0.44222566398049185,False,,
iris,tabicl,icl,context_budget,0.2,3825162421,train_only,True,low,True,ok,,0.9333333333333333,0.9962962962962963,0.13101335501122816,0.1192534949432076,0.055013466869063034,0.44192496184692875,84,catboost,0.44222566398049185,False,,
iris,tabicl,icl,context_budget,0.3,3112326791,train_only,True,low,True,ok,,0.9333333333333333,0.9962962962962963,0.1941504044956867,0.17672331403744151,0.05554067393234037,0.42457857470600313,72,catboost,0.44222566398049185,False,,
iris,tabicl,icl,context_budget,0.4,4110066164,train_only,True,low,True,ok,,0.9333333333333333,0.997037037037037,0.13060368569241326,0.1188805978592768,0.05585385405873212,0.44212801279343344,63,catboost,0.44222566398049185,False,,
iris,tabpfn_client,icl,context_budget,0.0,2123098162,train_only,True,low,True,ok,,0.9555555555555556,0.9977777777777778,0.11868218422650022,0.10802917958471339,0.04060408133258307,0.4520259854136249,105,catboost,0.44222566398049185,False,,
iris,tabpfn_client,icl,context_budget,0.05,633052829,train_only,True,low,True,ok,,0.9555555555555556,0.9977777777777778,0.12516676643492394,0.11393170067910716,0.040230526386243554,0.45032994007457466,99,catboost,0.44222566398049185,False,,
iris,tabpfn_client,icl,context_budget,0.1,3982143071,train_only,True,low,True,ok,,0.9555555555555556,0.9977777777777778,0.12497025870335779,0.11375283163350018,0.042417374485138645,0.44994623116847776,96,catboost,0.44222566398049185,False,,
iris,tabpfn_client,icl,context_budget,0.2,3825162421,train_only,True,low,True,ok,,0.9555555555555556,0.9962962962962963,0.10976152549734584,0.09990924608208597,0.04912135692028566,0.45223999182835417,84,catboost,0.44222566398049185,False,,
iris,tabpfn_client,icl,context_budget,0.3,3112326791,train_only,True,low,True,ok,,0.9333333333333333,0.997037037037037,0.08990484842742567,0.08183491970258297,0.049983056512054265,0.45441587574977715,72,catboost,0.44222566398049185,False,,
iris,tabpfn_client,icl,context_budget,0.4,4110066164,train_only,True,low,True,ok,,0.9555555555555556,0.9962962962962963,0.10629563424610058,0.09675445590997976,0.045961516425871166,0.4538183969788689,63,catboost,0.44222566398049185,False,,
iris,xgboost,gbdt,context_budget,0.0,2123098162,train_only,True,low,True,ok,,0.9555555555555556,0.9755555555555556,0.2298846503167124,0.20925002631766523,0.039830591419139874,0.4140366515986502,105,catboost,0.44222566398049185,False,,
iris,xgboost,gbdt,context_budget,0.05,633052829,train_only,True,low,True,ok,,0.9555555555555556,0.9755555555555556,0.22855852707781293,0.2080429369262775,0.03804424875155187,0.4147560469495841,99,catboost,0.44222566398049185,False,,
iris,xgboost,gbdt,context_budget,0.1,3982143071,train_only,True,low,True,ok,,0.9555555555555556,0.9725925925925926,0.23452804092597102,0.2134766225947631,0.040354047611088704,0.41162694444009407,96,catboost,0.44222566398049185,True,utility_gap,
iris,xgboost,gbdt,context_budget,0.2,3825162421,train_only,True,low,True,ok,,0.9555555555555556,0.9755555555555556,0.24219514893073643,0.2204555250554852,0.04336830059061396,0.4099674601430094,84,catboost,0.44222566398049185,True,utility_gap,
iris,xgboost,gbdt,context_budget,0.3,3112326791,train_only,True,low,True,ok,,0.9555555555555556,0.997037037037037,0.18231456839841342,0.16594987174177747,0.03633895477135134,0.4352435438194928,72,catboost,0.44222566398049185,False,,
iris,xgboost,gbdt,context_budget,0.4,4110066164,train_only,True,low,True,ok,,0.9555555555555556,0.9792592592592593,0.20161147114536826,0.18351466957445894,0.04314735745775187,0.42239020171018604,63,catboost,0.44222566398049185,False,,
iris,catboost,gbdt,covariate_shift,0.0,1976583830,test_only,True,low,True,ok,,0.9555555555555556,0.9955555555555554,0.14699401796489575,0.13379972123113815,0.04706098713972222,0.44222566398049185,105,catboost,0.44222566398049185,False,,
iris,catboost,gbdt,covariate_shift,0.05,1678626509,test_only,True,low,True,ok,,0.9555555555555556,0.9948148148148149,0.19730399835716925,0.1795938388750125,0.050686719149359995,0.4275030230261428,105,catboost,0.44222566398049185,False,,
iris,catboost,gbdt,covariate_shift,0.1,892935938,test_only,True,low,True,ok,,0.9111111111111111,0.9674074074074074,0.39691263302308616,0.36128544812135566,0.09578979647870733,0.34771566552711103,105,catboost,0.44222566398049185,True,utility_gap,
iris,catboost,gbdt,covariate_shift,0.2,1428399476,test_only,True,low,True,ok,,0.7111111111111111,0.817037037037037,1.345438648658635,1.224671035028893,0.2436092874589083,-0.023493538370819925,105,catboost,0.44222566398049185,True,utility_gap;ece;nll,
iris,catboost,gbdt,covariate_shift,0.3,1109676234,test_only,True,low,True,ok,,0.4222222222222222,0.5570370370370371,2.396120242661937,2.181042636585511,0.47485216155007887,-0.4909869269893728,105,catboost,0.44222566398049185,True,utility_gap;ece;nll,
iris,catboost,gbdt,covariate_shift,0.4,3135284708,test_only,True,low,True,ok,,0.35555555555555557,0.6044444444444445,3.0429419855476865,2.769805159595259,0.6124139754962709,-0.688535454088943,105,catboost,0.44222566398049185,True,utility_gap;ece;nll,
iris,hist_gbdt,gbdt,covariate_shift,0.0,1976583830,test_only,True,low,True,ok,,0.9555555555555556,0.9970370370370372,0.3585283214778947,0.326346542065857,0.04406680404287122,0.385578972867965,105,catboost,0.44222566398049185,True,utility_gap,
iris,hist_gbdt,gbdt,covariate_shift,0.05,1678626509,test_only,True,low,True,ok,,0.9555555555555556,0.9740740740740742,0.596045783365616,0.5425442528849057,0.04352250179444339,0.3127914830348989,105,catboost,0.44222566398049185,True,utility_gap,
iris,hist_gbdt,gbdt,covariate_shift,0.1,892935938,test_only,True,low,True,ok,,0.9111111111111111,0.9348148148148149,0.8874742432164464,0.8078138687965759,0.07225650731063846,0.20705638975075139,105,catboost,0.44222566398049185,True,utility_gap;nll,
iris,hist_gbdt,gbdt,covariate_shift,0.2,1428399476,test_only,True,low,True,ok,,0.4888888888888889,0.7385185185185185,6.0736925859103055,5.528513242168152,0.49593388680396944,-1.4259259351964249,105,catboost,0.44222566398049185,True,utility_gap;ece;nll,
iris,hist_gbdt,gbdt,covariate_shift,0.3,1109676234,test_only,True,low,True,ok,,0.3333333333333333,0.6540740740740741,9.643009795851299,8.777445778930703,0.6664614286184902,-2.487600093476983,105,catboost,0.44222566398049185,True,utility_gap;ece;nll,
iris,hist_gbdt,gbdt,covariate_shift,0.4,3135284708,test_only,True,low,True,ok,,0.3333333333333333,0.6444444444444445,10.222414577399107,9.30484273919067,0.6666650686519047,-2.649230279932026,105,catboost,0.44222566398049185,True,utility_gap;ece;nll,
iris,logreg,linear,covariate_shift,0.0,1976583830,test_only,True,low,True,ok,,0.9333333333333333,0.9962962962962963,0.14455370862153893,0.13157845594171078,0.1173281210345474,0.4257645427142809,105,catboost,0.44222566398049185,True,ece,
iris,logreg,linear,covariate_shift,0.05,1678626509,test_only,True,low,True,ok,,0.9555555555555556,0.9955555555555554,0.17140712181310358,0.1560214859974915,0.09122709489236436,0.42672591300005747,105,catboost,0.44222566398049185,False,,
iris,logreg,linear,covariate_shift,0.1,892935938,test_only,True,low,True,ok,,0.9333333333333333,0.9948148148148149,0.23678903559153494,0.21553466863055343,0.0988235184761119,0.4037600809007968,105,catboost,0.44222566398049185,True,utility_gap,
iris,logreg,linear,covariate_shift,0.2,1428399476,test_only,True,low,True,ok,,0.7333333333333333,0.9681481481481482,0.4968123027949542,0.45221804627477724,0.19602857667674112,0.2739807226340705,105,catboost,0.44222566398049185,True,utility_gap;ece,
iris,logreg,linear,covariate_shift,0.3,1109676234,test_only,True,low,True,ok,,0.6444444444444445,0.8859259259259259,0.9186777754179237,0.8362165478156742,0.2727978055703531,0.10131621528196788,105,catboost,0.44222566398049185,True,utility_gap;ece;nll,
iris,logreg,linear,covariate_shift,0.4,3135284708,test_only,True,low,True,ok,,0.6222222222222222,0.8377777777777778,1.4390132163212943,1.3098462771300927,0.3982590428511086,-0.08605013615369397,105,catboost,0.44222566398049185,True,utility_gap;ece;nll,
iris,tabicl,icl,covariate_shift,0.0,1976583830,test_only,True,low,True,ok,,0.9555555555555556,0.9962962962962963,0.1403457987566503,0.1277482513205791,0.04749039135283811,0.4442144833702957,105,catboost,0.44222566398049185,False,,
iris,tabicl,icl,covariate_shift,0.05,1678626509,test_only,True,low,True,ok,,0.9555555555555556,0.9955555555555554,0.22367385970062592,0.20359672107053745,0.04880002577958931,0.42093875630069866,105,catboost,0.44222566398049185,False,,
iris,tabicl,icl,covariate_shift,0.1,892935938,test_only,True,low,True,ok,,0.9111111111111111,0.9888888888888889,0.38557272596359987,0.35096341988950863,0.06626371479642046,0.3642360088516411,105,catboost,0.44222566398049185,True,utility_gap,
iris,tabicl,icl,covariate_shift,0.2,1428399476,test_only,True,low,True,ok,,0.7333333333333333,0.9251851851851852,1.3080875479688086,1.1906725980233244,0.266089884008173,0.023395058606182892,105,catboost,0.44222566398049185,True,utility_gap;ece;nll,
iris,tabicl,icl,covariate_shift,0.3,1109676234,test_only,True,low,True,ok,,0.6222222222222222,0.737777777777778,2.971512951394731,2.704787650789171,0.39594092521476937,-0.5390689247241496,105,catboost,0.44222566398049185,True,utility_gap;ece;nll,
iris,tabicl,icl,covariate_shift,0.4,3135284708,test_only,True,low,True,ok,,0.4222222222222222,0.5044444444444445,3.8338338555932,3.48970596373094,0.49312739495498303,-0.9056483792213899,105,catboost,0.44222566398049185,True,utility_gap;ece;nll,
iris,tabpfn_client,icl,covariate_shift,0.0,1976583830,test_only,True,low,True,ok,,0.9555555555555556,0.9977777777777778,0.11868218422650022,0.10802917958471339,0.04060408133258307,0.4520259854136249,105,catboost,0.44222566398049185,False,,
iris,tabpfn_client,icl,covariate_shift,0.05,1678626509,test_only,True,low,True,ok,,0.9333333333333333,0.997037037037037,0.2666084465814057,0.2426774662284412,0.06380246235252254,0.40339923062392613,105,catboost,0.44222566398049185,True,utility_gap,
iris,tabpfn_client,icl,covariate_shift,0.1,892935938,test_only,True,low,True,ok,,0.8888888888888888,0.9918518518518519,0.44956307350481123,0.4092099443470034,0.10676540975957868,0.3363654162254648,105,catboost,0.44222566398049185,True,utility_gap;ece,
iris,tabpfn_client,icl,covariate_shift,0.2,1428399476,test_only,True,low,True,ok,,0.6888888888888889,0.9348148148148149,1.4102898443154497,1.2837011372093776,0.29439365402753614,-0.013470553449801997,105,catboost,0.44222566398049185,True,utility_gap;ece;nll,
iris,tabpfn_client,icl,covariate_shift,0.3,1109676234,test_only,True,low,True,ok,,0.6444444444444445,0.7059259259259258,2.9115566784345965,2.6502130992585102,0.37955874945097096,-0.5272349389270066,105,catboost,0.44222566398049185,True,utility_gap;ece;nll,
iris,tabpfn_client,icl,covariate_shift,0.4,3135284708,test_only,True,low,True,ok,,0.6222222222222222,0.4962962962962963,3.67466907474195,3.3448279367026688,0.4419389694833671,-0.824799137870437,105,catboost,0.44222566398049185,True,utility_gap;ece;nll,
iris,xgboost,gbdt,covariate_shift,0.0,1976583830,test_only,True,low,True,ok,,0.9555555555555556,0.9755555555555556,0.2298846503167124,0.20925002631766523,0.039830591419139874,0.4140366515986502,105,catboost,0.44222566398049185,False,,
iris,xgboost,gbdt,covariate_shift,0.05,1678626509,test_only,True,low,True,ok,,0.9555555555555556,0.9511111111111111,0.26708915469546063,0.2431150256104118,0.03764018644159982,0.3957596772507787,105,catboost,0.44222566398049185,True,utility_gap,
iris,xgboost,gbdt,covariate_shift,0.1,892935938,test_only,True,low,True,ok,,0.9111111111111111,0.9407407407407408,0.4257240755500531,0.3875107532851056,0.07117407244892734,0.33543788545060876,105,catboost,0.44222566398049185,True,utility_gap,
iris,xgboost,gbdt,covariate_shift,0.2,1428399476,test_only,True,low,True,ok,,0.7555555555555555,0.8533333333333334,1.0987484497658042,1.000123939172262,0.22379010341142522,0.0672047975660364,105,catboost,0.44222566398049185,True,utility_gap;ece;nll,
iris,xgboost,gbdt,covariate_shift,0.3,1109676234,test_only,True,low,True,ok,,0.5555555555555556,0.6644444444444445,2.374137140619915,2.1610327547839225,0.4370364737138305,-0.41982823228905397,105,catboost,0.44222566398049185,True,utility_gap;ece;nll,
iris,xgboost,gbdt,covariate_shift,0.4,3135284708,test_only,True,low,True,ok,,0.3333333333333333,0.5555555555555556,3.830066930107976,3.486277160390509,0.6603353052381684,-0.9335057647203419,105,catboost,0.44222566398049185,True,utility_gap;ece;nll,
iris,catboost,gbdt,label_noise,0.0,4205930753,train_only,True,low,True,ok,,0.9555555555555556,0.9955555555555554,0.14699401796489575,0.13379972123113815,0.04706098713972222,0.44222566398049185,105,catboost,0.44222566398049185,False,,
iris,catboost,gbdt,label_noise,0.05,3791577327,train_only,True,low,True,ok,,0.9333333333333333,0.9903703703703703,0.23741853706349414,0.21610766556355002,0.0811643116816956,0.4055644676242255,105,catboost,0.44222566398049185,True,utility_gap,
iris,catboost,gbdt,label_noise,0.1,312236900,train_only,True,low,True,ok,,0.9555555555555556,0.9918518518518519,0.1930362256143918,0.17570914471420768,0.05989661600972404,0.42578941486527444,105,catboost,0.44222566398049185,False,,
iris,catboost,gbdt,label_noise,0.2,146928392,train_only,True,low,True,ok,,0.8666666666666667,0.9585185185185185,0.32636636029868865,0.2970714633952941,0.09154596445855984,0.35805084957118133,105,catboost,0.44222566398049185,True,utility_gap,
iris,catboost,gbdt,label_noise,0.3,3956504342,train_only,True,low,True,ok,,0.7555555555555555,0.9237037037037036,0.5705744081799902,0.5193592080348196,0.12603137351095833,0.255615592516992,105,catboost,0.44222566398049185,True,utility_gap;ece,
iris,catboost,gbdt,label_noise,0.4,2270054421,train_only,True,low,True,ok,,0.6444444444444445,0.8637037037037038,0.6943845718052538,0.6320560756216218,0.11482399032515768,0.1863813422114449,105,catboost,0.44222566398049185,True,utility_gap;ece,
iris,hist_gbdt,gbdt,label_noise,0.0,4205930753,train_only,True,low,True,ok,,0.9555555555555556,0.9970370370370372,0.3585283214778947,0.326346542065857,0.04406680404287122,0.385578972867965,105,catboost,0.44222566398049185,True,utility_gap,
iris,hist_gbdt,gbdt,label_noise,0.05,3791577327,train_only,True,low,True,ok,,0.8888888888888888,0.9814814814814815,0.43529390699833964,0.3962215892615431,0.0984780793514674,0.3382897592030954,105,catboost,0.44222566398049185,True,utility_gap,
iris,hist_gbdt,gbdt,label_noise,0.1,312236900,train_only,True,low,True,ok,,0.9333333333333333,0.977037037037037,0.2562748044624351,0.2332713798178309,0.07364764946600821,0.397252019124412,105,catboost,0.44222566398049185,True,utility_gap,
iris,hist_gbdt,gbdt,label_noise,0.2,146928392,train_only,True,low,True,ok,,0.9333333333333333,0.9644444444444443,0.2925003140343958,0.26624525963477547,0.1276328105422872,0.3721554155566654,105,catboost,0.44222566398049185,True,utility_gap;ece,
iris,hist_gbdt,gbdt,label_noise,0.3,3956504342,train_only,True,low,True,ok,,0.8,0.9385185185185185,0.5760150683185083,0.5243115103116439,0.16032104216514056,0.2591238199549602,105,catboost,0.44222566398049185,True,utility_gap;ece,
iris,hist_gbdt,gbdt,label_noise,0.4,2270054421,train_only,True,low,True,ok,,0.6444444444444445,0.8696296296296296,0.7540435140592753,0.6863599850802975,0.15053480929286897,0.165022079654374,105,catboost,0.44222566398049185,True,utility_gap;ece,
iris,logreg,linear,label_noise,0.0,4205930753,train_only,True,low,True,ok,,0.9333333333333333,0.9962962962962963,0.14455370862153893,0.13157845594171078,0.1173281210345474,0.4257645427142809,105,catboost,0.44222566398049185,True,ece,
iris,logreg,linear,label_noise,0.05,3791577327,train_only,True,low,True,ok,,0.9111111111111111,0.9837037037037036,0.3075826591892483,0.27997380182424747,0.15057500064723212,0.3668558222862423,105,catboost,0.44222566398049185,True,utility_gap;ece,
iris,logreg,linear,label_noise,0.1,312236900,train_only,True,low,True,ok,,0.8666666666666667,0.9644444444444445,0.4061896945040513,0.36972979338915896,0.15453251000830331,0.3257301155371472,105,catboost,0.44222566398049185,True,utility_gap;ece,
iris,logreg,linear,label_noise,0.2,146928392,train_only,True,low,True,ok,,0.9333333333333333,0.9903703703703703,0.3906617303695804,0.35559563132430894,0.2561621715081428,0.3287185059307084,105,catboost,0.44222566398049185,True,utility_gap;ece,
iris,logreg,linear,label_noise,0.3,3956504342,train_only,True,low,True,ok,,0.8666666666666667,0.9474074074074075,0.632002315900641,0.5752732992517696,0.2973149746508019,0.22954760788690132,105,catboost,0.44222566398049185,True,utility_gap;ece,
iris,logreg,linear,label_noise,0.4,2270054421,train_only,True,low,True,ok,,0.8444444444444444,0.9214814814814815,0.7068937429059569,0.6434424138500685,0.2961801068982347,0.19691643965051764,105,catboost,0.44222566398049185,True,utility_gap;ece,
iris,tabicl,icl,label_noise,0.0,4205930753,train_only,True,low,True,ok,,0.9555555555555556,0.9962962962962963,0.1403457987566503,0.1277482513205791,0.04749039135283811,0.4442144833702957,105,catboost,0.44222566398049185,False,,
iris,tabicl,icl,label_noise,0.05,3791577327,train_only,True,low,True,ok,,0.9333333333333333,0.9933333333333335,0.2311866241180883,0.21043513394371802,0.08688242138898622,0.40715964220575407,105,catboost,0.44222566398049185,True,utility_gap,
iris,tabicl,icl,label_noise,0.1,312236900,train_only,True,low,True,ok,,0.9777777777777777,0.9985185185185186,0.14866913810478655,0.13532448129177937,0.09173712822467014,0.43720337811568033,105,catboost,0.44222566398049185,False,,
iris,tabicl,icl,label_noise,0.2,146928392,train_only,True,low,True,ok,,0.9555555555555556,0.997037037037037,0.24914093387850175,0.22677785097465544,0.17024001242407433,0.39021493851908484,105,catboost,0.44222566398049185,True,utility_gap;ece,
iris,tabicl,icl,label_noise,0.3,3956504342,train_only,True,low,True,ok,,0.9555555555555556,0.9948148148148149,0.41862672010772023,0.38105046195618075,0.27005165400710185,0.323193049130244,105,catboost,0.44222566398049185,True,utility_gap;ece,
iris,tabicl,icl,label_noise,0.4,2270054421,train_only,True,low,True,ok,,0.9555555555555556,0.994074074074074,0.5580756445650944,0.5079823431082052,0.3690476816022791,0.26505502000634173,105,catboost,0.44222566398049185,True,utility_gap;ece,
iris,tabpfn_client,icl,label_noise,0.0,4205930753,train_only,True,low,True,ok,,0.9555555555555556,0.9977777777777778,0.11868218422650022,0.10802917958471339,0.04060408133258307,0.4520259854136249,105,catboost,0.44222566398049185,False,,
iris,tabpfn_client,icl,label_noise,0.05,3791577327,train_only,True,low,True,ok,,0.9555555555555556,0.9925925925925926,0.19832599452961192,0.1805240998806323,0.09653760682675304,0.41727598941120037,105,catboost,0.44222566398049185,False,,
iris,tabpfn_client,icl,label_noise,0.1,312236900,train_only,True,low,True,ok,,0.9777777777777777,0.9962962962962963,0.15354102978159068,0.13975906820388329,0.0816079407441029,0.4371210617603848,105,catboost,0.44222566398049185,False,,
iris,tabpfn_client,icl,label_noise,0.2,146928392,train_only,True,low,True,ok,,0.9555555555555556,0.997037037037037,0.26107840986452907,0.2376438098840534,0.21303408850108496,0.3783963356308633,105,catboost,0.44222566398049185,True,utility_gap;ece,
iris,tabpfn_client,icl,label_noise,0.3,3956504342,train_only,True,low,True,ok,,0.9555555555555556,0.997037037037037,0.4384200277783892,0.39906710702271747,0.2974904503745985,0.31307807411456146,105,catboost,0.44222566398049185,True,utility_gap;ece,
iris,tabpfn_client,icl,label_noise,0.4,2270054421,train_only,True,low,True,ok,,0.9555555555555556,0.9962962962962963,0.6810106802260317,0.6198826348935595,0.4422178917359456,0.21762866822178006,105,catboost,0.44222566398049185,True,utility_gap;ece,
iris,xgboost,gbdt,label_noise,0.0,4205930753,train_only,True,low,True,ok,,0.9555555555555556,0.9755555555555556,0.2298846503167124,0.20925002631766523,0.039830591419139874,0.4140366515986502,105,catboost,0.44222566398049185,False,,
iris,xgboost,gbdt,label_noise,0.05,3791577327,train_only,True,low,True,ok,,0.9333333333333333,0.9562962962962963,0.3524830478726625,0.3208438968946828,0.08237198961400997,0.3619761367124968,105,catboost,0.44222566398049185,True,utility_gap,
iris,xgboost,gbdt,label_noise,0.1,312236900,train_only,True,low,True,ok,,0.9333333333333333,0.9888888888888889,0.2152625260085685,0.19594039519577883,0.06634179082640124,0.4140606343870971,105,catboost,0.44222566398049185,False,,
iris,xgboost,gbdt,label_noise,0.2,146928392,train_only,True,low,True,ok,,0.8222222222222222,0.9377777777777778,0.5484835288355521,0.49925122310483155,0.12678508759745447,0.2764231711046152,105,catboost,0.44222566398049185,True,utility_gap;ece,
iris,xgboost,gbdt,label_noise,0.3,3956504342,train_only,True,low,True,ok,,0.6888888888888889,0.8592592592592593,0.9383604592942373,0.8541324987651904,0.23782975078154572,0.10026837428820784,105,catboost,0.44222566398049185,True,utility_gap;ece;nll,
iris,xgboost,gbdt,label_noise,0.4,2270054421,train_only,True,low,True,ok,,0.6,0.7933333333333333,1.1292466443673055,1.0278845922398474,0.20204267402321419,0.018892754190069645,105,catboost,0.44222566398049185,True,utility_gap;ece;nll,
iris,catboost,gbdt,missingness_shift,0.0,3491895282,test_only,True,low,True,ok,,0.9555555555555556,0.9955555555555554,0.14699401796489575,0.13379972123113815,0.04706098713972222,0.44222566398049185,105,catboost,0.44222566398049185,False,,
iris,catboost,gbdt,missingness_shift,0.05,1552852001,test_only,True,low,True,ok,,0.9555555555555556,0.9866666666666667,0.19786518131846217,0.18010464961969594,0.06772953399492365,0.4210893649817732,105,catboost,0.44222566398049185,False,,
iris,catboost,gbdt,missingness_shift,0.1,4179371547,test_only,True,low,True,ok,,0.9333333333333333,0.9822222222222222,0.23891123418156293,0.21746637703388907,0.09300793885584897,0.39993627689644123,105,catboost,0.44222566398049185,True,utility_gap,
iris,catboost,gbdt,missingness_shift,0.2,1397618272,test_only,True,low,True,ok,,0.9333333333333333,0.9822222222222222,0.22606262714627468,0.20577107090285615,0.07221637824411686,0.40760318085809755,105,catboost,0.44222566398049185,True,utility_gap,
iris,catboost,gbdt,missingness_shift,0.3,834216531,test_only,True,low,True,ok,,0.8222222222222222,0.9296296296296296,0.7327368961590343,0.6669658656807486,0.1625190735450069,0.21611012929047765,105,catboost,0.44222566398049185,True,utility_gap;ece,
iris,catboost,gbdt,missingness_shift,0.4,1179571679,test_only,True,low,True,ok,,0.8444444444444444,0.8999999999999999,0.7729609136198584,0.7035793442261136,0.13479349612750016,0.2036341641733325,105,catboost,0.44222566398049185,True,utility_gap;ece,
iris,hist_gbdt,gbdt,missingness_shift,0.0,3491895282,test_only,True,low,True,ok,,0.9555555555555556,0.9970370370370372,0.3585283214778947,0.326346542065857,0.04406680404287122,0.385578972867965,105,catboost,0.44222566398049185,True,utility_gap,
iris,hist_gbdt,gbdt,missingness_shift,0.05,1552852001,test_only,True,low,True,ok,,0.9333333333333333,0.9822222222222222,0.579781672201317,0.5277400209169413,0.07085822075693288,0.3112841273513088,105,catboost,0.44222566398049185,True,utility_gap,
iris,hist_gbdt,gbdt,missingness_shift,0.1,4179371547,test_only,True,low,True,ok,,0.8666666666666667,0.9777777777777777,1.048813397771315,0.9546710960632273,0.13722777785300833,0.15837533783265237,105,catboost,0.44222566398049185,True,utility_gap;ece;nll,
iris,hist_gbdt,gbdt,missingness_shift,0.2,1397618272,test_only,True,low,True,ok,,0.8444444444444444,0.945925925925926,1.3525852201844868,1.2311761247676176,0.15610252691825,0.05716739792680543,105,catboost,0.44222566398049185,True,utility_gap;ece;nll,
iris,hist_gbdt,gbdt,missingness_shift,0.3,834216531,test_only,True,low,True,ok,,0.8222222222222222,0.8985185185185185,1.7766170102986036,1.617146493466285,0.18273048379857051,-0.0838752299847848,105,catboost,0.44222566398049185,True,utility_gap;ece;nll,
iris,hist_gbdt,gbdt,missingness_shift,0.4,1179571679,test_only,True,low,True,ok,,0.7555555555555555,0.9155555555555557,1.9183789293355205,1.7461837530155844,0.2425070825206531,-0.1385787646310281,105,catboost,0.44222566398049185,True,utility_gap;ece;nll,
iris,logreg,linear,missingness_shift,0.0,3491895282,test_only,True,low,True,ok,,0.9333333333333333,0.9962962962962963,0.14455370862153893,0.13157845594171078,0.1173281210345474,0.4257645427142809,105,catboost,0.44222566398049185,True,ece,
iris,logreg,linear,missingness_shift,0.05,1552852001,test_only,True,low,True,ok,,0.9111111111111111,0.9933333333333333,0.1713651999099996,0.1559833270368314,0.11911855457784781,0.4137146243067143,105,catboost,0.44222566398049185,True,ece,
iris,logreg,linear,missingness_shift,0.1,4179371547,test_only,True,low,True,ok,,0.9333333333333333,0.9955555555555554,0.1902595061005491,0.17318166569136784,0.10743458833890952,0.4150030270692521,105,catboost,0.44222566398049185,True,ece,
iris,logreg,linear,missingness_shift,0.2,1397618272,test_only,True,low,True,ok,,0.8888888888888888,0.9896296296296296,0.2446689048131155,0.22270723469672554,0.18639714296068607,0.37561210470254874,105,catboost,0.44222566398049185,True,utility_gap;ece,
iris,logreg,linear,missingness_shift,0.3,834216531,test_only,True,low,True,ok,,0.8,0.9377777777777778,0.5136179598345672,0.4675152145414704,0.11146308522910499,0.2856750408139601,105,catboost,0.44222566398049185,True,utility_gap;ece,
iris,logreg,linear,missingness_shift,0.4,1179571679,test_only,True,low,True,ok,,0.7777777777777778,0.9733333333333333,0.4425307851097182,0.40280887959683703,0.15774407309511812,0.30494185483525854,105,catboost,0.44222566398049185,True,utility_gap;ece,
iris,tabicl,icl,missingness_shift,0.0,3491895282,test_only,True,low,True,ok,,0.9555555555555556,0.9962962962962963,0.1403457987566503,0.1277482513205791,0.04749039135283811,0.4442144833702957,105,catboost,0.44222566398049185,False,,
iris,tabicl,icl,missingness_shift,0.05,1552852001,test_only,True,low,True,ok,,0.9333333333333333,0.994074074074074,0.1560488583506817,0.1420417921411254,0.05969203201661465,0.4333749818802653,105,catboost,0.44222566398049185,False,,
iris,tabicl,icl,missingness_shift,0.1,4179371547,test_only,True,low,True,ok,,0.9333333333333333,0.9896296296296296,0.17865488569755322,0.16261868499044688,0.0755252861952968,0.4224797076341769,105,catboost,0.44222566398049185,False,,
iris,tabicl,icl,missingness_shift,0.2,1397618272,test_only,True,low,True,ok,,0.9333333333333333,0.985925925925926,0.3895665085841977,0.35459871749339733,0.07950626855477977,0.36279320511509894,105,catboost,0.44222566398049185,True,utility_gap,
iris,tabicl,icl,missingness_shift,0.3,834216531,test_only,True,low,True,ok,,0.8666666666666667,0.9222222222222222,0.9567633980937075,0.8708835755456812,0.15266066623801772,0.16098057186646983,105,catboost,0.44222566398049185,True,utility_gap;ece;nll,
iris,tabicl,icl,missingness_shift,0.4,1179571679,test_only,True,low,True,ok,,0.8444444444444444,0.9251851851851852,0.8194991943054514,0.7459403128459103,0.16584020336064548,0.19353134695557928,105,catboost,0.44222566398049185,True,utility_gap;ece,
iris,tabpfn_client,icl,missingness_shift,0.0,3491895282,test_only,True,low,True,ok,,0.9555555555555556,0.9977777777777778,0.11868218422650022,0.10802917958471339,0.04060408133258307,0.4520259854136249,105,catboost,0.44222566398049185,False,,
iris,tabpfn_client,icl,missingness_shift,0.05,1552852001,test_only,True,low,True,ok,,0.9555555555555556,0.9933333333333333,0.14299848156604703,0.1301628272694907,0.03823531620844477,0.44430408857746384,105,catboost,0.44222566398049185,False,,
iris,tabpfn_client,icl,missingness_shift,0.1,4179371547,test_only,True,low,True,ok,,0.9555555555555556,0.9918518518518518,0.17965955281165297,0.16353317240740242,0.05343766048635135,0.43073399766199044,105,catboost,0.44222566398049185,False,,
iris,tabpfn_client,icl,missingness_shift,0.2,1397618272,test_only,True,low,True,ok,,0.9333333333333333,0.9881481481481481,0.29304402695912696,0.2667401684668898,0.1070154846443505,0.3844267043829147,105,catboost,0.44222566398049185,True,utility_gap;ece,
iris,tabpfn_client,icl,missingness_shift,0.3,834216531,test_only,True,low,True,ok,,0.8666666666666667,0.9222222222222222,1.0125333431929335,0.9216475672418218,0.18435458107203295,0.13941259139082463,105,catboost,0.44222566398049185,True,utility_gap;ece;nll,
iris,tabpfn_client,icl,missingness_shift,0.4,1179571679,test_only,True,low,True,ok,,0.8222222222222222,0.9199999999999999,0.8707624331415812,0.792602123718496,0.1887763433534571,0.169797427547093,105,catboost,0.44222566398049185,True,utility_gap;ece;nll,
iris,xgboost,gbdt,missingness_shift,0.0,3491895282,test_only,True,low,True,ok,,0.9555555555555556,0.9755555555555556,0.2298846503167124,0.20925002631766523,0.039830591419139874,0.4140366515986502,105,catboost,0.44222566398049185,False,,
iris,xgboost,gbdt,missingness_shift,0.05,1552852001,test_only,True,low,True,ok,,0.9333333333333333,0.9666666666666667,0.3352325601292126,0.3051418262721492,0.06764374638974488,0.37326203617373954,105,catboost,0.44222566398049185,True,utility_gap,
iris,xgboost,gbdt,missingness_shift,0.1,4179371547,test_only,True,low,True,ok,,0.8666666666666667,0.9666666666666668,0.5849053206668159,0.5324037667336847,0.13513522589080745,0.28158515813506646,105,catboost,0.44222566398049185,True,utility_gap;ece,
iris,xgboost,gbdt,missingness_shift,0.2,1397618272,test_only,True,low,True,ok,,0.8444444444444444,0.9518518518518518,0.6924496588584402,0.630294841957324,0.15754889483753276,0.23921658326011103,105,catboost,0.44222566398049185,True,utility_gap;ece,
iris,xgboost,gbdt,missingness_shift,0.3,834216531,test_only,True,low,True,ok,,0.7777777777777778,0.8696296296296296,1.0686176488354477,0.9726977022357671,0.1856787854066696,0.09209196928497293,105,catboost,0.44222566398049185,True,utility_gap;ece;nll,
iris,xgboost,gbdt,missingness_shift,0.4,1179571679,test_only,True,low,True,ok,,0.7777777777777778,0.8674074074074074,1.1685523227376005,1.0636621625216678,0.23911889172612646,0.05333683215753358,105,catboost,0.44222566398049185,True,utility_gap;ece;nll,
iris,catboost,gbdt,rare_category_shift,0.0,1234829490,test_only,True,low,False,skipped,shift not applicable: dataset has no categorical features,,,,,,,0,catboost,0.44222566398049185,True,undefined,
iris,catboost,gbdt,rare_category_shift,0.05,1066322731,test_only,True,low,False,skipped,shift not applicable: dataset has no categorical features,,,,,,,0,catboost,0.44222566398049185,True,undefined,
iris,catboost,gbdt,rare_category_shift,0.1,497846110,test_only,True,low,False,skipped,shift not applicable: dataset has no categorical features,,,,,,,0,catboost,0.44222566398049185,True,undefined,
iris,catboost,gbdt,rare_category_shift,0.2,3335199190,test_only,True,low,False,skipped,shift not applicable: dataset has no categorical features,,,,,,,0,catboost,0.44222566398049185,True,undefined,
iris,catboost,gbdt,rare_category_shift,0.3,1909570959,test_only,True,low,False,skipped,shift not applicable: dataset has no categorical features,,,,,,,0,catboost,0.44222566398049185,True,undefined,
iris,catboost,gbdt,rare_category_shift,0.4,929409220,test_only,True,low,False,skipped,shift not applicable: dataset has no categorical features,,,,,,,0,catboost,0.44222566398049185,True,undefined,
iris,hist_gbdt,gbdt,rare_category_shift,0.0,1234829490,test_only,True,low,False,skipped,shift not applicable: dataset has no categorical features,,,,,,,0,catboost,0.44222566398049185,True,undefined,
iris,hist_gbdt,gbdt,rare_category_shift,0.05,1066322731,test_only,True,low,False,skipped,shift not applicable: dataset has no categorical features,,,,,,,0,catboost,0.44222566398049185,True,undefined,
iris,hist_gbdt,gbdt,rare_category_shift,0.1,497846110,test_only,True,low,False,skipped,shift not applicable: dataset has no categorical features,,,,,,,0,catboost,0.44222566398049185,True,undefined,
iris,hist_gbdt,gbdt,rare_category_shift,0.2,3335199190,test_only,True,low,False,skipped,shift not applicable: dataset has no categorical features,,,,,,,0,catboost,0.44222566398049185,True,undefined,
iris,hist_gbdt,gbdt,rare_category_shift,0.3,1909570959,test_only,True,low,False,skipped,shift not applicable: dataset has no categorical features,,,,,,,0,catboost,0.44222566398049185,True,undefined,
iris,hist_gbdt,gbdt,rare_category_shift,0.4,929409220,test_only,True,low,False,skipped,shift not applicable: dataset has no categorical features,,,,,,,0,catboost,0.44222566398049185,True,undefined,
iris,logreg,linear,rare_category_shift,0.0,1234829490,test_only,True,low,False,skipped,shift not applicable: dataset has no categorical features,,,,,,,0,catboost,0.44222566398049185,True,undefined,
iris,logreg,linear,rare_category_shift,0.05,1066322731,test_only,True,low,False,skipped,shift not applicable: dataset has no categorical features,,,,,,,0,catboost,0.44222566398049185,True,undefined,
iris,logreg,linear,rare_category_shift,0.1,497846110,test_only,True,low,False,skipped,shift not applicable: dataset has no categorical features,,,,,,,0,catboost,0.44222566398049185,True,undefined,
iris,logreg,linear,rare_category_shift,0.2,3335199190,test_only,True,low,False,skipped,shift not applicable: dataset has no categorical features,,,,,,,0,catboost,0.44222566398049185,True,undefined,
iris,logreg,linear,rare_category_shift,0.3,1909570959,test_only,True,low,False,skipped,shift not applicable: dataset has no categorical features,,,,,,,0,catboost,0.44222566398049185,True,undefined,
iris,logreg,linear,rare_category_shift,0.4,929409220,test_only,True,low,False,skipped,shift not applicable: dataset has no categorical features,,,,,,,0,catboost,0.44222566398049185,True,undefined,
iris,tabicl,icl,rare_category_shift,0.0,1234829490,test_only,True,low,False,skipped,shift not applicable: dataset has no categorical features,,,,,,,0,catboost,0.44222566398049185,True,undefined,
iris,tabicl,icl,rare_category_shift,0.05,1066322731,test_only,True,low,False,skipped,shift not applicable: dataset has no categorical features,,,,,,,0,catboost,0.44222566398049185,True,undefined,
iris,tabicl,icl,rare_category_shift,0.1,497846110,test_only,True,low,False,skipped,shift not applicable: dataset has no categorical features,,,,,,,0,catboost,0.44222566398049185,True,undefined,
iris,tabicl,icl,rare_category_shift,0.2,3335199190,test_only,True,low,False,skipped,shift not applicable: dataset has no categorical features,,,,,,,0,catboost,0.44222566398049185,True,undefined,
iris,tabicl,icl,rare_category_shift,0.3,1909570959,test_only,True,low,False,skipped,shift not applicable: dataset has no categorical features,,,,,,,0,catboost,0.44222566398049185,True,undefined,
iris,tabicl,icl,rare_category_shift,0.4,929409220,test_only,True,low,False,skipped,shift not applicable: dataset has no categorical features,,,,,,,0,catboost,0.44222566398049185,True,undefined,
iris,tabpfn_client,icl,rare_category_shift,0.0,1234829490,test_only,True,low,False,skipped,shift not applicable: dataset has no categorical features,,,,,,,0,catboost,0.44222566398049185,True,undefined,
iris,tabpfn_client,icl,rare_category_shift,0.05,1066322731,test_only,True,low,False,skipped,shift not applicable: dataset has no categorical features,,,,,,,0,catboost,0.44222566398049185,True,undefined,
iris,tabpfn_client,icl,rare_category_shift,0.1,497846110,test_only,True,low,False,skipped,shift not applicable: dataset has no categorical features,,,,,,,0,catboost,0.44222566398049185,True,undefined,
iris,tabpfn_client,icl,rare_category_shift,0.2,3335199190,test_only,True,low,False,skipped,shift not applicable: dataset has no categorical features,,,,,,,0,catboost,0.44222566398049185,True,undefined,
iris,tabpfn_client,icl,rare_category_shift,0.3,1909570959,test_only,True,low,False,skipped,shift not applicable: dataset has no categorical features,,,,,,,0,catboost,0.44222566398049185,True,undefined,
iris,tabpfn_client,icl,rare_category_shift,0.4,929409220,test_only,True,low,False,skipped,shift not applicable: dataset has no categorical features,,,,,,,0,catboost,0.44222566398049185,True,undefined,
iris,xgboost,gbdt,rare_category_shift,0.0,1234829490,test_only,True,low,False,skipped,shift not applicable: dataset has no categorical features,,,,,,,0,catboost,0.44222566398049185,True,undefined,
iris,xgboost,gbdt,rare_category_shift,0.05,1066322731,test_only,True,low,False,skipped,shift not applicable: dataset has no categorical features,,,,,,,0,catboost,0.44222566398049185,True,undefined,
iris,xgboost,gbdt,rare_category_shift,0.1,497846110,test_only,True,low,False,skipped,shift not applicable: dataset has no categorical features,,,,,,,0,catboost,0.44222566398049185,True,undefined,
iris,xgboost,gbdt,rare_category_shift,0.2,3335199190,test_only,True,low,False,skipped,shift not applicable: dataset has no categorical features,,,,,,,0,catboost,0.44222566398049185,True,undefined,
iris,xgboost,gbdt,rare_category_shift,0.3,1909570959,test_only,True,low,False,skipped,shift not applicable: dataset has no categorical features,,,,,,,0,catboost,0.44222566398049185,True,undefined,
iris,xgboost,gbdt,rare_category_shift,0.4,929409220,test_only,True,low,False,skipped,shift not applicable: dataset has no categorical features,,,,,,,0,catboost,0.44222566398049185,True,undefined,
synthetic_mixed,catboost,gbdt,class_imbalance,0.0,1154404811,train_only,True,low,True,ok,,0.8888888888888888,0.9795833333333333,0.25653330764511656,0.23350667955491544,0.05611712708936552,0.39491207071565226,420,catboost,0.39491207071565226,False,,
synthetic_mixed,catboost,gbdt,class_imbalance,0.05,3377252360,train_only,True,low,True,ok,,0.8611111111111112,0.9700925925925925,0.30522830412757873,0.2778307754937084,0.06559298942336816,0.37223124354128795,406,catboost,0.39491207071565226,False,,
synthetic_mixed,catboost,gbdt,class_imbalance,0.1,3213649829,train_only,True,low,True,ok,,0.8611111111111112,0.9727314814814815,0.2969736322995082,0.2703170493928671,0.04181440093195106,0.3801646901809348,392,catboost,0.39491207071565226,False,,
synthetic_mixed,catboost,gbdt,class_imbalance,0.2,3571267904,train_only,True,low,True,ok,,0.85,0.9653703703703703,0.33634681936048594,0.30615606873308526,0.06251271113950291,0.3610302667818034,364,catboost,0.39491207071565226,True,utility_gap,
synthetic_mixed,catboost,gbdt,class_imbalance,0.3,1921414924,train_only,True,low,True,ok,,0.85,0.9643518518518519,0.352944539946277,0.3212639650828641,0.04999605702637892,0.35864474721801315,336,catboost,0.39491207071565226,True,utility_gap,
synthetic_mixed,catboost,gbdt,class_imbalance,0.4,1238898490,train_only,True,low,True,ok,,0.8111111111111111,0.9565277777777778,0.38442488383395584,0.3499186089571317,0.06413551041784328,0.3386487041181807,308,catboost,0.39491207071565226,True,utility_gap,
synthetic_mixed,hist_gbdt,gbdt,class_imbalance,0.0,1154404811,train_only,True,low,True,ok,,0.8333333333333334,0.9610648148148148,0.45381722791399276,0.41308224256636794,0.09789483455909935,0.3178690455034549,420,catboost,0.39491207071565226,True,utility_gap,
synthetic_mixed,hist_gbdt,gbdt,class_imbalance,0.05,3377252360,train_only,True,low,True,ok,,0.8444444444444444,0.959212962962963,0.474382947275469,0.4318019670529826,0.11967334744100604,0.30891594409960765,406,catboost,0.39491207071565226,True,utility_gap;ece,
synthetic_mixed,hist_gbdt,gbdt,class_imbalance,0.1,3213649829,train_only,True,low,True,ok,,0.8333333333333334,0.9550462962962962,0.532995746500955,0.48515363609042317,0.10865337570227611,0.29198943773612146,392,catboost,0.39491207071565226,True,utility_gap;ece,
synthetic_mixed,hist_gbdt,gbdt,class_imbalance,0.2,3571267904,train_only,True,low,True,ok,,0.8277777777777777,0.9575,0.4789150006823051,0.43592721984105265,0.10626066122233808,0.3072613684698833,364,catboost,0.39491207071565226,True,utility_gap;ece,
synthetic_mixed,hist_gbdt,gbdt,class_imbalance,0.3,1921414924,train_only,True,low,True,ok,,0.7777777777777778,0.9494907407407407,0.542428838281514,0.4937400062574591,0.1474286560530504,0.2713806928380781,336,catboost,0.39491207071565226,True,utility_gap;ece,
synthetic_mixed,hist_gbdt,gbdt,class_imbalance,0.4,1238898490,train_only,True,low,True,ok,,0.8055555555555556,0.9491203703703704,0.556627932352362,0.5066645786633095,0.1372165998311943,0.2735827693977313,308,catboost,0.39491207071565226,True,utility_gap;ece,
synthetic_mixed,logreg,linear,class_imbalance,0.0,1154404811,train_only,True,low,True,ok,,0.9166666666666666,0.9885648148148148,0.25893897698232515,0.23569641415193607,0.11421330958310631,0.3899460990229831,420,catboost,0.39491207071565226,True,ece,
synthetic_mixed,logreg,linear,class_imbalance,0.05,3377252360,train_only,True,low,True,ok,,0.9166666666666666,0.9869444444444445,0.26580281565746255,0.24194414935928452,0.10491758069633564,0.38936379460850307,406,catboost,0.39491207071565226,True,ece,
synthetic_mixed,logreg,linear,class_imbalance,0.1,3213649829,train_only,True,low,True,ok,,0.9111111111111111,0.98875,0.2626625181332475,0.23908572736946482,0.11283612866967868,0.3884362227218915,392,catboost,0.39491207071565226,True,ece,
synthetic_mixed,logreg,linear,class_imbalance,0.2,3571267904,train_only,True,low,True,ok,,0.9055555555555556,0.9860648148148149,0.2771551195689254,0.2522774616920873,0.10817767698202643,0.38363724461448706,364,catboost,0.39491207071565226,True,ece,
synthetic_mixed,logreg,linear,class_imbalance,0.3,1921414924,train_only,True,low,True,ok,,0.9055555555555556,0.9861574074074074,0.28761033269418507,0.2617942068014424,0.10652102257326664,0.38114595937083995,336,catboost,0.39491207071565226,True,ece,
synthetic_mixed,logreg,linear,class_imbalance,0.4,1238898490,train_only,True,low,True,ok,,0.8722222222222222,0.9793055555555554,0.3165638601216448,0.28814884321513223,0.07877088508537125,0.3713914477961638,308,catboost,0.39491207071565226,False,,
synthetic_mixed,tabicl,icl,class_imbalance,0.0,1154404811,train_only,True,low,True,ok,,0.9833333333333333,0.9997685185185184,0.03971520705594975,0.03615033935593241,0.021409220722919696,0.4822920355301178,420,catboost,0.39491207071565226,False,,
synthetic_mixed,tabicl,icl,class_imbalance,0.05,3377252360,train_only,True,low,True,ok,,0.9833333333333333,0.9996296296296295,0.04222134054579026,0.038431520365548456,0.01939898026892311,0.48196111820692117,406,catboost,0.39491207071565226,False,,
synthetic_mixed,tabicl,icl,class_imbalance,0.1,3213649829,train_only,True,low,True,ok,,0.9833333333333333,0.9996759259259259,0.04511786098975508,0.04106804689437182,0.026274105899885648,0.4798113388257854,392,catboost,0.39491207071565226,False,,
synthetic_mixed,tabicl,icl,class_imbalance,0.2,3571267904,train_only,True,low,True,ok,,0.9833333333333333,0.9995833333333333,0.04690273808443024,0.04269271204065289,0.01890736232525927,0.48076488058941896,364,catboost,0.39491207071565226,False,,
synthetic_mixed,tabicl,icl,class_imbalance,0.3,1921414924,train_only,True,low,True,ok,,0.9666666666666667,0.9993518518518519,0.05556281330775514,0.050575452214462385,0.03175187642594103,0.47325013719862113,336,catboost,0.39491207071565226,False,,
synthetic_mixed,tabicl,icl,class_imbalance,0.4,1238898490,train_only,True,low,True,ok,,0.9666666666666667,0.9987962962962963,0.06654707448980936,0.060573757617882605,0.02910276677639542,0.47058602306305986,308,catboost,0.39491207071565226,False,,
synthetic_mixed,tabpfn_client,icl,class_imbalance,0.0,1154404811,train_only,True,low,True,ok,,0.9611111111111111,0.9987962962962963,0.07006138971677446,0.06377262519219824,0.021012097347169266,0.47041116334327704,420,catboost,0.39491207071565226,False,,
synthetic_mixed,tabpfn_client,icl,class_imbalance,0.05,3377252360,train_only,True,low,True,ok,,0.9666666666666667,0.9993518518518517,0.0600092449935505,0.05462276875338982,0.020810943019596916,0.4742241289182118,406,catboost,0.39491207071565226,False,,
synthetic_mixed,tabpfn_client,icl,class_imbalance,0.1,3213649829,train_only,True,low,True,ok,,0.95,0.9986574074074074,0.07479416690181878,0.06808058463691012,0.030317419258243446,0.46554243334987083,392,catboost,0.39491207071565226,False,,
synthetic_mixed,tabpfn_client,icl,class_imbalance,0.2,3571267904,train_only,True,low,True,ok,,0.95,0.9985185185185186,0.08487838504700426,0.07725963556252008,0.029898509656578896,0.46282388888140963,364,catboost,0.39491207071565226,False,,
synthetic_mixed,tabpfn_client,icl,class_imbalance,0.3,1921414924,train_only,True,low,True,ok,,0.9666666666666667,0.9988888888888888,0.0810106681476833,0.07373908792327061,0.02285311081363773,0.4679187625714024,336,catboost,0.39491207071565226,False,,
synthetic_mixed,tabpfn_client,icl,class_imbalance,0.4,1238898490,train_only,True,low,True,ok,,0.9555555555555556,0.9969444444444444,0.10585073802774249,0.09634949392025229,0.021640495326335413,0.45903094164754604,308,catboost,0.39491207071565226,False,,
synthetic_mixed,xgboost,gbdt,class_imbalance,0.0,1154404811,train_only,True,low,True,ok,,0.8388888888888889,0.9696296296296296,0.3559387227605353,0.3239893877320939,0.09317896088259953,0.3493710952075556,420,catboost,0.39491207071565226,True,utility_gap,
synthetic_mixed,xgboost,gbdt,class_imbalance,0.05,3377252360,train_only,True,low,True,ok,,0.8555555555555555,0.9699537037037036,0.33501369279898957,0.30494260464275313,0.07840449829721598,0.36065344857736037,406,catboost,0.39491207071565226,True,utility_gap,
synthetic_mixed,xgboost,gbdt,class_imbalance,0.1,3213649829,train_only,True,low,True,ok,,0.8388888888888889,0.9685185185185184,0.3724545356620557,0.3390227284946874,0.08685045885050816,0.3457379044963069,392,catboost,0.39491207071565226,True,utility_gap,
synthetic_mixed,xgboost,gbdt,class_imbalance,0.2,3571267904,train_only,True,low,True,ok,,0.8166666666666667,0.9585648148148148,0.4222825054315319,0.3843781011620408,0.11108546965031514,0.3204671609065099,364,catboost,0.39491207071565226,True,utility_gap;ece,
synthetic_mixed,xgboost,gbdt,class_imbalance,0.3,1921414924,train_only,True,low,True,ok,,0.8055555555555556,0.9517592592592593,0.49549861030595693,0.4510222718395669,0.12532060060400835,0.2935782724014024,336,catboost,0.39491207071565226,True,utility_gap;ece,
synthetic_mixed,xgboost,gbdt,class_imbalance,0.4,1238898490,train_only,True,low,True,ok,,0.7888888888888889,0.9517129629629629,0.4503881834413815,0.40996099177754924,0.11269896426298864,0.30590477998450777,308,catboost,0.39491207071565226,True,utility_gap;ece,
synthetic_mixed,catboost,gbdt,context_budget,0.0,3195668456,train_only,True,low,True,ok,,0.8888888888888888,0.9795833333333333,0.25653330764511656,0.23350667955491544,0.05611712708936552,0.39491207071565226,420,catboost,0.39491207071565226,False,,
synthetic_mixed,catboost,gbdt,context_budget,0.05,1477593919,train_only,True,low,True,ok,,0.8666666666666667,0.9730555555555555,0.2916301448084924,0.2654531974715547,0.07292893088080085,0.3763476990268178,399,catboost,0.39491207071565226,False,,
synthetic_mixed,catboost,gbdt,context_budget,0.1,131356156,train_only,True,low,True,ok,,0.9,0.9797685185185184,0.2557385399709754,0.23278325084185716,0.04547596272042624,0.398988813684839,378,catboost,0.39491207071565226,False,,
synthetic_mixed,catboost,gbdt,context_budget,0.2,4163906288,train_only,True,low,True,ok,,0.8555555555555555,0.9728703703703703,0.29828393811068643,0.2715097411410786,0.060875936188530495,0.37520985338293317,336,catboost,0.39491207071565226,False,,
synthetic_mixed,catboost,gbdt,context_budget,0.3,541401102,train_only,True,low,True,ok,,0.8333333333333334,0.967962962962963,0.3485710873993167,0.31728307701882974,0.05532141638787961,0.3575378306538122,294,catboost,0.39491207071565226,True,utility_gap,
synthetic_mixed,catboost,gbdt,context_budget,0.4,1993354958,train_only,True,low,True,ok,,0.8555555555555555,0.970138888888889,0.30496092014758286,0.27758739210654454,0.06365384009165832,0.3718749587941494,252,catboost,0.39491207071565226,False,,
synthetic_mixed,hist_gbdt,gbdt,context_budget,0.0,3195668456,train_only,True,low,True,ok,,0.8333333333333334,0.9610648148148148,0.45381722791399276,0.41308224256636794,0.09789483455909935,0.3178690455034549,420,catboost,0.39491207071565226,True,utility_gap,
synthetic_mixed,hist_gbdt,gbdt,context_budget,0.05,1477593919,train_only,True,low,True,ok,,0.8277777777777777,0.9586574074074073,0.484600335789773,0.44110223487238864,0.10243176492826972,0.30687973581188865,399,catboost,0.39491207071565226,True,utility_gap;ece,
synthetic_mixed,hist_gbdt,gbdt,context_budget,0.1,131356156,train_only,True,low,True,ok,,0.8277777777777777,0.9559722222222221,0.4789034208910202,0.435916679460789,0.09910860496126295,0.30816021961395507,378,catboost,0.39491207071565226,True,utility_gap,
synthetic_mixed,hist_gbdt,gbdt,context_budget,0.2,4163906288,train_only,True,low,True,ok,,0.8666666666666667,0.969861111111111,0.36175612282413017,0.3292846134669594,0.06715555193057303,0.35723489446268636,336,catboost,0.39491207071565226,True,utility_gap,
synthetic_mixed,hist_gbdt,gbdt,context_budget,0.3,541401102,train_only,True,low,True,ok,,0.8277777777777777,0.9512962962962964,0.4779487849564822,0.4350477323860249,0.09823160943296237,0.30695972876797045,294,catboost,0.39491207071565226,True,utility_gap,
synthetic_mixed,hist_gbdt,gbdt,context_budget,0.4,1993354958,train_only,True,low,True,ok,,0.8,0.9522685185185185,0.4467125906611487,0.40661532304787495,0.11259308773265264,0.30879076702058844,252,catboost,0.39491207071565226,True,utility_gap;ece,
synthetic_mixed,logreg,linear,context_budget,0.0,3195668456,train_only,True,low,True,ok,,0.9166666666666666,0.9885648148148148,0.25893897698232515,0.23569641415193607,0.11421330958310631,0.3899460990229831,420,catboost,0.39491207071565226,True,ece,
synthetic_mixed,logreg,linear,context_budget,0.05,1477593919,train_only,True,low,True,ok,,0.9166666666666666,0.987361111111111,0.26626643863041016,0.2423661571756268,0.11314739543960377,0.38773706264828006,399,catboost,0.39491207071565226,True,ece,
synthetic_mixed,logreg,linear,context_budget,0.1,131356156,train_only,True,low,True,ok,,0.9222222222222223,0.9893981481481483,0.26315428591178014,0.2395333536918764,0.11189489318804259,0.3903837004400138,378,catboost,0.39491207071565226,True,ece,
synthetic_mixed,logreg,linear,context_budget,0.2,4163906288,train_only,True,low,True,ok,,0.9055555555555556,0.9880092592592593,0.2726432362686723,0.24817056852623437,0.1225455169657237,0.3826763001230591,336,catboost,0.39491207071565226,True,ece,
synthetic_mixed,logreg,linear,context_budget,0.3,541401102,train_only,True,low,True,ok,,0.9055555555555556,0.98375,0.29471112920370207,0.2682576303246997,0.11121586148420351,0.37742537193908265,294,catboost,0.39491207071565226,True,ece,
synthetic_mixed,logreg,linear,context_budget,0.4,1993354958,train_only,True,low,True,ok,,0.8944444444444445,0.9802314814814815,0.3146613118763569,0.28641706917172116,0.11076462370335055,0.36916963969299876,252,catboost,0.39491207071565226,True,ece,
synthetic_mixed,tabicl,icl,context_budget,0.0,3195668456,train_only,True,low,True,ok,,0.9833333333333333,0.9997685185185184,0.03971520705594975,0.03615033935593241,0.021409220722919696,0.4822920355301178,420,catboost,0.39491207071565226,False,,
synthetic_mixed,tabicl,icl,context_budget,0.05,1477593919,train_only,True,low,True,ok,,0.9833333333333333,0.9998148148148148,0.03911454210134813,0.035603590552193996,0.023789489764242198,0.48199621006667853,399,catboost,0.39491207071565226,False,,
synthetic_mixed,tabicl,icl,context_budget,0.1,131356156,train_only,True,low,True,ok,,0.9888888888888889,0.9998148148148148,0.04352747622669557,0.03962041629760542,0.02281101380364833,0.4818201908685072,378,catboost,0.39491207071565226,False,,
synthetic_mixed,tabicl,icl,context_budget,0.2,4163906288,train_only,True,low,True,ok,,0.9722222222222222,0.9986111111111112,0.059743000377406354,0.05438042245989721,0.023254872724654756,0.4743821209393221,336,catboost,0.39491207071565226,False,,
synthetic_mixed,tabicl,icl,context_budget,0.3,541401102,train_only,True,low,True,ok,,0.9777777777777777,0.999212962962963,0.05665649563146016,0.051570964766967084,0.019771051628133,0.476965703947987,294,catboost,0.39491207071565226,False,,
synthetic_mixed,tabicl,icl,context_budget,0.4,1993354958,train_only,True,low,True,ok,,0.9611111111111111,0.9979629629629629,0.08895737524136141,0.08097249244245018,0.036835418207149244,0.46179487232953875,252,catboost,0.39491207071565226,False,,
synthetic_mixed,tabpfn_client,icl,context_budget,0.0,3195668456,train_only,True,low,True,ok,,0.9611111111111111,0.9987962962962963,0.07006138971677446,0.06377262519219824,0.021012097347169266,0.47041116334327704,420,catboost,0.39491207071565226,False,,
synthetic_mixed,tabpfn_client,icl,context_budget,0.05,1477593919,train_only,True,low,True,ok,,0.9777777777777777,0.999537037037037,0.060984630026899675,0.05551060247180896,0.02880570307572141,0.47409030827294263,399,catboost,0.39491207071565226,False,,
synthetic_mixed,tabpfn_client,icl,context_budget,0.1,131356156,train_only,True,low,True,ok,,0.9666666666666667,0.9989351851851852,0.06990084968629925,0.06362649535901584,0.01824031015650434,0.4718913041758092,378,catboost,0.39491207071565226,False,,
synthetic_mixed,tabpfn_client,icl,context_budget,0.2,4163906288,train_only,True,low,True,ok,,0.9666666666666667,0.999212962962963,0.0713939931941398,0.06498561315083551,0.033927147649779374,0.4684434235618305,336,catboost,0.39491207071565226,False,,
synthetic_mixed,tabpfn_client,icl,context_budget,0.3,541401102,train_only,True,low,True,ok,,0.9722222222222222,0.9984722222222223,0.07664234921124037,0.06976287267290343,0.03213851120596869,0.4679420470680464,294,catboost,0.39491207071565226,False,,
synthetic_mixed,tabpfn_client,icl,context_budget,0.4,1993354958,train_only,True,low,True,ok,,0.95,0.9969444444444444,0.10951687742169978,0.09968655780691416,0.02922184923752718,0.45568021836597583,252,catboost,0.39491207071565226,False,,
synthetic_mixed,xgboost,gbdt,context_budget,0.0,3195668456,train_only,True,low,True,ok,,0.8388888888888889,0.9696296296296296,0.3559387227605353,0.3239893877320939,0.09317896088259953,0.3493710952075556,420,catboost,0.39491207071565226,True,utility_gap,
synthetic_mixed,xgboost,gbdt,context_budget,0.05,1477593919,train_only,True,low,True,ok,,0.8444444444444444,0.9691203703703705,0.34433204584453947,0.3134245351123703,0.08920651640159612,0.35399013248226596,399,catboost,0.39491207071565226,True,utility_gap,
synthetic_mixed,xgboost,gbdt,context_budget,0.1,131356156,train_only,True,low,True,ok,,0.8666666666666667,0.9704166666666666,0.31718114386254637,0.28871071909005985,0.07440126468712643,0.36815236466889006,378,catboost,0.39491207071565226,False,,
synthetic_mixed,xgboost,gbdt,context_budget,0.2,4163906288,train_only,True,low,True,ok,,0.8444444444444444,0.9720370370370371,0.31976875959340745,0.2910660684317263,0.08598831237981432,0.3623621466241489,336,catboost,0.39491207071565226,True,utility_gap,
synthetic_mixed,xgboost,gbdt,context_budget,0.3,541401102,train_only,True,low,True,ok,,0.8388888888888889,0.960324074074074,0.3809889096347317,0.3467910504593202,0.07475880342340481,0.3429576834367822,294,catboost,0.39491207071565226,True,utility_gap,
synthetic_mixed,xgboost,gbdt,context_budget,0.4,1993354958,train_only,True,low,True,ok,,0.85,0.9692129629629629,0.3261151169485332,0.2968427718425534,0.07258161036095295,0.36315538341208037,252,catboost,0.39491207071565226,True,utility_gap,
synthetic_mixed,catboost,gbdt,covariate_shift,0.0,1880994505,test_only,True,low,True,ok,,0.8888888888888888,0.9795833333333333,0.25653330764511656,0.23350667955491544,0.05611712708936552,0.39491207071565226,420,catboost,0.39491207071565226,False,,
synthetic_mixed,catboost,gbdt,covariate_shift,0.05,2131583368,test_only,True,low,True,ok,,0.8777777777777778,0.975462962962963,0.2806363382865423,0.25544620352532976,0.05242873986980066,0.3859590946721447,420,catboost,0.39491207071565226,False,,
synthetic_mixed,catboost,gbdt,covariate_shift,0.1,1352332560,test_only,True,low,True,ok,,0.8611111111111112,0.9696296296296296,0.31064607091871743,0.282762239347719,0.06016343094151325,0.3716756790444186,420,catboost,0.39491207071565226,False,,
synthetic_mixed,catboost,gbdt,covariate_shift,0.2,3889065284,test_only,True,low,True,ok,,0.8388888888888889,0.9606944444444445,0.3667797446849033,0.3338573111443752,0.05374568594089409,0.3511700583573975,420,catboost,0.39491207071565226,True,utility_gap,
synthetic_mixed,catboost,gbdt,covariate_shift,0.3,3272083216,test_only,True,low,True,ok,,0.8166666666666667,0.9389814814814814,0.47960087014516656,0.4365515251304946,0.06618772039321663,0.30694051690072677,420,catboost,0.39491207071565226,True,utility_gap,
synthetic_mixed,catboost,gbdt,covariate_shift,0.4,3896819579,test_only,True,low,True,ok,,0.7833333333333333,0.9323148148148149,0.5544000634438192,0.5046366849909716,0.10031490802525676,0.2723561980828424,420,catboost,0.39491207071565226,True,utility_gap;ece,
synthetic_mixed,hist_gbdt,gbdt,covariate_shift,0.0,1880994505,test_only,True,low,True,ok,,0.8333333333333334,0.9610648148148148,0.45381722791399276,0.41308224256636794,0.09789483455909935,0.3178690455034549,420,catboost,0.39491207071565226,True,utility_gap,
synthetic_mixed,hist_gbdt,gbdt,covariate_shift,0.05,2131583368,test_only,True,low,True,ok,,0.8277777777777777,0.9604166666666666,0.42768457506684016,0.3892952768490681,0.1081715956861801,0.3218895978080435,420,catboost,0.39491207071565226,True,utility_gap;ece,
synthetic_mixed,hist_gbdt,gbdt,covariate_shift,0.1,1352332560,test_only,True,low,True,ok,,0.8333333333333334,0.960462962962963,0.45485923393050415,0.41403071731697777,0.1061021320125011,0.3157323954394435,420,catboost,0.39491207071565226,True,utility_gap;ece,
synthetic_mixed,hist_gbdt,gbdt,covariate_shift,0.2,3889065284,test_only,True,low,True,ok,,0.8444444444444444,0.9624074074074075,0.4396352486432798,0.40017324872295634,0.09543516967977898,0.32437025070641656,420,catboost,0.39491207071565226,True,utility_gap,
synthetic_mixed,hist_gbdt,gbdt,covariate_shift,0.3,3272083216,test_only,True,low,True,ok,,0.7888888888888889,0.9312037037037038,0.7832386112502402,0.7129345077686967,0.1598914229772842,0.19839599270356373,420,catboost,0.39491207071565226,True,utility_gap;ece,
synthetic_mixed,hist_gbdt,gbdt,covariate_shift,0.4,3896819579,test_only,True,low,True,ok,,0.7722222222222223,0.936712962962963,0.7006409183139006,0.637750847629162,0.16873163453435286,0.2186112891747512,420,catboost,0.39491207071565226,True,utility_gap;ece,
synthetic_mixed,logreg,linear,covariate_shift,0.0,1880994505,test_only,True,low,True,ok,,0.9166666666666666,0.9885648148148148,0.25893897698232515,0.23569641415193607,0.11421330958310631,0.3899460990229831,420,catboost,0.39491207071565226,True,ece,
synthetic_mixed,logreg,linear,covariate_shift,0.05,2131583368,test_only,True,low,True,ok,,0.9222222222222223,0.9889814814814816,0.2567100529775251,0.23366756008959688,0.1120177732588872,0.3919730291731953,420,catboost,0.39491207071565226,True,ece,
synthetic_mixed,logreg,linear,covariate_shift,0.1,1352332560,test_only,True,low,True,ok,,0.9388888888888889,0.9891203703703703,0.25563837093023506,0.23269207305168174,0.12238233358899898,0.3927413743296586,420,catboost,0.39491207071565226,True,ece,
synthetic_mixed,logreg,linear,covariate_shift,0.2,3889065284,test_only,True,low,True,ok,,0.9333333333333333,0.9892592592592592,0.2569531159688714,0.23388880555886152,0.12159044801137096,0.39175600947080796,420,catboost,0.39491207071565226,True,ece,
synthetic_mixed,logreg,linear,covariate_shift,0.3,3272083216,test_only,True,low,True,ok,,0.9388888888888889,0.9879629629629628,0.2628456639126156,0.23925243384203682,0.12092447597720826,0.3906597450223176,420,catboost,0.39491207071565226,True,ece,
synthetic_mixed,logreg,linear,covariate_shift,0.4,3896819579,test_only,True,low,True,ok,,0.9222222222222223,0.9862962962962962,0.27326086034624886,0.24873275418895377,0.10383850238594383,0.3881495103031621,420,catboost,0.39491207071565226,True,ece,
synthetic_mixed,tabicl,icl,covariate_shift,0.0,1880994505,test_only,True,low,True,ok,,0.9833333333333333,0.9997685185185184,0.03971520705594975,0.03615033935593241,0.021409220722919696,0.4822920355301178,420,catboost,0.39491207071565226,False,,
synthetic_mixed,tabicl,icl,covariate_shift,0.05,2131583368,test_only,True,low,True,ok,,0.9944444444444445,1.0,0.026941466397960096,0.024523179538272124,0.022939957770449923,0.487221721251095,420,catboost,0.39491207071565226,False,,
synthetic_mixed,tabicl,icl,covariate_shift,0.1,1352332560,test_only,True,low,True,ok,,1.0,1.0,0.024507493029468287,0.02230768150170582,0.02111381096451434,0.4890849333565854,420,catboost,0.39491207071565226,False,,
synthetic_mixed,tabicl,icl,covariate_shift,0.2,3889065284,test_only,True,low,True,ok,,0.9833333333333333,0.9997222222222222,0.04378594772399228,0.039855687193409865,0.024307406382303904,0.480584590343294,420,catboost,0.39491207071565226,False,,
synthetic_mixed,tabicl,icl,covariate_shift,0.3,3272083216,test_only,True,low,True,ok,,0.9555555555555556,0.9963425925925926,0.11690538604136176,0.106411868178801,0.027694649200408,0.45459075044701885,420,catboost,0.39491207071565226,False,,
synthetic_mixed,tabicl,icl,covariate_shift,0.4,3896819579,test_only,True,low,True,ok,,0.9,0.9889351851851852,0.20450349159214085,0.18614710002931822,0.0377396368366851,0.41773525743868234,420,catboost,0.39491207071565226,False,,
synthetic_mixed,tabpfn_client,icl,covariate_shift,0.0,1880994505,test_only,True,low,True,ok,,0.9611111111111111,0.9987962962962963,0.07006138971677446,0.06377262519219824,0.021012097347169266,0.47041116334327704,420,catboost,0.39491207071565226,False,,
synthetic_mixed,tabpfn_client,icl,covariate_shift,0.05,2131583368,test_only,True,low,True,ok,,0.9777777777777777,0.9998148148148148,0.048501716155237684,0.04414816460321793,0.02828756485226901,0.4776998895004327,420,catboost,0.39491207071565226,False,,
synthetic_mixed,tabpfn_client,icl,covariate_shift,0.1,1352332560,test_only,True,low,True,ok,,0.9888888888888889,0.9997685185185184,0.04808438459605596,0.04376829304754139,0.032311197944500845,0.4786595873116522,420,catboost,0.39491207071565226,False,,
synthetic_mixed,tabpfn_client,icl,covariate_shift,0.2,3889065284,test_only,True,low,True,ok,,0.9777777777777777,0.9997222222222222,0.05220819869044854,0.047521950399574145,0.03640216331110895,0.47503242666235035,420,catboost,0.39491207071565226,False,,
synthetic_mixed,tabpfn_client,icl,covariate_shift,0.3,3272083216,test_only,True,low,True,ok,,0.9555555555555556,0.9982870370370369,0.09566751566976639,0.087080325476559,0.03252708123752762,0.460104282405823,420,catboost,0.39491207071565226,False,,
synthetic_mixed,tabpfn_client,icl,covariate_shift,0.4,3896819579,test_only,True,low,True,ok,,0.9277777777777778,0.992962962962963,0.18936301839362504,0.17236564741433683,0.04762814676242004,0.4254683801269186,420,catboost,0.39491207071565226,False,,
synthetic_mixed,xgboost,gbdt,covariate_shift,0.0,1880994505,test_only,True,low,True,ok,,0.8388888888888889,0.9696296296296296,0.3559387227605353,0.3239893877320939,0.09317896088259953,0.3493710952075556,420,catboost,0.39491207071565226,True,utility_gap,
synthetic_mixed,xgboost,gbdt,covariate_shift,0.05,2131583368,test_only,True,low,True,ok,,0.8388888888888889,0.9666666666666668,0.3525323691972605,0.32088879109904106,0.09526937019884109,0.3488461552971862,420,catboost,0.39491207071565226,True,utility_gap,
synthetic_mixed,xgboost,gbdt,covariate_shift,0.1,1352332560,test_only,True,low,True,ok,,0.8388888888888889,0.9531944444444446,0.4450366804010563,0.40508984378883245,0.11980821160926658,0.31396279343038586,420,catboost,0.39491207071565226,True,utility_gap;ece,
synthetic_mixed,xgboost,gbdt,covariate_shift,0.2,3889065284,test_only,True,low,True,ok,,0.8277777777777777,0.9547222222222222,0.40757393899720346,0.3709897870260682,0.10076852349508983,0.326868803637606,420,catboost,0.39491207071565226,True,utility_gap;ece,
synthetic_mixed,xgboost,gbdt,covariate_shift,0.3,3272083216,test_only,True,low,True,ok,,0.8055555555555556,0.9260185185185185,0.6176950382718155,0.5622502539277721,0.1216180263581225,0.2519411333648587,420,catboost,0.39491207071565226,True,utility_gap;ece,
synthetic_mixed,xgboost,gbdt,covariate_shift,0.4,3896819579,test_only,True,low,True,ok,,0.75,0.922824074074074,0.5440635231992921,0.495227960592796,0.10182763106412085,0.2665545115352629,420,catboost,0.39491207071565226,True,utility_gap;ece,
synthetic_mixed,catboost,gbdt,label_noise,0.0,2606400389,train_only,True,low,True,ok,,0.8888888888888888,0.9795833333333333,0.25653330764511656,0.23350667955491544,0.05611712708936552,0.39491207071565226,420,catboost,0.39491207071565226,False,,
synthetic_mixed,catboost,gbdt,label_noise,0.05,4012134270,train_only,True,low,True,ok,,0.8111111111111111,0.9502777777777779,0.40534991668294024,0.36896539467473244,0.07127836594967273,0.3293185972965346,420,catboost,0.39491207071565226,True,utility_gap,
synthetic_mixed,catboost,gbdt,label_noise,0.1,3299585355,train_only,True,low,True,ok,,0.8055555555555556,0.9379166666666667,0.4496563117117399,0.4092948134203702,0.04719687070915321,0.316876348498725,420,catboost,0.39491207071565226,True,utility_gap,
synthetic_mixed,catboost,gbdt,label_noise,0.2,1223445796,train_only,True,low,True,ok,,0.8,0.9271296296296296,0.5006727555208573,0.45573198177843277,0.055239579289159804,0.2967278599790086,420,catboost,0.39491207071565226,True,utility_gap,
synthetic_mixed,catboost,gbdt,label_noise,0.3,2172774758,train_only,True,low,True,ok,,0.7444444444444445,0.8913888888888888,0.6226142708732569,0.5667279324065057,0.05325233401096491,0.24298393125363313,420,catboost,0.39491207071565226,True,utility_gap,
synthetic_mixed,catboost,gbdt,label_noise,0.4,2147880988,train_only,True,low,True,ok,,0.6166666666666667,0.7901851851851852,0.8614285036667594,0.7841060149719448,0.07315804776779707,0.11920140076967195,420,catboost,0.39491207071565226,True,utility_gap;nll,
synthetic_mixed,hist_gbdt,gbdt,label_noise,0.0,2606400389,train_only,True,low,True,ok,,0.8333333333333334,0.9610648148148148,0.45381722791399276,0.41308224256636794,0.09789483455909935,0.3178690455034549,420,catboost,0.39491207071565226,True,utility_gap,
synthetic_mixed,hist_gbdt,gbdt,label_noise,0.05,4012134270,train_only,True,low,True,ok,,0.7666666666666667,0.9230092592592593,0.6141069001410413,0.5589841898505858,0.13706103043388157,0.24294577769878867,420,catboost,0.39491207071565226,True,utility_gap;ece,
synthetic_mixed,hist_gbdt,gbdt,label_noise,0.1,3299585355,train_only,True,low,True,ok,,0.7611111111111111,0.9285648148148148,0.5215953168474662,0.47477651781941776,0.10403931427173799,0.27592353365167893,420,catboost,0.39491207071565226,True,utility_gap;ece,
synthetic_mixed,hist_gbdt,gbdt,label_noise,0.2,1223445796,train_only,True,low,True,ok,,0.7833333333333333,0.9110648148148147,0.5633246433860811,0.5127601877355854,0.10012652753771596,0.26251932335696626,420,catboost,0.39491207071565226,True,utility_gap;ece,
synthetic_mixed,hist_gbdt,gbdt,label_noise,0.3,2172774758,train_only,True,low,True,ok,,0.6777777777777778,0.8478703703703704,0.7486689127268498,0.6814678121200429,0.09750983573963674,0.17447898551235608,420,catboost,0.39491207071565226,True,utility_gap,
synthetic_mixed,hist_gbdt,gbdt,label_noise,0.4,2147880988,train_only,True,low,True,ok,,0.5444444444444444,0.7474074074074074,1.0591866379445425,0.9641132261761203,0.1982612813136525,0.014373035143692703,420,catboost,0.39491207071565226,True,utility_gap;ece;nll,
synthetic_mixed,logreg,linear,label_noise,0.0,2606400389,train_only,True,low,True,ok,,0.9166666666666666,0.9885648148148148,0.25893897698232515,0.23569641415193607,0.11421330958310631,0.3899460990229831,420,catboost,0.39491207071565226,True,ece,
synthetic_mixed,logreg,linear,label_noise,0.05,4012134270,train_only,True,low,True,ok,,0.8833333333333333,0.9701851851851853,0.36520492873768434,0.332423851894499,0.1277461042180903,0.346788438402847,420,catboost,0.39491207071565226,True,utility_gap;ece,
synthetic_mixed,logreg,linear,label_noise,0.1,3299585355,train_only,True,low,True,ok,,0.8333333333333334,0.9450925925925926,0.48493807522492055,0.44140965855463876,0.1570800545955693,0.29194349892190197,420,catboost,0.39491207071565226,True,utility_gap;ece,
synthetic_mixed,logreg,linear,label_noise,0.2,1223445796,train_only,True,low,True,ok,,0.7833333333333333,0.910787037037037,0.6272490626952679,0.5709467017301493,0.19919751098206054,0.2251519502475061,420,catboost,0.39491207071565226,True,utility_gap;ece,
synthetic_mixed,logreg,linear,label_noise,0.3,2172774758,train_only,True,low,True,ok,,0.7611111111111111,0.8564351851851852,0.7437401415428255,0.676981451249276,0.20853279592606483,0.16911798692148566,420,catboost,0.39491207071565226,True,utility_gap;ece,
synthetic_mixed,logreg,linear,label_noise,0.4,2147880988,train_only,True,low,True,ok,,0.6,0.789537037037037,0.8638927187791381,0.7863490402300786,0.09714690724794274,0.11100386944435084,420,catboost,0.39491207071565226,True,utility_gap;nll,
synthetic_mixed,tabicl,icl,label_noise,0.0,2606400389,train_only,True,low,True,ok,,0.9833333333333333,0.9997685185185184,0.03971520705594975,0.03615033935593241,0.021409220722919696,0.4822920355301178,420,catboost,0.39491207071565226,False,,
synthetic_mixed,tabicl,icl,label_noise,0.05,4012134270,train_only,True,low,True,ok,,0.9666666666666667,0.9977777777777778,0.1332914696690863,0.12132712426754366,0.06516506646405532,0.4447910716491481,420,catboost,0.39491207071565226,False,,
synthetic_mixed,tabicl,icl,label_noise,0.1,3299585355,train_only,True,low,True,ok,,0.9611111111111111,0.997037037037037,0.18279392407384876,0.16638620008106492,0.10615087479107091,0.421983594647096,420,catboost,0.39491207071565226,True,ece,
synthetic_mixed,tabicl,icl,label_noise,0.2,1223445796,train_only,True,low,True,ok,,0.9222222222222223,0.9906481481481482,0.31494683468981416,0.28667696323662684,0.14890204767244553,0.3692766866797079,420,catboost,0.39491207071565226,True,ece,
synthetic_mixed,tabicl,icl,label_noise,0.3,2172774758,train_only,True,low,True,ok,,0.8222222222222222,0.9579166666666667,0.5935369276934949,0.5402605940381958,0.22910623663064633,0.2507047411290787,420,catboost,0.39491207071565226,True,utility_gap;ece,
synthetic_mixed,tabicl,icl,label_noise,0.4,2147880988,train_only,True,low,True,ok,,0.8111111111111111,0.9420370370370371,0.7394516320519421,0.6730778816869124,0.30426133570210395,0.18860399798313512,420,catboost,0.39491207071565226,True,utility_gap;ece,
synthetic_mixed,tabpfn_client,icl,label_noise,0.0,2606400389,train_only,True,low,True,ok,,0.9611111111111111,0.9987962962962963,0.07006138971677446,0.06377262519219824,0.021012097347169266,0.47041116334327704,420,catboost,0.39491207071565226,False,,
synthetic_mixed,tabpfn_client,icl,label_noise,0.05,4012134270,train_only,True,low,True,ok,,0.9611111111111111,0.9980555555555556,0.15243115810176458,0.13874881946438336,0.0922211292974191,0.4334172394123123,420,catboost,0.39491207071565226,False,,
synthetic_mixed,tabpfn_client,icl,label_noise,0.1,3299585355,train_only,True,low,True,ok,,0.9388888888888889,0.9964814814814815,0.20838944141700558,0.18968424399261377,0.11944681482466603,0.40880721568913453,420,catboost,0.39491207071565226,True,ece,
synthetic_mixed,tabpfn_client,icl,label_noise,0.2,1223445796,train_only,True,low,True,ok,,0.9222222222222223,0.9894907407407407,0.33350782750761254,0.3035719069845259,0.16151273414573228,0.3612809736680883,420,catboost,0.39491207071565226,True,utility_gap;ece,
synthetic_mixed,tabpfn_client,icl,label_noise,0.3,2172774758,train_only,True,low,True,ok,,0.8777777777777778,0.9749074074074073,0.5416735011657163,0.4930524687853329,0.2595941917426224,0.2730496802751349,420,catboost,0.39491207071565226,True,utility_gap;ece,
synthetic_mixed,tabpfn_client,icl,label_noise,0.4,2147880988,train_only,True,low,True,ok,,0.8222222222222222,0.9435185185185185,0.7428063684417124,0.6761314943438739,0.31872229045818345,0.18698090842001597,420,catboost,0.39491207071565226,True,utility_gap;ece,
synthetic_mixed,xgboost,gbdt,label_noise,0.0,2606400389,train_only,True,low,True,ok,,0.8388888888888889,0.9696296296296296,0.3559387227605353,0.3239893877320939,0.09317896088259953,0.3493710952075556,420,catboost,0.39491207071565226,True,utility_gap,
synthetic_mixed,xgboost,gbdt,label_noise,0.05,4012134270,train_only,True,low,True,ok,,0.8055555555555556,0.9391203703703703,0.5040878292470818,0.458840515845865,0.0994257770926994,0.2919881527906636,420,catboost,0.39491207071565226,True,utility_gap,
synthetic_mixed,xgboost,gbdt,label_noise,0.1,3299585355,train_only,True,low,True,ok,,0.7666666666666667,0.9238888888888889,0.5825861833824282,0.5302927970055022,0.12140700763332453,0.2549918704827955,420,catboost,0.39491207071565226,True,utility_gap;ece,
synthetic_mixed,xgboost,gbdt,label_noise,0.2,1223445796,train_only,True,low,True,ok,,0.7611111111111111,0.8913888888888889,0.7017295337956663,0.6387417481433784,0.12924414206023088,0.20868142492271802,420,catboost,0.39491207071565226,True,utility_gap;ece,
synthetic_mixed,xgboost,gbdt,label_noise,0.3,2172774758,train_only,True,low,True,ok,,0.6777777777777778,0.8510648148148148,0.8353331226560693,0.7603529755422416,0.14501433144263864,0.1424305929006517,420,catboost,0.39491207071565226,True,utility_gap;ece;nll,
synthetic_mixed,xgboost,gbdt,label_noise,0.4,2147880988,train_only,True,low,True,ok,,0.5722222222222222,0.7424074074074074,1.264873653870799,1.151337616480018,0.23971946212612225,-0.04766925144330397,420,catboost,0.39491207071565226,True,utility_gap;ece;nll,
synthetic_mixed,catboost,gbdt,missingness_shift,0.0,2417230521,test_only,True,low,True,ok,,0.8888888888888888,0.9795833333333333,0.25653330764511656,0.23350667955491544,0.05611712708936552,0.39491207071565226,420,catboost,0.39491207071565226,False,,
synthetic_mixed,catboost,gbdt,missingness_shift,0.05,2219266120,test_only,True,low,True,ok,,0.8166666666666667,0.9456481481481481,0.47622909861497,0.43348240642048613,0.07200646755095393,0.30903083641551526,420,catboost,0.39491207071565226,True,utility_gap,
synthetic_mixed,catboost,gbdt,missingness_shift,0.1,464432775,test_only,True,low,True,ok,,0.7611111111111111,0.9112037037037036,0.7086892453220678,0.645076750580716,0.1193745292853206,0.21569003193168396,420,catboost,0.39491207071565226,True,utility_gap;ece,
synthetic_mixed,catboost,gbdt,missingness_shift,0.2,2309646642,test_only,True,low,True,ok,,0.6888888888888889,0.8514814814814815,0.9747955711419789,0.887297166795541,0.17970550539844052,0.09922160073350146,420,catboost,0.39491207071565226,True,utility_gap;ece;nll,
synthetic_mixed,catboost,gbdt,missingness_shift,0.3,2305060361,test_only,True,low,True,ok,,0.6833333333333333,0.8404166666666667,1.1690636185225673,1.0641275640015537,0.19109019267753236,0.039189525597360726,420,catboost,0.39491207071565226,True,utility_gap;ece;nll,
synthetic_mixed,catboost,gbdt,missingness_shift,0.4,2872962494,test_only,True,low,True,ok,,0.5833333333333334,0.7581944444444444,1.6146089648302069,1.469680415451806,0.320621413915806,-0.15216035186314744,420,catboost,0.39491207071565226,True,utility_gap;ece;nll,
synthetic_mixed,hist_gbdt,gbdt,missingness_shift,0.0,2417230521,test_only,True,low,True,ok,,0.8333333333333334,0.9610648148148148,0.45381722791399276,0.41308224256636794,0.09789483455909935,0.3178690455034549,420,catboost,0.39491207071565226,True,utility_gap,
synthetic_mixed,hist_gbdt,gbdt,missingness_shift,0.05,2219266120,test_only,True,low,True,ok,,0.7944444444444444,0.9325462962962963,0.7799550635921525,0.7099456938878066,0.13690482919913557,0.20519319636420125,420,catboost,0.39491207071565226,True,utility_gap;ece,
synthetic_mixed,hist_gbdt,gbdt,missingness_shift,0.1,464432775,test_only,True,low,True,ok,,0.7388888888888889,0.895787037037037,1.1289861494400217,1.0276474795386963,0.17703558695589133,0.08065743504350911,420,catboost,0.39491207071565226,True,utility_gap;ece;nll,
synthetic_mixed,hist_gbdt,gbdt,missingness_shift,0.2,2309646642,test_only,True,low,True,ok,,0.6777777777777778,0.8390277777777778,1.576961261402733,1.4354119989997056,0.2558357762878082,-0.0864643660685844,420,catboost,0.39491207071565226,True,utility_gap;ece;nll,
synthetic_mixed,hist_gbdt,gbdt,missingness_shift,0.3,2305060361,test_only,True,low,True,ok,,0.6833333333333333,0.8416666666666668,1.7166910986631376,1.56259957800431,0.26380539898639965,-0.1244576198652396,420,catboost,0.39491207071565226,True,utility_gap;ece;nll,
synthetic_mixed,hist_gbdt,gbdt,missingness_shift,0.4,2872962494,test_only,True,low,True,ok,,0.5888888888888889,0.7555092592592593,2.5116926042209218,2.2862411335903987,0.36372887250146013,-0.4058565405033376,420,catboost,0.39491207071565226,True,utility_gap;ece;nll,
synthetic_mixed,logreg,linear,missingness_shift,0.0,2417230521,test_only,True,low,True,ok,,0.9166666666666666,0.9885648148148148,0.25893897698232515,0.23569641415193607,0.11421330958310631,0.3899460990229831,420,catboost,0.39491207071565226,True,ece,
synthetic_mixed,logreg,linear,missingness_shift,0.05,2219266120,test_only,True,low,True,ok,,0.8444444444444444,0.9605092592592593,0.40551669827382136,0.3691172058210317,0.08179124127288487,0.33575149740652094,420,catboost,0.39491207071565226,True,utility_gap,
synthetic_mixed,logreg,linear,missingness_shift,0.1,464432775,test_only,True,low,True,ok,,0.8166666666666667,0.9263425925925927,0.5710962288905186,0.5198341897148089,0.08076366914137006,0.27461691666469074,420,catboost,0.39491207071565226,True,utility_gap,
synthetic_mixed,logreg,linear,missingness_shift,0.2,2309646642,test_only,True,low,True,ok,,0.7166666666666667,0.8689351851851853,0.7777499901587176,0.7079385495511015,0.09236284518846144,0.18077318091179212,420,catboost,0.39491207071565226,True,utility_gap,
synthetic_mixed,logreg,linear,missingness_shift,0.3,2305060361,test_only,True,low,True,ok,,0.6888888888888889,0.844212962962963,0.9615366558346962,0.8752283819803293,0.10157123052735005,0.1159251096708016,420,catboost,0.39491207071565226,True,utility_gap;ece;nll,
synthetic_mixed,logreg,linear,missingness_shift,0.4,2872962494,test_only,True,low,True,ok,,0.5777777777777777,0.7687962962962963,1.2986586197160215,1.1820900176625875,0.20757491522741878,-0.04039661797388963,420,catboost,0.39491207071565226,True,utility_gap;ece;nll,
synthetic_mixed,tabicl,icl,missingness_shift,0.0,2417230521,test_only,True,low,True,ok,,0.9833333333333333,0.9997685185185184,0.03971520705594975,0.03615033935593241,0.021409220722919696,0.4822920355301178,420,catboost,0.39491207071565226,False,,
synthetic_mixed,tabicl,icl,missingness_shift,0.05,2219266120,test_only,True,low,True,ok,,0.9222222222222223,0.9664351851851851,0.6415606197460396,0.5839736423518695,0.06621447385779425,0.28815066067102835,420,catboost,0.39491207071565226,True,utility_gap,
synthetic_mixed,tabicl,icl,missingness_shift,0.1,464432775,test_only,True,low,True,ok,,0.85,0.9080555555555555,1.4032630700542066,1.2773050916401425,0.14622317174324223,0.03288328260375327,420,catboost,0.39491207071565226,True,utility_gap;ece;nll,
synthetic_mixed,tabicl,icl,missingness_shift,0.2,2309646642,test_only,True,low,True,ok,,0.7388888888888889,0.8387500000000001,2.5301312193265497,2.3030246843442157,0.2374224020374969,-0.3339960523774307,420,catboost,0.39491207071565226,True,utility_gap;ece;nll,
synthetic_mixed,tabicl,icl,missingness_shift,0.3,2305060361,test_only,True,low,True,ok,,0.7,0.8155092592592593,3.0054915523990133,2.7357163062891705,0.2808624198501418,-0.48645913511603883,420,catboost,0.39491207071565226,True,utility_gap;ece;nll,
synthetic_mixed,tabicl,icl,missingness_shift,0.4,2872962494,test_only,True,low,True,ok,,0.6111111111111112,0.7304166666666667,4.0704790188760205,3.7051096741424763,0.3691361688689176,-0.8380476360165264,420,catboost,0.39491207071565226,True,utility_gap;ece;nll,
synthetic_mixed,tabpfn_client,icl,missingness_shift,0.0,2417230521,test_only,True,low,True,ok,,0.9611111111111111,0.9987962962962963,0.07006138971677446,0.06377262519219824,0.021012097347169266,0.47041116334327704,420,catboost,0.39491207071565226,False,,
synthetic_mixed,tabpfn_client,icl,missingness_shift,0.05,2219266120,test_only,True,low,True,ok,,0.8888888888888888,0.9684953703703704,0.5416035281277036,0.4929887765813275,0.07149523888530222,0.3101110322115042,420,catboost,0.39491207071565226,True,utility_gap,
synthetic_mixed,tabpfn_client,icl,missingness_shift,0.1,464432775,test_only,True,low,True,ok,,0.8388888888888889,0.9147222222222222,1.201796969232076,1.093922743836282,0.13456531520847506,0.09089622491853148,420,catboost,0.39491207071565226,True,utility_gap;ece;nll,
synthetic_mixed,tabpfn_client,icl,missingness_shift,0.2,2309646642,test_only,True,low,True,ok,,0.7333333333333333,0.848125,2.14099415346705,1.9488168624644278,0.23285555825509446,-0.22437242039034722,420,catboost,0.39491207071565226,True,utility_gap;ece;nll,
synthetic_mixed,tabpfn_client,icl,missingness_shift,0.3,2305060361,test_only,True,low,True,ok,,0.7055555555555556,0.8382870370370369,2.3940372142549458,2.17914658241929,0.24919429885415229,-0.30434903820032116,420,catboost,0.39491207071565226,True,utility_gap;ece;nll,
synthetic_mixed,tabpfn_client,icl,missingness_shift,0.4,2872962494,test_only,True,low,True,ok,,0.6111111111111112,0.7365740740740742,3.3764125123055666,3.073343113974196,0.3405534977765186,-0.6406460411549697,420,catboost,0.39491207071565226,True,utility_gap;ece;nll,
synthetic_mixed,xgboost,gbdt,missingness_shift,0.0,2417230521,test_only,True,low,True,ok,,0.8388888888888889,0.9696296296296296,0.3559387227605353,0.3239893877320939,0.09317896088259953,0.3493710952075556,420,catboost,0.39491207071565226,True,utility_gap,
synthetic_mixed,xgboost,gbdt,missingness_shift,0.05,2219266120,test_only,True,low,True,ok,,0.7944444444444444,0.9386111111111112,0.6280666161256727,0.571690870932367,0.14074821234580162,0.2480236518066851,420,catboost,0.39491207071565226,True,utility_gap;ece,
synthetic_mixed,xgboost,gbdt,missingness_shift,0.1,464432775,test_only,True,low,True,ok,,0.7277777777777777,0.8976851851851851,0.9555335331610135,0.8697641042404903,0.19150089840188636,0.12412707052895708,420,catboost,0.39491207071565226,True,utility_gap;ece;nll,
synthetic_mixed,xgboost,gbdt,missingness_shift,0.2,2309646642,test_only,True,low,True,ok,,0.65,0.8374074074074075,1.4029358956532243,1.2770072846664202,0.2746811412040725,-0.04744582104814798,420,catboost,0.39491207071565226,True,utility_gap;ece;nll,
synthetic_mixed,xgboost,gbdt,missingness_shift,0.3,2305060361,test_only,True,low,True,ok,,0.7,0.8453703703703703,1.4496617531906724,1.3195389930947827,0.23570879711764745,-0.042123827722334695,420,catboost,0.39491207071565226,True,utility_gap;ece;nll,
synthetic_mixed,xgboost,gbdt,missingness_shift,0.4,2872962494,test_only,True,low,True,ok,,0.5666666666666667,0.7483333333333334,2.185097036854157,1.9889610369307216,0.36184494903085057,-0.32214063421871997,420,catboost,0.39491207071565226,True,utility_gap;ece;nll,
synthetic_mixed,catboost,gbdt,rare_category_shift,0.0,3074380754,test_only,True,low,True,ok,,0.8888888888888888,0.9795833333333333,0.25653330764511656,0.23350667955491544,0.05611712708936552,0.39491207071565226,420,catboost,0.39491207071565226,False,,
synthetic_mixed,catboost,gbdt,rare_category_shift,0.05,3180913353,test_only,True,low,True,ok,,0.8611111111111112,0.9681018518518519,0.3124238222588758,0.2843804183527196,0.06975717732086224,0.3687367538448265,420,catboost,0.39491207071565226,False,,
synthetic_mixed,catboost,gbdt,rare_category_shift,0.1,3427678867,test_only,True,low,True,ok,,0.8666666666666667,0.9734259259259259,0.2924632561885445,0.26621152812982735,0.03313468727815988,0.3842086781794939,420,catboost,0.39491207071565226,False,,
synthetic_mixed,catboost,gbdt,rare_category_shift,0.2,1451343275,test_only,True,low,True,ok,,0.8555555555555555,0.9703240740740741,0.3061864434629387,0.2787029115013272,0.043618463159199365,0.3756121931770212,420,catboost,0.39491207071565226,False,,
synthetic_mixed,catboost,gbdt,rare_category_shift,0.3,2628707182,test_only,True,low,True,ok,,0.8611111111111112,0.9651388888888889,0.33147027234034054,0.30171724434485875,0.046344982131956515,0.36718110804792886,420,catboost,0.39491207071565226,False,,
synthetic_mixed,catboost,gbdt,rare_category_shift,0.4,2334207122,test_only,True,low,True,ok,,0.8777777777777778,0.9627314814814815,0.34655415119810296,0.3154471825708813,0.05576405422061912,0.36283571956979693,420,catboost,0.39491207071565226,True,utility_gap,
synthetic_mixed,hist_gbdt,gbdt,rare_category_shift,0.0,3074380754,test_only,True,low,True,ok,,0.8333333333333334,0.9610648148148148,0.45381722791399276,0.41308224256636794,0.09789483455909935,0.3178690455034549,420,catboost,0.39491207071565226,True,utility_gap,
synthetic_mixed,hist_gbdt,gbdt,rare_category_shift,0.05,3180913353,test_only,True,low,True,ok,,0.8277777777777777,0.9567592592592593,0.4865799745480713,0.4429041797247426,0.09933944440844192,0.3062932646082962,420,catboost,0.39491207071565226,True,utility_gap,
synthetic_mixed,hist_gbdt,gbdt,rare_category_shift,0.1,3427678867,test_only,True,low,True,ok,,0.8222222222222222,0.959537037037037,0.48388288015138176,0.4404491786069603,0.11215282726463527,0.30460597726128114,420,catboost,0.39491207071565226,True,utility_gap;ece,
synthetic_mixed,hist_gbdt,gbdt,rare_category_shift,0.2,1451343275,test_only,True,low,True,ok,,0.8,0.9456481481481482,0.5876799202144698,0.5349293160801405,0.13351592653486918,0.2637948717208359,420,catboost,0.39491207071565226,True,utility_gap;ece,
synthetic_mixed,hist_gbdt,gbdt,rare_category_shift,0.3,2628707182,test_only,True,low,True,ok,,0.8111111111111111,0.9460648148148149,0.5825793936852778,0.530286616756819,0.1414274139098609,0.26541788404283395,420,catboost,0.39491207071565226,True,utility_gap;ece,
synthetic_mixed,hist_gbdt,gbdt,rare_category_shift,0.4,2334207122,test_only,True,low,True,ok,,0.8,0.9426388888888889,0.6394257758808952,0.5820304237230914,0.1390397389541319,0.2475065362033573,420,catboost,0.39491207071565226,True,utility_gap;ece,
synthetic_mixed,logreg,linear,rare_category_shift,0.0,3074380754,test_only,True,low,True,ok,,0.9166666666666666,0.9885648148148148,0.25893897698232515,0.23569641415193607,0.11421330958310631,0.3899460990229831,420,catboost,0.39491207071565226,True,ece,
synthetic_mixed,logreg,linear,rare_category_shift,0.05,3180913353,test_only,True,low,True,ok,,0.9055555555555556,0.9820833333333333,0.2762271425813778,0.25143278063661445,0.094229601188323,0.38528674557135106,420,catboost,0.39491207071565226,False,,
synthetic_mixed,logreg,linear,rare_category_shift,0.1,3427678867,test_only,True,low,True,ok,,0.9111111111111111,0.9841666666666665,0.26710562468896554,0.24313001724456226,0.11413456996152195,0.3853590808343268,420,catboost,0.39491207071565226,True,ece,
synthetic_mixed,logreg,linear,rare_category_shift,0.2,1451343275,test_only,True,low,True,ok,,0.9055555555555556,0.9797685185185184,0.2846313331279163,0.2590826045401202,0.10198473549554302,0.38063058635367003,420,catboost,0.39491207071565226,True,ece,
synthetic_mixed,logreg,linear,rare_category_shift,0.3,2628707182,test_only,True,low,True,ok,,0.8777777777777778,0.9737962962962964,0.3029939308801138,0.27579696131694015,0.0579527684135676,0.37816572829257483,420,catboost,0.39491207071565226,False,,
synthetic_mixed,logreg,linear,rare_category_shift,0.4,2334207122,test_only,True,low,True,ok,,0.8611111111111112,0.9728240740740741,0.3037548800825903,0.2764896071305047,0.05670844586701218,0.3753665212800388,420,catboost,0.39491207071565226,False,,
synthetic_mixed,tabicl,icl,rare_category_shift,0.0,3074380754,test_only,True,low,True,ok,,0.9833333333333333,0.9997685185185184,0.03971520705594975,0.03615033935593241,0.021409220722919696,0.4822920355301178,420,catboost,0.39491207071565226,False,,
synthetic_mixed,tabicl,icl,rare_category_shift,0.05,3180913353,test_only,True,low,True,ok,,0.9611111111111111,0.997175925925926,0.09211622041208603,0.08384779722768447,0.02734159533640348,0.4625555825051547,420,catboost,0.39491207071565226,False,,
synthetic_mixed,tabicl,icl,rare_category_shift,0.1,3427678867,test_only,True,low,True,ok,,0.95,0.9956018518518518,0.11947508906728616,0.10875091267377905,0.0315553379542365,0.4520243067551671,420,catboost,0.39491207071565226,False,,
synthetic_mixed,tabicl,icl,rare_category_shift,0.2,1451343275,test_only,True,low,True,ok,,0.9166666666666666,0.9906481481481482,0.169179895170352,0.1539941769406706,0.030207456324854248,0.4319871075046798,420,catboost,0.39491207071565226,False,,
synthetic_mixed,tabicl,icl,rare_category_shift,0.3,2628707182,test_only,True,low,True,ok,,0.8777777777777778,0.9881944444444445,0.19036079908592443,0.17327386654003862,0.06175183353890213,0.41320219555243015,420,catboost,0.39491207071565226,False,,
synthetic_mixed,tabicl,icl,rare_category_shift,0.4,2334207122,test_only,True,low,True,ok,,0.9166666666666666,0.98375,0.2309569368195017,0.21022606355468654,0.05740925673434866,0.4072628295867243,420,catboost,0.39491207071565226,False,,
synthetic_mixed,tabpfn_client,icl,rare_category_shift,0.0,3074380754,test_only,True,low,True,ok,,0.9611111111111111,0.9987962962962963,0.07006138971677446,0.06377262519219824,0.021012097347169266,0.47041116334327704,420,catboost,0.39491207071565226,False,,
synthetic_mixed,tabpfn_client,icl,rare_category_shift,0.05,3180913353,test_only,True,low,True,ok,,0.9333333333333333,0.9954166666666667,0.1059938296484999,0.0964797415264673,0.03690212326408553,0.45207148622257604,420,catboost,0.39491207071565226,False,,
synthetic_mixed,tabpfn_client,icl,rare_category_shift,0.1,3427678867,test_only,True,low,True,ok,,0.9388888888888889,0.9951388888888889,0.12017321581073924,0.1093863750208273,0.035012688657938655,0.4493134942066085,420,catboost,0.39491207071565226,False,,
synthetic_mixed,tabpfn_client,icl,rare_category_shift,0.2,1451343275,test_only,True,low,True,ok,,0.9,0.9837037037037036,0.2461421476215684,0.22404823809132526,0.06527064226009652,0.3990276964168794,420,catboost,0.39491207071565226,False,,
synthetic_mixed,tabpfn_client,icl,rare_category_shift,0.3,2628707182,test_only,True,low,True,ok,,0.9055555555555556,0.9862962962962963,0.21276450465467656,0.19366659817051493,0.04921039759468454,0.4130949780669457,420,catboost,0.39491207071565226,False,,
synthetic_mixed,tabpfn_client,icl,rare_category_shift,0.4,2334207122,test_only,True,low,True,ok,,0.8888888888888888,0.9778240740740741,0.28627308309712823,0.26057698976241034,0.061761225591543054,0.3850464172122275,420,catboost,0.39491207071565226,False,,
synthetic_mixed,xgboost,gbdt,rare_category_shift,0.0,3074380754,test_only,True,low,True,ok,,0.8388888888888889,0.9696296296296296,0.3559387227605353,0.3239893877320939,0.09317896088259953,0.3493710952075556,420,catboost,0.39491207071565226,True,utility_gap,
synthetic_mixed,xgboost,gbdt,rare_category_shift,0.05,3180913353,test_only,True,low,True,ok,,0.8444444444444444,0.9658796296296296,0.38619880751462654,0.3515333038763205,0.10358370788466964,0.3385478042972069,420,catboost,0.39491207071565226,True,utility_gap;ece,
synthetic_mixed,xgboost,gbdt,rare_category_shift,0.1,3427678867,test_only,True,low,True,ok,,0.8444444444444444,0.9678240740740741,0.3705284824994477,0.3372695593535129,0.09321254708440972,0.34558171536965676,420,catboost,0.39491207071565226,True,utility_gap,
synthetic_mixed,xgboost,gbdt,rare_category_shift,0.2,1451343275,test_only,True,low,True,ok,,0.8055555555555556,0.9535185185185185,0.49158736618293014,0.4474621040138742,0.12979995868051836,0.2943661918745489,420,catboost,0.39491207071565226,True,utility_gap;ece,
synthetic_mixed,xgboost,gbdt,rare_category_shift,0.3,2628707182,test_only,True,low,True,ok,,0.8277777777777777,0.9497222222222222,0.4900369720653733,0.44605087447134245,0.11284873607992951,0.30018443488705576,420,catboost,0.39491207071565226,True,utility_gap;ece,
synthetic_mixed,xgboost,gbdt,rare_category_shift,0.4,2334207122,test_only,True,low,True,ok,,0.8222222222222222,0.9451851851851852,0.5216446477298038,0.4748214207236056,0.12356485195000837,0.2869887515410648,420,catboost,0.39491207071565226,True,utility_gap;ece,
wine,catboost,gbdt,class_imbalance,0.0,31856619,train_only,True,low,True,ok,,0.9074074074074074,0.9930989792100903,0.2403325141900832,0.21876008184966472,0.0703558475331986,0.40399655977310356,124,xgboost,0.4116850584572766,False,,
wine,catboost,gbdt,class_imbalance,0.05,1852930786,train_only,True,low,True,ok,,0.9074074074074074,0.9931323820212709,0.22655271695247803,0.20621716986903238,0.05854504751878505,0.41013328435408913,120,xgboost,0.4116850584572766,False,,
wine,catboost,gbdt,class_imbalance,0.1,2123797050,train_only,True,low,True,ok,,0.9259259259259259,0.996085190529635,0.19460048484708484,0.17713299482841807,0.057689794380984746,0.42284084824953877,117,xgboost,0.4116850584572766,False,,
wine,catboost,gbdt,class_imbalance,0.2,4290995467,train_only,True,low,True,ok,,0.9259259259259259,0.997047191491636,0.1706871387015458,0.15536612912684278,0.052677723518988785,0.4307100224691109,109,xgboost,0.4116850584572766,False,,
wine,catboost,gbdt,class_imbalance,0.3,2972910992,train_only,True,low,True,ok,,0.9074074074074074,0.996085190529635,0.20305640631537752,0.18482990624613407,0.061124572235549963,0.41706704147553314,102,xgboost,0.4116850584572766,False,,
wine,catboost,gbdt,class_imbalance,0.4,1620445628,train_only,True,low,True,ok,,0.9074074074074074,0.996085190529635,0.1841656632561557,0.1676348108935017,0.08631125962337735,0.4171882326037574,95,xgboost,0.4116850584572766,False,,
wine,hist_gbdt,gbdt,class_imbalance,0.0,31856619,train_only,True,low,True,ok,,0.9074074074074074,0.9960517877184544,0.3255328910661271,0.29631280700563,0.09243383837735511,0.37734862703541006,124,xgboost,0.4116850584572766,True,utility_gap,
wine,hist_gbdt,gbdt,class_imbalance,0.05,1852930786,train_only,True,low,True,ok,,0.9074074074074074,0.9960517877184544,0.3279078088360104,0.2984745503197909,0.0893799343249584,0.3773108848516411,120,xgboost,0.4116850584572766,True,utility_gap,
wine,hist_gbdt,gbdt,class_imbalance,0.1,2123797050,train_only,True,low,True,ok,,0.8888888888888888,0.9960517877184544,0.3961874755849807,0.3606253813757118,0.11179663327636066,0.35140451796680666,117,xgboost,0.4116850584572766,True,utility_gap;ece,
wine,hist_gbdt,gbdt,class_imbalance,0.2,4290995467,train_only,True,low,True,ok,,0.9259259259259259,0.9990379990379991,0.2880470966036758,0.26219176644463577,0.0707061904653518,0.39575342052572743,109,xgboost,0.4116850584572766,False,,
wine,hist_gbdt,gbdt,class_imbalance,0.3,2972910992,train_only,True,low,True,ok,,0.8888888888888888,0.9950897867564534,0.2951066729914342,0.26861766979614204,0.0812708052877929,0.3847752967016908,102,xgboost,0.4116850584572766,False,,
wine,hist_gbdt,gbdt,class_imbalance,0.4,1620445628,train_only,True,low,True,ok,,0.9259259259259259,0.9995189995189996,0.19428909850037512,0.17684955876100686,0.055243338533670326,0.42461700338550257,95,xgboost,0.4116850584572766,False,,
wine,logreg,linear,class_imbalance,0.0,31856619,train_only,True,low,True,ok,,0.9814814814814815,0.9995189995189996,0.07677444107129822,0.06988310786544619,0.03527761353478177,0.46903341698728185,124,xgboost,0.4116850584572766,False,,
wine,logreg,linear,class_imbalance,0.05,1852930786,train_only,True,low,True,ok,,0.9814814814814815,0.9995189995189996,0.0763921740094481,0.06953515339070282,0.035253973970360286,0.4691425312425892,120,xgboost,0.4116850584572766,False,,
wine,logreg,linear,class_imbalance,0.1,2123797050,train_only,True,low,True,ok,,0.9814814814814815,0.9995189995189996,0.078558001955846,0.07150657494563883,0.037640733469124624,0.46807375287635555,117,xgboost,0.4116850584572766,False,,
wine,logreg,linear,class_imbalance,0.2,4290995467,train_only,True,low,True,ok,,0.9814814814814815,0.9990379990379991,0.08240049744915201,0.07500416507178281,0.06394193849570844,0.46159588466484536,109,xgboost,0.4116850584572766,False,,
wine,logreg,linear,class_imbalance,0.3,2972910992,train_only,True,low,True,ok,,0.9814814814814815,0.9990379990379991,0.08064741375219796,0.07340843952325524,0.04164451231358104,0.46653408756582915,102,xgboost,0.4116850584572766,False,,
wine,logreg,linear,class_imbalance,0.4,1620445628,train_only,True,low,True,ok,,0.9814814814814815,1.0,0.07338105691606939,0.06679431649634293,0.04454250791707524,0.4682754256899043,95,xgboost,0.4116850584572766,False,,
wine,tabicl,icl,class_imbalance,0.0,31856619,train_only,True,low,True,ok,,1.0,1.0,0.010597642900546189,0.009646390277860555,0.009960346218285178,0.4951140136729848,124,xgboost,0.4116850584572766,False,,
wine,tabicl,icl,class_imbalance,0.05,1852930786,train_only,True,low,True,ok,,1.0,1.0,0.013150543279903571,0.01197014034482218,0.012082212354861314,0.4939925154255811,120,xgboost,0.4116850584572766,False,,
wine,tabicl,icl,class_imbalance,0.1,2123797050,train_only,True,low,True,ok,,1.0,1.0,0.010991910378484794,0.010005268002063507,0.010232944907588038,0.49495183061786335,117,xgboost,0.4116850584572766,False,,
wine,tabicl,icl,class_imbalance,0.2,4290995467,train_only,True,low,True,ok,,1.0,1.0,0.02150020392230571,0.019570328990558845,0.019026444389524215,0.4903236124249275,109,xgboost,0.4116850584572766,False,,
wine,tabicl,icl,class_imbalance,0.3,2972910992,train_only,True,low,True,ok,,1.0,1.0,0.021878956731206493,0.019915084654415435,0.01945170011064773,0.4901351345815458,102,xgboost,0.4116850584572766,False,,
wine,tabicl,icl,class_imbalance,0.4,1620445628,train_only,True,low,True,ok,,0.9814814814814815,1.0,0.03465278741084088,0.03154232641330801,0.027283590576787843,0.48230280618287225,95,xgboost,0.4116850584572766,False,,
wine,tabpfn_client,icl,class_imbalance,0.0,31856619,train_only,True,low,True,ok,,0.9629629629629629,1.0,0.038387121159404194,0.03494146347656678,0.02880079835570189,0.47820184573033403,124,xgboost,0.4116850584572766,False,,
wine,tabpfn_client,icl,class_imbalance,0.05,1852930786,train_only,True,low,True,ok,,0.9629629629629629,1.0,0.036851414231981405,0.03354360279062398,0.027581270730660704,0.47886510946112504,120,xgboost,0.4116850584572766,False,,
wine,tabpfn_client,icl,class_imbalance,0.1,2123797050,train_only,True,low,True,ok,,0.9629629629629629,1.0,0.04569893995167459,0.041596967759278555,0.031142217720278722,0.47573691057260514,117,xgboost,0.4116850584572766,False,,
wine,tabpfn_client,icl,class_imbalance,0.2,4290995467,train_only,True,low,True,ok,,0.9814814814814815,1.0,0.04394355313760772,0.03999914582321138,0.012521814701246543,0.48271811553500954,109,xgboost,0.4116850584572766,False,,
wine,tabpfn_client,icl,class_imbalance,0.3,2972910992,train_only,True,low,True,ok,,0.9629629629629629,1.0,0.049353449694641234,0.04492344588141676,0.03601980110498296,0.4737634504590228,102,xgboost,0.4116850584572766,False,,
wine,tabpfn_client,icl,class_imbalance,0.4,1620445628,train_only,True,low,True,ok,,0.9629629629629629,1.0,0.047097207611671514,0.04286972583273147,0.03395941440703653,0.47479164381321765,95,xgboost,0.4116850584572766,False,,
wine,xgboost,gbdt,class_imbalance,0.0,31856619,train_only,True,low,True,ok,,0.9074074074074074,0.9946421890866336,0.2096246220940219,0.19080855389680554,0.07654126332557283,0.4116850584572766,124,xgboost,0.4116850584572766,False,,
wine,xgboost,gbdt,class_imbalance,0.05,1852930786,train_only,True,low,True,ok,,0.9074074074074074,0.995123189567634,0.20459128059359127,0.1862270090221048,0.08386531436189786,0.41176306188077194,120,xgboost,0.4116850584572766,False,,
wine,xgboost,gbdt,class_imbalance,0.1,2123797050,train_only,True,low,True,ok,,0.9074074074074074,0.9916559777670889,0.22871445431083265,0.20818486801027142,0.08043366321029276,0.40464851028445226,117,xgboost,0.4116850584572766,False,,
wine,xgboost,gbdt,class_imbalance,0.2,4290995467,train_only,True,low,True,ok,,0.9074074074074074,0.9885923747034857,0.25528069165887324,0.2323664993483369,0.057490033809319885,0.400910485690966,109,xgboost,0.4116850584572766,False,,
wine,xgboost,gbdt,class_imbalance,0.3,2972910992,train_only,True,low,True,ok,,0.8518518518518519,0.9887031692587248,0.21614613189255982,0.19674468793226604,0.09640805709197096,0.3955188692202575,102,xgboost,0.4116850584572766,False,,
wine,xgboost,gbdt,class_imbalance,0.4,1620445628,train_only,True,low,True,ok,,0.9259259259259259,0.9960183849072738,0.15224630627898042,0.13858056008417174,0.060268278074663936,0.4338674999662504,95,xgboost,0.4116850584572766,False,,
wine,catboost,gbdt,context_budget,0.0,1840275985,train_only,True,low,True,ok,,0.9074074074074074,0.9930989792100903,0.2403325141900832,0.21876008184966472,0.0703558475331986,0.40399655977310356,124,xgboost,0.4116850584572766,False,,
wine,catboost,gbdt,context_budget,0.05,3432546378,train_only,True,low,True,ok,,0.8888888888888888,0.9926179787290899,0.24665312367434633,0.22451334853843066,0.062128773156396755,0.4009698666957062,118,xgboost,0.4116850584572766,False,,
wine,catboost,gbdt,context_budget,0.1,3944480167,train_only,True,low,True,ok,,0.8148148148148148,0.9807065362620918,0.37758649670215116,0.34369404074290294,0.12616822225827154,0.3371276532394291,112,xgboost,0.4116850584572766,True,utility_gap;ece,
wine,catboost,gbdt,context_budget,0.2,3972412019,train_only,True,low,True,ok,,0.9074074074074074,0.9911415744749078,0.186270488728813,0.16955070560391775,0.07227937169326537,0.4176895761575004,99,xgboost,0.4116850584572766,False,,
wine,catboost,gbdt,context_budget,0.3,1861154549,train_only,True,low,True,ok,,0.8333333333333334,0.9871599593821817,0.34658824728899934,0.3154782181702898,0.10850071181224492,0.35416237797022765,87,xgboost,0.4116850584572766,True,utility_gap;ece,
wine,catboost,gbdt,context_budget,0.4,2193463701,train_only,True,low,True,ok,,0.8888888888888888,0.9990379990379991,0.228805821601464,0.2082680341022347,0.08592673552220505,0.40333087566152154,75,xgboost,0.4116850584572766,False,,
wine,hist_gbdt,gbdt,context_budget,0.0,1840275985,train_only,True,low,True,ok,,0.9074074074074074,0.9960517877184544,0.3255328910661271,0.29631280700563,0.09243383837735511,0.37734862703541006,124,xgboost,0.4116850584572766,True,utility_gap,
wine,hist_gbdt,gbdt,context_budget,0.05,3432546378,train_only,True,low,True,ok,,0.9074074074074074,0.9896651702207256,0.35819502135634695,0.3260431592209847,0.08030068791704409,0.36862083533866086,118,xgboost,0.4116850584572766,True,utility_gap,
wine,hist_gbdt,gbdt,context_budget,0.1,3944480167,train_only,True,low,True,ok,,0.8888888888888888,0.9960517877184544,0.3492127181463186,0.31786711449376076,0.0942028559768026,0.36775075349130354,112,xgboost,0.4116850584572766,True,utility_gap,
wine,hist_gbdt,gbdt,context_budget,0.2,3972412019,train_only,True,low,True,ok,,0.9074074074074074,0.9905717739051072,0.20141604987500014,0.1833367894684526,0.06763296411004305,0.4142836023153541,99,xgboost,0.4116850584572766,False,,
wine,hist_gbdt,gbdt,context_budget,0.3,1861154549,train_only,True,low,True,ok,,0.9259259259259259,1.0,0.1594544062993185,0.14514165547213317,0.05347392800292615,0.4346516066466637,87,xgboost,0.4116850584572766,False,,
wine,hist_gbdt,gbdt,context_budget,0.4,2193463701,train_only,True,low,True,ok,,0.9444444444444444,0.9984681984681986,0.16915930374515173,0.15397543381772116,0.03315603950787545,0.43830669808364475,75,xgboost,0.4116850584572766,False,,
wine,logreg,linear,context_budget,0.0,1840275985,train_only,True,low,True,ok,,0.9814814814814815,0.9995189995189996,0.07677444107129822,0.06988310786544619,0.03527761353478177,0.46903341698728185,124,xgboost,0.4116850584572766,False,,
wine,logreg,linear,context_budget,0.05,3432546378,train_only,True,low,True,ok,,0.9814814814814815,0.9995189995189996,0.07674616114427601,0.06985736636654444,0.06153807516701553,0.46378904711050567,118,xgboost,0.4116850584572766,False,,
wine,logreg,linear,context_budget,0.1,3944480167,train_only,True,low,True,ok,,0.9814814814814815,0.9990379990379991,0.08659806355539473,0.07882495439804421,0.04987063154150281,0.4632639092578081,112,xgboost,0.4116850584572766,False,,
wine,logreg,linear,context_budget,0.2,3972412019,train_only,True,low,True,ok,,0.9814814814814815,0.9995189995189996,0.0833478253995869,0.07586646013274866,0.05154292478785919,0.46398534905647565,99,xgboost,0.4116850584572766,False,,
wine,logreg,linear,context_budget,0.3,1861154549,train_only,True,low,True,ok,,0.9814814814814815,1.0,0.09414209711196946,0.08569182966822769,0.05036704491939685,0.4614412643378745,87,xgboost,0.4116850584572766,False,,
wine,logreg,linear,context_budget,0.4,2193463701,train_only,True,low,True,ok,,0.9629629629629629,0.9990379990379991,0.1014440633481768,0.09233836576792834,0.06653290487627747,0.4530996534021101,75,xgboost,0.4116850584572766,False,,
wine,tabicl,icl,context_budget,0.0,1840275985,train_only,True,low,True,ok,,1.0,1.0,0.010597642900546189,0.009646390277860555,0.009960346218285178,0.4951140136729848,124,xgboost,0.4116850584572766,False,,
wine,tabicl,icl,context_budget,0.05,3432546378,train_only,True,low,True,ok,,1.0,1.0,0.013227411265900366,0.012040108600948264,0.012317232603336526,0.4939245208990482,118,xgboost,0.4116850584572766,False,,
wine,tabicl,icl,context_budget,0.1,3944480167,train_only,True,low,True,ok,,1.0,1.0,0.008196313951898003,0.007460606472766395,0.007783614554538394,0.4962050951472624,112,xgboost,0.4116850584572766,False,,
wine,tabicl,icl,context_budget,0.2,3972412019,train_only,True,low,True,ok,,0.9814814814814815,1.0,0.029053263330827247,0.026445419945238045,0.022516343654162264,0.4847853275078184,99,xgboost,0.4116850584572766,False,,
wine,tabicl,icl,context_budget,0.3,1861154549,train_only,True,low,True,ok,,0.9814814814814815,1.0,0.029234395527863513,0.026610293576185554,0.02415955395472878,0.48440722335842085,87,xgboost,0.4116850584572766,False,,
wine,tabicl,icl,context_budget,0.4,2193463701,train_only,True,low,True,ok,,0.9814814814814815,0.9995189995189996,0.039353406119521636,0.03582101395136522,0.029872710674926417,0.48033302573347725,75,xgboost,0.4116850584572766,False,,
wine,tabpfn_client,icl,context_budget,0.0,1840275985,train_only,True,low,True,ok,,0.9629629629629629,1.0,0.038387121159404194,0.03494146347656678,0.02880079835570189,0.47820184573033403,124,xgboost,0.4116850584572766,False,,
wine,tabpfn_client,icl,context_budget,0.05,3432546378,train_only,True,low,True,ok,,1.0,1.0,0.03231585354243215,0.029415157536249584,0.026550134543999133,0.48586542583032527,118,xgboost,0.4116850584572766,False,,
wine,tabpfn_client,icl,context_budget,0.1,3944480167,train_only,True,low,True,ok,,0.9814814814814815,1.0,0.03421120245567913,0.03114037846523153,0.009955020223354065,0.48588910463798196,112,xgboost,0.4116850584572766,False,,
wine,tabpfn_client,icl,context_budget,0.2,3972412019,train_only,True,low,True,ok,,0.9814814814814815,1.0,0.034981049594407634,0.03184112352940865,0.027276330417425818,0.4822146190799145,99,xgboost,0.4116850584572766,False,,
wine,tabpfn_client,icl,context_budget,0.3,1861154549,train_only,True,low,True,ok,,0.9444444444444444,1.0,0.09786763400613424,0.089082959489542,0.05487824507490994,0.45396612980482204,87,xgboost,0.4116850584572766,False,,
wine,tabpfn_client,icl,context_budget,0.4,2193463701,train_only,True,low,True,ok,,0.9444444444444444,0.9995189995189996,0.07695907684220264,0.07005117058676189,0.04607237443598455,0.46126849043509105,75,xgboost,0.4116850584572766,False,,
wine,xgboost,gbdt,context_budget,0.0,1840275985,train_only,True,low,True,ok,,0.9074074074074074,0.9946421890866336,0.2096246220940219,0.19080855389680554,0.07654126332557283,0.4116850584572766,124,xgboost,0.4116850584572766,False,,
wine,xgboost,gbdt,context_budget,0.05,3432546378,train_only,True,low,True,ok,,0.8703703703703703,0.9896651702207256,0.2541156086462884,0.23130599508800562,0.09709560120588946,0.38812744636523,118,xgboost,0.4116850584572766,False,,
wine,xgboost,gbdt,context_budget,0.1,3944480167,train_only,True,low,True,ok,,0.9259259259259259,0.9950897867564534,0.21425780470478117,0.19502585845324397,0.08819971515598904,0.4110226136864766,112,xgboost,0.4116850584572766,False,,
wine,xgboost,gbdt,context_budget,0.2,3972412019,train_only,True,low,True,ok,,0.8888888888888888,0.9911749772860884,0.18972862989274672,0.17269844134254322,0.08953225406969544,0.41052859216676213,99,xgboost,0.4116850584572766,False,,
wine,xgboost,gbdt,context_budget,0.3,1861154549,train_only,True,low,True,ok,,0.9259259259259259,0.9940943829832718,0.22145460493381142,0.2015766683279043,0.07184838056795771,0.4119792463210712,87,xgboost,0.4116850584572766,False,,
wine,xgboost,gbdt,context_budget,0.4,2193463701,train_only,True,low,True,ok,,0.9444444444444444,0.9960297932520156,0.1958236135155968,0.17824633452170952,0.03402973115678437,0.4299972477170024,75,xgboost,0.4116850584572766,False,,
wine,catboost,gbdt,covariate_shift,0.0,1189764799,test_only,True,low,True,ok,,0.9074074074074074,0.9930989792100903,0.2403325141900832,0.21876008184966472,0.0703558475331986,0.40399655977310356,124,xgboost,0.4116850584572766,False,,
wine,catboost,gbdt,covariate_shift,0.05,1345884111,test_only,True,low,True,ok,,0.9074074074074074,0.9995189995189996,0.21492359523160068,0.19563188710747162,0.058993967861357396,0.41545440123824795,124,xgboost,0.4116850584572766,False,,
wine,catboost,gbdt,covariate_shift,0.1,1938829449,test_only,True,low,True,ok,,0.8703703703703703,0.9917895890118111,0.46510079005509236,0.4233529834432783,0.1045150375474641,0.32977300916721314,124,xgboost,0.4116850584572766,True,utility_gap;ece,
wine,catboost,gbdt,covariate_shift,0.2,3094426906,test_only,True,low,True,ok,,0.7592592592592593,0.9592585398140954,0.8260372909424277,0.7518915448723632,0.20553345144226348,0.18295522407366058,124,xgboost,0.4116850584572766,True,utility_gap;ece;nll,
wine,catboost,gbdt,covariate_shift,0.3,2007816925,test_only,True,low,True,ok,,0.3888888888888889,0.8880020185575742,1.8447072203460904,1.679124873600768,0.5111786217961255,-0.23683914661097122,124,xgboost,0.4116850584572766,True,utility_gap;ece;nll,
wine,catboost,gbdt,covariate_shift,0.4,2839879131,test_only,True,low,True,ok,,0.37037037037037035,0.7891537474870808,2.47967538824871,2.2570978076851085,0.6026816570204676,-0.4659063065335923,124,xgboost,0.4116850584572766,True,utility_gap;ece;nll,
wine,hist_gbdt,gbdt,covariate_shift,0.0,1189764799,test_only,True,low,True,ok,,0.9074074074074074,0.9960517877184544,0.3255328910661271,0.29631280700563,0.09243383837735511,0.37734862703541006,124,xgboost,0.4116850584572766,True,utility_gap,
wine,hist_gbdt,gbdt,covariate_shift,0.05,1345884111,test_only,True,low,True,ok,,0.9074074074074074,1.0,0.4485935535571635,0.40832744925965725,0.10158303284439532,0.3432962697643348,124,xgboost,0.4116850584572766,True,utility_gap;ece,
wine,hist_gbdt,gbdt,covariate_shift,0.1,1938829449,test_only,True,low,True,ok,,0.8703703703703703,0.9922371866816312,0.6731764998296332,0.6127516565882867,0.12599470961495418,0.2688141319946496,124,xgboost,0.4116850584572766,True,utility_gap;ece,
wine,hist_gbdt,gbdt,covariate_shift,0.2,3094426906,test_only,True,low,True,ok,,0.7592592592592593,0.9804927582705361,1.1748137774320595,1.0693615842003112,0.22313715962218494,0.0916254470990461,124,xgboost,0.4116850584572766,True,utility_gap;ece;nll,
wine,hist_gbdt,gbdt,covariate_shift,0.3,2007816925,test_only,True,low,True,ok,,0.5370370370370371,0.9107214801659246,3.2974130560392663,3.001434709998418,0.43082631431095775,-0.5872876022480877,124,xgboost,0.4116850584572766,True,utility_gap;ece;nll,
wine,hist_gbdt,gbdt,covariate_shift,0.4,2839879131,test_only,True,low,True,ok,,0.3888888888888889,0.8545691962358628,5.625098260131866,5.120185090002398,0.6008295014812615,-1.2987888752810863,124,xgboost,0.4116850584572766,True,utility_gap;ece;nll,
wine,logreg,linear,covariate_shift,0.0,1189764799,test_only,True,low,True,ok,,0.9814814814814815,0.9995189995189996,0.07677444107129822,0.06988310786544619,0.03527761353478177,0.46903341698728185,124,xgboost,0.4116850584572766,False,,
wine,logreg,linear,covariate_shift,0.05,1345884111,test_only,True,low,True,ok,,0.9629629629629629,1.0,0.10346148613783497,0.09417470312776616,0.06784698667810936,0.4526226361704927,124,xgboost,0.4116850584572766,False,,
wine,logreg,linear,covariate_shift,0.1,1938829449,test_only,True,low,True,ok,,0.9074074074074074,1.0,0.16120356831846866,0.14673381135568944,0.07341289894253501,0.4274083879158972,124,xgboost,0.4116850584572766,False,,
wine,logreg,linear,covariate_shift,0.2,3094426906,test_only,True,low,True,ok,,0.8333333333333334,1.0,0.37962754637892726,0.34555188422219857,0.10446630230513125,0.35044117427231414,124,xgboost,0.4116850584572766,True,utility_gap;ece,
wine,logreg,linear,covariate_shift,0.3,2007816925,test_only,True,low,True,ok,,0.7592592592592593,1.0,0.7600234484314989,0.6918031559185496,0.186192773982649,0.21910938731679422,124,xgboost,0.4116850584572766,True,utility_gap;ece,
wine,logreg,linear,covariate_shift,0.4,2839879131,test_only,True,low,True,ok,,0.6296296296296297,0.9975061975061975,1.3463462191725282,1.2254971413115685,0.3128203927231302,0.013358392633517,124,xgboost,0.4116850584572766,True,utility_gap;ece;nll,
wine,tabicl,icl,covariate_shift,0.0,1189764799,test_only,True,low,True,ok,,1.0,1.0,0.010597642900546189,0.009646390277860555,0.009960346218285178,0.4951140136729848,124,xgboost,0.4116850584572766,False,,
wine,tabicl,icl,covariate_shift,0.05,1345884111,test_only,True,low,True,ok,,1.0,1.0,0.03331258781468622,0.030322424169378588,0.02735949556023216,0.48543137363714,124,xgboost,0.4116850584572766,False,,
wine,tabicl,icl,covariate_shift,0.1,1938829449,test_only,True,low,True,ok,,0.9629629629629629,1.0,0.0739016238341122,0.06726815692522974,0.04278111312574694,0.4657077747417261,124,xgboost,0.4116850584572766,False,,
wine,tabicl,icl,covariate_shift,0.2,3094426906,test_only,True,low,True,ok,,0.8703703703703703,0.9990045962268184,0.2786867481524008,0.2536716101093895,0.09937346410863283,0.38423098838039854,124,xgboost,0.4116850584572766,False,,
wine,tabicl,icl,covariate_shift,0.3,2007816925,test_only,True,low,True,ok,,0.7962962962962963,0.9921703810592698,0.5222280659671409,0.4753524708887593,0.13928795744674388,0.2962407450592123,124,xgboost,0.4116850584572766,True,utility_gap;ece,
wine,tabicl,icl,covariate_shift,0.4,2839879131,test_only,True,low,True,ok,,0.6851851851851852,0.9822163433274546,0.8069972301099072,0.7345605346252418,0.22622739398066563,0.18093985875868118,124,xgboost,0.4116850584572766,True,utility_gap;ece,
wine,tabpfn_client,icl,covariate_shift,0.0,1189764799,test_only,True,low,True,ok,,0.9629629629629629,1.0,0.038387121159404194,0.03494146347656678,0.02880079835570189,0.47820184573033403,124,xgboost,0.4116850584572766,False,,
wine,tabpfn_client,icl,covariate_shift,0.05,1345884111,test_only,True,low,True,ok,,0.9629629629629629,1.0,0.06460869415856825,0.058809367804265024,0.03936484527556635,0.46892866504805164,124,xgboost,0.4116850584572766,False,,
wine,tabpfn_client,icl,covariate_shift,0.1,1938829449,test_only,True,low,True,ok,,0.9444444444444444,1.0,0.11866766890465322,0.10801596716938114,0.06028183492502263,0.4472055095308478,124,xgboost,0.4116850584572766,False,,
wine,tabpfn_client,icl,covariate_shift,0.2,3094426906,test_only,True,low,True,ok,,0.9074074074074074,1.0,0.3063263814196667,0.278830288518835,0.11906649500666856,0.3786487255541268,124,xgboost,0.4116850584572766,True,utility_gap;ece,
wine,tabpfn_client,icl,covariate_shift,0.3,2007816925,test_only,True,low,True,ok,,0.7777777777777778,0.9966329966329966,0.6468229173028471,0.5887635920102583,0.21064200693310722,0.24673073649851662,124,xgboost,0.4116850584572766,True,utility_gap;ece,
wine,tabpfn_client,icl,covariate_shift,0.4,2839879131,test_only,True,low,True,ok,,0.6296296296296297,0.9802789802789803,1.0709267736319505,0.9747995582047208,0.2948847267559687,0.08612527472947756,124,xgboost,0.4116850584572766,True,utility_gap;ece;nll,
wine,xgboost,gbdt,covariate_shift,0.0,1189764799,test_only,True,low,True,ok,,0.9074074074074074,0.9946421890866336,0.2096246220940219,0.19080855389680554,0.07654126332557283,0.4116850584572766,124,xgboost,0.4116850584572766,False,,
wine,xgboost,gbdt,covariate_shift,0.05,1345884111,test_only,True,low,True,ok,,0.8703703703703703,0.9995189995189996,0.26684941471544477,0.24289680487641063,0.06502115632100665,0.3945139326600809,124,xgboost,0.4116850584572766,False,,
wine,xgboost,gbdt,covariate_shift,0.1,1938829449,test_only,True,low,True,ok,,0.8333333333333334,0.9956709956709956,0.44177676552449263,0.4021225413927198,0.12557945402340973,0.3277321952623506,124,xgboost,0.4116850584572766,True,utility_gap;ece,
wine,xgboost,gbdt,covariate_shift,0.2,3094426906,test_only,True,low,True,ok,,0.7592592592592593,0.9826839826839827,0.7427798282549049,0.6761073364247596,0.15400732521490246,0.22419461685787445,124,xgboost,0.4116850584572766,True,utility_gap;ece,
wine,xgboost,gbdt,covariate_shift,0.3,2007816925,test_only,True,low,True,ok,,0.5555555555555556,0.9043312654423765,1.3635367068921826,1.2411445975588449,0.31370828736867895,-0.03523576050322415,124,xgboost,0.4116850584572766,True,utility_gap;ece;nll,
wine,xgboost,gbdt,covariate_shift,0.4,2839879131,test_only,True,low,True,ok,,0.3333333333333333,0.7647940022940024,2.333593481533552,2.124128325892529,0.5763790194286978,-0.4348364008505975,124,xgboost,0.4116850584572766,True,utility_gap;ece;nll,
wine,catboost,gbdt,label_noise,0.0,3558893345,train_only,True,low,True,ok,,0.9074074074074074,0.9930989792100903,0.2403325141900832,0.21876008184966472,0.0703558475331986,0.40399655977310356,124,xgboost,0.4116850584572766,False,,
wine,catboost,gbdt,label_noise,0.05,46165749,train_only,True,low,True,ok,,0.9444444444444444,0.9953157953157953,0.17235528510920523,0.15688454142285102,0.05297692579033997,0.43236644744227165,124,xgboost,0.4116850584572766,False,,
wine,catboost,gbdt,label_noise,0.1,3525172191,train_only,True,low,True,ok,,0.9074074074074074,0.9912417829084496,0.22980364909286413,0.20917629582631375,0.09433348989653334,0.40142614840186763,124,xgboost,0.4116850584572766,False,,
wine,catboost,gbdt,label_noise,0.2,1182427492,train_only,True,low,True,ok,,0.8703703703703703,0.9858419358419358,0.312402027882256,0.28436058025620037,0.08001874340774068,0.3742883103418248,124,xgboost,0.4116850584572766,True,utility_gap,
wine,catboost,gbdt,label_noise,0.3,215373806,train_only,True,low,True,ok,,0.8888888888888888,0.9724777280332836,0.3831523570720889,0.348760305181548,0.17728356567537215,0.33361573345544376,124,xgboost,0.4116850584572766,True,utility_gap;ece,
wine,catboost,gbdt,label_noise,0.4,4126582961,train_only,True,low,True,ok,,0.7592592592592593,0.9200386033719368,0.5550063896380218,0.5051885868770661,0.09104694790485,0.26613643442497686,124,xgboost,0.4116850584572766,True,utility_gap,
wine,hist_gbdt,gbdt,label_noise,0.0,3558893345,train_only,True,low,True,ok,,0.9074074074074074,0.9960517877184544,0.3255328910661271,0.29631280700563,0.09243383837735511,0.37734862703541006,124,xgboost,0.4116850584572766,True,utility_gap,
wine,hist_gbdt,gbdt,label_noise,0.05,46165749,train_only,True,low,True,ok,,0.9074074074074074,0.9882961688517246,0.24039678270101128,0.21881858156934836,0.0781280434689958,0.40074358704461105,124,xgboost,0.4116850584572766,False,,
wine,hist_gbdt,gbdt,label_noise,0.1,3525172191,train_only,True,low,True,ok,,0.8888888888888888,0.9825971353749132,0.2515525314097935,0.22897298164647364,0.06663998684049771,0.3952224388525113,124,xgboost,0.4116850584572766,False,,
wine,hist_gbdt,gbdt,label_noise,0.2,1182427492,train_only,True,low,True,ok,,0.7777777777777778,0.9413459996793331,0.58272805282999,0.5304219321417328,0.14859778535976398,0.2572916298399606,124,xgboost,0.4116850584572766,True,utility_gap;ece,
wine,hist_gbdt,gbdt,label_noise,0.3,215373806,train_only,True,low,True,ok,,0.7407407407407407,0.8947748753304309,0.694024123376506,0.6317279813225996,0.14301444189903836,0.20616103470017433,124,xgboost,0.4116850584572766,True,utility_gap;ece,
wine,hist_gbdt,gbdt,label_noise,0.4,4126582961,train_only,True,low,True,ok,,0.7222222222222222,0.8628832073276517,0.7761053156541123,0.7064415023019767,0.1377192999049348,0.17086614522643143,124,xgboost,0.4116850584572766,True,utility_gap;ece,
wine,logreg,linear,label_noise,0.0,3558893345,train_only,True,low,True,ok,,0.9814814814814815,0.9995189995189996,0.07677444107129822,0.06988310786544619,0.03527761353478177,0.46903341698728185,124,xgboost,0.4116850584572766,False,,
wine,logreg,linear,label_noise,0.05,46165749,train_only,True,low,True,ok,,0.9444444444444444,0.9980091924536368,0.13046146341238443,0.11875114156109423,0.08330347058900733,0.4386838474393098,124,xgboost,0.4116850584572766,False,,
wine,logreg,linear,label_noise,0.1,3525172191,train_only,True,low,True,ok,,0.9629629629629629,0.9850021377799155,0.20226953921570207,0.1841136689458674,0.06651199136432201,0.42065869371079023,124,xgboost,0.4116850584572766,False,,
wine,logreg,linear,label_noise,0.2,1182427492,train_only,True,low,True,ok,,0.9629629629629629,0.998523595745818,0.28820685042057703,0.26233718063538264,0.18895930032055264,0.37743468870075536,124,xgboost,0.4116850584572766,True,utility_gap;ece,
wine,logreg,linear,label_noise,0.3,215373806,train_only,True,low,True,ok,,0.9259259259259259,0.9765005570561126,0.3977032670093358,0.3620051141895444,0.21448755816527615,0.32916503796860974,124,xgboost,0.4116850584572766,True,utility_gap;ece,
wine,logreg,linear,label_noise,0.4,4126582961,train_only,True,low,True,ok,,0.8333333333333334,0.938701524812636,0.6289910339507877,0.5725323122985798,0.21970380094882946,0.23784507980508274,124,xgboost,0.4116850584572766,True,utility_gap;ece,
wine,tabicl,icl,label_noise,0.0,3558893345,train_only,True,low,True,ok,,1.0,1.0,0.010597642900546189,0.009646390277860555,0.009960346218285178,0.4951140136729848,124,xgboost,0.4116850584572766,False,,
wine,tabicl,icl,label_noise,0.05,46165749,train_only,True,low,True,ok,,1.0,1.0,0.04366434837667277,0.03974500269754742,0.04185947513966351,0.479704604162803,124,xgboost,0.4116850584572766,False,,
wine,tabicl,icl,label_noise,0.1,3525172191,train_only,True,low,True,ok,,1.0,1.0,0.11408693059559027,0.10384639947355975,0.09921552812160657,0.4490029745336107,124,xgboost,0.4116850584572766,False,,
wine,tabicl,icl,label_noise,0.2,1182427492,train_only,True,low,True,ok,,0.9444444444444444,0.9990379990379991,0.29751460669870433,0.2708094655116163,0.19855080574924666,0.37037696552663213,124,xgboost,0.4116850584572766,True,utility_gap;ece,
wine,tabicl,icl,label_noise,0.3,215373806,train_only,True,low,True,ok,,0.9444444444444444,0.997047191491636,0.39960798619840815,0.36373886431114694,0.24344604559900332,0.33282231527559447,124,xgboost,0.4116850584572766,True,utility_gap;ece,
wine,tabicl,icl,label_noise,0.4,4126582961,train_only,True,low,True,ok,,0.9259259259259259,0.9818697763142207,0.5932938336284507,0.5400393202844325,0.3517590213872811,0.25017971023608016,124,xgboost,0.4116850584572766,True,utility_gap;ece,
wine,tabpfn_client,icl,label_noise,0.0,3558893345,train_only,True,low,True,ok,,0.9629629629629629,1.0,0.038387121159404194,0.03494146347656678,0.02880079835570189,0.47820184573033403,124,xgboost,0.4116850584572766,False,,
wine,tabpfn_client,icl,label_noise,0.05,46165749,train_only,True,low,True,ok,,1.0,1.0,0.06989153517522878,0.06361801692566264,0.06426261364419224,0.46806207219346274,124,xgboost,0.4116850584572766,False,,
wine,tabpfn_client,icl,label_noise,0.1,3525172191,train_only,True,low,True,ok,,0.9814814814814815,1.0,0.12793414069276668,0.11645067328335294,0.08651482650193543,0.44498405493682924,124,xgboost,0.4116850584572766,False,,
wine,tabpfn_client,icl,label_noise,0.2,1182427492,train_only,True,low,True,ok,,0.9444444444444444,0.9956041900486344,0.32133266272180994,0.29248959440584266,0.23049250714573008,0.35628275343278987,124,xgboost,0.4116850584572766,True,utility_gap;ece,
wine,tabpfn_client,icl,label_noise,0.3,215373806,train_only,True,low,True,ok,,0.9074074074074074,0.987974987974988,0.4425248711343218,0.4028034964644459,0.21624173019797746,0.31781296192342756,124,xgboost,0.4116850584572766,True,utility_gap;ece,
wine,tabpfn_client,icl,label_noise,0.4,4126582961,train_only,True,low,True,ok,,0.9444444444444444,0.9813333785556008,0.7040242815312135,0.6408305175474867,0.43310861989346217,0.20626246991818847,124,xgboost,0.4116850584572766,True,utility_gap;ece,
wine,xgboost,gbdt,label_noise,0.0,3558893345,train_only,True,low,True,ok,,0.9074074074074074,0.9946421890866336,0.2096246220940219,0.19080855389680554,0.07654126332557283,0.4116850584572766,124,xgboost,0.4116850584572766,False,,
wine,xgboost,gbdt,label_noise,0.05,46165749,train_only,True,low,True,ok,,0.9259259259259259,0.9880595741706854,0.22590102296250208,0.20562397243559932,0.0747787832643943,0.4080667914650701,124,xgboost,0.4116850584572766,False,,
wine,xgboost,gbdt,label_noise,0.1,3525172191,train_only,True,low,True,ok,,0.8703703703703703,0.9743199187643632,0.3347361388335623,0.30468996413591537,0.06017083521943699,0.36812637083842065,124,xgboost,0.4116850584572766,True,utility_gap,
wine,xgboost,gbdt,label_noise,0.2,1182427492,train_only,True,low,True,ok,,0.8333333333333334,0.9497830358941469,0.5483688560784848,0.4991468434631235,0.14088135167852653,0.2795037391883091,124,xgboost,0.4116850584572766,True,utility_gap;ece,
wine,xgboost,gbdt,label_noise,0.3,215373806,train_only,True,low,True,ok,,0.7592592592592593,0.8897678453234009,0.7769040083329869,0.707168503708308,0.12422645786854826,0.18831179206587711,124,xgboost,0.4116850584572766,True,utility_gap;ece,
wine,xgboost,gbdt,label_noise,0.4,4126582961,train_only,True,low,True,ok,,0.7222222222222222,0.8787648565426344,0.7731247928518089,0.7037285135314644,0.11433205164861707,0.1819160687340926,124,xgboost,0.4116850584572766,True,utility_gap;ece,
wine,catboost,gbdt,missingness_shift,0.0,3610847005,test_only,True,low,True,ok,,0.9074074074074074,0.9930989792100903,0.2403325141900832,0.21876008184966472,0.0703558475331986,0.40399655977310356,124,xgboost,0.4116850584572766,False,,
wine,catboost,gbdt,missingness_shift,0.05,3212900108,test_only,True,low,True,ok,,0.9259259259259259,0.995637592859815,0.20206196090878623,0.1839247230283158,0.057770622394236505,0.42063050500248206,124,xgboost,0.4116850584572766,False,,
wine,catboost,gbdt,missingness_shift,0.1,1246343021,test_only,True,low,True,ok,,0.8888888888888888,0.9865347615347616,0.263626802374402,0.23996345671138175,0.08389789724478665,0.3898518834081281,124,xgboost,0.4116850584572766,False,,
wine,catboost,gbdt,missingness_shift,0.2,3129287745,test_only,True,low,True,ok,,0.8888888888888888,0.9923409923409924,0.23115453905870945,0.21040592886408274,0.08872599091495824,0.3997857038104642,124,xgboost,0.4116850584572766,False,,
wine,catboost,gbdt,missingness_shift,0.3,1493853402,test_only,True,low,True,ok,,0.8518518518518519,0.9740201156867823,0.33622325397434133,0.30604359467156317,0.09638728540632018,0.35759428278541855,124,xgboost,0.4116850584572766,True,utility_gap,
wine,catboost,gbdt,missingness_shift,0.4,2800280100,test_only,True,low,True,ok,,0.8333333333333334,0.9610517054961499,0.4651455667127093,0.4233937409134785,0.11849757255917218,0.3106504601377745,124,xgboost,0.4116850584572766,True,utility_gap;ece,
wine,hist_gbdt,gbdt,missingness_shift,0.0,3610847005,test_only,True,low,True,ok,,0.9074074074074074,0.9960517877184544,0.3255328910661271,0.29631280700563,0.09243383837735511,0.37734862703541006,124,xgboost,0.4116850584572766,True,utility_gap,
wine,hist_gbdt,gbdt,missingness_shift,0.05,3212900108,test_only,True,low,True,ok,,0.9074074074074074,0.9945753834642724,0.32637343885433884,0.29707790657431477,0.09206572635057553,0.3766759780811969,124,xgboost,0.4116850584572766,True,utility_gap,
wine,hist_gbdt,gbdt,missingness_shift,0.1,1246343021,test_only,True,low,True,ok,,0.9074074074074074,0.9880999658777436,0.3390018287976884,0.3085727624698914,0.11158280423910624,0.36705770957953265,124,xgboost,0.4116850584572766,True,utility_gap;ece,
wine,hist_gbdt,gbdt,missingness_shift,0.2,3129287745,test_only,True,low,True,ok,,0.8888888888888888,0.9911749772860885,0.3802361482392363,0.3461058575088499,0.09410934219458349,0.35759094969189265,124,xgboost,0.4116850584572766,True,utility_gap,
wine,hist_gbdt,gbdt,missingness_shift,0.3,1493853402,test_only,True,low,True,ok,,0.8148148148148148,0.9623268706602041,0.7836859826760432,0.7133417227893346,0.17403462859127072,0.2102271843982391,124,xgboost,0.4116850584572766,True,utility_gap;ece,
wine,hist_gbdt,gbdt,missingness_shift,0.4,2800280100,test_only,True,low,True,ok,,0.7777777777777778,0.9719555136221802,0.8708170771016689,0.7926518627944661,0.20453042898641266,0.17814945179880745,124,xgboost,0.4116850584572766,True,utility_gap;ece;nll,
wine,logreg,linear,missingness_shift,0.0,3610847005,test_only,True,low,True,ok,,0.9814814814814815,0.9995189995189996,0.07677444107129822,0.06988310786544619,0.03527761353478177,0.46903341698728185,124,xgboost,0.4116850584572766,False,,
wine,logreg,linear,missingness_shift,0.05,3212900108,test_only,True,low,True,ok,,0.9814814814814815,0.9995189995189996,0.0816259361029597,0.07429912895104968,0.042529618184181044,0.46625820973172094,124,xgboost,0.4116850584572766,False,,
wine,logreg,linear,missingness_shift,0.1,1246343021,test_only,True,low,True,ok,,0.9814814814814815,0.9930655763989097,0.11709309785788705,0.10658273083750369,0.06069233798930953,0.45068188711272755,124,xgboost,0.4116850584572766,False,,
wine,logreg,linear,missingness_shift,0.2,3129287745,test_only,True,low,True,ok,,0.9814814814814815,1.0,0.0894635628967637,0.08143324430243161,0.0773353487692471,0.4573251791776433,124,xgboost,0.4116850584572766,False,,
wine,logreg,linear,missingness_shift,0.3,1493853402,test_only,True,low,True,ok,,0.8148148148148148,0.9739647184091629,0.28569137454256477,0.2600474958175823,0.12618877680899016,0.3598578695583565,124,xgboost,0.4116850584572766,True,utility_gap;ece,
wine,logreg,linear,missingness_shift,0.4,2800280100,test_only,True,low,True,ok,,0.8703703703703703,0.9810767421878532,0.2658037469418035,0.24194499705082276,0.05243988244975595,0.39086093971610614,124,xgboost,0.4116850584572766,False,,
wine,tabicl,icl,missingness_shift,0.0,3610847005,test_only,True,low,True,ok,,1.0,1.0,0.010597642900546189,0.009646390277860555,0.009960346218285178,0.4951140136729848,124,xgboost,0.4116850584572766,False,,
wine,tabicl,icl,missingness_shift,0.05,3212900108,test_only,True,low,True,ok,,1.0,1.0,0.011286611197759241,0.010273516247886173,0.010572033204483543,0.49480353848473746,124,xgboost,0.4116850584572766,False,,
wine,tabicl,icl,missingness_shift,0.1,1246343021,test_only,True,low,True,ok,,0.9629629629629629,0.9980425952648174,0.10226723640677002,0.09308765017616229,0.036761295496760646,0.45848079863492974,124,xgboost,0.4116850584572766,False,,
wine,tabicl,icl,missingness_shift,0.2,3129287745,test_only,True,low,True,ok,,1.0,1.0,0.005462450930176742,0.004972137110171125,0.00534241696790865,0.49743987547336693,124,xgboost,0.4116850584572766,False,,
wine,tabicl,icl,missingness_shift,0.3,1493853402,test_only,True,low,True,ok,,0.9074074074074074,0.9845993512660179,0.22207850690422745,0.20214456837494674,0.07087574798015904,0.40590236394570145,124,xgboost,0.4116850584572766,False,,
wine,tabicl,icl,missingness_shift,0.4,2800280100,test_only,True,low,True,ok,,0.8888888888888888,0.9861311527978195,0.21409848836455936,0.19488084247093143,0.054496646717612215,0.40911565472776823,124,xgboost,0.4116850584572766,False,,
wine,tabpfn_client,icl,missingness_shift,0.0,3610847005,test_only,True,low,True,ok,,0.9629629629629629,1.0,0.038387121159404194,0.03494146347656678,0.02880079835570189,0.47820184573033403,124,xgboost,0.4116850584572766,False,,
wine,tabpfn_client,icl,missingness_shift,0.05,3212900108,test_only,True,low,True,ok,,0.9814814814814815,1.0,0.038829042671080234,0.035343717771584536,0.012899316672444308,0.48403924355625805,124,xgboost,0.4116850584572766,False,,
wine,tabpfn_client,icl,missingness_shift,0.1,1246343021,test_only,True,low,True,ok,,0.9259259259259259,0.997047191491636,0.11818618880202811,0.10757770509313144,0.050302425910369264,0.4455216092009482,124,xgboost,0.4116850584572766,False,,
wine,tabpfn_client,icl,missingness_shift,0.2,3129287745,test_only,True,low,True,ok,,1.0,1.0,0.021423457929751578,0.019500471777649662,0.018160843793809583,0.4905176897079432,124,xgboost,0.4116850584572766,False,,
wine,tabpfn_client,icl,missingness_shift,0.3,1493853402,test_only,True,low,True,ok,,0.9074074074074074,0.9851023462134574,0.22549542782998935,0.20525478383585732,0.07455674228328184,0.40440914867840766,124,xgboost,0.4116850584572766,False,,
wine,tabpfn_client,icl,missingness_shift,0.4,2800280100,test_only,True,low,True,ok,,0.8703703703703703,0.9829901579901579,0.2547919257610055,0.2319216054554602,0.0965938052940542,0.3857068681566619,124,xgboost,0.4116850584572766,False,,
wine,xgboost,gbdt,missingness_shift,0.0,3610847005,test_only,True,low,True,ok,,0.9074074074074074,0.9946421890866336,0.2096246220940219,0.19080855389680554,0.07654126332557283,0.4116850584572766,124,xgboost,0.4116850584572766,False,,
wine,xgboost,gbdt,missingness_shift,0.05,3212900108,test_only,True,low,True,ok,,0.8888888888888888,0.9871933621933623,0.25617391376039605,0.23317954514323302,0.08974731612816174,0.3909476833324079,124,xgboost,0.4116850584572766,False,,
wine,xgboost,gbdt,missingness_shift,0.1,1246343021,test_only,True,low,True,ok,,0.8888888888888888,0.9841517535961981,0.25655251061962575,0.23352415885558162,0.08244006741787986,0.3912411859517522,124,xgboost,0.4116850584572766,False,,
wine,xgboost,gbdt,missingness_shift,0.2,3129287745,test_only,True,low,True,ok,,0.9074074074074074,0.991555769333547,0.22255555182638995,0.20257879337596219,0.09683274853646581,0.40301544265777073,124,xgboost,0.4116850584572766,False,,
wine,xgboost,gbdt,missingness_shift,0.3,1493853402,test_only,True,low,True,ok,,0.8333333333333334,0.9556332556332556,0.4081222457292017,0.3714888773217566,0.09046654320197217,0.32993166763471804,124,xgboost,0.4116850584572766,True,utility_gap,
wine,xgboost,gbdt,missingness_shift,0.4,2800280100,test_only,True,low,True,ok,,0.7962962962962963,0.9612618862618864,0.4089719536783543,0.37226231482825195,0.09544893418553745,0.32511762335052163,124,xgboost,0.4116850584572766,True,utility_gap,
wine,catboost,gbdt,rare_category_shift,0.0,652474691,test_only,True,low,False,skipped,shift not applicable: dataset has no categorical features,,,,,,,0,xgboost,0.4116850584572766,True,undefined,
wine,catboost,gbdt,rare_category_shift,0.05,1747957090,test_only,True,low,False,skipped,shift not applicable: dataset has no categorical features,,,,,,,0,xgboost,0.4116850584572766,True,undefined,
wine,catboost,gbdt,rare_category_shift,0.1,810714091,test_only,True,low,False,skipped,shift not applicable: dataset has no categorical features,,,,,,,0,xgboost,0.4116850584572766,True,undefined,
wine,catboost,gbdt,rare_category_shift,0.2,1155927401,test_only,True,low,False,skipped,shift not applicable: dataset has no categorical features,,,,,,,0,xgboost,0.4116850584572766,True,undefined,
wine,catboost,gbdt,rare_category_shift,0.3,4187704794,test_only,True,low,False,skipped,shift not applicable: dataset has no categorical features,,,,,,,0,xgboost,0.4116850584572766,True,undefined,
wine,catboost,gbdt,rare_category_shift,0.4,173016710,test_only,True,low,False,skipped,shift not applicable: dataset has no categorical features,,,,,,,0,xgboost,0.4116850584572766,True,undefined,
wine,hist_gbdt,gbdt,rare_category_shift,0.0,652474691,test_only,True,low,False,skipped,shift not applicable: dataset has no categorical features,,,,,,,0,xgboost,0.4116850584572766,True,undefined,
wine,hist_gbdt,gbdt,rare_category_shift,0.05,1747957090,test_only,True,low,False,skipped,shift not applicable: dataset has no categorical features,,,,,,,0,xgboost,0.4116850584572766,True,undefined,
wine,hist_gbdt,gbdt,rare_category_shift,0.1,810714091,test_only,True,low,False,skipped,shift not applicable: dataset has no categorical features,,,,,,,0,xgboost,0.4116850584572766,True,undefined,
wine,hist_gbdt,gbdt,rare_category_shift,0.2,1155927401,test_only,True,low,False,skipped,shift not applicable: dataset has no categorical features,,,,,,,0,xgboost,0.4116850584572766,True,undefined,
wine,hist_gbdt,gbdt,rare_category_shift,0.3,4187704794,test_only,True,low,False,skipped,shift not applicable: dataset has no categorical features,,,,,,,0,xgboost,0.4116850584572766,True,undefined,
wine,hist_gbdt,gbdt,rare_category_shift,0.4,173016710,test_only,True,low,False,skipped,shift not applicable: dataset has no categorical features,,,,,,,0,xgboost,0.4116850584572766,True,undefined,
wine,logreg,linear,rare_category_shift,0.0,652474691,test_only,True,low,False,skipped,shift not applicable: dataset has no categorical features,,,,,,,0,xgboost,0.4116850584572766,True,undefined,
wine,logreg,linear,rare_category_shift,0.05,1747957090,test_only,True,low,False,skipped,shift not applicable: dataset has no categorical features,,,,,,,0,xgboost,0.4116850584572766,True,undefined,
wine,logreg,linear,rare_category_shift,0.1,810714091,test_only,True,low,False,skipped,shift not applicable: dataset has no categorical features,,,,,,,0,xgboost,0.4116850584572766,True,undefined,
wine,logreg,linear,rare_category_shift,0.2,1155927401,test_only,True,low,False,skipped,shift not applicable: dataset has no categorical features,,,,,,,0,xgboost,0.4116850584572766,True,undefined,
wine,logreg,linear,rare_category_shift,0.3,4187704794,test_only,True,low,False,skipped,shift not applicable: dataset has no categorical features,,,,,,,0,xgboost,0.4116850584572766,True,undefined,
wine,logreg,linear,rare_category_shift,0.4,173016710,test_only,True,low,False,skipped,shift not applicable: dataset has no categorical features,,,,,,,0,xgboost,0.4116850584572766,True,undefined,
wine,tabicl,icl,rare_category_shift,0.0,652474691,test_only,True,low,False,skipped,shift not applicable: dataset has no categorical features,,,,,,,0,xgboost,0.4116850584572766,True,undefined,
wine,tabicl,icl,rare_category_shift,0.05,1747957090,test_only,True,low,False,skipped,shift not applicable: dataset has no categorical features,,,,,,,0,xgboost,0.4116850584572766,True,undefined,
wine,tabicl,icl,rare_category_shift,0.1,810714091,test_only,True,low,False,skipped,shift not applicable: dataset has no categorical features,,,,,,,0,xgboost,0.4116850584572766,True,undefined,
wine,tabicl,icl,rare_category_shift,0.2,1155927401,test_only,True,low,False,skipped,shift not applicable: dataset has no categorical features,,,,,,,0,xgboost,0.4116850584572766,True,undefined,
wine,tabicl,icl,rare_category_shift,0.3,4187704794,test_only,True,low,False,skipped,shift not applicable: dataset has no categorical features,,,,,,,0,xgboost,0.4116850584572766,True,undefined,
wine,tabicl,icl,rare_category_shift,0.4,173016710,test_only,True,low,False,skipped,shift not applicable: dataset has no categorical features,,,,,,,0,xgboost,0.4116850584572766,True,undefined,
wine,tabpfn_client,icl,rare_category_shift,0.0,652474691,test_only,True,low,False,skipped,shift not applicable: dataset has no categorical features,,,,,,,0,xgboost,0.4116850584572766,True,undefined,
wine,tabpfn_client,icl,rare_category_shift,0.05,1747957090,test_only,True,low,False,skipped,shift not applicable: dataset has no categorical features,,,,,,,0,xgboost,0.4116850584572766,True,undefined,
wine,tabpfn_client,icl,rare_category_shift,0.1,810714091,test_only,True,low,False,skipped,shift not applicable: dataset has no categorical features,,,,,,,0,xgboost,0.4116850584572766,True,undefined,
wine,tabpfn_client,icl,rare_category_shift,0.2,1155927401,test_only,True,low,False,skipped,shift not applicable: dataset has no categorical features,,,,,,,0,xgboost,0.4116850584572766,True,undefined,
wine,tabpfn_client,icl,rare_category_shift,0.3,4187704794,test_only,True,low,False,skipped,shift not applicable: dataset has no categorical features,,,,,,,0,xgboost,0.4116850584572766,True,undefined,
wine,tabpfn_client,icl,rare_category_shift,0.4,173016710,test_only,True,low,False,skipped,shift not applicable: dataset has no categorical features,,,,,,,0,xgboost,0.4116850584572766,True,undefined,
wine,xgboost,gbdt,rare_category_shift,0.0,652474691,test_only,True,low,False,skipped,shift not applicable: dataset has no categorical features,,,,,,,0,xgboost,0.4116850584572766,True,undefined,
wine,xgboost,gbdt,rare_category_shift,0.05,1747957090,test_only,True,low,False,skipped,shift not applicable: dataset has no categorical features,,,,,,,0,xgboost,0.4116850584572766,True,undefined,
wine,xgboost,gbdt,rare_category_shift,0.1,810714091,test_only,True,low,False,skipped,shift not applicable: dataset has no categorical features,,,,,,,0,xgboost,0.4116850584572766,True,undefined,
wine,xgboost,gbdt,rare_category_shift,0.2,1155927401,test_only,True,low,False,skipped,shift not applicable: dataset has no categorical features,,,,,,,0,xgboost,0.4116850584572766,True,undefined,
wine,xgboost,gbdt,rare_category_shift,0.3,4187704794,test_only,True,low,False,skipped,shift not applicable: dataset has no categorical features,,,,,,,0,xgboost,0.4116850584572766,True,undefined,
wine,xgboost,gbdt,rare_category_shift,0.4,173016710,test_only,True,low,False,skipped,shift not applicable: dataset has no categorical features,,,,,,,0,xgboost,0.4116850584572766,True,undefined,
