dataset_id,model,family,shift_axis,shift_lambda,seed,split_policy,clean_split_passed,leakage_risk_level,applicable,status,error_message,accuracy,auc,nll,nll_norm,ece,utility,n_train,best_gbdt,reference_utility,failed,failure_reason,metric_notes
GesturePhaseSegmentation,tabicl,icl,covariate_shift,0.0,3769533927,test_only,True,low,True,ok,,0.7964213369345037,0.9551961115960111,0.5588058264434456,0.34720558160476805,0.013129979383179917,0.346994169240713,6911,,,False,,
GesturePhaseSegmentation,tabicl,icl,covariate_shift,0.05,576091290,test_only,True,low,True,ok,,0.4608372721134369,0.8227191227861512,1.3914820207591263,0.8645763903092482,0.18425886419860119,0.06085259385967374,6911,,,True,ece;nll,
GesturePhaseSegmentation,tabicl,icl,covariate_shift,0.1,1248011282,test_only,True,low,True,ok,,0.39095205941931127,0.7531250530181258,2.0744717990175654,1.2889417994883392,0.31795774339449734,-0.1280375110561605,6911,,,True,ece;nll,
GesturePhaseSegmentation,tabicl,icl,covariate_shift,0.2,1130171545,test_only,True,low,True,ok,,0.3463875759621877,0.6873809275475169,2.763589494132301,1.717114697486324,0.41100399726671377,-0.3047937476632808,6911,,,True,ece;nll,
GesturePhaseSegmentation,tabicl,icl,covariate_shift,0.3,895557003,test_only,True,low,True,ok,,0.31397704253882514,0.6446597494533292,3.327963317234931,2.0677798699309546,0.48213375224547217,-0.4440332427388919,6911,,,True,ece;nll,
GesturePhaseSegmentation,tabicl,icl,covariate_shift,0.4,1723381249,test_only,True,low,True,ok,,0.2910195813639433,0.6106529955367042,3.6028934919326514,2.238603592035225,0.5167084730863951,-0.5175412865854085,6911,,,True,ece;nll,
GesturePhaseSegmentation,tabpfn_client,icl,covariate_shift,0.0,3769533927,test_only,True,low,True,ok,,0.7923700202565834,0.9541907239888952,0.5795858612549147,0.3601169431744987,0.051438619940852186,0.3344994494940807,6911,,,False,,
GesturePhaseSegmentation,tabpfn_client,icl,covariate_shift,0.05,576091290,test_only,True,low,True,ok,,0.43821742066171504,0.809308726642298,1.3653142073279125,0.8483174136633969,0.15774488259976627,0.06294646680508925,6911,,,True,ece;nll,
GesturePhaseSegmentation,tabpfn_client,icl,covariate_shift,0.1,1248011282,test_only,True,low,True,ok,,0.37035786630654965,0.7181966517392986,1.9979072428898375,1.2413695660171318,0.3024812701888131,-0.12598461578816525,6911,,,True,ece;nll,
GesturePhaseSegmentation,tabpfn_client,icl,covariate_shift,0.2,1130171545,test_only,True,low,True,ok,,0.33659689399054693,0.6321253512355193,2.837322251850138,1.762927435677836,0.3783947263618182,-0.33282376894470056,6911,,,True,ece;nll,
GesturePhaseSegmentation,tabpfn_client,icl,covariate_shift,0.3,895557003,test_only,True,low,True,ok,,0.3065496286293045,0.5825145038555878,3.652088017124319,2.2691698691258813,0.4619324855323935,-0.5232749372003916,6911,,,True,ece;nll,
GesturePhaseSegmentation,tabpfn_client,icl,covariate_shift,0.4,1723381249,test_only,True,low,True,ok,,0.29439567859554355,0.5521030815904368,4.0239172823089095,2.5002003812766973,0.4645505103463553,-0.6055747861062959,6911,,,True,ece;nll,
GesturePhaseSegmentation,tabicl,icl,label_noise,0.0,21559019,train_only,True,low,True,ok,,0.7964213369345037,0.9551961115960111,0.5588058264434456,0.34720558160476805,0.013129979383179917,0.346994169240713,6911,,,False,,
GesturePhaseSegmentation,tabicl,icl,label_noise,0.05,1868621072,train_only,True,low,True,ok,,0.774814314652262,0.9436280952633721,0.6389167497329679,0.3969812968843735,0.03468318365383371,0.32046095474394076,6911,,,False,,
GesturePhaseSegmentation,tabicl,icl,label_noise,0.1,4024946937,train_only,True,low,True,ok,,0.7488183659689399,0.9399450049517734,0.6832606309261955,0.4245336994036868,0.06336210358749433,0.30127097608985676,6911,,,False,,
GesturePhaseSegmentation,tabicl,icl,label_noise,0.2,948246684,train_only,True,low,True,ok,,0.7218095881161377,0.919846031228723,0.823986135396689,0.5119713715147292,0.13574740945265554,0.24947665580252382,6911,,,True,ece,
GesturePhaseSegmentation,tabicl,icl,label_noise,0.3,1420310000,train_only,True,low,True,ok,,0.6846725185685347,0.901536845996467,0.9542404895854368,0.5929029521506993,0.17882305054259365,0.20460327813031512,6911,,,True,ece,
GesturePhaseSegmentation,tabicl,icl,label_noise,0.4,2189272610,train_only,True,low,True,ok,,0.6536124240378123,0.8819554470610832,1.1086215226487386,0.6888252812263312,0.24067987382107467,0.15194271094493667,6911,,,True,ece,
GesturePhaseSegmentation,tabpfn_client,icl,label_noise,0.0,21559019,train_only,True,low,True,ok,,0.7923700202565834,0.9541907239888952,0.5795858612549147,0.3601169431744987,0.051438619940852186,0.3344994494940807,6911,,,False,,
GesturePhaseSegmentation,tabpfn_client,icl,label_noise,0.05,1868621072,train_only,True,low,True,ok,,0.763673193787981,0.9414982009558657,0.6707020744614299,0.4167306295444885,0.0764478097599141,0.3037665985874207,6911,,,False,,
GesturePhaseSegmentation,tabpfn_client,icl,label_noise,0.1,4024946937,train_only,True,low,True,ok,,0.7400405131667792,0.9353679921898916,0.727549350262155,0.45205182793402415,0.10183240377235418,0.2824028451068009,6911,,,True,ece,
GesturePhaseSegmentation,tabpfn_client,icl,label_noise,0.2,948246684,train_only,True,low,True,ok,,0.7015530047265361,0.9093897322475197,0.8874206146229883,0.5513854295136249,0.1576175803801057,0.2265802120655037,6911,,,True,ece,
GesturePhaseSegmentation,tabpfn_client,icl,label_noise,0.3,1420310000,train_only,True,low,True,ok,,0.6542876434841324,0.881355436160472,1.0439828739414263,0.6486630306617516,0.19620261768271402,0.17277811644371674,6911,,,True,ece,
GesturePhaseSegmentation,tabpfn_client,icl,label_noise,0.4,2189272610,train_only,True,low,True,ok,,0.6232275489534098,0.8583373357539799,1.1995742863638752,0.7453374107172914,0.25340650396873254,0.11961967584797047,6911,,,True,ece,
PhishingWebsites,tabicl,icl,covariate_shift,0.0,244430498,test_only,False,high,True,ok,,0.9785951160687368,0.9984103657705637,0.050398907581604625,0.07271025403420217,0.003966639142862707,0.47362649139117463,7738,,,False,,
PhishingWebsites,tabicl,icl,covariate_shift,0.05,2225126729,test_only,False,high,True,ok,,0.9785951160687368,0.9984166270731358,0.05008967348307204,0.07226412353377545,0.008690536391916534,0.47281774254739206,7738,,,False,,
PhishingWebsites,tabicl,icl,covariate_shift,0.1,3147618039,test_only,False,high,True,ok,,0.9785951160687368,0.998463402686467,0.049723261064879905,0.07173550215512951,0.0070433269496108794,0.4733221423141129,7738,,,False,,
PhishingWebsites,tabicl,icl,covariate_shift,0.2,2063309081,test_only,False,high,True,ok,,0.9779921615917998,0.9984628502185932,0.049908460214406494,0.07200268804972838,0.004794522509905983,0.4736011108983778,7738,,,False,,
PhishingWebsites,tabicl,icl,covariate_shift,0.3,2757184592,test_only,False,high,True,ok,,0.9788965933072054,0.9984146013575976,0.05013260175331041,0.0723260559363623,0.005851605037059753,0.47341146168291925,7738,,,False,,
PhishingWebsites,tabicl,icl,covariate_shift,0.4,712995845,test_only,False,high,True,ok,,0.9788965933072054,0.9984147855135558,0.05049704911609326,0.07285184233931416,0.005786954029305453,0.47326672041817003,7738,,,False,,
PhishingWebsites,tabpfn_client,icl,covariate_shift,0.0,244430498,test_only,False,high,True,ok,,0.9798010250226108,0.9985713180778537,0.04870875526442016,0.07027187966785316,0.0063965520131526715,0.47410924077765393,7738,,,False,,
PhishingWebsites,tabpfn_client,icl,covariate_shift,0.05,2225126729,test_only,False,high,True,ok,,0.9788965933072054,0.9985304354551783,0.04931153398914144,0.07114150554476192,0.006394167124633737,0.47369885631703784,7738,,,False,,
PhishingWebsites,tabpfn_client,icl,covariate_shift,0.1,3147618039,test_only,False,high,True,ok,,0.9788965933072054,0.9984891845205869,0.049636564664296175,0.07161042568794444,0.005838791641505488,0.4736548175436018,7738,,,False,,
PhishingWebsites,tabpfn_client,icl,covariate_shift,0.2,2063309081,test_only,False,high,True,ok,,0.9788965933072054,0.9984972873827387,0.04934550801056728,0.07119051969699204,0.003554134242338244,0.47424055682247407,7738,,,False,,
PhishingWebsites,tabpfn_client,icl,covariate_shift,0.3,2757184592,test_only,False,high,True,ok,,0.9791980705456738,0.9985223325930265,0.04932025473136754,0.07115408691632438,0.004565656667714022,0.47410316958097015,7738,,,False,,
PhishingWebsites,tabpfn_client,icl,covariate_shift,0.4,712995845,test_only,False,high,True,ok,,0.9801025022610793,0.9985370650696661,0.04931627682520795,0.07114834801083482,0.007298280858136234,0.47369918753866735,7738,,,False,,
PhishingWebsites,tabicl,icl,label_noise,0.0,3617682713,train_only,False,high,True,ok,,0.9785951160687368,0.9984103657705637,0.050398907581604625,0.07271025403420217,0.003966639142862707,0.47362649139117463,7738,,,False,,
PhishingWebsites,tabicl,icl,label_noise,0.05,2717091300,train_only,False,high,True,ok,,0.9749773892071149,0.997821435016887,0.09060063049149242,0.13070908031148953,0.037325687675144326,0.44880624900850197,7738,,,False,,
PhishingWebsites,tabicl,icl,label_noise,0.1,2527007331,train_only,False,high,True,ok,,0.9722640940608984,0.9969452209687341,0.13723109052967608,0.19798261376294807,0.07756762725472582,0.4198621318683621,7738,,,False,,
PhishingWebsites,tabicl,icl,label_noise,0.2,218607294,train_only,False,high,True,ok,,0.965330117576123,0.9935830856435698,0.2485692785993892,0.358609665552686,0.1675722281268019,0.35145625232050165,7738,,,True,ece,
PhishingWebsites,tabicl,icl,label_noise,0.3,234636267,train_only,False,high,True,ok,,0.9406089840217063,0.9899478470326951,0.3927828302928389,0.56666584140981,0.2537270651386762,0.26682792861402094,7738,,,True,ece,
PhishingWebsites,tabicl,icl,label_noise,0.4,1195819797,train_only,False,high,True,ok,,0.7711787760024118,0.8632837217182487,0.5568728976701227,0.8033977678741533,0.14964615633192896,0.14687755737311703,7738,,,True,ece;nll,
PhishingWebsites,tabpfn_client,icl,label_noise,0.0,3617682713,train_only,False,high,True,ok,,0.9798010250226108,0.9985713180778537,0.04870875526442016,0.07027187966785316,0.0063965520131526715,0.47410924077765393,7738,,,False,,
PhishingWebsites,tabpfn_client,icl,label_noise,0.05,2717091300,train_only,False,high,True,ok,,0.9746759119686463,0.9977661882294877,0.09140322308319782,0.1318669766633971,0.03879486961293283,0.44810048575401196,7738,,,False,,
PhishingWebsites,tabpfn_client,icl,label_noise,0.1,2527007331,train_only,False,high,True,ok,,0.970756707868556,0.9969559020142978,0.13934281497835943,0.20102918815278753,0.07915571770172083,0.4184081718991072,7738,,,False,,
PhishingWebsites,tabpfn_client,icl,label_noise,0.2,218607294,train_only,False,high,True,ok,,0.9614109134760326,0.9930657915575541,0.2531366556931276,0.3651989978356922,0.167483296022612,0.3487283055113188,7738,,,True,ece,
PhishingWebsites,tabpfn_client,icl,label_noise,0.3,234636267,train_only,False,high,True,ok,,0.9448296653602652,0.9868700485066793,0.38948578003809214,0.5619092033577252,0.2518105288715344,0.2681940999997531,7738,,,True,ece,
PhishingWebsites,tabpfn_client,icl,label_noise,0.4,1195819797,train_only,False,high,True,ok,,0.9195055773289117,0.9841887377582327,0.535057003579966,0.7719240856577253,0.3395619102902808,0.18290228705934436,7738,,,True,ece;nll,
car,tabicl,icl,covariate_shift,0.0,753924289,test_only,True,low,True,ok,,0.9942196531791907,0.9999804084999561,0.018456081516883497,0.01331324863932514,0.012958402790643418,0.49254043580193696,1209,,,False,,
car,tabicl,icl,covariate_shift,0.05,721500663,test_only,True,low,True,ok,,0.9980732177263969,0.9999902042499781,0.01768840878630418,0.012759489818608905,0.012435620311143262,0.4933925831386405,1209,,,False,,
car,tabicl,icl,covariate_shift,0.1,3859582947,test_only,True,low,True,ok,,0.9942196531791907,1.0,0.019414926065866155,0.014004908777225487,0.010200115339145036,0.4928914522758819,1209,,,False,,
car,tabicl,icl,covariate_shift,0.2,1810657330,test_only,True,low,True,ok,,0.9942196531791907,0.9999804084999562,0.01993791456449241,0.014382165233930518,0.010288602222123184,0.49275372093725944,1209,,,False,,
car,tabicl,icl,covariate_shift,0.3,2876542023,test_only,True,low,True,ok,,0.9922928709055877,1.0,0.01824447163427347,0.013160604375202847,0.015165978087840789,0.4918625537057091,1209,,,False,,
car,tabicl,icl,covariate_shift,0.4,1149131185,test_only,True,low,True,ok,,0.9980732177263969,1.0,0.016443188330157357,0.011861253130160648,0.011799363812230226,0.4937927339574653,1209,,,False,,
car,tabpfn_client,icl,covariate_shift,0.0,753924289,test_only,True,low,True,ok,,0.9903660886319846,0.9999784761084805,0.023625860893867128,0.0170424561741573,0.014066242359555838,0.4906213946086075,1209,,,False,,
car,tabpfn_client,icl,covariate_shift,0.05,721500663,test_only,True,low,True,ok,,0.9845857418111753,0.9998493236050405,0.02995438118497891,0.021607518594233373,0.014841564785016066,0.48818455599816724,1209,,,False,,
car,tabpfn_client,icl,covariate_shift,0.1,3859582947,test_only,True,low,True,ok,,0.9942196531791907,0.9999892380542402,0.021272014334403285,0.015344514794981282,0.013481574052091501,0.4918295120469499,1209,,,False,,
car,tabpfn_client,icl,covariate_shift,0.2,1810657330,test_only,True,low,True,ok,,0.9903660886319846,0.9999632993855786,0.025688206915478618,0.01853012436314529,0.013790854768254143,0.4902248598171558,1209,,,False,,
car,tabpfn_client,icl,covariate_shift,0.3,2876542023,test_only,True,low,True,ok,,0.9922928709055877,0.9999481226626767,0.02584767425364352,0.018645155732122422,0.010914816664866463,0.491049263515165,1209,,,False,,
car,tabpfn_client,icl,covariate_shift,0.4,1149131185,test_only,True,low,True,ok,,0.9922928709055877,0.9999838570813603,0.02231113132820643,0.016094079261912905,0.014056021732047482,0.4911988524893308,1209,,,False,,
car,tabicl,icl,label_noise,0.0,1378653968,train_only,True,low,True,ok,,0.9942196531791907,0.9999804084999561,0.018456081516883497,0.01331324863932514,0.012958402790643418,0.49254043580193696,1209,,,False,,
car,tabicl,icl,label_noise,0.05,2251075837,train_only,True,low,True,ok,,0.9749518304431599,0.9989012490480754,0.09085488586657624,0.06553794664012115,0.05467642116484639,0.46526154350829474,1209,,,False,,
car,tabicl,icl,label_noise,0.1,719645287,train_only,True,low,True,ok,,0.9749518304431599,0.9991262362298319,0.12649727096029809,0.09124849275020477,0.07743736752040033,0.4530749359177736,1209,,,False,,
car,tabicl,icl,label_noise,0.2,68887170,train_only,True,low,True,ok,,0.9595375722543352,0.9973300560412502,0.2501395853450505,0.18043756965366298,0.16488900444325555,0.4058870836678378,1209,,,True,ece,
car,tabicl,icl,label_noise,0.3,2650549459,train_only,True,low,True,ok,,0.9383429672447013,0.9896083137832692,0.43041048160495826,0.31047553367905184,0.2527680078222712,0.34341809324267963,1209,,,True,ece,
car,tabicl,icl,label_noise,0.4,286087698,train_only,True,low,True,ok,,0.8766859344894027,0.9712348707011249,0.6189910719791224,0.4465076749494117,0.29812709629588663,0.2778573731748033,1209,,,True,ece,
car,tabpfn_client,icl,label_noise,0.0,1378653968,train_only,True,low,True,ok,,0.9903660886319846,0.9999784761084805,0.023625860893867128,0.0170424561741573,0.014066242359555838,0.4906213946086075,1209,,,False,,
car,tabpfn_client,icl,label_noise,0.05,2251075837,train_only,True,low,True,ok,,0.9845857418111753,0.9984175988668714,0.09788176879487248,0.07060677121690132,0.052385019055985964,0.4654749856988137,1209,,,False,,
car,tabpfn_client,icl,label_noise,0.1,719645287,train_only,True,low,True,ok,,0.9672447013487476,0.9977471200992815,0.15545732303385948,0.11213875450541134,0.08056901419323051,0.4445427680467911,1209,,,False,,
car,tabpfn_client,icl,label_noise,0.2,68887170,train_only,True,low,True,ok,,0.9653179190751445,0.9971824451584093,0.2718691155958778,0.19611211242052062,0.1714657170324041,0.40068476653407786,1209,,,True,ece,
car,tabpfn_client,icl,label_noise,0.3,2650549459,train_only,True,low,True,ok,,0.9402697495183044,0.988882181718491,0.44048053115085617,0.3177395389497384,0.26294310820323485,0.33923874270364895,1209,,,True,ece,
car,tabpfn_client,icl,label_noise,0.4,286087698,train_only,True,low,True,ok,,0.8689788053949904,0.9752871116368473,0.6308700353573811,0.45507653572776935,0.3295085189791365,0.26927264536798695,1209,,,True,ece,
churn,tabicl,icl,covariate_shift,0.0,1230650370,test_only,True,low,True,ok,,0.9713333333333334,0.9183427575295908,0.1212431644518947,0.17491691209643354,0.010359486151362372,0.41257299427615424,3500,,,False,,
churn,tabicl,icl,covariate_shift,0.05,744225428,test_only,True,low,True,ok,,0.9486666666666667,0.9116756269776163,0.18479970862395323,0.2666096231895027,0.037477414948914003,0.37390809949553205,3500,,,False,,
churn,tabicl,icl,covariate_shift,0.1,3492426655,test_only,True,low,True,ok,,0.9106666666666666,0.8778016231102778,0.2469408108475972,0.356260283202928,0.024332985994705018,0.3320858859287778,3500,,,False,,
churn,tabicl,icl,covariate_shift,0.2,1119641414,test_only,True,low,True,ok,,0.808,0.8016725506855737,0.4643582018677763,0.6699272750307571,0.08545400964442047,0.1837164083018396,3500,,,False,,
churn,tabicl,icl,covariate_shift,0.3,2078396232,test_only,True,low,True,ok,,0.714,0.7555208455408414,0.6255610665054036,0.9024938484205568,0.14429553674596987,0.07192503406393344,3500,,,True,ece;nll,
churn,tabicl,icl,covariate_shift,0.4,2263623152,test_only,True,low,True,ok,,0.5606666666666666,0.700451555724833,0.9291650543128547,1.34050181602448,0.273581314954163,-0.12760876329448506,3500,,,True,ece;nll,
churn,tabpfn_client,icl,covariate_shift,0.0,1230650370,test_only,True,low,True,ok,,0.9746666666666667,0.9263704148599555,0.11616613435942721,0.16759230595958666,0.013476172235868934,0.4174567189659346,3500,,,False,,
churn,tabpfn_client,icl,covariate_shift,0.05,744225428,test_only,True,low,True,ok,,0.9453333333333334,0.914369213641158,0.16886069175627658,0.2436144825978601,0.013805245730647828,0.3859838308489177,3500,,,False,,
churn,tabpfn_client,icl,covariate_shift,0.1,3492426655,test_only,True,low,True,ok,,0.9046666666666666,0.8663167994843549,0.2609286205337455,0.37644042687003276,0.04361625892631102,0.3172554999732522,3500,,,False,,
churn,tabpfn_client,icl,covariate_shift,0.2,1119641414,test_only,True,low,True,ok,,0.8106666666666666,0.7822900796906128,0.5055299310490143,0.7293255245453526,0.11323264270590358,0.15395734198692798,3500,,,True,ece,
churn,tabpfn_client,icl,covariate_shift,0.3,2078396232,test_only,True,low,True,ok,,0.6733333333333333,0.7046210301183641,0.9318085817964632,1.3443156200155355,0.2433870259899448,-0.1043547306612222,3500,,,True,ece;nll,
churn,tabpfn_client,icl,covariate_shift,0.4,2263623152,test_only,True,low,True,ok,,0.5333333333333333,0.6740522090706669,1.181087703187342,1.703949372243314,0.36263959551383923,-0.2677944576010287,3500,,,True,ece;nll,
churn,tabicl,icl,label_noise,0.0,2928313127,train_only,True,low,True,ok,,0.9713333333333334,0.9183427575295908,0.1212431644518947,0.17491691209643354,0.010359486151362372,0.41257299427615424,3500,,,False,,
churn,tabicl,icl,label_noise,0.05,2807402912,train_only,True,low,True,ok,,0.9586666666666667,0.911250805695535,0.15699964383183587,0.22650260757752316,0.04081774885542095,0.38662344994909603,3500,,,False,,
churn,tabicl,icl,label_noise,0.1,1487794769,train_only,True,low,True,ok,,0.9473333333333334,0.9135433757178015,0.20976721659487355,0.30263012312250515,0.08253710519776987,0.35454372352492497,3500,,,False,,
churn,tabicl,icl,label_noise,0.2,252632925,train_only,True,low,True,ok,,0.9386666666666666,0.8956038321809445,0.30858021162631305,0.4451871410297487,0.16257310472588454,0.28819057800922904,3500,,,True,ece,
churn,tabicl,icl,label_noise,0.3,2690041309,train_only,True,low,True,ok,,0.9033333333333333,0.8558189528887847,0.43821550220258604,0.6322113318683376,0.22509278096355603,0.2003546777578621,3500,,,True,ece,
churn,tabicl,icl,label_noise,0.4,164813029,train_only,True,low,True,ok,,0.7993333333333333,0.5836495077932732,0.6096291967855507,0.8795090189836361,0.2313375866798079,0.014057104696593152,3500,,,True,ece;nll,
churn,tabpfn_client,icl,label_noise,0.0,2928313127,train_only,True,low,True,ok,,0.9746666666666667,0.9263704148599555,0.11616613435942721,0.16759230595958666,0.013476172235868934,0.4174567189659346,3500,,,False,,
churn,tabpfn_client,icl,label_noise,0.05,2807402912,train_only,True,low,True,ok,,0.97,0.9148489687097152,0.14265163005077944,0.20580279924898653,0.043405198069700626,0.3952752596597642,3500,,,False,,
churn,tabpfn_client,icl,label_noise,0.1,1487794769,train_only,True,low,True,ok,,0.9513333333333334,0.9110768487050276,0.19881651668995678,0.28683160267541846,0.08018840187789214,0.3594897358685557,3500,,,False,,
churn,tabpfn_client,icl,label_noise,0.2,252632925,train_only,True,low,True,ok,,0.9473333333333334,0.9069385034571662,0.29322242041253443,0.4230305318066222,0.1670320287127635,0.29921291092546876,3500,,,True,ece,
churn,tabpfn_client,icl,label_noise,0.3,2690041309,train_only,True,low,True,ok,,0.9073333333333333,0.8697849525372084,0.4323223446015289,0.6237093026221153,0.2256646888443401,0.20827900483252032,3500,,,True,ece,
churn,tabpfn_client,icl,label_noise,0.4,164813029,train_only,True,low,True,ok,,0.86,0.7174517315129498,0.578257371112381,0.834249041661321,0.27828120430566605,0.07417715267000294,3500,,,True,ece;nll,
cmc,tabicl,icl,covariate_shift,0.0,2506596946,test_only,False,high,True,ok,,0.6063348416289592,0.77896260072297,0.8467898481482793,0.7707813364939468,0.05321952205727963,0.12170883113774345,1031,,,True,nll,
cmc,tabicl,icl,covariate_shift,0.05,2673370194,test_only,False,low,True,ok,,0.6063348416289592,0.7745695695568591,0.8658703534736322,0.7881491609049452,0.05945101933217198,0.11371462345132659,1031,,,True,nll,
cmc,tabicl,icl,covariate_shift,0.1,34187556,test_only,False,low,True,ok,,0.581447963800905,0.7667732958124112,0.8916146397007508,0.8115826200903776,0.052647239439021,0.10158361418956215,1031,,,True,nll,
cmc,tabicl,icl,covariate_shift,0.2,3712704359,test_only,False,low,True,ok,,0.5678733031674208,0.7378629943591227,0.9257923044186163,0.8426924711910788,0.04764084950382777,0.08109713224271686,1031,,,True,nll,
cmc,tabicl,icl,covariate_shift,0.3,3903538602,test_only,False,low,True,ok,,0.5203619909502263,0.6929806490790723,0.9857358653665763,0.8972554517496086,0.05066023821598606,0.04128884265212944,1031,,,True,nll,
cmc,tabicl,icl,covariate_shift,0.4,4162609920,test_only,False,low,True,ok,,0.45701357466063347,0.6463694897478899,1.0629572656917177,0.9675453994606067,0.1330557503986746,-0.022093412307060474,1031,,,True,ece;nll,
cmc,tabpfn_client,icl,covariate_shift,0.0,2506596946,test_only,False,high,True,ok,,0.6108597285067874,0.7805468494547504,0.8416866668733075,0.7661362207168799,0.06413259423475483,0.12215297152316582,1031,,,True,nll,
cmc,tabpfn_client,icl,covariate_shift,0.05,2673370194,test_only,False,low,True,ok,,0.6085972850678733,0.774084330950284,0.854529250024699,0.7778260436724933,0.04852044563442379,0.11916720636414765,1031,,,True,nll,
cmc,tabpfn_client,icl,covariate_shift,0.1,34187556,test_only,False,low,True,ok,,0.5995475113122172,0.7681698134048881,0.8671473652524281,0.7893115471188697,0.04468047233042341,0.11306200278679782,1031,,,True,nll,
cmc,tabpfn_client,icl,covariate_shift,0.2,3712704359,test_only,False,low,True,ok,,0.5271493212669683,0.7136136695608232,0.9506956351569793,0.8653604597027987,0.04528053952236981,0.06017293672101977,1031,,,True,nll,
cmc,tabpfn_client,icl,covariate_shift,0.3,3903538602,test_only,False,low,True,ok,,0.4751131221719457,0.6723693528891599,1.0125384381631182,0.9216522048835424,0.09360654946184838,0.011379270479565405,1031,,,True,nll,
cmc,tabpfn_client,icl,covariate_shift,0.4,4162609920,test_only,False,low,True,ok,,0.4411764705882353,0.654098623678972,1.0515879085143003,0.9571965645761901,0.16744199990778344,-0.025536380478538255,1031,,,True,ece;nll,
cmc,tabicl,icl,label_noise,0.0,2616551384,train_only,False,high,True,ok,,0.6063348416289592,0.77896260072297,0.8467898481482793,0.7707813364939468,0.05321952205727963,0.12170883113774345,1031,,,True,nll,
cmc,tabicl,icl,label_noise,0.05,119990209,train_only,False,high,True,ok,,0.6199095022624435,0.7832009533278738,0.8439372065586894,0.7681847502195949,0.08338342450194478,0.1199746490378549,1031,,,True,nll,
cmc,tabicl,icl,label_noise,0.1,2933029513,train_only,False,high,True,ok,,0.6108597285067874,0.7722324890627951,0.8628253222363834,0.7853774540264974,0.07839282397733245,0.11061852944458066,1031,,,True,nll,
cmc,tabicl,icl,label_noise,0.2,1450933987,train_only,False,high,True,ok,,0.579185520361991,0.7642487233610952,0.8987971097054905,0.8181203860327624,0.09489980446850797,0.08994880452715162,1031,,,True,nll,
cmc,tabicl,icl,label_noise,0.3,2418322371,train_only,False,high,True,ok,,0.6018099547511312,0.7747094815231659,0.9245572007560896,0.8415682313884966,0.13937053778181616,0.08107523477286559,1031,,,True,ece;nll,
cmc,tabicl,icl,label_noise,0.4,2793446515,train_only,False,high,True,ok,,0.583710407239819,0.7564736143654048,0.9623253965705021,0.8759463247376984,0.15055059111961772,0.05942831046863147,1031,,,True,ece;nll,
cmc,tabpfn_client,icl,label_noise,0.0,2616551384,train_only,False,high,True,ok,,0.6108597285067874,0.7805468494547504,0.8416866668733075,0.7661362207168799,0.06413259423475483,0.12215297152316582,1031,,,True,nll,
cmc,tabpfn_client,icl,label_noise,0.05,119990209,train_only,False,high,True,ok,,0.6199095022624435,0.7823661022306155,0.8445533198148093,0.76874556067336,0.07069534578229694,0.12205182376161457,1031,,,True,nll,
cmc,tabpfn_client,icl,label_noise,0.1,2933029513,train_only,False,high,True,ok,,0.6153846153846154,0.7752812429329956,0.8598265542982582,0.7826478578176649,0.09667964126675462,0.10952584173559035,1031,,,True,nll,
cmc,tabpfn_client,icl,label_noise,0.2,1450933987,train_only,False,high,True,ok,,0.5882352941176471,0.7712795982181347,0.8975723335379185,0.8170055467212006,0.11749441706039636,0.08958260606555475,1031,,,True,ece;nll,
cmc,tabpfn_client,icl,label_noise,0.3,2418322371,train_only,False,high,True,ok,,0.5882352941176471,0.7693671200116231,0.9437661719074554,0.8590529904336129,0.1465143803738905,0.07049501291685317,1031,,,True,ece;nll,
cmc,tabpfn_client,icl,label_noise,0.4,2793446515,train_only,False,high,True,ok,,0.5361990950226244,0.7344564526730185,0.9932476962326455,0.9040930148676911,0.12940631355010926,0.04038045551862095,1031,,,True,ece;nll,
dna,tabicl,icl,covariate_shift,0.0,4129258486,test_only,False,high,True,ok,,0.9707112970711297,0.9963687259886895,0.09533592053763898,0.08677849457993812,0.010048112302286607,0.466292577822272,2230,,,False,,
dna,tabicl,icl,covariate_shift,0.05,1379787967,test_only,False,high,True,ok,,0.9686192468619247,0.996513148023651,0.09510409673804146,0.08656747946387879,0.008112174447819212,0.46647981010883904,2230,,,False,,
dna,tabicl,icl,covariate_shift,0.1,587119554,test_only,False,high,True,ok,,0.9633891213389121,0.9961353864412325,0.09998435780499158,0.09100968452319652,0.01050146140540785,0.4637525558172277,2230,,,False,,
dna,tabicl,icl,covariate_shift,0.2,3368106178,test_only,False,high,True,ok,,0.9654811715481172,0.9961992784210846,0.09931835950185576,0.09040346674281538,0.009743532791870978,0.46442217659837837,2230,,,False,,
dna,tabicl,icl,covariate_shift,0.3,3223076601,test_only,False,high,True,ok,,0.9665271966527197,0.9963360495172302,0.09442730210529984,0.08595143444078686,0.014404140938545171,0.46503043830899343,2230,,,False,,
dna,tabicl,icl,covariate_shift,0.4,3026397695,test_only,False,high,True,ok,,0.9665271966527197,0.9963600165559715,0.09703874606734628,0.08832847317317932,0.011548419257192293,0.4648968594891057,2230,,,False,,
dna,tabpfn_client,icl,covariate_shift,0.0,4129258486,test_only,False,high,True,ok,,0.9633891213389121,0.9958851633123277,0.1105676591842183,0.1006430205857826,0.017579556347548344,0.459359357914907,2230,,,False,,
dna,tabpfn_client,icl,covariate_shift,0.05,1379787967,test_only,False,high,True,ok,,0.9654811715481172,0.9952024105971096,0.12318093343848263,0.11212411758821636,0.02550151921629876,0.4544054803214812,2230,,,False,,
dna,tabpfn_client,icl,covariate_shift,0.1,587119554,test_only,False,high,True,ok,,0.9665271966527197,0.9953299731987735,0.12068111732906375,0.10984868690606961,0.025693298218259292,0.4552513044020059,2230,,,False,,
dna,tabpfn_client,icl,covariate_shift,0.2,3368106178,test_only,False,high,True,ok,,0.9644351464435147,0.9948836711176536,0.13192975958909414,0.12008764233744162,0.037110731817516326,0.44942611779297026,2230,,,False,,
dna,tabpfn_client,icl,covariate_shift,0.3,3223076601,test_only,False,high,True,ok,,0.9696652719665272,0.9947587728618584,0.12387549139636889,0.11275633148665025,0.02876721315090738,0.454035019220453,2230,,,False,,
dna,tabpfn_client,icl,covariate_shift,0.4,3026397695,test_only,False,high,True,ok,,0.9644351464435147,0.9949352958373741,0.13568187829768405,0.1235029679689606,0.04016585790200958,0.447808563538518,2230,,,False,,
dna,tabicl,icl,label_noise,0.0,304703745,train_only,False,high,True,ok,,0.9707112970711297,0.9963687259886895,0.09533592053763898,0.08677849457993812,0.010048112302286607,0.466292577822272,2230,,,False,,
dna,tabicl,icl,label_noise,0.05,1433359301,train_only,False,high,True,ok,,0.9675732217573222,0.9955336910157291,0.126021693440392,0.11470988877538678,0.0388248263513609,0.4513948432162152,2230,,,False,,
dna,tabicl,icl,label_noise,0.1,1866222242,train_only,False,high,True,ok,,0.9654811715481172,0.9960604305840505,0.15491291375431188,0.14100781081023478,0.0669018638773886,0.43776061041808706,2230,,,False,,
dna,tabicl,icl,label_noise,0.2,1266373448,train_only,False,high,True,ok,,0.9602510460251046,0.9951544604208603,0.2552992662593076,0.23238340667827118,0.14873667307449365,0.39287936143268676,2230,,,True,ece,
dna,tabicl,icl,label_noise,0.3,2710239680,train_only,False,high,True,ok,,0.952928870292887,0.9934740751902552,0.3844687097835553,0.34995850105560133,0.24293108442609018,0.33708148965862395,2230,,,True,ece,
dna,tabicl,icl,label_noise,0.4,2778041081,train_only,False,high,True,ok,,0.9382845188284519,0.9913013212579704,0.5373754724169851,0.4891402344210679,0.3329046656776592,0.2743751368027052,2230,,,True,ece,
dna,tabpfn_client,icl,label_noise,0.0,304703745,train_only,False,high,True,ok,,0.9633891213389121,0.9958851633123277,0.1105676591842183,0.1006430205857826,0.017579556347548344,0.459359357914907,2230,,,False,,
dna,tabpfn_client,icl,label_noise,0.05,1433359301,train_only,False,high,True,ok,,0.9633891213389121,0.9942511103319308,0.16238373671536302,0.147808046924568,0.06189612398700529,0.43577461794224115,2230,,,False,,
dna,tabpfn_client,icl,label_noise,0.1,1866222242,train_only,False,high,True,ok,,0.9581589958158996,0.9944604627171884,0.19547151499181933,0.17792584063372988,0.09476171202117557,0.4194549167290467,2230,,,False,,
dna,tabpfn_client,icl,label_noise,0.2,1266373448,train_only,False,high,True,ok,,0.9560669456066946,0.993212148258049,0.3137306712494507,0.28556996356721853,0.19181068970918344,0.3670011667193191,2230,,,True,ece,
dna,tabpfn_client,icl,label_noise,0.3,2710239680,train_only,False,high,True,ok,,0.9456066945606695,0.9905710208356676,0.431387171056229,0.39266552495896107,0.2653687324898413,0.3176674574909275,2230,,,True,ece,
dna,tabpfn_client,icl,label_noise,0.4,2778041081,train_only,False,high,True,ok,,0.9267782426778243,0.9859012797875478,0.5902525266062617,0.5372710033326203,0.34918784025698496,0.2530633152761322,2230,,,True,ece,
first-order-theorem-proving,tabicl,icl,covariate_shift,0.0,3335308953,test_only,False,high,True,ok,,0.6350762527233116,0.8554792995446996,1.036369810946149,0.5784090045259529,0.026327480077969874,0.2158909953757617,4282,,,False,,
first-order-theorem-proving,tabicl,icl,covariate_shift,0.05,3218207457,test_only,False,low,True,ok,,0.42810457516339867,0.6924480144248205,1.508883042198157,0.8421236600737655,0.0893230236119214,0.03607078857868305,4282,,,True,nll,
first-order-theorem-proving,tabicl,icl,covariate_shift,0.1,1290001820,test_only,False,low,True,ok,,0.4210239651416122,0.6495642743321453,1.5656320975383313,0.8737959109058616,0.0704057516620481,0.014281167183324527,4282,,,True,nll,
first-order-theorem-proving,tabicl,icl,covariate_shift,0.2,3710825876,test_only,False,low,True,ok,,0.41721132897603486,0.6121293131918244,1.595389430044083,0.8904037943951404,0.09111776439195926,-0.008517732233390213,4282,,,True,nll,
first-order-theorem-proving,tabicl,icl,covariate_shift,0.3,1779014485,test_only,False,low,True,ok,,0.41721132897603486,0.609612599929811,1.6050601954387063,0.8958011513287637,0.07417523590669349,-0.007629283258128769,4282,,,True,nll,
first-order-theorem-proving,tabicl,icl,covariate_shift,0.4,3465934490,test_only,False,low,True,ok,,0.41721132897603486,0.5869051804133858,1.618977440600375,0.9035685137458099,0.027886150055732917,-0.008649271643799316,4282,,,True,nll,
first-order-theorem-proving,tabpfn_client,icl,covariate_shift,0.0,3335308953,test_only,False,high,True,ok,,0.6263616557734205,0.8510852770329635,1.0547351758666212,0.58865890984856,0.027612191181903972,0.20971398413660153,4282,,,False,,
first-order-theorem-proving,tabpfn_client,icl,covariate_shift,0.05,3218207457,test_only,False,low,True,ok,,0.42483660130718953,0.7018532594944085,1.4848599465547587,0.828716115112528,0.0983504775924509,0.04108920096687281,4282,,,True,nll,
first-order-theorem-proving,tabpfn_client,icl,covariate_shift,0.1,1290001820,test_only,False,low,True,ok,,0.417755991285403,0.6655121888366666,1.537244291627576,0.8579523747625947,0.10463378786641257,0.017280194783582815,4282,,,True,ece;nll,
first-order-theorem-proving,tabpfn_client,icl,covariate_shift,0.2,3710825876,test_only,False,low,True,ok,,0.41721132897603486,0.6095097411974937,1.577662921851519,0.8805104418012227,0.08125382814332154,-0.004493789403503111,4282,,,True,nll,
first-order-theorem-proving,tabpfn_client,icl,covariate_shift,0.3,1779014485,test_only,False,low,True,ok,,0.41721132897603486,0.6174801951389944,1.5851514948807828,0.88468989398656,0.031705766919322184,0.006951646065220854,4282,,,True,nll,
first-order-theorem-proving,tabpfn_client,icl,covariate_shift,0.4,3465934490,test_only,False,low,True,ok,,0.41721132897603486,0.5809362938505488,1.6009228303070278,0.8934920438828514,0.05471066744520207,-0.013080344459798528,4282,,,True,nll,
first-order-theorem-proving,tabicl,icl,label_noise,0.0,668100812,train_only,False,high,True,ok,,0.6350762527233116,0.8554792995446996,1.036369810946149,0.5784090045259529,0.026327480077969874,0.2158909953757617,4282,,,False,,
first-order-theorem-proving,tabicl,icl,label_noise,0.05,48973233,train_only,False,high,True,ok,,0.6247276688453159,0.8469672661474279,1.062810552294529,0.5931658632463768,0.02461070376800492,0.20727579375088312,4282,,,False,,
first-order-theorem-proving,tabicl,icl,label_noise,0.1,3651152928,train_only,False,high,True,ok,,0.6138344226579521,0.8373760519153705,1.100536058813252,0.6142208693265044,0.03908728398004923,0.1930730639751113,4282,,,False,,
first-order-theorem-proving,tabicl,icl,label_noise,0.2,1894668217,train_only,False,high,True,ok,,0.5947712418300654,0.8260228031698387,1.1669363278172837,0.6512795650635159,0.08905426295517715,0.16512894527386315,4282,,,False,,
first-order-theorem-proving,tabicl,icl,label_noise,0.3,749509787,train_only,False,high,True,ok,,0.5713507625272332,0.8073341241225473,1.2551450835092652,0.7005098089700736,0.13463537158010333,0.1311895408149338,4282,,,True,ece,
first-order-theorem-proving,tabicl,icl,label_noise,0.4,1585020547,train_only,False,high,True,ok,,0.5403050108932462,0.7826434504667183,1.3489720800495075,0.75287565279657,0.1673504302063091,0.0956381774171055,4282,,,True,ece;nll,
first-order-theorem-proving,tabpfn_client,icl,label_noise,0.0,668100812,train_only,False,high,True,ok,,0.6263616557734205,0.8510852770329635,1.0547351758666212,0.58865890984856,0.027612191181903972,0.20971398413660153,4282,,,False,,
first-order-theorem-proving,tabpfn_client,icl,label_noise,0.05,48973233,train_only,False,high,True,ok,,0.6127450980392157,0.8414995906028407,1.0906485006713829,0.6087025180568839,0.03741398340613779,0.1963430693185839,4282,,,False,,
first-order-theorem-proving,tabpfn_client,icl,label_noise,0.1,3651152928,train_only,False,high,True,ok,,0.5980392156862745,0.8308676997163219,1.1317691629352225,0.6316523966371577,0.05446910830707419,0.18012003660109174,4282,,,False,,
first-order-theorem-proving,tabpfn_client,icl,label_noise,0.2,1894668217,train_only,False,high,True,ok,,0.5827886710239651,0.8211308388599537,1.1941713423030684,0.6664797160623095,0.0902007492866364,0.15683002957855846,4282,,,False,,
first-order-theorem-proving,tabpfn_client,icl,label_noise,0.3,749509787,train_only,False,high,True,ok,,0.5484749455337691,0.8010259881049494,1.2926996691105896,0.7214694222699012,0.13146357371306416,0.11989679624321448,4282,,,True,ece,
first-order-theorem-proving,tabpfn_client,icl,label_noise,0.4,1585020547,train_only,False,high,True,ok,,0.5201525054466231,0.7626176462184028,1.4124824194401984,0.7883214481063907,0.17442902397028465,0.07355681276746032,4282,,,True,ece;nll,
kc1,tabicl,icl,covariate_shift,0.0,4150789106,test_only,False,high,True,ok,,0.8704581358609794,0.856790005721915,0.3091451464344468,0.4460021696758688,0.0379831438216412,0.2890479427147283,1476,,,False,,
kc1,tabicl,icl,covariate_shift,0.05,780621097,test_only,False,low,True,ok,,0.8562401263823065,0.79624260919321,0.48399238430587666,0.6982534126661136,0.18961041026084224,0.1597228263229669,1476,,,True,ece,
kc1,tabicl,icl,covariate_shift,0.1,2861930738,test_only,False,low,True,ok,,0.8546603475513428,0.7904253290101086,0.49522141641399847,0.7144534816024839,0.20171265199456162,0.15016934240658186,1476,,,True,ece,
kc1,tabicl,icl,covariate_shift,0.2,1813253178,test_only,False,low,True,ok,,0.8562401263823065,0.7408353995803929,0.5318020155026884,0.7672281305004841,0.22974425455887923,0.1116111187485624,1476,,,True,ece;nll,
kc1,tabicl,icl,covariate_shift,0.3,2074765239,test_only,False,low,True,ok,,0.8546603475513428,0.7417604424947548,0.5173652889798659,0.746400336739338,0.23066871843840028,0.11776136229638412,1476,,,True,ece,
kc1,tabicl,icl,covariate_shift,0.4,3911807790,test_only,False,low,True,ok,,0.8593996840442338,0.7207133320617967,0.5140366244380874,0.7415980889121313,0.2223463911070812,0.11421091393320826,1476,,,True,ece,
kc1,tabpfn_client,icl,covariate_shift,0.0,4150789106,test_only,False,high,True,ok,,0.8625592417061612,0.8580869731069998,0.31210725640605697,0.45027559104247855,0.035509395562104695,0.28752977041820954,1476,,,False,,
kc1,tabpfn_client,icl,covariate_shift,0.05,780621097,test_only,False,low,True,ok,,0.8546603475513428,0.8209326721342742,0.40107750588087737,0.5786325287464559,0.1150339736850411,0.21892893401875244,1476,,,True,ece,
kc1,tabpfn_client,icl,covariate_shift,0.1,2861930738,test_only,False,low,True,ok,,0.8578199052132701,0.7397577722677856,0.4325055224667289,0.62397357241984,0.1455808824887571,0.17127995785201203,1476,,,True,ece,
kc1,tabpfn_client,icl,covariate_shift,0.2,1813253178,test_only,False,low,True,ok,,0.8578199052132701,0.700810604615678,0.4605606922405361,0.6644486267238096,0.17632351214146,0.139357406952043,1476,,,True,ece,
kc1,tabpfn_client,icl,covariate_shift,0.3,2074765239,test_only,False,low,True,ok,,0.8578199052132701,0.692227732214381,0.46920036202728777,0.6769130354800744,0.1791194516216968,0.13205489108866217,1476,,,True,ece,
kc1,tabpfn_client,icl,covariate_shift,0.4,3911807790,test_only,False,low,True,ok,,0.8688783570300158,0.7022410833492274,0.48555687650884033,0.7005104978088388,0.20499447831133613,0.12496408772181308,1476,,,True,ece,
kc1,tabicl,icl,label_noise,0.0,3623059028,train_only,False,high,True,ok,,0.8704581358609794,0.856790005721915,0.3091451464344468,0.4460021696758688,0.0379831438216412,0.2890479427147283,1476,,,False,,
kc1,tabicl,icl,label_noise,0.05,1250173943,train_only,False,high,True,ok,,0.8704581358609794,0.8546633606713714,0.32081831506227054,0.4628429921666908,0.04740316319350354,0.2813673663254189,1476,,,False,,
kc1,tabicl,icl,label_noise,0.1,1180189399,train_only,False,high,True,ok,,0.8704581358609794,0.8151630745756246,0.3686526028074749,0.5318532818811528,0.09847847304278924,0.23662411730771182,1476,,,False,,
kc1,tabicl,icl,label_noise,0.2,2518553145,train_only,False,high,True,ok,,0.8515007898894155,0.8117203890902156,0.4093754853352545,0.5906039825546842,0.11803470702944689,0.2110391184926931,1476,,,True,ece,
kc1,tabicl,icl,label_noise,0.3,2066026658,train_only,False,high,True,ok,,0.8199052132701422,0.7880984169368681,0.4977619738628884,0.718118731235091,0.1734275129483378,0.14869910595823024,1476,,,True,ece,
kc1,tabicl,icl,label_noise,0.4,3883376813,train_only,False,high,True,ok,,0.65086887835703,0.5076864390616059,0.6523535498068076,0.9411472312125927,0.09380430393142428,-0.025784444724946117,1476,,,True,nll,
kc1,tabpfn_client,icl,label_noise,0.0,3623059028,train_only,False,high,True,ok,,0.8625592417061612,0.8580869731069998,0.31210725640605697,0.45027559104247855,0.035509395562104695,0.28752977041820954,1476,,,False,,
kc1,tabpfn_client,icl,label_noise,0.05,1250173943,train_only,False,high,True,ok,,0.8593996840442338,0.8497520503528515,0.3242668274681201,0.46781814391305393,0.043722868707110944,0.2772331533147947,1476,,,False,,
kc1,tabpfn_client,icl,label_noise,0.1,1180189399,train_only,False,high,True,ok,,0.8672985781990521,0.840406255960328,0.3465429935308904,0.49995585822183175,0.09084054802702751,0.25608210924401753,1476,,,False,,
kc1,tabpfn_client,icl,label_noise,0.2,2518553145,train_only,False,high,True,ok,,0.8515007898894155,0.8122544344840741,0.4222397084216283,0.609163133406285,0.12520563125934345,0.204224104279084,1476,,,True,ece,
kc1,tabpfn_client,icl,label_noise,0.3,2066026658,train_only,False,high,True,ok,,0.8436018957345972,0.8067804691970246,0.5057831725505292,0.7296908748037354,0.20512998153732992,0.14898018983056155,1476,,,True,ece,
kc1,tabpfn_client,icl,label_noise,0.4,3883376813,train_only,False,high,True,ok,,0.8388625592417062,0.5246328437917223,0.5692858952095825,0.8213059378668988,0.23468333340421269,0.016122431172446522,1476,,,True,ece;nll,
kr-vs-kp,tabicl,icl,covariate_shift,0.0,1593459504,test_only,True,low,True,ok,,0.9937434827945777,0.9995946970687446,0.023294039262963716,0.03360619492695056,0.003827760324506456,0.48807225585026076,2237,,,False,,
kr-vs-kp,tabicl,icl,covariate_shift,0.05,805070326,test_only,True,low,True,ok,,0.9937434827945777,0.9995380418202895,0.023996549827309387,0.034619703434304164,0.005801748811534825,0.48735357626368975,2237,,,False,,
kr-vs-kp,tabicl,icl,covariate_shift,0.1,4236857155,test_only,True,low,True,ok,,0.9927007299270073,0.9996775008934097,0.02301278027132469,0.0332004239745075,0.003790303798872836,0.4880740468496177,2237,,,False,,
kr-vs-kp,tabicl,icl,covariate_shift,0.2,3403802551,test_only,True,low,True,ok,,0.9927007299270073,0.9995641903964996,0.023619461571942592,0.034075680078309016,0.004942476033000474,0.4875413768977331,2237,,,False,,
kr-vs-kp,tabicl,icl,covariate_shift,0.3,2551614734,test_only,True,low,True,ok,,0.9916579770594369,0.9996600685092697,0.02232281437379441,0.032205013595758065,0.004565247251341456,0.48805516700816426,2237,,,False,,
kr-vs-kp,tabicl,icl,covariate_shift,0.4,1249275781,test_only,True,low,True,ok,,0.9947862356621481,0.9995816227806396,0.02339690542091619,0.033754599422903896,0.006601175680938112,0.48762488835948725,2237,,,False,,
kr-vs-kp,tabpfn_client,icl,covariate_shift,0.0,1593459504,test_only,True,low,True,ok,,0.9906152241918665,0.9996557104132346,0.023398468100182142,0.033756853892531385,0.00480380017196735,0.4873839660712591,2237,,,False,,
kr-vs-kp,tabpfn_client,icl,covariate_shift,0.05,805070326,test_only,True,low,True,ok,,0.9906152241918665,0.9996862170854798,0.02277968140464604,0.032864133395513376,0.0060859082766024485,0.48740603793472337,2237,,,False,,
kr-vs-kp,tabpfn_client,icl,covariate_shift,0.1,4236857155,test_only,True,low,True,ok,,0.9906152241918665,0.9995859808766746,0.02672337772720161,0.03855368452283634,0.00525585647852002,0.48583010028306123,2237,,,False,,
kr-vs-kp,tabpfn_client,icl,covariate_shift,0.2,3403802551,test_only,True,low,True,ok,,0.9906152241918665,0.9996382780290947,0.02429427627660137,0.03504923190623919,0.004950114087709797,0.4869608885495494,2237,,,False,,
kr-vs-kp,tabpfn_client,icl,covariate_shift,0.3,2551614734,test_only,True,low,True,ok,,0.9906152241918665,0.9997036494696198,0.022627480414139044,0.032644553781290546,0.006669807354339592,0.48736123333789183,2237,,,False,,
kr-vs-kp,tabpfn_client,icl,covariate_shift,0.4,1249275781,test_only,True,low,True,ok,,0.9906152241918665,0.9995859808766746,0.025078355391197887,0.03618041895653219,0.006959317180684266,0.4862013878125196,2237,,,False,,
kr-vs-kp,tabicl,icl,label_noise,0.0,3723983239,train_only,True,low,True,ok,,0.9937434827945777,0.9995946970687446,0.023294039262963716,0.03360619492695056,0.003827760324506456,0.48807225585026076,2237,,,False,,
kr-vs-kp,tabicl,icl,label_noise,0.05,4204106854,train_only,True,low,True,ok,,0.9927007299270073,0.9989562359996165,0.06043973192813686,0.0871961015253814,0.03930237427081326,0.4645204867771398,2237,,,False,,
kr-vs-kp,tabicl,icl,label_noise,0.1,1734619466,train_only,True,low,True,ok,,0.9906152241918665,0.9983352073146284,0.10416198117877802,0.1502739736957926,0.08331990305951627,0.43626343346825885,2237,,,False,,
kr-vs-kp,tabicl,icl,label_noise,0.2,192617077,train_only,True,low,True,ok,,0.986444212721585,0.9983047006423834,0.22992690741462876,0.3317144090940208,0.18650888687214548,0.36055717703043655,2237,,,True,ece,
kr-vs-kp,tabicl,icl,label_noise,0.3,1518713911,train_only,True,low,True,ok,,0.9655891553701773,0.9957508563658709,0.39328588887976623,0.5673916015384467,0.28311781024135535,0.26651013052377637,2237,,,True,ece,
kr-vs-kp,tabicl,icl,label_noise,0.4,196317964,train_only,True,low,True,ok,,0.872784150156413,0.9460598453747527,0.5644395486149315,0.8143141376683667,0.292792777542208,0.15918577159567376,2237,,,True,ece;nll,
kr-vs-kp,tabpfn_client,icl,label_noise,0.0,3723983239,train_only,True,low,True,ok,,0.9906152241918665,0.9996557104132346,0.023398468100182142,0.033756853892531385,0.00480380017196735,0.4873839660712591,2237,,,False,,
kr-vs-kp,tabpfn_client,icl,label_noise,0.05,4204106854,train_only,True,low,True,ok,,0.9916579770594369,0.996888319431007,0.064948257405544,0.09370052887335822,0.04111843965971249,0.461325761765818,2237,,,False,,
kr-vs-kp,tabpfn_client,icl,label_noise,0.1,1734619466,train_only,True,low,True,ok,,0.9906152241918665,0.9979516948635481,0.11255704180445765,0.1623854860284228,0.08431343955084297,0.43229704311232636,2237,,,False,,
kr-vs-kp,tabpfn_client,icl,label_noise,0.2,192617077,train_only,True,low,True,ok,,0.9916579770594369,0.9986620645172537,0.23136033812510637,0.33378241247148477,0.19027253811295688,0.3600911877759175,2237,,,True,ece,
kr-vs-kp,tabpfn_client,icl,label_noise,0.3,1518713911,train_only,True,low,True,ok,,0.9645464025026069,0.9955416677561906,0.39265066622568945,0.5664751689655498,0.2850992180892829,0.2661591497825362,2237,,,True,ece,
kr-vs-kp,tabpfn_client,icl,label_noise,0.4,196317964,train_only,True,low,True,ok,,0.8978102189781022,0.9595873754674058,0.5647206658910158,0.8147197041684817,0.3217314101698476,0.1617649209757933,2237,,,True,ece;nll,
mfeat-factors,tabicl,icl,covariate_shift,0.0,3028227453,test_only,True,medium,True,ok,,0.985,0.9997746913580248,0.061018006547663185,0.02649978354038661,0.008764530768858619,0.48796830075942094,1400,,,False,,
mfeat-factors,tabicl,icl,covariate_shift,0.05,600021547,test_only,True,low,True,ok,,0.985,0.999712962962963,0.06396471804951967,0.027779524085403722,0.006126364106239106,0.48809040699016804,1400,,,False,,
mfeat-factors,tabicl,icl,covariate_shift,0.1,602530879,test_only,True,low,True,ok,,0.985,0.9996975308641975,0.0603285471270067,0.026200355118499285,0.01127523485116531,0.4875289822966863,1400,,,False,,
mfeat-factors,tabicl,icl,covariate_shift,0.2,179628137,test_only,True,low,True,ok,,0.9716666666666667,0.9990401234567902,0.13651469428206126,0.059287578425408605,0.0617430248225076,0.46527916471775244,1400,,,False,,
mfeat-factors,tabicl,icl,covariate_shift,0.3,3085802972,test_only,True,low,True,ok,,0.9416666666666667,0.9975216049382716,0.4177970387350835,0.18144694847816592,0.22197191082823248,0.3915540950192987,1400,,,True,ece,
mfeat-factors,tabicl,icl,covariate_shift,0.4,4232577697,test_only,True,low,True,ok,,0.8983333333333333,0.9951635802469136,0.7127925133282264,0.30956185528039876,0.3434936871226802,0.32148995907776406,1400,,,True,ece,
mfeat-factors,tabpfn_client,icl,covariate_shift,0.0,3028227453,test_only,True,medium,True,ok,,0.9883333333333333,0.9997469135802468,0.06000000216568954,0.026057669854742126,0.008361357816067233,0.4886718472334503,1400,,,False,,
mfeat-factors,tabpfn_client,icl,covariate_shift,0.05,600021547,test_only,True,low,True,ok,,0.9833333333333333,0.9996697530864198,0.0635750866033311,0.02761030929834804,0.010119067083776216,0.48707750737398725,1400,,,False,,
mfeat-factors,tabpfn_client,icl,covariate_shift,0.1,602530879,test_only,True,low,True,ok,,0.9783333333333334,0.9994567901234568,0.08736412778021287,0.03794175861123703,0.018206742520098795,0.48153600045581896,1400,,,False,,
mfeat-factors,tabpfn_client,icl,covariate_shift,0.2,179628137,test_only,True,low,True,ok,,0.9566666666666667,0.9984537037037038,0.19223215666901075,0.08348536488571275,0.07586311166968196,0.452740564496646,1400,,,False,,
mfeat-factors,tabpfn_client,icl,covariate_shift,0.3,3085802972,test_only,True,low,True,ok,,0.8416666666666667,0.9944722222222223,0.502061236384323,0.21804242453923559,0.14582899096298485,0.3797367522234102,1400,,,True,ece,
mfeat-factors,tabpfn_client,icl,covariate_shift,0.4,4232577697,test_only,True,low,True,ok,,0.7266666666666667,0.9870246913580246,0.8889677558145748,0.3860737909401872,0.20483996921898973,0.2976685108494545,1400,,,True,ece,
mfeat-factors,tabicl,icl,label_noise,0.0,2942197313,train_only,True,medium,True,ok,,0.985,0.9997746913580248,0.061018006547663185,0.02649978354038661,0.008764530768858619,0.48796830075942094,1400,,,False,,
mfeat-factors,tabicl,icl,label_noise,0.05,2814914571,train_only,True,medium,True,ok,,0.9783333333333334,0.9988148148148148,0.11062657560070685,0.048044511335239896,0.04548639327133003,0.47282455313034716,1400,,,False,,
mfeat-factors,tabicl,icl,label_noise,0.1,4064093667,train_only,True,medium,True,ok,,0.9833333333333333,0.9992160493827159,0.1435087648167529,0.06232506466466731,0.08515790042137716,0.46149651780027495,1400,,,False,,
mfeat-factors,tabicl,icl,label_noise,0.2,74797416,train_only,True,medium,True,ok,,0.985,0.9975864197530864,0.24097768017278598,0.1046552767608876,0.1638077957957656,0.4327471047261608,1400,,,True,ece,
mfeat-factors,tabicl,icl,label_noise,0.3,564161943,train_only,True,medium,True,ok,,0.97,0.9963734567901235,0.36328647652942925,0.1577733121068063,0.23452397996519092,0.3999939202514631,1400,,,True,ece,
mfeat-factors,tabicl,icl,label_noise,0.4,2815187934,train_only,True,medium,True,ok,,0.9766666666666667,0.9983950617283952,0.5155137024486942,0.22388475631898275,0.35064161522638143,0.3586445216639672,1400,,,True,ece,
mfeat-factors,tabpfn_client,icl,label_noise,0.0,2942197313,train_only,True,medium,True,ok,,0.9883333333333333,0.9997469135802468,0.06000000216568954,0.026057669854742126,0.008361357816067233,0.4886718472334503,1400,,,False,,
mfeat-factors,tabpfn_client,icl,label_noise,0.05,2814914571,train_only,True,medium,True,ok,,0.9816666666666667,0.9989598765432097,0.10540721467371092,0.045777771685584126,0.04448777317291046,0.47425507064986605,1400,,,False,,
mfeat-factors,tabpfn_client,icl,label_noise,0.1,4064093667,train_only,True,medium,True,ok,,0.9833333333333333,0.9988302469135804,0.142624689162965,0.06194111548664222,0.08291027804877683,0.4619261961640051,1400,,,False,,
mfeat-factors,tabpfn_client,icl,label_noise,0.2,74797416,train_only,True,medium,True,ok,,0.98,0.997564814814815,0.24191045879532852,0.10506037736949514,0.16492921649257086,0.43164372867582257,1400,,,True,ece,
mfeat-factors,tabpfn_client,icl,label_noise,0.3,564161943,train_only,True,medium,True,ok,,0.9716666666666667,0.9961604938271605,0.3590046628424853,0.15591374405002872,0.23843964199870527,0.3999441212247565,1400,,,True,ece,
mfeat-factors,tabpfn_client,icl,label_noise,0.4,2815187934,train_only,True,medium,True,ok,,0.9733333333333334,0.9984320987654322,0.5126315009154272,0.2226330320973518,0.35106493388122956,0.3584483381624497,1400,,,True,ece,
mfeat-fourier,tabicl,icl,covariate_shift,0.0,2231225561,test_only,True,medium,True,ok,,0.9166666666666666,0.9950679012345679,0.20012035958930646,0.08691116788613029,0.021112459272248578,0.4554779232118099,1400,,,False,,
mfeat-fourier,tabicl,icl,covariate_shift,0.05,3020271526,test_only,True,low,True,ok,,0.8916666666666667,0.9942962962962962,0.22522065737519406,0.09781208870866968,0.03641928576011482,0.44512621993907975,1400,,,False,,
mfeat-fourier,tabicl,icl,covariate_shift,0.1,2328723424,test_only,True,low,True,ok,,0.87,0.9915802469135802,0.2851175825096351,0.12382499277752962,0.05531501937485816,0.42934258471152253,1400,,,False,,
mfeat-fourier,tabicl,icl,covariate_shift,0.2,345020380,test_only,True,low,True,ok,,0.795,0.9793024691358025,0.7073042999166109,0.30717835448022673,0.11614985414226031,0.34662238702501075,1400,,,True,ece,
mfeat-fourier,tabicl,icl,covariate_shift,0.3,735245252,test_only,True,low,True,ok,,0.6583333333333333,0.9543086419753086,1.2002140929824392,0.5212463576847897,0.1427828469672522,0.24782754799247061,1400,,,True,ece,
mfeat-fourier,tabicl,icl,covariate_shift,0.4,1003583495,test_only,True,low,True,ok,,0.545,0.9106574074074075,1.5904191788199846,0.6907102732746204,0.13541187694824092,0.1661846352205583,1400,,,True,ece,
mfeat-fourier,tabpfn_client,icl,covariate_shift,0.0,2231225561,test_only,True,medium,True,ok,,0.9216666666666666,0.9941543209876544,0.2137550417334587,0.0928326351038404,0.041187846605292615,0.4501166524934684,1400,,,False,,
mfeat-fourier,tabpfn_client,icl,covariate_shift,0.05,3020271526,test_only,True,low,True,ok,,0.905,0.9923086419753087,0.23926752692996847,0.103912566644323,0.04752096826402196,0.44238006104525673,1400,,,False,,
mfeat-fourier,tabpfn_client,icl,covariate_shift,0.1,2328723424,test_only,True,low,True,ok,,0.8633333333333333,0.9897037037037038,0.3336189825986714,0.14488888320077997,0.06913169404805636,0.418603292526451,1400,,,False,,
mfeat-fourier,tabpfn_client,icl,covariate_shift,0.2,345020380,test_only,True,low,True,ok,,0.705,0.9670925925925925,0.9200814130685157,0.3995862805974028,0.0778927157035417,0.3087779800874782,1400,,,False,,
mfeat-fourier,tabpfn_client,icl,covariate_shift,0.3,735245252,test_only,True,low,True,ok,,0.5616666666666666,0.9370925925925926,1.361109240738408,0.5911222325202153,0.10685149326782144,0.21352543899777846,1400,,,True,ece,
mfeat-fourier,tabpfn_client,icl,covariate_shift,0.4,1003583495,test_only,True,low,True,ok,,0.485,0.8948209876543209,1.8028087916521447,0.7829499101411955,0.12411764037777097,0.12622884456109945,1400,,,True,ece;nll,
mfeat-fourier,tabicl,icl,label_noise,0.0,3191885808,train_only,True,medium,True,ok,,0.9166666666666666,0.9950679012345679,0.20012035958930646,0.08691116788613029,0.021112459272248578,0.4554779232118099,1400,,,False,,
mfeat-fourier,tabicl,icl,label_noise,0.05,1846428605,train_only,True,medium,True,ok,,0.9083333333333333,0.9936018518518519,0.2518207973342667,0.10936438271074914,0.05669117939668605,0.4398630974555862,1400,,,False,,
mfeat-fourier,tabicl,icl,label_noise,0.1,1050737978,train_only,True,medium,True,ok,,0.9,0.9936018518518519,0.29269140530316606,0.1271142622236732,0.08807139733624024,0.4270120900137982,1400,,,False,,
mfeat-fourier,tabicl,icl,label_noise,0.2,3312308181,train_only,True,medium,True,ok,,0.865,0.9900617283950617,0.4193981043460926,0.18214228243819222,0.16033282226343884,0.3895623557541261,1400,,,True,ece,
mfeat-fourier,tabicl,icl,label_noise,0.3,429736086,train_only,True,medium,True,ok,,0.8766666666666667,0.9897623456790123,0.5401324135635311,0.2345765267077267,0.23191802284078117,0.36116025840718,1400,,,True,ece,
mfeat-fourier,tabicl,icl,label_noise,0.4,3681262302,train_only,True,medium,True,ok,,0.8716666666666667,0.985432098765432,0.7016423437369803,0.30471939815463517,0.3214941314648718,0.31993658882853626,1400,,,True,ece,
mfeat-fourier,tabpfn_client,icl,label_noise,0.0,3191885808,train_only,True,medium,True,ok,,0.9216666666666666,0.9941543209876544,0.2137550417334587,0.0928326351038404,0.041187846605292615,0.4501166524934684,1400,,,False,,
mfeat-fourier,tabpfn_client,icl,label_noise,0.05,1846428605,train_only,True,medium,True,ok,,0.8833333333333333,0.9911327160493826,0.2775300233429034,0.1205297577003036,0.06185735708445497,0.4308660518903018,1400,,,False,,
mfeat-fourier,tabpfn_client,icl,label_noise,0.1,1050737978,train_only,True,medium,True,ok,,0.8733333333333333,0.9897746913580248,0.3240532409270728,0.14073453437749273,0.08991349410376594,0.41721808284130757,1400,,,False,,
mfeat-fourier,tabpfn_client,icl,label_noise,0.2,3312308181,train_only,True,medium,True,ok,,0.8683333333333333,0.9895895061728395,0.44183039693452525,0.19188450332578774,0.16207233876273341,0.3866265084102108,1400,,,True,ece,
mfeat-fourier,tabpfn_client,icl,label_noise,0.3,429736086,train_only,True,medium,True,ok,,0.8633333333333333,0.9870648148148149,0.5614604780301337,0.243839187415249,0.22795707878325022,0.35622951320396046,1400,,,True,ece,
mfeat-fourier,tabpfn_client,icl,label_noise,0.4,3681262302,train_only,True,medium,True,ok,,0.855,0.9852314814814814,0.715332977190986,0.3106651647174699,0.31715888786116087,0.3164496915310453,1400,,,True,ece,
mfeat-karhunen,tabicl,icl,covariate_shift,0.0,2164447148,test_only,True,medium,True,ok,,0.9816666666666667,0.9996574074074074,0.07767313505334274,0.03373301394579279,0.013624102554947252,0.4842853678978653,1400,,,False,,
mfeat-karhunen,tabicl,icl,covariate_shift,0.05,1116561384,test_only,True,low,True,ok,,0.98,0.9995154320987654,0.09007865289400067,0.03912066188914288,0.013275374230145218,0.482439127821796,1400,,,False,,
mfeat-karhunen,tabicl,icl,covariate_shift,0.1,862709717,test_only,True,low,True,ok,,0.9766666666666667,0.9995493827160494,0.09262159719821757,0.04022504856825158,0.01550804253529015,0.4811731608730838,1400,,,False,,
mfeat-karhunen,tabicl,icl,covariate_shift,0.2,507657375,test_only,True,low,True,ok,,0.965,0.9988086419753086,0.1519953508242529,0.06601074213792191,0.032215848951811336,0.46808663225961916,1400,,,False,,
mfeat-karhunen,tabicl,icl,covariate_shift,0.3,1459244195,test_only,True,low,True,ok,,0.915,0.9966203703703703,0.5476059053595145,0.23782222295527147,0.25854970756220025,0.3630105212306081,1400,,,True,ece,
mfeat-karhunen,tabicl,icl,covariate_shift,0.4,3297006782,test_only,True,low,True,ok,,0.8366666666666667,0.9915216049382716,1.1671248821049895,0.5068758959901802,0.4842624909478789,0.22361729474176514,1400,,,True,ece,
mfeat-karhunen,tabpfn_client,icl,covariate_shift,0.0,2164447148,test_only,True,medium,True,ok,,0.9833333333333333,0.9995987654320988,0.07641287517226662,0.033185690033677384,0.009461734947717782,0.4855115139015878,1400,,,False,,
mfeat-karhunen,tabpfn_client,icl,covariate_shift,0.05,1116561384,test_only,True,low,True,ok,,0.98,0.9993549382716049,0.1003091839750737,0.0435637250845926,0.011002851026543187,0.4815045406643753,1400,,,False,,
mfeat-karhunen,tabpfn_client,icl,covariate_shift,0.1,862709717,test_only,True,low,True,ok,,0.9766666666666667,0.9990370370370372,0.12129417384425972,0.05267739038757573,0.012264815407227934,0.47790678276524473,1400,,,False,,
mfeat-karhunen,tabpfn_client,icl,covariate_shift,0.2,507657375,test_only,True,low,True,ok,,0.9233333333333333,0.9975833333333333,0.2769106944951643,0.12026078659924702,0.06036610671197326,0.43950270934449787,1400,,,False,,
mfeat-karhunen,tabpfn_client,icl,covariate_shift,0.3,1459244195,test_only,True,low,True,ok,,0.6583333333333333,0.9863209876543211,0.9293536806487804,0.4036131752422422,0.06813531873261292,0.30925132935981714,1400,,,False,,
mfeat-karhunen,tabpfn_client,icl,covariate_shift,0.4,3297006782,test_only,True,low,True,ok,,0.425,0.9605432098765432,1.4843117787217652,0.6446284149228632,0.11559276985378039,0.18343304500917507,1400,,,True,ece,
mfeat-karhunen,tabicl,icl,label_noise,0.0,2526243509,train_only,True,medium,True,ok,,0.9816666666666667,0.9996574074074074,0.07767313505334274,0.03373301394579279,0.013624102554947252,0.4842853678978653,1400,,,False,,
mfeat-karhunen,tabicl,icl,label_noise,0.05,673427832,train_only,True,medium,True,ok,,0.98,0.9993364197530864,0.10826545124592073,0.047019088056868906,0.034012673546122675,0.475859485787295,1400,,,False,,
mfeat-karhunen,tabicl,icl,label_noise,0.1,1475895185,train_only,True,medium,True,ok,,0.9783333333333334,0.9991635802469137,0.1443041447018192,0.06267049375976845,0.07200922659957905,0.4632542596385734,1400,,,False,,
mfeat-karhunen,tabicl,icl,label_noise,0.2,4249104405,train_only,True,medium,True,ok,,0.9733333333333334,0.9961018518518518,0.25517115119145045,0.1108194229033473,0.15918650744586493,0.42955251978797093,1400,,,True,ece,
mfeat-karhunen,tabicl,icl,label_noise,0.3,2482647834,train_only,True,medium,True,ok,,0.9683333333333334,0.9963611111111111,0.3936763708094515,0.17097147549824318,0.2530025972638861,0.39208442678663874,1400,,,True,ece,
mfeat-karhunen,tabicl,icl,label_noise,0.4,2641814170,train_only,True,medium,True,ok,,0.96,0.9945833333333335,0.5569375897590683,0.24187492199686034,0.3491820063802378,0.349705288791561,1400,,,True,ece,
mfeat-karhunen,tabpfn_client,icl,label_noise,0.0,2526243509,train_only,True,medium,True,ok,,0.9833333333333333,0.9995987654320988,0.07641287517226662,0.033185690033677384,0.009461734947717782,0.4855115139015878,1400,,,False,,
mfeat-karhunen,tabpfn_client,icl,label_noise,0.05,673427832,train_only,True,medium,True,ok,,0.9816666666666667,0.9988703703703704,0.11009314815101928,0.047812846737344865,0.03972314936651868,0.4745661457351224,1400,,,False,,
mfeat-karhunen,tabpfn_client,icl,label_noise,0.1,1475895185,train_only,True,medium,True,ok,,0.9783333333333334,0.9982685185185185,0.14932684458470064,0.06485182460315997,0.07761287971882418,0.4611658581567686,1400,,,False,,
mfeat-karhunen,tabpfn_client,icl,label_noise,0.2,4249104405,train_only,True,medium,True,ok,,0.9816666666666667,0.9948549382716049,0.2528104660825152,0.10979419038702554,0.16295688923766696,0.4299195934314206,1400,,,True,ece,
mfeat-karhunen,tabpfn_client,icl,label_noise,0.3,2482647834,train_only,True,medium,True,ok,,0.975,0.9959845679012345,0.3800213017224494,0.1650411543437505,0.25617435359250523,0.3940973817438058,1400,,,True,ece,
mfeat-karhunen,tabpfn_client,icl,label_noise,0.4,2641814170,train_only,True,medium,True,ok,,0.96,0.9953364197530865,0.5387188643184243,0.23396263007067827,0.3467814459076026,0.35282266871085616,1400,,,True,ece,
mfeat-morphological,tabicl,icl,covariate_shift,0.0,992237739,test_only,False,high,True,ok,,0.7683333333333333,0.970432098765432,0.5899172457481847,0.2561978046080011,0.030745487829294992,0.37189279561964184,1400,,,False,,
mfeat-morphological,tabicl,icl,covariate_shift,0.05,3497345983,test_only,False,low,True,ok,,0.7266666666666667,0.9644629629629631,0.8646231081866913,0.3755010448115183,0.1936752063504063,0.2951766823235003,1400,,,True,ece,
mfeat-morphological,tabicl,icl,covariate_shift,0.1,1408146462,test_only,False,low,True,ok,,0.59,0.9581080246913579,1.1402388344486614,0.4951994338528491,0.14878749786907222,0.2455204789123061,1400,,,True,ece,
mfeat-morphological,tabicl,icl,covariate_shift,0.2,32762534,test_only,False,low,True,ok,,0.2866666666666667,0.8900648148148148,1.7251384871439048,0.7492181254855217,0.09582538807045975,0.11059216992543669,1400,,,False,,
mfeat-morphological,tabicl,icl,covariate_shift,0.3,4235722357,test_only,False,low,True,ok,,0.15333333333333332,0.8140092592592593,2.121644094317044,0.9214183227245144,0.2599403395880751,-0.020510323994228544,1400,,,True,ece;nll,
mfeat-morphological,tabicl,icl,covariate_shift,0.4,2431469896,test_only,False,low,True,ok,,0.19,0.7379567901234567,2.3427245287262006,1.017432335445185,0.23647842203072378,-0.06574050849649046,1400,,,True,ece;nll,
mfeat-morphological,tabpfn_client,icl,covariate_shift,0.0,992237739,test_only,False,high,True,ok,,0.7533333333333333,0.9683765432098767,0.5970529960781946,0.2592968216005638,0.039918811549383454,0.366158981333411,1400,,,False,,
mfeat-morphological,tabpfn_client,icl,covariate_shift,0.05,3497345983,test_only,False,low,True,ok,,0.5683333333333334,0.9571543209876543,1.1395495873054966,0.494900097621905,0.13965556696949985,0.24385286966520753,1400,,,True,ece,
mfeat-morphological,tabpfn_client,icl,covariate_shift,0.1,1408146462,test_only,False,low,True,ok,,0.385,0.9167314814814815,1.4128306255581484,0.6135845445438232,0.1474897472577072,0.1650327057038301,1400,,,True,ece,
mfeat-morphological,tabpfn_client,icl,covariate_shift,0.2,32762534,test_only,False,low,True,ok,,0.2733333333333333,0.8738672839506172,1.638200736602675,0.7114615401563842,0.20638011189696295,0.09213906495640811,1400,,,True,ece,
mfeat-morphological,tabpfn_client,icl,covariate_shift,0.3,4235722357,test_only,False,low,True,ok,,0.15833333333333333,0.792611111111111,2.2875651765367553,0.9934769331639508,0.330778556837588,-0.06303490242781398,1400,,,True,ece;nll,
mfeat-morphological,tabpfn_client,icl,covariate_shift,0.4,2431469896,test_only,False,low,True,ok,,0.135,0.7314814814814814,2.7319642403915925,1.1864769943590774,0.3602675590955868,-0.15172809160832207,1400,,,True,ece;nll,
mfeat-morphological,tabicl,icl,label_noise,0.0,4008918659,train_only,False,high,True,ok,,0.7683333333333333,0.970432098765432,0.5899172457481847,0.2561978046080011,0.030745487829294992,0.37189279561964184,1400,,,False,,
mfeat-morphological,tabicl,icl,label_noise,0.05,1027470083,train_only,False,high,True,ok,,0.7683333333333333,0.96845987654321,0.5874179561018521,0.255112376905921,0.030905144499267383,0.37149621481849365,1400,,,False,,
mfeat-morphological,tabicl,icl,label_noise,0.1,2746920876,train_only,False,high,True,ok,,0.76,0.9645925925925927,0.6395096695260327,0.27773552059892814,0.049007471408366546,0.35848525694605565,1400,,,False,,
mfeat-morphological,tabicl,icl,label_noise,0.2,3615581891,train_only,False,high,True,ok,,0.7516666666666667,0.964240740740741,0.7158065686584028,0.31087084287844546,0.10392630680530797,0.3361877450346641,1400,,,True,ece,
mfeat-morphological,tabicl,icl,label_noise,0.3,3280676974,train_only,False,high,True,ok,,0.7533333333333333,0.9638425925925926,0.8075301985319482,0.3507059091926625,0.17528209949002702,0.31007671475160326,1400,,,True,ece,
mfeat-morphological,tabicl,icl,label_noise,0.4,2043319680,train_only,False,high,True,ok,,0.73,0.9609537037037036,0.9504768391498474,0.4127868464196234,0.2364676936289729,0.2747042036446147,1400,,,True,ece,
mfeat-morphological,tabpfn_client,icl,label_noise,0.0,4008918659,train_only,False,high,True,ok,,0.7533333333333333,0.9683765432098767,0.5970529960781946,0.2592968216005638,0.039918811549383454,0.366158981333411,1400,,,False,,
mfeat-morphological,tabpfn_client,icl,label_noise,0.05,1027470083,train_only,False,high,True,ok,,0.75,0.9675709876543209,0.5913117812829127,0.2568034436955515,0.04006294391021582,0.3660962237883037,1400,,,False,,
mfeat-morphological,tabpfn_client,icl,label_noise,0.1,2746920876,train_only,False,high,True,ok,,0.755,0.9650709876543209,0.6318083601160729,0.274390884418753,0.05368696589019456,0.35797018717534745,1400,,,False,,
mfeat-morphological,tabpfn_client,icl,label_noise,0.2,3615581891,train_only,False,high,True,ok,,0.7516666666666667,0.9650092592592593,0.7108147457175648,0.30870292172060143,0.11419068307739275,0.33505422760908177,1400,,,True,ece,
mfeat-morphological,tabpfn_client,icl,label_noise,0.3,3280676974,train_only,False,high,True,ok,,0.7516666666666667,0.9637006172839506,0.8076857090349665,0.35077344654600134,0.18129207641931566,0.30855476680171917,1400,,,True,ece,
mfeat-morphological,tabpfn_client,icl,label_noise,0.4,2043319680,train_only,False,high,True,ok,,0.7316666666666667,0.9630709876543211,0.9363800055342335,0.40666466936805395,0.2385990592973058,0.27710563300913504,1400,,,True,ece,
mfeat-zernike,tabicl,icl,covariate_shift,0.0,2901604082,test_only,True,medium,True,ok,,0.8733333333333333,0.9888240740740741,0.2460503637788761,0.10685831525945362,0.020343567480523538,0.44096221785198514,1400,,,False,,
mfeat-zernike,tabicl,icl,covariate_shift,0.05,1368474266,test_only,True,low,True,ok,,0.8783333333333333,0.9885401234567901,0.2561321047736147,0.1112367597414464,0.018846063844460404,0.4405988025185505,1400,,,False,,
mfeat-zernike,tabicl,icl,covariate_shift,0.1,3704414058,test_only,True,low,True,ok,,0.83,0.9845771604938272,0.37713771002816426,0.1637888263828604,0.02135431965078327,0.41569449432782474,1400,,,False,,
mfeat-zernike,tabicl,icl,covariate_shift,0.2,1693765375,test_only,True,low,True,ok,,0.6633333333333333,0.964719135802469,0.8605037188481023,0.373712016752958,0.06772011039472353,0.311494070426032,1400,,,False,,
mfeat-zernike,tabicl,icl,covariate_shift,0.3,3664228838,test_only,True,low,True,ok,,0.55,0.9425555555555555,1.2929076841943143,0.5615026728559028,0.09571089670198417,0.22480146324727673,1400,,,False,,
mfeat-zernike,tabicl,icl,covariate_shift,0.4,2237469444,test_only,True,low,True,ok,,0.5066666666666667,0.9395308641975308,1.481967203271035,0.6436101787422052,0.09772795231081177,0.1922071583843119,1400,,,False,,
mfeat-zernike,tabpfn_client,icl,covariate_shift,0.0,2901604082,test_only,True,medium,True,ok,,0.8383333333333334,0.9840185185185186,0.2549034430820624,0.11070315874867932,0.04854520374831191,0.4272364931072153,1400,,,False,,
mfeat-zernike,tabpfn_client,icl,covariate_shift,0.05,1368474266,test_only,True,low,True,ok,,0.8383333333333334,0.9838611111111112,0.26781591527459614,0.11631097416962591,0.04940762503009823,0.42532657163198145,1400,,,False,,
mfeat-zernike,tabpfn_client,icl,covariate_shift,0.1,3704414058,test_only,True,low,True,ok,,0.8033333333333333,0.9820216049382715,0.4016972501288,0.17445489912664813,0.03430287388359377,0.4050105172136818,1400,,,False,,
mfeat-zernike,tabpfn_client,icl,covariate_shift,0.2,1693765375,test_only,True,low,True,ok,,0.6616666666666666,0.9622345679012346,0.8922802787131459,0.3875124013562148,0.043967615501973874,0.3109848552581729,1400,,,False,,
mfeat-zernike,tabpfn_client,icl,covariate_shift,0.3,3664228838,test_only,True,low,True,ok,,0.4033333333333333,0.8997746913580247,1.759236605707027,0.7640267502207685,0.16287503619551644,0.11363810966997481,1400,,,True,ece;nll,
mfeat-zernike,tabpfn_client,icl,covariate_shift,0.4,2237469444,test_only,True,low,True,ok,,0.2816666666666667,0.865925925925926,2.1230121712353838,0.9220124709809686,0.21684065068106112,0.025352202643571284,1400,,,True,ece;nll,
mfeat-zernike,tabicl,icl,label_noise,0.0,2545512923,train_only,True,medium,True,ok,,0.8733333333333333,0.9888240740740741,0.2460503637788761,0.10685831525945362,0.020343567480523538,0.44096221785198514,1400,,,False,,
mfeat-zernike,tabicl,icl,label_noise,0.05,1379034929,train_only,True,medium,True,ok,,0.8633333333333333,0.9890308641975307,0.282097607097301,0.12251343412046942,0.03446145608505486,0.4320144810159839,1400,,,False,,
mfeat-zernike,tabicl,icl,label_noise,0.1,2957766361,train_only,True,medium,True,ok,,0.8466666666666667,0.9857037037037036,0.3382592244770577,0.14690411464325953,0.08038395355262705,0.41184827119279294,1400,,,False,,
mfeat-zernike,tabicl,icl,label_noise,0.2,665061636,train_only,True,medium,True,ok,,0.835,0.9857839506172839,0.43721817043092653,0.18988143880598687,0.13161187925915632,0.38698757522242205,1400,,,True,ece,
mfeat-zernike,tabicl,icl,label_noise,0.3,2096774844,train_only,True,medium,True,ok,,0.8516666666666667,0.9848333333333332,0.5847509007221138,0.2539540894715702,0.21513360095524725,0.3532287196341461,1400,,,True,ece,
mfeat-zernike,tabicl,icl,label_noise,0.4,1867444415,train_only,True,medium,True,ok,,0.8366666666666667,0.9821265432098765,0.7221768271685214,0.3136374109976872,0.27973924884669443,0.31920521705481175,1400,,,True,ece,
mfeat-zernike,tabpfn_client,icl,label_noise,0.0,2545512923,train_only,True,medium,True,ok,,0.8383333333333334,0.9840185185185186,0.2549034430820624,0.11070315874867932,0.04854520374831191,0.4272364931072153,1400,,,False,,
mfeat-zernike,tabpfn_client,icl,label_noise,0.05,1379034929,train_only,True,medium,True,ok,,0.8466666666666667,0.9854197530864198,0.2866438095989632,0.12448782478055606,0.055883453687393725,0.4233738754086014,1400,,,False,,
mfeat-zernike,tabpfn_client,icl,label_noise,0.1,2957766361,train_only,True,medium,True,ok,,0.8583333333333333,0.984354938271605,0.3412588427538676,0.1482068323086942,0.07879666044741712,0.41305284661297004,1400,,,False,,
mfeat-zernike,tabpfn_client,icl,label_noise,0.2,665061636,train_only,True,medium,True,ok,,0.845,0.9856543209876543,0.44563127746934544,0.1935352047684336,0.1313121907998,0.38740601275518893,1400,,,True,ece,
mfeat-zernike,tabpfn_client,icl,label_noise,0.3,2096774844,train_only,True,medium,True,ok,,0.855,0.984388888888889,0.572493029413015,0.24863056360214847,0.2319834426654127,0.35180025349738403,1400,,,True,ece,
mfeat-zernike,tabpfn_client,icl,label_noise,0.4,1867444415,train_only,True,medium,True,ok,,0.8333333333333334,0.9818950617283951,0.7302502709553926,0.3171436630842815,0.28210919452646926,0.31709833377436,1400,,,True,ece,
optdigits,tabicl,icl,covariate_shift,0.0,2070662251,test_only,True,low,True,ok,,0.994661921708185,0.9999734042049117,0.020189638190487354,0.008768248457751811,0.0028199038300273614,0.4959955244246158,3934,,,False,,
optdigits,tabicl,icl,covariate_shift,0.05,4205413852,test_only,True,low,True,ok,,0.9905100830367735,0.9999206915483635,0.1293501862112751,0.056176072104714855,0.08899657787482337,0.46389661729106413,3934,,,False,,
optdigits,tabicl,icl,covariate_shift,0.1,2667385677,test_only,True,low,True,ok,,0.9857651245551602,0.99984626520113,0.1651271757138001,0.07171382122477203,0.10970456380871557,0.4543559023744948,3934,,,True,ece,
optdigits,tabicl,icl,covariate_shift,0.2,2364768541,test_only,True,low,True,ok,,0.9863582443653618,0.9996714205265725,0.33834633648138845,0.1469419469060479,0.24051574012508095,0.4056530017422741,3934,,,True,ece,
optdigits,tabicl,icl,covariate_shift,0.3,3778865239,test_only,True,low,True,ok,,0.9626334519572953,0.9993150944758366,0.5408845003809292,0.23490315386243482,0.3430077367216042,0.35508280735708575,3934,,,True,ece,
optdigits,tabicl,icl,covariate_shift,0.4,2571573961,test_only,True,low,True,ok,,0.9418742586002372,0.9977867122358353,0.9062144517576555,0.39356393581933036,0.5069889480395913,0.2710395177188606,3934,,,True,ece,
optdigits,tabpfn_client,icl,covariate_shift,0.0,2070662251,test_only,True,low,True,ok,,0.994661921708185,0.9999818016544516,0.01944105708713288,0.008443143815307915,0.002908605369871475,0.4960782546167191,3934,,,False,,
optdigits,tabpfn_client,icl,covariate_shift,0.05,4205413852,test_only,True,low,True,ok,,0.9875444839857651,0.9990889605603674,0.3561912788490789,0.15469190690621742,0.26645178036567607,0.39811488064899286,3934,,,True,ece,
optdigits,tabpfn_client,icl,covariate_shift,0.1,2667385677,test_only,True,low,True,ok,,0.9804270462633452,0.9992585927753673,0.45498161463441866,0.19759600460315982,0.3266242217077047,0.3722009186883914,3934,,,True,ece,
optdigits,tabpfn_client,icl,covariate_shift,0.2,2364768541,test_only,True,low,True,ok,,0.9608540925266904,0.9981744195426503,0.4929352939449295,0.2140790780956403,0.3200397888966433,0.36525747951091037,3934,,,True,ece,
optdigits,tabpfn_client,icl,covariate_shift,0.3,3778865239,test_only,True,low,True,ok,,0.902135231316726,0.9964076444825174,0.6929502827942687,0.3009444840508487,0.35270009587709944,0.32323959587571544,3934,,,True,ece,
optdigits,tabpfn_client,icl,covariate_shift,0.4,2571573961,test_only,True,low,True,ok,,0.7959667852906287,0.9911075293344066,0.8972776500142825,0.3896827321363201,0.2916534760369181,0.29104713821235695,3934,,,True,ece,
optdigits,tabicl,icl,label_noise,0.0,2092207331,train_only,True,low,True,ok,,0.994661921708185,0.9999734042049117,0.020189638190487354,0.008768248457751811,0.0028199038300273614,0.4959955244246158,3934,,,False,,
optdigits,tabicl,icl,label_noise,0.05,4267460262,train_only,True,low,True,ok,,0.9940688018979834,0.9997233653282713,0.05303409587655672,0.023032415191916584,0.03478470819010648,0.48514683195399616,3934,,,False,,
optdigits,tabicl,icl,label_noise,0.1,73288180,train_only,True,low,True,ok,,0.9922894424673784,0.9996977363600056,0.09601050525072136,0.041696832635131464,0.07099765355942807,0.4720290435936836,3934,,,False,,
optdigits,tabicl,icl,label_noise,0.2,323267714,train_only,True,low,True,ok,,0.9940688018979834,0.9994501082842447,0.19002944678972708,0.08252874013990608,0.15736967625743217,0.4426853008907249,3934,,,True,ece,
optdigits,tabicl,icl,label_noise,0.3,3289791773,train_only,True,low,True,ok,,0.9922894424673784,0.9996191655932585,0.3016884082499972,0.13102161095714926,0.24291369932241946,0.4108209011761185,3934,,,True,ece,
optdigits,tabicl,icl,label_noise,0.4,1973888929,train_only,True,low,True,ok,,0.9905100830367735,0.9994937657601424,0.4386217425912141,0.1904910024501528,0.334430404840318,0.3743659487684564,3934,,,True,ece,
optdigits,tabpfn_client,icl,label_noise,0.0,2092207331,train_only,True,low,True,ok,,0.994661921708185,0.9999818016544516,0.01944105708713288,0.008443143815307915,0.002908605369871475,0.4960782546167191,3934,,,False,,
optdigits,tabpfn_client,icl,label_noise,0.05,4267460262,train_only,True,low,True,ok,,0.9928825622775801,0.9996383299836339,0.05856316020617068,0.02543365732035603,0.03353984040394193,0.4844677345590137,3934,,,False,,
optdigits,tabpfn_client,icl,label_noise,0.1,73288180,train_only,True,low,True,ok,,0.9916963226571768,0.999561595324409,0.0985382262618211,0.042794607922042996,0.07029509660405611,0.4717036050646955,3934,,,False,,
optdigits,tabpfn_client,icl,label_noise,0.2,323267714,train_only,True,low,True,ok,,0.9934756820877817,0.9991894140069357,0.18799054233397325,0.08164325518564423,0.15372789423502625,0.44349909181289626,3934,,,True,ece,
optdigits,tabpfn_client,icl,label_noise,0.3,3289791773,train_only,True,low,True,ok,,0.9905100830367735,0.9996410276213442,0.31155612214349304,0.13530710465009455,0.24716724144510582,0.4084252924389369,3934,,,True,ece,
optdigits,tabpfn_client,icl,label_noise,0.4,1973888929,train_only,True,low,True,ok,,0.9905100830367735,0.9996489857264217,0.45457098893987535,0.19741767212989197,0.34574291150432457,0.37007977351993104,3934,,,True,ece,
ozone-level-8hr,tabicl,icl,covariate_shift,0.0,1508228927,test_only,True,medium,True,ok,,0.9448094612352168,0.9268641888733054,0.1454723373720369,0.2098722197131639,0.02300558904647517,0.39856110156769525,1773,,,False,,
ozone-level-8hr,tabicl,icl,covariate_shift,0.05,2625978927,test_only,True,low,True,ok,,0.9408672798948752,0.9244828190743338,0.15986331461788128,0.23063401121928948,0.027076499352767992,0.3900935754239076,1773,,,False,,
ozone-level-8hr,tabicl,icl,covariate_shift,0.1,1706143145,test_only,True,low,True,ok,,0.938239159001314,0.9133941093969145,0.17576911711846346,0.25358123360823864,0.03529217016704024,0.3772910080232375,1773,,,False,,
ozone-level-8hr,tabicl,icl,covariate_shift,0.2,1381615219,test_only,True,low,True,ok,,0.9369250985545335,0.9011366292660121,0.18997962499802937,0.2740826628546019,0.03902136017298381,0.36590751413530687,1773,,,False,,
ozone-level-8hr,tabicl,icl,covariate_shift,0.3,3619102625,test_only,True,low,True,ok,,0.9356110381077529,0.8804055633473585,0.19484826621737444,0.28110662739761866,0.036753755993978635,0.356800863469657,1773,,,False,,
ozone-level-8hr,tabicl,icl,covariate_shift,0.4,2429985716,test_only,True,low,True,ok,,0.9369250985545335,0.8608870967741935,0.19559035140381748,0.2821772300160172,0.03985446210430624,0.3492251872284814,1773,,,False,,
ozone-level-8hr,tabpfn_client,icl,covariate_shift,0.0,1508228927,test_only,True,medium,True,ok,,0.9448094612352168,0.9307211313697991,0.1407845680752091,0.20310919819579884,0.014822300827126522,0.40357659554054726,1773,,,False,,
ozone-level-8hr,tabpfn_client,icl,covariate_shift,0.05,2625978927,test_only,True,low,True,ok,,0.9408672798948752,0.9238838242169238,0.16129576642854643,0.23270060234284848,0.03450166324749765,0.3877789171078005,1773,,,False,,
ozone-level-8hr,tabpfn_client,icl,covariate_shift,0.1,1706143145,test_only,True,low,True,ok,,0.9421813403416557,0.9159069658719028,0.17785103830114685,0.25658481097401764,0.04359219723415024,0.376200756367379,1773,,,False,,
ozone-level-8hr,tabpfn_client,icl,covariate_shift,0.2,1381615219,test_only,True,low,True,ok,,0.9356110381077529,0.8908076203833567,0.20594177886935644,0.29711118308667206,0.04692294555357855,0.35360637881362045,1773,,,False,,
ozone-level-8hr,tabpfn_client,icl,covariate_shift,0.3,3619102625,test_only,True,low,True,ok,,0.9356110381077529,0.8617636746143057,0.23305093948185368,0.3362214346649842,0.05032174491851352,0.33102816244797195,1773,,,False,,
ozone-level-8hr,tabpfn_client,icl,covariate_shift,0.4,2429985716,test_only,True,low,True,ok,,0.9369250985545335,0.8357585320243104,0.2461572527907837,0.3551298478801146,0.05239098733543481,0.31603709916056727,1773,,,False,,
ozone-level-8hr,tabicl,icl,label_noise,0.0,1573495801,train_only,True,medium,True,ok,,0.9448094612352168,0.9268641888733054,0.1454723373720369,0.2098722197131639,0.02300558904647517,0.39856110156769525,1773,,,False,,
ozone-level-8hr,tabicl,icl,label_noise,0.05,516794125,train_only,True,medium,True,ok,,0.9434954007884363,0.9219991818606825,0.17467033963785444,0.25199603278592353,0.042782436724385337,0.38006872658885016,1773,,,False,,
ozone-level-8hr,tabicl,icl,label_noise,0.1,2334037436,train_only,True,medium,True,ok,,0.9434954007884363,0.8704125759700796,0.20655069407146512,0.2979896620290762,0.06788284490548153,0.3431952441179741,1773,,,False,,
ozone-level-8hr,tabicl,icl,label_noise,0.2,3765286203,train_only,True,medium,True,ok,,0.9356110381077529,0.8586518232819074,0.30184591452114695,0.43547160399225265,0.1563146113980526,0.27896539038754414,1773,,,True,ece,
ozone-level-8hr,tabicl,icl,label_noise,0.3,2920275744,train_only,True,medium,True,ok,,0.9369250985545335,0.8190012856474989,0.404540434332227,0.5836284784501712,0.24479480831442102,0.2031417095618691,1773,,,True,ece,
ozone-level-8hr,tabicl,icl,label_noise,0.4,476708271,train_only,True,medium,True,ok,,0.9329829172141918,0.8105130902290789,0.5423396546902644,0.7824307302990773,0.341856489277331,0.12052650221711703,1773,,,True,ece;nll,
ozone-level-8hr,tabpfn_client,icl,label_noise,0.0,1573495801,train_only,True,medium,True,ok,,0.9448094612352168,0.9307211313697991,0.1407845680752091,0.20310919819579884,0.014822300827126522,0.40357659554054726,1773,,,False,,
ozone-level-8hr,tabpfn_client,icl,label_noise,0.05,516794125,train_only,True,medium,True,ok,,0.9421813403416557,0.909624824684432,0.17734082753839026,0.2558487324367805,0.04040726660686906,0.3748598166383915,1773,,,False,,
ozone-level-8hr,tabpfn_client,icl,label_noise,0.1,2334037436,train_only,True,medium,True,ok,,0.9369250985545335,0.8778342683496961,0.21202136073101902,0.30588216568917115,0.07209588136370358,0.3415969327260816,1773,,,False,,
ozone-level-8hr,tabpfn_client,icl,label_noise,0.2,3765286203,train_only,True,medium,True,ok,,0.9421813403416557,0.8687178588125292,0.30471108476003544,0.43960517088719975,0.1655654851561271,0.2803838033382482,1773,,,True,ece,
ozone-level-8hr,tabpfn_client,icl,label_noise,0.3,2920275744,train_only,True,medium,True,ok,,0.9369250985545335,0.7694892473118279,0.4097005111655062,0.5910728957081492,0.2371423975427076,0.18510965312133354,1773,,,True,ece,
ozone-level-8hr,tabpfn_client,icl,label_noise,0.4,476708271,train_only,True,medium,True,ok,,0.9369250985545335,0.7140895278167367,0.5515634260901722,0.7957378195560177,0.34837209009992814,0.08207433563224693,1773,,,True,ece;nll,
pc3,tabicl,icl,covariate_shift,0.0,3973713218,test_only,False,high,True,ok,,0.908315565031983,0.861935866983373,0.24152983179148133,0.3484538905523156,0.01672719162968085,0.3300432827073471,1094,,,False,,
pc3,tabicl,icl,covariate_shift,0.05,3475287676,test_only,False,low,True,ok,,0.908315565031983,0.842562351543943,0.2793135961990239,0.40296434008919424,0.07244816736423224,0.2957652222955727,1094,,,False,,
pc3,tabicl,icl,covariate_shift,0.1,3108681833,test_only,False,low,True,ok,,0.906183368869936,0.8468675771971497,0.304949631749078,0.43994932144531046,0.0986829844008669,0.2806097640357263,1094,,,False,,
pc3,tabicl,icl,covariate_shift,0.2,1318697240,test_only,False,low,True,ok,,0.8976545842217484,0.8382076405384007,0.3351146473046005,0.48346823979560116,0.12330676664015817,0.25831903655499044,1094,,,True,ece,
pc3,tabicl,icl,covariate_shift,0.3,830186191,test_only,False,low,True,ok,,0.8976545842217484,0.8204918844022169,0.3693241718187189,0.5328221511632892,0.15082570009554028,0.23180856180594336,1094,,,True,ece,
pc3,tabicl,icl,covariate_shift,0.4,2571879071,test_only,False,low,True,ok,,0.8976545842217484,0.8166072842438639,0.40777850540889016,0.5883000275345192,0.18801080418685343,0.20636856802088815,1094,,,True,ece,
pc3,tabpfn_client,icl,covariate_shift,0.0,3973713218,test_only,False,high,True,ok,,0.9019189765458422,0.864311163895487,0.23909797892801232,0.34494546848601726,0.029710891440264967,0.32837093501143866,1094,,,False,,
pc3,tabpfn_client,icl,covariate_shift,0.05,3475287676,test_only,False,low,True,ok,,0.8976545842217484,0.8452593032462391,0.2680519378505852,0.3867172014377159,0.04787942745430415,0.3048978978472703,1094,,,False,,
pc3,tabpfn_client,icl,covariate_shift,0.1,3108681833,test_only,False,low,True,ok,,0.8976545842217484,0.8430819477434679,0.29337635386460004,0.4232526108345442,0.07478022443351107,0.28779504120641053,1094,,,False,,
pc3,tabpfn_client,icl,covariate_shift,0.2,1318697240,test_only,False,low,True,ok,,0.8976545842217484,0.8320467141726049,0.35344238950899837,0.5099095825845773,0.1435696305034736,0.244177736717606,1094,,,True,ece,
pc3,tabpfn_client,icl,covariate_shift,0.3,830186191,test_only,False,low,True,ok,,0.8976545842217484,0.7988420427553444,0.38757859600883854,0.5591577184166584,0.17108903161518985,0.2122777807495973,1094,,,True,ece,
pc3,tabpfn_client,icl,covariate_shift,0.4,2571879071,test_only,False,low,True,ok,,0.8976545842217484,0.7898851939825812,0.438219652278392,0.6322173191621221,0.21766554844693853,0.1779097000891413,1094,,,True,ece,
pc3,tabicl,icl,label_noise,0.0,1277639104,train_only,False,high,True,ok,,0.908315565031983,0.861935866983373,0.24152983179148133,0.3484538905523156,0.01672719162968085,0.3300432827073471,1094,,,False,,
pc3,tabicl,icl,label_noise,0.05,3433992050,train_only,False,high,True,ok,,0.8997867803837953,0.8576306413301662,0.2605573931118198,0.3759048589093786,0.036248891848075004,0.3151175054806989,1094,,,False,,
pc3,tabicl,icl,label_noise,0.1,3950545172,train_only,False,high,True,ok,,0.8976545842217484,0.8285085114806018,0.29211102391053273,0.421427125584723,0.0757321546220071,0.28305159805165453,1094,,,False,,
pc3,tabicl,icl,label_noise,0.2,2873103936,train_only,False,high,True,ok,,0.8955223880597015,0.795848178939034,0.3725189230238036,0.537431202883739,0.15836900684673677,0.21997205860314809,1094,,,True,ece,
pc3,tabicl,icl,label_noise,0.3,114887551,train_only,False,high,True,ok,,0.8976545842217484,0.7932254552652414,0.4569513909642195,0.6592415056713934,0.22740438646274333,0.16902376798213004,1094,,,True,ece,
pc3,tabicl,icl,label_noise,0.4,3596930495,train_only,False,high,True,ok,,0.8784648187633263,0.7016280680918449,0.5756038595101116,0.8304208336317856,0.30128129975710854,0.06795703660568721,1094,,,True,ece;nll,
pc3,tabpfn_client,icl,label_noise,0.0,1277639104,train_only,False,high,True,ok,,0.9019189765458422,0.864311163895487,0.23909797892801232,0.34494546848601726,0.029710891440264967,0.32837093501143866,1094,,,False,,
pc3,tabpfn_client,icl,label_noise,0.05,3433992050,train_only,False,high,True,ok,,0.8997867803837953,0.8520387965162313,0.260969341210647,0.37649917438866026,0.039133066080670235,0.3124052303055181,1094,,,False,,
pc3,tabpfn_client,icl,label_noise,0.1,3950545172,train_only,False,high,True,ok,,0.8997867803837953,0.8310570071258907,0.2927816354559981,0.42239461353572877,0.07841456400315581,0.2834366726902812,1094,,,False,,
pc3,tabpfn_client,icl,label_noise,0.2,2873103936,train_only,False,high,True,ok,,0.8997867803837953,0.7882521773555028,0.3812669752711392,0.5500519744784076,0.1557931047442415,0.2146820658396247,1094,,,True,ece,
pc3,tabpfn_client,icl,label_noise,0.3,114887551,train_only,False,high,True,ok,,0.8955223880597015,0.7643012668250198,0.4613329848527828,0.6655628094456131,0.22036356082327394,0.15809224659937338,1094,,,True,ece,
pc3,tabpfn_client,icl,label_noise,0.4,3596930495,train_only,False,high,True,ok,,0.8912579957356077,0.6428642121931908,0.5820875324907061,0.8397747964876351,0.31437324665490113,0.04388408535068712,1094,,,True,ece;nll,
pc4,tabicl,icl,covariate_shift,0.0,3201597434,test_only,False,high,True,ok,,0.9315068493150684,0.9581720166625827,0.1749115675595583,0.2523440511122897,0.017530600534565448,0.39587689778856416,1020,,,False,,
pc4,tabicl,icl,covariate_shift,0.05,1956075214,test_only,False,low,True,ok,,0.9269406392694064,0.927542269051703,0.25058957205665733,0.3615243329046271,0.0936947014661873,0.3364846498938814,1020,,,False,,
pc4,tabicl,icl,covariate_shift,0.1,550620341,test_only,False,low,True,ok,,0.9041095890410958,0.9328840970350405,0.26576016231337524,0.3834108682353525,0.0881034504931469,0.32948192174919344,1020,,,False,,
pc4,tabicl,icl,covariate_shift,0.2,1103348049,test_only,False,low,True,ok,,0.8881278538812786,0.9002940455770645,0.28169355991360934,0.4063979019377223,0.0746144842172832,0.311479826609391,1020,,,False,,
pc4,tabicl,icl,covariate_shift,0.3,3598305418,test_only,False,low,True,ok,,0.8789954337899544,0.8778485665278118,0.2976476521811116,0.42941479173393277,0.08700975176608208,0.2928699254798311,1020,,,False,,
pc4,tabicl,icl,covariate_shift,0.4,2871890870,test_only,False,low,True,ok,,0.8789954337899544,0.859960793923058,0.30820748526531294,0.44464941055712526,0.0919916762991984,0.2810424345145862,1020,,,False,,
pc4,tabpfn_client,icl,covariate_shift,0.0,3201597434,test_only,False,high,True,ok,,0.9155251141552512,0.9569958343543249,0.18597762690990377,0.268309000059216,0.03918616927587317,0.38394737527436196,1020,,,False,,
pc4,tabpfn_client,icl,covariate_shift,0.05,1956075214,test_only,False,low,True,ok,,0.9155251141552512,0.9374418034795393,0.23551339596311915,0.3397740084189108,0.08841407331324681,0.3458183811528038,1020,,,False,,
pc4,tabpfn_client,icl,covariate_shift,0.1,550620341,test_only,False,low,True,ok,,0.908675799086758,0.9029404557706445,0.2973634902138404,0.42900483267294137,0.11593192291987693,0.3004426949968814,1020,,,True,ece,
pc4,tabpfn_client,icl,covariate_shift,0.2,1103348049,test_only,False,low,True,ok,,0.9041095890410958,0.8802989463366823,0.28837729674224577,0.41604049591500303,0.08451120692753358,0.3020066794139955,1020,,,False,,
pc4,tabpfn_client,icl,covariate_shift,0.3,3598305418,test_only,False,low,True,ok,,0.8972602739726028,0.8781916197010536,0.28613757443036547,0.41280925964268494,0.07572275577691302,0.30296877894307106,1020,,,False,,
pc4,tabpfn_client,icl,covariate_shift,0.4,2871890870,test_only,False,low,True,ok,,0.8789954337899544,0.8773094829698603,0.2929527481220705,0.42264147693050474,0.07851700523113338,0.2964117899825661,1020,,,False,,
pc4,tabicl,icl,label_noise,0.0,1545110548,train_only,False,high,True,ok,,0.9315068493150684,0.9581720166625827,0.1749115675595583,0.2523440511122897,0.017530600534565448,0.39587689778856416,1020,,,False,,
pc4,tabicl,icl,label_noise,0.05,1592224429,train_only,False,high,True,ok,,0.9337899543378996,0.9573388875275667,0.19183439143743558,0.27675852519874056,0.061929608202201454,0.3797236245852708,1020,,,False,,
pc4,tabicl,icl,label_noise,0.1,3836215015,train_only,False,high,True,ok,,0.910958904109589,0.9401372212692968,0.23669755707851092,0.34148239178770007,0.07859171878553152,0.3475288017672759,1020,,,False,,
pc4,tabicl,icl,label_noise,0.2,1377686514,train_only,False,high,True,ok,,0.91324200913242,0.9336682185738789,0.33266654835800763,0.47993637958574614,0.16622134124895166,0.2865449957452064,1020,,,True,ece,
pc4,tabicl,icl,label_noise,0.3,1058521666,train_only,False,high,True,ok,,0.9223744292237442,0.8847586375888262,0.41316229871117516,0.596067199432897,0.23496982287518267,0.22220756313474513,1020,,,True,ece,
pc4,tabicl,icl,label_noise,0.4,709377711,train_only,False,high,True,ok,,0.8698630136986302,0.7774810095564813,0.5603639409639436,0.8084342787216773,0.28275598094850063,0.10351632559335962,1020,,,True,ece;nll,
pc4,tabpfn_client,icl,label_noise,0.0,1545110548,train_only,False,high,True,ok,,0.9155251141552512,0.9569958343543249,0.18597762690990377,0.268309000059216,0.03918616927587317,0.38394737527436196,1020,,,False,,
pc4,tabpfn_client,icl,label_noise,0.05,1592224429,train_only,False,high,True,ok,,0.9155251141552512,0.9496937025238911,0.20077127913298623,0.2896517287580931,0.05219423362243128,0.3723871976547354,1020,,,False,,
pc4,tabpfn_client,icl,label_noise,0.1,3836215015,train_only,False,high,True,ok,,0.9155251141552512,0.9362166135751041,0.23725937757849233,0.342292927436893,0.08420408632777948,0.3454758863779503,1020,,,False,,
pc4,tabpfn_client,icl,label_noise,0.2,1377686514,train_only,False,high,True,ok,,0.9041095890410958,0.924650820877236,0.3387648916809685,0.48873442925542016,0.15912468831468465,0.28079895922363407,1020,,,True,ece,
pc4,tabpfn_client,icl,label_noise,0.3,1058521666,train_only,False,high,True,ok,,0.9018264840182648,0.8927468757657436,0.43433272855347166,0.6266096735798659,0.2308203261326012,0.2135884118202699,1020,,,True,ece,
pc4,tabpfn_client,icl,label_noise,0.4,709377711,train_only,False,high,True,ok,,0.8744292237442922,0.7293555501102672,0.5695479753828145,0.821684039633136,0.2873198989337281,0.08246963442355092,1020,,,True,ece;nll,
pendigits,tabicl,icl,covariate_shift,0.0,850147953,test_only,True,low,True,ok,,0.998483929654336,0.9999958994428031,0.006224628148462033,0.002703321656776716,0.0013024196678956498,0.4986996738225193,7694,,,False,,
pendigits,tabicl,icl,covariate_shift,0.05,1908831214,test_only,True,low,True,ok,,0.9909035779260158,0.9998390771691594,0.3495588618549563,0.15181148480398862,0.2635739496410926,0.40032097832869296,7694,,,True,ece,
pendigits,tabicl,icl,covariate_shift,0.1,3514009998,test_only,True,low,True,ok,,0.9733171619163129,0.9994133457334435,0.5184207054085126,0.2251472516633083,0.337585473501767,0.3607309750948062,7694,,,True,ece,
pendigits,tabicl,icl,covariate_shift,0.2,291484989,test_only,True,low,True,ok,,0.7061855670103093,0.9943937450198389,1.1103627839985017,0.48222443000128157,0.2870845513228297,0.25188140654353963,7694,,,True,ece,
pendigits,tabicl,icl,covariate_shift,0.3,21195251,test_only,True,low,True,ok,,0.44420861127956335,0.9659289062651627,1.613747658536349,0.7008417032866294,0.1121878277644174,0.1720163323458691,7694,,,True,ece,
pendigits,tabicl,icl,covariate_shift,0.4,3098963260,test_only,True,low,True,ok,,0.30412371134020616,0.9101440320162306,2.0034782529071977,0.8700995498507634,0.09487057445782815,0.08416498805991697,7694,,,True,nll,
pendigits,tabpfn_client,icl,covariate_shift,0.0,850147953,test_only,True,low,True,ok,,0.998483929654336,0.999991425925043,0.007174992447076796,0.003116059627462962,0.0015264914407361995,0.4985294723455293,7694,,,False,,
pendigits,tabpfn_client,icl,covariate_shift,0.05,1908831214,test_only,True,low,True,ok,,0.9945421467556095,0.9998696714811937,0.0639902851506561,0.02779062773634554,0.04696635599574288,0.4814052475117069,7694,,,False,,
pendigits,tabpfn_client,icl,covariate_shift,0.1,3514009998,test_only,True,low,True,ok,,0.9769557307459066,0.9996962766045125,0.17374099965824752,0.07545475743193165,0.10500553383691646,0.45279952242650257,7694,,,True,ece,
pendigits,tabpfn_client,icl,covariate_shift,0.2,291484989,test_only,True,low,True,ok,,0.686173438447544,0.9932793807320135,0.7508540913078233,0.326091788569468,0.048599547711280874,0.3430263529102397,7694,,,False,,
pendigits,tabpfn_client,icl,covariate_shift,0.3,21195251,test_only,True,low,True,ok,,0.42449969678593086,0.9619097999193903,1.5671934273302945,0.6806234575645917,0.2020587827316396,0.15574459067397078,7694,,,True,ece,
pendigits,tabpfn_client,icl,covariate_shift,0.4,3098963260,test_only,True,low,True,ok,,0.3635536688902365,0.9208718050058844,2.1124520646767326,0.9174262749742361,0.2214941178035084,0.057311476032622446,7694,,,True,ece;nll,
pendigits,tabicl,icl,label_noise,0.0,4226942111,train_only,True,low,True,ok,,0.998483929654336,0.9999958994428031,0.006224628148462033,0.002703321656776716,0.0013024196678956498,0.4986996738225193,7694,,,False,,
pendigits,tabicl,icl,label_noise,0.05,791580103,train_only,True,low,True,ok,,0.9987871437234688,0.9999963090100401,0.0389460062215273,0.01691403559417902,0.035298503601379684,0.48768286831350466,7694,,,False,,
pendigits,tabicl,icl,label_noise,0.1,4249564648,train_only,True,low,True,ok,,0.9978775015160704,0.99998772089056,0.07982923638898536,0.03466939685828661,0.07168029703615252,0.4749404490743901,7694,,,False,,
pendigits,tabicl,icl,label_noise,0.2,162197832,train_only,True,low,True,ok,,0.9969678593086719,0.9999489691769361,0.17556700529298597,0.0762477816030228,0.15622352197487852,0.4454082792323458,7694,,,True,ece,
pendigits,tabicl,icl,label_noise,0.3,3282255718,train_only,True,low,True,ok,,0.9969678593086719,0.9999914042389877,0.2853419035467789,0.12392241416613599,0.24190992049460305,0.41398346203118497,7694,,,True,ece,
pendigits,tabicl,icl,label_noise,0.4,2267040136,train_only,True,low,True,ok,,0.9966646452395391,0.999962243197916,0.41576416569076335,0.1805640829326078,0.3330174857020413,0.37871375988501094,7694,,,True,ece,
pendigits,tabpfn_client,icl,label_noise,0.0,4226942111,train_only,True,low,True,ok,,0.998483929654336,0.999991425925043,0.007174992447076796,0.003116059627462962,0.0015264914407361995,0.4985294723455293,7694,,,False,,
pendigits,tabpfn_client,icl,label_noise,0.05,791580103,train_only,True,low,True,ok,,0.998483929654336,0.9999438850809325,0.03898869995840174,0.016932577248515417,0.033291961282419257,0.4880147837954383,7694,,,False,,
pendigits,tabpfn_client,icl,label_noise,0.1,4249564648,train_only,True,low,True,ok,,0.9978775015160704,0.9998528583865136,0.07840908505395955,0.034052632970017364,0.0691319872964428,0.47558793831239654,7694,,,False,,
pendigits,tabpfn_client,icl,label_noise,0.2,162197832,train_only,True,low,True,ok,,0.9969678593086719,0.9997726208958195,0.17339562195914585,0.07530476180303936,0.15174324166772873,0.44652551933538004,7694,,,True,ece,
pendigits,tabpfn_client,icl,label_noise,0.3,3282255718,train_only,True,low,True,ok,,0.9978775015160704,0.9998825210308521,0.28613261269781676,0.12426581478722214,0.2435598157147414,0.4136488000090938,7694,,,True,ece,
pendigits,tabpfn_client,icl,label_noise,0.4,2267040136,train_only,True,low,True,ok,,0.9963614311704063,0.9998048834360981,0.4254815008710921,0.18478426798022893,0.33941970674942545,0.3760667021342414,7694,,,True,ece,
phoneme,tabicl,icl,covariate_shift,0.0,3797670182,test_only,True,medium,True,ok,,0.9099876695437731,0.9701290201944652,0.2018310526634379,0.2911806587749411,0.01907854113689257,0.3848734016397679,3782,,,False,,
phoneme,tabicl,icl,covariate_shift,0.05,112867050,test_only,True,low,True,ok,,0.8273736128236745,0.9128948699898807,0.38775304523836707,0.559409395454986,0.04567977381391342,0.26666047302073087,3782,,,False,,
phoneme,tabicl,icl,covariate_shift,0.1,1239422150,test_only,True,low,True,ok,,0.747842170160296,0.8613161233079619,0.5756927907579786,0.8305491343020635,0.09780873906255347,0.14491048057870132,3782,,,True,nll,
phoneme,tabicl,icl,covariate_shift,0.2,227882674,test_only,True,low,True,ok,,0.687422934648582,0.8032167055303796,0.7139104618473969,1.0299550829459891,0.14394302309825385,0.04646415762947265,3782,,,True,ece;nll,
phoneme,tabicl,icl,covariate_shift,0.3,2595602307,test_only,True,low,True,ok,,0.6553637484586929,0.7912624473873319,0.6746105797204027,0.9732573378938537,0.1394177013271471,0.055385677220784545,3782,,,True,ece;nll,
phoneme,tabicl,icl,covariate_shift,0.4,1346331037,test_only,True,low,True,ok,,0.6646115906288532,0.770181632862569,0.6526314724984263,0.9415481889015416,0.056182628428240955,0.07555432774011651,3782,,,True,nll,
phoneme,tabpfn_client,icl,covariate_shift,0.0,3797670182,test_only,True,medium,True,ok,,0.9173859432799013,0.9725442533034155,0.1949865122778864,0.2813060743035417,0.016259454350218243,0.3903546669870745,3782,,,False,,
phoneme,tabpfn_client,icl,covariate_shift,0.05,112867050,test_only,True,low,True,ok,,0.8199753390875463,0.9094017188027044,0.394523530844745,0.5691771414637177,0.055135893672634426,0.2595065812704362,3782,,,False,,
phoneme,tabpfn_client,icl,covariate_shift,0.1,1239422150,test_only,True,low,True,ok,,0.7725030826140568,0.8676672239576458,0.5549019972286661,0.8005543595811778,0.09665160058226514,0.16006236278647817,3782,,,True,nll,
phoneme,tabpfn_client,icl,covariate_shift,0.2,227882674,test_only,True,low,True,ok,,0.6960542540073983,0.8253039435669557,0.7169679475621181,1.0343661024242061,0.15892783880573308,0.0511691198611358,3782,,,True,ece;nll,
phoneme,tabpfn_client,icl,covariate_shift,0.3,2595602307,test_only,True,low,True,ok,,0.654747225647349,0.7961341604704709,0.6889932604252337,0.9940071600214028,0.15867795568209314,0.046921300868927686,3782,,,True,ece;nll,
phoneme,tabpfn_client,icl,covariate_shift,0.4,1346331037,test_only,True,low,True,ok,,0.6646115906288532,0.7652521741680967,0.6513854649198342,0.9397505799469966,0.08131288398077166,0.06934224877290845,3782,,,True,nll,
phoneme,tabicl,icl,label_noise,0.0,3260412492,train_only,True,medium,True,ok,,0.9099876695437731,0.9701290201944652,0.2018310526634379,0.2911806587749411,0.01907854113689257,0.3848734016397679,3782,,,False,,
phoneme,tabicl,icl,label_noise,0.05,471835201,train_only,True,medium,True,ok,,0.8970406905055487,0.9628906536436564,0.23984878014645702,0.3460286456805608,0.04368207016908199,0.3590228246131274,3782,,,False,,
phoneme,tabicl,icl,label_noise,0.1,2974796010,train_only,True,medium,True,ok,,0.8958076448828607,0.9568420300057194,0.2856185856499134,0.4120605171028497,0.07250244288087636,0.3311472135274007,3782,,,False,,
phoneme,tabicl,icl,label_noise,0.2,1773909251,train_only,True,medium,True,ok,,0.8545006165228114,0.9226190476190477,0.399398521154062,0.576210265807351,0.12402288221938157,0.2534241029590068,3782,,,True,ece,
phoneme,tabicl,icl,label_noise,0.3,211529636,train_only,True,medium,True,ok,,0.8532675709001233,0.9189269948817225,0.49288159586340285,0.7110778340975695,0.21054169994780142,0.19418289362479021,3782,,,True,ece,
phoneme,tabicl,icl,label_noise,0.4,2492970002,train_only,True,medium,True,ok,,0.8020961775585697,0.8694692536700543,0.6068416143498225,0.8754873876275419,0.2419583450945014,0.11359078011114161,3782,,,True,ece;nll,
phoneme,tabpfn_client,icl,label_noise,0.0,3260412492,train_only,True,medium,True,ok,,0.9173859432799013,0.9725442533034155,0.1949865122778864,0.2813060743035417,0.016259454350218243,0.3903546669870745,3782,,,False,,
phoneme,tabpfn_client,icl,label_noise,0.05,471835201,train_only,True,medium,True,ok,,0.905672009864365,0.9633562849223458,0.23051957378416088,0.33256944592624643,0.03211527534297551,0.36683161235600675,3782,,,False,,
phoneme,tabpfn_client,icl,label_noise,0.1,2974796010,train_only,True,medium,True,ok,,0.8939580764488286,0.9594149177995805,0.27439780935409747,0.3958723587859516,0.06694001437275567,0.3377392221868409,3782,,,False,,
phoneme,tabpfn_client,icl,label_noise,0.2,1773909251,train_only,True,medium,True,ok,,0.8631319358816276,0.9271122061390001,0.39228920520611366,0.5659536909451331,0.12532334390441602,0.259108286466471,3782,,,True,ece,
phoneme,tabpfn_client,icl,label_noise,0.3,211529636,train_only,True,medium,True,ok,,0.8415536374845869,0.9206886943258978,0.492056692864981,0.7098877506325318,0.2034382525736131,0.19482011293227003,3782,,,True,ece,
phoneme,tabpfn_client,icl,label_noise,0.4,2492970002,train_only,True,medium,True,ok,,0.7706535141800247,0.8480832123425285,0.6188904610893177,0.8928701990670426,0.21549048328070458,0.101467995070635,3782,,,True,ece;nll,
satimage,tabicl,icl,covariate_shift,0.0,3682884971,test_only,True,low,True,ok,,0.9414204250907205,0.995825867016964,0.148419336387584,0.08283440882359484,0.00917988922550454,0.46306581672736613,4501,,,False,,
satimage,tabicl,icl,covariate_shift,0.05,3066944167,test_only,True,low,True,ok,,0.9206842923794712,0.9930109916515,0.19973279630507465,0.11147299608865786,0.01839730389845356,0.4485351313286575,4501,,,False,,
satimage,tabicl,icl,covariate_shift,0.1,918546963,test_only,True,low,True,ok,,0.8719543805080352,0.98322596210608,0.3582686911480571,0.19995356369033743,0.058441498789880454,0.4032478749482559,4501,,,False,,
satimage,tabicl,icl,covariate_shift,0.2,3154615055,test_only,True,low,True,ok,,0.7325038880248833,0.9500770635996303,0.9006567943579245,0.502666127806739,0.16125041214398816,0.25935263469278375,4501,,,True,ece,
satimage,tabicl,icl,covariate_shift,0.3,2732291062,test_only,True,low,True,ok,,0.6179367547952307,0.9064610489028712,1.4938342010583492,0.8337247419163571,0.23672645584222213,0.11248916659193792,4501,,,True,ece;nll,
satimage,tabicl,icl,covariate_shift,0.4,1763784021,test_only,True,low,True,ok,,0.5344738206324521,0.8299386655403419,2.1835349690943513,1.2186540696978068,0.28675465548942325,-0.052297545973239226,4501,,,True,ece;nll,
satimage,tabpfn_client,icl,covariate_shift,0.0,3682884971,test_only,True,low,True,ok,,0.9450492483151892,0.996437652751676,0.14428700357106639,0.08052810996624991,0.011504301693247605,0.46405127238184046,4501,,,False,,
satimage,tabpfn_client,icl,covariate_shift,0.05,3066944167,test_only,True,low,True,ok,,0.9149818558838777,0.9925757863146777,0.20519172134241026,0.11451968016154153,0.014476647243935931,0.4473975700954692,4501,,,False,,
satimage,tabpfn_client,icl,covariate_shift,0.1,918546963,test_only,True,low,True,ok,,0.8657335406946605,0.9807249368678463,0.3668638407820161,0.20475060803784803,0.052540042831442535,0.40118056803030233,4501,,,False,,
satimage,tabpfn_client,icl,covariate_shift,0.2,3154615055,test_only,True,low,True,ok,,0.7247278382581649,0.9467482180316603,0.9037415148010843,0.5043877430660065,0.16111047884464003,0.2565326333610759,4501,,,True,ece,
satimage,tabpfn_client,icl,covariate_shift,0.3,2732291062,test_only,True,low,True,ok,,0.5961638154484189,0.9104009991430151,1.5468270228718166,0.8633005989013901,0.25513803824967435,0.09804713469696623,4501,,,True,ece;nll,
satimage,tabpfn_client,icl,covariate_shift,0.4,1763784021,test_only,True,low,True,ok,,0.49300155520995337,0.8330793611207393,2.444718177810852,1.3644231939592382,0.35712244887075717,-0.1152234382881711,4501,,,True,ece;nll,
satimage,tabicl,icl,label_noise,0.0,1706678074,train_only,True,low,True,ok,,0.9414204250907205,0.995825867016964,0.148419336387584,0.08283440882359484,0.00917988922550454,0.46306581672736613,4501,,,False,,
satimage,tabicl,icl,label_noise,0.05,4044987987,train_only,True,low,True,ok,,0.9284603421461898,0.9928414339700412,0.21041061412815942,0.11743239968409977,0.03930259444818102,0.44367331441657676,4501,,,False,,
satimage,tabicl,icl,label_noise,0.1,1834062931,train_only,True,low,True,ok,,0.9300155520995335,0.9928534774975967,0.24936431879993198,0.139172876204955,0.07168345199234061,0.43091249667913417,4501,,,False,,
satimage,tabicl,icl,label_noise,0.2,2101973911,train_only,True,low,True,ok,,0.9206842923794712,0.990723840086127,0.36358990896512083,0.20292339190023453,0.15007017716123272,0.3939649348847482,4501,,,True,ece,
satimage,tabicl,icl,label_noise,0.3,1989148767,train_only,True,low,True,ok,,0.9186106791083463,0.9895722984659211,0.472328032437599,0.2636112941214662,0.2366057678137216,0.35773736453014016,4501,,,True,ece,
satimage,tabicl,icl,label_noise,0.4,571005856,train_only,True,low,True,ok,,0.9056505961638155,0.9857268255043818,0.6248018484741203,0.3487085511222688,0.3191976652426604,0.31239987996589325,4501,,,True,ece,
satimage,tabpfn_client,icl,label_noise,0.0,1706678074,train_only,True,low,True,ok,,0.9450492483151892,0.996437652751676,0.14428700357106639,0.08052810996624991,0.011504301693247605,0.46405127238184046,4501,,,False,,
satimage,tabpfn_client,icl,label_noise,0.05,4044987987,train_only,True,low,True,ok,,0.935717988595127,0.9943559337641729,0.20280328335178094,0.11318666753811259,0.042218302747765515,0.44598261429574265,4501,,,False,,
satimage,tabpfn_client,icl,label_noise,0.1,1834062931,train_only,True,low,True,ok,,0.9367547952306895,0.9942534336252996,0.2387307346646617,0.1332381599007339,0.08115162504705765,0.43230014807382655,4501,,,False,,
satimage,tabpfn_client,icl,label_noise,0.2,2101973911,train_only,True,low,True,ok,,0.9186106791083463,0.9909073939960531,0.35808601639940324,0.19985161097191115,0.15205262174735013,0.39424318212382714,4501,,,True,ece,
satimage,tabpfn_client,icl,label_noise,0.3,1989148767,train_only,True,low,True,ok,,0.9175738724727839,0.9894512167228928,0.481656128101436,0.26881740343694027,0.24069283855298643,0.35516021798225067,4501,,,True,ece,
satimage,tabpfn_client,icl,label_noise,0.4,571005856,train_only,True,low,True,ok,,0.8989113530326595,0.983697556276422,0.6374206300089873,0.35575122719100666,0.31678048787693297,0.30904938191895803,4501,,,True,ece,
segment,tabicl,icl,covariate_shift,0.0,3750364974,test_only,False,high,True,ok,,0.9855699855699855,0.9997789341223685,0.03203740635223554,0.016463970018239963,0.006488537903704576,0.49152122619211386,1617,,,False,,
segment,tabicl,icl,covariate_shift,0.05,891012389,test_only,False,low,True,ok,,0.8787878787878788,0.9864931178062489,0.49641582839304627,0.2551072713372931,0.20215256619028252,0.3601280784111245,1617,,,True,ece,
segment,tabicl,icl,covariate_shift,0.1,786639947,test_only,False,low,True,ok,,0.733044733044733,0.9634075240135846,0.8074715500513987,0.414958291082147,0.1879826903772541,0.28506531796136964,1617,,,True,ece,
segment,tabicl,icl,covariate_shift,0.2,2512431106,test_only,False,low,True,ok,,0.4935064935064935,0.9258676228373197,1.2713675136967855,0.6533536578315294,0.11085425613587913,0.17990269344240126,1617,,,True,ece,
segment,tabicl,icl,covariate_shift,0.3,725435300,test_only,False,low,True,ok,,0.43867243867243866,0.9037294542345048,1.4268240363238154,0.7332425071201257,0.19072758459544317,0.12398790572781612,1617,,,True,ece,
segment,tabicl,icl,covariate_shift,0.4,1220730733,test_only,False,low,True,ok,,0.41414141414141414,0.8597664961301323,1.6329305430937742,0.8391602993008274,0.20649272831235582,0.06999285031403905,1617,,,True,ece;nll,
segment,tabpfn_client,icl,covariate_shift,0.0,3750364974,test_only,False,high,True,ok,,0.9812409812409812,0.9994849893839793,0.052698645441764974,0.02708174653765424,0.011791545789494496,0.48652306035134474,1617,,,False,,
segment,tabpfn_client,icl,covariate_shift,0.05,891012389,test_only,False,low,True,ok,,0.8326118326118326,0.9753450814056874,0.4509748638481508,0.2317552349819887,0.06654111384711775,0.38342776011974533,1617,,,False,,
segment,tabpfn_client,icl,covariate_shift,0.1,786639947,test_only,False,low,True,ok,,0.7171717171717171,0.951297486651022,0.7709050936624329,0.39616684975752164,0.13561072097212523,0.2945576787819337,1617,,,True,ece,
segment,tabpfn_client,icl,covariate_shift,0.2,2512431106,test_only,False,low,True,ok,,0.5743145743145743,0.9374334980395587,1.0960859207600584,0.5632767377734159,0.16769918240539042,0.21172605264792876,1617,,,True,ece,
segment,tabpfn_client,icl,covariate_shift,0.3,725435300,test_only,False,low,True,ok,,0.3823953823953824,0.9044485256606468,1.4694821747287135,0.7551644537349822,0.2243550568941284,0.10249594384121338,1617,,,True,ece;nll,
segment,tabpfn_client,icl,covariate_shift,0.4,1220730733,test_only,False,low,True,ok,,0.2857142857142857,0.8823613722603622,1.776249695657884,0.9128117742333608,0.26842468005572967,0.024155154867115447,1617,,,True,ece;nll,
segment,tabicl,icl,label_noise,0.0,767660356,train_only,False,high,True,ok,,0.9855699855699855,0.9997789341223685,0.03203740635223554,0.016463970018239963,0.006488537903704576,0.49152122619211386,1617,,,False,,
segment,tabicl,icl,label_noise,0.05,258902209,train_only,False,high,True,ok,,0.9855699855699855,0.9993659539114084,0.07538434770267599,0.03873989132503012,0.04038728690868498,0.4779141569252447,1617,,,False,,
segment,tabicl,icl,label_noise,0.1,4043543014,train_only,False,high,True,ok,,0.9841269841269841,0.9995821611983228,0.11339094346783564,0.058271417887862845,0.07826296973579888,0.46433878472494194,1617,,,False,,
segment,tabicl,icl,label_noise,0.2,583234470,train_only,False,high,True,ok,,0.9826839826839827,0.9994849893839792,0.21600764674631073,0.11100597160211977,0.15838326548267004,0.4322438991098202,1617,,,True,ece,
segment,tabicl,icl,label_noise,0.3,1400819911,train_only,False,high,True,ok,,0.976911976911977,0.9989602615865242,0.32729055342456875,0.1681940728781642,0.2393552785465776,0.39784361051931527,1617,,,True,ece,
segment,tabicl,icl,label_noise,0.4,3915123677,train_only,False,high,True,ok,,0.9696969696969697,0.9983359326793672,0.48346809776680516,0.24845345403101776,0.33082280455063984,0.35417152477289066,1617,,,True,ece,
segment,tabpfn_client,icl,label_noise,0.0,767660356,train_only,False,high,True,ok,,0.9812409812409812,0.9994849893839793,0.052698645441764974,0.02708174653765424,0.011791545789494496,0.48652306035134474,1617,,,False,,
segment,tabpfn_client,icl,label_noise,0.05,258902209,train_only,False,high,True,ok,,0.976911976911977,0.9992493477341962,0.08816956826957942,0.04531019498119343,0.033357522106467176,0.4760095053281137,1617,,,False,,
segment,tabpfn_client,icl,label_noise,0.1,4043543014,train_only,False,high,True,ok,,0.9754689754689755,0.9992614942109892,0.13334105798015777,0.0685237486658319,0.07657965126194154,0.4601888144420546,1617,,,False,,
segment,tabpfn_client,icl,label_noise,0.2,583234470,train_only,False,high,True,ok,,0.9711399711399712,0.998642023894549,0.24203348500346786,0.12438060674125605,0.15792844793181685,0.42629583242534763,1617,,,True,ece,
segment,tabpfn_client,icl,label_noise,0.3,1400819911,train_only,False,high,True,ok,,0.9595959595959596,0.9984792611055238,0.36830288666590005,0.1892702429476002,0.24883697456998793,0.38685866752804954,1617,,,True,ece,
segment,tabpfn_client,icl,label_noise,0.4,3915123677,train_only,False,high,True,ok,,0.961038961038961,0.9979788262616546,0.5043890874496981,0.2592047159497911,0.33739274698742766,0.34820846916500037,1617,,,True,ece,
spambase,tabicl,icl,covariate_shift,0.0,1058421842,test_only,False,high,True,ok,,0.9630702389572773,0.9944721168037107,0.09439359901220555,0.1361811771865703,0.012780958453414117,0.44911523187823643,3220,,,False,,
spambase,tabicl,icl,covariate_shift,0.05,342034879,test_only,False,low,True,ok,,0.6154960173787111,0.9765487736313163,0.6648382193102588,0.9591588019923595,0.27129287238203026,0.09211025830365346,3220,,,True,ece;nll,
spambase,tabicl,icl,covariate_shift,0.1,1045100713,test_only,False,low,True,ok,,0.6060825488776249,0.9723243464052287,0.7029562559243205,1.0141515043838902,0.3049011279330533,0.06600022667169601,3220,,,True,ece;nll,
spambase,tabicl,icl,covariate_shift,0.2,3096275861,test_only,False,low,True,ok,,0.6060825488776249,0.9629750421674047,0.7093048157500785,1.0233105401612983,0.27201294129187487,0.06655789678347089,3220,,,True,ece;nll,
spambase,tabicl,icl,covariate_shift,0.3,2958375756,test_only,False,low,True,ok,,0.6060825488776249,0.9561448011104083,0.6618060279478407,0.9547842745507725,0.2695180983762226,0.08522416067981034,3220,,,True,ece;nll,
spambase,tabicl,icl,covariate_shift,0.4,2411427472,test_only,False,low,True,ok,,0.6060825488776249,0.950236972028955,0.7081997261531372,1.021716232880053,0.27221556743416514,0.06253733919092899,3220,,,True,ece;nll,
spambase,tabpfn_client,icl,covariate_shift,0.0,1058421842,test_only,False,high,True,ok,,0.9645184648805214,0.992613017429194,0.10205450540573872,0.14723352884923516,0.006191679628072387,0.44668393125191114,3220,,,False,,
spambase,tabpfn_client,icl,covariate_shift,0.05,342034879,test_only,False,low,True,ok,,0.6466328747284577,0.9757218971818119,0.456845845799407,0.6590892361855286,0.1985324939416804,0.2010643255789082,3220,,,True,ece,
spambase,tabpfn_client,icl,covariate_shift,0.1,1045100713,test_only,False,low,True,ok,,0.7900072411296162,0.9700358862182865,0.45581830509583887,0.6576068083081793,0.12395172332429909,0.23594125918852907,3220,,,True,ece,
spambase,tabpfn_client,icl,covariate_shift,0.2,3096275861,test_only,False,low,True,ok,,0.6060825488776249,0.9579347195867595,0.57670919265237,0.832015492274652,0.26926499511571705,0.12273188748147049,3220,,,True,ece;nll,
spambase,tabpfn_client,icl,covariate_shift,0.3,2958375756,test_only,False,low,True,ok,,0.6060825488776249,0.9435978020240355,0.6310636179111399,0.9104323520458492,0.28923401701798623,0.09019510402270417,3220,,,True,ece;nll,
spambase,tabpfn_client,icl,covariate_shift,0.4,2411427472,test_only,False,low,True,ok,,0.6060825488776249,0.9386453282029656,0.672856444817062,0.9707266561677538,0.26064235745764786,0.07609177886082599,3220,,,True,ece;nll,
spambase,tabicl,icl,label_noise,0.0,60261911,train_only,False,high,True,ok,,0.9630702389572773,0.9944721168037107,0.09439359901220555,0.1361811771865703,0.012780958453414117,0.44911523187823643,3220,,,False,,
spambase,tabicl,icl,label_noise,0.05,1027646181,train_only,False,high,True,ok,,0.9608979000724113,0.9929040164452878,0.13039438082583096,0.18811932657721328,0.04005008457057879,0.42720527587943263,3220,,,False,,
spambase,tabicl,icl,label_noise,0.1,3839839681,train_only,False,high,True,ok,,0.9616220130340333,0.9894010471572141,0.16969784565777687,0.2448222403800154,0.08025404441548611,0.40103618746302805,3220,,,False,,
spambase,tabicl,icl,label_noise,0.2,1690255960,train_only,False,high,True,ok,,0.9551049963794352,0.9818592311476562,0.3011459390331302,0.43446175282694705,0.18656630873464958,0.3192646927635809,3220,,,True,ece,
spambase,tabicl,icl,label_noise,0.3,3174924902,train_only,False,high,True,ok,,0.939898624185373,0.9817801672640382,0.4058876113629324,0.5855720440715695,0.25587227100431814,0.2577617847478848,3220,,,True,ece,
spambase,tabicl,icl,label_noise,0.4,4103837098,train_only,False,high,True,ok,,0.8689355539464156,0.9420318978846018,0.5567658655333515,0.8032433531412176,0.27877861510601964,0.1633227683880037,3220,,,True,ece;nll,
spambase,tabpfn_client,icl,label_noise,0.0,60261911,train_only,False,high,True,ok,,0.9645184648805214,0.992613017429194,0.10205450540573872,0.14723352884923516,0.006191679628072387,0.44668393125191114,3220,,,False,,
spambase,tabpfn_client,icl,label_noise,0.05,1027646181,train_only,False,high,True,ok,,0.9587255611875453,0.9926305871811091,0.13536287213794737,0.19528734435390352,0.040247453971626226,0.42459384559102364,3220,,,False,,
spambase,tabpfn_client,icl,label_noise,0.1,3839839681,train_only,False,high,True,ok,,0.9558291093410572,0.9907352501932672,0.17836793188634992,0.25733053078605744,0.08283071587186053,0.3963664015586128,3220,,,False,,
spambase,tabpfn_client,icl,label_noise,0.2,1690255960,train_only,False,high,True,ok,,0.9507603186097031,0.986402110127205,0.28632304250743335,0.41307683351771396,0.1685972008241888,0.3302122961158253,3220,,,True,ece,
spambase,tabpfn_client,icl,label_noise,0.3,3174924902,train_only,False,high,True,ok,,0.940622737146995,0.9836722099233958,0.40070461637171145,0.5780945629007826,0.2515537345382695,0.261639568267349,3220,,,True,ece,
spambase,tabpfn_client,icl,label_noise,0.4,4103837098,train_only,False,high,True,ok,,0.9333816075307748,0.9753705021435097,0.5456604305431118,0.7872215971538841,0.34540726943749156,0.17613898384618107,3220,,,True,ece;nll,
splice,tabicl,icl,covariate_shift,0.0,3721731608,test_only,False,high,True,ok,,0.9623824451410659,0.9965408883739212,0.09854339788969246,0.08969806628429439,0.014261215306470995,0.4633850147554497,2233,,,False,,
splice,tabicl,icl,covariate_shift,0.05,2455505349,test_only,False,high,True,ok,,0.9634273772204807,0.9966852006122013,0.09816114942438414,0.08935012873685284,0.014399035776654768,0.4636690810209558,2233,,,False,,
splice,tabicl,icl,covariate_shift,0.1,3916056345,test_only,False,high,True,ok,,0.9644723092998955,0.9965754677979164,0.101039940472942,0.0919705172745124,0.013867360269844082,0.4631076328879325,2233,,,False,,
splice,tabicl,icl,covariate_shift,0.2,1188553461,test_only,False,high,True,ok,,0.9655172413793104,0.9964925409563214,0.09901335156224315,0.09012583655174736,0.010270260707635573,0.4645081724345578,2233,,,False,,
splice,tabicl,icl,covariate_shift,0.3,1244369274,test_only,False,high,True,ok,,0.9634273772204807,0.9965042633048456,0.10217716585851888,0.09300566442998032,0.012903033601034846,0.462808292690567,2233,,,False,,
splice,tabicl,icl,covariate_shift,0.4,3228449683,test_only,False,high,True,ok,,0.9655172413793104,0.9965462170788021,0.10000959305062003,0.0910326546336611,0.010072595688766856,0.46429444665662556,2233,,,False,,
splice,tabpfn_client,icl,covariate_shift,0.0,3721731608,test_only,False,high,True,ok,,0.9623824451410659,0.9943898454418877,0.11095069580740478,0.10099167554544161,0.012335924650430267,0.45962912508210196,2233,,,False,,
splice,tabpfn_client,icl,covariate_shift,0.05,2455505349,test_only,False,high,True,ok,,0.9644723092998955,0.9934171803141076,0.12343120097444699,0.11235192091660236,0.015678644737072117,0.45552555428252683,2233,,,False,,
splice,tabpfn_client,icl,covariate_shift,0.1,3916056345,test_only,False,high,True,ok,,0.9655172413793104,0.9941604283516622,0.11495501282846267,0.10463656197385802,0.012009336919904837,0.45899090015384,2233,,,False,,
splice,tabpfn_client,icl,covariate_shift,0.2,1188553461,test_only,False,high,True,ok,,0.9655172413793104,0.993937947402133,0.1182387646354054,0.10762556167904405,0.013177574986414286,0.457782684296647,2233,,,False,,
splice,tabpfn_client,icl,covariate_shift,0.3,1244369274,test_only,False,high,True,ok,,0.9655172413793104,0.99434838202109,0.11239214968473989,0.10230374340796537,0.009996757314418408,0.46015904542900476,2233,,,False,,
splice,tabpfn_client,icl,covariate_shift,0.4,3228449683,test_only,False,high,True,ok,,0.9655172413793104,0.9949214835290876,0.107567124668282,0.09791181636852961,0.014109805004210817,0.4608545995306762,2233,,,False,,
splice,tabicl,icl,label_noise,0.0,2334550712,train_only,False,high,True,ok,,0.9623824451410659,0.9965408883739212,0.09854339788969246,0.08969806628429439,0.014261215306470995,0.4633850147554497,2233,,,False,,
splice,tabicl,icl,label_noise,0.05,691285794,train_only,False,high,True,ok,,0.9644723092998955,0.9963994400387532,0.12461480957759288,0.11342928789615875,0.038164095107036555,0.45174904501829294,2233,,,False,,
splice,tabicl,icl,label_noise,0.1,3156332415,train_only,False,high,True,ok,,0.9623824451410659,0.995963444883964,0.162276850907707,0.14771075526966979,0.07928883726553793,0.43277357844653874,2233,,,False,,
splice,tabicl,icl,label_noise,0.2,2642764237,train_only,False,high,True,ok,,0.9613375130616509,0.9960428620403722,0.2567163372740833,0.23367328030283588,0.16091019718765098,0.3905316051449969,2233,,,True,ece,
splice,tabicl,icl,label_noise,0.3,1959090686,train_only,False,high,True,ok,,0.9602925809822361,0.9940048279630537,0.37408880980648734,0.3405103089280111,0.24713538093604373,0.34036540806879206,2233,,,True,ece,
splice,tabicl,icl,label_noise,0.4,258913008,train_only,False,high,True,ok,,0.955067920585162,0.9937818045164715,0.5257868983116503,0.47859185968972007,0.34901302576394355,0.27770365660883456,2233,,,True,ece,
splice,tabpfn_client,icl,label_noise,0.0,2334550712,train_only,False,high,True,ok,,0.9623824451410659,0.9943898454418877,0.11095069580740478,0.10099167554544161,0.012335924650430267,0.45962912508210196,2233,,,False,,
splice,tabpfn_client,icl,label_noise,0.05,691285794,train_only,False,high,True,ok,,0.9582027168234065,0.9872364562351684,0.16773366807758333,0.1526777643102221,0.04303066541113654,0.434853704830526,2233,,,False,,
splice,tabpfn_client,icl,label_noise,0.1,3156332415,train_only,False,high,True,ok,,0.9519331243469175,0.9873690060142365,0.20400525307694312,0.18569358378856893,0.07389996800552373,0.4178810520193449,2233,,,False,,
splice,tabpfn_client,icl,label_noise,0.2,2642764237,train_only,False,high,True,ok,,0.9634273772204807,0.9956428341393776,0.2776944550289417,0.25276838598410495,0.1774666244696141,0.38166525784269995,2233,,,True,ece,
splice,tabpfn_client,icl,label_noise,0.3,1959090686,train_only,False,high,True,ok,,0.9623824451410659,0.9934278477515411,0.39620632247966986,0.360642536558558,0.2686604496380958,0.3301322625890126,2233,,,True,ece,
splice,tabpfn_client,icl,label_noise,0.4,258913008,train_only,False,high,True,ok,,0.955067920585162,0.9934280182219646,0.5582794901961837,0.5081678913977993,0.36682730130476576,0.26514416678516894,2233,,,True,ece,
steel-plates-fault,tabicl,icl,covariate_shift,0.0,2342941747,test_only,True,low,True,ok,,1.0,1.0,4.644335088508698e-06,6.700359200418104e-06,4.644044615531584e-06,0.49999706108331676,1358,,,False,,
steel-plates-fault,tabicl,icl,covariate_shift,0.05,3199079680,test_only,True,low,True,ok,,0.6535162950257289,0.854675034432577,0.7860809791691877,1.1340751303845278,0.23988139828860566,0.008964887532181803,1358,,,True,ece;nll,
steel-plates-fault,tabicl,icl,covariate_shift,0.1,2470116718,test_only,True,low,True,ok,,0.6535162950257289,0.812478885683844,0.7637424796152057,1.1018474878570974,0.22042669826537276,0.007755468233000926,1358,,,True,ece;nll,
steel-plates-fault,tabicl,icl,covariate_shift,0.2,3112875470,test_only,True,low,True,ok,,0.6535162950257289,0.8088342298796809,0.7195129118279644,1.0380377097497822,0.1870246161816978,0.03230318855047346,1358,,,True,ece;nll,
steel-plates-fault,tabicl,icl,covariate_shift,0.3,3519992929,test_only,True,low,True,ok,,0.6535162950257289,0.6432395208024739,0.7156615432756035,1.0324813594386555,0.16818365003326305,-0.02021986130352403,1358,,,True,ece;nll,
steel-plates-fault,tabicl,icl,covariate_shift,0.4,960490634,test_only,True,low,True,ok,,0.6535162950257289,0.6338907512798524,0.7088403602731345,1.0226404725479974,0.1597780367808119,-0.01885854191875392,1358,,,True,ece;nll,
steel-plates-fault,tabpfn_client,icl,covariate_shift,0.0,2342941747,test_only,True,low,True,ok,,1.0,0.9999999999999999,1.3351529816472514e-05,1.9262185854506027e-05,1.3351433767572196e-05,0.49999155105749005,1358,,,False,,
steel-plates-fault,tabpfn_client,icl,covariate_shift,0.05,3199079680,test_only,True,low,True,ok,,0.346483704974271,0.7119747407811647,0.7478094276777353,1.0788609528406827,0.27612317335195585,-0.07771920550304767,1358,,,True,ece;nll,
steel-plates-fault,tabpfn_client,icl,covariate_shift,0.1,2470116718,test_only,True,low,True,ok,,0.346483704974271,0.6519191289207661,0.7795665673457153,1.1246768207524955,0.2823248811301839,-0.11372377158337663,1358,,,True,ece;nll,
steel-plates-fault,tabpfn_client,icl,covariate_shift,0.2,3112875470,test_only,True,low,True,ok,,0.346483704974271,0.639432447181726,0.745428880686396,1.0754265495016744,0.2461626615409508,-0.09608658489894775,1358,,,True,ece;nll,
steel-plates-fault,tabpfn_client,icl,covariate_shift,0.3,3519992929,test_only,True,low,True,ok,,0.346483704974271,0.6765936436163302,0.7686100642432843,1.1088699280611338,0.27676420158488807,-0.09923348772346158,1358,,,True,ece;nll,
steel-plates-fault,tabpfn_client,icl,covariate_shift,0.4,960490634,test_only,True,low,True,ok,,0.35334476843910806,0.6525947870377589,0.7828902504304682,1.1294718818563552,0.2816609534403954,-0.11376386451590384,1358,,,True,ece;nll,
steel-plates-fault,tabicl,icl,label_noise,0.0,3863852855,train_only,True,low,True,ok,,1.0,1.0,4.644335088508698e-06,6.700359200418104e-06,4.644044615531584e-06,0.49999706108331676,1358,,,False,,
steel-plates-fault,tabicl,icl,label_noise,0.05,3828678886,train_only,True,low,True,ok,,1.0,1.0,0.040591718467605044,0.05856147093437475,0.039708063526104405,0.4744899460144667,1358,,,False,,
steel-plates-fault,tabicl,icl,label_noise,0.1,2047184284,train_only,True,low,True,ok,,1.0,1.0,0.08925303440939851,0.12876491012673125,0.08496243710975832,0.44437803954002897,1358,,,False,,
steel-plates-fault,tabicl,icl,label_noise,0.2,781862246,train_only,True,low,True,ok,,1.0,1.0,0.20300327717527306,0.29287182126497413,0.18252810892159402,0.37563283183618895,1358,,,True,ece,
steel-plates-fault,tabicl,icl,label_noise,0.3,1549908955,train_only,True,low,True,ok,,0.9845626072041166,0.99890855227255,0.36549283079712286,0.5272946944714781,0.2852797051906423,0.2820580349964381,1358,,,True,ece,
steel-plates-fault,tabicl,icl,label_noise,0.4,1038006126,train_only,True,low,True,ok,,0.7924528301886793,0.8573971570385385,0.6134998506193832,0.8850931920747039,0.23256085460151465,0.10691680094907621,1358,,,True,ece;nll,
steel-plates-fault,tabpfn_client,icl,label_noise,0.0,3863852855,train_only,True,low,True,ok,,1.0,0.9999999999999999,1.3351529816472514e-05,1.9262185854506027e-05,1.3351433767572196e-05,0.49999155105749005,1358,,,False,,
steel-plates-fault,tabpfn_client,icl,label_noise,0.05,3828678886,train_only,True,low,True,ok,,1.0,1.0,0.038918066108865085,0.0561469009762485,0.03813417358899801,0.47552909498932583,1358,,,False,,
steel-plates-fault,tabpfn_client,icl,label_noise,0.1,2047184284,train_only,True,low,True,ok,,1.0,1.0,0.08671250601415635,0.1250997024096778,0.0829046318544707,0.4458891629062025,1358,,,False,,
steel-plates-fault,tabpfn_client,icl,label_noise,0.2,781862246,train_only,True,low,True,ok,,1.0,1.0,0.19812955984909894,0.28584053344780813,0.1796271195416661,0.37832241605732436,1358,,,True,ece,
steel-plates-fault,tabpfn_client,icl,label_noise,0.3,1549908955,train_only,True,low,True,ok,,1.0,1.0,0.33793998929949315,0.48754434668044816,0.28649663334514525,0.2964373693268365,1358,,,True,ece,
steel-plates-fault,tabpfn_client,icl,label_noise,0.4,1038006126,train_only,True,low,True,ok,,0.9965694682675815,0.9999610197240197,0.5688247226161155,0.82064060645331,0.42986734406755706,0.1673061263940397,1358,,,True,ece;nll,
texture,tabicl,icl,covariate_shift,0.0,731258484,test_only,True,medium,True,ok,,1.0,1.0,0.00013238146845964382,5.52073603719787e-05,0.00012956645076134254,0.49995752450173614,3850,,,False,,
texture,tabicl,icl,covariate_shift,0.05,467431889,test_only,True,low,True,ok,,1.0,1.0,0.00014509731165192292,6.0510278867430573e-05,0.00014234302603732818,0.49995337831113235,3850,,,False,,
texture,tabicl,icl,covariate_shift,0.1,1852319452,test_only,True,low,True,ok,,0.9993939393939394,1.0,0.0032402496925447092,0.001351289078093599,0.0011134205621176584,0.4992810200732392,3850,,,False,,
texture,tabicl,icl,covariate_shift,0.2,2283200151,test_only,True,low,True,ok,,0.9624242424242424,0.9995644444444444,0.09910352583832009,0.04132938037892921,0.01770324029814883,0.47827172974588333,3850,,,False,,
texture,tabicl,icl,covariate_shift,0.3,398755619,test_only,True,low,True,ok,,0.6975757575757576,0.9837785858585858,0.8948620401693507,0.37318645660660427,0.1459900569662421,0.307804920311639,3850,,,True,ece,
texture,tabicl,icl,covariate_shift,0.4,1886577186,test_only,True,low,True,ok,,0.5448484848484848,0.9449991919191919,1.9641045315981678,0.8190952098195831,0.2707361505405106,0.1126011968450128,3850,,,True,ece;nll,
texture,tabpfn_client,icl,covariate_shift,0.0,731258484,test_only,True,medium,True,ok,,1.0,1.0,0.0003523564341798259,0.00014694404637973283,0.00034535827652155813,0.4998868451307818,3850,,,False,,
texture,tabpfn_client,icl,covariate_shift,0.05,467431889,test_only,True,low,True,ok,,1.0,1.0,0.000599510163350571,0.00025001515710522913,0.0005751652920931427,0.4998099623944498,3850,,,False,,
texture,tabpfn_client,icl,covariate_shift,0.1,1852319452,test_only,True,low,True,ok,,0.9993939393939394,1.0,0.0027361836553705054,0.0011410772131750977,0.002339705795078537,0.4990988265861226,3850,,,False,,
texture,tabpfn_client,icl,covariate_shift,0.2,2283200151,test_only,True,low,True,ok,,0.9406060606060606,0.9989434343434344,0.16886557259757148,0.0704224135695899,0.019127867530200075,0.4657688135341941,3850,,,False,,
texture,tabpfn_client,icl,covariate_shift,0.3,398755619,test_only,True,low,True,ok,,0.6515151515151515,0.9785640404040404,1.1952108443349856,0.49844163666921165,0.1541434451205589,0.2598635068438116,3850,,,True,ece,
texture,tabpfn_client,icl,covariate_shift,0.4,1886577186,test_only,True,low,True,ok,,0.48303030303030303,0.9306650505050503,2.6185101949664706,1.0920035685756366,0.23673502525410192,0.02323923750780167,3850,,,True,ece;nll,
texture,tabicl,icl,label_noise,0.0,3842804813,train_only,True,medium,True,ok,,1.0,1.0,0.00013238146845964382,5.52073603719787e-05,0.00012956645076134254,0.49995752450173614,3850,,,False,,
texture,tabicl,icl,label_noise,0.05,631909019,train_only,True,medium,True,ok,,1.0,1.0,0.03793692113324525,0.015820924943470295,0.037132045578140344,0.48782731340133084,3850,,,False,,
texture,tabicl,icl,label_noise,0.1,1861727020,train_only,True,medium,True,ok,,0.9993939393939394,1.0,0.07879315632687262,0.03285929841086017,0.07450948671761277,0.47514940404231026,3850,,,False,,
texture,tabicl,icl,label_noise,0.2,127457104,train_only,True,medium,True,ok,,1.0,1.0,0.17675019283899862,0.0737105556043443,0.16113634253062936,0.4456595648125708,3850,,,True,ece,
texture,tabicl,icl,label_noise,0.3,1103031484,train_only,True,medium,True,ok,,1.0,1.0,0.3006271907838587,0.12537127629974573,0.25775103857564646,0.410838409394947,3850,,,True,ece,
texture,tabicl,icl,label_noise,0.4,2931479504,train_only,True,medium,True,ok,,0.9993939393939394,1.0,0.4492677484480226,0.18735920352506558,0.35938375329495376,0.37182457919258044,3850,,,True,ece,
texture,tabpfn_client,icl,label_noise,0.0,3842804813,train_only,True,medium,True,ok,,1.0,1.0,0.0003523564341798259,0.00014694404637973283,0.00034535827652155813,0.4998868451307818,3850,,,False,,
texture,tabpfn_client,icl,label_noise,0.05,631909019,train_only,True,medium,True,ok,,1.0,1.0,0.030677044485523948,0.01279332122362604,0.03011528557820295,0.4901389465172716,3850,,,False,,
texture,tabpfn_client,icl,label_noise,0.1,1861727020,train_only,True,medium,True,ok,,1.0,1.0,0.06914475251501008,0.02883560149577232,0.06652934010639674,0.47804345152998895,3850,,,False,,
texture,tabpfn_client,icl,label_noise,0.2,127457104,train_only,True,medium,True,ok,,1.0,1.0,0.15927899063993356,0.06642449837021164,0.14685540917441114,0.45070156865405425,3850,,,True,ece,
texture,tabpfn_client,icl,label_noise,0.3,1103031484,train_only,True,medium,True,ok,,0.9993939393939394,1.0,0.26889480015262773,0.11213784154919514,0.2350861126910797,0.4192505159061164,3850,,,True,ece,
texture,tabpfn_client,icl,label_noise,0.4,2931479504,train_only,True,medium,True,ok,,0.9993939393939394,1.0,0.40450306877705616,0.16869088211054212,0.3312249040486481,0.3830568454661986,3850,,,True,ece,
wall-robot-navigation,tabicl,icl,covariate_shift,0.0,1420071152,test_only,True,low,True,ok,,0.9896151496640195,0.9999047756133363,0.02007045067851709,0.01447776983115157,0.004177276089979589,0.4932301577469292,3819,,,False,,
wall-robot-navigation,tabicl,icl,covariate_shift,0.05,1966940115,test_only,True,low,True,ok,,0.4581551618814905,0.7781547157985054,2.243406633743447,1.618275812599537,0.4201836400117437,-0.22844204697050935,3819,,,True,ece;nll,
wall-robot-navigation,tabicl,icl,covariate_shift,0.1,1004200187,test_only,True,low,True,ok,,0.2779474648747709,0.6366567355349635,2.770732374204219,1.9986609279474652,0.4893233618102887,-0.43294097357784445,3819,,,True,ece;nll,
wall-robot-navigation,tabicl,icl,covariate_shift,0.2,3542476464,test_only,True,low,True,ok,,0.06108735491753207,0.5168369606737395,3.2225040619710072,2.3245453147250568,0.7753728071258834,-0.6623821163692551,3819,,,True,ece;nll,
wall-robot-navigation,tabicl,icl,covariate_shift,0.3,2084202021,test_only,True,low,True,ok,,0.05742211362248015,0.37285706838666594,3.0229740062801422,2.1806148037983015,0.772324867061466,-0.6695361235730786,3819,,,True,ece;nll,
wall-robot-navigation,tabicl,icl,covariate_shift,0.4,4031811268,test_only,True,low,True,ok,,0.05864386072083079,0.37087561681630155,2.508380270698639,1.809413888600321,0.7097852930878594,-0.546178180203838,3819,,,True,ece;nll,
wall-robot-navigation,tabpfn_client,icl,covariate_shift,0.0,1420071152,test_only,True,low,True,ok,,0.984728161270617,0.9997680427213121,0.03392151067768445,0.024469197617078692,0.00863826502833756,0.4885596268522606,3819,,,False,,
wall-robot-navigation,tabpfn_client,icl,covariate_shift,0.05,1966940115,test_only,True,low,True,ok,,0.4654856444715944,0.8963096643580023,2.3374375525510547,1.6861047827265212,0.4461897984825434,-0.21153816531842504,3819,,,True,ece;nll,
wall-robot-navigation,tabpfn_client,icl,covariate_shift,0.1,1004200187,test_only,True,low,True,ok,,0.2950519242516799,0.7301853151827666,3.5829930062118014,2.5845831208008025,0.549860809983402,-0.585524449285201,3819,,,True,ece;nll,
wall-robot-navigation,tabpfn_client,icl,covariate_shift,0.2,3542476464,test_only,True,low,True,ok,,0.05986560781918143,0.5887434025234173,4.814848368285895,3.473178931779189,0.860866729752588,-0.9990869934282008,3819,,,True,ece;nll,
wall-robot-navigation,tabpfn_client,icl,covariate_shift,0.3,2084202021,test_only,True,low,True,ok,,0.05986560781918143,0.5258746231121842,4.341079801502184,3.1314271508652234,0.8835092281633524,-0.9230940316300957,3819,,,True,ece;nll,
wall-robot-navigation,tabpfn_client,icl,covariate_shift,0.4,4031811268,test_only,True,low,True,ok,,0.05986560781918143,0.4553855750526823,4.2264185379620205,3.048716532719495,0.8917601005237751,-0.9246021874792874,3819,,,True,ece;nll,
wall-robot-navigation,tabicl,icl,label_noise,0.0,3575824225,train_only,True,low,True,ok,,0.9896151496640195,0.9999047756133363,0.02007045067851709,0.01447776983115157,0.004177276089979589,0.4932301577469292,3819,,,False,,
wall-robot-navigation,tabicl,icl,label_noise,0.05,2245426873,train_only,True,low,True,ok,,0.9871716554673182,0.9998202289188537,0.0633880689283036,0.045724826347195706,0.03802093462200168,0.4766911936131375,3819,,,False,,
wall-robot-navigation,tabicl,icl,label_noise,0.1,684414463,train_only,True,low,True,ok,,0.982895540623091,0.9995740719517269,0.11499621857434564,0.08295223712909588,0.0740962402582143,0.45758033708619644,3819,,,False,,
wall-robot-navigation,tabicl,icl,label_noise,0.2,1583008180,train_only,True,low,True,ok,,0.9816737935247404,0.9988390405228476,0.222942218629035,0.16081881661044592,0.16108002460321907,0.4163830833079301,3819,,,True,ece,
wall-robot-navigation,tabicl,icl,label_noise,0.3,2817189446,train_only,True,low,True,ok,,0.9718998167379352,0.9980088905825872,0.36228983682023314,0.26133687547251105,0.25658680729904443,0.3653696601130335,3819,,,True,ece,
wall-robot-navigation,tabicl,icl,label_noise,0.4,3046002576,train_only,True,low,True,ok,,0.9700671960904093,0.9978266812680057,0.5118634788005436,0.3692314512388587,0.35553243597492135,0.3128734952907215,3819,,,True,ece,
wall-robot-navigation,tabpfn_client,icl,label_noise,0.0,3575824225,train_only,True,low,True,ok,,0.984728161270617,0.9997680427213121,0.03392151067768445,0.024469197617078692,0.00863826502833756,0.4885596268522606,3819,,,False,,
wall-robot-navigation,tabpfn_client,icl,label_noise,0.05,2245426873,train_only,True,low,True,ok,,0.984728161270617,0.9997241659434527,0.07016302994828122,0.05061192768006457,0.039921939845134286,0.4744447159977548,3819,,,False,,
wall-robot-navigation,tabpfn_client,icl,label_noise,0.1,684414463,train_only,True,low,True,ok,,0.981062919975565,0.9995475678429987,0.12033468571620468,0.08680312716485024,0.07654177825110382,0.45565179294170843,3819,,,False,,
wall-robot-navigation,tabpfn_client,icl,label_noise,0.2,1583008180,train_only,True,low,True,ok,,0.981062919975565,0.9988160173709936,0.2306250169648607,0.1663607841400688,0.1666978698411005,0.4134972348659417,3819,,,True,ece,
wall-robot-navigation,tabpfn_client,icl,label_noise,0.3,2817189446,train_only,True,low,True,ok,,0.9718998167379352,0.9984539715364998,0.36209417382425185,0.26119573445551725,0.2571387093090589,0.3654574003499983,3819,,,True,ece,
wall-robot-navigation,tabpfn_client,icl,label_noise,0.4,3046002576,train_only,True,low,True,ok,,0.9627367135003054,0.9967766674310446,0.5244899738629675,0.37833954214404264,0.3520509840615948,0.3093702811703797,3819,,,True,ece,
