dataset_id,model,family,shift_axis,shift_lambda,seed,split_policy,clean_split_passed,leakage_risk_level,applicable,status,error_message,accuracy,auc,nll,nll_norm,ece,utility,n_train,best_gbdt,reference_utility,failed,failure_reason,metric_notes
GesturePhaseSegmentation,catboost,gbdt,covariate_shift,0.0,3769533927,test_only,True,low,True,ok,,0.6397704253882511,0.87123247130408,0.9522386353500565,0.5916591301803614,0.03663008368014782,0.21607317297452766,6911,catboost,0.21607317297452766,False,,
GesturePhaseSegmentation,catboost,gbdt,covariate_shift,0.05,576091290,test_only,True,low,True,ok,,0.3723835246455098,0.7498292424228373,1.6662065323597033,1.035272326746514,0.26678743500454566,-0.04564142148004379,6911,catboost,0.21607317297452766,True,utility_gap;ece;nll,
GesturePhaseSegmentation,catboost,gbdt,covariate_shift,0.1,1248011282,test_only,True,low,True,ok,,0.34402430790006755,0.6962282328928715,1.9555516964119009,1.2150525853180263,0.30807806021035505,-0.13084785993996373,6911,catboost,0.21607317297452766,True,utility_gap;ece;nll,
GesturePhaseSegmentation,catboost,gbdt,covariate_shift,0.2,1130171545,test_only,True,low,True,ok,,0.3163403106009453,0.6526271294400724,2.463796053695319,1.5308425597910111,0.389244495715496,-0.26123112518623537,6911,catboost,0.21607317297452766,True,utility_gap;ece;nll,
GesturePhaseSegmentation,catboost,gbdt,covariate_shift,0.3,895557003,test_only,True,low,True,ok,,0.299797434166104,0.5942133189331065,3.25075180265944,2.0198056585749433,0.465334231110641,-0.44606426704310825,6911,catboost,0.21607317297452766,True,utility_gap;ece;nll,
GesturePhaseSegmentation,catboost,gbdt,covariate_shift,0.4,1723381249,test_only,True,low,True,ok,,0.3099257258609048,0.6054434430356566,3.2567936338509194,2.0235596593629213,0.3902864504194462,-0.4267311239511501,6911,catboost,0.21607317297452766,True,utility_gap;ece;nll,
GesturePhaseSegmentation,hist_gbdt,gbdt,covariate_shift,0.0,3769533927,test_only,True,low,True,ok,,0.6549628629304524,0.8837679531210488,0.9122866745010529,0.5668355812007176,0.03516079062161908,0.23048038054739584,6911,catboost,0.21607317297452766,False,,
GesturePhaseSegmentation,hist_gbdt,gbdt,covariate_shift,0.05,576091290,test_only,True,low,True,ok,,0.4081701553004727,0.7872461651110058,1.4886695244935386,0.9249623815820813,0.19210884166287975,0.020851198276722584,6911,catboost,0.21607317297452766,True,utility_gap;ece;nll,
GesturePhaseSegmentation,hist_gbdt,gbdt,covariate_shift,0.1,1248011282,test_only,True,low,True,ok,,0.34908845374746794,0.7039358761431838,2.17746725407316,1.3529364738152445,0.3496625805719473,-0.17707263354672828,6911,catboost,0.21607317297452766,True,utility_gap;ece;nll,
GesturePhaseSegmentation,hist_gbdt,gbdt,covariate_shift,0.2,1130171545,test_only,True,low,True,ok,,0.3224172856178258,0.6486186416663242,2.8012877107414016,1.7405379164361536,0.40420345154287024,-0.32762294781353274,6911,catboost,0.21607317297452766,True,utility_gap;ece;nll,
GesturePhaseSegmentation,hist_gbdt,gbdt,covariate_shift,0.3,895557003,test_only,True,low,True,ok,,0.3099257258609048,0.6271829115268852,3.1783614197367687,1.9748269847389401,0.3882414974169442,-0.4040935169915253,6911,catboost,0.21607317297452766,True,utility_gap;ece;nll,
GesturePhaseSegmentation,hist_gbdt,gbdt,covariate_shift,0.4,1723381249,test_only,True,low,True,ok,,0.3116137744767049,0.5712724125470707,3.7204881243601235,2.3116692452791106,0.39915743718193164,-0.526644850457139,6911,catboost,0.21607317297452766,True,utility_gap;ece;nll,
GesturePhaseSegmentation,logreg,linear,covariate_shift,0.0,3769533927,test_only,True,low,True,ok,,0.47332883187035785,0.7609775998293586,1.2814597317783112,0.7962156985852548,0.04123121989505781,0.09023053116624115,6911,catboost,0.21607317297452766,True,utility_gap;nll,
GesturePhaseSegmentation,logreg,linear,covariate_shift,0.05,576091290,test_only,True,low,True,ok,,0.47400405131667794,0.7581337501250219,1.3105560215676488,0.8142942398974403,0.057266270419491436,0.08070589418812897,6911,catboost,0.21607317297452766,True,utility_gap;nll,
GesturePhaseSegmentation,logreg,linear,covariate_shift,0.1,1248011282,test_only,True,low,True,ok,,0.4385550303848751,0.7506103857835791,1.4009044322949988,0.8704308637642832,0.0644189288403821,0.05448384468462253,6911,catboost,0.21607317297452766,True,utility_gap;nll,
GesturePhaseSegmentation,logreg,linear,covariate_shift,0.2,1130171545,test_only,True,low,True,ok,,0.31802835921674544,0.7319867453080067,1.7278551601783196,1.0735767728778838,0.19094401877717804,-0.056362220878486594,6911,catboost,0.21607317297452766,True,utility_gap;ece;nll,
GesturePhaseSegmentation,logreg,linear,covariate_shift,0.3,895557003,test_only,True,low,True,ok,,0.3187035786630655,0.7162484128324872,2.169899458197503,1.3482343378600827,0.23222351507063943,-0.15242252308132237,6911,catboost,0.21607317297452766,True,utility_gap;ece;nll,
GesturePhaseSegmentation,logreg,linear,covariate_shift,0.4,1723381249,test_only,True,low,True,ok,,0.3173531397704254,0.7095555688943984,2.6598761949409595,1.6526740015203105,0.2548201973614374,-0.2508188198497774,6911,catboost,0.21607317297452766,True,utility_gap;ece;nll,
GesturePhaseSegmentation,tabicl,icl,covariate_shift,0.0,3769533927,test_only,True,low,True,ok,,0.5837272113436867,0.8360199168542177,1.056435174489614,0.6564000800079764,0.021905089966487802,0.17886501060483867,1000,catboost,0.21607317297452766,True,utility_gap,
GesturePhaseSegmentation,tabicl,icl,covariate_shift,0.05,576091290,test_only,True,low,True,ok,,0.3787981093855503,0.7612021758846085,1.4262576528963862,0.8861837054275217,0.1363409249240804,0.03011718135437298,1000,catboost,0.21607317297452766,True,utility_gap;ece;nll,
GesturePhaseSegmentation,tabicl,icl,covariate_shift,0.1,1248011282,test_only,True,low,True,ok,,0.3416610398379473,0.7116912050450881,1.8801282512281945,1.1681893639405476,0.2263713024273413,-0.09538999192615963,1000,catboost,0.21607317297452766,True,utility_gap;ece;nll,
GesturePhaseSegmentation,tabicl,icl,covariate_shift,0.2,1130171545,test_only,True,low,True,ok,,0.3149898717083052,0.660975363383035,2.1737320790484937,1.3506156790857249,0.32863305380788854,-0.19232145654698718,1000,catboost,0.21607317297452766,True,utility_gap;ece;nll,
GesturePhaseSegmentation,tabicl,icl,covariate_shift,0.3,895557003,test_only,True,low,True,ok,,0.31330182309250504,0.6573557522678748,2.5710639674380316,1.5974918619566854,0.3064837204723544,-0.2634745159238445,1000,catboost,0.21607317297452766,True,utility_gap;ece;nll,
GesturePhaseSegmentation,tabicl,icl,covariate_shift,0.4,1723381249,test_only,True,low,True,ok,,0.2859554355165429,0.6473435981212328,2.489222217132717,1.5466407233864885,0.41010401161834276,-0.27654944466970216,1000,catboost,0.21607317297452766,True,utility_gap;ece;nll,
GesturePhaseSegmentation,xgboost,gbdt,covariate_shift,0.0,3769533927,test_only,True,low,True,ok,,0.6704929101958136,0.889098428445655,0.9837875508641245,0.6112615735367216,0.11950335364020143,0.20447924369629447,6911,catboost,0.21607317297452766,True,ece,
GesturePhaseSegmentation,xgboost,gbdt,covariate_shift,0.05,576091290,test_only,True,low,True,ok,,0.38791357191087106,0.7603017758223539,1.9589330126849827,1.217153515243287,0.3493161882213743,-0.11071663489280646,6911,catboost,0.21607317297452766,True,utility_gap;ece;nll,
GesturePhaseSegmentation,xgboost,gbdt,covariate_shift,0.1,1248011282,test_only,True,low,True,ok,,0.3467251856853477,0.6696928732054366,2.963524556214139,1.8413413362011146,0.4443896880081594,-0.35487905498726124,6911,catboost,0.21607317297452766,True,utility_gap;ece;nll,
GesturePhaseSegmentation,xgboost,gbdt,covariate_shift,0.2,1130171545,test_only,True,low,True,ok,,0.3298446995273464,0.6356088071363871,3.5810647006607934,2.22504060143881,0.4798499443228388,-0.4915423818693734,6911,catboost,0.21607317297452766,True,utility_gap;ece;nll,
GesturePhaseSegmentation,xgboost,gbdt,covariate_shift,0.3,895557003,test_only,True,low,True,ok,,0.31296421336934505,0.573974828971618,4.324390573843668,2.6868949342093575,0.4936638779657406,-0.6569654337104873,6911,catboost,0.21607317297452766,True,utility_gap;ece;nll,
GesturePhaseSegmentation,xgboost,gbdt,covariate_shift,0.4,1723381249,test_only,True,low,True,ok,,0.30317353139770425,0.5433481327734172,4.35203829605451,2.7040734298799536,0.5181329690210575,-0.679200746587846,6911,catboost,0.21607317297452766,True,utility_gap;ece;nll,
GesturePhaseSegmentation,catboost,gbdt,label_noise,0.0,21559019,train_only,True,low,True,ok,,0.6397704253882511,0.87123247130408,0.9522386353500565,0.5916591301803614,0.03663008368014782,0.21607317297452766,6911,catboost,0.21607317297452766,False,,
GesturePhaseSegmentation,catboost,gbdt,label_noise,0.05,1868621072,train_only,True,low,True,ok,,0.6350438892640108,0.8633868721064772,0.9743580667899192,0.6054027056665443,0.019615086292236076,0.21189815966845815,6911,catboost,0.21607317297452766,False,,
GesturePhaseSegmentation,catboost,gbdt,label_noise,0.1,4024946937,train_only,True,low,True,ok,,0.6235651586765699,0.8587512441202192,0.9939722087385261,0.617589657270625,0.026688084800307686,0.20348319510231316,6911,catboost,0.21607317297452766,False,,
GesturePhaseSegmentation,catboost,gbdt,label_noise,0.2,948246684,train_only,True,low,True,ok,,0.5948683322079676,0.8361024238386323,1.0654216486039563,0.6619836903137329,0.04881225342463107,0.17350854039567037,6911,catboost,0.21607317297452766,True,utility_gap,
GesturePhaseSegmentation,catboost,gbdt,label_noise,0.3,1420310000,train_only,True,low,True,ok,,0.5617825793382849,0.8065872977167998,1.1497708464763559,0.714392793653936,0.05932107957843816,0.14039088708975422,6911,catboost,0.21607317297452766,True,utility_gap,
GesturePhaseSegmentation,catboost,gbdt,label_noise,0.4,2189272610,train_only,True,low,True,ok,,0.5303848750844025,0.7814321888660369,1.2265616498246863,0.762105602427151,0.0755379978909339,0.10931971705944124,6911,catboost,0.21607317297452766,True,utility_gap;nll,
GesturePhaseSegmentation,hist_gbdt,gbdt,label_noise,0.0,21559019,train_only,True,low,True,ok,,0.6549628629304524,0.8837679531210488,0.9122866745010529,0.5668355812007176,0.03516079062161908,0.23048038054739584,6911,catboost,0.21607317297452766,False,,
GesturePhaseSegmentation,hist_gbdt,gbdt,label_noise,0.05,1868621072,train_only,True,low,True,ok,,0.6350438892640108,0.8705336861277907,0.948101323352738,0.5890884737012548,0.027822901375360757,0.21765225114887976,6911,catboost,0.21607317297452766,False,,
GesturePhaseSegmentation,hist_gbdt,gbdt,label_noise,0.1,4024946937,train_only,True,low,True,ok,,0.6293045239702904,0.8617320434550756,0.975815226779993,0.6063080900736197,0.025536358292744595,0.20900219512418516,6911,catboost,0.21607317297452766,False,,
GesturePhaseSegmentation,hist_gbdt,gbdt,label_noise,0.2,948246684,train_only,True,low,True,ok,,0.611411208642809,0.8466655410872788,1.0235991209852686,0.6359978928526581,0.051356820103338564,0.18697388880050375,6911,catboost,0.21607317297452766,False,,
GesturePhaseSegmentation,hist_gbdt,gbdt,label_noise,0.3,1420310000,train_only,True,low,True,ok,,0.5975692099932478,0.8306139979922668,1.0881643768064087,0.6761145418531107,0.09275144181260508,0.1589656298778263,6911,catboost,0.21607317297452766,True,utility_gap,
GesturePhaseSegmentation,hist_gbdt,gbdt,label_noise,0.4,2189272610,train_only,True,low,True,ok,,0.5395003376097232,0.7876687259341673,1.206660162075127,0.7497401128386396,0.0883770465606462,0.11401166155469589,6911,catboost,0.21607317297452766,True,utility_gap,
GesturePhaseSegmentation,logreg,linear,label_noise,0.0,21559019,train_only,True,low,True,ok,,0.47332883187035785,0.7609775998293586,1.2814597317783112,0.7962156985852548,0.04123121989505781,0.09023053116624115,6911,catboost,0.21607317297452766,True,utility_gap;nll,
GesturePhaseSegmentation,logreg,linear,label_noise,0.05,1868621072,train_only,True,low,True,ok,,0.4716407832545577,0.7589005821448606,1.285609723121506,0.7987942331849016,0.04327622524202416,0.08806780623500955,6911,catboost,0.21607317297452766,True,utility_gap;nll,
GesturePhaseSegmentation,logreg,linear,label_noise,0.1,4024946937,train_only,True,low,True,ok,,0.4669142471303174,0.7554390268872883,1.3000157485249046,0.8077452000361864,0.052587328874971466,0.08159977069424829,6911,catboost,0.21607317297452766,True,utility_gap;nll,
GesturePhaseSegmentation,logreg,linear,label_noise,0.2,948246684,train_only,True,low,True,ok,,0.462525320729237,0.7489826895638492,1.326974720250734,0.8244957509692491,0.0798224405194173,0.06820952606207453,6911,catboost,0.21607317297452766,True,utility_gap;nll,
GesturePhaseSegmentation,logreg,linear,label_noise,0.3,1420310000,train_only,True,low,True,ok,,0.44564483457123566,0.7412743401590974,1.3667149166181092,0.8491877232785582,0.10140723997558711,0.05125497926268459,6911,catboost,0.21607317297452766,True,utility_gap;ece;nll,
GesturePhaseSegmentation,logreg,linear,label_noise,0.4,2189272610,train_only,True,low,True,ok,,0.43990546927751517,0.7280023323602316,1.4170037944152802,0.8804339598737398,0.13395816656794746,0.029864815441996848,6911,catboost,0.21607317297452766,True,utility_gap;ece;nll,
GesturePhaseSegmentation,tabicl,icl,label_noise,0.0,21559019,train_only,True,low,True,ok,,0.5837272113436867,0.8360199168542177,1.056435174489614,0.6564000800079764,0.021905089966487802,0.17886501060483867,1000,catboost,0.21607317297452766,True,utility_gap,
GesturePhaseSegmentation,tabicl,icl,label_noise,0.05,1868621072,train_only,True,low,True,ok,,0.5584064821066846,0.8276146635970901,1.0875086794357112,0.6757071341701975,0.017725350108044564,0.1671688943023161,1000,catboost,0.21607317297452766,True,utility_gap,
GesturePhaseSegmentation,tabicl,icl,label_noise,0.1,4024946937,train_only,True,low,True,ok,,0.5546927751519244,0.822741098730134,1.1155756118386493,0.6931460997780661,0.02599360034985231,0.15802075082494527,1001,catboost,0.21607317297452766,True,utility_gap,
GesturePhaseSegmentation,tabicl,icl,label_noise,0.2,948246684,train_only,True,low,True,ok,,0.5340985820391627,0.8076840008415525,1.1699977100370187,0.7269604506007468,0.07850402093980147,0.1290152482322334,1000,catboost,0.21607317297452766,True,utility_gap,
GesturePhaseSegmentation,tabicl,icl,label_noise,0.3,1420310000,train_only,True,low,True,ok,,0.5182309250506415,0.7846974059594649,1.2492905772476837,0.7762278790601292,0.09850783880237436,0.09980879936489528,1000,catboost,0.21607317297452766,True,utility_gap;nll,
GesturePhaseSegmentation,tabicl,icl,label_noise,0.4,2189272610,train_only,True,low,True,ok,,0.513166779203241,0.7700704524120632,1.3179204006492065,0.8188699858921521,0.158903563975105,0.06905796666204159,999,catboost,0.21607317297452766,True,utility_gap;ece;nll,
GesturePhaseSegmentation,xgboost,gbdt,label_noise,0.0,21559019,train_only,True,low,True,ok,,0.6704929101958136,0.889098428445655,0.9837875508641245,0.6112615735367216,0.11950335364020143,0.20447924369629447,6911,catboost,0.21607317297452766,True,ece,
GesturePhaseSegmentation,xgboost,gbdt,label_noise,0.05,1868621072,train_only,True,low,True,ok,,0.6600270087778528,0.8803755155479388,0.979704482983489,0.6087246208223045,0.10277905364539677,0.20396228478268577,6911,catboost,0.21607317297452766,True,ece,
GesturePhaseSegmentation,xgboost,gbdt,label_noise,0.1,4024946937,train_only,True,low,True,ok,,0.6468602295746118,0.8741585718076857,0.9821670456094155,0.6102546970103335,0.09029741320631664,0.2018486428245184,6911,catboost,0.21607317297452766,False,,
GesturePhaseSegmentation,xgboost,gbdt,label_noise,0.2,948246684,train_only,True,low,True,ok,,0.6225523295070898,0.8521430461299117,1.0078793245306046,0.6262306341512089,0.060735762472043445,0.19161657283176114,6911,catboost,0.21607317297452766,False,,
GesturePhaseSegmentation,xgboost,gbdt,label_noise,0.3,1420310000,train_only,True,low,True,ok,,0.599594868332208,0.8266446732202052,1.0834033089158155,0.6731563240468752,0.03906694090907287,0.16950458048102587,6911,catboost,0.21607317297452766,True,utility_gap,
GesturePhaseSegmentation,xgboost,gbdt,label_noise,0.4,2189272610,train_only,True,low,True,ok,,0.5411883862255233,0.7890538282547495,1.203142095858929,0.7475542153964219,0.03482659180056671,0.1261155148439509,6911,catboost,0.21607317297452766,True,utility_gap,
MiceProtein,catboost,gbdt,covariate_shift,0.0,1840962595,test_only,True,low,True,ok,,0.9814814814814815,0.9998149849810879,0.0951854412274478,0.045774521341222285,0.055078958066244486,0.47240931894998733,756,catboost,0.47240931894998733,False,,
MiceProtein,catboost,gbdt,covariate_shift,0.05,2751999018,test_only,True,low,True,ok,,0.9691358024691358,0.9996363874900869,0.15529479810001773,0.07468101169824948,0.08233878438101613,0.45637104560622266,756,catboost,0.47240931894998733,False,,
MiceProtein,catboost,gbdt,covariate_shift,0.1,3829923467,test_only,True,low,True,ok,,0.8950617283950617,0.9958687783153581,0.33643102828700416,0.1617891253702785,0.07277289777302326,0.41972201450394636,756,catboost,0.47240931894998733,True,utility_gap,
MiceProtein,catboost,gbdt,covariate_shift,0.2,192904173,test_only,True,low,True,ok,,0.5339506172839507,0.9359081517087051,1.2631697776250181,0.6074562579934761,0.16948838952874684,0.19152589038684714,756,catboost,0.47240931894998733,True,utility_gap;ece,
MiceProtein,catboost,gbdt,covariate_shift,0.3,4159115833,test_only,True,low,True,ok,,0.345679012345679,0.8561637662680517,2.037173945562406,0.9796735828970288,0.3407921638158132,-0.010551337586601317,756,catboost,0.47240931894998733,True,utility_gap;ece;nll,
MiceProtein,catboost,gbdt,covariate_shift,0.4,1313214229,test_only,True,low,True,ok,,0.19444444444444445,0.7823905202079151,2.3580741297985885,1.1339939510363273,0.4347466266856041,-0.12414416190858205,756,catboost,0.47240931894998733,True,utility_gap;ece;nll,
MiceProtein,hist_gbdt,gbdt,covariate_shift,0.0,1840962595,test_only,True,low,True,ok,,0.9475308641975309,0.9979587687233378,0.20823013408297977,0.10013752726838629,0.03445721683005557,0.4544824971362708,756,catboost,0.47240931894998733,False,,
MiceProtein,hist_gbdt,gbdt,covariate_shift,0.05,2751999018,test_only,True,low,True,ok,,0.8981481481481481,0.9955767498751811,0.3471330256862192,0.1669356982287632,0.06950969838371523,0.4191914355331636,756,catboost,0.47240931894998733,True,utility_gap,
MiceProtein,hist_gbdt,gbdt,covariate_shift,0.1,3829923467,test_only,True,low,True,ok,,0.7592592592592593,0.9799352672395547,0.874507092337125,0.4205490151123324,0.1401734695463323,0.30266683397976685,756,catboost,0.47240931894998733,True,utility_gap;ece,
MiceProtein,hist_gbdt,gbdt,covariate_shift,0.2,192904173,test_only,True,low,True,ok,,0.38271604938271603,0.8488066373902943,3.550613939406235,1.7074843741642005,0.505383907699974,-0.2588323632952446,756,catboost,0.47240931894998733,True,utility_gap;ece;nll,
MiceProtein,hist_gbdt,gbdt,covariate_shift,0.3,4159115833,test_only,True,low,True,ok,,0.17901234567901234,0.7073575273171682,7.051471840999574,3.3910411519927517,0.7901850092201688,-0.9009223610289986,756,catboost,0.47240931894998733,True,utility_gap;ece;nll,
MiceProtein,hist_gbdt,gbdt,covariate_shift,0.4,1313214229,test_only,True,low,True,ok,,0.12962962962962962,0.6844774910274384,8.330747868345096,4.006242878852591,0.8573110622203,-1.1143235097957893,756,catboost,0.47240931894998733,True,utility_gap;ece;nll,
MiceProtein,logreg,linear,covariate_shift,0.0,1840962595,test_only,True,low,True,ok,,0.9907407407407407,0.9990509766492264,0.07992257018605488,0.03843463188750717,0.04643404840173187,0.4774617536917418,756,catboost,0.47240931894998733,False,,
MiceProtein,logreg,linear,covariate_shift,0.05,2751999018,test_only,True,low,True,ok,,0.9907407407407407,0.9990399731280997,0.08282033497191613,0.0398281621829154,0.046971222880984875,0.47693240847487445,756,catboost,0.47240931894998733,False,,
MiceProtein,logreg,linear,covariate_shift,0.1,3829923467,test_only,True,low,True,ok,,0.9876543209876543,0.9989980537003423,0.09314415321721287,0.044792869311424933,0.04805105101774572,0.47474939594629134,756,catboost,0.47240931894998733,False,,
MiceProtein,logreg,linear,covariate_shift,0.2,192904173,test_only,True,low,True,ok,,0.9629629629629629,0.9988515661483899,0.13974261889773057,0.06720199442819742,0.05096796892925769,0.4636883004820701,756,catboost,0.47240931894998733,False,,
MiceProtein,logreg,linear,covariate_shift,0.3,4159115833,test_only,True,low,True,ok,,0.9228395061728395,0.9985785034299888,0.23088437357273475,0.1110319135907131,0.03497103928856102,0.44762462019149585,756,catboost,0.47240931894998733,False,,
MiceProtein,logreg,linear,covariate_shift,0.4,1313214229,test_only,True,low,True,ok,,0.8611111111111112,0.9982233405200422,0.38164411436060847,0.1835320237241701,0.05264616218762977,0.41295599629390445,756,catboost,0.47240931894998733,True,utility_gap,
MiceProtein,tabicl,icl,covariate_shift,0.0,1840962595,test_only,True,low,True,ok,,0.9969135802469136,1.0,0.005196722982821059,0.0024990954920632146,0.0024859780302344796,0.49829011278337115,756,catboost,0.47240931894998733,False,,
MiceProtein,tabicl,icl,covariate_shift,0.05,2751999018,test_only,True,low,True,ok,,0.9969135802469136,1.0,0.005219179930336269,0.002509895001001114,0.002506787049031811,0.49828271112693034,756,catboost,0.47240931894998733,False,,
MiceProtein,tabicl,icl,covariate_shift,0.1,3829923467,test_only,True,low,True,ok,,0.9969135802469136,1.0,0.008227375544465468,0.003956531299177155,0.002948496067035868,0.49776037843387666,756,catboost,0.47240931894998733,False,,
MiceProtein,tabicl,icl,covariate_shift,0.2,192904173,test_only,True,low,True,ok,,0.9938271604938271,0.9998705694942254,0.026334684219136224,0.012664306108774892,0.005413445071217447,0.49414679255017696,756,catboost,0.47240931894998733,False,,
MiceProtein,tabicl,icl,covariate_shift,0.3,4159115833,test_only,True,low,True,ok,,0.9783950617283951,0.9989535787254391,0.1056972421789603,0.050829629042408606,0.04862854643164303,0.47141841381411176,756,catboost,0.47240931894998733,False,,
MiceProtein,tabicl,icl,covariate_shift,0.4,1313214229,test_only,True,low,True,ok,,0.9537037037037037,0.9955967324336712,0.2622437307667931,0.12611257662715764,0.12548713065328884,0.4285832127885354,756,catboost,0.47240931894998733,True,utility_gap;ece,
MiceProtein,xgboost,gbdt,covariate_shift,0.0,1840962595,test_only,True,low,True,ok,,0.941358024691358,0.997753541526742,0.1867699210682768,0.08981734630414204,0.02634475588656964,0.45820328816950684,756,catboost,0.47240931894998733,False,,
MiceProtein,xgboost,gbdt,covariate_shift,0.05,2751999018,test_only,True,low,True,ok,,0.8981481481481481,0.995037552294999,0.3006098676616667,0.14456278843925804,0.0303439498501902,0.4335477390236564,756,catboost,0.47240931894998733,True,utility_gap,
MiceProtein,xgboost,gbdt,covariate_shift,0.1,3829923467,test_only,True,low,True,ok,,0.7438271604938271,0.9766118249723106,0.748302078127308,0.35985723240039097,0.08524222663969436,0.32838259776632656,756,catboost,0.47240931894998733,True,utility_gap,
MiceProtein,xgboost,gbdt,covariate_shift,0.2,192904173,test_only,True,low,True,ok,,0.404320987654321,0.8802465851137841,2.038864248097651,0.9804864465920955,0.3805022375680227,-0.0015119285532605858,756,catboost,0.47240931894998733,True,utility_gap;ece;nll,
MiceProtein,xgboost,gbdt,covariate_shift,0.3,4159115833,test_only,True,low,True,ok,,0.2191358024691358,0.7597638184146449,3.404890639444169,1.6374062800984517,0.6368594429988743,-0.3198060658138142,756,catboost,0.47240931894998733,True,utility_gap;ece;nll,
MiceProtein,xgboost,gbdt,covariate_shift,0.4,1313214229,test_only,True,low,True,ok,,0.14506172839506173,0.7067113662736644,3.9636920968365152,1.9061329772389393,0.7323758518504454,-0.449206826086729,756,catboost,0.47240931894998733,True,utility_gap;ece;nll,
MiceProtein,catboost,gbdt,label_noise,0.0,1806994671,train_only,True,low,True,ok,,0.9814814814814815,0.9998149849810879,0.0951854412274478,0.045774521341222285,0.055078958066244486,0.47240931894998733,756,catboost,0.47240931894998733,False,,
MiceProtein,catboost,gbdt,label_noise,0.05,180589592,train_only,True,low,True,ok,,0.9660493827160493,0.9995976961794335,0.18085748626197148,0.08697406617926337,0.11495485292971823,0.44568341063048644,756,catboost,0.47240931894998733,True,ece,
MiceProtein,catboost,gbdt,label_noise,0.1,2534801200,train_only,True,low,True,ok,,0.941358024691358,0.9979844840554166,0.25982587123807876,0.1249498319766102,0.11911474269813503,0.4291903749904894,756,catboost,0.47240931894998733,True,utility_gap;ece,
MiceProtein,catboost,gbdt,label_noise,0.2,3311274085,train_only,True,low,True,ok,,0.904320987654321,0.9914573847556578,0.44939027147599137,0.2161110386940526,0.17910766635506964,0.3820033879333986,756,catboost,0.47240931894998733,True,utility_gap;ece,
MiceProtein,catboost,gbdt,label_noise,0.3,2581586098,train_only,True,low,True,ok,,0.8641975308641975,0.9862214958525948,0.5910798034725271,0.284249300413146,0.20511559438925983,0.348509244176242,756,catboost,0.47240931894998733,True,utility_gap;ece,
MiceProtein,catboost,gbdt,label_noise,0.4,3498261245,train_only,True,low,True,ok,,0.8148148148148148,0.9815771510601776,0.709536257117072,0.34121481315790547,0.21857439870908152,0.3196949014040964,756,catboost,0.47240931894998733,True,utility_gap;ece,
MiceProtein,hist_gbdt,gbdt,label_noise,0.0,1806994671,train_only,True,low,True,ok,,0.9475308641975309,0.9979587687233378,0.20823013408297977,0.10013752726838629,0.03445721683005557,0.4544824971362708,756,catboost,0.47240931894998733,False,,
MiceProtein,hist_gbdt,gbdt,label_noise,0.05,180589592,train_only,True,low,True,ok,,0.9753086419753086,0.9994018929255811,0.08492655055352294,0.0408410377744578,0.01649647194331282,0.4805353530992498,756,catboost,0.47240931894998733,False,,
MiceProtein,hist_gbdt,gbdt,label_noise,0.1,2534801200,train_only,True,low,True,ok,,0.9259259259259259,0.9969197940033995,0.23749578138116076,0.11421132867688336,0.037367933277539296,0.44607383153150587,756,catboost,0.47240931894998733,False,,
MiceProtein,hist_gbdt,gbdt,label_noise,0.2,3311274085,train_only,True,low,True,ok,,0.8641975308641975,0.9883850565971033,0.43037042853248253,0.20696442766302356,0.07927054478466665,0.3976209621827753,756,catboost,0.47240931894998733,True,utility_gap,
MiceProtein,hist_gbdt,gbdt,label_noise,0.3,2581586098,train_only,True,low,True,ok,,0.8672839506172839,0.9862529680380634,0.4520820506949628,0.21740551087084528,0.048476482623236186,0.40036418162001397,756,catboost,0.47240931894998733,True,utility_gap,
MiceProtein,hist_gbdt,gbdt,label_noise,0.4,3498261245,train_only,True,low,True,ok,,0.7685185185185185,0.9697744544513089,0.7065892070653107,0.3397975816595962,0.07656548525090448,0.3374464652876761,756,catboost,0.47240931894998733,True,utility_gap,
MiceProtein,logreg,linear,label_noise,0.0,1806994671,train_only,True,low,True,ok,,0.9907407407407407,0.9990509766492264,0.07992257018605488,0.03843463188750717,0.04643404840173187,0.4774617536917418,756,catboost,0.47240931894998733,False,,
MiceProtein,logreg,linear,label_noise,0.05,180589592,train_only,True,low,True,ok,,0.9567901234567902,0.9978293057990513,0.18715146427254756,0.0900008298003708,0.08331443862482096,0.44909563888311105,756,catboost,0.47240931894998733,False,,
MiceProtein,logreg,linear,label_noise,0.1,2534801200,train_only,True,low,True,ok,,0.904320987654321,0.9931517275231028,0.3331896820384514,0.1602303673174148,0.09182807500750047,0.41681652758450966,756,catboost,0.47240931894998733,True,utility_gap,
MiceProtein,logreg,linear,label_noise,0.2,3311274085,train_only,True,low,True,ok,,0.8364197530864198,0.9795344005743837,0.5747196270408327,0.2763817186111213,0.14769576988708602,0.35584633360324364,756,catboost,0.47240931894998733,True,utility_gap;ece,
MiceProtein,logreg,linear,label_noise,0.3,2581586098,train_only,True,low,True,ok,,0.8641975308641975,0.9775451760351705,0.638090635915416,0.3068567320242853,0.2181995998664311,0.33607350166136757,756,catboost,0.47240931894998733,True,utility_gap;ece,
MiceProtein,logreg,linear,label_noise,0.4,3498261245,train_only,True,low,True,ok,,0.7098765432098766,0.9397424847683957,0.9831787424396642,0.4728090320083837,0.1582622924937845,0.2618961830491479,756,catboost,0.47240931894998733,True,utility_gap;ece,
MiceProtein,tabicl,icl,label_noise,0.0,1806994671,train_only,True,low,True,ok,,0.9969135802469136,1.0,0.005196722982821059,0.0024990954920632146,0.0024859780302344796,0.49829011278337115,756,catboost,0.47240931894998733,False,,
MiceProtein,tabicl,icl,label_noise,0.05,180589592,train_only,True,low,True,ok,,0.9969135802469136,1.0,0.0357449151364483,0.01718967060145027,0.03255780655000222,0.48786857454660143,756,catboost,0.47240931894998733,False,,
MiceProtein,tabicl,icl,label_noise,0.1,2534801200,train_only,True,low,True,ok,,0.9938271604938271,0.9999601752289924,0.09936158104420656,0.04778282007578788,0.08058667749054663,0.4686079538833756,756,catboost,0.47240931894998733,False,,
MiceProtein,tabicl,icl,label_noise,0.2,3311274085,train_only,True,low,True,ok,,0.9938271604938271,0.9999900438072481,0.19769010238646714,0.09506884344859587,0.16488743878153725,0.4375724486157247,756,catboost,0.47240931894998733,True,utility_gap;ece,
MiceProtein,tabicl,icl,label_noise,0.3,2581586098,train_only,True,low,True,ok,,0.9876543209876543,0.9997961697404658,0.35814850907509144,0.1722330259814701,0.2723529665578809,0.39193630645129396,756,catboost,0.47240931894998733,True,utility_gap;ece,
MiceProtein,tabicl,icl,label_noise,0.4,3498261245,train_only,True,low,True,ok,,0.9876543209876543,0.999893106773857,0.5512222093487295,0.26508184928509004,0.39172517083652336,0.34024114656616644,756,catboost,0.47240931894998733,True,utility_gap;ece,
MiceProtein,xgboost,gbdt,label_noise,0.0,1806994671,train_only,True,low,True,ok,,0.941358024691358,0.997753541526742,0.1867699210682768,0.08981734630414204,0.02634475588656964,0.45820328816950684,756,catboost,0.47240931894998733,False,,
MiceProtein,xgboost,gbdt,label_noise,0.05,180589592,train_only,True,low,True,ok,,0.9506172839506173,0.9981725644570358,0.15978845126620841,0.07684200207769556,0.02793554449992918,0.46331328062926064,756,catboost,0.47240931894998733,False,,
MiceProtein,xgboost,gbdt,label_noise,0.1,2534801200,train_only,True,low,True,ok,,0.9197530864197531,0.996289596240266,0.22869198552708447,0.10997759780365847,0.04302067258360134,0.44506690778923824,756,catboost,0.47240931894998733,False,,
MiceProtein,xgboost,gbdt,label_noise,0.2,3311274085,train_only,True,low,True,ok,,0.8827160493827161,0.9886594361177009,0.3700735595721676,0.1779677630529642,0.041762202744982935,0.4166954405837169,756,catboost,0.47240931894998733,True,utility_gap,
MiceProtein,xgboost,gbdt,label_noise,0.3,2581586098,train_only,True,low,True,ok,,0.8487654320987654,0.9858675635140753,0.4378222714786824,0.21054800661767886,0.063275442908584,0.39654897147772067,756,catboost,0.47240931894998733,True,utility_gap,
MiceProtein,xgboost,gbdt,label_noise,0.4,3498261245,train_only,True,low,True,ok,,0.7716049382716049,0.9687201823344007,0.6715165772103232,0.322931211938688,0.058046436029049985,0.3463041537703645,756,catboost,0.47240931894998733,True,utility_gap,
PhishingWebsites,catboost,gbdt,covariate_shift,0.0,244430498,test_only,False,high,True,ok,,0.9752788664455834,0.9970553462316166,0.07074486407901166,0.1020632645751539,0.01424501672867393,0.46179321842962234,7738,xgboost,0.4636952683664493,False,,
PhishingWebsites,catboost,gbdt,covariate_shift,0.05,2225126729,test_only,False,high,True,ok,,0.9728670485378353,0.9971010169092,0.07021246768349414,0.10129517893555359,0.011583100410193602,0.46221023943619055,7738,xgboost,0.4636952683664493,False,,
PhishingWebsites,catboost,gbdt,covariate_shift,0.1,3147618039,test_only,False,high,True,ok,,0.9737714802532409,0.9971422678437916,0.06986193769144186,0.10078947105433693,0.013862836482098306,0.4620561071705924,7738,xgboost,0.4636952683664493,False,,
PhishingWebsites,catboost,gbdt,covariate_shift,0.2,2063309081,test_only,False,high,True,ok,,0.9734700030147724,0.997261232592658,0.06871397198613512,0.0991333066241803,0.013817220563707764,0.46255849575965047,7738,xgboost,0.4636952683664493,False,,
PhishingWebsites,catboost,gbdt,covariate_shift,0.3,2757184592,test_only,False,high,True,ok,,0.9755803436840519,0.9969669513717777,0.0705090455212466,0.10172305031131663,0.013135558940699708,0.462131457651195,7738,xgboost,0.4636952683664493,False,,
PhishingWebsites,catboost,gbdt,covariate_shift,0.4,712995845,test_only,False,high,True,ok,,0.9731685257763039,0.9971157493858399,0.06952351415593559,0.10030122909794192,0.010802268968986499,0.46271496862830963,7738,xgboost,0.4636952683664493,False,,
PhishingWebsites,hist_gbdt,gbdt,covariate_shift,0.0,244430498,test_only,False,high,True,ok,,0.9728670485378353,0.9963632881414614,0.07717884653533481,0.1113455391580579,0.013400241440055203,0.45857349809475834,7738,xgboost,0.4636952683664493,False,,
PhishingWebsites,hist_gbdt,gbdt,covariate_shift,0.05,2225126729,test_only,False,high,True,ok,,0.9728670485378353,0.9963632881414614,0.07717884653533481,0.1113455391580579,0.013400241440055203,0.45857349809475834,7738,xgboost,0.4636952683664493,False,,
PhishingWebsites,hist_gbdt,gbdt,covariate_shift,0.1,3147618039,test_only,False,high,True,ok,,0.9728670485378353,0.9963632881414614,0.07717884653533481,0.1113455391580579,0.013400241440055203,0.45857349809475834,7738,xgboost,0.4636952683664493,False,,
PhishingWebsites,hist_gbdt,gbdt,covariate_shift,0.2,2063309081,test_only,False,high,True,ok,,0.9728670485378353,0.9963632881414614,0.07717884653533481,0.1113455391580579,0.013400241440055203,0.45857349809475834,7738,xgboost,0.4636952683664493,False,,
PhishingWebsites,hist_gbdt,gbdt,covariate_shift,0.3,2757184592,test_only,False,high,True,ok,,0.9728670485378353,0.9963632881414614,0.07717884653533481,0.1113455391580579,0.013400241440055203,0.45857349809475834,7738,xgboost,0.4636952683664493,False,,
PhishingWebsites,hist_gbdt,gbdt,covariate_shift,0.4,712995845,test_only,False,high,True,ok,,0.9728670485378353,0.9963632881414614,0.07717884653533481,0.1113455391580579,0.013400241440055203,0.45857349809475834,7738,xgboost,0.4636952683664493,False,,
PhishingWebsites,logreg,linear,covariate_shift,0.0,244430498,test_only,False,high,True,ok,,0.9460355743141393,0.9890220950318406,0.1336426093084626,0.19280552970078024,0.012525834693892644,0.4277162435592525,7738,xgboost,0.4636952683664493,True,utility_gap,
PhishingWebsites,logreg,linear,covariate_shift,0.05,2225126729,test_only,False,high,True,ok,,0.9460355743141393,0.9890220950318406,0.1336426093084626,0.19280552970078024,0.012525834693892644,0.4277162435592525,7738,xgboost,0.4636952683664493,True,utility_gap,
PhishingWebsites,logreg,linear,covariate_shift,0.1,3147618039,test_only,False,high,True,ok,,0.9460355743141393,0.9890220950318406,0.1336426093084626,0.19280552970078024,0.012525834693892644,0.4277162435592525,7738,xgboost,0.4636952683664493,True,utility_gap,
PhishingWebsites,logreg,linear,covariate_shift,0.2,2063309081,test_only,False,high,True,ok,,0.9460355743141393,0.9890220950318406,0.1336426093084626,0.19280552970078024,0.012525834693892644,0.4277162435592525,7738,xgboost,0.4636952683664493,True,utility_gap,
PhishingWebsites,logreg,linear,covariate_shift,0.3,2757184592,test_only,False,high,True,ok,,0.9460355743141393,0.9890220950318406,0.1336426093084626,0.19280552970078024,0.012525834693892644,0.4277162435592525,7738,xgboost,0.4636952683664493,True,utility_gap,
PhishingWebsites,logreg,linear,covariate_shift,0.4,712995845,test_only,False,high,True,ok,,0.9460355743141393,0.9890220950318406,0.1336426093084626,0.19280552970078024,0.012525834693892644,0.4277162435592525,7738,xgboost,0.4636952683664493,True,utility_gap,
PhishingWebsites,tabicl,icl,covariate_shift,0.0,244430498,test_only,False,high,True,ok,,0.9478444377449503,0.9918941913527729,0.11416056781053951,0.1646988850453336,0.006898794398740365,0.43855020824186486,1000,xgboost,0.4636952683664493,False,,
PhishingWebsites,tabicl,icl,covariate_shift,0.05,2225126729,test_only,False,high,True,ok,,0.9562858004220681,0.9931862295540848,0.10786530506582243,0.1556167407024372,0.013389846447955022,0.4416950589069176,1000,xgboost,0.4636952683664493,False,,
PhishingWebsites,tabicl,icl,covariate_shift,0.1,3147618039,test_only,False,high,True,ok,,0.9463370515526078,0.9899999631688083,0.13073206109720542,0.18860649623013123,0.010415922703558159,0.42978541143222304,1000,xgboost,0.4636952683664493,True,utility_gap,
PhishingWebsites,tabicl,icl,covariate_shift,0.2,2063309081,test_only,False,high,True,ok,,0.9559843231835996,0.9926429694779916,0.10884738908438524,0.15703358844575407,0.011280874934940205,0.4414564362741227,1000,xgboost,0.4636952683664493,False,,
PhishingWebsites,tabicl,icl,covariate_shift,0.3,2757184592,test_only,False,high,True,ok,,0.9493518239372928,0.9906161490042688,0.12186688411134164,0.1758167493560226,0.009207312419566223,0.43453193845136795,1000,xgboost,0.4636952683664493,False,,
PhishingWebsites,tabicl,icl,covariate_shift,0.4,712995845,test_only,False,high,True,ok,,0.9514621646065722,0.9916420818462739,0.11526504364674643,0.166292306857011,0.005548079758207427,0.4387967453284368,1000,xgboost,0.4636952683664493,False,,
PhishingWebsites,xgboost,gbdt,covariate_shift,0.0,244430498,test_only,False,high,True,ok,,0.970756707868556,0.9968818713191828,0.06816447257732826,0.09834054655212322,0.006623644049555,0.4636952683664493,7738,xgboost,0.4636952683664493,False,,
PhishingWebsites,xgboost,gbdt,covariate_shift,0.05,2225126729,test_only,False,high,True,ok,,0.970756707868556,0.9968818713191828,0.06816447257732826,0.09834054655212322,0.006623644049555,0.4636952683664493,7738,xgboost,0.4636952683664493,False,,
PhishingWebsites,xgboost,gbdt,covariate_shift,0.1,3147618039,test_only,False,high,True,ok,,0.970756707868556,0.9968818713191828,0.06816447257732826,0.09834054655212322,0.006623644049555,0.4636952683664493,7738,xgboost,0.4636952683664493,False,,
PhishingWebsites,xgboost,gbdt,covariate_shift,0.2,2063309081,test_only,False,high,True,ok,,0.970756707868556,0.9968818713191828,0.06816447257732826,0.09834054655212322,0.006623644049555,0.4636952683664493,7738,xgboost,0.4636952683664493,False,,
PhishingWebsites,xgboost,gbdt,covariate_shift,0.3,2757184592,test_only,False,high,True,ok,,0.970756707868556,0.9968818713191828,0.06816447257732826,0.09834054655212322,0.006623644049555,0.4636952683664493,7738,xgboost,0.4636952683664493,False,,
PhishingWebsites,xgboost,gbdt,covariate_shift,0.4,712995845,test_only,False,high,True,ok,,0.970756707868556,0.9968818713191828,0.06816447257732826,0.09834054655212322,0.006623644049555,0.4636952683664493,7738,xgboost,0.4636952683664493,False,,
PhishingWebsites,catboost,gbdt,label_noise,0.0,3617682713,train_only,False,high,True,ok,,0.9752788664455834,0.9970553462316166,0.07074486407901166,0.1020632645751539,0.01424501672867393,0.46179321842962234,7738,xgboost,0.4636952683664493,False,,
PhishingWebsites,catboost,gbdt,label_noise,0.05,2717091300,train_only,False,high,True,ok,,0.9668375037684654,0.9951706941574682,0.12779753103288388,0.184372864258995,0.05822662460235964,0.42637818432221325,7738,xgboost,0.4636952683664493,True,utility_gap,
PhishingWebsites,catboost,gbdt,label_noise,0.1,2527007331,train_only,False,high,True,ok,,0.9550798914681942,0.9927475700621342,0.1801590979144553,0.25991463713221385,0.09520919577851493,0.39370740294660894,7738,xgboost,0.4636952683664493,True,utility_gap,
PhishingWebsites,catboost,gbdt,label_noise,0.2,218607294,train_only,False,high,True,ok,,0.9457340970756708,0.9822160591361614,0.3040341047871779,0.438628495237577,0.17896877163573308,0.3182534323605874,7738,xgboost,0.4636952683664493,True,utility_gap;ece,
PhishingWebsites,catboost,gbdt,label_noise,0.3,234636267,train_only,False,high,True,ok,,0.8968947844437745,0.9554158425687546,0.42551730027370344,0.613891698917332,0.2108354846590166,0.24259515595862735,7738,xgboost,0.4636952683664493,True,utility_gap;ece,
PhishingWebsites,catboost,gbdt,label_noise,0.4,1195819797,train_only,False,high,True,ok,,0.7946940006029545,0.8533879171592839,0.5561153991558077,0.8023049285240702,0.17311395781947073,0.14257560097507727,7738,xgboost,0.4636952683664493,True,utility_gap;ece;nll,
PhishingWebsites,hist_gbdt,gbdt,label_noise,0.0,3617682713,train_only,False,high,True,ok,,0.9728670485378353,0.9963632881414614,0.07717884653533481,0.1113455391580579,0.013400241440055203,0.45857349809475834,7738,xgboost,0.4636952683664493,False,,
PhishingWebsites,hist_gbdt,gbdt,label_noise,0.05,2717091300,train_only,False,high,True,ok,,0.9650286403376545,0.9951325738741625,0.13341562901722118,0.19247806636022669,0.06098702519579971,0.42310987195937705,7738,xgboost,0.4636952683664493,True,utility_gap,
PhishingWebsites,hist_gbdt,gbdt,label_noise,0.1,2527007331,train_only,False,high,True,ok,,0.9593005728067531,0.9931414796562914,0.18416272506348866,0.2656906501656927,0.09850810869545512,0.3920857870119161,7738,xgboost,0.4636952683664493,True,utility_gap,
PhishingWebsites,hist_gbdt,gbdt,label_noise,0.2,218607294,train_only,False,high,True,ok,,0.9469400060295448,0.9873519846487593,0.29942941000915757,0.4319853249165198,0.182114288965511,0.3215957402634393,7738,xgboost,0.4636952683664493,True,utility_gap;ece,
PhishingWebsites,hist_gbdt,gbdt,label_noise,0.3,234636267,train_only,False,high,True,ok,,0.9131745553210733,0.9697873735308958,0.4198028204522216,0.6056474472176201,0.23155198643757874,0.24839713258117274,7738,xgboost,0.4636952683664493,True,utility_gap;ece,
PhishingWebsites,hist_gbdt,gbdt,label_noise,0.4,1195819797,train_only,False,high,True,ok,,0.8185107024419657,0.8804367442699874,0.5530470050280337,0.7978781715324379,0.20899204106482555,0.14976760618809393,7738,xgboost,0.4636952683664493,True,utility_gap;ece;nll,
PhishingWebsites,logreg,linear,label_noise,0.0,3617682713,train_only,False,high,True,ok,,0.9460355743141393,0.9890220950318406,0.1336426093084626,0.19280552970078024,0.012525834693892644,0.4277162435592525,7738,xgboost,0.4636952683664493,True,utility_gap,
PhishingWebsites,logreg,linear,label_noise,0.05,2717091300,train_only,False,high,True,ok,,0.9372927343985529,0.9878376039099993,0.18332713932362257,0.26448515476255036,0.06658042735299383,0.39367543962891877,7738,xgboost,0.4636952683664493,True,utility_gap,
PhishingWebsites,logreg,linear,label_noise,0.1,2527007331,train_only,False,high,True,ok,,0.933072053059994,0.9869385545230545,0.22606102519286433,0.3261371199840204,0.09893780559319408,0.36776060492822316,7738,xgboost,0.4636952683664493,True,utility_gap,
PhishingWebsites,logreg,linear,label_noise,0.2,218607294,train_only,False,high,True,ok,,0.934880916490805,0.9847191069172662,0.3389841592912274,0.4890507655493682,0.19835084318787324,0.29849842659227876,7738,xgboost,0.4636952683664493,True,utility_gap;ece,
PhishingWebsites,logreg,linear,label_noise,0.3,234636267,train_only,False,high,True,ok,,0.9219173952366596,0.9824698260462821,0.43479005303422524,0.6272694533403261,0.2591689296948734,0.2421374264606251,7738,xgboost,0.4636952683664493,True,utility_gap;ece,
PhishingWebsites,logreg,linear,label_noise,0.4,1195819797,train_only,False,high,True,ok,,0.9077479650286403,0.9689306800142905,0.5515498037549604,0.7957181666805624,0.3224970786539167,0.17207306702434566,7738,xgboost,0.4636952683664493,True,utility_gap;ece;nll,
PhishingWebsites,tabicl,icl,label_noise,0.0,3617682713,train_only,False,high,True,ok,,0.9478444377449503,0.9918941913527729,0.11416056781053951,0.1646988850453336,0.006898794398740365,0.43855020824186486,1000,xgboost,0.4636952683664493,False,,
PhishingWebsites,tabicl,icl,label_noise,0.05,2717091300,train_only,False,high,True,ok,,0.9478444377449503,0.988831493615313,0.15081520274368407,0.2175803450889766,0.03454913182179844,0.4160837585360494,1000,xgboost,0.4636952683664493,True,utility_gap,
PhishingWebsites,tabicl,icl,label_noise,0.1,2527007331,train_only,False,high,True,ok,,0.9424178474525173,0.9885948532092859,0.2041796736665508,0.2945690026490597,0.08812147316705075,0.38137588031299957,1000,xgboost,0.4636952683664493,True,utility_gap,
PhishingWebsites,tabicl,icl,label_noise,0.2,218607294,train_only,False,high,True,ok,,0.9342779620138679,0.9871608307643577,0.3126806023036843,0.4511027543256995,0.17679421616016455,0.3149583155398626,1000,xgboost,0.4636952683664493,True,utility_gap;ece,
PhishingWebsites,tabicl,icl,label_noise,0.3,234636267,train_only,False,high,True,ok,,0.9113656918902623,0.9736522546213938,0.42802441112285566,0.6175086953063628,0.24309264719238505,0.24361200487064127,1000,xgboost,0.4636952683664493,True,utility_gap;ece,
PhishingWebsites,tabicl,icl,label_noise,0.4,1195819797,train_only,False,high,True,ok,,0.895990352728369,0.9610291003244829,0.49736391176049055,0.7175444490139957,0.2723274540874249,0.20102991250114066,1000,xgboost,0.4636952683664493,True,utility_gap;ece,
PhishingWebsites,xgboost,gbdt,label_noise,0.0,3617682713,train_only,False,high,True,ok,,0.970756707868556,0.9968818713191828,0.06816447257732826,0.09834054655212322,0.006623644049555,0.4636952683664493,7738,xgboost,0.4636952683664493,False,,
PhishingWebsites,xgboost,gbdt,label_noise,0.05,2717091300,train_only,False,high,True,ok,,0.9562858004220681,0.9920356231285151,0.12124997168222632,0.17492673285387517,0.02554152173391376,0.4330690139553452,7738,xgboost,0.4636952683664493,True,utility_gap,
PhishingWebsites,xgboost,gbdt,label_noise,0.1,2527007331,train_only,False,high,True,ok,,0.9427193246909858,0.9827403511485806,0.1792519203004374,0.25860585648726475,0.04811335039822897,0.39816259457982583,7738,xgboost,0.4636952683664493,True,utility_gap,
PhishingWebsites,xgboost,gbdt,label_noise,0.2,218607294,train_only,False,high,True,ok,,0.8944829665360265,0.9504447366385644,0.31428255294713997,0.4534138805747619,0.08650119739844811,0.31350369915178333,7738,xgboost,0.4636952683664493,True,utility_gap,
PhishingWebsites,xgboost,gbdt,label_noise,0.3,234636267,train_only,False,high,True,ok,,0.787760024118179,0.8577258949058777,0.48205622779507945,0.6954601292696017,0.06009817487003662,0.19771039307989619,7738,xgboost,0.4636952683664493,True,utility_gap,
PhishingWebsites,xgboost,gbdt,label_noise,0.4,1195819797,train_only,False,high,True,ok,,0.6861621947542961,0.7197168417989828,0.6462092216514179,0.9322828394532177,0.06635334044275555,0.06186970391827194,7738,xgboost,0.4636952683664493,True,utility_gap;nll,
analcatdata_authorship,catboost,gbdt,covariate_shift,0.0,99980782,test_only,True,low,True,ok,,0.9960474308300395,0.9999153049332783,0.024835977375702277,0.017915370697778085,0.012048795280800304,0.4915931010856598,588,catboost,0.4915931010856598,False,,
analcatdata_authorship,catboost,gbdt,covariate_shift,0.05,636561137,test_only,True,low,True,ok,,0.9960474308300395,0.9997107140046765,0.036409222382357664,0.026263702286825428,0.015547571066101069,0.48831723962687484,588,catboost,0.4915931010856598,False,,
analcatdata_authorship,catboost,gbdt,covariate_shift,0.1,703370884,test_only,True,low,True,ok,,0.9288537549407114,0.9990237051246917,0.13508781151540367,0.09744525787890794,0.030416223796170094,0.45366953791184245,588,catboost,0.4915931010856598,True,utility_gap,
analcatdata_authorship,catboost,gbdt,covariate_shift,0.2,2894873727,test_only,True,low,True,ok,,0.6403162055335968,0.9844434584133075,0.9003301080572818,0.6494508910286325,0.24250565094568657,0.19726624377697005,588,catboost,0.4915931010856598,True,utility_gap;ece,
analcatdata_authorship,catboost,gbdt,covariate_shift,0.3,759147327,test_only,True,low,True,ok,,0.44664031620553357,0.9262950247882742,1.6498814089998375,1.1901378634094806,0.447613396672489,-0.055364732250616,588,catboost,0.4915931010856598,True,utility_gap;ece;nll,
analcatdata_authorship,catboost,gbdt,covariate_shift,0.4,885557397,test_only,True,low,True,ok,,0.37549407114624506,0.8781556433308376,2.061531456276544,1.4870806043033866,0.5593047577488282,-0.1943065470030517,588,catboost,0.4915931010856598,True,utility_gap;ece;nll,
analcatdata_authorship,hist_gbdt,gbdt,covariate_shift,0.0,99980782,test_only,True,low,True,ok,,0.9920948616600791,0.9999662164567734,0.02329134792050396,0.016801156070265267,0.006549082837546532,0.49245224162029366,588,catboost,0.4915931010856598,False,,
analcatdata_authorship,hist_gbdt,gbdt,covariate_shift,0.05,636561137,test_only,True,low,True,ok,,0.9960474308300395,0.999710241587366,0.04000838925107023,0.02885995238323717,0.008464875861601204,0.4889547382927926,588,catboost,0.4915931010856598,False,,
analcatdata_authorship,hist_gbdt,gbdt,covariate_shift,0.1,703370884,test_only,True,low,True,ok,,0.9525691699604744,0.9990711327489205,0.16025088264872944,0.11559657684770061,0.02829162115892958,0.4522229746700972,588,catboost,0.4915931010856598,True,utility_gap,
analcatdata_authorship,hist_gbdt,gbdt,covariate_shift,0.2,2894873727,test_only,True,low,True,ok,,0.7035573122529645,0.979954182530939,1.102792931149921,0.7954969464486975,0.22289886816267884,0.1652887031566283,588,catboost,0.4915931010856598,True,utility_gap;ece;nll,
analcatdata_authorship,hist_gbdt,gbdt,covariate_shift,0.3,759147327,test_only,True,low,True,ok,,0.4189723320158103,0.9181959816325779,4.138176294726244,2.985063209362909,0.5473028843576644,-0.6207650963066318,588,catboost,0.4915931010856598,True,utility_gap;ece;nll,
analcatdata_authorship,hist_gbdt,gbdt,covariate_shift,0.4,885557397,test_only,True,low,True,ok,,0.37549407114624506,0.8784393221744782,6.8380485331353915,4.93260935405624,0.6243185392501063,-1.240868640633889,588,catboost,0.4915931010856598,True,utility_gap;ece;nll,
analcatdata_authorship,logreg,linear,covariate_shift,0.0,99980782,test_only,True,low,True,ok,,0.9960474308300395,0.9998986493703202,0.020674735372538104,0.01491366909682618,0.009768454496462447,0.49294385027577764,588,catboost,0.4915931010856598,False,,
analcatdata_authorship,logreg,linear,covariate_shift,0.05,636561137,test_only,True,low,True,ok,,0.9960474308300395,0.9998643934097831,0.026669814832994757,0.019238204800494228,0.007016534619430066,0.4921848839538957,588,catboost,0.4915931010856598,False,,
analcatdata_authorship,logreg,linear,covariate_shift,0.1,703370884,test_only,True,low,True,ok,,0.9920948616600791,0.999830137449246,0.04062326392066137,0.029303490701530856,0.010960755141677329,0.4877715791174532,588,catboost,0.4915931010856598,False,,
analcatdata_authorship,logreg,linear,covariate_shift,0.2,2894873727,test_only,True,low,True,ok,,0.9644268774703557,0.9996074737057545,0.11637809704617864,0.08394905173830823,0.01952314962308828,0.4654373019714573,588,catboost,0.4915931010856598,False,,
analcatdata_authorship,logreg,linear,covariate_shift,0.3,759147327,test_only,True,low,True,ok,,0.8379446640316206,0.9992991700609204,0.3477830403335492,0.2508724337972489,0.07109338782125908,0.3859660014226387,588,catboost,0.4915931010856598,True,utility_gap,
analcatdata_authorship,logreg,linear,covariate_shift,0.4,885557397,test_only,True,low,True,ok,,0.6798418972332015,0.9987686750899053,0.8648796873348443,0.6238788179417886,0.22100124061924986,0.22018142736006047,588,catboost,0.4915931010856598,True,utility_gap;ece,
analcatdata_authorship,tabicl,icl,covariate_shift,0.0,99980782,test_only,True,low,True,ok,,1.0,1.0,0.002136460946407241,0.001541130806217334,0.001772084030705732,0.4991832439519937,588,catboost,0.4915931010856598,False,,
analcatdata_authorship,tabicl,icl,covariate_shift,0.05,636561137,test_only,True,low,True,ok,,0.9960474308300395,1.0,0.005179599178322539,0.0037362910241792386,0.003780698027301755,0.4975300877117918,588,catboost,0.4915931010856598,False,,
analcatdata_authorship,tabicl,icl,covariate_shift,0.1,703370884,test_only,True,low,True,ok,,0.9920948616600791,1.0,0.03060575233887949,0.02207738356098862,0.005493641805345323,0.4910922858196462,588,catboost,0.4915931010856598,False,,
analcatdata_authorship,tabicl,icl,covariate_shift,0.2,2894873727,test_only,True,low,True,ok,,0.8814229249011858,0.9980920593907524,0.2665496142898249,0.19227490334339817,0.07505180972468156,0.4088528265739854,588,catboost,0.4915931010856598,True,utility_gap,
analcatdata_authorship,tabicl,icl,covariate_shift,0.3,759147327,test_only,True,low,True,ok,,0.7312252964426877,0.9955698614581374,0.6115857023737232,0.44116582994658204,0.12852626130528336,0.3000782447317199,588,catboost,0.4915931010856598,True,utility_gap;ece,
analcatdata_authorship,tabicl,icl,covariate_shift,0.4,885557397,test_only,True,low,True,ok,,0.5138339920948617,0.9885027442085913,0.9277184883078643,0.6692074312113808,0.3250361352541765,0.15728160287298665,588,catboost,0.4915931010856598,True,utility_gap;ece,
analcatdata_authorship,xgboost,gbdt,covariate_shift,0.0,99980782,test_only,True,low,True,ok,,0.9920948616600791,0.9995788867529439,0.03129300042240012,0.02257312826196645,0.012092909494851437,0.489476319234982,588,catboost,0.4915931010856598,False,,
analcatdata_authorship,xgboost,gbdt,covariate_shift,0.05,636561137,test_only,True,low,True,ok,,0.9881422924901185,0.999677875296071,0.042223206938820486,0.030457605630532392,0.008723020683061168,0.4872267144013706,588,catboost,0.4915931010856598,False,,
analcatdata_authorship,xgboost,gbdt,covariate_shift,0.1,703370884,test_only,True,low,True,ok,,0.9723320158102767,0.9995132667709525,0.07353586672539582,0.05304491512610014,0.02534628931298789,0.4746967133409472,588,catboost,0.4915931010856598,False,,
analcatdata_authorship,xgboost,gbdt,covariate_shift,0.2,2894873727,test_only,True,low,True,ok,,0.841897233201581,0.9931155105666293,0.3648342520771078,0.26317228310903873,0.07284433477429018,0.38035446179098775,588,catboost,0.4915931010856598,True,utility_gap,
analcatdata_authorship,xgboost,gbdt,covariate_shift,0.3,759147327,test_only,True,low,True,ok,,0.5138339920948617,0.9488368279396262,1.4256429730462905,1.0283840236460406,0.38607339977988914,0.02343810154330836,588,catboost,0.4915931010856598,True,utility_gap;ece;nll,
analcatdata_authorship,xgboost,gbdt,covariate_shift,0.4,885557397,test_only,True,low,True,ok,,0.37549407114624506,0.8776941970438482,2.666572204166866,1.923525247561945,0.5948118426459935,-0.3325028631604986,588,catboost,0.4915931010856598,True,utility_gap;ece;nll,
analcatdata_authorship,catboost,gbdt,label_noise,0.0,1839906189,train_only,True,low,True,ok,,0.9960474308300395,0.9999153049332783,0.024835977375702277,0.017915370697778085,0.012048795280800304,0.4915931010856598,588,catboost,0.4915931010856598,False,,
analcatdata_authorship,catboost,gbdt,label_noise,0.05,1402218481,train_only,True,low,True,ok,,1.0,1.0,0.04204572397039747,0.030329578731339325,0.03838925655972919,0.48322327506865237,588,catboost,0.4915931010856598,False,,
analcatdata_authorship,catboost,gbdt,label_noise,0.1,2972687607,train_only,True,low,True,ok,,0.9841897233201581,0.9998512840532259,0.09515620470918376,0.06864069232187722,0.0640920257147885,0.4641657950771319,588,catboost,0.4915931010856598,False,,
analcatdata_authorship,catboost,gbdt,label_noise,0.2,1146108378,train_only,True,low,True,ok,,0.9723320158102767,0.997960953518893,0.19012029792528806,0.1371428054945727,0.11108774521049994,0.43177574541268227,588,catboost,0.4915931010856598,True,utility_gap;ece,
analcatdata_authorship,catboost,gbdt,label_noise,0.3,713224853,train_only,True,low,True,ok,,0.9367588932806324,0.9930267009084175,0.35689957071982703,0.25744862038644717,0.18838323635041088,0.3731619459240246,588,catboost,0.4915931010856598,True,utility_gap;ece,
analcatdata_authorship,catboost,gbdt,label_noise,0.4,1975910066,train_only,True,low,True,ok,,0.8656126482213439,0.9773050536743368,0.5158487375242786,0.37210620773755465,0.20222333080376442,0.31982213753720024,588,catboost,0.4915931010856598,True,utility_gap;ece,
analcatdata_authorship,hist_gbdt,gbdt,label_noise,0.0,1839906189,train_only,True,low,True,ok,,0.9920948616600791,0.9999662164567734,0.02329134792050396,0.016801156070265267,0.006549082837546532,0.49245224162029366,588,catboost,0.4915931010856598,False,,
analcatdata_authorship,hist_gbdt,gbdt,label_noise,0.05,1402218481,train_only,True,low,True,ok,,0.9881422924901185,0.99975672431048,0.030334085179277184,0.0218814171290233,0.008831175283870151,0.4898055371867047,588,catboost,0.4915931010856598,False,,
analcatdata_authorship,hist_gbdt,gbdt,label_noise,0.1,2972687607,train_only,True,low,True,ok,,0.9920948616600791,0.9998139543035984,0.03297367062260025,0.02378547554356574,0.01760258425050743,0.4880929537421001,588,catboost,0.4915931010856598,False,,
analcatdata_authorship,hist_gbdt,gbdt,label_noise,0.2,1146108378,train_only,True,low,True,ok,,0.9802371541501976,0.999475646454022,0.0576327995229148,0.0415732770321285,0.02012230869952593,0.4803556045318936,588,catboost,0.4915931010856598,False,,
analcatdata_authorship,hist_gbdt,gbdt,label_noise,0.3,713224853,train_only,True,low,True,ok,,0.9288537549407114,0.9919751413716722,0.21873584122737988,0.15778455670170832,0.046826676988027796,0.429818660313074,588,catboost,0.4915931010856598,True,utility_gap,
analcatdata_authorship,hist_gbdt,gbdt,label_noise,0.4,1975910066,train_only,True,low,True,ok,,0.8616600790513834,0.9650023917191379,0.4439391917809648,0.3202344352193262,0.04481052946196141,0.3619674125012156,588,catboost,0.4915931010856598,True,utility_gap,
analcatdata_authorship,logreg,linear,label_noise,0.0,1839906189,train_only,True,low,True,ok,,0.9960474308300395,0.9998986493703202,0.020674735372538104,0.01491366909682618,0.009768454496462447,0.49294385027577764,588,catboost,0.4915931010856598,False,,
analcatdata_authorship,logreg,linear,label_noise,0.05,1402218481,train_only,True,low,True,ok,,0.9486166007905138,0.9953805232037771,0.16721925464839632,0.12062319471119506,0.020646655522809615,0.4503593837219786,588,catboost,0.4915931010856598,True,utility_gap,
analcatdata_authorship,logreg,linear,label_noise,0.1,2972687607,train_only,True,low,True,ok,,0.9051383399209486,0.9893533265488358,0.2491198878529251,0.17970201339611488,0.02494040902181057,0.4231457294570382,588,catboost,0.4915931010856598,True,utility_gap,
analcatdata_authorship,logreg,linear,label_noise,0.2,1146108378,train_only,True,low,True,ok,,0.8853754940711462,0.9806918633739656,0.37148746281728456,0.26797156017945983,0.11427413297398056,0.37280218164292583,588,catboost,0.4915931010856598,True,utility_gap;ece,
analcatdata_authorship,logreg,linear,label_noise,0.3,713224853,train_only,True,low,True,ok,,0.7865612648221344,0.960943369788971,0.588518303234324,0.4245262187742732,0.14042817802589772,0.29887086791199846,588,catboost,0.4915931010856598,True,utility_gap;ece,
analcatdata_authorship,logreg,linear,label_noise,0.4,1975910066,train_only,True,low,True,ok,,0.7430830039525692,0.9025145892709643,0.7325308176017739,0.5284092889262085,0.1430440782387124,0.24021095451211788,588,catboost,0.4915931010856598,True,utility_gap;ece,
analcatdata_authorship,tabicl,icl,label_noise,0.0,1839906189,train_only,True,low,True,ok,,1.0,1.0,0.002136460946407241,0.001541130806217334,0.001772084030705732,0.4991832439519937,588,catboost,0.4915931010856598,False,,
analcatdata_authorship,tabicl,icl,label_noise,0.05,1402218481,train_only,True,low,True,ok,,0.9960474308300395,1.0,0.0349685275227896,0.025224460622158894,0.03325660840513925,0.4851884547568304,588,catboost,0.4915931010856598,False,,
analcatdata_authorship,tabicl,icl,label_noise,0.1,2972687607,train_only,True,low,True,ok,,1.0,1.0,0.07317400629506039,0.052783888001930714,0.0701464799659776,0.4701355376062253,588,catboost,0.4915931010856598,False,,
analcatdata_authorship,tabicl,icl,label_noise,0.2,1146108378,train_only,True,low,True,ok,,1.0,1.0,0.1818485949997211,0.1311760330993616,0.1650701965976714,0.4276331507506572,588,catboost,0.4915931010856598,True,utility_gap;ece,
analcatdata_authorship,tabicl,icl,label_noise,0.3,713224853,train_only,True,low,True,ok,,0.9960474308300395,0.9999662164567734,0.33217090041952174,0.23961065538143286,0.2736492791740973,0.3727822379351272,588,catboost,0.4915931010856598,True,utility_gap;ece,
analcatdata_authorship,tabicl,icl,label_noise,0.4,1975910066,train_only,True,low,True,ok,,0.9960474308300395,0.999748749303698,0.5087751656710556,0.3670037042205464,0.38864644184313124,0.31148877724601004,588,catboost,0.4915931010856598,True,utility_gap;ece,
analcatdata_authorship,xgboost,gbdt,label_noise,0.0,1839906189,train_only,True,low,True,ok,,0.9920948616600791,0.9995788867529439,0.03129300042240012,0.02257312826196645,0.012092909494851437,0.489476319234982,588,catboost,0.4915931010856598,False,,
analcatdata_authorship,xgboost,gbdt,label_noise,0.05,1402218481,train_only,True,low,True,ok,,0.9920948616600791,0.9994589908910639,0.036190192979048,0.026105705969843566,0.013912017847441286,0.4880107607004429,588,catboost,0.4915931010856598,False,,
analcatdata_authorship,xgboost,gbdt,label_noise,0.1,2972687607,train_only,True,low,True,ok,,0.9802371541501976,0.9998909136487653,0.04632667944266806,0.03341763534639495,0.02979762606150063,0.4810125770833788,588,catboost,0.4915931010856598,False,,
analcatdata_authorship,xgboost,gbdt,label_noise,0.2,1146108378,train_only,True,low,True,ok,,0.9762845849802372,0.9981923955772919,0.11253842363306642,0.08117931284244312,0.05476534652506512,0.46050316304134176,588,catboost,0.4915931010856598,True,utility_gap,
analcatdata_authorship,xgboost,gbdt,label_noise,0.3,713224853,train_only,True,low,True,ok,,0.9169960474308301,0.9900014891882911,0.2579696910945649,0.1860857970208933,0.05060500276459799,0.41810318867133883,588,catboost,0.4915931010856598,True,utility_gap,
analcatdata_authorship,xgboost,gbdt,label_noise,0.4,1975910066,train_only,True,low,True,ok,,0.8221343873517787,0.9597957103821044,0.4651465407767985,0.33553230383267163,0.03982224874986498,0.3506245158367288,588,catboost,0.4915931010856598,True,utility_gap,
breast-w,catboost,gbdt,covariate_shift,0.0,3826421487,test_only,False,high,True,ok,,0.9714285714285714,0.9950684380032206,0.08424473020334289,0.12153945448539147,0.021102998504562674,0.4533058029688829,489,catboost,0.4533058029688829,False,,
breast-w,catboost,gbdt,covariate_shift,0.05,999118941,test_only,False,low,True,ok,,0.9714285714285714,0.9942632850241546,0.08562417243825168,0.12352956895688717,0.009567692830354527,0.4547340262196028,489,catboost,0.4533058029688829,False,,
breast-w,catboost,gbdt,covariate_shift,0.1,2352483183,test_only,False,low,True,ok,,0.9619047619047619,0.9952697262479872,0.12932383834915093,0.186574860255046,0.02732901992171066,0.4311918564116538,489,catboost,0.4533058029688829,False,,
breast-w,catboost,gbdt,covariate_shift,0.2,992300627,test_only,False,low,True,ok,,0.5904761904761905,0.9950684380032205,0.7038077493143029,1.0153799496749676,0.24118360718233647,0.08399467553359818,489,catboost,0.4533058029688829,True,utility_gap;ece;nll,
breast-w,catboost,gbdt,covariate_shift,0.3,2354626838,test_only,False,low,True,ok,,0.4,0.9856078904991948,1.0762437198814672,1.5526914774608833,0.47501009692750984,-0.15584670094904873,489,catboost,0.4533058029688829,True,utility_gap;ece;nll,
breast-w,catboost,gbdt,covariate_shift,0.4,1968129939,test_only,False,low,True,ok,,0.34285714285714286,0.9870169082125605,1.8850824499073522,2.719599102148155,0.6093230387889744,-0.5408598490992738,489,catboost,0.4533058029688829,True,utility_gap;ece;nll,
breast-w,hist_gbdt,gbdt,covariate_shift,0.0,3826421487,test_only,False,high,True,ok,,0.9571428571428572,0.9934581320450886,0.12196048538377331,0.17595178744758067,0.03102826937755645,0.4322905846774241,489,catboost,0.4533058029688829,False,,
breast-w,hist_gbdt,gbdt,covariate_shift,0.05,999118941,test_only,False,low,True,ok,,0.9619047619047619,0.9922504025764896,0.11767608647532368,0.1697707063891703,0.01603152582739096,0.4374358381052563,489,catboost,0.4533058029688829,False,,
breast-w,hist_gbdt,gbdt,covariate_shift,0.1,2352483183,test_only,False,low,True,ok,,0.9428571428571428,0.9924516908212561,0.1749147426966487,0.2523486318668241,0.03233830084935499,0.40661441348609284,489,catboost,0.4533058029688829,True,utility_gap,
breast-w,hist_gbdt,gbdt,covariate_shift,0.2,992300627,test_only,False,low,True,ok,,0.6714285714285714,0.9884259259259259,0.779574400485417,1.1246881215842979,0.22492132197787273,0.06427265891749587,489,catboost,0.4533058029688829,True,utility_gap;ece;nll,
breast-w,hist_gbdt,gbdt,covariate_shift,0.3,2354626838,test_only,False,low,True,ok,,0.6761904761904762,0.9825885668276974,0.936004764366943,1.3503694318006314,0.26078175228556544,-0.011932610179037018,489,catboost,0.4533058029688829,True,utility_gap;ece;nll,
breast-w,hist_gbdt,gbdt,covariate_shift,0.4,1968129939,test_only,False,low,True,ok,,0.42857142857142855,0.9815821256038648,1.5891317450370765,2.292632487884215,0.48176823956575865,-0.37630393603134926,489,catboost,0.4533058029688829,True,utility_gap;ece;nll,
breast-w,logreg,linear,covariate_shift,0.0,3826421487,test_only,False,high,True,ok,,0.9666666666666667,0.9952697262479872,0.09231869251210718,0.13318771986857011,0.02017327025704116,0.4493534341748162,489,catboost,0.4533058029688829,False,,
breast-w,logreg,linear,covariate_shift,0.05,999118941,test_only,False,low,True,ok,,0.9714285714285714,0.9954710144927537,0.09772919319963312,0.1409934223791901,0.01362414027200257,0.449106286018592,489,catboost,0.4533058029688829,False,,
breast-w,logreg,linear,covariate_shift,0.1,2352483183,test_only,False,low,True,ok,,0.9666666666666667,0.9954710144927537,0.1318097868140613,0.19016132577727773,0.0384643124311298,0.42867359485305445,489,catboost,0.4533058029688829,False,,
breast-w,logreg,linear,covariate_shift,0.2,992300627,test_only,False,low,True,ok,,0.8809523809523809,0.9955716586151369,0.36282193747148733,0.5234414099158403,0.0887612416993251,0.30580826634353797,489,catboost,0.4533058029688829,True,utility_gap,
breast-w,logreg,linear,covariate_shift,0.3,2354626838,test_only,False,low,True,ok,,0.4523809523809524,0.9956723027375202,1.0019787568341636,1.4455497835607365,0.3630519789720196,-0.08993288204734999,489,catboost,0.4533058029688829,True,utility_gap;ece;nll,
breast-w,logreg,linear,covariate_shift,0.4,1968129939,test_only,False,low,True,ok,,0.34285714285714286,0.9955716586151369,2.0575732437717322,2.9684507150552966,0.609133431661012,-0.612483248904922,489,catboost,0.4533058029688829,True,utility_gap;ece;nll,
breast-w,tabicl,icl,covariate_shift,0.0,3826421487,test_only,False,high,True,ok,,0.9666666666666667,0.9961755233494365,0.07610703523708934,0.10979924231331038,0.01515804493189294,0.457690051491931,489,catboost,0.4533058029688829,False,,
breast-w,tabicl,icl,covariate_shift,0.05,999118941,test_only,False,low,True,ok,,0.9761904761904762,0.995169082125604,0.1952566691494847,0.28169582828245865,0.1149929570745847,0.38723041027287824,489,catboost,0.4533058029688829,True,utility_gap;ece,
breast-w,tabicl,icl,covariate_shift,0.1,2352483183,test_only,False,low,True,ok,,0.9571428571428572,0.9931561996779388,0.243214948764578,0.35088500045272003,0.12684128213358148,0.3605423418961748,489,catboost,0.4533058029688829,True,utility_gap;ece,
breast-w,tabicl,icl,covariate_shift,0.2,992300627,test_only,False,low,True,ok,,0.8142857142857143,0.9887278582930756,0.46682251871280167,0.6734825327222543,0.11145776086866188,0.24386129555502492,489,catboost,0.4533058029688829,True,utility_gap;ece,
breast-w,tabicl,icl,covariate_shift,0.3,2354626838,test_only,False,low,True,ok,,0.3523809523809524,0.9855072463768115,0.9478518444117381,1.3674611554302718,0.46276764561036243,-0.10500719666212716,489,catboost,0.4533058029688829,True,utility_gap;ece;nll,
breast-w,tabicl,icl,covariate_shift,0.4,1968129939,test_only,False,low,True,ok,,0.34285714285714286,0.9631642512077294,1.531630337290348,2.2096754920838753,0.5731464188487869,-0.3889958720436433,489,catboost,0.4533058029688829,True,utility_gap;ece;nll,
breast-w,xgboost,gbdt,covariate_shift,0.0,3826421487,test_only,False,high,True,ok,,0.9619047619047619,0.9894323671497585,0.12840154893522968,0.18524427789131742,0.026467402602337278,0.42972027890026704,489,catboost,0.4533058029688829,False,,
breast-w,xgboost,gbdt,covariate_shift,0.05,999118941,test_only,False,low,True,ok,,0.9619047619047619,0.9894323671497585,0.12840154893522968,0.18524427789131742,0.026467402602337278,0.42972027890026704,489,catboost,0.4533058029688829,False,,
breast-w,xgboost,gbdt,covariate_shift,0.1,2352483183,test_only,False,low,True,ok,,0.9619047619047619,0.9894323671497585,0.130650187276248,0.18848837727465734,0.024766467089627008,0.4290872361878072,489,catboost,0.4533058029688829,False,,
breast-w,xgboost,gbdt,covariate_shift,0.2,992300627,test_only,False,low,True,ok,,0.9,0.9895330112721417,0.2282994021956001,0.3293664153855072,0.05062548714070886,0.3724015319014556,489,catboost,0.4533058029688829,True,utility_gap,
breast-w,xgboost,gbdt,covariate_shift,0.3,2354626838,test_only,False,low,True,ok,,0.5142857142857142,0.972926731078905,1.420418341054208,2.049230496626634,0.38363492903882845,-0.273828921775282,489,catboost,0.4533058029688829,True,utility_gap;ece;nll,
breast-w,xgboost,gbdt,covariate_shift,0.4,1968129939,test_only,False,low,True,ok,,0.3952380952380952,0.9693035426731078,1.6542343045856494,2.3865556276941193,0.48436089392707415,-0.41429691287234854,489,catboost,0.4533058029688829,True,utility_gap;ece;nll,
breast-w,catboost,gbdt,label_noise,0.0,2144635367,train_only,False,high,True,ok,,0.9714285714285714,0.9950684380032206,0.08424473020334289,0.12153945448539147,0.021102998504562674,0.4533058029688829,489,catboost,0.4533058029688829,False,,
breast-w,catboost,gbdt,label_noise,0.05,609278436,train_only,False,high,True,ok,,0.9619047619047619,0.9922504025764896,0.12714849526872057,0.183436503580677,0.05193886351811415,0.4261546314096597,489,catboost,0.4533058029688829,False,,
breast-w,catboost,gbdt,label_noise,0.1,813760628,train_only,False,high,True,ok,,0.9619047619047619,0.995571658615137,0.16070597029673148,0.23184970638834357,0.08363219538749571,0.40645444380701,489,catboost,0.4533058029688829,True,utility_gap,
breast-w,catboost,gbdt,label_noise,0.2,770577942,train_only,False,high,True,ok,,0.9476190476190476,0.9859098228663445,0.29766651479381595,0.42944200473173955,0.1803134861551842,0.322315996495519,489,catboost,0.4533058029688829,True,utility_gap;ece,
breast-w,catboost,gbdt,label_noise,0.3,3341230416,train_only,False,high,True,ok,,0.919047619047619,0.9744363929146539,0.3723930565601526,0.5372496159608154,0.2113705768162142,0.27546088022578424,489,catboost,0.4533058029688829,True,utility_gap;ece,
breast-w,catboost,gbdt,label_noise,0.4,3784559266,train_only,False,high,True,ok,,0.7857142857142857,0.779488727858293,0.5629867703595806,0.8122182216838606,0.15870159393841182,0.11527241231470488,489,catboost,0.4533058029688829,True,utility_gap;ece;nll,
breast-w,hist_gbdt,gbdt,label_noise,0.0,2144635367,train_only,False,high,True,ok,,0.9571428571428572,0.9934581320450886,0.12196048538377331,0.17595178744758067,0.03102826937755645,0.4322905846774241,489,catboost,0.4533058029688829,False,,
breast-w,hist_gbdt,gbdt,label_noise,0.05,609278436,train_only,False,high,True,ok,,0.9619047619047619,0.9838969404186796,0.15236811695296756,0.21982072671763592,0.03568684361674246,0.4155660566936129,489,catboost,0.4533058029688829,True,utility_gap,
breast-w,hist_gbdt,gbdt,label_noise,0.1,813760628,train_only,False,high,True,ok,,0.9523809523809523,0.9831924315619968,0.18448277399099708,0.26615238316625095,0.07863324787428813,0.39140212937910873,489,catboost,0.4533058029688829,True,utility_gap,
breast-w,hist_gbdt,gbdt,label_noise,0.2,770577942,train_only,False,high,True,ok,,0.919047619047619,0.9562198067632851,0.32724607668106687,0.47211629197814464,0.1353590834026149,0.30382737095032625,489,catboost,0.4533058029688829,True,utility_gap;ece,
breast-w,hist_gbdt,gbdt,label_noise,0.3,3341230416,train_only,False,high,True,ok,,0.8285714285714286,0.9177737520128825,0.402687534501939,0.5809553090537508,0.13439388053475645,0.2443411586671466,489,catboost,0.4533058029688829,True,utility_gap;ece,
breast-w,hist_gbdt,gbdt,label_noise,0.4,3784559266,train_only,False,high,True,ok,,0.7095238095238096,0.7318840579710146,0.6102318895734178,0.8803785208798715,0.12188654250120488,0.07409712695422413,489,catboost,0.4533058029688829,True,utility_gap;ece;nll,
breast-w,logreg,linear,label_noise,0.0,2144635367,train_only,False,high,True,ok,,0.9666666666666667,0.9952697262479872,0.09231869251210718,0.13318771986857011,0.02017327025704116,0.4493534341748162,489,catboost,0.4533058029688829,False,,
breast-w,logreg,linear,label_noise,0.05,609278436,train_only,False,high,True,ok,,0.9666666666666667,0.9950684380032206,0.13263234264162016,0.1913480229905512,0.06790858069409873,0.4222878302651421,489,catboost,0.4533058029688829,True,utility_gap,
breast-w,logreg,linear,label_noise,0.1,813760628,train_only,False,high,True,ok,,0.9523809523809523,0.9945652173913043,0.18006137962544805,0.25977365944125896,0.10273640336721865,0.3924755904382779,489,catboost,0.4533058029688829,True,utility_gap;ece,
breast-w,logreg,linear,label_noise,0.2,770577942,train_only,False,high,True,ok,,0.9571428571428572,0.9906400966183575,0.2998475908154962,0.4325886322920195,0.20128599103539888,0.32026167449316806,489,catboost,0.4533058029688829,True,utility_gap;ece,
breast-w,logreg,linear,label_noise,0.3,3341230416,train_only,False,high,True,ok,,0.9428571428571428,0.9837962962962964,0.3994369452016348,0.5762656999902351,0.2569683822981947,0.2614838886755657,489,catboost,0.4533058029688829,True,utility_gap;ece,
breast-w,logreg,linear,label_noise,0.4,3784559266,train_only,False,high,True,ok,,0.8809523809523809,0.9432367149758454,0.543849501004361,0.784608978088929,0.293192056873764,0.16825460258297154,489,catboost,0.4533058029688829,True,utility_gap;ece;nll,
breast-w,tabicl,icl,label_noise,0.0,2144635367,train_only,False,high,True,ok,,0.9666666666666667,0.9961755233494365,0.07610703523708934,0.10979924231331038,0.01515804493189294,0.457690051491931,489,catboost,0.4533058029688829,False,,
breast-w,tabicl,icl,label_noise,0.05,609278436,train_only,False,high,True,ok,,0.9714285714285714,0.9958735909822867,0.10934788300498184,0.15775564854299387,0.05446809410557983,0.4360497291740719,489,catboost,0.4533058029688829,False,,
breast-w,tabicl,icl,label_noise,0.1,813760628,train_only,False,high,True,ok,,0.9523809523809523,0.9955716586151369,0.15029672969804317,0.21683234659719589,0.08929304850974168,0.4083989096913336,489,catboost,0.4533058029688829,True,utility_gap,
breast-w,tabicl,icl,label_noise,0.2,770577942,train_only,False,high,True,ok,,0.9761904761904762,0.9898349436392915,0.27299623400009815,0.39385031297330464,0.194953602119007,0.3357249873865306,489,catboost,0.4533058029688829,True,utility_gap;ece,
breast-w,tabicl,icl,label_noise,0.3,3341230416,train_only,False,high,True,ok,,0.9666666666666667,0.9954710144927537,0.36862093066931917,0.5318075886445012,0.26626383849633484,0.28061981077984643,489,catboost,0.4533058029688829,True,utility_gap;ece,
breast-w,tabicl,icl,label_noise,0.4,3784559266,train_only,False,high,True,ok,,0.8476190476190476,0.9230072463768115,0.5503042610110126,0.7939212283406536,0.24817877317528003,0.16238327023748905,489,catboost,0.4533058029688829,True,utility_gap;ece;nll,
breast-w,xgboost,gbdt,label_noise,0.0,2144635367,train_only,False,high,True,ok,,0.9619047619047619,0.9894323671497585,0.12840154893522968,0.18524427789131742,0.026467402602337278,0.42972027890026704,489,catboost,0.4533058029688829,False,,
breast-w,xgboost,gbdt,label_noise,0.05,609278436,train_only,False,high,True,ok,,0.9523809523809523,0.980475040257649,0.1687895746380851,0.24351188228412296,0.020515742734169975,0.40886669371524914,489,catboost,0.4533058029688829,True,utility_gap,
breast-w,xgboost,gbdt,label_noise,0.1,813760628,train_only,False,high,True,ok,,0.9238095238095239,0.9598429951690821,0.2135044634204323,0.3080218305843168,0.03991101351732403,0.37412772500184743,489,catboost,0.4533058029688829,True,utility_gap,
breast-w,xgboost,gbdt,label_noise,0.2,770577942,train_only,False,high,True,ok,,0.8761904761904762,0.932367149758454,0.36356476904044055,0.5245130893365849,0.07305328929160287,0.28579248918473427,489,catboost,0.4533058029688829,True,utility_gap,
breast-w,xgboost,gbdt,label_noise,0.3,3341230416,train_only,False,high,True,ok,,0.8333333333333334,0.882145732689211,0.4323194068300043,0.6237050643137055,0.09895877065002882,0.22684773301710642,489,catboost,0.4533058029688829,True,utility_gap,
breast-w,xgboost,gbdt,label_noise,0.4,3784559266,train_only,False,high,True,ok,,0.6666666666666666,0.643719806763285,0.829285340669208,1.196405848465381,0.17256633036193392,-0.06813308824485134,489,catboost,0.4533058029688829,True,utility_gap;ece;nll,
car,catboost,gbdt,covariate_shift,0.0,753924289,test_only,True,low,True,ok,,0.9788053949903661,0.9990234570350258,0.06655823430283597,0.04801161727951358,0.022979918783197745,0.4774795502703203,1209,xgboost,0.48636557107419304,False,,
car,catboost,gbdt,covariate_shift,0.05,721500663,test_only,True,low,True,ok,,0.9826589595375722,0.998943306787218,0.06704269913301142,0.04836108478350319,0.02731515522040763,0.4770576448270296,1209,xgboost,0.48636557107419304,False,,
car,catboost,gbdt,covariate_shift,0.1,3859582947,test_only,True,low,True,ok,,0.9730250481695568,0.9988478081671426,0.07065429683755556,0.05096630183251909,0.023784392509341,0.47550372103230953,1209,xgboost,0.48636557107419304,False,,
car,catboost,gbdt,covariate_shift,0.2,1810657330,test_only,True,low,True,ok,,0.9826589595375722,0.9991674574786549,0.06239956312522059,0.04501177013719679,0.025237993869630607,0.47855632423307987,1209,xgboost,0.48636557107419304,False,,
car,catboost,gbdt,covariate_shift,0.3,2876542023,test_only,True,low,True,ok,,0.9884393063583815,0.9992165581862376,0.062074901203420386,0.04477757606492347,0.03228451958295918,0.4781015145828715,1209,xgboost,0.48636557107419304,False,,
car,catboost,gbdt,covariate_shift,0.4,1149131185,test_only,True,low,True,ok,,0.9749518304431599,0.9990978669110091,0.06500743466765704,0.046892951807971046,0.026973536437093965,0.47646443515551706,1209,xgboost,0.48636557107419304,False,,
car,hist_gbdt,gbdt,covariate_shift,0.0,753924289,test_only,True,low,True,ok,,0.9922928709055877,0.9999892380542402,0.016129245930106288,0.011634791558321419,0.009902520549796168,0.4933692223773665,1209,xgboost,0.48636557107419304,False,,
car,hist_gbdt,gbdt,covariate_shift,0.05,721500663,test_only,True,low,True,ok,,0.9922928709055877,0.9999892380542402,0.016129245930106288,0.011634791558321419,0.009902520549796168,0.4933692223773665,1209,xgboost,0.48636557107419304,False,,
car,hist_gbdt,gbdt,covariate_shift,0.1,3859582947,test_only,True,low,True,ok,,0.9922928709055877,0.9999892380542402,0.016129245930106288,0.011634791558321419,0.009902520549796168,0.4933692223773665,1209,xgboost,0.48636557107419304,False,,
car,hist_gbdt,gbdt,covariate_shift,0.2,1810657330,test_only,True,low,True,ok,,0.9922928709055877,0.9999892380542402,0.016129245930106288,0.011634791558321419,0.009902520549796168,0.4933692223773665,1209,xgboost,0.48636557107419304,False,,
car,hist_gbdt,gbdt,covariate_shift,0.3,2876542023,test_only,True,low,True,ok,,0.9922928709055877,0.9999892380542402,0.016129245930106288,0.011634791558321419,0.009902520549796168,0.4933692223773665,1209,xgboost,0.48636557107419304,False,,
car,hist_gbdt,gbdt,covariate_shift,0.4,1149131185,test_only,True,low,True,ok,,0.9922928709055877,0.9999892380542402,0.016129245930106288,0.011634791558321419,0.009902520549796168,0.4933692223773665,1209,xgboost,0.48636557107419304,False,,
car,logreg,linear,covariate_shift,0.0,753924289,test_only,True,low,True,ok,,0.8959537572254336,0.9874833511741763,0.22599314419010796,0.16301959419898662,0.04949749726950016,0.4212068587811807,1209,xgboost,0.48636557107419304,True,utility_gap,
car,logreg,linear,covariate_shift,0.05,721500663,test_only,True,low,True,ok,,0.8959537572254336,0.9874833511741763,0.22599314419010796,0.16301959419898662,0.04949749726950016,0.4212068587811807,1209,xgboost,0.48636557107419304,True,utility_gap,
car,logreg,linear,covariate_shift,0.1,3859582947,test_only,True,low,True,ok,,0.8959537572254336,0.9874833511741763,0.22599314419010796,0.16301959419898662,0.04949749726950016,0.4212068587811807,1209,xgboost,0.48636557107419304,True,utility_gap,
car,logreg,linear,covariate_shift,0.2,1810657330,test_only,True,low,True,ok,,0.8959537572254336,0.9874833511741763,0.22599314419010796,0.16301959419898662,0.04949749726950016,0.4212068587811807,1209,xgboost,0.48636557107419304,True,utility_gap,
car,logreg,linear,covariate_shift,0.3,2876542023,test_only,True,low,True,ok,,0.8959537572254336,0.9874833511741763,0.22599314419010796,0.16301959419898662,0.04949749726950016,0.4212068587811807,1209,xgboost,0.48636557107419304,True,utility_gap,
car,logreg,linear,covariate_shift,0.4,1149131185,test_only,True,low,True,ok,,0.8959537572254336,0.9874833511741763,0.22599314419010796,0.16301959419898662,0.04949749726950016,0.4212068587811807,1209,xgboost,0.48636557107419304,True,utility_gap,
car,tabicl,icl,covariate_shift,0.0,753924289,test_only,True,low,True,ok,,0.9903660886319846,0.9998146330093713,0.02736603204397757,0.019740419359327452,0.008292567338571633,0.4909093955725651,1000,xgboost,0.48636557107419304,False,,
car,tabicl,icl,covariate_shift,0.05,721500663,test_only,True,low,True,ok,,0.9788053949903661,0.9994090413427213,0.04806006872232753,0.03466801140524235,0.007604990767462409,0.48469257214344214,1000,xgboost,0.48636557107419304,False,,
car,tabicl,icl,covariate_shift,0.1,3859582947,test_only,True,low,True,ok,,0.9884393063583815,0.99974509656348,0.02933091902458331,0.021157785710741048,0.0110900120219674,0.4896113416333594,1000,xgboost,0.48636557107419304,False,,
car,tabicl,icl,covariate_shift,0.2,1810657330,test_only,True,low,True,ok,,0.9903660886319846,0.9998505599020947,0.028311930305153266,0.020422740724619286,0.014987030636668954,0.4893783809158112,1000,xgboost,0.48636557107419304,False,,
car,tabicl,icl,covariate_shift,0.3,2876542023,test_only,True,low,True,ok,,0.9903660886319846,0.9997324067858863,0.03257889129040793,0.023500702451166085,0.013801790881986253,0.4886506867581108,1000,xgboost,0.48636557107419304,False,,
car,tabicl,icl,covariate_shift,0.4,1149131185,test_only,True,low,True,ok,,0.9922928709055877,0.9999034810624324,0.027077012144473275,0.019531935571460917,0.0130105173752326,0.4903484648612047,1000,xgboost,0.48636557107419304,False,,
car,xgboost,gbdt,covariate_shift,0.0,753924289,test_only,True,low,True,ok,,0.9903660886319846,0.9995355661623186,0.039674162308974886,0.028618858607290947,0.017205663976144456,0.48636557107419304,1209,xgboost,0.48636557107419304,False,,
car,xgboost,gbdt,covariate_shift,0.05,721500663,test_only,True,low,True,ok,,0.9903660886319846,0.9995355661623186,0.039674162308974886,0.028618858607290947,0.017205663976144456,0.48636557107419304,1209,xgboost,0.48636557107419304,False,,
car,xgboost,gbdt,covariate_shift,0.1,3859582947,test_only,True,low,True,ok,,0.9903660886319846,0.9995355661623186,0.039674162308974886,0.028618858607290947,0.017205663976144456,0.48636557107419304,1209,xgboost,0.48636557107419304,False,,
car,xgboost,gbdt,covariate_shift,0.2,1810657330,test_only,True,low,True,ok,,0.9903660886319846,0.9995355661623186,0.039674162308974886,0.028618858607290947,0.017205663976144456,0.48636557107419304,1209,xgboost,0.48636557107419304,False,,
car,xgboost,gbdt,covariate_shift,0.3,2876542023,test_only,True,low,True,ok,,0.9903660886319846,0.9995355661623186,0.039674162308974886,0.028618858607290947,0.017205663976144456,0.48636557107419304,1209,xgboost,0.48636557107419304,False,,
car,xgboost,gbdt,covariate_shift,0.4,1149131185,test_only,True,low,True,ok,,0.9903660886319846,0.9995355661623186,0.039674162308974886,0.028618858607290947,0.017205663976144456,0.48636557107419304,1209,xgboost,0.48636557107419304,False,,
car,catboost,gbdt,label_noise,0.0,1378653968,train_only,True,low,True,ok,,0.9788053949903661,0.9990234570350258,0.06655823430283597,0.04801161727951358,0.022979918783197745,0.4774795502703203,1209,xgboost,0.48636557107419304,False,,
car,catboost,gbdt,label_noise,0.05,2251075837,train_only,True,low,True,ok,,0.9614643545279383,0.9971850337660115,0.12592444682459636,0.09083528748026558,0.04819371399763571,0.456345085953688,1209,xgboost,0.48636557107419304,True,utility_gap,
car,catboost,gbdt,label_noise,0.1,719645287,train_only,True,low,True,ok,,0.9499036608863198,0.9930145604476563,0.18498712221901978,0.1334400019268502,0.07137541239330875,0.4357335622329108,1209,xgboost,0.48636557107419304,True,utility_gap,
car,catboost,gbdt,label_noise,0.2,68887170,train_only,True,low,True,ok,,0.8766859344894027,0.973477833080836,0.34302939515633435,0.24744340363559209,0.07707971898254974,0.38257116686451537,1209,xgboost,0.48636557107419304,True,utility_gap,
car,catboost,gbdt,label_noise,0.3,2650549459,train_only,True,low,True,ok,,0.8053949903660886,0.9259842373871836,0.522515447108425,0.37691522216560214,0.08425726167465163,0.31497771265581653,1209,xgboost,0.48636557107419304,True,utility_gap,
car,catboost,gbdt,label_noise,0.4,286087698,train_only,True,low,True,ok,,0.6955684007707129,0.82437189767677,0.7853520781176214,0.5665117742260671,0.04443009138665131,0.21402587375732604,1209,xgboost,0.48636557107419304,True,utility_gap,
car,hist_gbdt,gbdt,label_noise,0.0,1378653968,train_only,True,low,True,ok,,0.9922928709055877,0.9999892380542402,0.016129245930106288,0.011634791558321419,0.009902520549796168,0.4933692223773665,1209,xgboost,0.48636557107419304,False,,
car,hist_gbdt,gbdt,label_noise,0.05,2251075837,train_only,True,low,True,ok,,0.9710982658959537,0.9982009272581756,0.0900518486391898,0.06495867772732133,0.02513158952812555,0.47052114320093297,1209,xgboost,0.48636557107419304,False,,
car,hist_gbdt,gbdt,label_noise,0.1,719645287,train_only,True,low,True,ok,,0.9402697495183044,0.9935764302588703,0.15846883735095127,0.11431110289082858,0.05037348418739822,0.44442418531362204,1209,xgboost,0.48636557107419304,True,utility_gap,
car,hist_gbdt,gbdt,label_noise,0.2,68887170,train_only,True,low,True,ok,,0.8747591522157996,0.9706613172605949,0.3546759205144856,0.25584459582448826,0.07130577842473042,0.37993079944128566,1209,xgboost,0.48636557107419304,True,utility_gap,
car,hist_gbdt,gbdt,label_noise,0.3,2650549459,train_only,True,low,True,ok,,0.8285163776493256,0.9229581508475699,0.5320067208203224,0.3837617289235392,0.10338167401954461,0.3115079559630776,1209,xgboost,0.48636557107419304,True,utility_gap;ece,
car,hist_gbdt,gbdt,label_noise,0.4,286087698,train_only,True,low,True,ok,,0.697495183044316,0.8396819182909977,0.7683428422186184,0.554242204085666,0.05082164171095294,0.22207595929060614,1209,xgboost,0.48636557107419304,True,utility_gap,
car,logreg,linear,label_noise,0.0,1378653968,train_only,True,low,True,ok,,0.8959537572254336,0.9874833511741763,0.22599314419010796,0.16301959419898662,0.04949749726950016,0.4212068587811807,1209,xgboost,0.48636557107419304,True,utility_gap,
car,logreg,linear,label_noise,0.05,2251075837,train_only,True,low,True,ok,,0.8805394990366089,0.9729522241767262,0.35764826575375247,0.2579886896927384,0.11125450954371784,0.3729666945007804,1209,xgboost,0.48636557107419304,True,utility_gap;ece,
car,logreg,linear,label_noise,0.1,719645287,train_only,True,low,True,ok,,0.838150289017341,0.9494422604691187,0.4585196547869001,0.3307520160555901,0.12412487546027162,0.3339767546080613,1209,xgboost,0.48636557107419304,True,utility_gap;ece,
car,logreg,linear,label_noise,0.2,68887170,train_only,True,low,True,ok,,0.8265895953757225,0.935647935811193,0.577995226849239,0.41693542371644426,0.1922510424944618,0.28793438122645026,1209,xgboost,0.48636557107419304,True,utility_gap;ece,
car,logreg,linear,label_noise,0.3,2650549459,train_only,True,low,True,ok,,0.8208092485549133,0.9016629146970575,0.6885635201309227,0.4966935879149651,0.2589559713611467,0.23790413678048827,1209,xgboost,0.48636557107419304,True,utility_gap;ece,
car,logreg,linear,label_noise,0.4,286087698,train_only,True,low,True,ok,,0.8169556840077071,0.8766487997593001,0.8077641914972614,0.5826786966403911,0.3224929601147488,0.190068231501844,1209,xgboost,0.48636557107419304,True,utility_gap;ece,
car,tabicl,icl,label_noise,0.0,1378653968,train_only,True,low,True,ok,,0.9903660886319846,0.9998146330093713,0.02736603204397757,0.019740419359327452,0.008292567338571633,0.4909093955725651,1000,xgboost,0.48636557107419304,False,,
car,tabicl,icl,label_noise,0.05,2251075837,train_only,True,low,True,ok,,0.9730250481695568,0.9979893553849366,0.10839046940687677,0.07818719634646401,0.04433979801924187,0.4629259131023737,1001,xgboost,0.48636557107419304,False,,
car,tabicl,icl,label_noise,0.1,719645287,train_only,True,low,True,ok,,0.9730250481695568,0.9974535607885778,0.1473547491960392,0.10629398295828135,0.07069552623983694,0.44903520336598396,1000,xgboost,0.48636557107419304,True,utility_gap,
car,tabicl,icl,label_noise,0.2,68887170,train_only,True,low,True,ok,,0.9614643545279383,0.9952458743610879,0.2700556380069434,0.19480396485836116,0.1575296921855722,0.4026085813109487,999,xgboost,0.48636557107419304,True,utility_gap;ece,
car,tabicl,icl,label_noise,0.3,2650549459,train_only,True,low,True,ok,,0.9344894026974951,0.9878309489228309,0.4332569434583392,0.31252882187902803,0.24311203339822884,0.34353318928426085,1001,xgboost,0.48636557107419304,True,utility_gap;ece,
car,tabicl,icl,label_noise,0.4,286087698,train_only,True,low,True,ok,,0.8689788053949904,0.9698253248662076,0.6314636635317813,0.45550474793943896,0.3053099522823447,0.2720722696741206,1001,xgboost,0.48636557107419304,True,utility_gap;ece,
car,xgboost,gbdt,label_noise,0.0,1378653968,train_only,True,low,True,ok,,0.9903660886319846,0.9995355661623186,0.039674162308974886,0.028618858607290947,0.017205663976144456,0.48636557107419304,1209,xgboost,0.48636557107419304,False,,
car,xgboost,gbdt,label_noise,0.05,2251075837,train_only,True,low,True,ok,,0.9595375722543352,0.9960551205036245,0.1144359055660781,0.08254805672990931,0.019558308915460062,0.4638738492123541,1209,xgboost,0.48636557107419304,False,,
car,xgboost,gbdt,label_noise,0.1,719645287,train_only,True,low,True,ok,,0.9402697495183044,0.9926454802853841,0.16610752486702818,0.11982125119000087,0.030509798031479133,0.446418045564334,1209,xgboost,0.48636557107419304,True,utility_gap,
car,xgboost,gbdt,label_noise,0.2,68887170,train_only,True,low,True,ok,,0.8304431599229287,0.9580634999839083,0.4436164286013193,0.3200016107999981,0.04863250756545637,0.35416171422971643,1209,xgboost,0.48636557107419304,True,utility_gap,
car,xgboost,gbdt,label_noise,0.3,2650549459,train_only,True,low,True,ok,,0.766859344894027,0.9120974452154034,0.6680672250770587,0.4819086362995618,0.08023251993494696,0.2736439126826373,1209,xgboost,0.48636557107419304,True,utility_gap,
car,xgboost,gbdt,label_noise,0.4,286087698,train_only,True,low,True,ok,,0.649325626204239,0.8038129600155767,1.083317491312045,0.78144838621208,0.14897433416048947,0.1145039972403658,1209,xgboost,0.48636557107419304,True,utility_gap;ece;nll,
churn,catboost,gbdt,covariate_shift,0.0,1230650370,test_only,True,low,True,ok,,0.9546666666666667,0.9054406422125864,0.16320517814331872,0.23545530115476576,0.01832382381134425,0.38580286966570665,3500,catboost,0.38580286966570665,False,,
churn,catboost,gbdt,covariate_shift,0.05,744225428,test_only,True,low,True,ok,,0.9453333333333334,0.9049499003867338,0.1771549017738323,0.25558049825827933,0.018139529174768312,0.3782304098229194,3500,catboost,0.38580286966570665,False,,
churn,catboost,gbdt,covariate_shift,0.1,3492426655,test_only,True,low,True,ok,,0.9086666666666666,0.8720042775108403,0.2553823225559817,0.3684388102822205,0.01793337277599725,0.3273831794889285,3500,catboost,0.38580286966570665,True,utility_gap,
churn,catboost,gbdt,covariate_shift,0.2,1119641414,test_only,True,low,True,ok,,0.8333333333333334,0.8243363998593696,0.428794127970471,0.6186191619853061,0.07615433407885946,0.21270112453941561,3500,catboost,0.38580286966570665,True,utility_gap,
churn,catboost,gbdt,covariate_shift,0.3,2078396232,test_only,True,low,True,ok,,0.7266666666666667,0.7667950896519395,0.704094698208846,1.0157939294221134,0.16319859839196005,0.04000038287315278,3500,catboost,0.38580286966570665,True,utility_gap;ece;nll,
churn,catboost,gbdt,covariate_shift,0.4,2263623152,test_only,True,low,True,ok,,0.6273333333333333,0.7184973045822103,0.9830514502878422,1.4182434522689733,0.23630970990205968,-0.12716092105733035,3500,catboost,0.38580286966570665,True,utility_gap;ece;nll,
churn,hist_gbdt,gbdt,covariate_shift,0.0,1230650370,test_only,True,low,True,ok,,0.9506666666666667,0.9071948611273877,0.18198206002225883,0.2625446155248705,0.02345852490838852,0.3766631117554468,3500,catboost,0.38580286966570665,False,,
churn,hist_gbdt,gbdt,covariate_shift,0.05,744225428,test_only,True,low,True,ok,,0.9413333333333334,0.9070849935544357,0.21518740229297245,0.31044979814984974,0.028199365178152865,0.35990493526346695,3500,catboost,0.38580286966570665,False,,
churn,hist_gbdt,gbdt,covariate_shift,0.1,3492426655,test_only,True,low,True,ok,,0.922,0.8497487694831829,0.2914883354077142,0.42052877596968813,0.039586272593074415,0.3016361820095927,3500,catboost,0.38580286966570665,True,utility_gap,
churn,hist_gbdt,gbdt,covariate_shift,0.2,1119641414,test_only,True,low,True,ok,,0.87,0.7960784600960976,0.3939418836607468,0.5683380019558164,0.06143797860191472,0.22633846472650632,3500,catboost,0.38580286966570665,True,utility_gap,
churn,hist_gbdt,gbdt,covariate_shift,0.3,2078396232,test_only,True,low,True,ok,,0.7893333333333333,0.7367133481776632,0.5662972989188073,0.8169943048189783,0.11167592923684011,0.10881619456912062,3500,catboost,0.38580286966570665,True,utility_gap;ece;nll,
churn,hist_gbdt,gbdt,covariate_shift,0.4,2263623152,test_only,True,low,True,ok,,0.702,0.7147911051212938,0.7133197794549839,1.0291029083877143,0.17257583924814313,0.01223084642650988,3500,catboost,0.38580286966570665,True,utility_gap;ece;nll,
churn,logreg,linear,covariate_shift,0.0,1230650370,test_only,True,low,True,ok,,0.8546666666666667,0.8341036270948083,0.3155573410507752,0.4552530110500607,0.059690480115321506,0.27162227014510043,3500,catboost,0.38580286966570665,True,utility_gap,
churn,logreg,linear,covariate_shift,0.05,744225428,test_only,True,low,True,ok,,0.8486666666666667,0.8341036270948083,0.320369595372714,0.46219562649581825,0.059882800252229716,0.2686010214839915,3500,catboost,0.38580286966570665,True,utility_gap,
churn,logreg,linear,covariate_shift,0.1,3492426655,test_only,True,low,True,ok,,0.8546666666666667,0.8341036270948083,0.33279955022986085,0.48012826072669773,0.052124993041149814,0.26567279265694366,3500,catboost,0.38580286966570665,True,utility_gap,
churn,logreg,linear,covariate_shift,0.2,1119641414,test_only,True,low,True,ok,,0.8713333333333333,0.8341036270948083,0.38420579129397825,0.5542917897806425,0.07223150542502303,0.24190243146398555,3500,catboost,0.38580286966570665,True,utility_gap,
churn,logreg,linear,covariate_shift,0.3,2078396232,test_only,True,low,True,ok,,0.8226666666666667,0.8341036270948083,0.4770488611326176,0.6882360262177551,0.09116517904046766,0.19063242580976286,3500,catboost,0.38580286966570665,True,utility_gap,
churn,logreg,linear,covariate_shift,0.4,2263623152,test_only,True,low,True,ok,,0.7013333333333334,0.8341036270948083,0.6176048064080061,0.8910153914340186,0.05455888680089806,0.11891987469279774,3500,catboost,0.38580286966570665,True,utility_gap;nll,
churn,tabicl,icl,covariate_shift,0.0,1230650370,test_only,True,low,True,ok,,0.9473333333333334,0.9119374780264854,0.18016215598741014,0.2599190489989005,0.021238792018733695,0.379054644205853,1000,catboost,0.38580286966570665,False,,
churn,tabicl,icl,covariate_shift,0.05,744225428,test_only,True,low,True,ok,,0.9373333333333334,0.8956001699285129,0.21330810441622422,0.30773854442271187,0.04165892427150197,0.3534067112938655,1000,catboost,0.38580286966570665,True,utility_gap,
churn,tabicl,icl,covariate_shift,0.1,3492426655,test_only,True,low,True,ok,,0.9086666666666666,0.8701951248095627,0.26878764656842613,0.3877786047564838,0.04594239963424015,0.3153462323295537,1000,catboost,0.38580286966570665,True,utility_gap,
churn,tabicl,icl,covariate_shift,0.2,1119641414,test_only,True,low,True,ok,,0.882,0.8595013477088949,0.30035715732857815,0.4333237813734459,0.054536244014221746,0.29222108848323514,1000,catboost,0.38580286966570665,True,utility_gap,
churn,tabicl,icl,covariate_shift,0.3,2078396232,test_only,True,low,True,ok,,0.6526666666666666,0.7149522442282903,0.7392799235783328,1.0665554795752326,0.19482876296557006,-0.010799110985782172,1000,catboost,0.38580286966570665,True,utility_gap;ece;nll,
churn,tabicl,icl,covariate_shift,0.4,2263623152,test_only,True,low,True,ok,,0.694,0.7292533399742178,0.5829625631613089,0.8410371988967394,0.10775248566524252,0.08547701218890587,1000,catboost,0.38580286966570665,True,utility_gap;ece;nll,
churn,xgboost,gbdt,covariate_shift,0.0,1230650370,test_only,True,low,True,ok,,0.9533333333333334,0.9149515117778039,0.20941162943630506,0.3021171192922346,0.02714154419213839,0.3671695844961333,3500,catboost,0.38580286966570665,False,,
churn,xgboost,gbdt,covariate_shift,0.05,744225428,test_only,True,low,True,ok,,0.9393333333333334,0.9055285362709482,0.24477729098875003,0.35313898383170444,0.03578310028561605,0.34473667248819734,3500,catboost,0.38580286966570665,True,utility_gap,
churn,xgboost,gbdt,covariate_shift,0.1,3492426655,test_only,True,low,True,ok,,0.9366666666666666,0.8908172682526663,0.2699177099102944,0.38940894153568756,0.03354774323680306,0.3287538127803663,3500,catboost,0.38580286966570665,True,utility_gap,
churn,xgboost,gbdt,covariate_shift,0.2,1119641414,test_only,True,low,True,ok,,0.85,0.8070578928864408,0.5177806228942236,0.7469995369178948,0.09890194971259045,0.16609001149236774,3500,catboost,0.38580286966570665,True,utility_gap,
churn,xgboost,gbdt,covariate_shift,0.3,2078396232,test_only,True,low,True,ok,,0.736,0.7359076526426814,0.9179897509287333,1.3243792612517782,0.1973897239750031,-0.06882404474559557,3500,catboost,0.38580286966570665,True,utility_gap;ece;nll,
churn,xgboost,gbdt,covariate_shift,0.4,2263623152,test_only,True,low,True,ok,,0.602,0.7091988456580336,1.406795085970161,2.029576294076114,0.32347390671424747,-0.33504807358537203,3500,catboost,0.38580286966570665,True,utility_gap;ece;nll,
churn,catboost,gbdt,label_noise,0.0,2928313127,train_only,True,low,True,ok,,0.9546666666666667,0.9054406422125864,0.16320517814331872,0.23545530115476576,0.01832382381134425,0.38580286966570665,3500,catboost,0.38580286966570665,False,,
churn,catboost,gbdt,label_noise,0.05,2807402912,train_only,True,low,True,ok,,0.9493333333333334,0.9070849935544357,0.19566910178389432,0.28229084279882216,0.061301281458646155,0.36293223861267665,3500,catboost,0.38580286966570665,False,,
churn,catboost,gbdt,label_noise,0.1,1487794769,train_only,True,low,True,ok,,0.94,0.9113808156568614,0.24112880593074276,0.34787533253175984,0.1010131727415396,0.3354180511720656,3500,catboost,0.38580286966570665,True,utility_gap;ece,
churn,catboost,gbdt,label_noise,0.2,252632925,train_only,True,low,True,ok,,0.9293333333333333,0.879793888433142,0.3442480386287405,0.4966449381654362,0.17685420965303353,0.26296353757136215,3500,catboost,0.38580286966570665,True,utility_gap;ece,
churn,catboost,gbdt,label_noise,0.3,2690041309,train_only,True,low,True,ok,,0.8926666666666667,0.8068601312551271,0.45308319696130467,0.6536608813661917,0.21768504565314303,0.1766657723988084,3500,catboost,0.38580286966570665,True,utility_gap;ece,
churn,catboost,gbdt,label_noise,0.4,164813029,train_only,True,low,True,ok,,0.7446666666666667,0.6325002929801945,0.5957932062185258,0.8595479040068028,0.1435075164345407,0.0465092280541191,3500,catboost,0.38580286966570665,True,utility_gap;ece;nll,
churn,hist_gbdt,gbdt,label_noise,0.0,2928313127,train_only,True,low,True,ok,,0.9506666666666667,0.9071948611273877,0.18198206002225883,0.2625446155248705,0.02345852490838852,0.3766631117554468,3500,catboost,0.38580286966570665,False,,
churn,hist_gbdt,gbdt,label_noise,0.05,2807402912,train_only,True,low,True,ok,,0.9453333333333334,0.9060632251259814,0.19167465765723538,0.27652807806618324,0.02993244788948052,0.36997721579634235,3500,catboost,0.38580286966570665,False,,
churn,hist_gbdt,gbdt,label_noise,0.1,1487794769,train_only,True,low,True,ok,,0.936,0.8997311906715106,0.23350842970122096,0.33688145353572063,0.06654921130021059,0.34093163841427043,3500,catboost,0.38580286966570665,True,utility_gap,
churn,hist_gbdt,gbdt,label_noise,0.2,252632925,train_only,True,low,True,ok,,0.9046666666666666,0.8585345130669166,0.3381591389625783,0.4878605128125936,0.12871077515303553,0.2640867706990356,3500,catboost,0.38580286966570665,True,utility_gap;ece,
churn,hist_gbdt,gbdt,label_noise,0.3,2690041309,train_only,True,low,True,ok,,0.8393333333333334,0.7764744228290168,0.46020308392772186,0.6639327069843317,0.14379140669191656,0.16972795455647305,3500,catboost,0.38580286966570665,True,utility_gap;ece,
churn,hist_gbdt,gbdt,label_noise,0.4,164813029,train_only,True,low,True,ok,,0.6693333333333333,0.5974891597328021,0.6138028847864575,0.8855303779647621,0.032531930513109104,0.03735570641443032,3500,catboost,0.38580286966570665,True,utility_gap;nll,
churn,logreg,linear,label_noise,0.0,2928313127,train_only,True,low,True,ok,,0.8546666666666667,0.8341036270948083,0.3155573410507752,0.4552530110500607,0.059690480115321506,0.27162227014510043,3500,catboost,0.38580286966570665,True,utility_gap,
churn,logreg,linear,label_noise,0.05,2807402912,train_only,True,low,True,ok,,0.8553333333333333,0.8392454295089652,0.32350056254256826,0.4667126573049532,0.07956242920461461,0.26610961729572885,3500,catboost,0.38580286966570665,True,utility_gap,
churn,logreg,linear,label_noise,0.1,1487794769,train_only,True,low,True,ok,,0.8573333333333333,0.834041368803469,0.346545863771406,0.49995999910358974,0.11623597795129045,0.24727928375987915,3500,catboost,0.38580286966570665,True,utility_gap;ece,
churn,logreg,linear,label_noise,0.2,252632925,train_only,True,low,True,ok,,0.8613333333333333,0.8306830833235673,0.4125688042598743,0.5952109679312101,0.17193879401084752,0.20698802998171598,3500,catboost,0.38580286966570665,True,utility_gap;ece,
churn,logreg,linear,label_noise,0.3,2690041309,train_only,True,low,True,ok,,0.8726666666666667,0.7774449197234268,0.4827177513804357,0.6964145060656262,0.21596342460577675,0.15088868516235618,3500,catboost,0.38580286966570665,True,utility_gap;ece,
churn,logreg,linear,label_noise,0.4,164813029,train_only,True,low,True,ok,,0.834,0.6623952595804524,0.5872855350147244,0.8472739289515645,0.2550069984504316,0.05175476247760269,3500,catboost,0.38580286966570665,True,utility_gap;ece;nll,
churn,tabicl,icl,label_noise,0.0,2928313127,train_only,True,low,True,ok,,0.9473333333333334,0.9119374780264854,0.18016215598741014,0.2599190489989005,0.021238792018733695,0.379054644205853,1000,catboost,0.38580286966570665,False,,
churn,tabicl,icl,label_noise,0.05,2807402912,train_only,True,low,True,ok,,0.9226666666666666,0.8961495077932732,0.23169408701086922,0.33426391033387703,0.0367102790307716,0.34443109882132816,1000,catboost,0.38580286966570665,True,utility_gap,
churn,tabicl,icl,label_noise,0.1,1487794769,train_only,True,low,True,ok,,0.9086666666666666,0.8781531993437245,0.2818580496039145,0.4066352103982029,0.08500644646475751,0.3046617673578912,1000,catboost,0.38580286966570665,True,utility_gap,
churn,tabicl,icl,label_noise,0.2,252632925,train_only,True,low,True,ok,,0.8733333333333333,0.7739254951365288,0.39701303467726484,0.5727687362971681,0.13891080457211558,0.2022611414942115,1000,catboost,0.38580286966570665,True,utility_gap;ece,
churn,tabicl,icl,label_noise,0.3,2690041309,train_only,True,low,True,ok,,0.8726666666666667,0.7016765791632485,0.4756294611207276,0.6861882648595637,0.20169260638851008,0.13029180197156584,1000,catboost,0.38580286966570665,True,utility_gap;ece,
churn,tabicl,icl,label_noise,0.4,164813029,train_only,True,low,True,ok,,0.8586666666666667,0.558579558771827,0.5828956136714611,0.8409406111997461,0.2737653210996831,0.017267597990279014,1000,catboost,0.38580286966570665,True,utility_gap;ece;nll,
churn,xgboost,gbdt,label_noise,0.0,2928313127,train_only,True,low,True,ok,,0.9533333333333334,0.9149515117778039,0.20941162943630506,0.3021171192922346,0.02714154419213839,0.3671695844961333,3500,catboost,0.38580286966570665,False,,
churn,xgboost,gbdt,label_noise,0.05,2807402912,train_only,True,low,True,ok,,0.9373333333333334,0.8972115609984763,0.21765710059771906,0.31401281964659955,0.029953759589996604,0.35442944853748753,3500,catboost,0.38580286966570665,True,utility_gap,
churn,xgboost,gbdt,label_noise,0.1,1487794769,train_only,True,low,True,ok,,0.9293333333333333,0.8911432087190907,0.23099068277346552,0.33324911252883443,0.02082221044215088,0.3471609472046012,3500,catboost,0.38580286966570665,True,utility_gap,
churn,xgboost,gbdt,label_noise,0.2,252632925,train_only,True,low,True,ok,,0.8733333333333333,0.8357589651939529,0.3253501354100512,0.4693810269086336,0.019656457171815387,0.2787700383109303,3500,catboost,0.38580286966570665,True,utility_gap,
churn,xgboost,gbdt,label_noise,0.3,2690041309,train_only,True,low,True,ok,,0.7793333333333333,0.7225038087425291,0.5016567264032352,0.723737671410539,0.033561481000382504,0.145942735436647,3500,catboost,0.38580286966570665,True,utility_gap,
churn,xgboost,gbdt,label_noise,0.4,164813029,train_only,True,low,True,ok,,0.6146666666666667,0.5900438005390836,0.7396246255562979,1.0670527794094276,0.14141857024012205,-0.04968421768217344,3500,catboost,0.38580286966570665,True,utility_gap;ece;nll,
climate-model-simulation-crashes,catboost,gbdt,covariate_shift,0.0,3470108285,test_only,True,low,True,ok,,0.9259259259259259,0.9198841698841699,0.18993244763912198,0.274014600312864,0.03799535165039952,0.3710448979244092,378,catboost,0.3710448979244092,False,,
climate-model-simulation-crashes,catboost,gbdt,covariate_shift,0.05,1068792844,test_only,True,low,True,ok,,0.9259259259259259,0.9406370656370655,0.17500903421835481,0.2524846657775874,0.05544393523151617,0.3812776750822824,378,catboost,0.3710448979244092,False,,
climate-model-simulation-crashes,catboost,gbdt,covariate_shift,0.1,4225755354,test_only,True,low,True,ok,,0.9320987654320988,0.9546332046332046,0.15772386180229223,0.2275474332520232,0.04785365934823716,0.396101474591182,378,catboost,0.3710448979244092,False,,
climate-model-simulation-crashes,catboost,gbdt,covariate_shift,0.2,3863493020,test_only,True,low,True,ok,,0.9444444444444444,0.9700772200772201,0.15356360142731604,0.2215454462402382,0.05719578597879173,0.4032909026258639,378,catboost,0.3710448979244092,False,,
climate-model-simulation-crashes,catboost,gbdt,covariate_shift,0.3,2826200940,test_only,True,low,True,ok,,0.9135802469135802,0.9565637065637066,0.201580079982954,0.29081858173340835,0.04846053965921035,0.37489665188246973,378,catboost,0.3710448979244092,False,,
climate-model-simulation-crashes,catboost,gbdt,covariate_shift,0.4,501694013,test_only,True,low,True,ok,,0.9135802469135802,0.9459459459459459,0.26628886069472735,0.3841736187682552,0.09519713030407026,0.3338266064268275,378,catboost,0.3710448979244092,True,utility_gap,
climate-model-simulation-crashes,hist_gbdt,gbdt,covariate_shift,0.0,3470108285,test_only,True,low,True,ok,,0.9444444444444444,0.874034749034749,0.28653634764942587,0.4133845677882627,0.05156046572930604,0.31325136534648873,378,catboost,0.3710448979244092,True,utility_gap,
climate-model-simulation-crashes,hist_gbdt,gbdt,covariate_shift,0.05,1068792844,test_only,True,low,True,ok,,0.9444444444444444,0.9570463320463322,0.18096868474326194,0.26108262403530225,0.047022490220625865,0.38890359762816706,378,catboost,0.3710448979244092,False,,
climate-model-simulation-crashes,hist_gbdt,gbdt,covariate_shift,0.1,4225755354,test_only,True,low,True,ok,,0.9197530864197531,0.9551158301158301,0.17645389191864336,0.25456915481658393,0.04926424030587789,0.38602990899735273,378,catboost,0.3710448979244092,False,,
climate-model-simulation-crashes,hist_gbdt,gbdt,covariate_shift,0.2,3863493020,test_only,True,low,True,ok,,0.9444444444444444,0.971042471042471,0.12815566349653806,0.18488954018829024,0.03996627051041574,0.4180714153729613,378,catboost,0.3710448979244092,False,,
climate-model-simulation-crashes,hist_gbdt,gbdt,covariate_shift,0.3,2826200940,test_only,True,low,True,ok,,0.9074074074074074,0.9382239382239382,0.22214399230524362,0.320486036062051,0.05481351460738333,0.3573809757493975,378,catboost,0.3710448979244092,False,,
climate-model-simulation-crashes,hist_gbdt,gbdt,covariate_shift,0.4,501694013,test_only,True,low,True,ok,,0.8827160493827161,0.9131274131274132,0.24976646073387054,0.36033683428114305,0.06016565481880928,0.33186782075389726,378,catboost,0.3710448979244092,True,utility_gap,
climate-model-simulation-crashes,logreg,linear,covariate_shift,0.0,3470108285,test_only,True,low,True,ok,,0.9567901234567902,0.9787644787644787,0.10995941814050177,0.15863790725033783,0.037891149528102054,0.4309164840053643,378,catboost,0.3710448979244092,False,,
climate-model-simulation-crashes,logreg,linear,covariate_shift,0.05,1068792844,test_only,True,low,True,ok,,0.9629629629629629,0.9787644787644787,0.11311503755236364,0.1631905037267639,0.0398367385778004,0.4300875131784227,378,catboost,0.3710448979244092,False,,
climate-model-simulation-crashes,logreg,linear,covariate_shift,0.1,4225755354,test_only,True,low,True,ok,,0.9629629629629629,0.9787644787644787,0.12296027279769628,0.17739417579159053,0.048566059815581084,0.4240805473114186,378,catboost,0.3710448979244092,False,,
climate-model-simulation-crashes,logreg,linear,covariate_shift,0.2,3863493020,test_only,True,low,True,ok,,0.9135802469135802,0.9787644787644787,0.16570458727905873,0.23906118632005047,0.04319806241878134,0.3992466362248331,378,catboost,0.3710448979244092,False,,
climate-model-simulation-crashes,logreg,linear,covariate_shift,0.3,2826200940,test_only,True,low,True,ok,,0.8888888888888888,0.9787644787644787,0.24366438825805145,0.3515334045811338,0.06518694964092642,0.3574034895983755,378,catboost,0.3710448979244092,False,,
climate-model-simulation-crashes,logreg,linear,covariate_shift,0.4,501694013,test_only,True,low,True,ok,,0.808641975308642,0.9787644787644787,0.36110833057535957,0.5209691977447637,0.09692137975248112,0.2881888285899385,378,catboost,0.3710448979244092,True,utility_gap,
climate-model-simulation-crashes,tabicl,icl,covariate_shift,0.0,3470108285,test_only,True,low,True,ok,,0.9753086419753086,0.9816602316602316,0.10219160743402622,0.14743132526554137,0.030662453223558893,0.43951548915300315,378,catboost,0.3710448979244092,False,,
climate-model-simulation-crashes,tabicl,icl,covariate_shift,0.05,1068792844,test_only,True,low,True,ok,,0.9567901234567902,0.9792471042471043,0.10745733101147568,0.1550281585574198,0.0253474197803414,0.43467707348171075,378,catboost,0.3710448979244092,False,,
climate-model-simulation-crashes,tabicl,icl,covariate_shift,0.1,4225755354,test_only,True,low,True,ok,,0.9567901234567902,0.9773166023166023,0.12890726024349985,0.18597386508788027,0.03666711914613328,0.42245374597373864,378,catboost,0.3710448979244092,False,,
climate-model-simulation-crashes,tabicl,icl,covariate_shift,0.2,3863493020,test_only,True,low,True,ok,,0.9444444444444444,0.9734555984555985,0.18937617016831135,0.2732120615643672,0.07991027343908319,0.3844304529689993,378,catboost,0.3710448979244092,False,,
climate-model-simulation-crashes,tabicl,icl,covariate_shift,0.3,2826200940,test_only,True,low,True,ok,,0.9135802469135802,0.959942084942085,0.26012076780883875,0.37527494175004117,0.10232059726102816,0.3399701647895488,378,catboost,0.3710448979244092,True,utility_gap;ece,
climate-model-simulation-crashes,tabicl,icl,covariate_shift,0.4,501694013,test_only,True,low,True,ok,,0.9074074074074074,0.9391891891891893,0.3224724964427695,0.46522947144106747,0.14628332021153276,0.2960018218527006,378,catboost,0.3710448979244092,True,utility_gap;ece,
climate-model-simulation-crashes,xgboost,gbdt,covariate_shift,0.0,3470108285,test_only,True,low,True,ok,,0.9320987654320988,0.859073359073359,0.24960069511089814,0.36009768503893086,0.0440208063597574,0.3236570237068597,378,catboost,0.3710448979244092,True,utility_gap,
climate-model-simulation-crashes,xgboost,gbdt,covariate_shift,0.05,1068792844,test_only,True,low,True,ok,,0.9382716049382716,0.9251930501930502,0.19468167048818003,0.28086628056527657,0.04679557171617202,0.37093930979549095,378,catboost,0.3710448979244092,False,,
climate-model-simulation-crashes,xgboost,gbdt,covariate_shift,0.1,4225755354,test_only,True,low,True,ok,,0.9320987654320988,0.94980694980695,0.1662686533185646,0.23987496159797947,0.037316638136048616,0.3928214311406437,378,catboost,0.3710448979244092,False,,
climate-model-simulation-crashes,xgboost,gbdt,covariate_shift,0.2,3863493020,test_only,True,low,True,ok,,0.9320987654320988,0.9633204633204633,0.17066789167854576,0.24622172096361278,0.028724064380429286,0.3973656478118073,378,catboost,0.3710448979244092,False,,
climate-model-simulation-crashes,xgboost,gbdt,covariate_shift,0.3,2826200940,test_only,True,low,True,ok,,0.8888888888888888,0.9478764478764479,0.24901852707968417,0.3592577941073344,0.06495956928432874,0.344320838001024,378,catboost,0.3710448979244092,False,,
climate-model-simulation-crashes,xgboost,gbdt,covariate_shift,0.4,501694013,test_only,True,low,True,ok,,0.8395061728395061,0.9034749034749036,0.35564087278254986,0.5130813235008074,0.0754281665483505,0.2731321117822298,378,catboost,0.3710448979244092,True,utility_gap,
climate-model-simulation-crashes,catboost,gbdt,label_noise,0.0,2434761008,train_only,True,low,True,ok,,0.9259259259259259,0.9198841698841699,0.18993244763912198,0.274014600312864,0.03799535165039952,0.3710448979244092,378,catboost,0.3710448979244092,False,,
climate-model-simulation-crashes,catboost,gbdt,label_noise,0.05,3313725464,train_only,True,low,True,ok,,0.9259259259259259,0.9203667953667953,0.19215514962429064,0.2772212814442409,0.040334458857320586,0.3697839910625308,378,catboost,0.3710448979244092,False,,
climate-model-simulation-crashes,catboost,gbdt,label_noise,0.1,2677674616,train_only,True,low,True,ok,,0.9259259259259259,0.8653474903474904,0.23440782715432487,0.3381790097811018,0.061186179187932496,0.32806957173859347,378,catboost,0.3710448979244092,True,utility_gap,
climate-model-simulation-crashes,catboost,gbdt,label_noise,0.2,1682216912,train_only,True,low,True,ok,,0.9135802469135802,0.8103281853281853,0.3196485801830243,0.4611554214572473,0.13398864698303795,0.25550754606812004,378,catboost,0.3710448979244092,True,utility_gap;ece,
climate-model-simulation-crashes,catboost,gbdt,label_noise,0.3,3934717293,train_only,True,low,True,ok,,0.9074074074074074,0.7804054054054055,0.3908530681441699,0.56388178312783,0.18909633636277434,0.2022692007920992,378,catboost,0.3710448979244092,True,utility_gap;ece,
climate-model-simulation-crashes,catboost,gbdt,label_noise,0.4,2670482163,train_only,True,low,True,ok,,0.8024691358024691,0.6785714285714286,0.5246106102684417,0.7568531258320136,0.16265845085181388,0.0982827424504035,378,catboost,0.3710448979244092,True,utility_gap;ece;nll,
climate-model-simulation-crashes,hist_gbdt,gbdt,label_noise,0.0,2434761008,train_only,True,low,True,ok,,0.9444444444444444,0.874034749034749,0.28653634764942587,0.4133845677882627,0.05156046572930604,0.31325136534648873,378,catboost,0.3710448979244092,True,utility_gap,
climate-model-simulation-crashes,hist_gbdt,gbdt,label_noise,0.05,3313725464,train_only,True,low,True,ok,,0.9444444444444444,0.8315637065637066,0.23472755543865118,0.3386402801913313,0.052980328965570256,0.3205258141134505,378,catboost,0.3710448979244092,True,utility_gap,
climate-model-simulation-crashes,hist_gbdt,gbdt,label_noise,0.1,2677674616,train_only,True,low,True,ok,,0.9135802469135802,0.847007722007722,0.23001646069336784,0.331843607165153,0.029394183491833314,0.32805782089182717,378,catboost,0.3710448979244092,True,utility_gap,
climate-model-simulation-crashes,hist_gbdt,gbdt,label_noise,0.2,1682216912,train_only,True,low,True,ok,,0.8271604938271605,0.6689189189189189,0.39119316328052756,0.5643724366944837,0.05855525229998606,0.17717291422735335,378,catboost,0.3710448979244092,True,utility_gap,
climate-model-simulation-crashes,hist_gbdt,gbdt,label_noise,0.3,3934717293,train_only,True,low,True,ok,,0.8209876543209876,0.734073359073359,0.402040329609274,0.5800215897646639,0.07519761823062446,0.19102782324829976,378,catboost,0.3710448979244092,True,utility_gap,
climate-model-simulation-crashes,hist_gbdt,gbdt,label_noise,0.4,2670482163,train_only,True,low,True,ok,,0.6975308641975309,0.6520270270270271,0.5975373755985136,0.8620642085217816,0.0865787393715166,0.05690407865825134,378,catboost,0.3710448979244092,True,utility_gap;nll,
climate-model-simulation-crashes,logreg,linear,label_noise,0.0,2434761008,train_only,True,low,True,ok,,0.9567901234567902,0.9787644787644787,0.10995941814050177,0.15863790725033783,0.037891149528102054,0.4309164840053643,378,catboost,0.3710448979244092,False,,
climate-model-simulation-crashes,logreg,linear,label_noise,0.05,3313725464,train_only,True,low,True,ok,,0.9382716049382716,0.972007722007722,0.1719080288810592,0.2480108607557008,0.09304616071953471,0.38793095307282627,378,catboost,0.3710448979244092,False,,
climate-model-simulation-crashes,logreg,linear,label_noise,0.1,2677674616,train_only,True,low,True,ok,,0.9012345679012346,0.8832046332046333,0.26709208321692907,0.3853324239177659,0.09558919161161017,0.309589241309155,378,catboost,0.3710448979244092,True,utility_gap,
climate-model-simulation-crashes,logreg,linear,label_noise,0.2,1682216912,train_only,True,low,True,ok,,0.9320987654320988,0.888030888030888,0.35118778010159335,0.5066568687733726,0.1966074596184463,0.2593070730699245,378,catboost,0.3710448979244092,True,utility_gap;ece,
climate-model-simulation-crashes,logreg,linear,label_noise,0.3,3934717293,train_only,True,low,True,ok,,0.9382716049382716,0.9527027027027027,0.4064433874524249,0.586373859479725,0.2585731622243087,0.24655989639790743,378,catboost,0.3710448979244092,True,utility_gap;ece,
climate-model-simulation-crashes,logreg,linear,label_noise,0.4,2670482163,train_only,True,low,True,ok,,0.7716049382716049,0.6095559845559846,0.5471202706258156,0.7893277012016918,0.1745029577307908,0.05738643342866966,378,catboost,0.3710448979244092,True,utility_gap;ece;nll,
climate-model-simulation-crashes,tabicl,icl,label_noise,0.0,2434761008,train_only,True,low,True,ok,,0.9753086419753086,0.9816602316602316,0.10219160743402622,0.14743132526554137,0.030662453223558893,0.43951548915300315,378,catboost,0.3710448979244092,False,,
climate-model-simulation-crashes,tabicl,icl,label_noise,0.05,3313725464,train_only,True,low,True,ok,,0.9506172839506173,0.943050193050193,0.1680058550425075,0.24238121391013565,0.05402688150854772,0.3891404196854099,378,catboost,0.3710448979244092,False,,
climate-model-simulation-crashes,tabicl,icl,label_noise,0.1,2677674616,train_only,True,low,True,ok,,0.9074074074074074,0.9261583011583011,0.23268906127069505,0.33569935476433993,0.08743121968632507,0.3420704661499495,378,catboost,0.3710448979244092,False,,
climate-model-simulation-crashes,tabicl,icl,label_noise,0.2,1682216912,train_only,True,low,True,ok,,0.9259259259259259,0.861969111969112,0.3356606650199014,0.4842559768457033,0.16830410206870164,0.26164046461062673,378,catboost,0.3710448979244092,True,utility_gap;ece,
climate-model-simulation-crashes,tabicl,icl,label_noise,0.3,3934717293,train_only,True,low,True,ok,,0.9135802469135802,0.959942084942085,0.41117858487452386,0.5932053053182174,0.26672383687376344,0.24171040779654884,378,catboost,0.3710448979244092,True,utility_gap;ece,
climate-model-simulation-crashes,tabicl,icl,label_noise,0.4,2670482163,train_only,True,low,True,ok,,0.9135802469135802,0.4985521235521235,0.5495245920856778,0.7927964038485379,0.3112228821206229,0.011446782701594313,378,catboost,0.3710448979244092,True,utility_gap;ece;nll,
climate-model-simulation-crashes,xgboost,gbdt,label_noise,0.0,2434761008,train_only,True,low,True,ok,,0.9320987654320988,0.859073359073359,0.24960069511089814,0.36009768503893086,0.0440208063597574,0.3236570237068597,378,catboost,0.3710448979244092,True,utility_gap,
climate-model-simulation-crashes,xgboost,gbdt,label_noise,0.05,3313725464,train_only,True,low,True,ok,,0.9320987654320988,0.8735521235521235,0.21008416679128922,0.3030873855990828,0.03949832217059135,0.3467321779442149,378,catboost,0.3710448979244092,False,,
climate-model-simulation-crashes,xgboost,gbdt,label_noise,0.1,2677674616,train_only,True,low,True,ok,,0.9135802469135802,0.8001930501930502,0.2584860629766452,0.37291656119531835,0.045616507375725174,0.296106334770864,378,catboost,0.3710448979244092,True,utility_gap,
climate-model-simulation-crashes,xgboost,gbdt,label_noise,0.2,1682216912,train_only,True,low,True,ok,,0.845679012345679,0.706081081081081,0.424229115227443,0.6120332407393446,0.06350610354686201,0.1776690372990544,378,catboost,0.3710448979244092,True,utility_gap,
climate-model-simulation-crashes,xgboost,gbdt,label_noise,0.3,3934717293,train_only,True,low,True,ok,,0.845679012345679,0.753861003861004,0.3857067184719038,0.5564571699769711,0.053981356144774506,0.21296978098115693,378,catboost,0.3710448979244092,True,utility_gap,
climate-model-simulation-crashes,xgboost,gbdt,label_noise,0.4,2670482163,train_only,True,low,True,ok,,0.6790123456790124,0.6776061776061777,0.687461184498425,0.9917968416795304,0.1745897036866172,0.006557020772831511,378,catboost,0.3710448979244092,True,utility_gap;ece;nll,
cmc,catboost,gbdt,covariate_shift,0.0,2506596946,test_only,False,high,True,ok,,0.5384615384615384,0.7157121853461609,1.0494056337110105,0.9552101724469563,0.16898469776370847,0.010908504353558515,1031,catboost,0.010908504353558515,True,ece;nll,
cmc,catboost,gbdt,covariate_shift,0.05,2673370194,test_only,False,low,True,ok,,0.5565610859728507,0.7148338183006658,1.0500719549728295,0.9558166841969994,0.14559188061139908,0.017812617919780987,1031,catboost,0.010908504353558515,True,ece;nll,
cmc,catboost,gbdt,covariate_shift,0.1,34187556,test_only,False,low,True,ok,,0.4841628959276018,0.6622671294286816,1.1644456198822504,1.0599240804906278,0.20032346523121933,-0.05362398750425339,1031,catboost,0.010908504353558515,True,utility_gap;ece;nll,
cmc,catboost,gbdt,covariate_shift,0.2,3712704359,test_only,False,low,True,ok,,0.4796380090497738,0.6630731380034195,1.1545352018435662,1.0509032292395473,0.20089487509693943,-0.051428644132589185,1031,catboost,0.010908504353558515,True,utility_gap;ece;nll,
cmc,catboost,gbdt,covariate_shift,0.3,3903538602,test_only,False,low,True,ok,,0.43665158371040724,0.6184206803745371,1.2768053713648546,1.162198333784137,0.23171815615426936,-0.11305815567844589,1031,catboost,0.010908504353558515,True,utility_gap;ece;nll,
cmc,catboost,gbdt,covariate_shift,0.4,4162609920,test_only,False,low,True,ok,,0.40497737556561086,0.6016051839439719,1.3647343845222448,1.242234770718581,0.28211426990541827,-0.1577848644814262,1031,catboost,0.010908504353558515,True,utility_gap;ece;nll,
cmc,hist_gbdt,gbdt,covariate_shift,0.0,2506596946,test_only,False,high,True,ok,,0.5294117647058824,0.7125439553809021,1.1645898859718282,1.0600553971444335,0.20675720501757527,-0.030565911057647104,1031,catboost,0.010908504353558515,True,utility_gap;ece;nll,
cmc,hist_gbdt,gbdt,covariate_shift,0.05,2673370194,test_only,False,low,True,ok,,0.5294117647058824,0.7158902661425254,1.1642108372583935,1.0597103721366627,0.2147051990936687,-0.030880793603966374,1031,catboost,0.010908504353558515,True,utility_gap;ece;nll,
cmc,hist_gbdt,gbdt,covariate_shift,0.1,34187556,test_only,False,low,True,ok,,0.497737556561086,0.6640281485887621,1.2999661230626967,1.183280158497677,0.2302003356031781,-0.09395362917970912,1031,catboost,0.010908504353558515,True,utility_gap;ece;nll,
cmc,hist_gbdt,gbdt,covariate_shift,0.2,3712704359,test_only,False,low,True,ok,,0.49321266968325794,0.6527196879277825,1.330963505295722,1.2114951917289225,0.24995675263148923,-0.11100611681776204,1031,catboost,0.010908504353558515,True,utility_gap;ece;nll,
cmc,hist_gbdt,gbdt,covariate_shift,0.3,3903538602,test_only,False,low,True,ok,,0.4411764705882353,0.6170919131947586,1.4431985691934937,1.3136559494916438,0.287641089016768,-0.1694663624444459,1031,catboost,0.010908504353558515,True,utility_gap;ece;nll,
cmc,hist_gbdt,gbdt,covariate_shift,0.4,4162609920,test_only,False,low,True,ok,,0.4343891402714932,0.597008463610007,1.5602075121110022,1.4201620792013006,0.29530827851342273,-0.21099894615884826,1031,catboost,0.010908504353558515,True,utility_gap;ece;nll,
cmc,logreg,linear,covariate_shift,0.0,2506596946,test_only,False,high,True,ok,,0.5384615384615384,0.7149800995829493,0.9467850210268346,0.8618008653213398,0.03375594502988696,0.06572081702088366,1031,catboost,0.010908504353558515,True,nll,
cmc,logreg,linear,covariate_shift,0.05,2673370194,test_only,False,low,True,ok,,0.5429864253393665,0.7151249750185492,0.9474720095517225,0.8624261892249353,0.030191271388428365,0.06697559401223097,1031,catboost,0.010908504353558515,True,nll,
cmc,logreg,linear,covariate_shift,0.1,34187556,test_only,False,low,True,ok,,0.5475113122171946,0.714663979017148,0.9489139420384219,0.8637386927364767,0.038951693673681516,0.06534714293290164,1031,catboost,0.010908504353558515,True,nll,
cmc,logreg,linear,covariate_shift,0.2,3712704359,test_only,False,low,True,ok,,0.5407239819004525,0.7141601498220339,0.9541268020199051,0.8684836423745359,0.05497001771622448,0.05952555346717406,1031,catboost,0.010908504353558515,True,nll,
cmc,logreg,linear,covariate_shift,0.3,3903538602,test_only,False,low,True,ok,,0.5316742081447964,0.7132273116493009,0.9625440580015538,0.876145358949592,0.03868802937692995,0.05879947673871119,1031,catboost,0.010908504353558515,True,nll,
cmc,logreg,linear,covariate_shift,0.4,4162609920,test_only,False,low,True,ok,,0.5180995475113123,0.7121342624326227,0.9742721380696747,0.886820717480616,0.03320975560197511,0.054273757613534965,1031,catboost,0.010908504353558515,True,nll,
cmc,tabicl,icl,covariate_shift,0.0,2506596946,test_only,False,high,True,ok,,0.6063348416289592,0.7787944426182208,0.8465111676241461,0.7705276705491838,0.05282497717661555,0.12180498456064293,1000,catboost,0.010908504353558515,True,nll,
cmc,tabicl,icl,covariate_shift,0.05,2673370194,test_only,False,low,True,ok,,0.6131221719457014,0.7737027558228556,0.8667467282217144,0.7889468715778749,0.06620362177455959,0.11283950450158031,1000,catboost,0.010908504353558515,True,nll,
cmc,tabicl,icl,covariate_shift,0.1,34187556,test_only,False,low,True,ok,,0.583710407239819,0.7681191564925022,0.8865843220398595,0.8070038276330406,0.06443137746339744,0.10141084207575696,1000,catboost,0.010908504353558515,True,nll,
cmc,tabicl,icl,covariate_shift,0.2,3712704359,test_only,False,low,True,ok,,0.5656108597285068,0.7357439400852055,0.9259545226558625,0.8428401285938947,0.06264050666268628,0.07697186807839226,1000,catboost,0.010908504353558515,True,nll,
cmc,tabicl,icl,covariate_shift,0.3,3903538602,test_only,False,low,True,ok,,0.5067873303167421,0.688250192268015,0.9878334615548423,0.8991647660817913,0.05770756308229028,0.035614724400321124,1000,catboost,0.010908504353558515,True,nll,
cmc,tabicl,icl,covariate_shift,0.4,4162609920,test_only,False,low,True,ok,,0.4479638009049774,0.6471825599114737,1.056966255022347,0.9620921465422058,0.12561604806298124,-0.0200423874704956,1000,catboost,0.010908504353558515,True,utility_gap;ece;nll,
cmc,xgboost,gbdt,covariate_shift,0.0,2506596946,test_only,False,high,True,ok,,0.5226244343891403,0.7008816931452749,1.3878080908366217,1.2632373633095941,0.2651400566380588,-0.10829696256127275,1031,catboost,0.010908504353558515,True,utility_gap;ece;nll,
cmc,xgboost,gbdt,covariate_shift,0.05,2673370194,test_only,False,low,True,ok,,0.5180995475113123,0.6985649437077113,1.4213391653562517,1.293758662648309,0.2723763876917777,-0.12039021390845253,1031,catboost,0.010908504353558515,True,utility_gap;ece;nll,
cmc,xgboost,gbdt,covariate_shift,0.1,34187556,test_only,False,low,True,ok,,0.5113122171945701,0.7111741792542845,1.3931769316562421,1.268124292825128,0.28835625483380134,-0.11250074349611358,1031,catboost,0.010908504353558515,True,utility_gap;ece;nll,
cmc,xgboost,gbdt,covariate_shift,0.2,3712704359,test_only,False,low,True,ok,,0.4819004524886878,0.6473523809245035,1.6452650176798944,1.497584757289137,0.30778603228304957,-0.21197423244647165,1031,catboost,0.010908504353558515,True,utility_gap;ece;nll,
cmc,xgboost,gbdt,covariate_shift,0.3,3903538602,test_only,False,low,True,ok,,0.42081447963800905,0.5950181728643767,1.855330613944903,1.6887947031743038,0.3663222734672514,-0.3085243331975082,1031,catboost,0.010908504353558515,True,utility_gap;ece;nll,
cmc,xgboost,gbdt,covariate_shift,0.4,4162609920,test_only,False,low,True,ok,,0.4343891402714932,0.5944120054782143,2.006337275763567,1.8262468902436249,0.3812430983213035,-0.35092011377924914,1031,catboost,0.010908504353558515,True,utility_gap;ece;nll,
cmc,catboost,gbdt,label_noise,0.0,2616551384,train_only,False,high,True,ok,,0.5384615384615384,0.7157121853461609,1.0494056337110105,0.9552101724469563,0.16898469776370847,0.010908504353558515,1031,catboost,0.010908504353558515,True,ece;nll,
cmc,catboost,gbdt,label_noise,0.05,119990209,train_only,False,high,True,ok,,0.5565610859728507,0.7205403069382355,1.01832564584096,0.92691994832455,0.13299954311579024,0.030997377203786963,1031,catboost,0.010908504353558515,True,ece;nll,
cmc,catboost,gbdt,label_noise,0.1,2933029513,train_only,False,high,True,ok,,0.5294117647058824,0.7029103650999384,1.0467115326657557,0.952757895995069,0.13012416794562395,0.013578190103215353,1031,catboost,0.010908504353558515,True,ece;nll,
cmc,catboost,gbdt,label_noise,0.2,1450933987,train_only,False,high,True,ok,,0.5339366515837104,0.6833106842008562,1.0856738921973474,0.9882229640026619,0.11808764659502628,-0.0008351813119476179,1031,catboost,0.010908504353558515,True,ece;nll,
cmc,catboost,gbdt,label_noise,0.3,2418322371,train_only,False,high,True,ok,,0.46153846153846156,0.6706641287960937,1.0708817398688255,0.9747585667070017,0.16497427296682834,-0.0214592102960642,1031,catboost,0.010908504353558515,True,utility_gap;ece;nll,
cmc,catboost,gbdt,label_noise,0.4,2793446515,train_only,False,high,True,ok,,0.4502262443438914,0.6382333406030841,1.126517413641587,1.025400339374783,0.16528407329857708,-0.049761310609487165,1031,catboost,0.010908504353558515,True,utility_gap;ece;nll,
cmc,hist_gbdt,gbdt,label_noise,0.0,2616551384,train_only,False,high,True,ok,,0.5294117647058824,0.7125439553809021,1.1645898859718282,1.0600553971444335,0.20675720501757527,-0.030565911057647104,1031,catboost,0.010908504353558515,True,utility_gap;ece;nll,
cmc,hist_gbdt,gbdt,label_noise,0.05,119990209,train_only,False,high,True,ok,,0.5361990950226244,0.7209432405982433,1.1115898353883025,1.011812672090102,0.19235047553529677,-0.009253898271311137,1031,catboost,0.010908504353558515,True,ece;nll,
cmc,hist_gbdt,gbdt,label_noise,0.1,2933029513,train_only,False,high,True,ok,,0.5090497737556561,0.6922882778532614,1.1405247523683522,1.038150368544534,0.192785611699711,-0.03134386959131249,1031,catboost,0.010908504353558515,True,utility_gap;ece;nll,
cmc,hist_gbdt,gbdt,label_noise,0.2,1450933987,train_only,False,high,True,ok,,0.5067873303167421,0.6643454541281432,1.1820850400470553,1.0759801726595857,0.17436047183581407,-0.04912713767267712,1031,catboost,0.010908504353558515,True,utility_gap;ece;nll,
cmc,hist_gbdt,gbdt,label_noise,0.3,2418322371,train_only,False,high,True,ok,,0.4751131221719457,0.653598246187223,1.1430682886324597,1.0404655950264725,0.1839934038762775,-0.04891200479187735,1031,catboost,0.010908504353558515,True,utility_gap;ece;nll,
cmc,hist_gbdt,gbdt,label_noise,0.4,2793446515,train_only,False,high,True,ok,,0.4276018099547511,0.610904568843791,1.2357808521290405,1.124856207122192,0.209684094081106,-0.10143681036433928,1031,catboost,0.010908504353558515,True,utility_gap;ece;nll,
cmc,logreg,linear,label_noise,0.0,2616551384,train_only,False,high,True,ok,,0.5384615384615384,0.7149800995829493,0.9467850210268346,0.8618008653213398,0.03375594502988696,0.06572081702088366,1031,catboost,0.010908504353558515,True,nll,
cmc,logreg,linear,label_noise,0.05,119990209,train_only,False,high,True,ok,,0.5475113122171946,0.7150040812208358,0.9475544545169814,0.8625012338663518,0.04363253812675576,0.06490124747461501,1031,catboost,0.010908504353558515,True,nll,
cmc,logreg,linear,label_noise,0.1,2933029513,train_only,False,high,True,ok,,0.5316742081447964,0.707984503544186,0.9549602822877794,0.8692423088089746,0.057361125562899684,0.055300789706912226,1031,catboost,0.010908504353558515,True,nll,
cmc,logreg,linear,label_noise,0.2,1450933987,train_only,False,high,True,ok,,0.5384615384615384,0.68931877834807,0.9773423407041243,0.889615336352185,0.06685417351825843,0.04177536758174805,1031,catboost,0.010908504353558515,True,nll,
cmc,logreg,linear,label_noise,0.3,2418322371,train_only,False,high,True,ok,,0.5475113122171946,0.7117588419221189,0.9899005531010965,0.9010463138922206,0.1198356044448449,0.03696127644868567,1031,catboost,0.010908504353558515,True,ece;nll,
cmc,logreg,linear,label_noise,0.4,2793446515,train_only,False,high,True,ok,,0.5294117647058824,0.7072536717362788,0.9991435361403368,0.9094596396255836,0.10410236428314984,0.03329218506927489,1031,catboost,0.010908504353558515,True,ece;nll,
cmc,tabicl,icl,label_noise,0.0,2616551384,train_only,False,high,True,ok,,0.6063348416289592,0.7787944426182208,0.8465111676241461,0.7705276705491838,0.05282497717661555,0.12180498456064293,1000,catboost,0.010908504353558515,True,nll,
cmc,tabicl,icl,label_noise,0.05,119990209,train_only,False,high,True,ok,,0.6085972850678733,0.7850816606296686,0.8420033754901787,0.7664245013233667,0.06524548188794121,0.1230917272059667,1000,catboost,0.010908504353558515,True,nll,
cmc,tabicl,icl,label_noise,0.1,2933029513,train_only,False,high,True,ok,,0.6153846153846154,0.7735617239209187,0.8598157820234549,0.7826380524705789,0.07885473404267285,0.1124919331303056,1000,catboost,0.010908504353558515,True,nll,
cmc,tabicl,icl,label_noise,0.2,1450933987,train_only,False,high,True,ok,,0.5769230769230769,0.7646590822795142,0.9013453172842505,0.8204398645285375,0.10062826090668572,0.08791152879639307,1000,catboost,0.010908504353558515,True,ece;nll,
cmc,tabicl,icl,label_noise,0.3,2418322371,train_only,False,high,True,ok,,0.5972850678733032,0.7750284714323316,0.9234319244962811,0.8405439607960269,0.13442410496606783,0.0818047159502899,1000,catboost,0.010908504353558515,True,ece;nll,
cmc,tabicl,icl,label_noise,0.4,2793446515,train_only,False,high,True,ok,,0.5859728506787331,0.7514123156989004,0.963985956954595,0.8774578319374823,0.15059057722185193,0.05753477307081005,1000,catboost,0.010908504353558515,True,ece;nll,
cmc,xgboost,gbdt,label_noise,0.0,2616551384,train_only,False,high,True,ok,,0.5226244343891403,0.7008816931452749,1.3878080908366217,1.2632373633095941,0.2651400566380588,-0.10829696256127275,1031,catboost,0.010908504353558515,True,utility_gap;ece;nll,
cmc,xgboost,gbdt,label_noise,0.05,119990209,train_only,False,high,True,ok,,0.5203619909502263,0.7025024287210689,1.3770895027219694,1.2534808839535814,0.26706864900586935,-0.10552784629234024,1031,catboost,0.010908504353558515,True,utility_gap;ece;nll,
cmc,xgboost,gbdt,label_noise,0.1,2933029513,train_only,False,high,True,ok,,0.5,0.6843005028008315,1.38140700417515,1.2574108431372848,0.2640968209038108,-0.11553744114165654,1031,catboost,0.010908504353558515,True,utility_gap;ece;nll,
cmc,xgboost,gbdt,label_noise,0.2,1450933987,train_only,False,high,True,ok,,0.4592760180995475,0.6476777757100921,1.4837534142160214,1.3505705602609206,0.2955604318611823,-0.16870463023704835,1031,catboost,0.010908504353558515,True,utility_gap;ece;nll,
cmc,xgboost,gbdt,label_noise,0.3,2418322371,train_only,False,high,True,ok,,0.4502262443438914,0.6504641657936846,1.4062600628537791,1.2800330720482316,0.2920756981941817,-0.1472286665739325,1031,catboost,0.010908504353558515,True,utility_gap;ece;nll,
cmc,xgboost,gbdt,label_noise,0.4,2793446515,train_only,False,high,True,ok,,0.4117647058823529,0.5873345161736818,1.557958248464787,1.4181147111994896,0.3219192055256046,-0.22248646792182625,1031,catboost,0.010908504353558515,True,utility_gap;ece;nll,
cnae-9,catboost,gbdt,covariate_shift,0.0,3928749706,test_only,True,medium,True,ok,,0.9351851851851852,0.9963563100137175,0.32738198657827866,0.148997963137285,0.13725767467722944,0.4168515624059475,756,xgboost,0.439101609379392,True,ece,
cnae-9,catboost,gbdt,covariate_shift,0.05,2254746593,test_only,True,low,True,ok,,0.9290123456790124,0.9956382887517147,0.35071562187941013,0.1596175582127323,0.1446650124556358,0.41100698296000504,756,xgboost,0.439101609379392,True,ece,
cnae-9,catboost,gbdt,covariate_shift,0.1,824126998,test_only,True,low,True,ok,,0.9290123456790124,0.9953489368998629,0.33748723682755266,0.15359706072316992,0.13136469837253917,0.415371921875345,756,xgboost,0.439101609379392,True,ece,
cnae-9,catboost,gbdt,covariate_shift,0.2,389483347,test_only,True,low,True,ok,,0.9382716049382716,0.9965170610425241,0.32162139626062436,0.14637620549945715,0.136154918835779,0.4183778666886312,756,xgboost,0.439101609379392,True,ece,
cnae-9,catboost,gbdt,covariate_shift,0.3,375263926,test_only,True,low,True,ok,,0.9290123456790124,0.9947487997256516,0.347683261588176,0.15823747156955884,0.13474745685880712,0.4130931989132008,756,xgboost,0.439101609379392,True,ece,
cnae-9,catboost,gbdt,covariate_shift,0.4,7792341,test_only,True,low,True,ok,,0.7901234567901234,0.9938593106995884,0.7213213553340401,0.3282874963143394,0.11124145483426016,0.3456347374022206,756,xgboost,0.439101609379392,True,utility_gap;ece,
cnae-9,hist_gbdt,gbdt,covariate_shift,0.0,3928749706,test_only,True,medium,True,ok,,0.8179012345679012,0.975287208504801,0.7082506300511194,0.32233875287785063,0.0994236557265056,0.3474493511532092,756,xgboost,0.439101609379392,True,utility_gap,
cnae-9,hist_gbdt,gbdt,covariate_shift,0.05,2254746593,test_only,True,low,True,ok,,0.8179012345679012,0.975287208504801,0.7082506300511194,0.32233875287785063,0.0994236557265056,0.3474493511532092,756,xgboost,0.439101609379392,True,utility_gap,
cnae-9,hist_gbdt,gbdt,covariate_shift,0.1,824126998,test_only,True,low,True,ok,,0.8179012345679012,0.975287208504801,0.7082506300511194,0.32233875287785063,0.0994236557265056,0.3474493511532092,756,xgboost,0.439101609379392,True,utility_gap,
cnae-9,hist_gbdt,gbdt,covariate_shift,0.2,389483347,test_only,True,low,True,ok,,0.8179012345679012,0.975287208504801,0.7082506300511194,0.32233875287785063,0.0994236557265056,0.3474493511532092,756,xgboost,0.439101609379392,True,utility_gap,
cnae-9,hist_gbdt,gbdt,covariate_shift,0.3,375263926,test_only,True,low,True,ok,,0.7993827160493827,0.9712469993141288,0.9341762939630811,0.42516195367504,0.13399117903037827,0.3054970352587648,756,xgboost,0.439101609379392,True,utility_gap;ece,
cnae-9,hist_gbdt,gbdt,covariate_shift,0.4,7792341,test_only,True,low,True,ok,,0.6882716049382716,0.9450660150891633,1.5572538087552383,0.7087367512715325,0.21077318755783142,0.17923818312892184,756,xgboost,0.439101609379392,True,utility_gap;ece,
cnae-9,logreg,linear,covariate_shift,0.0,3928749706,test_only,True,medium,True,ok,,0.9444444444444444,0.9959276406035666,0.2041493242938726,0.09291236153082301,0.02739561380293616,0.45688850965808087,756,xgboost,0.439101609379392,False,,
cnae-9,logreg,linear,covariate_shift,0.05,2254746593,test_only,True,low,True,ok,,0.9475308641975309,0.9956918724279835,0.19677602804772001,0.08955662979442876,0.03945423976167861,0.4558639480887595,756,xgboost,0.439101609379392,False,,
cnae-9,logreg,linear,covariate_shift,0.1,824126998,test_only,True,low,True,ok,,0.9537037037037037,0.9951774691358024,0.20517038637979876,0.0933770669125387,0.046985691516108125,0.4539574113761031,756,xgboost,0.439101609379392,False,,
cnae-9,logreg,linear,covariate_shift,0.2,389483347,test_only,True,low,True,ok,,0.9135802469135802,0.9941272290809329,0.2864188859878655,0.1303548526364575,0.04289621515583218,0.43729586839325985,756,xgboost,0.439101609379392,False,,
cnae-9,logreg,linear,covariate_shift,0.3,375263926,test_only,True,low,True,ok,,0.8333333333333334,0.9928305041152264,0.4917194029944826,0.22379114454955398,0.033020192420277324,0.39874929459140757,756,xgboost,0.439101609379392,True,utility_gap,
cnae-9,logreg,linear,covariate_shift,0.4,7792341,test_only,True,low,True,ok,,0.7839506172839507,0.9920696159122085,0.8176279719944283,0.37211852644833887,0.08014733143720702,0.33715193393992254,756,xgboost,0.439101609379392,True,utility_gap,
cnae-9,tabicl,icl,covariate_shift,0.0,3928749706,test_only,True,medium,True,ok,,0.9506172839506173,0.9986496913580248,0.11724105497976554,0.05335870360684815,0.03566835150096533,0.46897870318565377,756,xgboost,0.439101609379392,False,,
cnae-9,tabicl,icl,covariate_shift,0.05,2254746593,test_only,True,low,True,ok,,0.1111111111111111,0.98022762345679,2.083784137203513,0.9483710307526986,0.3101116552322221,0.013212694604289164,756,xgboost,0.439101609379392,True,utility_gap;ece;nll,
cnae-9,tabicl,icl,covariate_shift,0.1,824126998,test_only,True,low,True,ok,,0.11419753086419752,0.9761445473251028,2.1421593239195267,0.9749387231579894,0.26538685631204234,0.013221232983610332,756,xgboost,0.439101609379392,True,utility_gap;ece;nll,
cnae-9,tabicl,icl,covariate_shift,0.2,389483347,test_only,True,low,True,ok,,0.2839506172839506,0.9833033264746227,2.1377176468022223,0.9729172287858987,0.10253796168060475,0.07436599588681994,756,xgboost,0.439101609379392,True,utility_gap;ece;nll,
cnae-9,tabicl,icl,covariate_shift,0.3,375263926,test_only,True,low,True,ok,,0.19444444444444445,0.9803669410150891,2.196143808221511,0.9995081207784327,0.04128215748423566,0.06418622829157095,756,xgboost,0.439101609379392,True,utility_gap;nll,
cnae-9,tabicl,icl,covariate_shift,0.4,7792341,test_only,True,low,True,ok,,0.1111111111111111,0.9840963648834019,2.1681515855517444,0.9867683112211855,0.12986062247181748,0.039097776515138224,756,xgboost,0.439101609379392,True,utility_gap;ece;nll,
cnae-9,xgboost,gbdt,covariate_shift,0.0,3928749706,test_only,True,medium,True,ok,,0.904320987654321,0.9943201303155007,0.2725620123472593,0.1240483176634119,0.03672044540078918,0.439101609379392,756,xgboost,0.439101609379392,False,,
cnae-9,xgboost,gbdt,covariate_shift,0.05,2254746593,test_only,True,low,True,ok,,0.904320987654321,0.9943201303155007,0.2725620123472593,0.1240483176634119,0.03672044540078918,0.439101609379392,756,xgboost,0.439101609379392,False,,
cnae-9,xgboost,gbdt,covariate_shift,0.1,824126998,test_only,True,low,True,ok,,0.904320987654321,0.9943201303155007,0.2725620123472593,0.1240483176634119,0.03672044540078918,0.439101609379392,756,xgboost,0.439101609379392,False,,
cnae-9,xgboost,gbdt,covariate_shift,0.2,389483347,test_only,True,low,True,ok,,0.904320987654321,0.9943201303155007,0.2725620123472593,0.1240483176634119,0.03672044540078918,0.439101609379392,756,xgboost,0.439101609379392,False,,
cnae-9,xgboost,gbdt,covariate_shift,0.3,375263926,test_only,True,low,True,ok,,0.904320987654321,0.9943201303155007,0.2725620123472593,0.1240483176634119,0.03672044540078918,0.439101609379392,756,xgboost,0.439101609379392,False,,
cnae-9,xgboost,gbdt,covariate_shift,0.4,7792341,test_only,True,low,True,ok,,0.904320987654321,0.9943201303155007,0.2725620123472593,0.1240483176634119,0.03672044540078918,0.439101609379392,756,xgboost,0.439101609379392,False,,
cnae-9,catboost,gbdt,label_noise,0.0,2163070965,train_only,True,medium,True,ok,,0.9351851851851852,0.9963563100137175,0.32738198657827866,0.148997963137285,0.13725767467722944,0.4168515624059475,756,xgboost,0.439101609379392,True,ece,
cnae-9,catboost,gbdt,label_noise,0.05,153318889,train_only,True,medium,True,ok,,0.9104938271604939,0.9955096879286695,0.3969683992763047,0.18066810437627856,0.15580034570031442,0.39964196439616195,756,xgboost,0.439101609379392,True,utility_gap;ece,
cnae-9,catboost,gbdt,label_noise,0.1,3117967851,train_only,True,medium,True,ok,,0.9135802469135802,0.9943522805212619,0.47184033335105796,0.21474379006040806,0.20202956692546487,0.3802312848162633,756,xgboost,0.439101609379392,True,utility_gap;ece,
cnae-9,catboost,gbdt,label_noise,0.2,2430536186,train_only,True,medium,True,ok,,0.9012345679012346,0.9937199931412896,0.5933736381941449,0.27005598076529563,0.2686973693752932,0.34823091467998923,756,xgboost,0.439101609379392,True,utility_gap;ece,
cnae-9,catboost,gbdt,label_noise,0.3,769925927,train_only,True,medium,True,ok,,0.9012345679012346,0.9905264060356652,0.7299029675867608,0.33219315636440333,0.3457736089535879,0.31305675859762944,756,xgboost,0.439101609379392,True,utility_gap;ece,
cnae-9,catboost,gbdt,label_noise,0.4,1146262188,train_only,True,medium,True,ok,,0.8364197530864198,0.9782450274348423,0.9193363000932444,0.4184079814034264,0.3526399978231473,0.27179832857950037,756,xgboost,0.439101609379392,True,utility_gap;ece,
cnae-9,hist_gbdt,gbdt,label_noise,0.0,2163070965,train_only,True,medium,True,ok,,0.8179012345679012,0.975287208504801,0.7082506300511194,0.32233875287785063,0.0994236557265056,0.3474493511532092,756,xgboost,0.439101609379392,True,utility_gap,
cnae-9,hist_gbdt,gbdt,label_noise,0.05,153318889,train_only,True,medium,True,ok,,0.7839506172839507,0.9712148491083679,0.6739883285101641,0.3067453074493033,0.10431464913003653,0.344631267719723,756,xgboost,0.439101609379392,True,utility_gap;ece,
cnae-9,hist_gbdt,gbdt,label_noise,0.1,3117967851,train_only,True,medium,True,ok,,0.7839506172839507,0.9713863168724279,0.6494178036781629,0.29556277968885514,0.06623299075298575,0.3556623714406887,756,xgboost,0.439101609379392,True,utility_gap,
cnae-9,hist_gbdt,gbdt,label_noise,0.2,2430536186,train_only,True,medium,True,ok,,0.7592592592592593,0.9535858196159123,0.8193048058228638,0.3728816864119273,0.06339986861607796,0.3230994461076644,756,xgboost,0.439101609379392,True,utility_gap,
cnae-9,hist_gbdt,gbdt,label_noise,0.3,769925927,train_only,True,medium,True,ok,,0.7376543209876543,0.9469200102880659,0.8686465853440666,0.3953380980278131,0.09308682241642899,0.3048513578573415,756,xgboost,0.439101609379392,True,utility_gap,
cnae-9,hist_gbdt,gbdt,label_noise,0.4,1146262188,train_only,True,medium,True,ok,,0.6419753086419753,0.9165380658436215,1.1356874434870021,0.5168736301247094,0.13125935811355058,0.2357706586814408,756,xgboost,0.439101609379392,True,utility_gap;ece,
cnae-9,logreg,linear,label_noise,0.0,2163070965,train_only,True,medium,True,ok,,0.9444444444444444,0.9959276406035666,0.2041493242938726,0.09291236153082301,0.02739561380293616,0.45688850965808087,756,xgboost,0.439101609379392,False,,
cnae-9,logreg,linear,label_noise,0.05,153318889,train_only,True,medium,True,ok,,0.8549382716049383,0.9797346536351166,0.4942939494537618,0.2249628711385586,0.05311185147025538,0.39303663787741294,756,xgboost,0.439101609379392,True,utility_gap,
cnae-9,logreg,linear,label_noise,0.1,3117967851,train_only,True,medium,True,ok,,0.8333333333333334,0.9785665294924555,0.549085207590225,0.24989944735458144,0.05547799220085535,0.3814328526758139,756,xgboost,0.439101609379392,True,utility_gap,
cnae-9,logreg,linear,label_noise,0.2,2430536186,train_only,True,medium,True,ok,,0.7345679012345679,0.9463734567901236,1.067556418923428,0.4858658645706885,0.1326702020403169,0.26912209528245845,756,xgboost,0.439101609379392,True,utility_gap;ece,
cnae-9,logreg,linear,label_noise,0.3,769925927,train_only,True,medium,True,ok,,0.7098765432098766,0.9358603395061729,1.1855938277925242,0.5395870044517095,0.1328226994999766,0.24559195907313383,756,xgboost,0.439101609379392,True,utility_gap;ece,
cnae-9,logreg,linear,label_noise,0.4,1146262188,train_only,True,medium,True,ok,,0.5771604938271605,0.8598572530864197,2.258663906878873,1.0279622439036882,0.24295332564215383,0.030544774354783727,756,xgboost,0.439101609379392,True,utility_gap;ece;nll,
cnae-9,tabicl,icl,label_noise,0.0,2163070965,train_only,True,medium,True,ok,,0.9506172839506173,0.9986496913580248,0.11724105497976554,0.05335870360684815,0.03566835150096533,0.46897870318565377,756,xgboost,0.439101609379392,False,,
cnae-9,tabicl,icl,label_noise,0.05,153318889,train_only,True,medium,True,ok,,0.941358024691358,0.9982103052126199,0.16890227399538588,0.0768707376285371,0.05060255577734073,0.4573955780840913,756,xgboost,0.439101609379392,False,,
cnae-9,tabicl,icl,label_noise,0.1,3117967851,train_only,True,medium,True,ok,,0.941358024691358,0.9973743998628257,0.23150413499075573,0.10536207239745023,0.0836076320499701,0.44195459552646355,756,xgboost,0.439101609379392,False,,
cnae-9,tabicl,icl,label_noise,0.2,2430536186,train_only,True,medium,True,ok,,0.9382716049382716,0.9974279835390948,0.3278208053278677,0.14919767815691265,0.1522257055534518,0.4146360904216597,756,xgboost,0.439101609379392,True,ece,
cnae-9,tabicl,icl,label_noise,0.3,769925927,train_only,True,medium,True,ok,,0.9259259259259259,0.9962277091906722,0.49155022020805716,0.22371414614521676,0.24574266969126757,0.3713058093238056,756,xgboost,0.439101609379392,True,utility_gap;ece,
cnae-9,tabicl,icl,label_noise,0.4,1146262188,train_only,True,medium,True,ok,,0.8919753086419753,0.9901834705075445,0.6785409436502489,0.3088172918914235,0.3166850215075145,0.3243783191050069,756,xgboost,0.439101609379392,True,utility_gap;ece,
cnae-9,xgboost,gbdt,label_noise,0.0,2163070965,train_only,True,medium,True,ok,,0.904320987654321,0.9943201303155007,0.2725620123472593,0.1240483176634119,0.03672044540078918,0.439101609379392,756,xgboost,0.439101609379392,False,,
cnae-9,xgboost,gbdt,label_noise,0.05,153318889,train_only,True,medium,True,ok,,0.8611111111111112,0.9868076989026063,0.4064774901520754,0.1849958781386215,0.05974974489634845,0.4071006488617227,756,xgboost,0.439101609379392,True,utility_gap,
cnae-9,xgboost,gbdt,label_noise,0.1,3117967851,train_only,True,medium,True,ok,,0.8672839506172839,0.9878365054869683,0.3998566111018119,0.18198258622547067,0.051583292161748784,0.41092393521304055,756,xgboost,0.439101609379392,False,,
cnae-9,xgboost,gbdt,label_noise,0.2,2430536186,train_only,True,medium,True,ok,,0.808641975308642,0.9762088477366255,0.5977115516427555,0.2720302502566143,0.047789596862685524,0.37180239855459385,756,xgboost,0.439101609379392,True,utility_gap,
cnae-9,xgboost,gbdt,label_noise,0.3,769925927,train_only,True,medium,True,ok,,0.7808641975308642,0.9668102709190671,0.7089983102611731,0.32267903680593235,0.05766777744066657,0.34717595792139005,756,xgboost,0.439101609379392,True,utility_gap,
cnae-9,xgboost,gbdt,label_noise,0.4,1146262188,train_only,True,medium,True,ok,,0.6481481481481481,0.941497342249657,0.9583433238184028,0.43616084295772783,0.062427528769053345,0.28341253336847305,756,xgboost,0.439101609379392,True,utility_gap,
credit-approval,catboost,gbdt,covariate_shift,0.0,1907374771,test_only,True,low,True,ok,,0.8405797101449275,0.916257088846881,0.36979319389293913,0.5334988069838342,0.0704314563340643,0.2726410042561843,483,catboost,0.2726410042561843,False,,
credit-approval,catboost,gbdt,covariate_shift,0.05,1116143326,test_only,True,low,True,ok,,0.8502415458937198,0.9063327032136106,0.3970146161324811,0.572771017854766,0.07565747776081858,0.2577898771002282,483,catboost,0.2726410042561843,False,,
credit-approval,catboost,gbdt,covariate_shift,0.1,3283448085,test_only,True,low,True,ok,,0.8502415458937198,0.9017013232514177,0.42281882913598123,0.6099986279889581,0.08355783813478737,0.24342053899840932,483,catboost,0.2726410042561843,False,,
credit-approval,catboost,gbdt,covariate_shift,0.2,3344708337,test_only,True,low,True,ok,,0.8454106280193237,0.8940453686200378,0.4767403534496542,0.6877909437134677,0.09754402392479941,0.21388138532091158,483,catboost,0.2726410042561843,True,utility_gap,
credit-approval,catboost,gbdt,covariate_shift,0.3,3157450801,test_only,True,low,True,ok,,0.8454106280193237,0.9036862003780718,0.4945007025160609,0.7134137112360296,0.1069659423632549,0.20768446249176378,483,catboost,0.2726410042561843,True,utility_gap;ece,
credit-approval,catboost,gbdt,covariate_shift,0.4,993165435,test_only,True,low,True,ok,,0.8454106280193237,0.8917769376181475,0.5054364459632003,0.7291906540756515,0.13023144848869198,0.19413003644881624,483,catboost,0.2726410042561843,True,utility_gap;ece,
credit-approval,hist_gbdt,gbdt,covariate_shift,0.0,1907374771,test_only,True,low,True,ok,,0.8454106280193237,0.9205576559546313,0.4637419082345456,0.6690381512623637,0.0854360452796265,0.23120811935238508,483,catboost,0.2726410042561843,True,utility_gap,
credit-approval,hist_gbdt,gbdt,covariate_shift,0.05,1116143326,test_only,True,low,True,ok,,0.8454106280193237,0.9000945179584121,0.5860001213353907,0.845419469010899,0.12505649157378806,0.16320753647031538,483,catboost,0.2726410042561843,True,utility_gap;ece;nll,
credit-approval,hist_gbdt,gbdt,covariate_shift,0.1,3283448085,test_only,True,low,True,ok,,0.8454106280193237,0.8964083175803402,0.6433732530999665,0.9281914016879216,0.13851872911112734,0.13439333902741568,483,catboost,0.2726410042561843,True,utility_gap;ece;nll,
credit-approval,hist_gbdt,gbdt,covariate_shift,0.2,3344708337,test_only,True,low,True,ok,,0.8454106280193237,0.8855387523629489,0.6803527958050833,0.9815416045629353,0.13801149064274199,0.11468537803250164,483,catboost,0.2726410042561843,True,utility_gap;ece;nll,
credit-approval,hist_gbdt,gbdt,covariate_shift,0.3,3157450801,test_only,True,low,True,ok,,0.8454106280193237,0.8926275992438563,0.754150595438743,1.0880093241229334,0.12673179854692893,0.08748209699198248,483,catboost,0.2726410042561843,True,utility_gap;ece;nll,
credit-approval,hist_gbdt,gbdt,covariate_shift,0.4,993165435,test_only,True,low,True,ok,,0.8405797101449275,0.9052930056710774,0.723820911350302,1.0442528392968107,0.12068425752787168,0.10552680521199863,483,catboost,0.2726410042561843,True,utility_gap;ece;nll,
credit-approval,logreg,linear,covariate_shift,0.0,1907374771,test_only,True,low,True,ok,,0.8357487922705314,0.9141776937618148,0.3725281444938536,0.5374445066528498,0.061759731971057996,0.2717392132671483,483,catboost,0.2726410042561843,False,,
credit-approval,logreg,linear,covariate_shift,0.05,1116143326,test_only,True,low,True,ok,,0.855072463768116,0.9141776937618148,0.3671714732908613,0.5297164636726202,0.05713185754756789,0.277881751770553,483,catboost,0.2726410042561843,False,,
credit-approval,logreg,linear,covariate_shift,0.1,3283448085,test_only,True,low,True,ok,,0.8309178743961353,0.9141776937618148,0.3703585558502735,0.5343144518759878,0.05722201929895571,0.272861134553468,483,catboost,0.2726410042561843,False,,
credit-approval,logreg,linear,covariate_shift,0.2,3344708337,test_only,True,low,True,ok,,0.8454106280193237,0.9141776937618148,0.4025997071926681,0.580828601030211,0.06975912550309928,0.25857338160985055,483,catboost,0.2726410042561843,False,,
credit-approval,logreg,linear,covariate_shift,0.3,3157450801,test_only,True,low,True,ok,,0.8309178743961353,0.9139886578449905,0.4705930349994844,0.6789222378706425,0.09070124925079559,0.2227167901938151,483,catboost,0.2726410042561843,True,utility_gap,
credit-approval,logreg,linear,covariate_shift,0.4,993165435,test_only,True,low,True,ok,,0.8067632850241546,0.9140831758034026,0.5770473098056703,0.8325032922149579,0.1729324946993013,0.15660611768046648,483,catboost,0.2726410042561843,True,utility_gap;ece;nll,
credit-approval,tabicl,icl,covariate_shift,0.0,1907374771,test_only,True,low,True,ok,,0.8502415458937198,0.9159735349716446,0.36362540754451284,0.5246005722056969,0.05064424571782873,0.2806179483188587,483,catboost,0.2726410042561843,False,,
credit-approval,tabicl,icl,covariate_shift,0.05,1116143326,test_only,True,low,True,ok,,0.855072463768116,0.9175803402646503,0.36167886814522765,0.5217923094674533,0.06877011993500572,0.27912227183060784,483,catboost,0.2726410042561843,False,,
credit-approval,tabicl,icl,covariate_shift,0.1,3283448085,test_only,True,low,True,ok,,0.8502415458937198,0.9193761814744802,0.3827451968576365,0.5521845974305823,0.07510206843830707,0.26864210248328985,483,catboost,0.2726410042561843,False,,
credit-approval,tabicl,icl,covariate_shift,0.2,3344708337,test_only,True,low,True,ok,,0.8502415458937198,0.912476370510397,0.4194007701974881,0.6050674113089278,0.07912573212911471,0.24955759174419562,483,catboost,0.2726410042561843,False,,
credit-approval,tabicl,icl,covariate_shift,0.3,3157450801,test_only,True,low,True,ok,,0.855072463768116,0.9141776937618148,0.43736284621972504,0.6309812093102797,0.0775150558548295,0.24342568841780285,483,catboost,0.2726410042561843,False,,
credit-approval,tabicl,icl,covariate_shift,0.4,993165435,test_only,True,low,True,ok,,0.8502415458937198,0.9130434782608695,0.4530155181918801,0.6535632415411694,0.07256038405057004,0.23652040000289754,483,catboost,0.2726410042561843,True,utility_gap,
credit-approval,xgboost,gbdt,covariate_shift,0.0,1907374771,test_only,True,low,True,ok,,0.8599033816425121,0.9110586011342154,0.5583980714766243,0.8055981285612869,0.11152820211220187,0.18387093865252577,483,catboost,0.2726410042561843,True,utility_gap;ece;nll,
credit-approval,xgboost,gbdt,covariate_shift,0.05,1116143326,test_only,True,low,True,ok,,0.8599033816425121,0.8999054820415879,0.6680460565017414,0.9637867328004907,0.12475357567021943,0.12986569098674144,483,catboost,0.2726410042561843,True,utility_gap;ece;nll,
credit-approval,xgboost,gbdt,covariate_shift,0.1,3283448085,test_only,True,low,True,ok,,0.8454106280193237,0.8757088846880908,0.8699804082330154,1.2551164206283272,0.14695221809578046,0.027384334036076107,483,catboost,0.2726410042561843,True,utility_gap;ece;nll,
credit-approval,xgboost,gbdt,covariate_shift,0.2,3344708337,test_only,True,low,True,ok,,0.8454106280193237,0.8572778827977316,0.9350975901370777,1.3490606560379825,0.16166726814486188,-0.010192797258262547,483,catboost,0.2726410042561843,True,utility_gap;ece;nll,
credit-approval,xgboost,gbdt,covariate_shift,0.3,3157450801,test_only,True,low,True,ok,,0.8357487922705314,0.8464083175803402,0.9841759208633619,1.4198657203919012,0.13541328454400708,-0.03143714303267299,483,catboost,0.2726410042561843,True,utility_gap;ece;nll,
credit-approval,xgboost,gbdt,covariate_shift,0.4,993165435,test_only,True,low,True,ok,,0.8309178743961353,0.8733931947069944,0.8858039439427728,1.2779449571261237,0.13467505656535914,0.020006800855959322,483,catboost,0.2726410042561843,True,utility_gap;ece;nll,
credit-approval,catboost,gbdt,label_noise,0.0,1549211154,train_only,True,low,True,ok,,0.8405797101449275,0.916257088846881,0.36979319389293913,0.5334988069838342,0.0704314563340643,0.2726410042561843,483,catboost,0.2726410042561843,False,,
credit-approval,catboost,gbdt,label_noise,0.05,385198725,train_only,True,low,True,ok,,0.8454106280193237,0.9214555765595464,0.36199542258009265,0.5222490009808044,0.033694688764247104,0.28590740795164904,483,catboost,0.2726410042561843,False,,
credit-approval,catboost,gbdt,label_noise,0.1,2585233552,train_only,True,low,True,ok,,0.8502415458937198,0.9239130434782609,0.3541634192102633,0.5109498085589259,0.0852332056586584,0.28057421340203986,483,catboost,0.2726410042561843,False,,
credit-approval,catboost,gbdt,label_noise,0.2,6644746,train_only,True,low,True,ok,,0.8164251207729468,0.8927221172022685,0.43189676146997474,0.6230953159487361,0.08739399555638981,0.23050911524083717,483,catboost,0.2726410042561843,True,utility_gap,
credit-approval,catboost,gbdt,label_noise,0.3,2084654547,train_only,True,low,True,ok,,0.8164251207729468,0.82882797731569,0.5237021876274819,0.7555425489928695,0.14075382365131925,0.15774003074830883,483,catboost,0.2726410042561843,True,utility_gap;ece;nll,
credit-approval,catboost,gbdt,label_noise,0.4,1012266472,train_only,True,low,True,ok,,0.7391304347826086,0.7575614366729679,0.6031292723777807,0.8701316102743931,0.12893195022930548,0.08919019492475098,483,catboost,0.2726410042561843,True,utility_gap;ece;nll,
credit-approval,hist_gbdt,gbdt,label_noise,0.0,1549211154,train_only,True,low,True,ok,,0.8454106280193237,0.9205576559546313,0.4637419082345456,0.6690381512623637,0.0854360452796265,0.23120811935238508,483,catboost,0.2726410042561843,True,utility_gap,
credit-approval,hist_gbdt,gbdt,label_noise,0.05,385198725,train_only,True,low,True,ok,,0.855072463768116,0.9074669187145559,0.4454101902226334,0.6425910725956031,0.09183435542656554,0.23473009825131796,483,catboost,0.2726410042561843,True,utility_gap,
credit-approval,hist_gbdt,gbdt,label_noise,0.1,2585233552,train_only,True,low,True,ok,,0.821256038647343,0.8844045368620037,0.43831789745130484,0.6323590569858747,0.07306276372721941,0.22840972385759645,483,catboost,0.2726410042561843,True,utility_gap,
credit-approval,hist_gbdt,gbdt,label_noise,0.2,6644746,train_only,True,low,True,ok,,0.7922705314009661,0.8539697542533081,0.4853881773043785,0.7002671163031597,0.068170903583524,0.19401567809114997,483,catboost,0.2726410042561843,True,utility_gap,
credit-approval,hist_gbdt,gbdt,label_noise,0.3,2084654547,train_only,True,low,True,ok,,0.6763285024154589,0.7268431001890359,0.6474441298031,0.9340644353196027,0.0928403032965967,0.05705696917328126,483,catboost,0.2726410042561843,True,utility_gap;nll,
credit-approval,hist_gbdt,gbdt,label_noise,0.4,1012266472,train_only,True,low,True,ok,,0.642512077294686,0.6879017013232513,0.663819832041784,0.9576895797304263,0.10758785315805894,0.028317962506601138,483,catboost,0.2726410042561843,True,utility_gap;ece;nll,
credit-approval,logreg,linear,label_noise,0.0,1549211154,train_only,True,low,True,ok,,0.8357487922705314,0.9141776937618148,0.3725281444938536,0.5374445066528498,0.061759731971057996,0.2717392132671483,483,catboost,0.2726410042561843,False,,
credit-approval,logreg,linear,label_noise,0.05,385198725,train_only,True,low,True,ok,,0.8405797101449275,0.9040642722117203,0.37896126349747306,0.5467255355368201,0.053548306328147666,0.2677821298691656,483,catboost,0.2726410042561843,False,,
credit-approval,logreg,linear,label_noise,0.1,2585233552,train_only,True,low,True,ok,,0.8357487922705314,0.9150283553875236,0.38574041558378497,0.5565057846331745,0.08958137776891328,0.2607542322824779,483,catboost,0.2726410042561843,False,,
credit-approval,logreg,linear,label_noise,0.2,6644746,train_only,True,low,True,ok,,0.8019323671497585,0.8851606805293005,0.4554197464911843,0.6570318097857405,0.10651972375599505,0.21168260557079777,483,catboost,0.2726410042561843,True,utility_gap;ece,
credit-approval,logreg,linear,label_noise,0.3,2084654547,train_only,True,low,True,ok,,0.8019323671497585,0.8002835538752363,0.5571054782206168,0.8037333106809583,0.14850511623493126,0.1295680824775227,483,catboost,0.2726410042561843,True,utility_gap;ece;nll,
credit-approval,logreg,linear,label_noise,0.4,1012266472,train_only,True,low,True,ok,,0.6859903381642513,0.7278827977315689,0.6294072857540124,0.9080427698566964,0.09939866428486709,0.06536496611670445,483,catboost,0.2726410042561843,True,utility_gap;nll,
credit-approval,tabicl,icl,label_noise,0.0,1549211154,train_only,True,low,True,ok,,0.8502415458937198,0.9159735349716446,0.36362540754451284,0.5246005722056969,0.05064424571782873,0.2806179483188587,483,catboost,0.2726410042561843,False,,
credit-approval,tabicl,icl,label_noise,0.05,385198725,train_only,True,low,True,ok,,0.8502415458937198,0.9164461247637051,0.3549177748665792,0.5120381137233594,0.048491814844361686,0.28498257846547453,483,catboost,0.2726410042561843,False,,
credit-approval,tabicl,icl,label_noise,0.1,2585233552,train_only,True,low,True,ok,,0.8647342995169082,0.9279773156899811,0.3456103370783546,0.49861031938290523,0.068432745572313,0.29123256048969537,483,catboost,0.2726410042561843,False,,
credit-approval,tabicl,icl,label_noise,0.2,6644746,train_only,True,low,True,ok,,0.8454106280193237,0.9100189035916825,0.4174356500288293,0.602232342186853,0.1071747937418933,0.2432135490555529,483,catboost,0.2726410042561843,True,ece,
credit-approval,tabicl,icl,label_noise,0.3,2084654547,train_only,True,low,True,ok,,0.8405797101449275,0.8957466918714556,0.4841700518711212,0.6985097327814188,0.16584719471509426,0.19687593989930405,483,catboost,0.2726410042561843,True,utility_gap;ece,
credit-approval,tabicl,icl,label_noise,0.4,1012266472,train_only,True,low,True,ok,,0.8019323671497585,0.8535916824196598,0.5802866696094909,0.8371767005395849,0.20692126394084576,0.12650968096930004,483,catboost,0.2726410042561843,True,utility_gap;ece;nll,
credit-approval,xgboost,gbdt,label_noise,0.0,1549211154,train_only,True,low,True,ok,,0.8599033816425121,0.9110586011342154,0.5583980714766243,0.8055981285612869,0.11152820211220187,0.18387093865252577,483,catboost,0.2726410042561843,True,utility_gap;ece;nll,
credit-approval,xgboost,gbdt,label_noise,0.05,385198725,train_only,True,low,True,ok,,0.821256038647343,0.8958412098298678,0.5648978050978782,0.8149752620237691,0.11807945414128579,0.16862435980216725,483,catboost,0.2726410042561843,True,utility_gap;ece;nll,
credit-approval,xgboost,gbdt,label_noise,0.1,2585233552,train_only,True,low,True,ok,,0.8115942028985508,0.8796786389413989,0.5551423755937699,0.8009011522564502,0.11113272929439537,0.16712976252845807,483,catboost,0.2726410042561843,True,utility_gap;ece;nll,
credit-approval,xgboost,gbdt,label_noise,0.2,6644746,train_only,True,low,True,ok,,0.7342995169082126,0.8276937618147449,0.6568181184075621,0.9475882421926098,0.16255365470877514,0.0830505405718546,483,catboost,0.2726410042561843,True,utility_gap;ece;nll,
credit-approval,xgboost,gbdt,label_noise,0.3,2084654547,train_only,True,low,True,ok,,0.6183574879227053,0.6899810964083176,0.9101438914207027,1.313060078648031,0.213439978440656,-0.10235901235122358,483,catboost,0.2726410042561843,True,utility_gap;ece;nll,
credit-approval,xgboost,gbdt,label_noise,0.4,1012266472,train_only,True,low,True,ok,,0.6231884057971014,0.6426275992438563,0.9281188884824598,1.3389925177690216,0.21332437562397022,-0.1259647098505856,483,catboost,0.2726410042561843,True,utility_gap;ece;nll,
credit-g,catboost,gbdt,covariate_shift,0.0,2636456702,test_only,True,low,True,ok,,0.7633333333333333,0.8020634920634921,0.4774813978765275,0.6888600448331963,0.0580067820472712,0.17696285236280906,700,catboost,0.17696285236280906,False,,
credit-g,catboost,gbdt,covariate_shift,0.05,3210124715,test_only,True,low,True,ok,,0.7833333333333333,0.803862433862434,0.47800040892680473,0.6896088195015978,0.05074604864935429,0.18181999627150167,700,catboost,0.17696285236280906,False,,
credit-g,catboost,gbdt,covariate_shift,0.1,1183950779,test_only,True,low,True,ok,,0.77,0.8007407407407408,0.48200992058657843,0.6953933220895399,0.028796297578579627,0.18138200311668137,700,catboost,0.17696285236280906,False,,
credit-g,catboost,gbdt,covariate_shift,0.2,3332046764,test_only,True,low,True,ok,,0.7466666666666667,0.7942328042328043,0.4897150598862798,0.7065094883465776,0.055986092652972864,0.16683141644691366,700,catboost,0.17696285236280906,False,,
credit-g,catboost,gbdt,covariate_shift,0.3,1003290627,test_only,True,low,True,ok,,0.77,0.8151322751322753,0.48230750354121826,0.6958226435424518,0.04604884500070447,0.18283973423341987,700,catboost,0.17696285236280906,False,,
credit-g,catboost,gbdt,covariate_shift,0.4,1207644330,test_only,True,low,True,ok,,0.76,0.8128042328042329,0.4859800545744634,0.7011210147055262,0.057230904493592916,0.17669899617110504,700,catboost,0.17696285236280906,False,,
credit-g,hist_gbdt,gbdt,covariate_shift,0.0,2636456702,test_only,True,low,True,ok,,0.7533333333333333,0.7705291005291006,0.5923290615525585,0.8545501996762898,0.12585615550790086,0.10114889418071807,700,catboost,0.17696285236280906,True,utility_gap;ece;nll,
credit-g,hist_gbdt,gbdt,covariate_shift,0.05,3210124715,test_only,True,low,True,ok,,0.7633333333333333,0.7879365079365079,0.5540886943895585,0.7993810116084565,0.11299891154378826,0.12786369198648312,700,catboost,0.17696285236280906,True,utility_gap;ece;nll,
credit-g,hist_gbdt,gbdt,covariate_shift,0.1,1183950779,test_only,True,low,True,ok,,0.75,0.8051322751322751,0.5262030761178611,0.759150568415756,0.09069289463337006,0.14841254684489547,700,catboost,0.17696285236280906,True,nll,
credit-g,hist_gbdt,gbdt,covariate_shift,0.2,3332046764,test_only,True,low,True,ok,,0.7466666666666667,0.7858201058201059,0.566688499474506,0.8175586879206777,0.09143492787632254,0.12348244508556921,700,catboost,0.17696285236280906,True,utility_gap;nll,
credit-g,hist_gbdt,gbdt,covariate_shift,0.3,1003290627,test_only,True,low,True,ok,,0.7066666666666667,0.7444973544973544,0.6041165439904697,0.8715559421340299,0.11719782883006594,0.08166772566785185,700,catboost,0.17696285236280906,True,utility_gap;ece;nll,
credit-g,hist_gbdt,gbdt,covariate_shift,0.4,1207644330,test_only,True,low,True,ok,,0.6966666666666667,0.761005291005291,0.5888091386130749,0.8494720243071855,0.14085080586577878,0.08784008338654041,700,catboost,0.17696285236280906,True,utility_gap;ece;nll,
credit-g,logreg,linear,covariate_shift,0.0,2636456702,test_only,True,low,True,ok,,0.76,0.8044444444444444,0.48537671118002057,0.7002505741824104,0.04278593329078758,0.17692319664267483,700,catboost,0.17696285236280906,False,,
credit-g,logreg,linear,covariate_shift,0.05,3210124715,test_only,True,low,True,ok,,0.7533333333333333,0.8044444444444444,0.488195741474743,0.7043175752087222,0.033945391254902695,0.1764712047419583,700,catboost,0.17696285236280906,False,,
credit-g,logreg,linear,covariate_shift,0.1,1183950779,test_only,True,low,True,ok,,0.75,0.8044444444444444,0.4948298340817065,0.7138885477135866,0.06017756496207294,0.16785347824906494,700,catboost,0.17696285236280906,False,,
credit-g,logreg,linear,covariate_shift,0.2,3332046764,test_only,True,low,True,ok,,0.7433333333333333,0.8044444444444444,0.5199574352233962,0.7501400132701381,0.026330503061063767,0.1627474509623013,700,catboost,0.17696285236280906,True,nll,
credit-g,logreg,linear,covariate_shift,0.3,1003290627,test_only,True,low,True,ok,,0.7233333333333334,0.8044444444444444,0.5614404419165487,0.809987341307513,0.0717478832385889,0.13270977651558383,700,catboost,0.17696285236280906,True,utility_gap;nll,
credit-g,logreg,linear,covariate_shift,0.4,1207644330,test_only,True,low,True,ok,,0.7066666666666667,0.8044444444444444,0.6197029111293654,0.8940423167107895,0.08978751470809226,0.10138535760070018,700,catboost,0.17696285236280906,True,utility_gap;nll,
credit-g,tabicl,icl,covariate_shift,0.0,2636456702,test_only,True,low,True,ok,,0.7666666666666667,0.8111904761904762,0.47169868868130965,0.6805173589543525,0.0506573455043388,0.18462998987949314,700,catboost,0.17696285236280906,False,,
credit-g,tabicl,icl,covariate_shift,0.05,3210124715,test_only,True,low,True,ok,,0.76,0.805978835978836,0.48159264427945553,0.6947913196305732,0.05882995168245591,0.17588920636692942,700,catboost,0.17696285236280906,False,,
credit-g,tabicl,icl,covariate_shift,0.1,1183950779,test_only,True,low,True,ok,,0.77,0.8053703703703704,0.4846780297630739,0.6992425899670202,0.06233163182849534,0.17514052627382454,700,catboost,0.17696285236280906,False,,
credit-g,tabicl,icl,covariate_shift,0.2,3332046764,test_only,True,low,True,ok,,0.77,0.8082275132275133,0.4880245277146174,0.704070565966057,0.05636416059935098,0.17588562771994234,700,catboost,0.17696285236280906,False,,
credit-g,tabicl,icl,covariate_shift,0.3,1003290627,test_only,True,low,True,ok,,0.7733333333333333,0.8018253968253969,0.4987538256041779,0.7195496708235464,0.06564159352271962,0.16764566893728106,700,catboost,0.17696285236280906,False,,
credit-g,tabicl,icl,covariate_shift,0.4,1207644330,test_only,True,low,True,ok,,0.7533333333333333,0.8008465608465608,0.5053322929410307,0.7290403930270739,0.06411884340235516,0.16176040970770306,700,catboost,0.17696285236280906,False,,
credit-g,xgboost,gbdt,covariate_shift,0.0,2636456702,test_only,True,low,True,ok,,0.76,0.7864021164021164,0.692947856152594,0.9997124356659862,0.15111841939740522,0.0591033261614638,700,catboost,0.17696285236280906,True,utility_gap;ece;nll,
credit-g,xgboost,gbdt,covariate_shift,0.05,3210124715,test_only,True,low,True,ok,,0.76,0.7863492063492064,0.6837483311626164,0.9864403265844113,0.1554571071662924,0.06219870281364033,700,catboost,0.17696285236280906,True,utility_gap;ece;nll,
credit-g,xgboost,gbdt,covariate_shift,0.1,1183950779,test_only,True,low,True,ok,,0.78,0.8043386243386244,0.6109156613344685,0.8813649950086392,0.11331576115571158,0.11144586778478441,700,catboost,0.17696285236280906,True,utility_gap;ece;nll,
credit-g,xgboost,gbdt,covariate_shift,0.2,3332046764,test_only,True,low,True,ok,,0.7766666666666666,0.8088888888888889,0.5803050502848935,0.8372032182488365,0.11442736099934071,0.125564673436592,700,catboost,0.17696285236280906,True,utility_gap;ece;nll,
credit-g,xgboost,gbdt,covariate_shift,0.3,1003290627,test_only,True,low,True,ok,,0.7566666666666667,0.7712698412698413,0.6775845490108002,0.9775478686408663,0.1176737878823847,0.06664532627570763,700,catboost,0.17696285236280906,True,utility_gap;ece;nll,
credit-g,xgboost,gbdt,covariate_shift,0.4,1207644330,test_only,True,low,True,ok,,0.75,0.7806878306878308,0.6632707083714301,0.9568973617343721,0.14880644028922083,0.0689102441625849,700,catboost,0.17696285236280906,True,utility_gap;ece;nll,
credit-g,catboost,gbdt,label_noise,0.0,358602629,train_only,True,low,True,ok,,0.7633333333333333,0.8020634920634921,0.4774813978765275,0.6888600448331963,0.0580067820472712,0.17696285236280906,700,catboost,0.17696285236280906,False,,
credit-g,catboost,gbdt,label_noise,0.05,1242578702,train_only,True,low,True,ok,,0.78,0.8003174603174603,0.48247152685309763,0.6960592791610903,0.056121041666070896,0.1770691190295698,700,catboost,0.17696285236280906,False,,
credit-g,catboost,gbdt,label_noise,0.1,1985493449,train_only,True,low,True,ok,,0.7866666666666666,0.7666666666666667,0.5122090402200221,0.7389614422239216,0.06774710714407171,0.15109547923734248,700,catboost,0.17696285236280906,False,,
credit-g,catboost,gbdt,label_noise,0.2,1435355987,train_only,True,low,True,ok,,0.7366666666666667,0.7355026455026455,0.5445735291063397,0.7856535298411179,0.06119800089915138,0.11999026679376029,700,catboost,0.17696285236280906,True,utility_gap;nll,
credit-g,catboost,gbdt,label_noise,0.3,735775633,train_only,True,low,True,ok,,0.6433333333333333,0.6315343915343916,0.6173232205282223,0.8906091488816703,0.05373872021961763,0.03960654832861244,700,catboost,0.17696285236280906,True,utility_gap;nll,
credit-g,catboost,gbdt,label_noise,0.4,3553327825,train_only,True,low,True,ok,,0.64,0.567936507936508,0.6441476820236176,0.9293086664555941,0.056959791626335556,0.0045932195158324834,700,catboost,0.17696285236280906,True,utility_gap;nll,
credit-g,hist_gbdt,gbdt,label_noise,0.0,358602629,train_only,True,low,True,ok,,0.7533333333333333,0.7705291005291006,0.5923290615525585,0.8545501996762898,0.12585615550790086,0.10114889418071807,700,catboost,0.17696285236280906,True,utility_gap;ece;nll,
credit-g,hist_gbdt,gbdt,label_noise,0.05,1242578702,train_only,True,low,True,ok,,0.74,0.7846560846560847,0.5324188498977905,0.7681180344233478,0.09428324873423831,0.1363375695557776,700,catboost,0.17696285236280906,True,utility_gap;nll,
credit-g,hist_gbdt,gbdt,label_noise,0.1,1985493449,train_only,True,low,True,ok,,0.7466666666666667,0.7542328042328043,0.5525757088769885,0.7971982349125348,0.06936976733489572,0.1229480575407419,700,catboost,0.17696285236280906,True,utility_gap;nll,
credit-g,hist_gbdt,gbdt,label_noise,0.2,1435355987,train_only,True,low,True,ok,,0.7,0.7173544973544973,0.5960655061479658,0.8599407497646403,0.08014253097350733,0.08206334294998047,700,catboost,0.17696285236280906,True,utility_gap;nll,
credit-g,hist_gbdt,gbdt,label_noise,0.3,735775633,train_only,True,low,True,ok,,0.6266666666666667,0.6280952380952382,0.6988043682159977,1.008161596576765,0.13561717337096169,-0.015738580313888497,700,catboost,0.17696285236280906,True,utility_gap;ece;nll,
credit-g,hist_gbdt,gbdt,label_noise,0.4,3553327825,train_only,True,low,True,ok,,0.5766666666666667,0.5504232804232805,0.7286146644743073,1.0511687631560591,0.13082606013388148,-0.06236769282544585,700,catboost,0.17696285236280906,True,utility_gap;ece;nll,
credit-g,logreg,linear,label_noise,0.0,358602629,train_only,True,low,True,ok,,0.76,0.8044444444444444,0.48537671118002057,0.7002505741824104,0.04278593329078758,0.17692319664267483,700,catboost,0.17696285236280906,False,,
credit-g,logreg,linear,label_noise,0.05,1242578702,train_only,True,low,True,ok,,0.7733333333333333,0.8074074074074074,0.47724817186411134,0.6885235708216771,0.0332238479854846,0.1853907517489925,700,catboost,0.17696285236280906,False,,
credit-g,logreg,linear,label_noise,0.1,1985493449,train_only,True,low,True,ok,,0.7666666666666667,0.7829100529100529,0.5067448467485846,0.7310782774002207,0.053723952478202504,0.15895024480281178,700,catboost,0.17696285236280906,False,,
credit-g,logreg,linear,label_noise,0.2,1435355987,train_only,True,low,True,ok,,0.7166666666666667,0.722962962962963,0.5510288128318441,0.7949665356594343,0.03566897253480145,0.11491328183224646,700,catboost,0.17696285236280906,True,utility_gap;nll,
credit-g,logreg,linear,label_noise,0.3,735775633,train_only,True,low,True,ok,,0.6366666666666667,0.64989417989418,0.6185925424730967,0.8924403933568321,0.07490466996655479,0.04024991096260245,700,catboost,0.17696285236280906,True,utility_gap;nll,
credit-g,logreg,linear,label_noise,0.4,3553327825,train_only,True,low,True,ok,,0.6366666666666667,0.5796296296296296,0.6495959465769219,0.9371688507080972,0.06531399109061824,0.004156916939817536,700,catboost,0.17696285236280906,True,utility_gap;nll,
credit-g,tabicl,icl,label_noise,0.0,358602629,train_only,True,low,True,ok,,0.7666666666666667,0.8111904761904762,0.47169868868130965,0.6805173589543525,0.0506573455043388,0.18462998987949314,700,catboost,0.17696285236280906,False,,
credit-g,tabicl,icl,label_noise,0.05,1242578702,train_only,True,low,True,ok,,0.7733333333333333,0.8083862433862434,0.48361890685270753,0.6977145985965427,0.054194542011740475,0.17878189720387425,700,catboost,0.17696285236280906,False,,
credit-g,tabicl,icl,label_noise,0.1,1985493449,train_only,True,low,True,ok,,0.75,0.7879894179894179,0.5051002905168518,0.7287056842802369,0.062494382994419354,0.1571857144133413,700,catboost,0.17696285236280906,False,,
credit-g,tabicl,icl,label_noise,0.2,1435355987,train_only,True,low,True,ok,,0.7433333333333333,0.7374074074074073,0.5481909012971946,0.7908722947619139,0.07761218063186093,0.11680846803764619,700,catboost,0.17696285236280906,True,utility_gap;nll,
credit-g,tabicl,icl,label_noise,0.3,735775633,train_only,True,low,True,ok,,0.67,0.6421693121693123,0.6200084883194976,0.894483171407602,0.07369988063922867,0.042174331709132915,700,catboost,0.17696285236280906,True,utility_gap;nll,
credit-g,tabicl,icl,label_noise,0.4,3553327825,train_only,True,low,True,ok,,0.7033333333333334,0.6198941798941798,0.6450258556539588,0.9305756031971266,0.14487430114743788,0.014315421774337377,700,catboost,0.17696285236280906,True,utility_gap;ece;nll,
credit-g,xgboost,gbdt,label_noise,0.0,358602629,train_only,True,low,True,ok,,0.76,0.7864021164021164,0.692947856152594,0.9997124356659862,0.15111841939740522,0.0591033261614638,700,catboost,0.17696285236280906,True,utility_gap;ece;nll,
credit-g,xgboost,gbdt,label_noise,0.05,1242578702,train_only,True,low,True,ok,,0.7566666666666667,0.8141269841269841,0.582900208361943,0.8409472399369187,0.12668667497786168,0.12082293746779649,700,catboost,0.17696285236280906,True,utility_gap;ece;nll,
credit-g,xgboost,gbdt,label_noise,0.1,1985493449,train_only,True,low,True,ok,,0.69,0.7362433862433863,0.7083449833225561,1.0219257946780274,0.17801293578392463,0.01900485962499205,700,catboost,0.17696285236280906,True,utility_gap;ece;nll,
credit-g,xgboost,gbdt,label_noise,0.2,1435355987,train_only,True,low,True,ok,,0.6766666666666666,0.6965079365079365,0.7770406775058315,1.1210327320066635,0.1814958316430781,-0.027331208152836954,700,catboost,0.17696285236280906,True,utility_gap;ece;nll,
credit-g,xgboost,gbdt,label_noise,0.3,735775633,train_only,True,low,True,ok,,0.6,0.6059788359788361,0.9592464779149297,1.3839001366780737,0.2311652734224065,-0.1593105030953108,700,catboost,0.17696285236280906,True,utility_gap;ece;nll,
credit-g,xgboost,gbdt,label_noise,0.4,3553327825,train_only,True,low,True,ok,,0.57,0.5294179894179895,1.0118272946049152,1.4597582201626074,0.2724944794783832,-0.2216300656481625,700,catboost,0.17696285236280906,True,utility_gap;ece;nll,
diabetes,catboost,gbdt,covariate_shift,0.0,1520711306,test_only,True,low,True,ok,,0.7662337662337663,0.8111111111111111,0.5067621839349497,0.7311032896730126,0.0698094637275859,0.16553107417653284,537,catboost,0.16553107417653284,False,,
diabetes,catboost,gbdt,covariate_shift,0.05,3441945651,test_only,True,low,True,ok,,0.7445887445887446,0.8094650205761317,0.509245079289514,0.7346853504880888,0.05874264259881316,0.16284693522376847,537,catboost,0.16553107417653284,False,,
diabetes,catboost,gbdt,covariate_shift,0.1,4134713026,test_only,True,low,True,ok,,0.7056277056277056,0.8022222222222222,0.5386947214238702,0.7771722031512792,0.05960931189831897,0.14154841029688603,537,catboost,0.16553107417653284,True,nll,
diabetes,catboost,gbdt,covariate_shift,0.2,774406954,test_only,True,low,True,ok,,0.6320346320346321,0.7968724279835391,0.6809995079721918,0.9824746129993052,0.11506584772184897,0.05595499115527211,537,catboost,0.16553107417653284,True,utility_gap;ece;nll,
diabetes,catboost,gbdt,covariate_shift,0.3,3449815744,test_only,True,low,True,ok,,0.5021645021645021,0.7705349794238684,0.8355317428582237,1.205417501926872,0.25505070497164123,-0.06762347344936062,537,catboost,0.16553107417653284,True,utility_gap;ece;nll,
diabetes,catboost,gbdt,covariate_shift,0.4,1278015292,test_only,True,low,True,ok,,0.4199134199134199,0.728395061728395,1.0911635091860474,1.5742161835017094,0.3839950728244493,-0.23113858502345147,537,catboost,0.16553107417653284,True,utility_gap;ece;nll,
diabetes,hist_gbdt,gbdt,covariate_shift,0.0,1520711306,test_only,True,low,True,ok,,0.7445887445887446,0.7948148148148149,0.6510416244944626,0.9392545230704559,0.11696913796188936,0.08470331235998227,537,catboost,0.16553107417653284,True,utility_gap;ece;nll,
diabetes,hist_gbdt,gbdt,covariate_shift,0.05,3441945651,test_only,True,low,True,ok,,0.7142857142857143,0.7665020576131688,0.7019569472317158,1.012709806688752,0.14403566152891373,0.04279850299505783,537,catboost,0.16553107417653284,True,utility_gap;ece;nll,
diabetes,hist_gbdt,gbdt,covariate_shift,0.1,4134713026,test_only,True,low,True,ok,,0.7056277056277056,0.7905349794238684,0.6858247315343764,0.9894359391036496,0.1693115786152255,0.05183830118836985,537,catboost,0.16553107417653284,True,utility_gap;ece;nll,
diabetes,hist_gbdt,gbdt,covariate_shift,0.2,774406954,test_only,True,low,True,ok,,0.6190476190476191,0.7730041152263376,0.9422270162713247,1.3593462437662447,0.23603943696043989,-0.09160317733560036,537,catboost,0.16553107417653284,True,utility_gap;ece;nll,
diabetes,hist_gbdt,gbdt,covariate_shift,0.3,3449815744,test_only,True,low,True,ok,,0.5281385281385281,0.7371193415637861,1.1718942104594685,1.6906859658763624,0.3173937658657749,-0.23347199416795938,537,catboost,0.16553107417653284,True,utility_gap;ece;nll,
diabetes,hist_gbdt,gbdt,covariate_shift,0.4,1278015292,test_only,True,low,True,ok,,0.4458874458874459,0.6795884773662552,1.614193826886688,2.328789429083003,0.4421908122504541,-0.4823359072136855,537,catboost,0.16553107417653284,True,utility_gap;ece;nll,
diabetes,logreg,linear,covariate_shift,0.0,1520711306,test_only,True,low,True,ok,,0.7748917748917749,0.823045267489712,0.4887814386437363,0.7051625576098915,0.10424847319305476,0.17190114793358693,537,catboost,0.16553107417653284,True,ece,
diabetes,logreg,linear,covariate_shift,0.05,3441945651,test_only,True,low,True,ok,,0.7619047619047619,0.823045267489712,0.4945186440888442,0.7134395954541098,0.04134259194002177,0.18005116088287612,537,catboost,0.16553107417653284,False,,
diabetes,logreg,linear,covariate_shift,0.1,4134713026,test_only,True,low,True,ok,,0.7532467532467533,0.823045267489712,0.5194820328583107,0.7494541526356024,0.08002734845336937,0.1602111411270575,537,catboost,0.16553107417653284,False,,
diabetes,logreg,linear,covariate_shift,0.2,774406954,test_only,True,low,True,ok,,0.658008658008658,0.823045267489712,0.6294774482954527,0.9081439930072885,0.09746128621865686,0.09483168717677987,537,catboost,0.16553107417653284,True,utility_gap;nll,
diabetes,logreg,linear,covariate_shift,0.3,3449815744,test_only,True,low,True,ok,,0.5670995670995671,0.823045267489712,0.8188862217476623,1.1814030911676525,0.2195332722165203,-0.02519680310726559,537,catboost,0.16553107417653284,True,utility_gap;ece;nll,
diabetes,logreg,linear,covariate_shift,0.4,1278015292,test_only,True,low,True,ok,,0.4588744588744589,0.823045267489712,1.0803530189785142,1.5586199428897227,0.36571725823524004,-0.18383242206139677,537,catboost,0.16553107417653284,True,utility_gap;ece;nll,
diabetes,tabicl,icl,covariate_shift,0.0,1520711306,test_only,True,low,True,ok,,0.7445887445887446,0.8243621399176955,0.4835078284239755,0.6975543462982613,0.07473202190330243,0.17600235238936618,537,catboost,0.16553107417653284,False,,
diabetes,tabicl,icl,covariate_shift,0.05,3441945651,test_only,True,low,True,ok,,0.7489177489177489,0.8176954732510288,0.49218621718544514,0.71007461472734,0.031109942977243354,0.1792867049618717,537,catboost,0.16553107417653284,False,,
diabetes,tabicl,icl,covariate_shift,0.1,4134713026,test_only,True,low,True,ok,,0.7142857142857143,0.8095473251028806,0.5180548474955853,0.7473951593903692,0.06280597197598914,0.15370467871655683,537,catboost,0.16553107417653284,False,,
diabetes,tabicl,icl,covariate_shift,0.2,774406954,test_only,True,low,True,ok,,0.6190476190476191,0.7711934156378601,0.6375707990941621,0.9198202300687613,0.104635312948178,0.06590170672012986,537,catboost,0.16553107417653284,True,utility_gap;ece;nll,
diabetes,tabicl,icl,covariate_shift,0.3,3449815744,test_only,True,low,True,ok,,0.5281385281385281,0.7579423868312757,0.8141255082618633,1.174534833430597,0.23284470136546861,-0.05442877569054717,537,catboost,0.16553107417653284,True,utility_gap;ece;nll,
diabetes,tabicl,icl,covariate_shift,0.4,1278015292,test_only,True,low,True,ok,,0.42857142857142855,0.7121810699588478,1.0020689025139045,1.445679836285856,0.356481332410258,-0.19145112859649743,537,catboost,0.16553107417653284,True,utility_gap;ece;nll,
diabetes,xgboost,gbdt,covariate_shift,0.0,1520711306,test_only,True,low,True,ok,,0.7272727272727273,0.7887242798353911,0.8093741540548594,1.1676800782786456,0.18397082471510062,-0.001953781393317866,537,catboost,0.16553107417653284,True,utility_gap;ece;nll,
diabetes,xgboost,gbdt,covariate_shift,0.05,3441945651,test_only,True,low,True,ok,,0.7229437229437229,0.7661728395061728,0.8534216068677074,1.231227120015532,0.18875490891420504,-0.03051706551878173,537,catboost,0.16553107417653284,True,utility_gap;ece;nll,
diabetes,xgboost,gbdt,covariate_shift,0.1,4134713026,test_only,True,low,True,ok,,0.6666666666666666,0.7692181069958848,0.8974025303134086,1.2946781801643623,0.2265093683111287,-0.0644789902629748,537,catboost,0.16553107417653284,True,utility_gap;ece;nll,
diabetes,xgboost,gbdt,covariate_shift,0.2,774406954,test_only,True,low,True,ok,,0.6277056277056277,0.7465020576131687,1.1485202833337946,1.6569645171260527,0.25047483373663604,-0.19175275756468985,537,catboost,0.16553107417653284,True,utility_gap;ece;nll,
diabetes,xgboost,gbdt,covariate_shift,0.3,3449815744,test_only,True,low,True,ok,,0.5411255411255411,0.6809053497942388,1.5775534659140193,2.275928562011352,0.3514399208575844,-0.43358084917810774,537,catboost,0.16553107417653284,True,utility_gap;ece;nll,
diabetes,xgboost,gbdt,covariate_shift,0.4,1278015292,test_only,True,low,True,ok,,0.4588744588744589,0.6190123456790123,1.8282488234808039,2.6376055111468375,0.43930294153476795,-0.5936567518321816,537,catboost,0.16553107417653284,True,utility_gap;ece;nll,
diabetes,catboost,gbdt,label_noise,0.0,1702262915,train_only,True,low,True,ok,,0.7662337662337663,0.8111111111111111,0.5067621839349497,0.7311032896730126,0.0698094637275859,0.16553107417653284,537,catboost,0.16553107417653284,False,,
diabetes,catboost,gbdt,label_noise,0.05,3367617940,train_only,True,low,True,ok,,0.7445887445887446,0.8132510288065844,0.49683443561613083,0.7167805764062589,0.052960253930933045,0.1706999480625519,537,catboost,0.16553107417653284,False,,
diabetes,catboost,gbdt,label_noise,0.1,1544348815,train_only,True,low,True,ok,,0.7142857142857143,0.7994238683127571,0.5030127082771271,0.7256939397355381,0.059319799665640355,0.15736906919853266,537,catboost,0.16553107417653284,False,,
diabetes,catboost,gbdt,label_noise,0.2,1086896747,train_only,True,low,True,ok,,0.7056277056277056,0.7296296296296296,0.5715449746132178,0.8245651005194979,0.02189602575759307,0.10946579090715823,537,catboost,0.16553107417653284,True,utility_gap;nll,
diabetes,catboost,gbdt,label_noise,0.3,658528137,train_only,True,low,True,ok,,0.70995670995671,0.7623868312757202,0.5506506929560188,0.7944210239897196,0.06433537257245976,0.12213551572860071,537,catboost,0.16553107417653284,True,utility_gap;nll,
diabetes,catboost,gbdt,label_noise,0.4,4021522130,train_only,True,low,True,ok,,0.6233766233766234,0.6323456790123456,0.6562478842352748,0.9467655681801055,0.05801784165124636,0.019194242376533506,537,catboost,0.16553107417653284,True,utility_gap;nll,
diabetes,hist_gbdt,gbdt,label_noise,0.0,1702262915,train_only,True,low,True,ok,,0.7445887445887446,0.7948148148148149,0.6510416244944626,0.9392545230704559,0.11696913796188936,0.08470331235998227,537,catboost,0.16553107417653284,True,utility_gap;ece;nll,
diabetes,hist_gbdt,gbdt,label_noise,0.05,3367617940,train_only,True,low,True,ok,,0.7619047619047619,0.7877366255144033,0.6085466631605284,0.8779472530912208,0.12869035320117175,0.10087128664815483,537,catboost,0.16553107417653284,True,utility_gap;ece;nll,
diabetes,hist_gbdt,gbdt,label_noise,0.1,1544348815,train_only,True,low,True,ok,,0.6753246753246753,0.7317695473251029,0.7131200317061306,1.028814733301015,0.15797488115830977,0.017178646640520885,537,catboost,0.16553107417653284,True,utility_gap;ece;nll,
diabetes,hist_gbdt,gbdt,label_noise,0.2,1086896747,train_only,True,low,True,ok,,0.645021645021645,0.6167078189300413,0.7509248246148058,1.083355520552195,0.14983371765581344,-0.04237241631805999,537,catboost,0.16553107417653284,True,utility_gap;ece;nll,
diabetes,hist_gbdt,gbdt,label_noise,0.3,658528137,train_only,True,low,True,ok,,0.670995670995671,0.6930864197530865,0.6624813868136922,0.9557586114373569,0.1285173715040311,0.030798539830917675,537,catboost,0.16553107417653284,True,utility_gap;ece;nll,
diabetes,hist_gbdt,gbdt,label_noise,0.4,4021522130,train_only,True,low,True,ok,,0.5844155844155844,0.5699588477366255,0.8429862911386987,1.2161721417631806,0.20632794267095855,-0.11896929669298928,537,catboost,0.16553107417653284,True,utility_gap;ece;nll,
diabetes,logreg,linear,label_noise,0.0,1702262915,train_only,True,low,True,ok,,0.7748917748917749,0.823045267489712,0.4887814386437363,0.7051625576098915,0.10424847319305476,0.17190114793358693,537,catboost,0.16553107417653284,True,ece,
diabetes,logreg,linear,label_noise,0.05,3367617940,train_only,True,low,True,ok,,0.7619047619047619,0.8189300411522634,0.4911348244870481,0.7085577756953357,0.060015171008322724,0.17634086177874123,537,catboost,0.16553107417653284,False,,
diabetes,logreg,linear,label_noise,0.1,1544348815,train_only,True,low,True,ok,,0.7662337662337663,0.822962962962963,0.4887568305012372,0.7051270555647425,0.07888713646808487,0.17565655800906224,537,catboost,0.16553107417653284,False,,
diabetes,logreg,linear,label_noise,0.2,1086896747,train_only,True,low,True,ok,,0.7835497835497836,0.8057613168724279,0.5319188183596338,0.767396641402961,0.10758275710204124,0.14781338459652074,537,catboost,0.16553107417653284,True,ece;nll,
diabetes,logreg,linear,label_noise,0.3,658528137,train_only,True,low,True,ok,,0.7748917748917749,0.8206584362139918,0.5626071499921379,0.8116705452623306,0.1543960805014841,0.12908383922966737,537,catboost,0.16553107417653284,True,utility_gap;ece;nll,
diabetes,logreg,linear,label_noise,0.4,4021522130,train_only,True,low,True,ok,,0.7229437229437229,0.7269135802469137,0.6303286062148217,0.9093719543165755,0.15312217191277028,0.05942529085045153,537,catboost,0.16553107417653284,True,utility_gap;ece;nll,
diabetes,tabicl,icl,label_noise,0.0,1702262915,train_only,True,low,True,ok,,0.7445887445887446,0.8243621399176955,0.4835078284239755,0.6975543462982613,0.07473202190330243,0.17600235238936618,537,catboost,0.16553107417653284,False,,
diabetes,tabicl,icl,label_noise,0.05,3367617940,train_only,True,low,True,ok,,0.7705627705627706,0.8345679012345679,0.4754781283607171,0.6859699378371726,0.09716605997039278,0.18245898767128396,537,catboost,0.16553107417653284,False,,
diabetes,tabicl,icl,label_noise,0.1,1544348815,train_only,True,low,True,ok,,0.7402597402597403,0.8237860082304528,0.48335445296137103,0.6973330722789678,0.07820580488588603,0.17452298125875193,537,catboost,0.16553107417653284,False,,
diabetes,tabicl,icl,label_noise,0.2,1086896747,train_only,True,low,True,ok,,0.7662337662337663,0.791358024691358,0.5362012908236222,0.7735749431895006,0.09784443457048773,0.1402690037060925,537,catboost,0.16553107417653284,True,nll,
diabetes,tabicl,icl,label_noise,0.3,658528137,train_only,True,low,True,ok,,0.7575757575757576,0.7980246913580248,0.554746366046686,0.8003298312467276,0.12404896053235917,0.1280362641311822,537,catboost,0.16553107417653284,True,utility_gap;ece;nll,
diabetes,tabicl,icl,label_noise,0.4,4021522130,train_only,True,low,True,ok,,0.6753246753246753,0.7055144032921812,0.6383590152022213,0.9209573855390071,0.1054284492743295,0.05085583693439667,537,catboost,0.16553107417653284,True,utility_gap;ece;nll,
diabetes,xgboost,gbdt,label_noise,0.0,1702262915,train_only,True,low,True,ok,,0.7272727272727273,0.7887242798353911,0.8093741540548594,1.1676800782786456,0.18397082471510062,-0.001953781393317866,537,catboost,0.16553107417653284,True,utility_gap;ece;nll,
diabetes,xgboost,gbdt,label_noise,0.05,3367617940,train_only,True,low,True,ok,,0.7142857142857143,0.7671604938271605,0.7950599191337538,1.147029002543847,0.1833590420547827,-0.005131479191747355,537,catboost,0.16553107417653284,True,utility_gap;ece;nll,
diabetes,xgboost,gbdt,label_noise,0.1,1544348815,train_only,True,low,True,ok,,0.7012987012987013,0.7589300411522634,0.8082125329618534,1.1660042132883737,0.1988321400882739,-0.018747372406069496,537,catboost,0.16553107417653284,True,utility_gap;ece;nll,
diabetes,xgboost,gbdt,label_noise,0.2,1086896747,train_only,True,low,True,ok,,0.5887445887445888,0.6018106995884773,1.011951464626357,1.4599373596367686,0.25851493813526205,-0.1907387623504276,537,catboost,0.16553107417653284,True,utility_gap;ece;nll,
diabetes,xgboost,gbdt,label_noise,0.3,658528137,train_only,True,low,True,ok,,0.6406926406926406,0.6528395061728396,0.921968921596549,1.3301199910410868,0.22705568499712842,-0.11984941104736176,537,catboost,0.16553107417653284,True,utility_gap;ece;nll,
diabetes,xgboost,gbdt,label_noise,0.4,4021522130,train_only,True,low,True,ok,,0.5627705627705628,0.5508641975308642,1.1164911714284382,1.6107562762161174,0.2655424889643022,-0.25911732710630875,537,catboost,0.16553107417653284,True,utility_gap;ece;nll,
dna,catboost,gbdt,covariate_shift,0.0,4129258486,test_only,False,high,True,ok,,0.9560669456066946,0.9940899053328129,0.13316477286300543,0.12121179986476052,0.01485060881279544,0.4520078469855015,2230,catboost,0.4520078469855015,False,,
dna,catboost,gbdt,covariate_shift,0.05,1379787967,test_only,False,high,True,ok,,0.948744769874477,0.9937339173321896,0.13553810414914905,0.12337209909918916,0.016330575699368167,0.4498408416778075,2230,catboost,0.4520078469855015,False,,
dna,catboost,gbdt,covariate_shift,0.1,587119554,test_only,False,high,True,ok,,0.9539748953974896,0.9937799276070663,0.135048320065023,0.12292627841324012,0.01576894490783997,0.4508875364665566,2230,catboost,0.4520078469855015,False,,
dna,catboost,gbdt,covariate_shift,0.2,3368106178,test_only,False,high,True,ok,,0.9560669456066946,0.9936169839411585,0.13414761229197045,0.12210641886648,0.013888884377351016,0.4517662836849954,2230,catboost,0.4520078469855015,False,,
dna,catboost,gbdt,covariate_shift,0.3,3223076601,test_only,False,high,True,ok,,0.9539748953974896,0.9935664177153404,0.13923912340170772,0.1267409120013692,0.017342660201413326,0.44935367486929906,2230,catboost,0.4520078469855015,False,,
dna,catboost,gbdt,covariate_shift,0.4,3026397695,test_only,False,high,True,ok,,0.9539748953974896,0.9942876827049019,0.13095417108038512,0.1191996234077683,0.020290048315358206,0.45127902657093694,2230,catboost,0.4520078469855015,False,,
dna,hist_gbdt,gbdt,covariate_shift,0.0,4129258486,test_only,False,high,True,ok,,0.9581589958158996,0.9946765001152672,0.20202331838748863,0.18388954908961497,0.03371569807662653,0.4299506200705187,2230,catboost,0.4520078469855015,False,,
dna,hist_gbdt,gbdt,covariate_shift,0.05,1379787967,test_only,False,high,True,ok,,0.9581589958158996,0.9946765001152672,0.20202331838748863,0.18388954908961497,0.03371569807662653,0.4299506200705187,2230,catboost,0.4520078469855015,False,,
dna,hist_gbdt,gbdt,covariate_shift,0.1,587119554,test_only,False,high,True,ok,,0.9581589958158996,0.9946765001152672,0.20202331838748863,0.18388954908961497,0.03371569807662653,0.4299506200705187,2230,catboost,0.4520078469855015,False,,
dna,hist_gbdt,gbdt,covariate_shift,0.2,3368106178,test_only,False,high,True,ok,,0.9581589958158996,0.9946765001152672,0.20202331838748863,0.18388954908961497,0.03371569807662653,0.4299506200705187,2230,catboost,0.4520078469855015,False,,
dna,hist_gbdt,gbdt,covariate_shift,0.3,3223076601,test_only,False,high,True,ok,,0.9581589958158996,0.9946765001152672,0.20202331838748863,0.18388954908961497,0.03371569807662653,0.4299506200705187,2230,catboost,0.4520078469855015,False,,
dna,hist_gbdt,gbdt,covariate_shift,0.4,3026397695,test_only,False,high,True,ok,,0.9581589958158996,0.9946765001152672,0.20202331838748863,0.18388954908961497,0.03371569807662653,0.4299506200705187,2230,catboost,0.4520078469855015,False,,
dna,logreg,linear,covariate_shift,0.0,4129258486,test_only,False,high,True,ok,,0.9361924686192469,0.987019005076907,0.22346747663978947,0.2034088631128528,0.030910023468438904,0.41868085844226083,2230,catboost,0.4520078469855015,True,utility_gap,
dna,logreg,linear,covariate_shift,0.05,1379787967,test_only,False,high,True,ok,,0.9361924686192469,0.987019005076907,0.22346747663978947,0.2034088631128528,0.030910023468438904,0.41868085844226083,2230,catboost,0.4520078469855015,True,utility_gap,
dna,logreg,linear,covariate_shift,0.1,587119554,test_only,False,high,True,ok,,0.9361924686192469,0.987019005076907,0.22346747663978947,0.2034088631128528,0.030910023468438904,0.41868085844226083,2230,catboost,0.4520078469855015,True,utility_gap,
dna,logreg,linear,covariate_shift,0.2,3368106178,test_only,False,high,True,ok,,0.9361924686192469,0.987019005076907,0.22346747663978947,0.2034088631128528,0.030910023468438904,0.41868085844226083,2230,catboost,0.4520078469855015,True,utility_gap,
dna,logreg,linear,covariate_shift,0.3,3223076601,test_only,False,high,True,ok,,0.9361924686192469,0.987019005076907,0.22346747663978947,0.2034088631128528,0.030910023468438904,0.41868085844226083,2230,catboost,0.4520078469855015,True,utility_gap,
dna,logreg,linear,covariate_shift,0.4,3026397695,test_only,False,high,True,ok,,0.9361924686192469,0.987019005076907,0.22346747663978947,0.2034088631128528,0.030910023468438904,0.41868085844226083,2230,catboost,0.4520078469855015,True,utility_gap,
dna,tabicl,icl,covariate_shift,0.0,4129258486,test_only,False,high,True,ok,,0.9592050209205021,0.9963265069733417,0.108656089710379,0.09890303506627164,0.017483782423244294,0.45942736357421454,1000,catboost,0.4520078469855015,False,,
dna,tabicl,icl,covariate_shift,0.05,1379787967,test_only,False,high,True,ok,,0.9612970711297071,0.9961479998248454,0.1090375883260984,0.09925029007120327,0.011401837222385188,0.4607909061423139,1000,catboost,0.4520078469855015,False,,
dna,tabicl,icl,covariate_shift,0.1,587119554,test_only,False,high,True,ok,,0.952928870292887,0.9956425025790224,0.11353852724424493,0.1033472212311516,0.014464616120831008,0.4575171168530792,1000,catboost,0.4520078469855015,False,,
dna,tabicl,icl,covariate_shift,0.2,3368106178,test_only,False,high,True,ok,,0.9602510460251046,0.9958112699737397,0.10923098738070318,0.09942632947709709,0.012991116341405748,0.4601454792831643,1000,catboost,0.4520078469855015,False,,
dna,tabicl,icl,covariate_shift,0.3,3223076601,test_only,False,high,True,ok,,0.9675732217573222,0.9956486120609384,0.10883092422488214,0.09906217629954064,0.009393825263278243,0.4620155795424089,1000,catboost,0.4520078469855015,False,,
dna,tabicl,icl,covariate_shift,0.4,3026397695,test_only,False,high,True,ok,,0.9633891213389121,0.9961024322660496,0.10553264718702236,0.09605995515939811,0.01313787661228658,0.4616986576236774,1000,catboost,0.4520078469855015,False,,
dna,xgboost,gbdt,covariate_shift,0.0,4129258486,test_only,False,high,True,ok,,0.9581589958158996,0.9942358688246742,0.15143501588947186,0.13784209174745568,0.025227249004408592,0.4453083261359025,2230,catboost,0.4520078469855015,False,,
dna,xgboost,gbdt,covariate_shift,0.05,1379787967,test_only,False,high,True,ok,,0.9581589958158996,0.9942358688246742,0.15143501588947186,0.13784209174745568,0.025227249004408592,0.4453083261359025,2230,catboost,0.4520078469855015,False,,
dna,xgboost,gbdt,covariate_shift,0.1,587119554,test_only,False,high,True,ok,,0.9581589958158996,0.9942358688246742,0.15143501588947186,0.13784209174745568,0.025227249004408592,0.4453083261359025,2230,catboost,0.4520078469855015,False,,
dna,xgboost,gbdt,covariate_shift,0.2,3368106178,test_only,False,high,True,ok,,0.9581589958158996,0.9942358688246742,0.15143501588947186,0.13784209174745568,0.025227249004408592,0.4453083261359025,2230,catboost,0.4520078469855015,False,,
dna,xgboost,gbdt,covariate_shift,0.3,3223076601,test_only,False,high,True,ok,,0.9581589958158996,0.9942358688246742,0.15143501588947186,0.13784209174745568,0.025227249004408592,0.4453083261359025,2230,catboost,0.4520078469855015,False,,
dna,xgboost,gbdt,covariate_shift,0.4,3026397695,test_only,False,high,True,ok,,0.9581589958158996,0.9942358688246742,0.15143501588947186,0.13784209174745568,0.025227249004408592,0.4453083261359025,2230,catboost,0.4520078469855015,False,,
dna,catboost,gbdt,label_noise,0.0,304703745,train_only,False,high,True,ok,,0.9560669456066946,0.9940899053328129,0.13316477286300543,0.12121179986476052,0.01485060881279544,0.4520078469855015,2230,catboost,0.4520078469855015,False,,
dna,catboost,gbdt,label_noise,0.05,1433359301,train_only,False,high,True,ok,,0.9424686192468619,0.9894182606055454,0.18016262054915877,0.16399108439573062,0.023329253226487955,0.43380350813495344,2230,catboost,0.4520078469855015,False,,
dna,catboost,gbdt,label_noise,0.1,1866222242,train_only,False,high,True,ok,,0.9372384937238494,0.987174889433671,0.2157456069949784,0.19638011445924675,0.05272153458888904,0.41663864410481044,2230,catboost,0.4520078469855015,True,utility_gap,
dna,catboost,gbdt,label_noise,0.2,1266373448,train_only,False,high,True,ok,,0.8870292887029289,0.9703110329998957,0.35173565330527573,0.3201635890416796,0.08200686698188696,0.3602128047465216,2230,catboost,0.4520078469855015,True,utility_gap,
dna,catboost,gbdt,label_noise,0.3,2710239680,train_only,False,high,True,ok,,0.8430962343096234,0.9303141304025851,0.510870133134303,0.46501403489091736,0.12154319442603745,0.28826153143486555,2230,catboost,0.4520078469855015,True,utility_gap;ece,
dna,catboost,gbdt,label_noise,0.4,2778041081,train_only,False,high,True,ok,,0.7583682008368201,0.8783324889530263,0.6597702078391883,0.6005487237349705,0.09755660051744132,0.2214956640351028,2230,catboost,0.4520078469855015,True,utility_gap,
dna,hist_gbdt,gbdt,label_noise,0.0,304703745,train_only,False,high,True,ok,,0.9581589958158996,0.9946765001152672,0.20202331838748863,0.18388954908961497,0.03371569807662653,0.4299506200705187,2230,catboost,0.4520078469855015,False,,
dna,hist_gbdt,gbdt,label_noise,0.05,1433359301,train_only,False,high,True,ok,,0.9476987447698745,0.9915522849301377,0.17425032760133438,0.15860948343531164,0.02884249599454912,0.435846767211526,2230,catboost,0.4520078469855015,False,,
dna,hist_gbdt,gbdt,label_noise,0.1,1866222242,train_only,False,high,True,ok,,0.9351464435146444,0.9887087396662019,0.1908755023297628,0.17374236962265238,0.020795737774014514,0.4300381669687687,2230,catboost,0.4520078469855015,False,,
dna,hist_gbdt,gbdt,label_noise,0.2,1266373448,train_only,False,high,True,ok,,0.9058577405857741,0.9765094565764749,0.2866728366466516,0.2609408611241698,0.047737610634880856,0.3898271904254052,2230,catboost,0.4520078469855015,True,utility_gap,
dna,hist_gbdt,gbdt,label_noise,0.3,2710239680,train_only,False,high,True,ok,,0.8671548117154811,0.9459410823780324,0.43764566350691014,0.39836225028711897,0.10120141642023424,0.3214036422194509,2230,catboost,0.4520078469855015,True,utility_gap;ece,
dna,hist_gbdt,gbdt,label_noise,0.4,2778041081,train_only,False,high,True,ok,,0.7845188284518828,0.8984047691952033,0.6161507667249393,0.5608445973892416,0.11296459710376283,0.24127319484857848,2230,catboost,0.4520078469855015,True,utility_gap;ece,
dna,logreg,linear,label_noise,0.0,304703745,train_only,False,high,True,ok,,0.9361924686192469,0.987019005076907,0.22346747663978947,0.2034088631128528,0.030910023468438904,0.41868085844226083,2230,catboost,0.4520078469855015,True,utility_gap,
dna,logreg,linear,label_noise,0.05,1433359301,train_only,False,high,True,ok,,0.9131799163179917,0.9810683777401711,0.250342617603095,0.22787167063877928,0.018653913953924732,0.4082586356743399,2230,catboost,0.4520078469855015,True,utility_gap,
dna,logreg,linear,label_noise,0.1,1866222242,train_only,False,high,True,ok,,0.9069037656903766,0.9808816159491126,0.2856664063063568,0.2600247687495661,0.07968150471079061,0.3854003988687179,2230,catboost,0.4520078469855015,True,utility_gap,
dna,logreg,linear,label_noise,0.2,1266373448,train_only,False,high,True,ok,,0.891213389121339,0.9720079798366168,0.40740134111062676,0.37083268165927324,0.15779538693171283,0.3310759194268922,2230,catboost,0.4520078469855015,True,utility_gap;ece,
dna,logreg,linear,label_noise,0.3,2710239680,train_only,False,high,True,ok,,0.8430962343096234,0.9533994115256865,0.5450297496392514,0.496107457800251,0.1985666019048639,0.2716086714593857,2230,catboost,0.4520078469855015,True,utility_gap;ece,
dna,logreg,linear,label_noise,0.4,2778041081,train_only,False,high,True,ok,,0.7625523012552301,0.903738576315237,0.6891011905409824,0.6272469347456567,0.1734351435888935,0.2078302377571417,2230,catboost,0.4520078469855015,True,utility_gap;ece,
dna,tabicl,icl,label_noise,0.0,304703745,train_only,False,high,True,ok,,0.9592050209205021,0.9963265069733417,0.108656089710379,0.09890303506627164,0.017483782423244294,0.45942736357421454,1000,catboost,0.4520078469855015,False,,
dna,tabicl,icl,label_noise,0.05,1433359301,train_only,False,high,True,ok,,0.9686192468619247,0.9938708453913095,0.13277437457709995,0.12085644403092147,0.040167797683442155,0.44885719017028214,1000,catboost,0.4520078469855015,False,,
dna,tabicl,icl,label_noise,0.1,1866222242,train_only,False,high,True,ok,,0.952928870292887,0.9944966970160615,0.18556903229849053,0.1689122124452686,0.06702005620414635,0.4269354995251447,1000,catboost,0.4520078469855015,False,,
dna,tabicl,icl,label_noise,0.2,1266373448,train_only,False,high,True,ok,,0.9476987447698745,0.9930978148178199,0.2780467554150809,0.2530890636151246,0.15462650299583444,0.3828870272180138,1000,catboost,0.4520078469855015,True,utility_gap;ece,
dna,tabicl,icl,label_noise,0.3,2710239680,train_only,False,high,True,ok,,0.946652719665272,0.9903747205254122,0.4269312265384188,0.3886095494671774,0.2649732425556125,0.31905154678240927,1000,catboost,0.4520078469855015,True,utility_gap;ece,
dna,tabicl,icl,label_noise,0.4,2778041081,train_only,False,high,True,ok,,0.8838912133891214,0.9765493855422772,0.6316150050968906,0.5749207537652996,0.3230978830847123,0.23728016420163284,1000,catboost,0.4520078469855015,True,utility_gap;ece,
dna,xgboost,gbdt,label_noise,0.0,304703745,train_only,False,high,True,ok,,0.9581589958158996,0.9942358688246742,0.15143501588947186,0.13784209174745568,0.025227249004408592,0.4453083261359025,2230,catboost,0.4520078469855015,False,,
dna,xgboost,gbdt,label_noise,0.05,1433359301,train_only,False,high,True,ok,,0.9414225941422594,0.9910401308443353,0.18062043858874519,0.16440780833401958,0.03097350439029692,0.43256039153859094,2230,catboost,0.4520078469855015,False,,
dna,xgboost,gbdt,label_noise,0.1,1866222242,train_only,False,high,True,ok,,0.9393305439330544,0.987432409328527,0.20169869214763156,0.1835940615521047,0.025818536613075017,0.4262589990666961,2230,catboost,0.4520078469855015,False,,
dna,xgboost,gbdt,label_noise,0.2,1266373448,train_only,False,high,True,ok,,0.895397489539749,0.9678332235397452,0.32006166479021053,0.2913326822315393,0.042031397009506394,0.3772451675985101,2230,catboost,0.4520078469855015,True,utility_gap,
dna,xgboost,gbdt,label_noise,0.3,2710239680,train_only,False,high,True,ok,,0.8483263598326359,0.9276550810283118,0.4806147905598711,0.4374744352646365,0.06006529198450833,0.3086728433585119,2230,catboost,0.4520078469855015,True,utility_gap,
dna,xgboost,gbdt,label_noise,0.4,2778041081,train_only,False,high,True,ok,,0.7688284518828452,0.8858626628712215,0.6360882347522607,0.578992462867328,0.06101681802063554,0.23947509732302885,2230,catboost,0.4520078469855015,True,utility_gap,
dresses-sales,catboost,gbdt,covariate_shift,0.0,1584498180,test_only,True,low,True,ok,,0.68,0.6517058930852034,0.6397857910941245,0.9230157880427158,0.08077548172725797,0.037037229821554885,350,catboost,0.037037229821554885,True,nll,
dresses-sales,catboost,gbdt,covariate_shift,0.05,3591983103,test_only,True,low,True,ok,,0.6866666666666666,0.6630176975004561,0.6345151772127432,0.9154118995336065,0.12387466945689801,0.03565769037369812,350,catboost,0.037037229821554885,True,ece;nll,
dresses-sales,catboost,gbdt,covariate_shift,0.1,3538265090,test_only,True,low,True,ok,,0.6533333333333333,0.6670315635832876,0.6404654412412986,0.9239963159395832,0.08633291154710275,0.03699557016285518,350,catboost,0.037037229821554885,True,nll,
dresses-sales,catboost,gbdt,covariate_shift,0.2,3911477629,test_only,True,low,True,ok,,0.6866666666666666,0.6553548622514139,0.6411085544760016,0.9249241322140194,0.09712192619913892,0.0354725768839613,350,catboost,0.037037229821554885,True,nll,
dresses-sales,catboost,gbdt,covariate_shift,0.3,2493102225,test_only,True,low,True,ok,,0.64,0.6548075168764824,0.640416236971532,0.9239253291836005,0.0748155886192736,0.03304191442783394,350,catboost,0.037037229821554885,True,nll,
dresses-sales,catboost,gbdt,covariate_shift,0.4,357479993,test_only,True,low,True,ok,,0.68,0.6796205072067141,0.6288769648607179,0.9072776785338607,0.06897727740319275,0.05388841848155317,350,catboost,0.037037229821554885,True,nll,
dresses-sales,hist_gbdt,gbdt,covariate_shift,0.0,1584498180,test_only,True,low,True,ok,,0.6333333333333333,0.6392993979200876,0.7232832922141741,1.043477218835232,0.1452037712006107,-0.02332913061866104,350,catboost,0.037037229821554885,True,utility_gap;ece;nll,
dresses-sales,hist_gbdt,gbdt,covariate_shift,0.05,3591983103,test_only,True,low,True,ok,,0.62,0.6391169494617771,0.7593867441247244,1.0955634898655562,0.1550707971676883,-0.0429922740815826,350,catboost,0.037037229821554885,True,utility_gap;ece;nll,
dresses-sales,hist_gbdt,gbdt,covariate_shift,0.1,3538265090,test_only,True,low,True,ok,,0.6133333333333333,0.630724320379493,0.7726446902952566,1.1146906630581557,0.17887306211198067,-0.057428299207020285,350,catboost,0.037037229821554885,True,utility_gap;ece;nll,
dresses-sales,hist_gbdt,gbdt,covariate_shift,0.2,3911477629,test_only,True,low,True,ok,,0.6066666666666667,0.6278051450465243,0.7742960059100042,1.1170730079064948,0.15458224743466725,-0.05530655109259841,350,catboost,0.037037229821554885,True,utility_gap;ece;nll,
dresses-sales,hist_gbdt,gbdt,covariate_shift,0.3,2493102225,test_only,True,low,True,ok,,0.6066666666666667,0.6320014595876665,0.7680698257731899,1.1080905286994314,0.14971465450867258,-0.05016957865588069,350,catboost,0.037037229821554885,True,utility_gap;ece;nll,
dresses-sales,hist_gbdt,gbdt,covariate_shift,0.4,357479993,test_only,True,low,True,ok,,0.6066666666666667,0.631819011129356,0.7682110761645633,1.1082943099385894,0.14980725391673896,-0.05031308986965001,350,catboost,0.037037229821554885,True,utility_gap;ece;nll,
dresses-sales,logreg,linear,covariate_shift,0.0,1584498180,test_only,True,low,True,ok,,0.66,0.6852764094143404,0.6297547009191112,0.9085439839925141,0.053982491596397036,0.05548704977798548,350,catboost,0.037037229821554885,True,nll,
dresses-sales,logreg,linear,covariate_shift,0.05,3591983103,test_only,True,low,True,ok,,0.6666666666666666,0.6852764094143404,0.6299875428325926,0.9088799038664048,0.07078129412797482,0.05302651330950275,350,catboost,0.037037229821554885,True,nll,
dresses-sales,logreg,linear,covariate_shift,0.1,3538265090,test_only,True,low,True,ok,,0.6533333333333333,0.6852764094143404,0.6303089003801049,0.909343524806553,0.05185170063020513,0.054673345727012226,350,catboost,0.037037229821554885,True,nll,
dresses-sales,logreg,linear,covariate_shift,0.2,3911477629,test_only,True,low,True,ok,,0.66,0.6852764094143404,0.6312179351320542,0.9106549847351859,0.07358407987283545,0.0509334318998963,350,catboost,0.037037229821554885,True,nll,
dresses-sales,logreg,linear,covariate_shift,0.3,2493102225,test_only,True,low,True,ok,,0.6533333333333333,0.6852764094143404,0.6324832435951748,0.912480438980125,0.0863705110817025,0.04682850938464113,350,catboost,0.037037229821554885,True,nll,
dresses-sales,logreg,linear,covariate_shift,0.4,357479993,test_only,True,low,True,ok,,0.6466666666666666,0.6852764094143404,0.6341060908171549,0.914821712619396,0.08548333215773661,0.045303563077653,350,catboost,0.037037229821554885,True,nll,
dresses-sales,tabicl,icl,covariate_shift,0.0,1584498180,test_only,True,low,True,ok,,0.6666666666666666,0.6627440248129903,0.6277683702021466,0.9056783145175838,0.0452496166795276,0.05120699099336592,350,catboost,0.037037229821554885,True,nll,
dresses-sales,tabicl,icl,covariate_shift,0.05,3591983103,test_only,True,low,True,ok,,0.6733333333333333,0.6554460864805692,0.6301841399925185,0.9091635336140829,0.06472869125317124,0.04471133193334012,350,catboost,0.037037229821554885,True,nll,
dresses-sales,tabicl,icl,covariate_shift,0.1,3538265090,test_only,True,low,True,ok,,0.66,0.6513409961685823,0.6329298539121023,0.9131247614695661,0.07139217007216633,0.0387534862037007,350,catboost,0.037037229821554885,True,nll,
dresses-sales,tabicl,icl,covariate_shift,0.2,3911477629,test_only,True,low,True,ok,,0.68,0.6514322203977377,0.631857901607443,0.9115782611955647,0.05955567621838988,0.04461666353686084,350,catboost,0.037037229821554885,True,nll,
dresses-sales,tabicl,icl,covariate_shift,0.3,2493102225,test_only,True,low,True,ok,,0.6666666666666666,0.6610107644590404,0.6288721173075716,0.9072706849929761,0.04606404991225606,0.04995975208032006,350,catboost,0.037037229821554885,True,nll,
dresses-sales,tabicl,icl,covariate_shift,0.4,357479993,test_only,True,low,True,ok,,0.6733333333333333,0.657088122605364,0.6302318362564301,0.9092323447774969,0.07280600799544609,0.04364993787953905,350,catboost,0.037037229821554885,True,nll,
dresses-sales,xgboost,gbdt,covariate_shift,0.0,1584498180,test_only,True,low,True,ok,,0.6,0.6336434957124614,1.0233283271811582,1.4763507028254557,0.24541779899748511,-0.1802135471477722,350,catboost,0.037037229821554885,True,utility_gap;ece;nll,
dresses-sales,xgboost,gbdt,covariate_shift,0.05,3591983103,test_only,True,low,True,ok,,0.5933333333333334,0.6352855318372559,1.0678808502856754,1.5406264069674336,0.27644767963445843,-0.20612752187408218,350,catboost,0.037037229821554885,True,utility_gap;ece;nll,
dresses-sales,xgboost,gbdt,covariate_shift,0.1,3538265090,test_only,True,low,True,ok,,0.5733333333333334,0.6212370005473453,1.1067663957171079,1.5967263905236238,0.2808075170883031,-0.23174647038317686,350,catboost,0.037037229821554885,True,utility_gap;ece;nll,
dresses-sales,xgboost,gbdt,covariate_shift,0.2,3911477629,test_only,True,low,True,ok,,0.58,0.618317825214377,1.1137864531192572,1.6068541925244604,0.2828846698985288,-0.23522195291201192,350,catboost,0.037037229821554885,True,utility_gap;ece;nll,
dresses-sales,xgboost,gbdt,covariate_shift,0.3,2493102225,test_only,True,low,True,ok,,0.5733333333333334,0.6194125159642401,1.1080718831568015,1.5986098107788125,0.2777521973698112,-0.2323390021201219,350,catboost,0.037037229821554885,True,utility_gap;ece;nll,
dresses-sales,xgboost,gbdt,covariate_shift,0.4,357479993,test_only,True,low,True,ok,,0.5733333333333334,0.6192300675059296,1.1086796066754696,1.5994865704854266,0.27722966291991596,-0.23256138010253583,350,catboost,0.037037229821554885,True,utility_gap;ece;nll,
dresses-sales,catboost,gbdt,label_noise,0.0,1723234606,train_only,True,low,True,ok,,0.68,0.6517058930852034,0.6397857910941245,0.9230157880427158,0.08077548172725797,0.037037229821554885,350,catboost,0.037037229821554885,True,nll,
dresses-sales,catboost,gbdt,label_noise,0.05,4067320310,train_only,True,low,True,ok,,0.6266666666666667,0.6285349388797665,0.649136267691012,0.9365056742589937,0.04672056007099859,0.023691414316020447,350,catboost,0.037037229821554885,True,nll,
dresses-sales,catboost,gbdt,label_noise,0.1,1139570320,train_only,True,low,True,ok,,0.5866666666666667,0.5995256340083926,0.675346404149741,0.974318908149025,0.08736347302938817,-0.01193439514764771,350,catboost,0.037037229821554885,True,utility_gap;nll,
dresses-sales,catboost,gbdt,label_noise,0.2,3678370766,train_only,True,low,True,ok,,0.5733333333333334,0.5958766648421822,0.6841940657108387,0.9870833856066846,0.03277592376304089,-0.00812336773984983,350,catboost,0.037037229821554885,True,utility_gap;nll,
dresses-sales,catboost,gbdt,label_noise,0.3,2349940198,train_only,True,low,True,ok,,0.5,0.5402298850574712,0.7043578083585945,1.0161735171303632,0.09791081655772288,-0.06035375868053863,350,catboost,0.037037229821554885,True,utility_gap;nll,
dresses-sales,catboost,gbdt,label_noise,0.4,32495352,train_only,True,low,True,ok,,0.5266666666666666,0.465061120233534,0.7049321249721853,1.0170020808606908,0.061531659090112024,-0.07563556399449273,350,catboost,0.037037229821554885,True,utility_gap;nll,
dresses-sales,hist_gbdt,gbdt,label_noise,0.0,1723234606,train_only,True,low,True,ok,,0.6333333333333333,0.6392993979200876,0.7232832922141741,1.043477218835232,0.1452037712006107,-0.02332913061866104,350,catboost,0.037037229821554885,True,utility_gap;ece;nll,
dresses-sales,hist_gbdt,gbdt,label_noise,0.05,4067320310,train_only,True,low,True,ok,,0.5666666666666667,0.611384783798577,0.7438978226288921,1.0732176996348004,0.1649393555804454,-0.055968506677027234,350,catboost,0.037037229821554885,True,utility_gap;ece;nll,
dresses-sales,hist_gbdt,gbdt,label_noise,0.1,1139570320,train_only,True,low,True,ok,,0.5866666666666667,0.6039043970078454,0.7656402990661214,1.1045854625674363,0.15765987050049726,-0.0635410739175844,350,catboost,0.037037229821554885,True,utility_gap;ece;nll,
dresses-sales,hist_gbdt,gbdt,label_noise,0.2,3678370766,train_only,True,low,True,ok,,0.5133333333333333,0.5710636745119504,0.7885901363834521,1.1376950790543576,0.20056578098592637,-0.10454939383430992,350,catboost,0.037037229821554885,True,utility_gap;ece;nll,
dresses-sales,hist_gbdt,gbdt,label_noise,0.3,2349940198,train_only,True,low,True,ok,,0.5,0.5276409414340448,0.8247523984293216,1.1898661951752607,0.20680799342642875,-0.1386471277359483,350,catboost,0.037037229821554885,True,utility_gap;ece;nll,
dresses-sales,hist_gbdt,gbdt,label_noise,0.4,32495352,train_only,True,low,True,ok,,0.5466666666666666,0.4986316365626711,0.8026527170282587,1.1579830944127212,0.21119107513523544,-0.13311207055392857,350,catboost,0.037037229821554885,True,utility_gap;ece;nll,
dresses-sales,logreg,linear,label_noise,0.0,1723234606,train_only,True,low,True,ok,,0.66,0.6852764094143404,0.6297547009191112,0.9085439839925141,0.053982491596397036,0.05548704977798548,350,catboost,0.037037229821554885,True,nll,
dresses-sales,logreg,linear,label_noise,0.05,4067320310,train_only,True,low,True,ok,,0.62,0.6777960226236088,0.6383536610239916,0.9209496610926271,0.08444556384202284,0.03705459682207038,350,catboost,0.037037229821554885,True,nll,
dresses-sales,logreg,linear,label_noise,0.1,1139570320,train_only,True,low,True,ok,,0.6266666666666667,0.6659368728334246,0.6585666445986029,0.9501108322572889,0.10767225765081989,0.020510204284347966,350,catboost,0.037037229821554885,True,ece;nll,
dresses-sales,logreg,linear,label_noise,0.2,3678370766,train_only,True,low,True,ok,,0.58,0.638387155628535,0.7008186034553938,1.0110675237678257,0.12032623357987936,-0.016949999376336344,350,catboost,0.037037229821554885,True,utility_gap;ece;nll,
dresses-sales,logreg,linear,label_noise,0.3,2349940198,train_only,True,low,True,ok,,0.58,0.5869366903849662,0.7222870672437631,1.0420399700108103,0.09776346889643515,-0.03973684314779197,350,catboost,0.037037229821554885,True,utility_gap;nll,
dresses-sales,logreg,linear,label_noise,0.4,32495352,train_only,True,low,True,ok,,0.54,0.5312899106002554,0.7135431705905556,1.0294251936711822,0.09993902510363861,-0.06186389441199297,350,catboost,0.037037229821554885,True,utility_gap;nll,
dresses-sales,tabicl,icl,label_noise,0.0,1723234606,train_only,True,low,True,ok,,0.6666666666666666,0.6627440248129903,0.6277683702021466,0.9056783145175838,0.0452496166795276,0.05120699099336592,350,catboost,0.037037229821554885,True,nll,
dresses-sales,tabicl,icl,label_noise,0.05,4067320310,train_only,True,low,True,ok,,0.6466666666666666,0.6594599525634008,0.6385090581483789,0.921173851753349,0.1080401841296428,0.02985079104525705,350,catboost,0.037037229821554885,True,ece;nll,
dresses-sales,tabicl,icl,label_noise,0.1,1139570320,train_only,True,low,True,ok,,0.6533333333333333,0.6424922459405218,0.6435324075872698,0.9284210130774894,0.08064477396435663,0.0282170273630645,350,catboost,0.037037229821554885,True,nll,
dresses-sales,tabicl,icl,label_noise,0.2,3678370766,train_only,True,low,True,ok,,0.5733333333333334,0.5982484948002189,0.6827733370761632,0.9850337074509893,0.053409684334482635,-0.010805075922116684,350,catboost,0.037037229821554885,True,utility_gap;nll,
dresses-sales,tabicl,icl,label_noise,0.3,2349940198,train_only,True,low,True,ok,,0.5266666666666666,0.5498996533479292,0.7000030199638118,1.0098908855090893,0.07294074335819052,-0.04609053565258969,350,catboost,0.037037229821554885,True,utility_gap;nll,
dresses-sales,tabicl,icl,label_noise,0.4,32495352,train_only,True,low,True,ok,,0.5666666666666667,0.5419631454114213,0.6779874543610409,0.9781291381916062,0.023944518700053104,-0.023540544303495003,350,catboost,0.037037229821554885,True,utility_gap;nll,
dresses-sales,xgboost,gbdt,label_noise,0.0,1723234606,train_only,True,low,True,ok,,0.6,0.6336434957124614,1.0233283271811582,1.4763507028254557,0.24541779899748511,-0.1802135471477722,350,catboost,0.037037229821554885,True,utility_gap;ece;nll,
dresses-sales,xgboost,gbdt,label_noise,0.05,4067320310,train_only,True,low,True,ok,,0.6,0.6296296296296295,0.9628002026235547,1.3890270776918916,0.25252753524974775,-0.1568432599871467,350,catboost,0.037037229821554885,True,utility_gap;ece;nll,
dresses-sales,xgboost,gbdt,label_noise,0.1,1139570320,train_only,True,low,True,ok,,0.58,0.5905856595511768,1.1492920065403043,1.658077878369023,0.27919096273197325,-0.25955657521418973,350,catboost,0.037037229821554885,True,utility_gap;ece;nll,
dresses-sales,xgboost,gbdt,label_noise,0.2,3678370766,train_only,True,low,True,ok,,0.5533333333333333,0.5727057106367451,1.2032184188618475,1.735877245998247,0.31828332754848,-0.30097284058630935,350,catboost,0.037037229821554885,True,utility_gap;ece;nll,
dresses-sales,xgboost,gbdt,label_noise,0.3,2349940198,train_only,True,low,True,ok,,0.49333333333333335,0.5447910965152346,1.1766417180188136,1.6975351714888125,0.3446875478378809,-0.31352117723388784,350,catboost,0.037037229821554885,True,utility_gap;ece;nll,
dresses-sales,xgboost,gbdt,label_noise,0.4,32495352,train_only,True,low,True,ok,,0.5333333333333333,0.5208903484765554,1.1360364898917243,1.6389542102356958,0.2991768331438135,-0.2892100077326771,350,catboost,0.037037229821554885,True,utility_gap;ece;nll,
eucalyptus,catboost,gbdt,covariate_shift,0.0,388359511,test_only,True,low,True,ok,,0.665158371040724,0.9091730036574333,0.8159699054867897,0.5069906078282471,0.11354663311928542,0.24317779796387898,515,catboost,0.24317779796387898,True,ece,
eucalyptus,catboost,gbdt,covariate_shift,0.05,1468235247,test_only,True,low,True,ok,,0.5475113122171946,0.8517445279239062,1.1084866010317502,0.6887414497122691,0.16617448589055214,0.14037994951415517,515,catboost,0.24317779796387898,True,utility_gap;ece,
eucalyptus,catboost,gbdt,covariate_shift,0.1,2813244423,test_only,True,low,True,ok,,0.5067873303167421,0.8295787479329235,1.2847731391650135,0.7982744343470407,0.2206778062085452,0.08275276977821326,515,catboost,0.24317779796387898,True,utility_gap;ece;nll,
eucalyptus,catboost,gbdt,covariate_shift,0.2,843169740,test_only,True,low,True,ok,,0.35294117647058826,0.7484214072502586,2.1644122377066988,1.3448249360755147,0.38453554017022035,-0.16546591984851974,515,catboost,0.24317779796387898,True,utility_gap;ece;nll,
eucalyptus,catboost,gbdt,covariate_shift,0.3,3234733710,test_only,True,low,True,ok,,0.3076923076923077,0.6913875373253316,2.75273710143313,1.7103717267787695,0.4256255676565775,-0.3100971473472342,515,catboost,0.24317779796387898,True,utility_gap;ece;nll,
eucalyptus,catboost,gbdt,covariate_shift,0.4,590659504,test_only,True,low,True,ok,,0.27601809954751133,0.6528537113514024,3.0231597542770197,1.8783947680869642,0.463463151391826,-0.3863095467993369,515,catboost,0.24317779796387898,True,utility_gap;ece;nll,
eucalyptus,hist_gbdt,gbdt,covariate_shift,0.0,388359511,test_only,True,low,True,ok,,0.6470588235294118,0.8908376121157626,1.3607629976616236,0.8454895881032262,0.23813108145134884,0.10757889504869103,515,catboost,0.24317779796387898,True,utility_gap;ece;nll,
eucalyptus,hist_gbdt,gbdt,covariate_shift,0.05,1468235247,test_only,True,low,True,ok,,0.4841628959276018,0.808997364341991,1.961763972740912,1.2189124896243786,0.358470262164297,-0.08159428741133588,515,catboost,0.24317779796387898,True,utility_gap;ece;nll,
eucalyptus,hist_gbdt,gbdt,covariate_shift,0.1,2813244423,test_only,True,low,True,ok,,0.47058823529411764,0.7977765365686028,2.2041117644513526,1.3694916389274518,0.3587051879252443,-0.1327785061701558,515,catboost,0.24317779796387898,True,utility_gap;ece;nll,
eucalyptus,hist_gbdt,gbdt,covariate_shift,0.2,843169740,test_only,True,low,True,ok,,0.35294117647058826,0.7165631415757114,3.37721072050767,2.0983790020206525,0.46107287521459217,-0.417989999627027,515,catboost,0.24317779796387898,True,utility_gap;ece;nll,
eucalyptus,hist_gbdt,gbdt,covariate_shift,0.3,3234733710,test_only,True,low,True,ok,,0.334841628959276,0.6762903544440422,4.324089764151958,2.686708030639244,0.4845644061377593,-0.6159974220200188,515,catboost,0.24317779796387898,True,utility_gap;ece;nll,
eucalyptus,hist_gbdt,gbdt,covariate_shift,0.4,590659504,test_only,True,low,True,ok,,0.33031674208144796,0.6217456135280885,4.67353634898843,2.903831401560693,0.46375217298147203,-0.6967413790174541,515,catboost,0.24317779796387898,True,utility_gap;ece;nll,
eucalyptus,logreg,linear,covariate_shift,0.0,388359511,test_only,True,low,True,ok,,0.6380090497737556,0.8954587698666053,0.8190187057361001,0.5088849339316378,0.09657382288680018,0.23713168216252384,515,catboost,0.24317779796387898,False,,
eucalyptus,logreg,linear,covariate_shift,0.05,1468235247,test_only,True,low,True,ok,,0.6018099547511312,0.886452533623506,0.8721678020997419,0.5419083242426436,0.1020111393777712,0.21755515483254947,515,catboost,0.24317779796387898,True,ece,
eucalyptus,logreg,linear,covariate_shift,0.1,2813244423,test_only,True,low,True,ok,,0.5520361990950227,0.8667083484209002,1.0438166032702854,0.6485597208851791,0.1436537724473514,0.16285468105654438,515,catboost,0.24317779796387898,True,utility_gap;ece,
eucalyptus,logreg,linear,covariate_shift,0.2,843169740,test_only,True,low,True,ok,,0.4117647058823529,0.8130554609481738,1.7267888681716363,1.07291424840369,0.31212796829277645,-0.03796575096544855,515,catboost,0.24317779796387898,True,utility_gap;ece;nll,
eucalyptus,logreg,linear,covariate_shift,0.3,3234733710,test_only,True,low,True,ok,,0.29411764705882354,0.7611138605523183,2.826784992689234,1.756380268446658,0.4704195858825208,-0.3104904994583666,515,catboost,0.24317779796387898,True,utility_gap;ece;nll,
eucalyptus,logreg,linear,covariate_shift,0.4,590659504,test_only,True,low,True,ok,,0.27601809954751133,0.7294673980529548,4.255705863488482,2.644218724195573,0.5361049876000555,-0.6037703105280221,515,catboost,0.24317779796387898,True,utility_gap;ece;nll,
eucalyptus,tabicl,icl,covariate_shift,0.0,388359511,test_only,True,low,True,ok,,0.7601809954751131,0.9436308695606856,0.5895179424121141,0.3662880921703479,0.047983749957920104,0.32481477602481856,515,catboost,0.24317779796387898,False,,
eucalyptus,tabicl,icl,covariate_shift,0.05,1468235247,test_only,True,low,True,ok,,0.4841628959276018,0.8721103693748496,1.0639759616248257,0.6610854344891611,0.08541700898993372,0.16245403152560256,515,catboost,0.24317779796387898,True,utility_gap,
eucalyptus,tabicl,icl,covariate_shift,0.1,2813244423,test_only,True,low,True,ok,,0.4253393665158371,0.8433290285519346,1.1344135974635812,0.704850798343568,0.12229895735460487,0.12305103399656128,515,catboost,0.24317779796387898,True,utility_gap;ece,
eucalyptus,tabicl,icl,covariate_shift,0.2,843169740,test_only,True,low,True,ok,,0.3936651583710407,0.7996120402465294,1.275129079454094,0.7922822431376676,0.17933106860038397,0.0653631011805643,515,catboost,0.24317779796387898,True,utility_gap;ece;nll,
eucalyptus,tabicl,icl,covariate_shift,0.3,3234733710,test_only,True,low,True,ok,,0.29411764705882354,0.7437904396741225,1.5955115567918363,0.9913470687283601,0.32182020114428683,-0.057323859902599014,515,catboost,0.24317779796387898,True,utility_gap;ece;nll,
eucalyptus,tabicl,icl,covariate_shift,0.4,590659504,test_only,True,low,True,ok,,0.27601809954751133,0.7139755954258503,1.7809141164806657,1.1065441560198033,0.370931950797159,-0.11485546363419848,515,catboost,0.24317779796387898,True,utility_gap;ece;nll,
eucalyptus,xgboost,gbdt,covariate_shift,0.0,388359511,test_only,True,low,True,ok,,0.6561085972850679,0.8944440455788932,1.1521957875099234,0.7158994942323387,0.20597492337308787,0.1555068726010536,515,catboost,0.24317779796387898,True,utility_gap;ece,
eucalyptus,xgboost,gbdt,covariate_shift,0.05,1468235247,test_only,True,low,True,ok,,0.5339366515837104,0.8361411169384029,1.497648310335299,0.9305412148954963,0.2917376936533619,0.03522998546667628,515,catboost,0.24317779796387898,True,utility_gap;ece;nll,
eucalyptus,xgboost,gbdt,covariate_shift,0.1,2813244423,test_only,True,low,True,ok,,0.5158371040723982,0.8197203478709367,1.6946191156453239,1.0529260573229546,0.2946839840834228,-0.010536926647883409,515,catboost,0.24317779796387898,True,utility_gap;ece;nll,
eucalyptus,xgboost,gbdt,covariate_shift,0.2,843169740,test_only,True,low,True,ok,,0.38461538461538464,0.7451005128255936,2.6114554719769285,1.6225885147861252,0.43695081701864014,-0.2556892306583001,515,catboost,0.24317779796387898,True,utility_gap;ece;nll,
eucalyptus,xgboost,gbdt,covariate_shift,0.3,3234733710,test_only,True,low,True,ok,,0.38461538461538464,0.6770155775837852,3.4890935450468965,2.1678957094840774,0.44552505732022013,-0.4448259644626348,515,catboost,0.24317779796387898,True,utility_gap;ece;nll,
eucalyptus,xgboost,gbdt,covariate_shift,0.4,590659504,test_only,True,low,True,ok,,0.3574660633484163,0.6318078852623311,4.015134311646188,2.4947432147747364,0.4813631306135975,-0.569942921211062,515,catboost,0.24317779796387898,True,utility_gap;ece;nll,
eucalyptus,catboost,gbdt,label_noise,0.0,3047671038,train_only,True,low,True,ok,,0.665158371040724,0.9091730036574333,0.8159699054867897,0.5069906078282471,0.11354663311928542,0.24317779796387898,515,catboost,0.24317779796387898,True,ece,
eucalyptus,catboost,gbdt,label_noise,0.05,3920340813,train_only,True,low,True,ok,,0.6153846153846154,0.8931054571470121,0.8807237408170704,0.5472244278656709,0.11820751531935264,0.21708577088557474,515,catboost,0.24317779796387898,True,ece,
eucalyptus,catboost,gbdt,label_noise,0.1,961916056,train_only,True,low,True,ok,,0.6561085972850679,0.8957378517281219,0.8525308616532778,0.5297072071353889,0.08315367374297444,0.2363816408083913,515,catboost,0.24317779796387898,False,,
eucalyptus,catboost,gbdt,label_noise,0.2,596624435,train_only,True,low,True,ok,,0.6063348416289592,0.8521979261737129,1.0170236460867876,0.631912320586912,0.06608370350301383,0.18642906352846703,515,catboost,0.24317779796387898,True,utility_gap,
eucalyptus,catboost,gbdt,label_noise,0.3,4272373003,train_only,True,low,True,ok,,0.5520361990950227,0.8378657321495953,1.0639905969646737,0.6610945279370879,0.09246530022184357,0.15923701769111664,515,catboost,0.24317779796387898,True,utility_gap,
eucalyptus,catboost,gbdt,label_noise,0.4,2286472737,train_only,True,low,True,ok,,0.502262443438914,0.8030937358567682,1.1801475942998618,0.733266928274988,0.09794601077602604,0.1168528934280044,515,catboost,0.24317779796387898,True,utility_gap,
eucalyptus,hist_gbdt,gbdt,label_noise,0.0,3047671038,train_only,True,low,True,ok,,0.6470588235294118,0.8908376121157626,1.3607629976616236,0.8454895881032262,0.23813108145134884,0.10757889504869103,515,catboost,0.24317779796387898,True,utility_gap;ece;nll,
eucalyptus,hist_gbdt,gbdt,label_noise,0.05,3920340813,train_only,True,low,True,ok,,0.6289592760180995,0.8828471986778446,1.2323915982839282,0.7657279530715599,0.22248989203112446,0.12912404661226762,515,catboost,0.24317779796387898,True,utility_gap;ece;nll,
eucalyptus,hist_gbdt,gbdt,label_noise,0.1,961916056,train_only,True,low,True,ok,,0.6470588235294118,0.8791030829841407,1.1641292989616545,0.7233142017892664,0.1876029579298698,0.1502300504511071,515,catboost,0.24317779796387898,True,utility_gap;ece,
eucalyptus,hist_gbdt,gbdt,label_noise,0.2,596624435,train_only,True,low,True,ok,,0.5294117647058824,0.8218798620916268,1.4091223170007017,0.8755369226201196,0.2608724175987511,0.052234156132165595,515,catboost,0.24317779796387898,True,utility_gap;ece;nll,
eucalyptus,hist_gbdt,gbdt,label_noise,0.3,4272373003,train_only,True,low,True,ok,,0.5384615384615384,0.8141776188741542,1.3896917307296903,0.8634640205709658,0.2273294241129995,0.0612263063812951,515,catboost,0.24317779796387898,True,utility_gap;ece;nll,
eucalyptus,hist_gbdt,gbdt,label_noise,0.4,2286472737,train_only,True,low,True,ok,,0.4751131221719457,0.7685882417587553,1.506567412819725,0.9360829648539876,0.2289592848164453,0.013656106521870895,515,catboost,0.24317779796387898,True,utility_gap;ece;nll,
eucalyptus,logreg,linear,label_noise,0.0,3047671038,train_only,True,low,True,ok,,0.6380090497737556,0.8954587698666053,0.8190187057361001,0.5088849339316378,0.09657382288680018,0.23713168216252384,515,catboost,0.24317779796387898,False,,
eucalyptus,logreg,linear,label_noise,0.05,3920340813,train_only,True,low,True,ok,,0.6153846153846154,0.8794296861697795,0.876392061554898,0.5445330042147759,0.05296325784781511,0.22615552963311933,515,catboost,0.24317779796387898,False,,
eucalyptus,logreg,linear,label_noise,0.1,961916056,train_only,True,low,True,ok,,0.6063348416289592,0.8517518168745845,0.9821412126464689,0.6102386460879916,0.05405566121369151,0.19518063608131267,515,catboost,0.24317779796387898,True,utility_gap,
eucalyptus,logreg,linear,label_noise,0.2,596624435,train_only,True,low,True,ok,,0.5610859728506787,0.8133634581609315,1.1207466387623548,0.6963590394533127,0.09595735810996824,0.14074092282594033,515,catboost,0.24317779796387898,True,utility_gap,
eucalyptus,logreg,linear,label_noise,0.3,4272373003,train_only,True,low,True,ok,,0.49321266968325794,0.7857286672893548,1.1843759117217374,0.7358941296036063,0.050902315548315674,0.1180382320130178,515,catboost,0.24317779796387898,True,utility_gap,
eucalyptus,logreg,linear,label_noise,0.4,2286472737,train_only,True,low,True,ok,,0.5339366515837104,0.7972101486424721,1.193790034150493,0.7417434527468134,0.11480109709775559,0.11363079451882666,515,catboost,0.24317779796387898,True,utility_gap;ece,
eucalyptus,tabicl,icl,label_noise,0.0,3047671038,train_only,True,low,True,ok,,0.7601809954751131,0.9436308695606856,0.5895179424121141,0.3662880921703479,0.047983749957920104,0.32481477602481856,515,catboost,0.24317779796387898,False,,
eucalyptus,tabicl,icl,label_noise,0.05,3920340813,train_only,True,low,True,ok,,0.746606334841629,0.9349663281112914,0.6559046940711829,0.40753650016806064,0.08256092286819855,0.3004560304411384,515,catboost,0.24317779796387898,False,,
eucalyptus,tabicl,icl,label_noise,0.1,961916056,train_only,True,low,True,ok,,0.751131221719457,0.9333348405041221,0.6914223226172675,0.4296048435764548,0.12089939724253464,0.2862755449129179,515,catboost,0.24317779796387898,True,ece,
eucalyptus,tabicl,icl,label_noise,0.2,596624435,train_only,True,low,True,ok,,0.665158371040724,0.9152136393493219,0.8531852197557569,0.5301137826841713,0.12812545261034822,0.23543930410105016,515,catboost,0.24317779796387898,True,ece,
eucalyptus,tabicl,icl,label_noise,0.3,4272373003,train_only,True,low,True,ok,,0.6832579185520362,0.9122644479524821,0.9266789041709341,0.5757779762808202,0.21020776930894347,0.2070062978201394,515,catboost,0.24317779796387898,True,utility_gap;ece,
eucalyptus,tabicl,icl,label_noise,0.4,2286472737,train_only,True,low,True,ok,,0.6923076923076923,0.9138488146869749,1.0545792730312902,0.6552469435968197,0.3063125154557852,0.16585665281639211,515,catboost,0.24317779796387898,True,utility_gap;ece,
eucalyptus,xgboost,gbdt,label_noise,0.0,3047671038,train_only,True,low,True,ok,,0.6561085972850679,0.8944440455788932,1.1521957875099234,0.7158994942323387,0.20597492337308787,0.1555068726010536,515,catboost,0.24317779796387898,True,utility_gap;ece,
eucalyptus,xgboost,gbdt,label_noise,0.05,3920340813,train_only,True,low,True,ok,,0.6334841628959276,0.8813072017292221,1.1775832437805192,0.7316736077128643,0.21251564581288737,0.14147493356318006,515,catboost,0.24317779796387898,True,utility_gap;ece,
eucalyptus,xgboost,gbdt,label_noise,0.1,961916056,train_only,True,low,True,ok,,0.6153846153846154,0.8675572472820854,1.211129638137132,0.7525171544551412,0.2131837479901696,0.1275608329218459,515,catboost,0.24317779796387898,True,utility_gap;ece;nll,
eucalyptus,xgboost,gbdt,label_noise,0.2,596624435,train_only,True,low,True,ok,,0.5248868778280543,0.8129271619447106,1.422042689217841,0.8835648012461417,0.2412071199513731,0.04994667399073974,515,catboost,0.24317779796387898,True,utility_gap;ece;nll,
eucalyptus,xgboost,gbdt,label_noise,0.3,4272373003,train_only,True,low,True,ok,,0.5248868778280543,0.8067372507595962,1.4380466686392244,0.8935086327526203,0.20965741927761378,0.05110699575875799,515,catboost,0.24317779796387898,True,utility_gap;ece;nll,
eucalyptus,xgboost,gbdt,label_noise,0.4,2286472737,train_only,True,low,True,ok,,0.48868778280542985,0.7702308861008275,1.530222922012219,0.9507809591100801,0.21014398593470812,0.01562089263613848,515,catboost,0.24317779796387898,True,utility_gap;ece;nll,
first-order-theorem-proving,catboost,gbdt,covariate_shift,0.0,3335308953,test_only,False,high,True,ok,,0.5969498910675382,0.8336129698490172,1.126167417085454,0.6285260027511625,0.03657537358432098,0.18543414756507381,4282,catboost,0.18543414756507381,False,,
first-order-theorem-proving,catboost,gbdt,covariate_shift,0.05,3218207457,test_only,False,low,True,ok,,0.4079520697167756,0.6695297169541482,1.525674192080921,0.8514949792553508,0.051787082713332204,0.029722301072196512,4282,catboost,0.18543414756507381,True,utility_gap;nll,
first-order-theorem-proving,catboost,gbdt,covariate_shift,0.1,1290001820,test_only,False,low,True,ok,,0.31100217864923746,0.5647015676874235,1.7966754304283659,1.002743650185607,0.14625616452983647,-0.08577845247366556,4282,catboost,0.18543414756507381,True,utility_gap;ece;nll,
first-order-theorem-proving,catboost,gbdt,covariate_shift,0.2,3710825876,test_only,False,low,True,ok,,0.4150326797385621,0.5284780053584878,1.7374420082806323,0.969684847837961,0.14760114764826462,-0.07320348004478623,4282,catboost,0.18543414756507381,True,utility_gap;ece;nll,
first-order-theorem-proving,catboost,gbdt,covariate_shift,0.3,1779014485,test_only,False,low,True,ok,,0.13562091503267973,0.510109339672452,2.00473795768275,1.1188655576333875,0.2586482010404624,-0.1885079013578486,4282,catboost,0.18543414756507381,True,utility_gap;ece;nll,
first-order-theorem-proving,catboost,gbdt,covariate_shift,0.4,3465934490,test_only,False,low,True,ok,,0.24618736383442266,0.5032680230565,1.7968741787777665,1.0028545737514172,0.09350457541752186,-0.10648537456399114,4282,catboost,0.18543414756507381,True,utility_gap;nll,
first-order-theorem-proving,hist_gbdt,gbdt,covariate_shift,0.0,3335308953,test_only,False,high,True,ok,,0.605119825708061,0.8335936905238874,1.211075228179065,0.6759139543997128,0.12524211592874418,0.15470315603390705,4282,catboost,0.18543414756507381,True,utility_gap;ece,
first-order-theorem-proving,hist_gbdt,gbdt,covariate_shift,0.05,3218207457,test_only,False,low,True,ok,,0.4684095860566449,0.6814664213633325,1.56588299744266,0.8739359408086681,0.1206072203581025,0.022472459071442165,4282,catboost,0.18543414756507381,True,utility_gap;ece;nll,
first-order-theorem-proving,hist_gbdt,gbdt,covariate_shift,0.1,1290001820,test_only,False,low,True,ok,,0.4139433551198257,0.6128449655905149,1.6813691345648085,0.9383899811558937,0.1545201653527434,-0.035833786192662705,4282,catboost,0.18543414756507381,True,utility_gap;ece;nll,
first-order-theorem-proving,hist_gbdt,gbdt,covariate_shift,0.2,3710825876,test_only,False,low,True,ok,,0.4057734204793028,0.582584971003449,1.8668224647470775,1.041893455459935,0.18099590625552706,-0.08399646496598337,4282,catboost,0.18543414756507381,True,utility_gap;ece;nll,
first-order-theorem-proving,hist_gbdt,gbdt,covariate_shift,0.3,1779014485,test_only,False,low,True,ok,,0.3545751633986928,0.5396056904785554,2.1086385665086533,1.1768535915242684,0.26619471405142464,-0.16424675409026712,4282,catboost,0.18543414756507381,True,utility_gap;ece;nll,
first-order-theorem-proving,hist_gbdt,gbdt,covariate_shift,0.4,3465934490,test_only,False,low,True,ok,,0.25272331154684097,0.5243908994001428,2.305792434985055,1.286887260586635,0.4100468570908259,-0.2466302380720795,4282,catboost,0.18543414756507381,True,utility_gap;ece;nll,
first-order-theorem-proving,logreg,linear,covariate_shift,0.0,3335308953,test_only,False,high,True,ok,,0.4880174291938998,0.7138944232684379,1.420895839587099,0.7930170672960163,0.03302900149432809,0.07855474203536769,4282,catboost,0.18543414756507381,True,utility_gap;nll,
first-order-theorem-proving,logreg,linear,covariate_shift,0.05,3218207457,test_only,False,low,True,ok,,0.47167755991285404,0.714803618051466,1.435969435451798,0.8014298013284438,0.05538475764215699,0.06942700837797662,4282,catboost,0.18543414756507381,True,utility_gap;nll,
first-order-theorem-proving,logreg,linear,covariate_shift,0.1,1290001820,test_only,False,low,True,ok,,0.4651416122004357,0.7137374688198536,1.4812431515558604,0.8266975433895853,0.10992551014782405,0.04958499087057368,4282,catboost,0.18543414756507381,True,utility_gap;ece;nll,
first-order-theorem-proving,logreg,linear,covariate_shift,0.2,3710825876,test_only,False,low,True,ok,,0.4411764705882353,0.7100380133269654,1.6461302834254163,0.9187228038675413,0.22610491930412288,-0.006148049768413828,4282,catboost,0.18543414756507381,True,utility_gap;ece;nll,
first-order-theorem-proving,logreg,linear,covariate_shift,0.3,1779014485,test_only,False,low,True,ok,,0.4340958605664488,0.706822025730213,1.8845619754369853,1.0517940648857922,0.30930514479350896,-0.06489716033389756,4282,catboost,0.18543414756507381,True,utility_gap;ece;nll,
first-order-theorem-proving,logreg,linear,covariate_shift,0.4,3465934490,test_only,False,low,True,ok,,0.43028322440087147,0.7039394804713913,2.172053538947382,1.2122461615247773,0.3726267468062834,-0.12727789599357217,4282,catboost,0.18543414756507381,True,utility_gap;ece;nll,
first-order-theorem-proving,tabicl,icl,covariate_shift,0.0,3335308953,test_only,False,high,True,ok,,0.5359477124183006,0.778135216778054,1.2722230061347475,0.7100411790667752,0.04758311762002447,0.1302105054910265,1000,catboost,0.18543414756507381,True,utility_gap,
first-order-theorem-proving,tabicl,icl,covariate_shift,0.05,3218207457,test_only,False,low,True,ok,,0.43790849673202614,0.672243510901542,1.5221321400956322,0.8495181224025642,0.08982773594791427,0.02815051941499149,1000,catboost,0.18543414756507381,True,utility_gap;nll,
first-order-theorem-proving,tabicl,icl,covariate_shift,0.1,1290001820,test_only,False,low,True,ok,,0.4199346405228758,0.6549617015959458,1.5644434718614002,0.8731325262845746,0.12281660180143172,0.005723713391353646,1000,catboost,0.18543414756507381,True,utility_gap;ece;nll,
first-order-theorem-proving,tabicl,icl,covariate_shift,0.2,3710825876,test_only,False,low,True,ok,,0.41938997821350765,0.6242518952397428,1.5929643635222857,0.8890503389992317,0.0953875067984459,-0.004395942993522545,1000,catboost,0.18543414756507381,True,utility_gap;nll,
first-order-theorem-proving,tabicl,icl,covariate_shift,0.3,1779014485,test_only,False,low,True,ok,,0.41721132897603486,0.5881193800906274,1.594195563588785,0.8897374848397556,0.06355498680143891,-0.011208760434089618,1000,catboost,0.18543414756507381,True,utility_gap;nll,
first-order-theorem-proving,tabicl,icl,covariate_shift,0.4,3465934490,test_only,False,low,True,ok,,0.41721132897603486,0.6130848679947246,1.6167483530266307,0.90232443628339,0.07301475093901633,-0.00813887792826139,1000,catboost,0.18543414756507381,True,utility_gap;nll,
first-order-theorem-proving,xgboost,gbdt,covariate_shift,0.0,3335308953,test_only,False,high,True,ok,,0.6018518518518519,0.8401468965520186,1.3421871284113078,0.7490888991866543,0.19669584589321104,0.12026335263634577,4282,catboost,0.18543414756507381,True,utility_gap;ece,
first-order-theorem-proving,xgboost,gbdt,covariate_shift,0.05,3218207457,test_only,False,low,True,ok,,0.4477124183006536,0.695966824219988,1.6090975754215193,0.898054456000597,0.18565473491380513,0.004197967439153745,4282,catboost,0.18543414756507381,True,utility_gap;ece;nll,
first-order-theorem-proving,xgboost,gbdt,covariate_shift,0.1,1290001820,test_only,False,low,True,ok,,0.4433551198257081,0.6119577085948941,1.8475402225768662,1.0311318312010056,0.21061974897564031,-0.07077503317336059,4282,catboost,0.18543414756507381,True,utility_gap;ece;nll,
first-order-theorem-proving,xgboost,gbdt,covariate_shift,0.2,3710825876,test_only,False,low,True,ok,,0.40522875816993464,0.5812631169923499,2.0515837853960797,1.1450107118897856,0.2766596317957324,-0.1346087352532695,4282,catboost,0.18543414756507381,True,utility_gap;ece;nll,
first-order-theorem-proving,xgboost,gbdt,covariate_shift,0.3,1779014485,test_only,False,low,True,ok,,0.4057734204793028,0.5499250086625265,2.3980723492999605,1.3383896613830224,0.3542977524947881,-0.2190366828100847,4282,catboost,0.18543414756507381,True,utility_gap;ece;nll,
first-order-theorem-proving,xgboost,gbdt,covariate_shift,0.4,3465934490,test_only,False,low,True,ok,,0.4095860566448802,0.5193594219383085,2.6307111410199724,1.4682278431900033,0.36999752715434475,-0.2712541522127299,4282,catboost,0.18543414756507381,True,utility_gap;ece;nll,
first-order-theorem-proving,catboost,gbdt,label_noise,0.0,668100812,train_only,False,high,True,ok,,0.5969498910675382,0.8336129698490172,1.126167417085454,0.6285260027511625,0.03657537358432098,0.18543414756507381,4282,catboost,0.18543414756507381,False,,
first-order-theorem-proving,catboost,gbdt,label_noise,0.05,48973233,train_only,False,high,True,ok,,0.5844226579520697,0.8166097323307815,1.162596914815259,0.6488576925540913,0.026053106897815415,0.17360887586279347,4282,catboost,0.18543414756507381,False,,
first-order-theorem-proving,catboost,gbdt,label_noise,0.1,3651152928,train_only,False,high,True,ok,,0.5789760348583878,0.8086374356747484,1.180497031175533,0.6588479377112639,0.042834421708813686,0.1636482420597782,4282,catboost,0.18543414756507381,False,,
first-order-theorem-proving,catboost,gbdt,label_noise,0.2,1894668217,train_only,False,high,True,ok,,0.559368191721133,0.7892625056449495,1.2383996015328897,0.691163977532336,0.05585653905727892,0.1416266046627457,4282,catboost,0.18543414756507381,True,utility_gap,
first-order-theorem-proving,catboost,gbdt,label_noise,0.3,749509787,train_only,False,high,True,ok,,0.5370370370370371,0.7720729439946591,1.2918712481983559,0.7210070717555263,0.06528142829547172,0.12142267876793401,4282,catboost,0.18543414756507381,True,utility_gap,
first-order-theorem-proving,catboost,gbdt,label_noise,0.4,1585020547,train_only,False,high,True,ok,,0.5059912854030502,0.7364998308778841,1.3844287709537888,0.7726644087725922,0.07486176702314151,0.086901957581311,4282,catboost,0.18543414756507381,True,utility_gap;nll,
first-order-theorem-proving,hist_gbdt,gbdt,label_noise,0.0,668100812,train_only,False,high,True,ok,,0.605119825708061,0.8335936905238874,1.211075228179065,0.6759139543997128,0.12524211592874418,0.15470315603390705,4282,catboost,0.18543414756507381,True,utility_gap;ece,
first-order-theorem-proving,hist_gbdt,gbdt,label_noise,0.05,48973233,train_only,False,high,True,ok,,0.5996732026143791,0.8284351608792367,1.1862359659560056,0.6620508981973303,0.09585880689211514,0.1621162558622676,4282,catboost,0.18543414756507381,False,,
first-order-theorem-proving,hist_gbdt,gbdt,label_noise,0.1,3651152928,train_only,False,high,True,ok,,0.5773420479302832,0.8138885350440872,1.2210304226575466,0.6814700542275376,0.0818070085911615,0.15065987646847945,4282,catboost,0.18543414756507381,True,utility_gap,
first-order-theorem-proving,hist_gbdt,gbdt,label_noise,0.2,1894668217,train_only,False,high,True,ok,,0.5669934640522876,0.7822612688753893,1.2841489208484542,0.7166971587998389,0.04633471658902425,0.13456437275647284,4282,catboost,0.18543414756507381,True,utility_gap,
first-order-theorem-proving,hist_gbdt,gbdt,label_noise,0.3,749509787,train_only,False,high,True,ok,,0.5381263616557734,0.7608052917707963,1.3339377265837162,0.7444848203639842,0.031136583985522975,0.11742804346184481,4282,catboost,0.18543414756507381,True,utility_gap,
first-order-theorem-proving,hist_gbdt,gbdt,label_noise,0.4,1585020547,train_only,False,high,True,ok,,0.4831154684095861,0.7112499728368068,1.4721778803210468,0.8216381191808665,0.05457333290046403,0.0639987084199675,4282,catboost,0.18543414756507381,True,utility_gap;nll,
first-order-theorem-proving,logreg,linear,label_noise,0.0,668100812,train_only,False,high,True,ok,,0.4880174291938998,0.7138944232684379,1.420895839587099,0.7930170672960163,0.03302900149432809,0.07855474203536769,4282,catboost,0.18543414756507381,True,utility_gap;nll,
first-order-theorem-proving,logreg,linear,label_noise,0.05,48973233,train_only,False,high,True,ok,,0.48474945533769065,0.7131296009561375,1.4206567559816294,0.7928836321951696,0.04027957164387589,0.07638677464797572,4282,catboost,0.18543414756507381,True,utility_gap;nll,
first-order-theorem-proving,logreg,linear,label_noise,0.1,3651152928,train_only,False,high,True,ok,,0.48148148148148145,0.7041900789277914,1.4276511698744148,0.7967872889152308,0.04318398832344552,0.07101576550769084,4282,catboost,0.18543414756507381,True,utility_gap;nll,
first-order-theorem-proving,logreg,linear,label_noise,0.2,1894668217,train_only,False,high,True,ok,,0.4673202614379085,0.703688451608262,1.4428723005434845,0.8052823636897637,0.0766269727646842,0.05947889361871202,4282,catboost,0.18543414756507381,True,utility_gap;nll,
first-order-theorem-proving,logreg,linear,label_noise,0.3,749509787,train_only,False,high,True,ok,,0.46459694989106753,0.6923894235113282,1.4926742722631599,0.8330773733297192,0.10041907195615922,0.04201881432247735,4282,catboost,0.18543414756507381,True,utility_gap;ece;nll,
first-order-theorem-proving,logreg,linear,label_noise,0.4,1585020547,train_only,False,high,True,ok,,0.45860566448801743,0.678872898125609,1.5155364358545247,0.845836989776013,0.13483065245042758,0.025679136594276328,4282,catboost,0.18543414756507381,True,utility_gap;ece;nll,
first-order-theorem-proving,tabicl,icl,label_noise,0.0,668100812,train_only,False,high,True,ok,,0.5359477124183006,0.778135216778054,1.2722230061347475,0.7100411790667752,0.04758311762002447,0.1302105054910265,1000,catboost,0.18543414756507381,True,utility_gap,
first-order-theorem-proving,tabicl,icl,label_noise,0.05,48973233,train_only,False,high,True,ok,,0.5435729847494554,0.7812471623584413,1.262768444000433,0.7047644874702252,0.029672087723443742,0.13760869075211643,1001,catboost,0.18543414756507381,True,utility_gap,
first-order-theorem-proving,tabicl,icl,label_noise,0.1,3651152928,train_only,False,high,True,ok,,0.5245098039215687,0.7634380774205365,1.3076682542779408,0.7298235487162372,0.02614691935996112,0.12170334919855967,1001,catboost,0.18543414756507381,True,utility_gap,
first-order-theorem-proving,tabicl,icl,label_noise,0.2,1894668217,train_only,False,high,True,ok,,0.5125272331154684,0.7568227884036108,1.3329264729273336,0.7439204289522182,0.06393040411817183,0.10580485139928422,1000,catboost,0.18543414756507381,True,utility_gap,
first-order-theorem-proving,tabicl,icl,label_noise,0.3,749509787,train_only,False,high,True,ok,,0.5092592592592593,0.7479782316085801,1.3811971066952113,0.7708607826084343,0.11805946111532996,0.08331114294629564,1000,catboost,0.18543414756507381,True,utility_gap;ece;nll,
first-order-theorem-proving,tabicl,icl,label_noise,0.4,1585020547,train_only,False,high,True,ok,,0.4722222222222222,0.6945244548410799,1.4693451434294171,0.8200571386194243,0.1269657127810959,0.04250660838566482,1000,catboost,0.18543414756507381,True,utility_gap;ece;nll,
first-order-theorem-proving,xgboost,gbdt,label_noise,0.0,668100812,train_only,False,high,True,ok,,0.6018518518518519,0.8401468965520186,1.3421871284113078,0.7490888991866543,0.19669584589321104,0.12026335263634577,4282,catboost,0.18543414756507381,True,utility_gap;ece,
first-order-theorem-proving,xgboost,gbdt,label_noise,0.05,48973233,train_only,False,high,True,ok,,0.5860566448801743,0.8249328864468285,1.3477080334569247,0.7521701749607935,0.18792467575490113,0.11339901934919784,4282,catboost,0.18543414756507381,True,utility_gap;ece;nll,
first-order-theorem-proving,xgboost,gbdt,label_noise,0.1,3651152928,train_only,False,high,True,ok,,0.5610021786492375,0.8091069009037031,1.3742566218701364,0.7669872242741423,0.17793322585368082,0.10165492966070278,4282,catboost,0.18543414756507381,True,utility_gap;ece;nll,
first-order-theorem-proving,xgboost,gbdt,label_noise,0.2,1894668217,train_only,False,high,True,ok,,0.5424836601307189,0.7761072438107961,1.4371867620502725,0.8021092042390359,0.16239900479923247,0.0798975221218292,4282,catboost,0.18543414756507381,True,utility_gap;ece;nll,
first-order-theorem-proving,xgboost,gbdt,label_noise,0.3,749509787,train_only,False,high,True,ok,,0.4934640522875817,0.7460003059409339,1.5025054786409484,0.8385642740809813,0.1662168368056492,0.050307065337039915,4282,catboost,0.18543414756507381,True,utility_gap;ece;nll,
first-order-theorem-proving,xgboost,gbdt,label_noise,0.4,1585020547,train_only,False,high,True,ok,,0.4504357298474945,0.705215355693881,1.6381168774734296,0.9142504368508686,0.17889336245695892,0.0043369304233301514,4282,catboost,0.18543414756507381,True,utility_gap;ece;nll,
ilpd,catboost,gbdt,covariate_shift,0.0,1596232585,test_only,True,medium,True,ok,,0.6628571428571428,0.71472,0.5385497481814003,0.7769630509733063,0.08232422681648079,0.10002681077328336,408,catboost,0.10002681077328336,True,nll,
ilpd,catboost,gbdt,covariate_shift,0.05,1058110992,test_only,True,low,True,ok,,0.7314285714285714,0.7435200000000001,0.5697843004455215,0.8220249846291411,0.13173443367983922,0.09699190358957556,408,catboost,0.10002681077328336,True,ece;nll,
ilpd,catboost,gbdt,covariate_shift,0.1,85107633,test_only,True,low,True,ok,,0.7142857142857143,0.7281599999999999,0.7030993009094764,1.0143578746745987,0.1937572986287669,0.01894003501472414,408,catboost,0.10002681077328336,True,utility_gap;ece;nll,
ilpd,catboost,gbdt,covariate_shift,0.2,2968131976,test_only,True,low,True,ok,,0.7142857142857143,0.60528,1.0281904958218062,1.4833653294112843,0.2551795587593391,-0.17705465343239596,408,catboost,0.10002681077328336,True,utility_gap;ece;nll,
ilpd,catboost,gbdt,covariate_shift,0.3,1376876774,test_only,True,low,True,ok,,0.7142857142857143,0.6216,1.0282473177666822,1.4834473061493707,0.2551629637438488,-0.17136392745072382,408,catboost,0.10002681077328336,True,utility_gap;ece;nll,
ilpd,catboost,gbdt,covariate_shift,0.4,4234048127,test_only,True,low,True,ok,,0.7142857142857143,0.61984,1.0699300184949152,1.543582731780851,0.26034940081060676,-0.1910578425535195,408,catboost,0.10002681077328336,True,utility_gap;ece;nll,
ilpd,hist_gbdt,gbdt,covariate_shift,0.0,1596232585,test_only,True,medium,True,ok,,0.6571428571428571,0.66768,0.7575230176699155,1.0928747009516298,0.2011879448589657,-0.03584057068585345,408,catboost,0.10002681077328336,True,utility_gap;ece;nll,
ilpd,hist_gbdt,gbdt,covariate_shift,0.05,1058110992,test_only,True,low,True,ok,,0.7028571428571428,0.69376,0.8110050617289069,1.1700329806921417,0.20265278686674035,-0.043295880152419114,408,catboost,0.10002681077328336,True,utility_gap;ece;nll,
ilpd,hist_gbdt,gbdt,covariate_shift,0.1,85107633,test_only,True,low,True,ok,,0.7085714285714285,0.68552,1.025321943766003,1.4792268835858453,0.2424068938850099,-0.1460317295670413,408,catboost,0.10002681077328336,True,utility_gap;ece;nll,
ilpd,hist_gbdt,gbdt,covariate_shift,0.2,2968131976,test_only,True,low,True,ok,,0.7085714285714285,0.61104,1.4829276000529492,2.139412294593762,0.2798648419638415,-0.3776469424851826,408,catboost,0.10002681077328336,True,utility_gap;ece;nll,
ilpd,hist_gbdt,gbdt,covariate_shift,0.3,1376876774,test_only,True,low,True,ok,,0.7142857142857143,0.69816,1.665076245562218,2.402197242174626,0.2847912595242513,-0.4261185674143809,408,catboost,0.10002681077328336,True,utility_gap;ece;nll,
ilpd,hist_gbdt,gbdt,covariate_shift,0.4,4234048127,test_only,True,low,True,ok,,0.7142857142857143,0.51808,2.3083512446828953,3.330246893333879,0.2853442708376307,-0.7676720650248328,408,catboost,0.10002681077328336,True,utility_gap;ece;nll,
ilpd,logreg,linear,covariate_shift,0.0,1596232585,test_only,True,medium,True,ok,,0.6742857142857143,0.69792,0.5600785045908087,0.8080224810816662,0.054217956668309475,0.0921645214846954,408,catboost,0.10002681077328336,True,nll,
ilpd,logreg,linear,covariate_shift,0.05,1058110992,test_only,True,low,True,ok,,0.7085714285714285,0.69792,0.5859131205089826,0.8452939533500868,0.11871005330906242,0.07322751761887573,408,catboost,0.10002681077328336,True,ece;nll,
ilpd,logreg,linear,covariate_shift,0.1,85107633,test_only,True,low,True,ok,,0.7142857142857143,0.69792,0.6737627677870307,0.9720342038219715,0.17219757753686307,0.025365080488893084,408,catboost,0.10002681077328336,True,utility_gap;ece;nll,
ilpd,logreg,linear,covariate_shift,0.2,2968131976,test_only,True,low,True,ok,,0.7142857142857143,0.69792,0.9642844237459232,1.3911683561447152,0.2515728671805191,-0.11625022313666125,408,catboost,0.10002681077328336,True,utility_gap;ece;nll,
ilpd,logreg,linear,covariate_shift,0.3,1376876774,test_only,True,low,True,ok,,0.7142857142857143,0.69792,1.3222191471284268,1.907559006530616,0.2759022142971451,-0.27603328767575663,408,catboost,0.10002681077328336,True,utility_gap;ece;nll,
ilpd,logreg,linear,covariate_shift,0.4,4234048127,test_only,True,low,True,ok,,0.7142857142857143,0.69792,1.7001514365052983,2.452800046206441,0.283133038159849,-0.441051764351045,408,catboost,0.10002681077328336,True,utility_gap;ece;nll,
ilpd,tabicl,icl,covariate_shift,0.0,1596232585,test_only,True,medium,True,ok,,0.6742857142857143,0.7185600000000001,0.5291374393073646,0.7633839596374198,0.07748249872421946,0.10812716950678732,408,catboost,0.10002681077328336,True,nll,
ilpd,tabicl,icl,covariate_shift,0.05,1058110992,test_only,True,low,True,ok,,0.7257142857142858,0.7126399999999999,0.5566111241235377,0.8030201084766592,0.134085674028994,0.09055797550834625,408,catboost,0.10002681077328336,True,ece;nll,
ilpd,tabicl,icl,covariate_shift,0.1,85107633,test_only,True,low,True,ok,,0.7142857142857143,0.74608,0.6416296746735546,0.9256759497387361,0.1757444717618848,0.055419177868859346,408,catboost,0.10002681077328336,True,utility_gap;ece;nll,
ilpd,tabicl,icl,covariate_shift,0.2,2968131976,test_only,True,low,True,ok,,0.7142857142857143,0.69184,0.9048682532002598,1.3054489415498738,0.24440754720982025,-0.09122933476406907,408,catboost,0.10002681077328336,True,utility_gap;ece;nll,
ilpd,tabicl,icl,covariate_shift,0.3,1376876774,test_only,True,low,True,ok,,0.7142857142857143,0.6665599999999999,0.9765490786225283,1.408862512913408,0.25322420249685224,-0.13286473723053577,408,catboost,0.10002681077328336,True,utility_gap;ece;nll,
ilpd,tabicl,icl,covariate_shift,0.4,4234048127,test_only,True,low,True,ok,,0.7142857142857143,0.56624,1.0756630948970909,1.5518538126753074,0.25958044219943965,-0.212145375099623,408,catboost,0.10002681077328336,True,utility_gap;ece;nll,
ilpd,xgboost,gbdt,covariate_shift,0.0,1596232585,test_only,True,medium,True,ok,,0.6342857142857142,0.6624,0.9264078874879247,1.3365240651192498,0.24106051144840057,-0.12218646468259795,408,catboost,0.10002681077328336,True,utility_gap;ece;nll,
ilpd,xgboost,gbdt,covariate_shift,0.05,1058110992,test_only,True,low,True,ok,,0.7028571428571428,0.62,1.139800518716382,1.6443845559547925,0.2508643022735901,-0.22105965581258435,408,catboost,0.10002681077328336,True,utility_gap;ece;nll,
ilpd,xgboost,gbdt,covariate_shift,0.1,85107633,test_only,True,low,True,ok,,0.6971428571428572,0.5207999999999999,1.4023895101406139,2.0232203916745664,0.27529923215983043,-0.3751745353629074,408,catboost,0.10002681077328336,True,utility_gap;ece;nll,
ilpd,xgboost,gbdt,covariate_shift,0.2,2968131976,test_only,True,low,True,ok,,0.7142857142857143,0.562,1.861297563061031,2.685284763846862,0.28146433238240204,-0.5580354384876818,408,catboost,0.10002681077328336,True,utility_gap;ece;nll,
ilpd,xgboost,gbdt,covariate_shift,0.3,1376876774,test_only,True,low,True,ok,,0.7142857142857143,0.53968,1.8437562990220542,2.6599780692069066,0.2817616058807506,-0.5583148847953648,408,catboost,0.10002681077328336,True,utility_gap;ece;nll,
ilpd,xgboost,gbdt,covariate_shift,0.4,4234048127,test_only,True,low,True,ok,,0.7142857142857143,0.44352,1.9965041166414859,2.8803465881930723,0.2838607368247211,-0.6585012666800087,408,catboost,0.10002681077328336,True,utility_gap;ece;nll,
ilpd,catboost,gbdt,label_noise,0.0,4091663966,train_only,True,medium,True,ok,,0.6628571428571428,0.71472,0.5385497481814003,0.7769630509733063,0.08232422681648079,0.10002681077328336,408,catboost,0.10002681077328336,True,nll,
ilpd,catboost,gbdt,label_noise,0.05,3478783121,train_only,True,medium,True,ok,,0.6571428571428571,0.7048,0.5389228543622422,0.7775013294101318,0.09602106307937235,0.09279681713251452,408,catboost,0.10002681077328336,True,nll,
ilpd,catboost,gbdt,label_noise,0.1,4021601396,train_only,True,medium,True,ok,,0.6742857142857143,0.7137600000000001,0.5419775665956732,0.7819083476006456,0.09024634141648866,0.09833708457936571,408,catboost,0.10002681077328336,True,nll,
ilpd,catboost,gbdt,label_noise,0.2,579994050,train_only,True,medium,True,ok,,0.6628571428571428,0.65728,0.5929188966538607,0.8554011518518806,0.08175095943282336,0.05650603398644255,408,catboost,0.10002681077328336,True,utility_gap;nll,
ilpd,catboost,gbdt,label_noise,0.3,56310805,train_only,True,medium,True,ok,,0.6971428571428572,0.6731199999999999,0.5860481191017667,0.8454887151504235,0.07585841429299271,0.07134513116770297,408,catboost,0.10002681077328336,True,nll,
ilpd,catboost,gbdt,label_noise,0.4,3937048417,train_only,True,medium,True,ok,,0.56,0.5545599999999999,0.6893018491907944,0.9944523595031513,0.0793087286661297,-0.03610145358417136,408,catboost,0.10002681077328336,True,utility_gap;nll,
ilpd,hist_gbdt,gbdt,label_noise,0.0,4091663966,train_only,True,medium,True,ok,,0.6571428571428571,0.66768,0.7575230176699155,1.0928747009516298,0.2011879448589657,-0.03584057068585345,408,catboost,0.10002681077328336,True,utility_gap;ece;nll,
ilpd,hist_gbdt,gbdt,label_noise,0.05,3478783121,train_only,True,medium,True,ok,,0.6628571428571428,0.70112,0.638385812102965,0.9209960452948212,0.15688557213417967,0.03714464341328911,408,catboost,0.10002681077328336,True,utility_gap;ece;nll,
ilpd,hist_gbdt,gbdt,label_noise,0.1,4021601396,train_only,True,medium,True,ok,,0.6571428571428571,0.67184,0.6586046455742933,0.9501656560764664,0.1407457326043669,0.020516585227615267,408,catboost,0.10002681077328336,True,utility_gap;ece;nll,
ilpd,hist_gbdt,gbdt,label_noise,0.2,579994050,train_only,True,medium,True,ok,,0.6,0.58832,0.7296598017908068,1.052676577579621,0.16764465319138647,-0.053419903912163634,408,catboost,0.10002681077328336,True,utility_gap;ece;nll,
ilpd,hist_gbdt,gbdt,label_noise,0.3,56310805,train_only,True,medium,True,ok,,0.6628571428571428,0.6904,0.6246698071797396,0.9012080330112754,0.1116308392494371,0.04837999367530135,408,catboost,0.10002681077328336,True,utility_gap;ece;nll,
ilpd,hist_gbdt,gbdt,label_noise,0.4,3937048417,train_only,True,medium,True,ok,,0.5828571428571429,0.5392,0.81212233483048,1.1716448650551,0.21533997240716224,-0.11841288256939098,408,catboost,0.10002681077328336,True,utility_gap;ece;nll,
ilpd,logreg,linear,label_noise,0.0,4091663966,train_only,True,medium,True,ok,,0.6742857142857143,0.69792,0.5600785045908087,0.8080224810816662,0.054217956668309475,0.0921645214846954,408,catboost,0.10002681077328336,True,nll,
ilpd,logreg,linear,label_noise,0.05,3478783121,train_only,True,medium,True,ok,,0.68,0.7056,0.5417347918130404,0.7815580976256884,0.0450376276779763,0.10548504517669823,408,catboost,0.10002681077328336,True,nll,
ilpd,logreg,linear,label_noise,0.1,4021601396,train_only,True,medium,True,ok,,0.6857142857142857,0.68368,0.5841760575462879,0.8427879012280952,0.06644217661856999,0.07602033716500027,408,catboost,0.10002681077328336,True,nll,
ilpd,logreg,linear,label_noise,0.2,579994050,train_only,True,medium,True,ok,,0.6171428571428571,0.59136,0.6239923056685212,0.9002306049408457,0.07366259823007773,0.014745727443159301,408,catboost,0.10002681077328336,True,utility_gap;nll,
ilpd,logreg,linear,label_noise,0.3,56310805,train_only,True,medium,True,ok,,0.6628571428571428,0.6740799999999999,0.587402693339643,0.8474429526859235,0.08799005686503522,0.06352567424978728,408,catboost,0.10002681077328336,True,utility_gap;nll,
ilpd,logreg,linear,label_noise,0.4,3937048417,train_only,True,medium,True,ok,,0.64,0.55792,0.6955963659722298,1.0035334276485206,0.09484981010360123,-0.028757990315276465,408,catboost,0.10002681077328336,True,utility_gap;nll,
ilpd,tabicl,icl,label_noise,0.0,4091663966,train_only,True,medium,True,ok,,0.6742857142857143,0.7185600000000001,0.5291374393073646,0.7633839596374198,0.07748249872421946,0.10812716950678732,408,catboost,0.10002681077328336,True,nll,
ilpd,tabicl,icl,label_noise,0.05,3478783121,train_only,True,medium,True,ok,,0.7428571428571429,0.7590399999999999,0.5041014027684478,0.7272645938792097,0.09193114428935001,0.1405269644069385,408,catboost,0.10002681077328336,False,,
ilpd,tabicl,icl,label_noise,0.1,4021601396,train_only,True,medium,True,ok,,0.6971428571428572,0.7304,0.5340482130102644,0.7704687085055213,0.10115717182603988,0.10883938165456421,408,catboost,0.10002681077328336,True,ece;nll,
ilpd,tabicl,icl,label_noise,0.2,579994050,train_only,True,medium,True,ok,,0.6457142857142857,0.67728,0.5861358989259792,0.8456153546675049,0.07026106006395749,0.06616832444409987,408,catboost,0.10002681077328336,True,utility_gap;nll,
ilpd,tabicl,icl,label_noise,0.3,56310805,train_only,True,medium,True,ok,,0.7314285714285714,0.736,0.5718356337518544,0.824984433017398,0.12031834050643275,0.09575528770777977,408,catboost,0.10002681077328336,True,ece;nll,
ilpd,tabicl,icl,label_noise,0.4,3937048417,train_only,True,medium,True,ok,,0.7142857142857143,0.59632,0.6501749581527253,0.9380041878371261,0.16695420921906015,0.0010627589479072427,408,catboost,0.10002681077328336,True,utility_gap;ece;nll,
ilpd,xgboost,gbdt,label_noise,0.0,4091663966,train_only,True,medium,True,ok,,0.6342857142857142,0.6624,0.9264078874879247,1.3365240651192498,0.24106051144840057,-0.12218646468259795,408,catboost,0.10002681077328336,True,utility_gap;ece;nll,
ilpd,xgboost,gbdt,label_noise,0.05,3478783121,train_only,True,medium,True,ok,,0.6057142857142858,0.6579200000000001,0.8624960384366335,1.2443187574389079,0.2552804445687784,-0.10322257328828516,408,catboost,0.10002681077328336,True,utility_gap;ece;nll,
ilpd,xgboost,gbdt,label_noise,0.1,4021601396,train_only,True,medium,True,ok,,0.6514285714285715,0.65536,0.8353351194376654,1.2051338342931097,0.21789433416924353,-0.07802873140749589,408,catboost,0.10002681077328336,True,utility_gap;ece;nll,
ilpd,xgboost,gbdt,label_noise,0.2,579994050,train_only,True,medium,True,ok,,0.6342857142857142,0.59136,0.9723499283341627,1.4028044196164355,0.21531119217623762,-0.16178470717732107,408,catboost,0.10002681077328336,True,utility_gap;ece;nll,
ilpd,xgboost,gbdt,label_noise,0.3,56310805,train_only,True,medium,True,ok,,0.6571428571428571,0.65408,0.84788067404805,1.2232332437147133,0.24287067141970098,-0.08804467882692563,408,catboost,0.10002681077328336,True,utility_gap;ece;nll,
ilpd,xgboost,gbdt,label_noise,0.4,3937048417,train_only,True,medium,True,ok,,0.5428571428571428,0.52528,1.178021637645191,1.6995259746906126,0.3017063064554697,-0.3049224822697063,408,catboost,0.10002681077328336,True,utility_gap;ece;nll,
kc1,catboost,gbdt,covariate_shift,0.0,4150789106,test_only,False,high,True,ok,,0.8499210110584519,0.8188155636086211,0.3382848153168091,0.4880418254655993,0.023193216732106885,0.263022407935684,1476,catboost,0.263022407935684,False,,
kc1,catboost,gbdt,covariate_shift,0.05,780621097,test_only,False,low,True,ok,,0.8578199052132701,0.7322716002288766,0.40353912364150646,0.5821838924822796,0.11613187718534801,0.18708650268034382,1476,catboost,0.263022407935684,True,utility_gap;ece,
kc1,catboost,gbdt,covariate_shift,0.1,2861930738,test_only,False,low,True,ok,,0.8135860979462876,0.531098607667366,0.5443032781320172,0.7852636401006674,0.16133424581398914,0.04007648618252317,1476,catboost,0.263022407935684,True,utility_gap;ece;nll,
kc1,catboost,gbdt,covariate_shift,0.2,1813253178,test_only,False,low,True,ok,,0.8372827804107424,0.5523173755483501,0.5418149456791909,0.7816737352108918,0.19740880432689836,0.044919617074886745,1476,catboost,0.263022407935684,True,utility_gap;ece;nll,
kc1,catboost,gbdt,covariate_shift,0.3,2074765239,test_only,False,low,True,ok,,0.8641390205371248,0.6637707419416364,0.4270579445265036,0.6161143787406208,0.12090334945709591,0.15292562924653602,1476,catboost,0.263022407935684,True,utility_gap;ece,
kc1,catboost,gbdt,covariate_shift,0.4,3911807790,test_only,False,low,True,ok,,0.8341232227488151,0.7124737745565516,0.4953525186898667,0.7146426222057283,0.16553031140178268,0.12698545556504032,1476,catboost,0.263022407935684,True,utility_gap;ece,
kc1,hist_gbdt,gbdt,covariate_shift,0.0,4150789106,test_only,False,high,True,ok,,0.8530805687203792,0.7818138470341407,0.40859802703581294,0.5894823473215819,0.06116048000462916,0.2125201315726057,1476,catboost,0.263022407935684,True,utility_gap,
kc1,hist_gbdt,gbdt,covariate_shift,0.05,780621097,test_only,False,low,True,ok,,0.8688783570300158,0.7622448979591837,0.38168034049071187,0.550648334430761,0.05716850962501488,0.22048926558598533,1476,catboost,0.263022407935684,True,utility_gap,
kc1,hist_gbdt,gbdt,covariate_shift,0.1,2861930738,test_only,False,low,True,ok,,0.8704581358609794,0.7422944878886135,0.379459057521986,0.5474437005073691,0.04485205700664578,0.21716826958662175,1476,catboost,0.263022407935684,True,utility_gap,
kc1,hist_gbdt,gbdt,covariate_shift,0.2,1813253178,test_only,False,low,True,ok,,0.8230647709320695,0.7635514018691589,0.40545457430786663,0.5849473036597049,0.03621287399587719,0.20797594039692913,1476,catboost,0.263022407935684,True,utility_gap,
kc1,hist_gbdt,gbdt,covariate_shift,0.3,2074765239,test_only,False,low,True,ok,,0.6777251184834123,0.5525748617203892,0.5884796326439633,0.8489966476796048,0.10874123525096611,0.018612728020573413,1476,catboost,0.263022407935684,True,utility_gap;ece;nll,
kc1,hist_gbdt,gbdt,covariate_shift,0.4,3911807790,test_only,False,low,True,ok,,0.8499210110584519,0.6944783520884991,0.41331130482531175,0.596282169814824,0.053278411592202826,0.18101524162685467,1476,catboost,0.263022407935684,True,utility_gap,
kc1,logreg,linear,covariate_shift,0.0,4150789106,test_only,False,high,True,ok,,0.8593996840442338,0.8068758344459279,0.3451508709617143,0.4979474498949718,0.028806480964168935,0.2561709635013845,1476,catboost,0.263022407935684,False,,
kc1,logreg,linear,covariate_shift,0.05,780621097,test_only,False,low,True,ok,,0.8578199052132701,0.8068758344459279,0.3451453258128305,0.49793944993617606,0.022708844250407707,0.2571559240071309,1476,catboost,0.263022407935684,False,,
kc1,logreg,linear,covariate_shift,0.1,2861930738,test_only,False,low,True,ok,,0.8562401263823065,0.8068758344459279,0.3455163185427286,0.4984746793078059,0.023382474056786902,0.2566236624097215,1476,catboost,0.263022407935684,False,,
kc1,logreg,linear,covariate_shift,0.2,1813253178,test_only,False,low,True,ok,,0.8578199052132701,0.8068758344459279,0.3474326287735437,0.5012393305746077,0.02233847216764807,0.2562400342321533,1476,catboost,0.263022407935684,False,,
kc1,logreg,linear,covariate_shift,0.3,2074765239,test_only,False,low,True,ok,,0.8593996840442338,0.8068758344459279,0.3509897983397716,0.5063712414674059,0.03893449379637111,0.2516182234632138,1476,catboost,0.263022407935684,False,,
kc1,logreg,linear,covariate_shift,0.4,3911807790,test_only,False,low,True,ok,,0.8593996840442338,0.8068758344459279,0.3562783775956958,0.5140010485332759,0.037931374204777775,0.24952990526177152,1476,catboost,0.263022407935684,False,,
kc1,tabicl,icl,covariate_shift,0.0,4150789106,test_only,False,high,True,ok,,0.8578199052132701,0.8569044440205988,0.3115043563306504,0.44940579009353787,0.03144802548385853,0.2874781990643671,1000,catboost,0.263022407935684,False,,
kc1,tabicl,icl,covariate_shift,0.05,780621097,test_only,False,low,True,ok,,0.8530805687203792,0.7872115201220675,0.4749471818267521,0.6852039439056441,0.1770300171952888,0.16251893074002952,1000,catboost,0.263022407935684,True,utility_gap;ece,
kc1,tabicl,icl,covariate_shift,0.1,2861930738,test_only,False,low,True,ok,,0.8515007898894155,0.7840072477589166,0.4728468325661015,0.6821737804431687,0.1849768144446457,0.1604801581771534,1000,catboost,0.263022407935684,True,utility_gap;ece,
kc1,tabicl,icl,covariate_shift,0.2,1813253178,test_only,False,low,True,ok,,0.8562401263823065,0.7424089261872973,0.5390432502473784,0.7776750239565614,0.23821530459472298,0.10733357501698701,1000,catboost,0.263022407935684,True,utility_gap;ece;nll,
kc1,tabicl,icl,covariate_shift,0.3,2074765239,test_only,False,low,True,ok,,0.8483412322274881,0.7673564753004005,0.5096118691835901,0.7352145164493207,0.2116672910055585,0.13292813805335543,1000,catboost,0.263022407935684,True,utility_gap;ece,
kc1,tabicl,icl,covariate_shift,0.4,3911807790,test_only,False,low,True,ok,,0.8593996840442338,0.7656780469197024,0.4789882520639583,0.6910339758967454,0.19109471337269462,0.15136813358496834,1000,catboost,0.263022407935684,True,utility_gap;ece,
kc1,xgboost,gbdt,covariate_shift,0.0,4150789106,test_only,False,high,True,ok,,0.8562401263823065,0.7888422658783139,0.44833682986275064,0.6468133210908693,0.07359299431469966,0.19576821682455503,1476,catboost,0.263022407935684,True,utility_gap,
kc1,xgboost,gbdt,covariate_shift,0.05,780621097,test_only,False,low,True,ok,,0.8593996840442338,0.7387087545298493,0.45994495872983604,0.6635603110414134,0.08506750406273822,0.1713764225671106,1476,catboost,0.263022407935684,True,utility_gap,
kc1,xgboost,gbdt,covariate_shift,0.1,2861930738,test_only,False,low,True,ok,,0.8609794628751974,0.6648197596795727,0.45456467513226007,0.6557982025766144,0.07199846042186776,0.1506946824617722,1476,catboost,0.263022407935684,True,utility_gap,
kc1,xgboost,gbdt,covariate_shift,0.2,1813253178,test_only,False,low,True,ok,,0.8451816745655608,0.7592599656685104,0.44391026465766,0.6404271374213134,0.07867267242917024,0.18465556345658468,1476,catboost,0.263022407935684,True,utility_gap,
kc1,xgboost,gbdt,covariate_shift,0.3,2074765239,test_only,False,low,True,ok,,0.7867298578199052,0.7385943162311654,0.47370171371335185,0.6834071132348563,0.05412132881477658,0.1606710896204815,1476,catboost,0.263022407935684,True,utility_gap,
kc1,xgboost,gbdt,covariate_shift,0.4,3911807790,test_only,False,low,True,ok,,0.8088467614533965,0.7539671943543772,0.489957604856245,0.706859406771939,0.0609052177407857,0.16097666666230262,1476,catboost,0.263022407935684,True,utility_gap,
kc1,catboost,gbdt,label_noise,0.0,3623059028,train_only,False,high,True,ok,,0.8499210110584519,0.8188155636086211,0.3382848153168091,0.4880418254655993,0.023193216732106885,0.263022407935684,1476,catboost,0.263022407935684,False,,
kc1,catboost,gbdt,label_noise,0.05,1250173943,train_only,False,high,True,ok,,0.8578199052132701,0.8156780469197025,0.35160302279537425,0.5072559373484556,0.04128640032962499,0.2537262409334246,1476,catboost,0.263022407935684,False,,
kc1,catboost,gbdt,label_noise,0.1,1180189399,train_only,False,high,True,ok,,0.8515007898894155,0.7940110623688729,0.37759350597628977,0.5447522785438704,0.07427532999839101,0.22734824074967844,1476,catboost,0.263022407935684,True,utility_gap,
kc1,catboost,gbdt,label_noise,0.2,2518553145,train_only,False,high,True,ok,,0.8388625592417062,0.7715334732023651,0.43966230223291264,0.6342986230972477,0.1172562299898131,0.18212526657994677,1476,catboost,0.263022407935684,True,utility_gap;ece,
kc1,catboost,gbdt,label_noise,0.3,2066026658,train_only,False,high,True,ok,,0.8135860979462876,0.6748331108144192,0.5280968088431062,0.7618826472272362,0.1691970798748942,0.09582529333384014,1476,catboost,0.263022407935684,True,utility_gap;ece;nll,
kc1,catboost,gbdt,label_noise,0.4,3883376813,train_only,False,high,True,ok,,0.7725118483412322,0.5208945260347129,0.5923556773516655,0.8545885981576707,0.17435354820154833,0.006942572275723452,1476,catboost,0.263022407935684,True,utility_gap;ece;nll,
kc1,hist_gbdt,gbdt,label_noise,0.0,3623059028,train_only,False,high,True,ok,,0.8530805687203792,0.7818138470341407,0.40859802703581294,0.5894823473215819,0.06116048000462916,0.2125201315726057,1476,catboost,0.263022407935684,True,utility_gap,
kc1,hist_gbdt,gbdt,label_noise,0.05,1250173943,train_only,False,high,True,ok,,0.8451816745655608,0.7895002860957467,0.37244046018237803,0.5373180049315203,0.037148237445741444,0.23447730234974112,1476,catboost,0.263022407935684,False,,
kc1,hist_gbdt,gbdt,label_noise,0.1,1180189399,train_only,False,high,True,ok,,0.8230647709320695,0.7130268930001906,0.41963575970494255,0.6054064295059933,0.04680776563905992,0.1820356462102672,1476,catboost,0.263022407935684,True,utility_gap,
kc1,hist_gbdt,gbdt,label_noise,0.2,2518553145,train_only,False,high,True,ok,,0.8262243285939969,0.6391665077245852,0.49122206953123176,0.7086836436879217,0.11199549427558872,0.11263773503121009,1476,catboost,0.263022407935684,True,utility_gap;ece,
kc1,hist_gbdt,gbdt,label_noise,0.3,2066026658,train_only,False,high,True,ok,,0.717219589257504,0.5723536143429334,0.6002711670204551,0.8660082358490413,0.09061472623822822,0.029981287406294282,1476,catboost,0.263022407935684,True,utility_gap;nll,
kc1,hist_gbdt,gbdt,label_noise,0.4,3883376813,train_only,False,high,True,ok,,0.669826224328594,0.4938394049208468,0.6791677903398428,0.9798320030548064,0.1538006431200481,-0.05139200416886602,1476,catboost,0.263022407935684,True,utility_gap;ece;nll,
kc1,logreg,linear,label_noise,0.0,3623059028,train_only,False,high,True,ok,,0.8593996840442338,0.8068758344459279,0.3451508709617143,0.4979474498949718,0.028806480964168935,0.2561709635013845,1476,catboost,0.263022407935684,False,,
kc1,logreg,linear,label_noise,0.05,1250173943,train_only,False,high,True,ok,,0.8546603475513428,0.805693305359527,0.35646154365227256,0.5142653012947584,0.04030033465426589,0.24785205168925514,1476,catboost,0.263022407935684,False,,
kc1,logreg,linear,label_noise,0.1,1180189399,train_only,False,high,True,ok,,0.8657187993680885,0.8092981117680718,0.367644543980613,0.5303989604107149,0.08036683133952999,0.23791910463291788,1476,catboost,0.263022407935684,False,,
kc1,logreg,linear,label_noise,0.2,2518553145,train_only,False,high,True,ok,,0.8530805687203792,0.794859813084112,0.42970479559410435,0.61993297764982,0.1514778420418665,0.18988755818417674,1476,catboost,0.263022407935684,True,utility_gap;ece,
kc1,logreg,linear,label_noise,0.3,2066026658,train_only,False,high,True,ok,,0.8293838862559242,0.7862578676330345,0.5169261653078261,0.7457668151953493,0.1939676522699829,0.13707426159734934,1476,catboost,0.263022407935684,True,utility_gap;ece,
kc1,logreg,linear,label_noise,0.4,3883376813,train_only,False,high,True,ok,,0.8515007898894155,0.5643238603852756,0.5752831320928639,0.8299581217774452,0.25951764088736645,0.024347504907551915,1476,catboost,0.263022407935684,True,utility_gap;ece;nll,
kc1,tabicl,icl,label_noise,0.0,3623059028,train_only,False,high,True,ok,,0.8578199052132701,0.8569044440205988,0.3115043563306504,0.44940579009353787,0.03144802548385853,0.2874781990643671,1000,catboost,0.263022407935684,False,,
kc1,tabicl,icl,label_noise,0.05,1250173943,train_only,False,high,True,ok,,0.8578199052132701,0.8441255006675568,0.3313013321866933,0.47796678898564954,0.04363140111814329,0.27200059409631183,1000,catboost,0.263022407935684,False,,
kc1,tabicl,icl,label_noise,0.1,1180189399,train_only,False,high,True,ok,,0.8672985781990521,0.839452603471295,0.3422225924725106,0.4937228370402557,0.05951561411065069,0.26388322401060416,1000,catboost,0.263022407935684,False,,
kc1,tabicl,icl,label_noise,0.2,2518553145,train_only,False,high,True,ok,,0.8420221169036335,0.8018596223536144,0.4203229926811776,0.6063978971127431,0.12774571685811859,0.1994856728538634,1000,catboost,0.263022407935684,True,utility_gap;ece,
kc1,tabicl,icl,label_noise,0.3,2066026658,train_only,False,high,True,ok,,0.8309636650868878,0.7944974251382796,0.5013618305220934,0.7233122265852371,0.18328742989120758,0.14906749460761837,1000,catboost,0.263022407935684,True,utility_gap;ece,
kc1,tabicl,icl,label_noise,0.4,3883376813,train_only,False,high,True,ok,,0.8388625592417062,0.597282090406256,0.5669879697911807,0.8179907322614378,0.24116557360718602,0.04124778112857694,1000,catboost,0.263022407935684,True,utility_gap;ece;nll,
kc1,xgboost,gbdt,label_noise,0.0,3623059028,train_only,False,high,True,ok,,0.8562401263823065,0.7888422658783139,0.44833682986275064,0.6468133210908693,0.07359299431469966,0.19576821682455503,1476,catboost,0.263022407935684,True,utility_gap,
kc1,xgboost,gbdt,label_noise,0.05,1250173943,train_only,False,high,True,ok,,0.8499210110584519,0.7528037383177569,0.4468121045391675,0.644613607427818,0.06455001388889153,0.18467537506385895,1476,catboost,0.263022407935684,True,utility_gap,
kc1,xgboost,gbdt,label_noise,0.1,1180189399,train_only,False,high,True,ok,,0.8183254344391785,0.6724108334922754,0.502496470547847,0.7249491661235858,0.07853018804179399,0.12490181944273858,1476,catboost,0.263022407935684,True,utility_gap,
kc1,xgboost,gbdt,label_noise,0.2,2518553145,train_only,False,high,True,ok,,0.8151658767772512,0.6683864199885561,0.5444951321418606,0.7855404269292432,0.10815466657730026,0.09891706711834926,1476,catboost,0.263022407935684,True,utility_gap;ece;nll,
kc1,xgboost,gbdt,label_noise,0.3,2066026658,train_only,False,high,True,ok,,0.6872037914691943,0.5458611481975968,0.7283424414190467,1.0507760283042191,0.14432700562898798,-0.049966239027525325,1476,catboost,0.263022407935684,True,utility_gap;ece;nll,
kc1,xgboost,gbdt,label_noise,0.4,3883376813,train_only,False,high,True,ok,,0.6382306477093207,0.46945451077627315,0.812253855489766,1.1718346092580263,0.18992180164890726,-0.12949106717909561,1476,catboost,0.263022407935684,True,utility_gap;ece;nll,
kr-vs-kp,catboost,gbdt,covariate_shift,0.0,1593459504,test_only,True,low,True,ok,,0.9947862356621481,0.9994160151313095,0.0346410581007946,0.04997648273316282,0.018487645146979557,0.4803230667959358,2237,xgboost,0.4858585039934968,False,,
kr-vs-kp,catboost,gbdt,covariate_shift,0.05,805070326,test_only,True,low,True,ok,,0.9906152241918665,0.9993462855947494,0.035284864865126005,0.05090529955935451,0.016926541963134083,0.47970658532650906,2237,xgboost,0.4858585039934968,False,,
kr-vs-kp,catboost,gbdt,covariate_shift,0.1,4236857155,test_only,True,low,True,ok,,0.9906152241918665,0.9994072989392394,0.035447029957699334,0.05113925433421535,0.018465494545130447,0.479349963048223,2237,xgboost,0.4858585039934968,False,,
kr-vs-kp,catboost,gbdt,covariate_shift,0.2,3403802551,test_only,True,low,True,ok,,0.9906152241918665,0.9993985827471694,0.0347914440086415,0.050193443736633134,0.01704515019254823,0.4799147244307897,2237,xgboost,0.4858585039934968,False,,
kr-vs-kp,catboost,gbdt,covariate_shift,0.3,2551614734,test_only,True,low,True,ok,,0.9937434827945777,0.9993680760749245,0.035480505712911635,0.05118754964025015,0.017955219540738317,0.4798930402451875,2237,xgboost,0.4858585039934968,False,,
kr-vs-kp,catboost,gbdt,covariate_shift,0.4,1249275781,test_only,True,low,True,ok,,0.9916579770594369,0.9994203732273446,0.03449874270607922,0.049771165018964794,0.01911117280242897,0.4797922431223109,2237,xgboost,0.4858585039934968,False,,
kr-vs-kp,hist_gbdt,gbdt,covariate_shift,0.0,1593459504,test_only,True,low,True,ok,,0.9937434827945777,0.9998496456867924,0.016496103158933014,0.023798846221385422,0.004258133333479744,0.4910176178764524,2237,xgboost,0.4858585039934968,False,,
kr-vs-kp,hist_gbdt,gbdt,covariate_shift,0.05,805070326,test_only,True,low,True,ok,,0.9937434827945777,0.9998496456867924,0.016496103158933014,0.023798846221385422,0.004258133333479744,0.4910176178764524,2237,xgboost,0.4858585039934968,False,,
kr-vs-kp,hist_gbdt,gbdt,covariate_shift,0.1,4236857155,test_only,True,low,True,ok,,0.9937434827945777,0.9998496456867924,0.016496103158933014,0.023798846221385422,0.004258133333479744,0.4910176178764524,2237,xgboost,0.4858585039934968,False,,
kr-vs-kp,hist_gbdt,gbdt,covariate_shift,0.2,3403802551,test_only,True,low,True,ok,,0.9937434827945777,0.9998496456867924,0.016496103158933014,0.023798846221385422,0.004258133333479744,0.4910176178764524,2237,xgboost,0.4858585039934968,False,,
kr-vs-kp,hist_gbdt,gbdt,covariate_shift,0.3,2551614734,test_only,True,low,True,ok,,0.9937434827945777,0.9998496456867924,0.016496103158933014,0.023798846221385422,0.004258133333479744,0.4910176178764524,2237,xgboost,0.4858585039934968,False,,
kr-vs-kp,hist_gbdt,gbdt,covariate_shift,0.4,1249275781,test_only,True,low,True,ok,,0.9937434827945777,0.9998496456867924,0.016496103158933014,0.023798846221385422,0.004258133333479744,0.4910176178764524,2237,xgboost,0.4858585039934968,False,,
kr-vs-kp,logreg,linear,covariate_shift,0.0,1593459504,test_only,True,low,True,ok,,0.9697601668404588,0.9931011339765883,0.11291075872859425,0.1628957916807532,0.03880543465761943,0.4364195974821249,2237,xgboost,0.4858585039934968,True,utility_gap,
kr-vs-kp,logreg,linear,covariate_shift,0.05,805070326,test_only,True,low,True,ok,,0.9697601668404588,0.9931011339765883,0.11291075872859425,0.1628957916807532,0.03880543465761943,0.4364195974821249,2237,xgboost,0.4858585039934968,True,utility_gap,
kr-vs-kp,logreg,linear,covariate_shift,0.1,4236857155,test_only,True,low,True,ok,,0.9697601668404588,0.9931011339765883,0.11291075872859425,0.1628957916807532,0.03880543465761943,0.4364195974821249,2237,xgboost,0.4858585039934968,True,utility_gap,
kr-vs-kp,logreg,linear,covariate_shift,0.2,3403802551,test_only,True,low,True,ok,,0.9697601668404588,0.9931011339765883,0.11291075872859425,0.1628957916807532,0.03880543465761943,0.4364195974821249,2237,xgboost,0.4858585039934968,True,utility_gap,
kr-vs-kp,logreg,linear,covariate_shift,0.3,2551614734,test_only,True,low,True,ok,,0.9697601668404588,0.9931011339765883,0.11291075872859425,0.1628957916807532,0.03880543465761943,0.4364195974821249,2237,xgboost,0.4858585039934968,True,utility_gap,
kr-vs-kp,logreg,linear,covariate_shift,0.4,1249275781,test_only,True,low,True,ok,,0.9697601668404588,0.9931011339765883,0.11291075872859425,0.1628957916807532,0.03880543465761943,0.4364195974821249,2237,xgboost,0.4858585039934968,True,utility_gap,
kr-vs-kp,tabicl,icl,covariate_shift,0.0,1593459504,test_only,True,low,True,ok,,0.9895724713242962,0.9993157789225044,0.03269434956345834,0.04716797598029159,0.004083444821636281,0.4832293115631063,1000,xgboost,0.4858585039934968,False,,
kr-vs-kp,tabicl,icl,covariate_shift,0.05,805070326,test_only,True,low,True,ok,,0.9895724713242962,0.9977730129261129,0.04633504449637734,0.06684733891429305,0.007891723810094873,0.476023878786477,1000,xgboost,0.4858585039934968,False,,
kr-vs-kp,tabicl,icl,covariate_shift,0.1,4236857155,test_only,True,low,True,ok,,0.9895724713242962,0.9982480453939284,0.04072244392197865,0.05875006789911751,0.006724899208673464,0.47885268637504935,1000,xgboost,0.4858585039934968,False,,
kr-vs-kp,tabicl,icl,covariate_shift,0.2,3403802551,test_only,True,low,True,ok,,0.9927007299270073,0.9986359159410436,0.03159467742235101,0.0455814844357123,0.005194948580342716,0.48371424502163407,1000,xgboost,0.4858585039934968,False,,
kr-vs-kp,tabicl,icl,covariate_shift,0.3,2551614734,test_only,True,low,True,ok,,0.9927007299270073,0.9980693634564932,0.037296331356962156,0.053807232292040846,0.005680153063597808,0.4809511863984919,1000,xgboost,0.4858585039934968,False,,
kr-vs-kp,tabicl,icl,covariate_shift,0.4,1249275781,test_only,True,low,True,ok,,0.9885297184567258,0.9984223692353285,0.03982918060692638,0.05746136134428357,0.007222885001479235,0.47904430159729294,1000,xgboost,0.4858585039934968,False,,
kr-vs-kp,xgboost,gbdt,covariate_shift,0.0,1593459504,test_only,True,low,True,ok,,0.9916579770594369,0.999509714196062,0.02675046674613191,0.03859276571610963,0.005703814096037897,0.4858585039934968,2237,xgboost,0.4858585039934968,False,,
kr-vs-kp,xgboost,gbdt,covariate_shift,0.05,805070326,test_only,True,low,True,ok,,0.9916579770594369,0.999509714196062,0.02675046674613191,0.03859276571610963,0.005703814096037897,0.4858585039934968,2237,xgboost,0.4858585039934968,False,,
kr-vs-kp,xgboost,gbdt,covariate_shift,0.1,4236857155,test_only,True,low,True,ok,,0.9916579770594369,0.999509714196062,0.02675046674613191,0.03859276571610963,0.005703814096037897,0.4858585039934968,2237,xgboost,0.4858585039934968,False,,
kr-vs-kp,xgboost,gbdt,covariate_shift,0.2,3403802551,test_only,True,low,True,ok,,0.9916579770594369,0.999509714196062,0.02675046674613191,0.03859276571610963,0.005703814096037897,0.4858585039934968,2237,xgboost,0.4858585039934968,False,,
kr-vs-kp,xgboost,gbdt,covariate_shift,0.3,2551614734,test_only,True,low,True,ok,,0.9916579770594369,0.999509714196062,0.02675046674613191,0.03859276571610963,0.005703814096037897,0.4858585039934968,2237,xgboost,0.4858585039934968,False,,
kr-vs-kp,xgboost,gbdt,covariate_shift,0.4,1249275781,test_only,True,low,True,ok,,0.9916579770594369,0.999509714196062,0.02675046674613191,0.03859276571610963,0.005703814096037897,0.4858585039934968,2237,xgboost,0.4858585039934968,False,,
kr-vs-kp,catboost,gbdt,label_noise,0.0,3723983239,train_only,True,low,True,ok,,0.9947862356621481,0.9994160151313095,0.0346410581007946,0.04997648273316282,0.018487645146979557,0.4803230667959358,2237,xgboost,0.4858585039934968,False,,
kr-vs-kp,catboost,gbdt,label_noise,0.05,4204106854,train_only,True,low,True,ok,,0.9885297184567258,0.9984398016194684,0.10981994687012689,0.1584366927402215,0.08131174034715102,0.4339400324438262,2237,xgboost,0.4858585039934968,True,utility_gap,
kr-vs-kp,catboost,gbdt,label_noise,0.1,1734619466,train_only,True,low,True,ok,,0.9874869655891554,0.9986794969013937,0.16717697187849886,0.241185388279944,0.13037134762567423,0.399230982744743,2237,xgboost,0.4858585039934968,True,utility_gap;ece,
kr-vs-kp,catboost,gbdt,label_noise,0.2,192617077,train_only,True,low,True,ok,,0.9666319082377477,0.993889949358924,0.28298192316983345,0.4082566172183404,0.1959259212189647,0.3311940991019905,2237,xgboost,0.4858585039934968,True,utility_gap;ece,
kr-vs-kp,catboost,gbdt,label_noise,0.3,1518713911,train_only,True,low,True,ok,,0.9155370177267987,0.965889182334022,0.4220071710372995,0.6088276528750927,0.2339435682419851,0.2459547569650027,2237,xgboost,0.4858585039934968,True,utility_gap;ece,
kr-vs-kp,catboost,gbdt,label_noise,0.4,196317964,train_only,True,low,True,ok,,0.7382690302398331,0.7804652703326971,0.5962453413087603,0.8602001970592958,0.12451783135521523,0.10093957376358716,2237,xgboost,0.4858585039934968,True,utility_gap;ece;nll,
kr-vs-kp,hist_gbdt,gbdt,label_noise,0.0,3723983239,train_only,True,low,True,ok,,0.9937434827945777,0.9998496456867924,0.016496103158933014,0.023798846221385422,0.004258133333479744,0.4910176178764524,2237,xgboost,0.4858585039934968,False,,
kr-vs-kp,hist_gbdt,gbdt,label_noise,0.05,4204106854,train_only,True,low,True,ok,,0.9895724713242962,0.9978579957987954,0.08855653744006041,0.12776007740307296,0.06188194892497119,0.44698175622230674,2237,xgboost,0.4858585039934968,True,utility_gap,
kr-vs-kp,hist_gbdt,gbdt,label_noise,0.1,1734619466,train_only,True,low,True,ok,,0.9885297184567258,0.9981674206172808,0.14037060582920574,0.20251197691637454,0.10693407333559761,0.4154976472425253,2237,xgboost,0.4858585039934968,True,utility_gap;ece,
kr-vs-kp,hist_gbdt,gbdt,label_noise,0.2,192617077,train_only,True,low,True,ok,,0.9499478623566214,0.9900526458001029,0.26631379641164254,0.3842095934033897,0.15850117478113143,0.34204749240628596,2237,xgboost,0.4858585039934968,True,utility_gap;ece,
kr-vs-kp,hist_gbdt,gbdt,label_noise,0.3,1518713911,train_only,True,low,True,ok,,0.8759124087591241,0.951073834863025,0.4054172933401288,0.58489351859243,0.17331527811101072,0.25413159231599625,2237,xgboost,0.4858585039934968,True,utility_gap;ece,
kr-vs-kp,hist_gbdt,gbdt,label_noise,0.4,196317964,train_only,True,low,True,ok,,0.6715328467153284,0.7285276608355342,0.6100652687775762,0.8801381378840017,0.02826758003545264,0.08601965092744517,2237,xgboost,0.4858585039934968,True,utility_gap;nll,
kr-vs-kp,logreg,linear,label_noise,0.0,3723983239,train_only,True,low,True,ok,,0.9697601668404588,0.9931011339765883,0.11291075872859425,0.1628957916807532,0.03880543465761943,0.4364195974821249,2237,xgboost,0.4858585039934968,True,utility_gap,
kr-vs-kp,logreg,linear,label_noise,0.05,4204106854,train_only,True,low,True,ok,,0.9582898852971846,0.9914712060594968,0.18286335386654418,0.26381605378358697,0.09606070097108112,0.39240144858610926,2237,xgboost,0.4858585039934968,True,utility_gap,
kr-vs-kp,logreg,linear,label_noise,0.1,1734619466,train_only,True,low,True,ok,,0.9603753910323254,0.9908000592701061,0.25107004620433837,0.36221751057476187,0.156425496669752,0.35088597689300693,2237,xgboost,0.4858585039934968,True,utility_gap;ece,
kr-vs-kp,logreg,linear,label_noise,0.2,192617077,train_only,True,low,True,ok,,0.9572471324296142,0.9886210112526039,0.3657310989806437,0.5276384427982453,0.2452789704198268,0.2822570968794145,2237,xgboost,0.4858585039934968,True,utility_gap;ece,
kr-vs-kp,logreg,linear,label_noise,0.3,1518713911,train_only,True,low,True,ok,,0.9343065693430657,0.9808374517340864,0.4704652718381013,0.6787379145913068,0.2963775383952486,0.22054221145194836,2237,xgboost,0.4858585039934968,True,utility_gap;ece,
kr-vs-kp,logreg,linear,label_noise,0.4,196317964,train_only,True,low,True,ok,,0.7841501564129302,0.87117903930131,0.602457587783759,0.8691625742415565,0.21900258377828888,0.1179858981892733,2237,xgboost,0.4858585039934968,True,utility_gap;ece;nll,
kr-vs-kp,tabicl,icl,label_noise,0.0,3723983239,train_only,True,low,True,ok,,0.9895724713242962,0.9993157789225044,0.03269434956345834,0.04716797598029159,0.004083444821636281,0.4832293115631063,1000,xgboost,0.4858585039934968,False,,
kr-vs-kp,tabicl,icl,label_noise,0.05,4204106854,train_only,True,low,True,ok,,0.9812304483837331,0.9961256526248813,0.09080802857941092,0.1310082925044194,0.047274516275544964,0.44707115466983355,1000,xgboost,0.4858585039934968,True,utility_gap,
kr-vs-kp,tabicl,icl,label_noise,0.1,1734619466,train_only,True,low,True,ok,,0.986444212721585,0.9980061710639856,0.13538720447458946,0.1953224484953103,0.09940177219143718,0.4187917027937521,1000,xgboost,0.4858585039934968,True,utility_gap,
kr-vs-kp,tabicl,icl,label_noise,0.2,192617077,train_only,True,low,True,ok,,0.9718456725755996,0.9963108717063689,0.2614087906855961,0.3771331659668905,0.18858218924829862,0.3436292683438421,1000,xgboost,0.4858585039934968,True,utility_gap;ece,
kr-vs-kp,tabicl,icl,label_noise,0.3,1518713911,train_only,True,low,True,ok,,0.9228362877997914,0.9771853672567529,0.42351522939548575,0.611003321189819,0.24903446039415136,0.24733243327405618,1000,xgboost,0.4858585039934968,True,utility_gap;ece,
kr-vs-kp,tabicl,icl,label_noise,0.4,196317964,train_only,True,low,True,ok,,0.8602711157455682,0.9270912323823968,0.5452214926524735,0.786588343635802,0.25929585157451673,0.16568692529003015,1000,xgboost,0.4858585039934968,True,utility_gap;ece;nll,
kr-vs-kp,xgboost,gbdt,label_noise,0.0,3723983239,train_only,True,low,True,ok,,0.9916579770594369,0.999509714196062,0.02675046674613191,0.03859276571610963,0.005703814096037897,0.4858585039934968,2237,xgboost,0.4858585039934968,False,,
kr-vs-kp,xgboost,gbdt,label_noise,0.05,4204106854,train_only,True,low,True,ok,,0.97288842544317,0.9969253632473045,0.08781886665199226,0.1266958434153184,0.029289885676525323,0.45099041079313146,2237,xgboost,0.4858585039934968,True,utility_gap,
kr-vs-kp,xgboost,gbdt,label_noise,0.1,1734619466,train_only,True,low,True,ok,,0.9468196037539103,0.9876753044130081,0.16204669576385572,0.23378396437095725,0.04625580770407088,0.408322946255538,2237,xgboost,0.4858585039934968,True,utility_gap,
kr-vs-kp,xgboost,gbdt,label_noise,0.2,192617077,train_only,True,low,True,ok,,0.8738269030239834,0.9420547551185838,0.308097316138507,0.44449047010422327,0.03254094847610528,0.32093786901861376,2237,xgboost,0.4858585039934968,True,utility_gap,
kr-vs-kp,xgboost,gbdt,label_noise,0.3,1518713911,train_only,True,low,True,ok,,0.7768508863399375,0.8448474230578145,0.49781461485971945,0.7181946761401665,0.032824277146460565,0.19020097274988357,2237,xgboost,0.4858585039934968,True,utility_gap,
kr-vs-kp,xgboost,gbdt,label_noise,0.4,196317964,train_only,True,low,True,ok,,0.6277372262773723,0.6585780404256989,0.7619427828901965,1.0992510743168227,0.13498739306055074,-0.0321099028165565,2237,xgboost,0.4858585039934968,True,utility_gap;ece;nll,
mfeat-factors,catboost,gbdt,covariate_shift,0.0,3028227453,test_only,True,medium,True,ok,,0.9666666666666667,0.9987006172839508,0.12957052403461702,0.05627176360554683,0.024149983668892396,0.4728336902339402,1400,catboost,0.4728336902339402,False,,
mfeat-factors,catboost,gbdt,covariate_shift,0.05,600021547,test_only,True,low,True,ok,,0.9566666666666667,0.9985833333333332,0.15663977239208404,0.06802778879646343,0.027963062305682986,0.4670032175665909,1400,catboost,0.4728336902339402,False,,
mfeat-factors,catboost,gbdt,covariate_shift,0.1,602530879,test_only,True,low,True,ok,,0.9383333333333334,0.9976296296296298,0.2087501062691218,0.09065901924939701,0.028203210893473607,0.4570820224168566,1400,catboost,0.4728336902339402,False,,
mfeat-factors,catboost,gbdt,covariate_shift,0.2,179628137,test_only,True,low,True,ok,,0.875,0.9917191358024692,0.415571734799347,0.18048051125831796,0.04774444769606067,0.41465865461415663,1400,catboost,0.4728336902339402,True,utility_gap,
mfeat-factors,catboost,gbdt,covariate_shift,0.3,3085802972,test_only,True,low,True,ok,,0.7233333333333334,0.9779691358024692,0.8295169408934286,0.3602546300752819,0.07755093962264056,0.32720262058375155,1400,catboost,0.4728336902339402,True,utility_gap,
mfeat-factors,catboost,gbdt,covariate_shift,0.4,4232577697,test_only,True,low,True,ok,,0.38166666666666665,0.8401327160493828,1.948180827892383,0.8460841833033705,0.2396015419531871,0.049550887235635395,1400,catboost,0.4728336902339402,True,utility_gap;ece;nll,
mfeat-factors,hist_gbdt,gbdt,covariate_shift,0.0,3028227453,test_only,True,medium,True,ok,,0.965,0.9986728395061727,0.16332066673084017,0.07092926434196388,0.02009276339286313,0.4689881618459986,1400,catboost,0.4728336902339402,False,,
mfeat-factors,hist_gbdt,gbdt,covariate_shift,0.05,600021547,test_only,True,low,True,ok,,0.965,0.9982654320987654,0.16261151966713788,0.07062128568534008,0.020722883984760795,0.4688119387320136,1400,catboost,0.4728336902339402,False,,
mfeat-factors,hist_gbdt,gbdt,covariate_shift,0.1,602530879,test_only,True,low,True,ok,,0.9583333333333334,0.9979351851851852,0.18375022746528447,0.07980170983664038,0.026711067039471313,0.4637445884559284,1400,catboost,0.4728336902339402,False,,
mfeat-factors,hist_gbdt,gbdt,covariate_shift,0.2,179628137,test_only,True,low,True,ok,,0.8766666666666667,0.993679012345679,0.419831847987965,0.18233065490841804,0.06625038271343414,0.4113383813057754,1400,catboost,0.4728336902339402,True,utility_gap,
mfeat-factors,hist_gbdt,gbdt,covariate_shift,0.3,3085802972,test_only,True,low,True,ok,,0.695,0.9718024691358025,1.0881332719348331,0.47257027557662856,0.15922175989820872,0.27076542954490057,1400,catboost,0.4728336902339402,True,utility_gap;ece,
mfeat-factors,hist_gbdt,gbdt,covariate_shift,0.4,4232577697,test_only,True,low,True,ok,,0.5033333333333333,0.9107808641975309,1.8780100559263269,0.8156094042476211,0.26131911711072225,0.09732665777270508,1400,catboost,0.4728336902339402,True,utility_gap;ece;nll,
mfeat-factors,logreg,linear,covariate_shift,0.0,3028227453,test_only,True,medium,True,ok,,0.9666666666666667,0.9966481481481482,0.1510174549866572,0.06558604737177794,0.015511900689389518,0.47104865750244057,1400,catboost,0.4728336902339402,False,,
mfeat-factors,logreg,linear,covariate_shift,0.05,600021547,test_only,True,low,True,ok,,0.965,0.9964413580246914,0.15472735330577883,0.06719723574019461,0.018410147626728938,0.4696632750612378,1400,catboost,0.4728336902339402,False,,
mfeat-factors,logreg,linear,covariate_shift,0.1,602530879,test_only,True,low,True,ok,,0.965,0.9962191358024691,0.16422603488190265,0.07132246073406127,0.01184008291868437,0.4696619427269089,1400,catboost,0.4728336902339402,False,,
mfeat-factors,logreg,linear,covariate_shift,0.2,179628137,test_only,True,low,True,ok,,0.9533333333333334,0.9956697530864197,0.20685227827580369,0.08983480302429743,0.012833853637383659,0.4619672019454809,1400,catboost,0.4728336902339402,False,,
mfeat-factors,logreg,linear,covariate_shift,0.3,3085802972,test_only,True,low,True,ok,,0.9316666666666666,0.994891975308642,0.30528791164555985,0.13258485541943413,0.02376932192442862,0.44343287034730866,1400,catboost,0.4728336902339402,False,,
mfeat-factors,logreg,linear,covariate_shift,0.4,4232577697,test_only,True,low,True,ok,,0.8583333333333333,0.9938055555555556,0.5175214715033734,0.224756719340366,0.04763052392815453,0.3996288238567037,1400,catboost,0.4728336902339402,True,utility_gap,
mfeat-factors,tabicl,icl,covariate_shift,0.0,3028227453,test_only,True,medium,True,ok,,0.985,0.9997592592592592,0.06475384668190506,0.02812223829596056,0.009365328494799745,0.4873560035529926,1000,catboost,0.4728336902339402,False,,
mfeat-factors,tabicl,icl,covariate_shift,0.05,600021547,test_only,True,low,True,ok,,0.9833333333333333,0.9995493827160494,0.07486336167015592,0.032512744870076125,0.006367870423351818,0.4863148864049241,1000,catboost,0.4728336902339402,False,,
mfeat-factors,tabicl,icl,covariate_shift,0.1,602530879,test_only,True,low,True,ok,,0.9783333333333334,0.9996574074074074,0.06841639568281192,0.029712863116754678,0.012439711337168076,0.48522829139013257,1000,catboost,0.4728336902339402,False,,
mfeat-factors,tabicl,icl,covariate_shift,0.2,179628137,test_only,True,low,True,ok,,0.9683333333333334,0.9990771604938271,0.14576466291658322,0.06330478876115965,0.06073450043158728,0.4637886694581741,1000,catboost,0.4728336902339402,False,,
mfeat-factors,tabicl,icl,covariate_shift,0.3,3085802972,test_only,True,low,True,ok,,0.935,0.9973240740740741,0.40641751879999444,0.17650488576364867,0.20503159109718985,0.3953556419773934,1000,catboost,0.4728336902339402,True,utility_gap;ece,
mfeat-factors,tabicl,icl,covariate_shift,0.4,4232577697,test_only,True,low,True,ok,,0.885,0.9952067901234567,0.7426332566879641,0.32252152545742396,0.3380136055761744,0.3167131977907477,1000,catboost,0.4728336902339402,True,utility_gap;ece,
mfeat-factors,xgboost,gbdt,covariate_shift,0.0,3028227453,test_only,True,medium,True,ok,,0.9516666666666667,0.998462962962963,0.1502236615779635,0.06524130727461108,0.020518532411296274,0.46853593837239443,1400,catboost,0.4728336902339402,False,,
mfeat-factors,xgboost,gbdt,covariate_shift,0.05,600021547,test_only,True,low,True,ok,,0.9583333333333334,0.9980586419753086,0.15368131750576833,0.0667429481643768,0.020478527737025045,0.4689519346946399,1400,catboost,0.4728336902339402,False,,
mfeat-factors,xgboost,gbdt,covariate_shift,0.1,602530879,test_only,True,low,True,ok,,0.9366666666666666,0.9970154320987653,0.20043522727095925,0.08704791318280176,0.025270963300397534,0.45828683461964786,1400,catboost,0.4728336902339402,False,,
mfeat-factors,xgboost,gbdt,covariate_shift,0.2,179628137,test_only,True,low,True,ok,,0.8616666666666667,0.9920895061728394,0.43539500954368426,0.18908965009303572,0.0415986951779303,0.41143469309699693,1400,catboost,0.4728336902339402,True,utility_gap,
mfeat-factors,xgboost,gbdt,covariate_shift,0.3,3085802972,test_only,True,low,True,ok,,0.7316666666666667,0.9756450617283949,0.9013593311151445,0.3914553837153133,0.047266089265256536,0.32433593863729293,1400,catboost,0.4728336902339402,True,utility_gap,
mfeat-factors,xgboost,gbdt,covariate_shift,0.4,4232577697,test_only,True,low,True,ok,,0.55,0.9299567901234569,1.4859954168480336,0.6453596096706234,0.08542781871386315,0.19729142989925028,1400,catboost,0.4728336902339402,True,utility_gap,
mfeat-factors,catboost,gbdt,label_noise,0.0,2942197313,train_only,True,medium,True,ok,,0.9666666666666667,0.9987006172839508,0.12957052403461702,0.05627176360554683,0.024149983668892396,0.4728336902339402,1400,catboost,0.4728336902339402,False,,
mfeat-factors,catboost,gbdt,label_noise,0.05,2814914571,train_only,True,medium,True,ok,,0.9466666666666667,0.9976820987654321,0.1939629642641122,0.08423704507350155,0.062123465703293815,0.453492927905192,1400,catboost,0.4728336902339402,False,,
mfeat-factors,catboost,gbdt,label_noise,0.1,4064093667,train_only,True,medium,True,ok,,0.9483333333333334,0.9972808641975309,0.26383648687312816,0.11458273037373928,0.10866468855407768,0.4351905456461985,1400,catboost,0.4728336902339402,True,utility_gap;ece,
mfeat-factors,catboost,gbdt,label_noise,0.2,74797416,train_only,True,medium,True,ok,,0.9433333333333334,0.9935925925925927,0.38872495689980624,0.16882110375966522,0.18422005619322937,0.40176706504086196,1400,catboost,0.4728336902339402,True,utility_gap;ece,
mfeat-factors,catboost,gbdt,label_noise,0.3,564161943,train_only,True,medium,True,ok,,0.9016666666666666,0.989712962962963,0.5709840846079214,0.2479752371997997,0.24483218460181091,0.3582905289567349,1400,catboost,0.4728336902339402,True,utility_gap;ece,
mfeat-factors,catboost,gbdt,label_noise,0.4,2815187934,train_only,True,medium,True,ok,,0.8883333333333333,0.9880370370370368,0.7021256734088878,0.3049293055640847,0.31078303090946713,0.325427565111844,1400,catboost,0.4728336902339402,True,utility_gap;ece,
mfeat-factors,hist_gbdt,gbdt,label_noise,0.0,2942197313,train_only,True,medium,True,ok,,0.965,0.9986728395061727,0.16332066673084017,0.07092926434196388,0.02009276339286313,0.4689881618459986,1400,catboost,0.4728336902339402,False,,
mfeat-factors,hist_gbdt,gbdt,label_noise,0.05,2814914571,train_only,True,medium,True,ok,,0.9583333333333334,0.9989166666666666,0.13969922731213572,0.06067060354780858,0.02408396219680192,0.47035285982963027,1400,catboost,0.4728336902339402,False,,
mfeat-factors,hist_gbdt,gbdt,label_noise,0.1,4064093667,train_only,True,medium,True,ok,,0.9666666666666667,0.9982901234567901,0.14241221305715598,0.06184883828635307,0.011178536609982548,0.4736111844019741,1400,catboost,0.4728336902339402,False,,
mfeat-factors,hist_gbdt,gbdt,label_noise,0.2,74797416,train_only,True,medium,True,ok,,0.9366666666666666,0.9969382716049383,0.2213519068499786,0.09613191170370831,0.03259265874064705,0.45407028980248654,1400,catboost,0.4728336902339402,False,,
mfeat-factors,hist_gbdt,gbdt,label_noise,0.3,564161943,train_only,True,medium,True,ok,,0.9133333333333333,0.992679012345679,0.31636021819664717,0.13739349705651258,0.03321858788356022,0.4365758876273218,1400,catboost,0.4728336902339402,True,utility_gap,
mfeat-factors,hist_gbdt,gbdt,label_noise,0.4,2815187934,train_only,True,medium,True,ok,,0.8633333333333333,0.9867623456790124,0.46714066269003646,0.20287661207891108,0.03820567915171851,0.4063627015336373,1400,catboost,0.4728336902339402,True,utility_gap,
mfeat-factors,logreg,linear,label_noise,0.0,2942197313,train_only,True,medium,True,ok,,0.9666666666666667,0.9966481481481482,0.1510174549866572,0.06558604737177794,0.015511900689389518,0.47104865750244057,1400,catboost,0.4728336902339402,False,,
mfeat-factors,logreg,linear,label_noise,0.05,2814914571,train_only,True,medium,True,ok,,0.935,0.9931296296296296,0.2792181586576268,0.12126290555219398,0.03540672144618768,0.44438515441547466,1400,catboost,0.4728336902339402,False,,
mfeat-factors,logreg,linear,label_noise,0.1,4064093667,train_only,True,medium,True,ok,,0.9216666666666666,0.9929598765432098,0.3156037012471175,0.13706494591986557,0.07863154947998202,0.42894016311816735,1400,catboost,0.4728336902339402,True,utility_gap,
mfeat-factors,logreg,linear,label_noise,0.2,74797416,train_only,True,medium,True,ok,,0.865,0.9785987654320987,0.5618951518277311,0.24402796384697348,0.10002802500072507,0.3790455737469974,1400,catboost,0.4728336902339402,True,utility_gap;ece,
mfeat-factors,logreg,linear,label_noise,0.3,564161943,train_only,True,medium,True,ok,,0.8366666666666667,0.978496913580247,0.6637247985366734,0.2882520175068248,0.18086008724792108,0.3453262970514548,1400,catboost,0.4728336902339402,True,utility_gap;ece,
mfeat-factors,logreg,linear,label_noise,0.4,2815187934,train_only,True,medium,True,ok,,0.8166666666666667,0.969074074074074,0.7840078218889531,0.3404902708153598,0.20641067702850274,0.3182467092756174,1400,catboost,0.4728336902339402,True,utility_gap;ece,
mfeat-factors,tabicl,icl,label_noise,0.0,2942197313,train_only,True,medium,True,ok,,0.985,0.9997592592592592,0.06475384668190506,0.02812223829596056,0.009365328494799745,0.4873560035529926,1000,catboost,0.4728336902339402,False,,
mfeat-factors,tabicl,icl,label_noise,0.05,2814914571,train_only,True,medium,True,ok,,0.9766666666666667,0.9982407407407408,0.11017501062730702,0.04784839915907156,0.03580622998175652,0.4743684935151865,1000,catboost,0.4728336902339402,False,,
mfeat-factors,tabicl,icl,label_noise,0.1,4064093667,train_only,True,medium,True,ok,,0.9816666666666667,0.9990555555555556,0.1445556505155514,0.06277972134683892,0.08666548914640995,0.46075243021111073,1001,catboost,0.4728336902339402,False,,
mfeat-factors,tabicl,icl,label_noise,0.2,74797416,train_only,True,medium,True,ok,,0.9766666666666667,0.9971265432098765,0.2642396364591801,0.11475781601434322,0.1655123746302409,0.42796447039310553,1000,catboost,0.4728336902339402,True,utility_gap;ece,
mfeat-factors,tabicl,icl,label_noise,0.3,564161943,train_only,True,medium,True,ok,,0.97,0.9980154320987655,0.3564233689819457,0.15479270237022566,0.23449539547906176,0.4014685114276879,1001,catboost,0.4728336902339402,True,utility_gap;ece,
mfeat-factors,tabicl,icl,label_noise,0.4,2815187934,train_only,True,medium,True,ok,,0.9583333333333334,0.9974938271604937,0.5831859897330232,0.2532744572643384,0.364151252483081,0.344060251830255,1001,catboost,0.4728336902339402,True,utility_gap;ece,
mfeat-factors,xgboost,gbdt,label_noise,0.0,2942197313,train_only,True,medium,True,ok,,0.9516666666666667,0.998462962962963,0.1502236615779635,0.06524130727461108,0.020518532411296274,0.46853593837239443,1400,catboost,0.4728336902339402,False,,
mfeat-factors,xgboost,gbdt,label_noise,0.05,2814914571,train_only,True,medium,True,ok,,0.96,0.9985493827160493,0.1349921166186373,0.05862633134791443,0.013300349379399728,0.473244314670363,1400,catboost,0.4728336902339402,False,,
mfeat-factors,xgboost,gbdt,label_noise,0.1,4064093667,train_only,True,medium,True,ok,,0.9616666666666667,0.9975771604938272,0.159579498806785,0.06930449575667327,0.02729655809806214,0.46715134582622503,1400,catboost,0.4728336902339402,False,,
mfeat-factors,xgboost,gbdt,label_noise,0.2,74797416,train_only,True,medium,True,ok,,0.9383333333333334,0.9951388888888889,0.2508135380287419,0.10892693555251401,0.0373655935752373,0.44889741173030945,1400,catboost,0.4728336902339402,False,,
mfeat-factors,xgboost,gbdt,label_noise,0.3,564161943,train_only,True,medium,True,ok,,0.9083333333333333,0.993293209876543,0.33377127668881096,0.14495502368375407,0.059425560833066965,0.4285310041850504,1400,catboost,0.4728336902339402,True,utility_gap,
mfeat-factors,xgboost,gbdt,label_noise,0.4,2815187934,train_only,True,medium,True,ok,,0.8433333333333334,0.98475,0.5140452373279456,0.22324701002017425,0.05724586806668754,0.3927392233806102,1400,catboost,0.4728336902339402,True,utility_gap,
mfeat-fourier,catboost,gbdt,covariate_shift,0.0,2231225561,test_only,True,medium,True,ok,,0.845,0.9850956790123456,0.3826990427807826,0.16620408250935037,0.03116330953855523,0.4154396009938047,1400,catboost,0.4154396009938047,False,,
mfeat-fourier,catboost,gbdt,covariate_shift,0.05,3020271526,test_only,True,low,True,ok,,0.8333333333333334,0.9842932098765435,0.40192698494391066,0.17455467168915176,0.0482304306034329,0.40749013582935806,1400,catboost,0.4154396009938047,False,,
mfeat-fourier,catboost,gbdt,covariate_shift,0.1,2328723424,test_only,True,low,True,ok,,0.8416666666666667,0.9847314814814816,0.4433694091345123,0.1925528878318239,0.029456459091119117,0.40724886035074753,1400,catboost,0.4154396009938047,False,,
mfeat-fourier,catboost,gbdt,covariate_shift,0.2,345020380,test_only,True,low,True,ok,,0.7,0.9620308641975308,0.8905163219523698,0.38674632466869385,0.06109549758769503,0.3134678055509886,1400,catboost,0.4154396009938047,True,utility_gap,
mfeat-fourier,catboost,gbdt,covariate_shift,0.3,735245252,test_only,True,low,True,ok,,0.5,0.8879969135802469,1.7278609478638387,0.7504004751533874,0.13064871579926496,0.1345490340472172,1400,catboost,0.4154396009938047,True,utility_gap;ece;nll,
mfeat-fourier,catboost,gbdt,covariate_shift,0.4,1003583495,test_only,True,low,True,ok,,0.3,0.7466790123456789,2.4812251012360753,1.0775823698266649,0.2292666275879884,-0.06279038214460958,1400,catboost,0.4154396009938047,True,utility_gap;ece;nll,
mfeat-fourier,hist_gbdt,gbdt,covariate_shift,0.0,2231225561,test_only,True,medium,True,ok,,0.8683333333333333,0.9856203703703705,0.5103043190781917,0.22162234986705498,0.09366334516053315,0.3899977556374065,1400,catboost,0.4154396009938047,False,,
mfeat-fourier,hist_gbdt,gbdt,covariate_shift,0.05,3020271526,test_only,True,low,True,ok,,0.8566666666666667,0.9833487654320987,0.5921520685386199,0.25716837581391877,0.09941423006506958,0.37563870914404496,1400,catboost,0.4154396009938047,True,utility_gap,
mfeat-fourier,hist_gbdt,gbdt,covariate_shift,0.1,2328723424,test_only,True,low,True,ok,,0.815,0.9771203703703704,0.7972884304079484,0.3462579658114768,0.12783855989381465,0.3347970279074236,1400,catboost,0.4154396009938047,True,utility_gap;ece,
mfeat-fourier,hist_gbdt,gbdt,covariate_shift,0.2,345020380,test_only,True,low,True,ok,,0.6766666666666666,0.9449043209876544,1.6590276843002338,0.7205065686163217,0.23366515693957593,0.1693315103728673,1400,catboost,0.4154396009938047,True,utility_gap;ece,
mfeat-fourier,hist_gbdt,gbdt,covariate_shift,0.3,735245252,test_only,True,low,True,ok,,0.47333333333333333,0.8539845679012344,3.5179935844837926,1.5278452011123524,0.3970075128393539,-0.16786046413614444,1400,catboost,0.4154396009938047,True,utility_gap;ece;nll,
mfeat-fourier,hist_gbdt,gbdt,covariate_shift,0.4,1003583495,test_only,True,low,True,ok,,0.2866666666666667,0.7485432098765432,5.7824339731065955,2.5112791664900906,0.5846035722711957,-0.5653143409444762,1400,catboost,0.4154396009938047,True,utility_gap;ece;nll,
mfeat-fourier,logreg,linear,covariate_shift,0.0,2231225561,test_only,True,medium,True,ok,,0.8383333333333334,0.9802314814814815,0.5044808067328636,0.21909323059018349,0.05440851244705866,0.39222134685205173,1400,catboost,0.4154396009938047,False,,
mfeat-fourier,logreg,linear,covariate_shift,0.05,3020271526,test_only,True,low,True,ok,,0.8133333333333334,0.9781882716049383,0.5857274942582618,0.2543782186553817,0.059773486145937804,0.3760977322359263,1400,catboost,0.4154396009938047,True,utility_gap,
mfeat-fourier,logreg,linear,covariate_shift,0.1,2328723424,test_only,True,low,True,ok,,0.7483333333333333,0.973185185185185,0.8161288129855828,0.35444024000188956,0.11542773617710658,0.32344719557882656,1400,catboost,0.4154396009938047,True,utility_gap;ece,
mfeat-fourier,logreg,linear,covariate_shift,0.2,345020380,test_only,True,low,True,ok,,0.585,0.9484413580246913,1.8406813785110132,0.7993977656294038,0.27693853613505476,0.12449743839280983,1400,catboost,0.4154396009938047,True,utility_gap;ece;nll,
mfeat-fourier,logreg,linear,covariate_shift,0.3,735245252,test_only,True,low,True,ok,,0.46166666666666667,0.9218858024691358,3.6089113322783146,1.5673302772865847,0.44176963831743593,-0.16664297998526512,1400,catboost,0.4154396009938047,True,utility_gap;ece;nll,
mfeat-fourier,logreg,linear,covariate_shift,0.4,1003583495,test_only,True,low,True,ok,,0.395,0.892695987654321,5.856411279631385,2.5434071024998723,0.5104005768383819,-0.4934086504386258,1400,catboost,0.4154396009938047,True,utility_gap;ece;nll,
mfeat-fourier,tabicl,icl,covariate_shift,0.0,2231225561,test_only,True,medium,True,ok,,0.9,0.9929814814814817,0.233908543187878,0.10158518957652386,0.03487536090448819,0.44509288946466374,1000,catboost,0.4154396009938047,False,,
mfeat-fourier,tabicl,icl,covariate_shift,0.05,3020271526,test_only,True,low,True,ok,,0.89,0.9930802469135802,0.24488089918953654,0.1063504232415222,0.027286926005558328,0.44371557424618474,1000,catboost,0.4154396009938047,False,,
mfeat-fourier,tabicl,icl,covariate_shift,0.1,2328723424,test_only,True,low,True,ok,,0.8616666666666667,0.9893827160493828,0.31694654199330247,0.13764813424600852,0.040256843269653494,0.4261881416895507,1000,catboost,0.4154396009938047,False,,
mfeat-fourier,tabicl,icl,covariate_shift,0.2,345020380,test_only,True,low,True,ok,,0.7666666666666667,0.9774228395061728,0.7280004261828114,0.31616656791441056,0.09235943695478507,0.34377613606188023,1000,catboost,0.4154396009938047,True,utility_gap,
mfeat-fourier,tabicl,icl,covariate_shift,0.3,735245252,test_only,True,low,True,ok,,0.615,0.9313425925925924,1.457210948320244,0.6328586738244866,0.09104863531483365,0.21015257819709465,1000,catboost,0.4154396009938047,True,utility_gap,
mfeat-fourier,tabicl,icl,covariate_shift,0.4,1003583495,test_only,True,low,True,ok,,0.4816666666666667,0.8785370370370369,1.777678964390312,0.7720361648301997,0.07974270324768548,0.13217857286436588,1000,catboost,0.4154396009938047,True,utility_gap;nll,
mfeat-fourier,xgboost,gbdt,covariate_shift,0.0,2231225561,test_only,True,medium,True,ok,,0.8583333333333333,0.9864413580246915,0.40785730839140216,0.17713017843829879,0.07156453918004108,0.40655251394114417,1400,catboost,0.4154396009938047,False,,
mfeat-fourier,xgboost,gbdt,covariate_shift,0.05,3020271526,test_only,True,low,True,ok,,0.85,0.9852438271604937,0.44785491926743454,0.19450092013107315,0.07211902599827226,0.39956125826719635,1400,catboost,0.4154396009938047,False,,
mfeat-fourier,xgboost,gbdt,covariate_shift,0.1,2328723424,test_only,True,low,True,ok,,0.825,0.9809783950617282,0.544951338421374,0.23666935918219426,0.06877677280823336,0.3823362759552999,1400,catboost,0.4154396009938047,True,utility_gap,
mfeat-fourier,xgboost,gbdt,covariate_shift,0.2,345020380,test_only,True,low,True,ok,,0.655,0.9446419753086419,1.178504734186109,0.5118181029538856,0.13710194374129303,0.24790887172360035,1400,catboost,0.4154396009938047,True,utility_gap;ece,
mfeat-fourier,xgboost,gbdt,covariate_shift,0.3,735245252,test_only,True,low,True,ok,,0.41333333333333333,0.8600493827160494,2.366047134931394,1.027561214623703,0.3327672556856786,-0.011804531573629304,1400,catboost,0.4154396009938047,True,utility_gap;ece;nll,
mfeat-fourier,xgboost,gbdt,covariate_shift,0.4,1003583495,test_only,True,low,True,ok,,0.29333333333333333,0.7702037037037037,3.4513529361150828,1.4989035352553668,0.4403441488908053,-0.22416859405847483,1400,catboost,0.4154396009938047,True,utility_gap;ece;nll,
mfeat-fourier,catboost,gbdt,label_noise,0.0,3191885808,train_only,True,medium,True,ok,,0.845,0.9850956790123456,0.3826990427807826,0.16620408250935037,0.03116330953855523,0.4154396009938047,1400,catboost,0.4154396009938047,False,,
mfeat-fourier,catboost,gbdt,label_noise,0.05,1846428605,train_only,True,medium,True,ok,,0.8383333333333334,0.9845987654320988,0.42893411302473455,0.18628371838670793,0.04256602843565177,0.4059612466980918,1400,catboost,0.4154396009938047,False,,
mfeat-fourier,catboost,gbdt,label_noise,0.1,1050737978,train_only,True,medium,True,ok,,0.8316666666666667,0.9819074074074073,0.5074977025176373,0.22040345178198786,0.08316929043344902,0.38566269897130634,1400,catboost,0.4154396009938047,False,,
mfeat-fourier,catboost,gbdt,label_noise,0.2,3312308181,train_only,True,medium,True,ok,,0.8033333333333333,0.9773055555555556,0.6236489662572058,0.27084730469017176,0.11879845397032877,0.35754306224332716,1400,catboost,0.4154396009938047,True,utility_gap;ece,
mfeat-fourier,catboost,gbdt,label_noise,0.3,429736086,train_only,True,medium,True,ok,,0.7916666666666666,0.9721944444444445,0.7434911509158055,0.32289410418663217,0.16797404968681134,0.32855501436220363,1400,catboost,0.4154396009938047,True,utility_gap;ece,
mfeat-fourier,catboost,gbdt,label_noise,0.4,3681262302,train_only,True,medium,True,ok,,0.7283333333333334,0.95529012345679,0.9930624763485859,0.43128155366336934,0.21140927856830574,0.2719352213972045,1400,catboost,0.4154396009938047,True,utility_gap;ece,
mfeat-fourier,hist_gbdt,gbdt,label_noise,0.0,3191885808,train_only,True,medium,True,ok,,0.8683333333333333,0.9856203703703705,0.5103043190781917,0.22162234986705498,0.09366334516053315,0.3899977556374065,1400,catboost,0.4154396009938047,False,,
mfeat-fourier,hist_gbdt,gbdt,label_noise,0.05,1846428605,train_only,True,medium,True,ok,,0.8733333333333333,0.9848518518518519,0.49356644664070587,0.21435318422865432,0.08193867345859449,0.395004458187833,1400,catboost,0.4154396009938047,False,,
mfeat-fourier,hist_gbdt,gbdt,label_noise,0.1,1050737978,train_only,True,medium,True,ok,,0.8633333333333333,0.9805216049382717,0.5407940529780171,0.2348638730544476,0.08699997808118043,0.3848234041958247,1400,catboost,0.4154396009938047,True,utility_gap,
mfeat-fourier,hist_gbdt,gbdt,label_noise,0.2,3312308181,train_only,True,medium,True,ok,,0.8266666666666667,0.9760277777777777,0.5731032234589004,0.2488955675091667,0.07621283559985123,0.3756984848495019,1400,catboost,0.4154396009938047,True,utility_gap,
mfeat-fourier,hist_gbdt,gbdt,label_noise,0.3,429736086,train_only,True,medium,True,ok,,0.8216666666666667,0.9692530864197529,0.6643058449686314,0.2885043627659537,0.07751792754944359,0.3604336859072387,1400,catboost,0.4154396009938047,True,utility_gap,
mfeat-fourier,hist_gbdt,gbdt,label_noise,0.4,3681262302,train_only,True,medium,True,ok,,0.755,0.9628672839506173,0.7630066743628909,0.3313695883311549,0.07535362639093389,0.3357719476051828,1400,catboost,0.4154396009938047,True,utility_gap,
mfeat-fourier,logreg,linear,label_noise,0.0,3191885808,train_only,True,medium,True,ok,,0.8383333333333334,0.9802314814814815,0.5044808067328636,0.21909323059018349,0.05440851244705866,0.39222134685205173,1400,catboost,0.4154396009938047,False,,
mfeat-fourier,logreg,linear,label_noise,0.05,1846428605,train_only,True,medium,True,ok,,0.805,0.9743981481481482,0.5875355272076345,0.25516343738839353,0.03420137765905595,0.3784000451035226,1400,catboost,0.4154396009938047,True,utility_gap,
mfeat-fourier,logreg,linear,label_noise,0.1,1050737978,train_only,True,medium,True,ok,,0.765,0.9671759259259259,0.6711217064721337,0.2914644538063415,0.04390106374681524,0.3570420251828086,1400,catboost,0.4154396009938047,True,utility_gap,
mfeat-fourier,logreg,linear,label_noise,0.2,3312308181,train_only,True,medium,True,ok,,0.7366666666666667,0.959675925925926,0.7926636974464382,0.3442494698060168,0.07930078331746523,0.327251576468776,1400,catboost,0.4154396009938047,True,utility_gap,
mfeat-fourier,logreg,linear,label_noise,0.3,429736086,train_only,True,medium,True,ok,,0.7216666666666667,0.9550864197530864,0.8855273289981437,0.3845796325584192,0.12161493605896526,0.3028333699342614,1400,catboost,0.4154396009938047,True,utility_gap;ece,
mfeat-fourier,logreg,linear,label_noise,0.4,3681262302,train_only,True,medium,True,ok,,0.685,0.937648148148148,1.100674786985193,0.4780169863577064,0.19837737833728286,0.2478462802770833,1400,catboost,0.4154396009938047,True,utility_gap;ece,
mfeat-fourier,tabicl,icl,label_noise,0.0,3191885808,train_only,True,medium,True,ok,,0.9,0.9929814814814817,0.233908543187878,0.10158518957652386,0.03487536090448819,0.44509288946466374,1000,catboost,0.4154396009938047,False,,
mfeat-fourier,tabicl,icl,label_noise,0.05,1846428605,train_only,True,medium,True,ok,,0.8966666666666666,0.9918734567901236,0.28506955571661724,0.12380413500633845,0.053052425951839885,0.4339039841842737,999,catboost,0.4154396009938047,False,,
mfeat-fourier,tabicl,icl,label_noise,0.1,1050737978,train_only,True,medium,True,ok,,0.8866666666666667,0.9906296296296297,0.34897899488175016,0.15155965177728725,0.10514205725758001,0.4132240633856682,1001,catboost,0.4154396009938047,True,ece,
mfeat-fourier,tabicl,icl,label_noise,0.2,3312308181,train_only,True,medium,True,ok,,0.8466666666666667,0.9878796296296297,0.43978630054429657,0.19099676354303305,0.12969704464658333,0.3895194323781438,998,catboost,0.4154396009938047,True,ece,
mfeat-fourier,tabicl,icl,label_noise,0.3,429736086,train_only,True,medium,True,ok,,0.8683333333333333,0.9870895061728395,0.5879499248467814,0.25534340799638877,0.2384885076054111,0.3514306032404949,999,catboost,0.4154396009938047,True,utility_gap;ece,
mfeat-fourier,tabicl,icl,label_noise,0.4,3681262302,train_only,True,medium,True,ok,,0.8633333333333333,0.9847129629629631,0.7276282573705605,0.3160049370529135,0.320113497153325,0.3153253564904979,999,catboost,0.4154396009938047,True,utility_gap;ece,
mfeat-fourier,xgboost,gbdt,label_noise,0.0,3191885808,train_only,True,medium,True,ok,,0.8583333333333333,0.9864413580246915,0.40785730839140216,0.17713017843829879,0.07156453918004108,0.40655251394114417,1400,catboost,0.4154396009938047,False,,
mfeat-fourier,xgboost,gbdt,label_noise,0.05,1846428605,train_only,True,medium,True,ok,,0.8633333333333333,0.9842345679012345,0.41896236377611085,0.18195304271310778,0.05606633966742158,0.40818291801801543,1400,catboost,0.4154396009938047,False,,
mfeat-fourier,xgboost,gbdt,label_noise,0.1,1050737978,train_only,True,medium,True,ok,,0.845,0.979824074074074,0.47084216481699515,0.2044841540274024,0.06109271887811422,0.3961246359420823,1400,catboost,0.4154396009938047,False,,
mfeat-fourier,xgboost,gbdt,label_noise,0.2,3312308181,train_only,True,medium,True,ok,,0.8116666666666666,0.9718796296296295,0.6012218608018917,0.2611073365458665,0.050691759324139316,0.3734373175417825,1400,catboost,0.4154396009938047,True,utility_gap,
mfeat-fourier,xgboost,gbdt,label_noise,0.3,429736086,train_only,True,medium,True,ok,,0.8033333333333333,0.9669074074074075,0.6565690303964227,0.28514430688973474,0.06691603069075411,0.3599910943875214,1400,catboost,0.4154396009938047,True,utility_gap,
mfeat-fourier,xgboost,gbdt,label_noise,0.4,3681262302,train_only,True,medium,True,ok,,0.725,0.953182098765432,0.8529399914535951,0.3704271316829031,0.04182765452593642,0.322870064157843,1400,catboost,0.4154396009938047,True,utility_gap,
mfeat-karhunen,catboost,gbdt,covariate_shift,0.0,2164447148,test_only,True,medium,True,ok,,0.9533333333333334,0.9977253086419754,0.18048909105586441,0.07838541628929548,0.028520106346454674,0.4629842118686118,1400,xgboost,0.46374598894991137,False,,
mfeat-karhunen,catboost,gbdt,covariate_shift,0.05,1116561384,test_only,True,low,True,ok,,0.9616666666666667,0.9982993827160493,0.16817841309442896,0.07303895678215608,0.0422945889882444,0.46328417911832154,1400,xgboost,0.46374598894991137,False,,
mfeat-karhunen,catboost,gbdt,covariate_shift,0.1,862709717,test_only,True,low,True,ok,,0.9333333333333333,0.9975617283950617,0.24097192804089507,0.1046527786417482,0.042201177394326175,0.44931053586688185,1400,xgboost,0.46374598894991137,False,,
mfeat-karhunen,catboost,gbdt,covariate_shift,0.2,507657375,test_only,True,low,True,ok,,0.805,0.9889969135802469,0.5538299589626127,0.24052529509016707,0.03853728948501385,0.3870338733290335,1400,xgboost,0.46374598894991137,True,utility_gap,
mfeat-karhunen,catboost,gbdt,covariate_shift,0.3,1459244195,test_only,True,low,True,ok,,0.685,0.9691604938271604,0.9622820655046554,0.4179137910831353,0.06943191878894599,0.3026956517567763,1400,xgboost,0.46374598894991137,True,utility_gap,
mfeat-karhunen,catboost,gbdt,covariate_shift,0.4,3297006782,test_only,True,low,True,ok,,0.38333333333333336,0.921,1.7319552621259933,0.7521786132446189,0.225971592713198,0.10900209748397471,1400,xgboost,0.46374598894991137,True,utility_gap;ece;nll,
mfeat-karhunen,hist_gbdt,gbdt,covariate_shift,0.0,2164447148,test_only,True,medium,True,ok,,0.955,0.9974043209876543,0.20135027220030272,0.08744531214630918,0.03002849143186133,0.46010222041541393,1400,xgboost,0.46374598894991137,False,,
mfeat-karhunen,hist_gbdt,gbdt,covariate_shift,0.05,1116561384,test_only,True,low,True,ok,,0.9466666666666667,0.9969197530864198,0.24557513806684134,0.10665192735505838,0.02832681694002024,0.4532609719857253,1400,xgboost,0.46374598894991137,False,,
mfeat-karhunen,hist_gbdt,gbdt,covariate_shift,0.1,862709717,test_only,True,low,True,ok,,0.9083333333333333,0.9943117283950619,0.34152686001872734,0.1483232307278776,0.045193046284249395,0.43072352646305845,1400,xgboost,0.46374598894991137,True,utility_gap,
mfeat-karhunen,hist_gbdt,gbdt,covariate_shift,0.2,507657375,test_only,True,low,True,ok,,0.8,0.9825030864197531,0.7644168640521678,0.33198202593164466,0.11304894475525512,0.3416716835163691,1400,xgboost,0.46374598894991137,True,utility_gap;ece,
mfeat-karhunen,hist_gbdt,gbdt,covariate_shift,0.3,1459244195,test_only,True,low,True,ok,,0.565,0.93704012345679,1.772287520571953,0.7696946905303951,0.27854900961458,0.12609583412784198,1400,xgboost,0.46374598894991137,True,utility_gap;ece;nll,
mfeat-karhunen,hist_gbdt,gbdt,covariate_shift,0.4,3297006782,test_only,True,low,True,ok,,0.345,0.8564135802469135,3.0152876894182987,1.3095228048651733,0.45359254108543495,-0.13208059659021926,1400,xgboost,0.46374598894991137,True,utility_gap;ece;nll,
mfeat-karhunen,logreg,linear,covariate_shift,0.0,2164447148,test_only,True,medium,True,ok,,0.95,0.9940432098765433,0.23564570670372662,0.10233963010562058,0.01920052753576843,0.4558731289179502,1400,xgboost,0.46374598894991137,False,,
mfeat-karhunen,logreg,linear,covariate_shift,0.05,1116561384,test_only,True,low,True,ok,,0.9416666666666667,0.9938641975308642,0.2533598284428132,0.11003277542866831,0.022445994902758816,0.4516034375266501,1400,xgboost,0.46374598894991137,False,,
mfeat-karhunen,logreg,linear,covariate_shift,0.1,862709717,test_only,True,low,True,ok,,0.925,0.993533950617284,0.2887910574782361,0.12542036268580276,0.029070194128257683,0.44304673508465703,1400,xgboost,0.46374598894991137,False,,
mfeat-karhunen,logreg,linear,covariate_shift,0.2,507657375,test_only,True,low,True,ok,,0.895,0.9921604938271603,0.42875426588116206,0.18620561176466835,0.03382106008193559,0.4188802772937185,1400,xgboost,0.46374598894991137,True,utility_gap,
mfeat-karhunen,logreg,linear,covariate_shift,0.3,1459244195,test_only,True,low,True,ok,,0.815,0.9897561728395061,0.7081710137499481,0.3075547635154343,0.08081514091059719,0.36023520325707736,1400,xgboost,0.46374598894991137,True,utility_gap,
mfeat-karhunen,logreg,linear,covariate_shift,0.4,3297006782,test_only,True,low,True,ok,,0.6933333333333334,0.9857191358024693,1.191553911802667,0.5174852887861322,0.1725623631677801,0.25924363826146857,1400,xgboost,0.46374598894991137,True,utility_gap;ece,
mfeat-karhunen,tabicl,icl,covariate_shift,0.0,2164447148,test_only,True,medium,True,ok,,0.9816666666666667,0.9996203703703704,0.07812351985468494,0.0339286135797488,0.011473073699890032,0.484643930815727,1000,xgboost,0.46374598894991137,False,,
mfeat-karhunen,tabicl,icl,covariate_shift,0.05,1116561384,test_only,True,low,True,ok,,0.98,0.999385802469136,0.09792975602462795,0.04253035265562764,0.013640102155653056,0.4812979046363786,1000,xgboost,0.46374598894991137,False,,
mfeat-karhunen,tabicl,icl,covariate_shift,0.1,862709717,test_only,True,low,True,ok,,0.975,0.9994722222222222,0.09962929543195126,0.04326845324200528,0.013906755412426513,0.4803033907226909,1000,xgboost,0.46374598894991137,False,,
mfeat-karhunen,tabicl,icl,covariate_shift,0.2,507657375,test_only,True,low,True,ok,,0.9616666666666667,0.9988765432098765,0.15290100483431834,0.06640406267700688,0.028357433482317222,0.46826408462389124,1000,xgboost,0.46374598894991137,False,,
mfeat-karhunen,tabicl,icl,covariate_shift,0.3,1459244195,test_only,True,low,True,ok,,0.8916666666666667,0.9960864197530863,0.5321075822414949,0.23109138674636198,0.2087123188882275,0.3713103671120261,1000,xgboost,0.46374598894991137,True,utility_gap;ece,
mfeat-karhunen,tabicl,icl,covariate_shift,0.4,3297006782,test_only,True,low,True,ok,,0.7916666666666666,0.9899722222222221,1.1769040414128051,0.5111229309152174,0.43181336920928326,0.22554072466135594,1000,xgboost,0.46374598894991137,True,utility_gap;ece,
mfeat-karhunen,xgboost,gbdt,covariate_shift,0.0,2164447148,test_only,True,medium,True,ok,,0.9566666666666667,0.9969475308641975,0.1920082970742088,0.08338814389896916,0.018346018414334784,0.46374598894991137,1400,xgboost,0.46374598894991137,False,,
mfeat-karhunen,xgboost,gbdt,covariate_shift,0.05,1116561384,test_only,True,low,True,ok,,0.9366666666666666,0.9967283950617285,0.22661853221276942,0.09841917803702008,0.018664043364213685,0.45609637618765614,1400,xgboost,0.46374598894991137,False,,
mfeat-karhunen,xgboost,gbdt,covariate_shift,0.1,862709717,test_only,True,low,True,ok,,0.895,0.9949259259259261,0.3219156006852498,0.13980616901617465,0.02815972945053949,0.43490027747911386,1400,xgboost,0.46374598894991137,False,,
mfeat-karhunen,xgboost,gbdt,covariate_shift,0.2,507657375,test_only,True,low,True,ok,,0.79,0.982780864197531,0.6587907938723518,0.286109206507425,0.06413960095750791,0.36381262032540673,1400,xgboost,0.46374598894991137,True,utility_gap,
mfeat-karhunen,xgboost,gbdt,covariate_shift,0.3,1459244195,test_only,True,low,True,ok,,0.5583333333333333,0.9371759259259258,1.3637956633059674,0.5922889310173667,0.18207881523587646,0.1976591317216887,1400,xgboost,0.46374598894991137,True,utility_gap;ece,
mfeat-karhunen,xgboost,gbdt,covariate_shift,0.4,3297006782,test_only,True,low,True,ok,,0.32166666666666666,0.8575432098765432,2.1928783086162547,0.9523549489173754,0.34634431393436826,-0.006585224005296139,1400,xgboost,0.46374598894991137,True,utility_gap;ece;nll,
mfeat-karhunen,catboost,gbdt,label_noise,0.0,2526243509,train_only,True,medium,True,ok,,0.9533333333333334,0.9977253086419754,0.18048909105586441,0.07838541628929548,0.028520106346454674,0.4629842118686118,1400,xgboost,0.46374598894991137,False,,
mfeat-karhunen,catboost,gbdt,label_noise,0.05,673427832,train_only,True,medium,True,ok,,0.9516666666666667,0.9973333333333334,0.2337385709775728,0.10151137158351142,0.08318974903551679,0.4447253053845099,1400,xgboost,0.46374598894991137,False,,
mfeat-karhunen,catboost,gbdt,label_noise,0.1,1475895185,train_only,True,medium,True,ok,,0.9366666666666666,0.9966666666666667,0.304915157529255,0.13242297036361622,0.12024978950479534,0.4255564843232893,1400,xgboost,0.46374598894991137,True,utility_gap;ece,
mfeat-karhunen,catboost,gbdt,label_noise,0.2,4249104405,train_only,True,medium,True,ok,,0.9216666666666666,0.993533950617284,0.45294523097815226,0.19671161441820534,0.19686526660861697,0.3876003450688643,1400,xgboost,0.46374598894991137,True,utility_gap;ece,
mfeat-karhunen,catboost,gbdt,label_noise,0.3,2482647834,train_only,True,medium,True,ok,,0.8883333333333333,0.986354938271605,0.6166543346798479,0.26780957479317896,0.2401564510933352,0.350100065738441,1400,xgboost,0.46374598894991137,True,utility_gap;ece,
mfeat-karhunen,catboost,gbdt,label_noise,0.4,2641814170,train_only,True,medium,True,ok,,0.845,0.9801728395061728,0.7712726766558479,0.3349594675143857,0.27523195716961146,0.3142762621389224,1400,xgboost,0.46374598894991137,True,utility_gap;ece,
mfeat-karhunen,hist_gbdt,gbdt,label_noise,0.0,2526243509,train_only,True,medium,True,ok,,0.955,0.9974043209876543,0.20135027220030272,0.08744531214630918,0.03002849143186133,0.46010222041541393,1400,xgboost,0.46374598894991137,False,,
mfeat-karhunen,hist_gbdt,gbdt,label_noise,0.05,673427832,train_only,True,medium,True,ok,,0.955,0.9977592592592591,0.17252603736157104,0.07492710601076456,0.019174006825672524,0.46615280757237676,1400,xgboost,0.46374598894991137,False,,
mfeat-karhunen,hist_gbdt,gbdt,label_noise,0.1,1475895185,train_only,True,medium,True,ok,,0.9416666666666667,0.9955432098765431,0.2268303167309255,0.0985111548846078,0.0246411583174706,0.4552085453279136,1400,xgboost,0.46374598894991137,False,,
mfeat-karhunen,hist_gbdt,gbdt,label_noise,0.2,4249104405,train_only,True,medium,True,ok,,0.9233333333333333,0.9938456790123456,0.27969020468768857,0.12146791253825415,0.023748810580194367,0.4451558517768058,1400,xgboost,0.46374598894991137,False,,
mfeat-karhunen,hist_gbdt,gbdt,label_noise,0.3,2482647834,train_only,True,medium,True,ok,,0.9,0.9878425925925927,0.40098894116574096,0.174147284452509,0.030732290707233857,0.422354263930208,1400,xgboost,0.46374598894991137,True,utility_gap,
mfeat-karhunen,hist_gbdt,gbdt,label_noise,0.4,2641814170,train_only,True,medium,True,ok,,0.8616666666666667,0.9824444444444443,0.4949303840515327,0.21494553471983782,0.03771834319373795,0.4010782265008566,1400,xgboost,0.46374598894991137,True,utility_gap,
mfeat-karhunen,logreg,linear,label_noise,0.0,2526243509,train_only,True,medium,True,ok,,0.95,0.9940432098765433,0.23564570670372662,0.10233963010562058,0.01920052753576843,0.4558731289179502,1400,xgboost,0.46374598894991137,False,,
mfeat-karhunen,logreg,linear,label_noise,0.05,673427832,train_only,True,medium,True,ok,,0.8983333333333333,0.990962962962963,0.34902067990453495,0.1515777553526607,0.03527620170488693,0.42905847009026143,1400,xgboost,0.46374598894991137,True,utility_gap,
mfeat-karhunen,logreg,linear,label_noise,0.1,1475895185,train_only,True,medium,True,ok,,0.8833333333333333,0.989929012345679,0.4021555213444135,0.1746539237868042,0.08613413683514601,0.4093521498179171,1400,xgboost,0.46374598894991137,True,utility_gap,
mfeat-karhunen,logreg,linear,label_noise,0.2,4249104405,train_only,True,medium,True,ok,,0.865,0.9855246913580246,0.5465056193956677,0.2373443748326572,0.1642233635423616,0.3706356568170391,1400,xgboost,0.46374598894991137,True,utility_gap;ece,
mfeat-karhunen,logreg,linear,label_noise,0.3,2482647834,train_only,True,medium,True,ok,,0.865,0.9793209876543211,0.7095206310461045,0.3081408948598362,0.2524181046913021,0.3295864562828011,1400,xgboost,0.46374598894991137,True,utility_gap;ece,
mfeat-karhunen,logreg,linear,label_noise,0.4,2641814170,train_only,True,medium,True,ok,,0.8233333333333334,0.9680555555555556,0.875819563306798,0.38036360348705806,0.29493469430714253,0.2892234245368985,1400,xgboost,0.46374598894991137,True,utility_gap;ece,
mfeat-karhunen,tabicl,icl,label_noise,0.0,2526243509,train_only,True,medium,True,ok,,0.9816666666666667,0.9996203703703704,0.07812351985468494,0.0339286135797488,0.011473073699890032,0.484643930815727,1000,xgboost,0.46374598894991137,False,,
mfeat-karhunen,tabicl,icl,label_noise,0.05,673427832,train_only,True,medium,True,ok,,0.98,0.9992993827160493,0.11006734516075428,0.047801640641056166,0.03577427742984341,0.4752594362723317,1001,xgboost,0.46374598894991137,False,,
mfeat-karhunen,tabicl,icl,label_noise,0.1,1475895185,train_only,True,medium,True,ok,,0.9733333333333334,0.9989290123456789,0.14771366611154887,0.06415123009394504,0.06495346548507053,0.4633890921957899,999,xgboost,0.46374598894991137,False,,
mfeat-karhunen,tabicl,icl,label_noise,0.2,4249104405,train_only,True,medium,True,ok,,0.97,0.9955,0.2779009465993776,0.12069084762379993,0.15941038164648097,0.42583566938356376,1001,xgboost,0.46374598894991137,True,utility_gap;ece,
mfeat-karhunen,tabicl,icl,label_noise,0.3,2482647834,train_only,True,medium,True,ok,,0.96,0.9961975308641977,0.4308259046475994,0.18710531304942893,0.26781296109877134,0.3829749496678862,999,xgboost,0.46374598894991137,True,utility_gap;ece,
mfeat-karhunen,tabicl,icl,label_noise,0.4,2641814170,train_only,True,medium,True,ok,,0.9583333333333334,0.9933456790123458,0.5779654747209966,0.2510072164019222,0.35586298692666335,0.3449462253484117,999,xgboost,0.46374598894991137,True,utility_gap;ece,
mfeat-karhunen,xgboost,gbdt,label_noise,0.0,2526243509,train_only,True,medium,True,ok,,0.9566666666666667,0.9969475308641975,0.1920082970742088,0.08338814389896916,0.018346018414334784,0.46374598894991137,1400,xgboost,0.46374598894991137,False,,
mfeat-karhunen,xgboost,gbdt,label_noise,0.05,673427832,train_only,True,medium,True,ok,,0.9416666666666667,0.9968055555555555,0.20504910656617487,0.08905169550088157,0.018613793805834392,0.45969367703301306,1400,xgboost,0.46374598894991137,False,,
mfeat-karhunen,xgboost,gbdt,label_noise,0.1,1475895185,train_only,True,medium,True,ok,,0.935,0.9953117283950617,0.23834507674371205,0.10351195161860122,0.030154333305826463,0.4515246527915259,1400,xgboost,0.46374598894991137,False,,
mfeat-karhunen,xgboost,gbdt,label_noise,0.2,4249104405,train_only,True,medium,True,ok,,0.9083333333333333,0.9933641975308642,0.3202775762188913,0.13909478402921263,0.04177872550926806,0.433843288825185,1400,xgboost,0.46374598894991137,False,,
mfeat-karhunen,xgboost,gbdt,label_noise,0.3,2482647834,train_only,True,medium,True,ok,,0.88,0.987753086419753,0.4312823107533787,0.18730352770267583,0.06714758810582515,0.4080930043149458,1400,xgboost,0.46374598894991137,True,utility_gap,
mfeat-karhunen,xgboost,gbdt,label_noise,0.4,2641814170,train_only,True,medium,True,ok,,0.8416666666666667,0.9814166666666667,0.5554699854655627,0.24123754955057336,0.08176764074276702,0.38102104031960793,1400,xgboost,0.46374598894991137,True,utility_gap,
mfeat-morphological,catboost,gbdt,covariate_shift,0.0,992237739,test_only,False,high,True,ok,,0.7033333333333334,0.9621604938271604,0.6787069461235501,0.29475868153086543,0.11041604351790035,0.3317453596766664,1400,catboost,0.3317453596766664,True,ece,
mfeat-morphological,catboost,gbdt,covariate_shift,0.05,3497345983,test_only,False,low,True,ok,,0.73,0.9645432098765433,0.6780435570266097,0.2944705753067094,0.0683243313354843,0.3450840845976805,1400,catboost,0.3317453596766664,False,,
mfeat-morphological,catboost,gbdt,covariate_shift,0.1,1408146462,test_only,False,low,True,ok,,0.6666666666666666,0.951601851851852,0.8118174691398118,0.35256784716008366,0.08595298641085888,0.3100996967179513,1400,catboost,0.3317453596766664,False,,
mfeat-morphological,catboost,gbdt,covariate_shift,0.2,32762534,test_only,False,low,True,ok,,0.4716666666666667,0.89954012345679,1.4344159992888441,0.6229589532448837,0.19064844921314672,0.160571667393782,1400,catboost,0.3317453596766664,True,utility_gap;ece,
mfeat-morphological,catboost,gbdt,covariate_shift,0.3,4235722357,test_only,False,low,True,ok,,0.255,0.707287037037037,2.6923693038723755,1.169281131917472,0.23352533715043122,-0.11168894404236497,1400,catboost,0.3317453596766664,True,utility_gap;ece;nll,
mfeat-morphological,catboost,gbdt,covariate_shift,0.4,2431469896,test_only,False,low,True,ok,,0.17166666666666666,0.6304135802469137,3.1876289410943346,1.3843696594723751,0.3959768433548468,-0.24811151342626214,1400,catboost,0.3317453596766664,True,utility_gap;ece;nll,
mfeat-morphological,hist_gbdt,gbdt,covariate_shift,0.0,992237739,test_only,False,high,True,ok,,0.685,0.9570432098765431,1.1877569490929711,0.5158362888333189,0.24172420839868894,0.2346193951270566,1400,catboost,0.3317453596766664,True,utility_gap;ece,
mfeat-morphological,hist_gbdt,gbdt,covariate_shift,0.05,3497345983,test_only,False,low,True,ok,,0.7116666666666667,0.9556759259259259,1.1573320590095653,0.5026229269575828,0.18488986943258745,0.2534717221002818,1400,catboost,0.3317453596766664,True,utility_gap;ece,
mfeat-morphological,hist_gbdt,gbdt,covariate_shift,0.1,1408146462,test_only,False,low,True,ok,,0.6566666666666666,0.9411018518518519,1.4735416559073513,0.6399510100151429,0.23488400087443823,0.1889235449687176,1400,catboost,0.3317453596766664,True,utility_gap;ece,
mfeat-morphological,hist_gbdt,gbdt,covariate_shift,0.2,32762534,test_only,False,low,True,ok,,0.43833333333333335,0.8512808641975308,3.4365994688590837,1.492496185837146,0.4039354604959351,-0.16483764538119497,1400,catboost,0.3317453596766664,True,utility_gap;ece;nll,
mfeat-morphological,hist_gbdt,gbdt,covariate_shift,0.3,4235722357,test_only,False,low,True,ok,,0.27166666666666667,0.6231265432098766,5.674138664745442,2.4642471116528304,0.5193787621563675,-0.5843055958036658,1400,catboost,0.3317453596766664,True,utility_gap;ece;nll,
mfeat-morphological,hist_gbdt,gbdt,covariate_shift,0.4,2431469896,test_only,False,low,True,ok,,0.24166666666666667,0.5747037037037037,6.542140860573257,2.8412156755807563,0.5701013727150261,-0.7289886809209357,1400,catboost,0.3317453596766664,True,utility_gap;ece;nll,
mfeat-morphological,logreg,linear,covariate_shift,0.0,992237739,test_only,False,high,True,ok,,0.7266666666666667,0.9631913580246915,0.6759055048419136,0.29354203104087473,0.06355426863653867,0.34534351226907184,1400,catboost,0.3317453596766664,False,,
mfeat-morphological,logreg,linear,covariate_shift,0.05,3497345983,test_only,False,low,True,ok,,0.7333333333333333,0.9617808641975308,0.6983034835872157,0.30326934961574575,0.06325976593970167,0.34299054439647175,1400,catboost,0.3317453596766664,False,,
mfeat-morphological,logreg,linear,covariate_shift,0.1,1408146462,test_only,False,low,True,ok,,0.71,0.9580123456790123,0.7743356586578125,0.3362897036960079,0.06657458207965594,0.3276024934629207,1400,catboost,0.3317453596766664,False,,
mfeat-morphological,logreg,linear,covariate_shift,0.2,32762534,test_only,False,low,True,ok,,0.5133333333333333,0.9464537037037036,1.14045488040729,0.495293261420519,0.09159528690784491,0.2413517604885716,1400,catboost,0.3317453596766664,True,utility_gap,
mfeat-morphological,logreg,linear,covariate_shift,0.3,4235722357,test_only,False,low,True,ok,,0.3883333333333333,0.9251358024691358,1.7908430458420181,0.7777532527640006,0.24991051488372268,0.0987394520582528,1400,catboost,0.3317453596766664,True,utility_gap;ece;nll,
mfeat-morphological,logreg,linear,covariate_shift,0.4,2431469896,test_only,False,low,True,ok,,0.3616666666666667,0.9114783950617283,2.591618446770233,1.1255255906309884,0.29949886318244234,-0.02429001155418007,1400,catboost,0.3317453596766664,True,utility_gap;ece;nll,
mfeat-morphological,tabicl,icl,covariate_shift,0.0,992237739,test_only,False,high,True,ok,,0.755,0.969287037037037,0.622139646609453,0.2701918154957245,0.028757788247818755,0.3656913606646818,1000,catboost,0.3317453596766664,False,,
mfeat-morphological,tabicl,icl,covariate_shift,0.05,3497345983,test_only,False,low,True,ok,,0.725,0.9649197530864196,0.8447064034832483,0.3668513298611165,0.18618785547304753,0.2991789435273024,1000,catboost,0.3317453596766664,True,utility_gap;ece,
mfeat-morphological,tabicl,icl,covariate_shift,0.1,1408146462,test_only,False,low,True,ok,,0.5416666666666666,0.9553117283950616,1.162701745829966,0.5049549523132314,0.08642126284520533,0.24683836667526107,1000,catboost,0.3317453596766664,True,utility_gap,
mfeat-morphological,tabicl,icl,covariate_shift,0.2,32762534,test_only,False,low,True,ok,,0.37166666666666665,0.9158487654320988,1.6574583194966956,0.7198250021420518,0.11265098820325384,0.1378193696179682,1000,catboost,0.3317453596766664,True,utility_gap;ece,
mfeat-morphological,tabicl,icl,covariate_shift,0.3,4235722357,test_only,False,low,True,ok,,0.22666666666666666,0.7419012345679012,2.3146475145976946,1.005238643140855,0.2031515772107919,-0.04853647628564949,1000,catboost,0.3317453596766664,True,utility_gap;ece;nll,
mfeat-morphological,tabicl,icl,covariate_shift,0.4,2431469896,test_only,False,low,True,ok,,0.22833333333333333,0.7554506172839507,2.2269549506621154,0.9671542465196851,0.1804601765325168,-0.02758059321302616,1000,catboost,0.3317453596766664,True,utility_gap;ece;nll,
mfeat-morphological,xgboost,gbdt,covariate_shift,0.0,992237739,test_only,False,high,True,ok,,0.6916666666666667,0.9536358024691358,1.115262156869328,0.4843522006038679,0.22878069823771316,0.2464607310354945,1400,catboost,0.3317453596766664,True,utility_gap;ece,
mfeat-morphological,xgboost,gbdt,covariate_shift,0.05,3497345983,test_only,False,low,True,ok,,0.705,0.9530185185185186,1.031132836574607,0.4478153010335994,0.1779398488022097,0.2693739214109598,1400,catboost,0.3317453596766664,True,utility_gap;ece,
mfeat-morphological,xgboost,gbdt,covariate_shift,0.1,1408146462,test_only,False,low,True,ok,,0.6633333333333333,0.937675925925926,1.256707052947684,0.5457809384640768,0.21748127674785028,0.22045603718528098,1400,catboost,0.3317453596766664,True,utility_gap;ece,
mfeat-morphological,xgboost,gbdt,covariate_shift,0.2,32762534,test_only,False,low,True,ok,,0.5966666666666667,0.9023148148148149,1.7561043142219812,0.7626664133131006,0.2458186459739763,0.12734653199645982,1400,catboost,0.3317453596766664,True,utility_gap;ece;nll,
mfeat-morphological,xgboost,gbdt,covariate_shift,0.3,4235722357,test_only,False,low,True,ok,,0.22833333333333333,0.768395061728395,3.888727795188629,1.6888530230742202,0.5631811830820045,-0.3161038719337287,1400,catboost,0.3317453596766664,True,utility_gap;ece;nll,
mfeat-morphological,xgboost,gbdt,covariate_shift,0.4,2431469896,test_only,False,low,True,ok,,0.22833333333333333,0.7085956790123457,4.611039683964024,2.0025490905824896,0.5783997713262622,-0.43418619378567835,1400,catboost,0.3317453596766664,True,utility_gap;ece;nll,
mfeat-morphological,catboost,gbdt,label_noise,0.0,4008918659,train_only,False,high,True,ok,,0.7033333333333334,0.9621604938271604,0.6787069461235501,0.29475868153086543,0.11041604351790035,0.3317453596766664,1400,catboost,0.3317453596766664,True,ece,
mfeat-morphological,catboost,gbdt,label_noise,0.05,1027470083,train_only,False,high,True,ok,,0.705,0.9578765432098766,0.7008408358522151,0.3043713077030797,0.07387624069984917,0.33492014967256306,1400,catboost,0.3317453596766664,False,,
mfeat-morphological,catboost,gbdt,label_noise,0.1,2746920876,train_only,False,high,True,ok,,0.6983333333333334,0.9554753086419753,0.741320788815976,0.32195152790294423,0.05920743806388237,0.3307394120410316,1400,catboost,0.3317453596766664,False,,
mfeat-morphological,catboost,gbdt,label_noise,0.2,3615581891,train_only,False,high,True,ok,,0.7016666666666667,0.9532314814814816,0.815830814529231,0.35431082091668026,0.05698574168952044,0.3211906239056104,1400,catboost,0.3317453596766664,False,,
mfeat-morphological,catboost,gbdt,label_noise,0.3,3280676974,train_only,False,high,True,ok,,0.695,0.947324074074074,0.9277744737489045,0.4029273343998426,0.11840429466259061,0.291254366673455,1400,catboost,0.3317453596766664,True,utility_gap;ece,
mfeat-morphological,catboost,gbdt,label_noise,0.4,2043319680,train_only,False,high,True,ok,,0.6583333333333333,0.9400154320987655,1.066107543785707,0.46300462338156195,0.1572034874838214,0.25741331672333506,1400,catboost,0.3317453596766664,True,utility_gap;ece,
mfeat-morphological,hist_gbdt,gbdt,label_noise,0.0,4008918659,train_only,False,high,True,ok,,0.685,0.9570432098765431,1.1877569490929711,0.5158362888333189,0.24172420839868894,0.2346193951270566,1400,catboost,0.3317453596766664,True,utility_gap;ece,
mfeat-morphological,hist_gbdt,gbdt,label_noise,0.05,1027470083,train_only,False,high,True,ok,,0.665,0.9484135802469135,1.2180479312286652,0.5289914952262808,0.23493089971831171,0.2260111245748731,1400,catboost,0.3317453596766664,True,utility_gap;ece,
mfeat-morphological,hist_gbdt,gbdt,label_noise,0.1,2746920876,train_only,False,high,True,ok,,0.6316666666666667,0.9431666666666665,1.1758809884173758,0.5106786246446078,0.23853177850827423,0.22394839023829602,1400,catboost,0.3317453596766664,True,utility_gap;ece,
mfeat-morphological,hist_gbdt,gbdt,label_noise,0.2,3615581891,train_only,False,high,True,ok,,0.6333333333333333,0.9318055555555557,1.2376686458981774,0.5375126633382481,0.1986365179593919,0.22015084185109168,1400,catboost,0.3317453596766664,True,utility_gap;ece,
mfeat-morphological,hist_gbdt,gbdt,label_noise,0.3,3280676974,train_only,False,high,True,ok,,0.5716666666666667,0.9115277777777777,1.3119392026715464,0.5697679563128045,0.18591185854819803,0.1966719636187412,1400,catboost,0.3317453596766664,True,utility_gap;ece,
mfeat-morphological,hist_gbdt,gbdt,label_noise,0.4,2043319680,train_only,False,high,True,ok,,0.5183333333333333,0.88795987654321,1.4868292720069727,0.6457217483648572,0.1760681870340086,0.15960579487386456,1400,catboost,0.3317453596766664,True,utility_gap;ece,
mfeat-morphological,logreg,linear,label_noise,0.0,4008918659,train_only,False,high,True,ok,,0.7266666666666667,0.9631913580246915,0.6759055048419136,0.29354203104087473,0.06355426863653867,0.34534351226907184,1400,catboost,0.3317453596766664,False,,
mfeat-morphological,logreg,linear,label_noise,0.05,1027470083,train_only,False,high,True,ok,,0.725,0.9635586419753087,0.7095032540862234,0.3081333481420476,0.08888915267564157,0.33577768971361543,1400,catboost,0.3317453596766664,False,,
mfeat-morphological,logreg,linear,label_noise,0.1,2746920876,train_only,False,high,True,ok,,0.74,0.9633950617283951,0.7972964890442337,0.3462614656327471,0.16226469824289685,0.31185689226653474,1400,catboost,0.3317453596766664,True,ece,
mfeat-morphological,logreg,linear,label_noise,0.2,3615581891,train_only,False,high,True,ok,,0.7366666666666667,0.9597623456790123,0.9580074260487684,0.4160573387553177,0.24574496478628577,0.2724506264038018,1400,catboost,0.3317453596766664,True,utility_gap;ece,
mfeat-morphological,logreg,linear,label_noise,0.3,3280676974,train_only,False,high,True,ok,,0.7233333333333334,0.9569166666666666,1.1017270222842508,0.47847396634175104,0.30513485277636626,0.2388516728755347,1400,catboost,0.3317453596766664,True,utility_gap;ece,
mfeat-morphological,logreg,linear,label_noise,0.4,2043319680,train_only,False,high,True,ok,,0.7033333333333334,0.9435154320987655,1.2872566836063122,0.5590484744833014,0.35739416978598204,0.19653702493238107,1400,catboost,0.3317453596766664,True,utility_gap;ece,
mfeat-morphological,tabicl,icl,label_noise,0.0,4008918659,train_only,False,high,True,ok,,0.755,0.969287037037037,0.622139646609453,0.2701918154957245,0.028757788247818755,0.3656913606646818,1000,catboost,0.3317453596766664,False,,
mfeat-morphological,tabicl,icl,label_noise,0.05,1027470083,train_only,False,high,True,ok,,0.7466666666666667,0.9663024691358025,0.6094100142143333,0.2646634063898672,0.03406380746689289,0.36399408078719214,1000,catboost,0.3317453596766664,False,,
mfeat-morphological,tabicl,icl,label_noise,0.1,2746920876,train_only,False,high,True,ok,,0.7533333333333333,0.9644598765432099,0.6418862606952005,0.27876766102943773,0.03933845553370425,0.3590629673745513,1001,catboost,0.3317453596766664,False,,
mfeat-morphological,tabicl,icl,label_noise,0.2,3615581891,train_only,False,high,True,ok,,0.7516666666666667,0.9656697530864198,0.7185242855663718,0.3120511323349516,0.11025551368251013,0.3350679711432594,999,catboost,0.3317453596766664,True,ece,
mfeat-morphological,tabicl,icl,label_noise,0.3,3280676974,train_only,False,high,True,ok,,0.7566666666666667,0.9631944444444445,0.8027330287560572,0.34862252483024,0.1744703755508456,0.3111372229963144,999,catboost,0.3317453596766664,True,ece,
mfeat-morphological,tabicl,icl,label_noise,0.4,2043319680,train_only,False,high,True,ok,,0.725,0.9592006172839506,0.9593352161519991,0.4166339906702765,0.2366882648339357,0.2721423658815126,1002,catboost,0.3317453596766664,True,utility_gap;ece,
mfeat-morphological,xgboost,gbdt,label_noise,0.0,4008918659,train_only,False,high,True,ok,,0.6916666666666667,0.9536358024691358,1.115262156869328,0.4843522006038679,0.22878069823771316,0.2464607310354945,1400,catboost,0.3317453596766664,True,utility_gap;ece,
mfeat-morphological,xgboost,gbdt,label_noise,0.05,1027470083,train_only,False,high,True,ok,,0.6683333333333333,0.9469691358024692,1.1437463439277202,0.4967227258648277,0.22245740210858256,0.23818089934969938,1400,catboost,0.3317453596766664,True,utility_gap;ece,
mfeat-morphological,xgboost,gbdt,label_noise,0.1,2746920876,train_only,False,high,True,ok,,0.645,0.9384228395061728,1.172610493544107,0.5092582667680543,0.22477186007442818,0.2274661417818585,1400,catboost,0.3317453596766664,True,utility_gap;ece,
mfeat-morphological,xgboost,gbdt,label_noise,0.2,3615581891,train_only,False,high,True,ok,,0.63,0.9278487654320988,1.2434922524106309,0.5400418235113825,0.20593184387895475,0.21604815207202888,1400,catboost,0.3317453596766664,True,utility_gap;ece,
mfeat-morphological,xgboost,gbdt,label_noise,0.3,3280676974,train_only,False,high,True,ok,,0.5583333333333333,0.9001296296296296,1.4191861051434023,0.6163446942575477,0.21406724042025646,0.17107851400905474,1400,catboost,0.3317453596766664,True,utility_gap;ece,
mfeat-morphological,xgboost,gbdt,label_noise,0.4,2043319680,train_only,False,high,True,ok,,0.5166666666666667,0.8787283950617285,1.5790279240002074,0.6857631141644374,0.18489094811523135,0.1423478143992275,1400,catboost,0.3317453596766664,True,utility_gap;ece,
mfeat-zernike,catboost,gbdt,covariate_shift,0.0,2901604082,test_only,True,medium,True,ok,,0.805,0.9745987654320988,0.5350472554114986,0.2323680705826936,0.08497745769405748,0.3751536551876149,1400,catboost,0.3751536551876149,False,,
mfeat-zernike,catboost,gbdt,covariate_shift,0.05,1368474266,test_only,True,low,True,ok,,0.795,0.9766728395061728,0.5035695856001966,0.21869749228047258,0.054385921244318215,0.38459906189415505,1400,catboost,0.3751536551876149,False,,
mfeat-zernike,catboost,gbdt,covariate_shift,0.1,3704414058,test_only,True,low,True,ok,,0.7566666666666667,0.975601851851852,0.5625984737392632,0.24433341267215353,0.05498036356161929,0.3706645516341783,1400,catboost,0.3751536551876149,False,,
mfeat-zernike,catboost,gbdt,covariate_shift,0.2,1693765375,test_only,True,low,True,ok,,0.685,0.9629166666666666,0.8582261657663502,0.37272288801731135,0.04891286122848358,0.3181713946824432,1400,catboost,0.3751536551876149,True,utility_gap,
mfeat-zernike,catboost,gbdt,covariate_shift,0.3,3664228838,test_only,True,low,True,ok,,0.47,0.9092006172839504,1.6010726957102388,0.6953370368729208,0.1497312216533381,0.15017286065683877,1400,catboost,0.3751536551876149,True,utility_gap;ece,
mfeat-zernike,catboost,gbdt,covariate_shift,0.4,2237469444,test_only,True,low,True,ok,,0.30666666666666664,0.8504845679012346,2.409774437841206,1.0465517409859464,0.27381428723992474,-0.025058780978336775,1400,catboost,0.3751536551876149,True,utility_gap;ece;nll,
mfeat-zernike,hist_gbdt,gbdt,covariate_shift,0.0,2901604082,test_only,True,medium,True,ok,,0.7816666666666666,0.9659166666666668,0.9940313940162404,0.4317023492598503,0.16931904096982267,0.29194632036141366,1400,catboost,0.3751536551876149,True,utility_gap;ece,
mfeat-zernike,hist_gbdt,gbdt,covariate_shift,0.05,1368474266,test_only,True,low,True,ok,,0.795,0.9719074074074076,0.7776243597089804,0.33771796841515955,0.14156460770308193,0.3297892805274284,1400,catboost,0.3751536551876149,True,utility_gap;ece,
mfeat-zernike,hist_gbdt,gbdt,covariate_shift,0.1,3704414058,test_only,True,low,True,ok,,0.7783333333333333,0.9726975308641975,0.7383292514274236,0.32065231972268865,0.14381509594310385,0.33223542069704176,1400,catboost,0.3751536551876149,True,utility_gap;ece,
mfeat-zernike,hist_gbdt,gbdt,covariate_shift,0.2,1693765375,test_only,True,low,True,ok,,0.715,0.9567006172839505,1.0649713930793687,0.4625111993991887,0.15684579457729858,0.27197269731416635,1400,catboost,0.3751536551876149,True,utility_gap;ece,
mfeat-zernike,hist_gbdt,gbdt,covariate_shift,0.3,3664228838,test_only,True,low,True,ok,,0.5683333333333334,0.9098549382716048,1.7568255405731517,0.7629796379376171,0.23188778871787286,0.12842777927020196,1400,catboost,0.3751536551876149,True,utility_gap;ece;nll,
mfeat-zernike,hist_gbdt,gbdt,covariate_shift,0.4,2237469444,test_only,True,low,True,ok,,0.40166666666666667,0.8389876543209877,2.3997372213466006,1.042192633248671,0.29019329684528405,-0.016800770331312477,1400,catboost,0.3751536551876149,True,utility_gap;ece;nll,
mfeat-zernike,logreg,linear,covariate_shift,0.0,2901604082,test_only,True,medium,True,ok,,0.8116666666666666,0.979358024691358,0.42264217048826025,0.18355116246266479,0.06090332719726945,0.39727929446372195,1400,catboost,0.3751536551876149,False,,
mfeat-zernike,logreg,linear,covariate_shift,0.05,1368474266,test_only,True,low,True,ok,,0.8166666666666667,0.9781666666666666,0.44106641445552686,0.19155270995088797,0.03721999571515777,0.3999485212050354,1400,catboost,0.3751536551876149,False,,
mfeat-zernike,logreg,linear,covariate_shift,0.1,3704414058,test_only,True,low,True,ok,,0.7966666666666666,0.975172839506173,0.5282067012447139,0.22939725565489874,0.04996582730241302,0.3819981516702083,1400,catboost,0.3751536551876149,False,,
mfeat-zernike,logreg,linear,covariate_shift,0.2,1693765375,test_only,True,low,True,ok,,0.6916666666666667,0.9626975308641976,0.9514016975280458,0.41318850730981693,0.1271681946403909,0.29130394468144594,1400,catboost,0.3751536551876149,True,utility_gap;ece,
mfeat-zernike,logreg,linear,covariate_shift,0.3,3664228838,test_only,True,low,True,ok,,0.585,0.9464722222222223,1.7564925906883202,0.7628350396398845,0.22911264354470612,0.14434223717687117,1400,catboost,0.3751536551876149,True,utility_gap;ece;nll,
mfeat-zernike,logreg,linear,covariate_shift,0.4,2237469444,test_only,True,low,True,ok,,0.44333333333333336,0.9267932098765431,3.0240060088987963,1.313309122907023,0.3852423715495917,-0.08016358772523519,1400,catboost,0.3751536551876149,True,utility_gap;ece;nll,
mfeat-zernike,tabicl,icl,covariate_shift,0.0,2901604082,test_only,True,medium,True,ok,,0.865,0.9868395061728394,0.27304682538650854,0.11858272956656138,0.02826499714376474,0.4339160088617724,1000,catboost,0.3751536551876149,False,,
mfeat-zernike,tabicl,icl,covariate_shift,0.05,1368474266,test_only,True,low,True,ok,,0.8616666666666667,0.9865216049382715,0.28387103787431905,0.12328362532096576,0.023966360783123846,0.4327542019754805,1000,catboost,0.3751536551876149,False,,
mfeat-zernike,tabicl,icl,covariate_shift,0.1,3704414058,test_only,True,low,True,ok,,0.8216666666666667,0.983604938271605,0.3907023965905672,0.16967989490565918,0.029197592886652822,0.4107682413460334,1000,catboost,0.3751536551876149,False,,
mfeat-zernike,tabicl,icl,covariate_shift,0.2,1693765375,test_only,True,low,True,ok,,0.6366666666666667,0.9554537037037036,0.9900453281435113,0.42997122284682116,0.050956665114582696,0.29072609641933345,1000,catboost,0.3751536551876149,True,utility_gap,
mfeat-zernike,tabicl,icl,covariate_shift,0.3,3664228838,test_only,True,low,True,ok,,0.5333333333333333,0.9419351851851852,1.3497375965847298,0.5861835902141055,0.05664612839026045,0.22249301207253105,1000,catboost,0.3751536551876149,True,utility_gap,
mfeat-zernike,tabicl,icl,covariate_shift,0.4,2237469444,test_only,True,low,True,ok,,0.47833333333333333,0.9353796296296297,1.5033567966568888,0.6528995611198358,0.0553581384024944,0.19219137435392075,1000,catboost,0.3751536551876149,True,utility_gap,
mfeat-zernike,xgboost,gbdt,covariate_shift,0.0,2901604082,test_only,True,medium,True,ok,,0.7733333333333333,0.9657654320987655,0.8245137145148081,0.35808175646733426,0.12751010776879448,0.32109135274060874,1400,catboost,0.3751536551876149,True,utility_gap;ece,
mfeat-zernike,xgboost,gbdt,covariate_shift,0.05,1368474266,test_only,True,low,True,ok,,0.77,0.9723950617283951,0.6482532549916832,0.2815328115187096,0.11791016290748646,0.34779639556782804,1400,catboost,0.3751536551876149,True,ece,
mfeat-zernike,xgboost,gbdt,covariate_shift,0.1,3704414058,test_only,True,low,True,ok,,0.7716666666666666,0.9728209876543209,0.6568795121309482,0.28527914739377097,0.09434205707200563,0.3517851900464799,1400,catboost,0.3751536551876149,False,,
mfeat-zernike,xgboost,gbdt,covariate_shift,0.2,1693765375,test_only,True,low,True,ok,,0.705,0.956780864197531,0.9196260409077429,0.39938851498076683,0.09606919866193,0.30159290824251983,1400,catboost,0.3751536551876149,True,utility_gap,
mfeat-zernike,xgboost,gbdt,covariate_shift,0.3,3664228838,test_only,True,low,True,ok,,0.5383333333333333,0.9122253086419754,1.4495579793827036,0.6295350316447358,0.15523823133334747,0.1801207022646011,1400,catboost,0.3751536551876149,True,utility_gap;ece,
mfeat-zernike,xgboost,gbdt,covariate_shift,0.4,2237469444,test_only,True,low,True,ok,,0.38666666666666666,0.8516975308641974,1.9270124028083266,0.8368908530987825,0.20114824225809946,0.06479723142121444,1400,catboost,0.3751536551876149,True,utility_gap;ece;nll,
mfeat-zernike,catboost,gbdt,label_noise,0.0,2545512923,train_only,True,medium,True,ok,,0.805,0.9745987654320988,0.5350472554114986,0.2323680705826936,0.08497745769405748,0.3751536551876149,1400,catboost,0.3751536551876149,False,,
mfeat-zernike,catboost,gbdt,label_noise,0.05,1379034929,train_only,True,medium,True,ok,,0.7716666666666666,0.9720771604938273,0.5896037902859841,0.256061672630445,0.05935221039588609,0.3672880623045288,1400,catboost,0.3751536551876149,False,,
mfeat-zernike,catboost,gbdt,label_noise,0.1,2957766361,train_only,True,medium,True,ok,,0.7716666666666666,0.9674969135802469,0.6546103031453865,0.2842936424530562,0.07175068730980819,0.3547356895552079,1400,catboost,0.3751536551876149,False,,
mfeat-zernike,catboost,gbdt,label_noise,0.2,665061636,train_only,True,medium,True,ok,,0.7366666666666667,0.9641296296296297,0.7694022065264156,0.33414713265860835,0.07905636333249481,0.3318899579062889,1400,catboost,0.3751536551876149,True,utility_gap,
mfeat-zernike,catboost,gbdt,label_noise,0.3,2096774844,train_only,True,medium,True,ok,,0.7333333333333333,0.9584166666666667,0.8500610596346033,0.36917682748013925,0.12036329063569595,0.31062012696215235,1400,catboost,0.3751536551876149,True,utility_gap;ece,
mfeat-zernike,catboost,gbdt,label_noise,0.4,1867444415,train_only,True,medium,True,ok,,0.6783333333333333,0.9342314814814815,1.082810543946819,0.470258644182762,0.13531889534274757,0.26058964619514047,1400,catboost,0.3751536551876149,True,utility_gap;ece,
mfeat-zernike,hist_gbdt,gbdt,label_noise,0.0,2545512923,train_only,True,medium,True,ok,,0.7816666666666666,0.9659166666666668,0.9940313940162404,0.4317023492598503,0.16931904096982267,0.29194632036141366,1400,catboost,0.3751536551876149,True,utility_gap;ece,
mfeat-zernike,hist_gbdt,gbdt,label_noise,0.05,1379034929,train_only,True,medium,True,ok,,0.7733333333333333,0.9606172839506172,1.0017325195761833,0.43504690559497755,0.1621921202216591,0.28926355365989087,1400,catboost,0.3751536551876149,True,utility_gap;ece,
mfeat-zernike,hist_gbdt,gbdt,label_noise,0.1,2957766361,train_only,True,medium,True,ok,,0.7866666666666666,0.9546820987654321,0.9862370421637381,0.4283173052602961,0.15260633395127082,0.29312227619955816,1400,catboost,0.3751536551876149,True,utility_gap;ece,
mfeat-zernike,hist_gbdt,gbdt,label_noise,0.2,665061636,train_only,True,medium,True,ok,,0.755,0.9380771604938272,1.0569838147888118,0.45904223822382967,0.13460743907879963,0.27694284688993065,1400,catboost,0.3751536551876149,True,utility_gap;ece,
mfeat-zernike,hist_gbdt,gbdt,label_noise,0.3,2096774844,train_only,True,medium,True,ok,,0.7533333333333333,0.9288703703703703,1.0648231164875583,0.46244680369357005,0.12052965685153119,0.27526465715125237,1400,catboost,0.3751536551876149,True,utility_gap;ece,
mfeat-zernike,hist_gbdt,gbdt,label_noise,0.4,1867444415,train_only,True,medium,True,ok,,0.6483333333333333,0.8887623456790124,1.4871711333949316,0.6458702168792235,0.15829687289992497,0.18289638134390226,1400,catboost,0.3751536551876149,True,utility_gap;ece,
mfeat-zernike,logreg,linear,label_noise,0.0,2545512923,train_only,True,medium,True,ok,,0.8116666666666666,0.979358024691358,0.42264217048826025,0.18355116246266479,0.06090332719726945,0.39727929446372195,1400,catboost,0.3751536551876149,False,,
mfeat-zernike,logreg,linear,label_noise,0.05,1379034929,train_only,True,medium,True,ok,,0.8183333333333334,0.9779907407407407,0.48676406064763844,0.21139894552808916,0.05975653506239267,0.3896757685883539,1400,catboost,0.3751536551876149,False,,
mfeat-zernike,logreg,linear,label_noise,0.1,2957766361,train_only,True,medium,True,ok,,0.7816666666666666,0.9728641975308643,0.5933052912643006,0.25766921408008736,0.09365865174911484,0.3617199745619533,1400,catboost,0.3751536551876149,False,,
mfeat-zernike,logreg,linear,label_noise,0.2,665061636,train_only,True,medium,True,ok,,0.7766666666666666,0.9692253086419752,0.7366012775166063,0.3199018701883479,0.1727195755633875,0.32521438185550944,1400,catboost,0.3751536551876149,True,utility_gap;ece,
mfeat-zernike,logreg,linear,label_noise,0.3,2096774844,train_only,True,medium,True,ok,,0.775,0.9652499999999999,0.8666717708918088,0.3763907677196318,0.24220056229981288,0.29273015722414786,1400,catboost,0.3751536551876149,True,utility_gap;ece,
mfeat-zernike,logreg,linear,label_noise,0.4,1867444415,train_only,True,medium,True,ok,,0.7566666666666667,0.958530864197531,1.043274494819015,0.4530883562103008,0.31491775835992913,0.2500757439340598,1400,catboost,0.3751536551876149,True,utility_gap;ece,
mfeat-zernike,tabicl,icl,label_noise,0.0,2545512923,train_only,True,medium,True,ok,,0.865,0.9868395061728394,0.27304682538650854,0.11858272956656138,0.02826499714376474,0.4339160088617724,1000,catboost,0.3751536551876149,False,,
mfeat-zernike,tabicl,icl,label_noise,0.05,1379034929,train_only,True,medium,True,ok,,0.8566666666666667,0.9873179012345679,0.30577292849974713,0.13279549556283773,0.038420439813673664,0.4265385288005127,1001,catboost,0.3751536551876149,False,,
mfeat-zernike,tabicl,icl,label_noise,0.1,2957766361,train_only,True,medium,True,ok,,0.8416666666666667,0.9848641975308642,0.3588588980844825,0.15585043921997216,0.07895579889451566,0.4084061775909077,1000,catboost,0.3751536551876149,False,,
mfeat-zernike,tabicl,icl,label_noise,0.2,665061636,train_only,True,medium,True,ok,,0.8533333333333334,0.984996913580247,0.4466331771192957,0.19397032425782781,0.14940464665101919,0.3846768931455342,1002,catboost,0.3751536551876149,True,ece,
mfeat-zernike,tabicl,icl,label_noise,0.3,2096774844,train_only,True,medium,True,ok,,0.8433333333333334,0.9829043209876543,0.6123727962209815,0.26595012626643677,0.2261345341902722,0.34550456762769355,1000,catboost,0.3751536551876149,True,ece,
mfeat-zernike,tabicl,icl,label_noise,0.4,1867444415,train_only,True,medium,True,ok,,0.81,0.9787716049382716,0.7617402668382075,0.3308195945313441,0.2713553219244399,0.3105531189841038,1002,catboost,0.3751536551876149,True,utility_gap;ece,
mfeat-zernike,xgboost,gbdt,label_noise,0.0,2545512923,train_only,True,medium,True,ok,,0.7733333333333333,0.9657654320987655,0.8245137145148081,0.35808175646733426,0.12751010776879448,0.32109135274060874,1400,catboost,0.3751536551876149,True,utility_gap;ece,
mfeat-zernike,xgboost,gbdt,label_noise,0.05,1379034929,train_only,True,medium,True,ok,,0.7683333333333333,0.9616296296296298,0.8534876380789048,0.37066497159030803,0.12493389622107738,0.31563409964906247,1400,catboost,0.3751536551876149,True,utility_gap;ece,
mfeat-zernike,xgboost,gbdt,label_noise,0.1,2957766361,train_only,True,medium,True,ok,,0.7683333333333333,0.9540092592592593,0.8673857480126113,0.37670084404340154,0.1093134587824498,0.3142802957712303,1400,catboost,0.3751536551876149,True,utility_gap;ece,
mfeat-zernike,xgboost,gbdt,label_noise,0.2,665061636,train_only,True,medium,True,ok,,0.7616666666666667,0.9446574074074073,0.9288992574149324,0.4034158217393334,0.10936251009947594,0.30198284405089737,1400,catboost,0.3751536551876149,True,utility_gap;ece,
mfeat-zernike,xgboost,gbdt,label_noise,0.3,2096774844,train_only,True,medium,True,ok,,0.7366666666666667,0.9347469135802469,0.9727760383281353,0.4224712655736153,0.09190805340646774,0.2925384293997082,1400,catboost,0.3751536551876149,True,utility_gap,
mfeat-zernike,xgboost,gbdt,label_noise,0.4,1867444415,train_only,True,medium,True,ok,,0.6533333333333333,0.898929012345679,1.2838949273858884,0.5575884823072674,0.11203673371638434,0.2229412628855305,1400,catboost,0.3751536551876149,True,utility_gap;ece,
optdigits,catboost,gbdt,covariate_shift,0.0,2070662251,test_only,True,low,True,ok,,0.9822064056939501,0.9997804918735467,0.05817556800690023,0.025265328166984125,0.012696469350291275,0.4871352406896803,3934,catboost,0.4871352406896803,False,,
optdigits,catboost,gbdt,covariate_shift,0.05,4205413852,test_only,True,low,True,ok,,0.9750889679715302,0.9995826470622479,0.09234660639383226,0.040105621579332895,0.02416868941756084,0.47925184731020426,3934,catboost,0.4871352406896803,False,,
optdigits,catboost,gbdt,covariate_shift,0.1,2667385677,test_only,True,low,True,ok,,0.9590747330960854,0.9991333817434201,0.1317616497585113,0.05722335741659038,0.027633503402871323,0.4708641856690584,3934,catboost,0.4871352406896803,False,,
optdigits,catboost,gbdt,covariate_shift,0.2,2364768541,test_only,True,low,True,ok,,0.863582443653618,0.9959158878256463,0.43062064073903394,0.18701616806660507,0.06120398722816542,0.4097622794214043,3934,catboost,0.4871352406896803,True,utility_gap,
optdigits,catboost,gbdt,covariate_shift,0.3,3778865239,test_only,True,low,True,ok,,0.7888493475682088,0.9891942126147176,0.635622003424176,0.2760471286634094,0.05890876202358427,0.3699494855466428,3934,catboost,0.4871352406896803,True,utility_gap,
optdigits,catboost,gbdt,covariate_shift,0.4,2571573961,test_only,True,low,True,ok,,0.31969157769869516,0.9577867536131863,1.7234874673338874,0.7485010966925182,0.36681328112518435,0.08526611518662716,3934,catboost,0.4871352406896803,True,utility_gap;ece,
optdigits,hist_gbdt,gbdt,covariate_shift,0.0,2070662251,test_only,True,low,True,ok,,0.9804270462633452,0.9997742749799171,0.07185819371379137,0.03120761700943453,0.013019197776954879,0.48501892852425144,3934,catboost,0.4871352406896803,False,,
optdigits,hist_gbdt,gbdt,covariate_shift,0.05,4205413852,test_only,True,low,True,ok,,0.9655990510083037,0.9993858339183218,0.11718228717234698,0.0508916206957525,0.01970569401516776,0.4754162745108989,3934,catboost,0.4871352406896803,False,,
optdigits,hist_gbdt,gbdt,covariate_shift,0.1,2667385677,test_only,True,low,True,ok,,0.9519572953736655,0.998731324494902,0.15530992029050736,0.06745024136700123,0.01972445646920435,0.4681695941753243,3934,catboost,0.4871352406896803,False,,
optdigits,hist_gbdt,gbdt,covariate_shift,0.2,2364768541,test_only,True,low,True,ok,,0.8404507710557533,0.9929405083156521,0.4907783661031391,0.21314233623608722,0.06712074551937573,0.39622994359413993,3934,catboost,0.4871352406896803,True,utility_gap,
optdigits,hist_gbdt,gbdt,covariate_shift,0.3,3778865239,test_only,True,low,True,ok,,0.6589561091340451,0.9735759877230155,1.055952984431242,0.4585945542877588,0.1417824250591757,0.27366016077499944,3934,catboost,0.4871352406896803,True,utility_gap;ece,
optdigits,hist_gbdt,gbdt,covariate_shift,0.4,2571573961,test_only,True,low,True,ok,,0.3926453143534994,0.933310541439703,2.083365805204372,0.9047942729861838,0.38736735293906605,0.03664373417325263,3934,catboost,0.4871352406896803,True,utility_gap;ece;nll,
optdigits,logreg,linear,covariate_shift,0.0,2070662251,test_only,True,low,True,ok,,0.9655990510083037,0.999165057402711,0.09938434521129386,0.04316207271283279,0.007479557463788851,0.4801030944355868,3934,catboost,0.4871352406896803,False,,
optdigits,logreg,linear,covariate_shift,0.05,4205413852,test_only,True,low,True,ok,,0.963226571767497,0.9991494998364798,0.10663014026917235,0.04630888152347127,0.008199803759562847,0.4786536854989385,3934,catboost,0.4871352406896803,False,,
optdigits,logreg,linear,covariate_shift,0.1,2667385677,test_only,True,low,True,ok,,0.9590747330960854,0.999015270699289,0.12342351481428833,0.05360215142094967,0.012354942270202313,0.4749649208288385,3934,catboost,0.4871352406896803,False,,
optdigits,logreg,linear,covariate_shift,0.2,2364768541,test_only,True,low,True,ok,,0.938908659549229,0.9982732124120883,0.19485924458901582,0.08462629467284564,0.019219523359186957,0.4610001302029242,3934,catboost,0.4871352406896803,False,,
optdigits,logreg,linear,covariate_shift,0.3,3778865239,test_only,True,low,True,ok,,0.8932384341637011,0.996508939309156,0.34926918767966203,0.15168568090810844,0.04233433497669553,0.42879132261498815,3934,catboost,0.4871352406896803,True,utility_gap,
optdigits,logreg,linear,covariate_shift,0.4,2571573961,test_only,True,low,True,ok,,0.8268090154211151,0.9932173948835252,0.6423672433637677,0.27897654914828757,0.0906577295153292,0.36982292987484894,3934,catboost,0.4871352406896803,True,utility_gap,
optdigits,tabicl,icl,covariate_shift,0.0,2070662251,test_only,True,low,True,ok,,0.9881376037959668,0.999791922806445,0.03886664328825551,0.016879568710191424,0.002923309056026248,0.49249928112738806,1001,catboost,0.4871352406896803,False,,
optdigits,tabicl,icl,covariate_shift,0.05,4205413852,test_only,True,low,True,ok,,0.9786476868327402,0.9995533485650713,0.14182464106327017,0.06159365901168757,0.07400494531074595,0.46336173825703053,1001,catboost,0.4871352406896803,False,,
optdigits,tabicl,icl,covariate_shift,0.1,2667385677,test_only,True,low,True,ok,,0.9744958481613286,0.9993829028477503,0.19726143124498913,0.08566955108203647,0.1130390025421625,0.44764972738786846,1001,catboost,0.4871352406896803,True,utility_gap;ece,
optdigits,tabicl,icl,covariate_shift,0.2,2364768541,test_only,True,low,True,ok,,0.9739027283511269,0.9995205829378975,0.2041826482913573,0.08867539745332889,0.11896612593912563,0.4455217688571093,1001,catboost,0.4871352406896803,True,utility_gap;ece,
optdigits,tabicl,icl,covariate_shift,0.3,3778865239,test_only,True,low,True,ok,,0.9620403321470937,0.9987048651873331,0.4911719210619569,0.21331325498302744,0.30745728692207136,0.3683673187583081,1001,catboost,0.4871352406896803,True,utility_gap;ece,
optdigits,tabicl,icl,covariate_shift,0.4,2571573961,test_only,True,low,True,ok,,0.9169632265717675,0.9967049206486415,0.7713909077701098,0.3350108146348989,0.4018253103145191,0.30552289975941616,1001,catboost,0.4871352406896803,True,utility_gap;ece,
optdigits,xgboost,gbdt,covariate_shift,0.0,2070662251,test_only,True,low,True,ok,,0.9762752075919335,0.9996662904477753,0.07390875672170613,0.03209816520856684,0.004471381706216287,0.485800756891698,3934,catboost,0.4871352406896803,False,,
optdigits,xgboost,gbdt,covariate_shift,0.05,4205413852,test_only,True,low,True,ok,,0.9762752075919335,0.9996662904477753,0.07390875672170613,0.03209816520856684,0.004471381706216287,0.485800756891698,3934,catboost,0.4871352406896803,False,,
optdigits,xgboost,gbdt,covariate_shift,0.1,2667385677,test_only,True,low,True,ok,,0.961447212336892,0.9991069192328474,0.12951920391155536,0.05624947555929056,0.008930599405434912,0.4752435410331563,3934,catboost,0.4871352406896803,False,,
optdigits,xgboost,gbdt,covariate_shift,0.2,2364768541,test_only,True,low,True,ok,,0.8659549228944247,0.9949580394095918,0.39108299564636473,0.16984518697540965,0.01712582288169257,0.42374983155855944,3934,catboost,0.4871352406896803,True,utility_gap,
optdigits,xgboost,gbdt,covariate_shift,0.3,3778865239,test_only,True,low,True,ok,,0.5747330960854092,0.9680691681594574,1.2410765982637921,0.5389927182452238,0.1902140054273923,0.2252935567095759,3934,catboost,0.4871352406896803,True,utility_gap;ece,
optdigits,xgboost,gbdt,covariate_shift,0.4,2571573961,test_only,True,low,True,ok,,0.38552787663107946,0.9287648390574128,2.02485505233605,0.8793833758834665,0.3633229167090254,0.04641727905791139,3934,catboost,0.4871352406896803,True,utility_gap;ece;nll,
optdigits,catboost,gbdt,label_noise,0.0,2092207331,train_only,True,low,True,ok,,0.9822064056939501,0.9997804918735467,0.05817556800690023,0.025265328166984125,0.012696469350291275,0.4871352406896803,3934,catboost,0.4871352406896803,False,,
optdigits,catboost,gbdt,label_noise,0.05,4267460262,train_only,True,low,True,ok,,0.9768683274021353,0.9993838874469768,0.12766322675825398,0.05544343492307326,0.05563137053732205,0.4685553051323757,3934,catboost,0.4871352406896803,False,,
optdigits,catboost,gbdt,label_noise,0.1,73288180,train_only,True,low,True,ok,,0.9733096085409253,0.9990536769793789,0.17013128670921848,0.07388707901691363,0.09007349791881729,0.4554844049350838,3934,catboost,0.4871352406896803,True,utility_gap,
optdigits,catboost,gbdt,label_noise,0.2,323267714,train_only,True,low,True,ok,,0.9578884934756821,0.9984389253857454,0.31150170475030486,0.13528347147651335,0.1761944199118188,0.41731297248104543,3934,catboost,0.4871352406896803,True,utility_gap;ece,
optdigits,catboost,gbdt,label_noise,0.3,3289791773,train_only,True,low,True,ok,,0.9323843416370107,0.9963198153318036,0.4678295076741741,0.20317577365440878,0.2404951694623123,0.37951782062289774,3934,catboost,0.4871352406896803,True,utility_gap;ece,
optdigits,catboost,gbdt,label_noise,0.4,1973888929,train_only,True,low,True,ok,,0.9086595492289442,0.9931034416826365,0.6171213609549303,0.2680124017273511,0.3008236910675018,0.3433166782415587,3934,catboost,0.4871352406896803,True,utility_gap;ece,
optdigits,hist_gbdt,gbdt,label_noise,0.0,2092207331,train_only,True,low,True,ok,,0.9804270462633452,0.9997742749799171,0.07185819371379137,0.03120761700943453,0.013019197776954879,0.48501892852425144,3934,catboost,0.4871352406896803,False,,
optdigits,hist_gbdt,gbdt,label_noise,0.05,4267460262,train_only,True,low,True,ok,,0.9798339264531435,0.9997263375338704,0.06595380578702247,0.02864337391382261,0.008342635825087154,0.48661776776566196,3934,catboost,0.4871352406896803,False,,
optdigits,hist_gbdt,gbdt,label_noise,0.1,73288180,train_only,True,low,True,ok,,0.9768683274021353,0.9994108819065675,0.08273710178531492,0.035932266754029954,0.00908200226369025,0.48372797729867184,3934,catboost,0.4871352406896803,False,,
optdigits,hist_gbdt,gbdt,label_noise,0.2,323267714,train_only,True,low,True,ok,,0.963226571767497,0.9990120908025778,0.14246758074199634,0.06187288416635499,0.04526309823590506,0.46652373264893926,3934,catboost,0.4871352406896803,False,,
optdigits,hist_gbdt,gbdt,label_noise,0.3,3289791773,train_only,True,low,True,ok,,0.9478054567022538,0.9974262371044172,0.2666643933778008,0.11581087456405692,0.10914412226248268,0.4346979146701704,3934,catboost,0.4871352406896803,True,utility_gap;ece,
optdigits,hist_gbdt,gbdt,label_noise,0.4,1973888929,train_only,True,low,True,ok,,0.9347568208778173,0.9965556935708749,0.3953003468464839,0.17167675932986945,0.19651735840899268,0.39820151640071944,3934,catboost,0.4871352406896803,True,utility_gap;ece,
optdigits,logreg,linear,label_noise,0.0,2092207331,train_only,True,low,True,ok,,0.9655990510083037,0.999165057402711,0.09938434521129386,0.04316207271283279,0.007479557463788851,0.4801030944355868,3934,catboost,0.4871352406896803,False,,
optdigits,logreg,linear,label_noise,0.05,4267460262,train_only,True,low,True,ok,,0.9590747330960854,0.9986673783622917,0.1931503949936893,0.08388415072319273,0.08340545778035985,0.4515484556181851,3934,catboost,0.4871352406896803,True,utility_gap,
optdigits,logreg,linear,label_noise,0.1,73288180,train_only,True,low,True,ok,,0.9501779359430605,0.9978262896408037,0.2762773998597555,0.11998575023367006,0.1330571478483848,0.4291587371259624,3934,catboost,0.4871352406896803,True,utility_gap;ece,
optdigits,logreg,linear,label_noise,0.2,323267714,train_only,True,low,True,ok,,0.9406880189798339,0.996661847472506,0.44313479966791125,0.19245099823507678,0.24224902163769507,0.3837497456642901,3934,catboost,0.4871352406896803,True,utility_gap;ece,
optdigits,logreg,linear,label_noise,0.3,3289791773,train_only,True,low,True,ok,,0.9258600237247924,0.9955016741675278,0.6027143250452398,0.26175550553119054,0.32688670055650904,0.3434005977466946,3934,catboost,0.4871352406896803,True,utility_gap;ece,
optdigits,logreg,linear,label_noise,0.4,1973888929,train_only,True,low,True,ok,,0.924673784104389,0.9948077699292692,0.7716219900972039,0.33511117241442123,0.42080850605040715,0.3021887341564947,3934,catboost,0.4871352406896803,True,utility_gap;ece,
optdigits,tabicl,icl,label_noise,0.0,2092207331,train_only,True,low,True,ok,,0.9881376037959668,0.999791922806445,0.03886664328825551,0.016879568710191424,0.002923309056026248,0.49249928112738806,1001,catboost,0.4871352406896803,False,,
optdigits,tabicl,icl,label_noise,0.05,4267460262,train_only,True,low,True,ok,,0.9839857651245552,0.9993701978968061,0.08576809581030008,0.03724861073376273,0.0417894936465886,0.47784495208311883,1001,catboost,0.4871352406896803,False,,
optdigits,tabicl,icl,label_noise,0.1,73288180,train_only,True,low,True,ok,,0.9839857651245552,0.9993491576728433,0.12172198859823853,0.052863187974505524,0.07225772358676799,0.4670595688444732,999,catboost,0.4871352406896803,False,,
optdigits,tabicl,icl,label_noise,0.2,323267714,train_only,True,low,True,ok,,0.9833926453143536,0.9993913011053983,0.20744906422474033,0.09009398386879801,0.14467028433982893,0.44133360015543716,1000,catboost,0.4871352406896803,True,utility_gap;ece,
optdigits,tabicl,icl,label_noise,0.3,3289791773,train_only,True,low,True,ok,,0.9762752075919335,0.9987727248637901,0.3498049817698889,0.15191837332493033,0.24552132506367477,0.4013319578309025,1000,catboost,0.4871352406896803,True,utility_gap;ece,
optdigits,tabicl,icl,label_noise,0.4,1973888929,train_only,True,low,True,ok,,0.9798339264531435,0.9981544504017732,0.5072901309390173,0.2203133045907933,0.3550917218519396,0.35921681086096624,1000,catboost,0.4871352406896803,True,utility_gap;ece,
optdigits,xgboost,gbdt,label_noise,0.0,2092207331,train_only,True,low,True,ok,,0.9762752075919335,0.9996662904477753,0.07390875672170613,0.03209816520856684,0.004471381706216287,0.485800756891698,3934,catboost,0.4871352406896803,False,,
optdigits,xgboost,gbdt,label_noise,0.05,4267460262,train_only,True,low,True,ok,,0.9804270462633452,0.9995864492808598,0.07897777296138853,0.034299610990138875,0.010691286876676014,0.4844911735154258,3934,catboost,0.4871352406896803,False,,
optdigits,xgboost,gbdt,label_noise,0.1,73288180,train_only,True,low,True,ok,,0.9756820877817319,0.9992591958552302,0.09453227918193624,0.04105484721045256,0.01663219312151908,0.4804501389291507,3934,catboost,0.4871352406896803,False,,
optdigits,xgboost,gbdt,label_noise,0.2,323267714,train_only,True,low,True,ok,,0.9578884934756821,0.9984979352085318,0.1617932586321965,0.0702659194331086,0.03615108264011636,0.46484755898638264,3934,catboost,0.4871352406896803,False,,
optdigits,xgboost,gbdt,label_noise,0.3,3289791773,train_only,True,low,True,ok,,0.9341637010676157,0.9960496337428296,0.2606597849827075,0.11320310627207796,0.06337878417592786,0.44210523825332376,3934,catboost,0.4871352406896803,True,utility_gap,
optdigits,xgboost,gbdt,label_noise,0.4,1973888929,train_only,True,low,True,ok,,0.9139976275207592,0.995144122321768,0.34633322431779845,0.15041060822098096,0.10477109633339166,0.41932268520776006,3934,catboost,0.4871352406896803,True,utility_gap;ece,
ozone-level-8hr,catboost,gbdt,covariate_shift,0.0,1508228927,test_only,True,medium,True,ok,,0.9421813403416557,0.9057386629266013,0.16167152706130708,0.23324271034429359,0.026578454813968595,0.383047229009477,1773,catboost,0.383047229009477,False,,
ozone-level-8hr,catboost,gbdt,covariate_shift,0.05,2625978927,test_only,True,low,True,ok,,0.938239159001314,0.9029043945769051,0.18148923858339278,0.2618336244789747,0.03655050771856231,0.370892223064709,1773,catboost,0.383047229009477,False,,
ozone-level-8hr,catboost,gbdt,covariate_shift,0.1,1706143145,test_only,True,low,True,ok,,0.9342969776609724,0.9047452080411408,0.18294980992428503,0.26394078350934447,0.03909434091112396,0.36980426622851703,1773,catboost,0.383047229009477,False,,
ozone-level-8hr,catboost,gbdt,covariate_shift,0.2,1381615219,test_only,True,low,True,ok,,0.9369250985545335,0.8881486676016831,0.21078009955232474,0.30409140434222093,0.0466643138615981,0.3508305143687832,1773,catboost,0.383047229009477,True,utility_gap,
ozone-level-8hr,catboost,gbdt,covariate_shift,0.3,3619102625,test_only,True,low,True,ok,,0.9356110381077529,0.8476799906498363,0.2522638978066098,0.36393987436091624,0.05447560288958679,0.31695256955741347,1773,catboost,0.383047229009477,True,utility_gap,
ozone-level-8hr,catboost,gbdt,covariate_shift,0.4,2429985716,test_only,True,low,True,ok,,0.9369250985545335,0.8085846189808321,0.25329069167382334,0.3654212247811604,0.05938498377207111,0.30204001723770896,1773,catboost,0.383047229009477,True,utility_gap,
ozone-level-8hr,hist_gbdt,gbdt,covariate_shift,0.0,1508228927,test_only,True,medium,True,ok,,0.9408672798948752,0.8959209911173446,0.27480800067896405,0.39646413977615236,0.050541524129578394,0.3256548921165405,1773,catboost,0.383047229009477,True,utility_gap,
ozone-level-8hr,hist_gbdt,gbdt,covariate_shift,0.05,2625978927,test_only,True,low,True,ok,,0.9408672798948752,0.8893174380551659,0.352955083593722,0.5092065487572123,0.05620454100459662,0.2883883224754563,1773,catboost,0.383047229009477,True,utility_gap,
ozone-level-8hr,hist_gbdt,gbdt,covariate_shift,0.1,1706143145,test_only,True,low,True,ok,,0.9342969776609724,0.8899894810659186,0.3893629214006048,0.5617319558106918,0.062335817968808147,0.27065411468524814,1773,catboost,0.383047229009477,True,utility_gap,
ozone-level-8hr,hist_gbdt,gbdt,covariate_shift,0.2,1381615219,test_only,True,low,True,ok,,0.9342969776609724,0.8541958859280037,0.43871724447162286,0.6329351929516813,0.06246382365478999,0.2367397841074847,1773,catboost,0.383047229009477,True,utility_gap,
ozone-level-8hr,hist_gbdt,gbdt,covariate_shift,0.3,3619102625,test_only,True,low,True,ok,,0.9369250985545335,0.8022440392706872,0.5041618375846233,0.7273517828888031,0.0633275115554768,0.1904531413501843,1773,catboost,0.383047229009477,True,utility_gap,
ozone-level-8hr,hist_gbdt,gbdt,covariate_shift,0.4,2429985716,test_only,True,low,True,ok,,0.9369250985545335,0.7762388966806919,0.5112761862042241,0.7376156183614564,0.06254443360438877,0.17842880639210754,1773,catboost,0.383047229009477,True,utility_gap,
ozone-level-8hr,logreg,linear,covariate_shift,0.0,1508228927,test_only,True,medium,True,ok,,0.9369250985545335,0.8990766713417484,0.164035850113298,0.23665370748646034,0.01754220571486092,0.38071104636388164,1773,catboost,0.383047229009477,False,,
ozone-level-8hr,logreg,linear,covariate_shift,0.05,2625978927,test_only,True,low,True,ok,,0.9421813403416557,0.8990766713417484,0.16774930450601458,0.24201108972339988,0.024138940626244547,0.37857292097859135,1773,catboost,0.383047229009477,False,,
ozone-level-8hr,logreg,linear,covariate_shift,0.1,1706143145,test_only,True,low,True,ok,,0.9421813403416557,0.8990766713417484,0.1767195360329618,0.25495239826295246,0.03125921098870707,0.3732664743442331,1773,catboost,0.383047229009477,False,,
ozone-level-8hr,logreg,linear,covariate_shift,0.2,1381615219,test_only,True,low,True,ok,,0.9408672798948752,0.8990766713417484,0.2066272964483398,0.29810017589831356,0.04409923889128253,0.3575570264060926,1773,catboost,0.383047229009477,False,,
ozone-level-8hr,logreg,linear,covariate_shift,0.3,3619102625,test_only,True,low,True,ok,,0.938239159001314,0.8990766713417484,0.2472961308402832,0.35677290159430486,0.05162316805993625,0.3380562047295303,1773,catboost,0.383047229009477,True,utility_gap,
ozone-level-8hr,logreg,linear,covariate_shift,0.4,2429985716,test_only,True,low,True,ok,,0.9369250985545335,0.8990766713417484,0.2941322526075223,0.4243431422023723,0.05810562877512261,0.31629153133705573,1773,catboost,0.383047229009477,True,utility_gap,
ozone-level-8hr,tabicl,icl,covariate_shift,0.0,1508228927,test_only,True,medium,True,ok,,0.9421813403416557,0.9205382187938289,0.14753004295719865,0.21284086135648625,0.01880507401359394,0.3959023044194238,1000,catboost,0.383047229009477,False,,
ozone-level-8hr,tabicl,icl,covariate_shift,0.05,2625978927,test_only,True,low,True,ok,,0.9421813403416557,0.9210495558672277,0.15917935527737914,0.22964726647057734,0.0339857551239076,0.3880032146388233,1000,catboost,0.383047229009477,False,,
ozone-level-8hr,tabicl,icl,covariate_shift,0.1,1706143145,test_only,True,low,True,ok,,0.9342969776609724,0.9023930575035063,0.18076942126543208,0.2607951476040068,0.03416062151398697,0.3709114481913736,1000,catboost,0.383047229009477,False,,
ozone-level-8hr,tabicl,icl,covariate_shift,0.2,1381615219,test_only,True,low,True,ok,,0.938239159001314,0.9079447171575502,0.18541303075604876,0.2674944599879444,0.038602117421776334,0.3705477633746011,1000,catboost,0.383047229009477,False,,
ozone-level-8hr,tabicl,icl,covariate_shift,0.3,3619102625,test_only,True,low,True,ok,,0.9356110381077529,0.8784186535764376,0.2350437604181369,0.33909646754713973,0.05265263004381503,0.33552871819501107,1000,catboost,0.383047229009477,True,utility_gap,
ozone-level-8hr,tabicl,icl,covariate_shift,0.4,2429985716,test_only,True,low,True,ok,,0.9369250985545335,0.8740795932678821,0.1912926638626686,0.2759769775131114,0.03628063087431656,0.35641740299814206,1000,catboost,0.383047229009477,False,,
ozone-level-8hr,xgboost,gbdt,covariate_shift,0.0,1508228927,test_only,True,medium,True,ok,,0.938239159001314,0.8963300607760637,0.2456947075797134,0.35446253619791657,0.049171840644842826,0.3382782661334759,1773,catboost,0.383047229009477,True,utility_gap,
ozone-level-8hr,xgboost,gbdt,covariate_shift,0.05,2625978927,test_only,True,low,True,ok,,0.9277266754270697,0.9103553062178589,0.26978800038839174,0.3892218102516825,0.058607267158119744,0.3292953619831824,1773,catboost,0.383047229009477,True,utility_gap,
ozone-level-8hr,xgboost,gbdt,covariate_shift,0.1,1706143145,test_only,True,low,True,ok,,0.9342969776609724,0.9094495091164095,0.29816075361390204,0.43015504062649257,0.05937840746667691,0.31752968115860597,1773,catboost,0.383047229009477,True,utility_gap,
ozone-level-8hr,xgboost,gbdt,covariate_shift,0.2,1381615219,test_only,True,low,True,ok,,0.9356110381077529,0.8600981767180925,0.3772218883959248,0.5442161477035707,0.06194799060529848,0.2657215751353644,1773,catboost,0.383047229009477,True,utility_gap,
ozone-level-8hr,xgboost,gbdt,covariate_shift,0.3,3619102625,test_only,True,low,True,ok,,0.9356110381077529,0.7820827489481066,0.44113582154502173,0.6364244621014816,0.0651029994238728,0.21012267933278123,1773,catboost,0.383047229009477,True,utility_gap,
ozone-level-8hr,xgboost,gbdt,covariate_shift,0.4,2429985716,test_only,True,low,True,ok,,0.9356110381077529,0.658456054230949,0.46295577574820834,0.6679040018228433,0.06276975884137986,0.15787612238186613,1773,catboost,0.383047229009477,True,utility_gap,
ozone-level-8hr,catboost,gbdt,label_noise,0.0,1573495801,train_only,True,medium,True,ok,,0.9421813403416557,0.9057386629266013,0.16167152706130708,0.23324271034429359,0.026578454813968595,0.383047229009477,1773,catboost,0.383047229009477,False,,
ozone-level-8hr,catboost,gbdt,label_noise,0.05,516794125,train_only,True,medium,True,ok,,0.9395532194480947,0.888119448340346,0.17943644388847324,0.2588720677526511,0.03858199818634067,0.3663967698732718,1773,catboost,0.383047229009477,False,,
ozone-level-8hr,catboost,gbdt,label_noise,0.1,2334037436,train_only,True,medium,True,ok,,0.938239159001314,0.8869798971482,0.20505913163356515,0.2958377922967416,0.07269447286588926,0.34788860558986673,1773,catboost,0.383047229009477,True,utility_gap,
ozone-level-8hr,catboost,gbdt,label_noise,0.2,3765286203,train_only,True,medium,True,ok,,0.9316688567674113,0.7618922393641888,0.31513709856029726,0.45464672929307737,0.15353011665730387,0.23931257017319374,1773,catboost,0.383047229009477,True,utility_gap;ece,
ozone-level-8hr,catboost,gbdt,label_noise,0.3,2920275744,train_only,True,medium,True,ok,,0.9172141918528253,0.6899544179523142,0.40792737001125284,0.5885147937581118,0.21634565262009284,0.15924260640978166,1773,catboost,0.383047229009477,True,utility_gap;ece,
ozone-level-8hr,catboost,gbdt,label_noise,0.4,476708271,train_only,True,medium,True,ok,,0.7844940867279895,0.613809022907901,0.5550137308494965,0.8007155571218505,0.1673855352013655,0.058815496850135505,1773,catboost,0.383047229009477,True,utility_gap;ece;nll,
ozone-level-8hr,hist_gbdt,gbdt,label_noise,0.0,1573495801,train_only,True,medium,True,ok,,0.9408672798948752,0.8959209911173446,0.27480800067896405,0.39646413977615236,0.050541524129578394,0.3256548921165405,1773,catboost,0.383047229009477,True,utility_gap,
ozone-level-8hr,hist_gbdt,gbdt,label_noise,0.05,516794125,train_only,True,medium,True,ok,,0.9369250985545335,0.8538160355306219,0.19405129314269778,0.27995683829506063,0.035492496916800405,0.3482888263470194,1773,catboost,0.383047229009477,True,utility_gap,
ozone-level-8hr,hist_gbdt,gbdt,label_noise,0.1,2334037436,train_only,True,medium,True,ok,,0.9395532194480947,0.7950561009817672,0.1979635167782208,0.28560098393287825,0.01382837984035033,0.33075664711289915,1773,catboost,0.383047229009477,True,utility_gap,
ozone-level-8hr,hist_gbdt,gbdt,label_noise,0.2,3765286203,train_only,True,medium,True,ok,,0.8988173455978975,0.7463183730715287,0.29656821859962523,0.42785749825895336,0.06174392019267727,0.2553279988984982,1773,catboost,0.383047229009477,True,utility_gap,
ozone-level-8hr,hist_gbdt,gbdt,label_noise,0.3,2920275744,train_only,True,medium,True,ok,,0.8501971090670171,0.5933847592332866,0.40073124888255507,0.5781329854921031,0.09477089722729615,0.1428201569986127,1773,catboost,0.383047229009477,True,utility_gap,
ozone-level-8hr,hist_gbdt,gbdt,label_noise,0.4,476708271,train_only,True,medium,True,ok,,0.6990801576872536,0.5934431977559608,0.5842415618093778,0.8428824039036121,0.03975549349762938,0.0517513229970648,1773,catboost,0.383047229009477,True,utility_gap;nll,
ozone-level-8hr,logreg,linear,label_noise,0.0,1573495801,train_only,True,medium,True,ok,,0.9369250985545335,0.8990766713417484,0.164035850113298,0.23665370748646034,0.01754220571486092,0.38071104636388164,1773,catboost,0.383047229009477,False,,
ozone-level-8hr,logreg,linear,label_noise,0.05,516794125,train_only,True,medium,True,ok,,0.938239159001314,0.8677828424497428,0.19280501584667453,0.27815884022051535,0.04961516169428031,0.3510891843025964,1773,catboost,0.383047229009477,True,utility_gap,
ozone-level-8hr,logreg,linear,label_noise,0.1,2334037436,train_only,True,medium,True,ok,,0.9342969776609724,0.8664095371669004,0.2299354160346017,0.3317266844378605,0.08428824853411038,0.32701222961938076,1773,catboost,0.383047229009477,True,utility_gap,
ozone-level-8hr,logreg,linear,label_noise,0.2,3765286203,train_only,True,medium,True,ok,,0.9316688567674113,0.782287283777466,0.3303254704820732,0.47655891814380075,0.17655113700847322,0.23527297499238992,1773,catboost,0.383047229009477,True,utility_gap;ece,
ozone-level-8hr,logreg,linear,label_noise,0.3,2920275744,train_only,True,medium,True,ok,,0.9316688567674113,0.6260518934081346,0.4289989199995245,0.6189146144300351,0.24856119472059507,0.12348186793482921,1773,catboost,0.383047229009477,True,utility_gap;ece,
ozone-level-8hr,logreg,linear,label_noise,0.4,476708271,train_only,True,medium,True,ok,,0.771353482260184,0.6420640486208509,0.5802732647705463,0.8371573614449156,0.16177544423845489,0.05692314207515972,1773,catboost,0.383047229009477,True,utility_gap;ece;nll,
ozone-level-8hr,tabicl,icl,label_noise,0.0,1573495801,train_only,True,medium,True,ok,,0.9421813403416557,0.9205382187938289,0.14753004295719865,0.21284086135648625,0.01880507401359394,0.3959023044194238,1000,catboost,0.383047229009477,False,,
ozone-level-8hr,tabicl,icl,label_noise,0.05,516794125,train_only,True,medium,True,ok,,0.9408672798948752,0.9014142122487143,0.17799486403609646,0.2567923076485817,0.041730782087883035,0.3712412175591301,1000,catboost,0.383047229009477,False,,
ozone-level-8hr,tabicl,icl,label_noise,0.1,2334037436,train_only,True,medium,True,ok,,0.9395532194480947,0.8288920056100982,0.2193574603072325,0.31646592016724195,0.06760625283884601,0.32258415826280684,1000,catboost,0.383047229009477,True,utility_gap,
ozone-level-8hr,tabicl,icl,label_noise,0.2,3765286203,train_only,True,medium,True,ok,,0.9303547963206308,0.8424059139784945,0.31079604155436164,0.44838390787839777,0.15602305718397766,0.2686755055402529,1000,catboost,0.383047229009477,True,utility_gap;ece,
ozone-level-8hr,tabicl,icl,label_noise,0.3,2920275744,train_only,True,medium,True,ok,,0.9369250985545335,0.6954622487143526,0.40417605350970864,0.583102788044529,0.23352560700614564,0.16231459401861562,1000,catboost,0.383047229009477,True,utility_gap;ece,
ozone-level-8hr,tabicl,icl,label_noise,0.4,476708271,train_only,True,medium,True,ok,,0.8869908015768725,0.6208070359981299,0.546031362025054,0.7877567381633916,0.28799015182476034,0.05640603102190677,1000,catboost,0.383047229009477,True,utility_gap;ece;nll,
ozone-level-8hr,xgboost,gbdt,label_noise,0.0,1573495801,train_only,True,medium,True,ok,,0.938239159001314,0.8963300607760637,0.2456947075797134,0.35446253619791657,0.049171840644842826,0.3382782661334759,1773,catboost,0.383047229009477,True,utility_gap,
ozone-level-8hr,xgboost,gbdt,label_noise,0.05,516794125,train_only,True,medium,True,ok,,0.923784494086728,0.8286290322580645,0.24331693714977365,0.35103213859027005,0.04390758335143825,0.3144966771559631,1773,catboost,0.383047229009477,True,utility_gap,
ozone-level-8hr,xgboost,gbdt,label_noise,0.1,2334037436,train_only,True,medium,True,ok,,0.9408672798948752,0.8136103319308088,0.20964030907777248,0.3024470342769319,0.035897858107676345,0.32798002625539946,1773,catboost,0.383047229009477,True,utility_gap,
ozone-level-8hr,xgboost,gbdt,label_noise,0.2,3765286203,train_only,True,medium,True,ok,,0.8883048620236531,0.7554347826086957,0.3065247844198757,0.44222178639211324,0.035252512086450596,0.2579308648816674,1773,catboost,0.383047229009477,True,utility_gap,
ozone-level-8hr,xgboost,gbdt,label_noise,0.3,2920275744,train_only,True,medium,True,ok,,0.8344283837056504,0.6058029453015428,0.4296030935421573,0.6197862526038278,0.043805710093057934,0.1424982706116276,1773,catboost,0.383047229009477,True,utility_gap,
ozone-level-8hr,xgboost,gbdt,label_noise,0.4,476708271,train_only,True,medium,True,ok,,0.6806833114323259,0.6441678354371201,0.6883632359801204,0.993098226878799,0.12981592192582148,0.0036685866690369315,1773,catboost,0.383047229009477,True,utility_gap;ece;nll,
pc1,catboost,gbdt,covariate_shift,0.0,2412636436,test_only,False,high,True,ok,,0.9309309309309309,0.9113604488078542,0.18176491927129548,0.2622313476402808,0.023440439563217216,0.3752583045176609,776,catboost,0.3752583045176609,False,,
pc1,catboost,gbdt,covariate_shift,0.05,1618443385,test_only,False,low,True,ok,,0.9279279279279279,0.8201963534361851,0.2156992840043504,0.31118828735637644,0.02846887041082942,0.3272076526027752,776,catboost,0.3752583045176609,True,utility_gap,
pc1,catboost,gbdt,covariate_shift,0.1,51866812,test_only,False,low,True,ok,,0.9279279279279279,0.7496493688639551,0.23618903780147257,0.3407487535485204,0.024328776062165262,0.2944760870145842,776,catboost,0.3752583045176609,True,utility_gap,
pc1,catboost,gbdt,covariate_shift,0.2,3833006923,test_only,False,low,True,ok,,0.924924924924925,0.7158485273492285,0.25339440280216396,0.3655708483117024,0.0341798610118159,0.27277849661509473,776,catboost,0.3752583045176609,True,utility_gap,
pc1,catboost,gbdt,covariate_shift,0.3,718064369,test_only,False,low,True,ok,,0.9219219219219219,0.6028050490883591,0.27067684099553346,0.3905041361877466,0.05961494485263427,0.22019582564236315,776,catboost,0.3752583045176609,True,utility_gap,
pc1,catboost,gbdt,covariate_shift,0.4,3825947176,test_only,False,low,True,ok,,0.918918918918919,0.8175315568022441,0.24661800612601,0.35579457443191864,0.05850504964867223,0.3055345004593132,776,catboost,0.3752583045176609,True,utility_gap,
pc1,hist_gbdt,gbdt,covariate_shift,0.0,2412636436,test_only,False,high,True,ok,,0.924924924924925,0.8739130434782609,0.28741722398472286,0.41465540370883214,0.06074589631894001,0.3080625035796924,776,catboost,0.3752583045176609,True,utility_gap,
pc1,hist_gbdt,gbdt,covariate_shift,0.05,1618443385,test_only,False,low,True,ok,,0.9159159159159159,0.7603085553997195,0.31186914451569314,0.449932068199074,0.06406415379230293,0.25570293055910637,776,catboost,0.3752583045176609,True,utility_gap,
pc1,hist_gbdt,gbdt,covariate_shift,0.1,51866812,test_only,False,low,True,ok,,0.9009009009009009,0.7284712482468444,0.3339226922035282,0.4817486120823219,0.0609444886599675,0.23338659066484063,776,catboost,0.3752583045176609,True,utility_gap,
pc1,hist_gbdt,gbdt,covariate_shift,0.2,3833006923,test_only,False,low,True,ok,,0.8978978978978979,0.6868162692847125,0.3319516484185233,0.47890499698832034,0.05866073792982641,0.21966673225187267,776,catboost,0.3752583045176609,True,utility_gap,
pc1,hist_gbdt,gbdt,covariate_shift,0.3,718064369,test_only,False,low,True,ok,,0.9159159159159159,0.6317671809256661,0.37364890768017384,0.539061426143765,0.0669908265422058,0.18338930755979982,776,catboost,0.3752583045176609,True,utility_gap,
pc1,hist_gbdt,gbdt,covariate_shift,0.4,3825947176,test_only,False,low,True,ok,,0.9069069069069069,0.7039270687237026,0.38450623871832423,0.5547252437897944,0.07324152629445385,0.20134463169350283,776,catboost,0.3752583045176609,True,utility_gap,
pc1,logreg,linear,covariate_shift,0.0,2412636436,test_only,False,high,True,ok,,0.924924924924925,0.84109396914446,0.23205009584105096,0.3347775225076929,0.03925949159174526,0.32483647286864287,776,catboost,0.3752583045176609,True,utility_gap,
pc1,logreg,linear,covariate_shift,0.05,1618443385,test_only,False,low,True,ok,,0.924924924924925,0.84109396914446,0.2331404815521711,0.33635061656578213,0.029703826620258132,0.32627567764551346,776,catboost,0.3752583045176609,True,utility_gap,
pc1,logreg,linear,covariate_shift,0.1,51866812,test_only,False,low,True,ok,,0.918918918918919,0.84109396914446,0.23656245812003884,0.3412874851902831,0.02743087955621463,0.324348305570071,776,catboost,0.3752583045176609,True,utility_gap,
pc1,logreg,linear,covariate_shift,0.2,3833006923,test_only,False,low,True,ok,,0.9129129129129129,0.84109396914446,0.2517980933906996,0.3632678606400584,0.04651951854855024,0.31303556423577034,776,catboost,0.3752583045176609,True,utility_gap,
pc1,logreg,linear,covariate_shift,0.3,718064369,test_only,False,low,True,ok,,0.9009009009009009,0.84109396914446,0.2809116594597353,0.40526985803044935,0.07577774913083705,0.2927815171003939,776,catboost,0.3752583045176609,True,utility_gap,
pc1,logreg,linear,covariate_shift,0.4,3825947176,test_only,False,low,True,ok,,0.8948948948948949,0.84109396914446,0.327588515112729,0.4726103262053134,0.09251117574564956,0.26833179042407124,776,catboost,0.3752583045176609,True,utility_gap,
pc1,tabicl,icl,covariate_shift,0.0,2412636436,test_only,False,high,True,ok,,0.924924924924925,0.8862552594670406,0.1805333110869764,0.2604545126204454,0.0341191378790289,0.36396789819026354,776,catboost,0.3752583045176609,False,,
pc1,tabicl,icl,covariate_shift,0.05,1618443385,test_only,False,low,True,ok,,0.9279279279279279,0.8486676016830295,0.22775710042450475,0.32858403930968266,0.06034588758211825,0.32557846046892097,776,catboost,0.3752583045176609,True,utility_gap,
pc1,tabicl,icl,covariate_shift,0.1,51866812,test_only,False,low,True,ok,,0.9279279279279279,0.8485273492286115,0.23843770092558497,0.34399288868630723,0.07055906640159124,0.3188640815329928,776,catboost,0.3752583045176609,True,utility_gap,
pc1,tabicl,icl,covariate_shift,0.2,3833006923,test_only,False,low,True,ok,,0.9309309309309309,0.8608695652173913,0.24934946051039694,0.3597352301266881,0.09174100209181074,0.314675218009358,776,catboost,0.3752583045176609,True,utility_gap,
pc1,tabicl,icl,covariate_shift,0.3,718064369,test_only,False,low,True,ok,,0.9309309309309309,0.8618513323983169,0.267835465146801,0.38640489734147865,0.10643029700490814,0.30408007737562526,776,catboost,0.3752583045176609,True,utility_gap;ece,
pc1,tabicl,icl,covariate_shift,0.4,3825947176,test_only,False,low,True,ok,,0.9309309309309309,0.8600280504908836,0.2840328028659225,0.4097727161444589,0.1248044466152344,0.29275675314506433,776,catboost,0.3752583045176609,True,utility_gap;ece,
pc1,xgboost,gbdt,covariate_shift,0.0,2412636436,test_only,False,high,True,ok,,0.9159159159159159,0.7935483870967741,0.31725487970353716,0.4577020416461177,0.06435044110825024,0.264948622155773,776,catboost,0.3752583045176609,True,utility_gap,
pc1,xgboost,gbdt,covariate_shift,0.05,1618443385,test_only,False,low,True,ok,,0.9279279279279279,0.8084151472650771,0.3064987358139898,0.4421842061975796,0.05340601996818709,0.27879802487905486,776,catboost,0.3752583045176609,True,utility_gap,
pc1,xgboost,gbdt,covariate_shift,0.1,51866812,test_only,False,low,True,ok,,0.9009009009009009,0.7039270687237026,0.34311621912805307,0.49501206778461304,0.0595500052895812,0.22109598779513087,776,catboost,0.3752583045176609,True,utility_gap,
pc1,xgboost,gbdt,covariate_shift,0.2,3833006923,test_only,False,low,True,ok,,0.9219219219219219,0.7907433380084151,0.29616888328779584,0.42728137918492526,0.05181365234350943,0.2765013123670541,776,catboost,0.3752583045176609,True,utility_gap,
pc1,xgboost,gbdt,covariate_shift,0.3,718064369,test_only,False,low,True,ok,,0.9099099099099099,0.729312762973352,0.3455474681053289,0.49851961862729527,0.05939333057972669,0.23031140182302576,776,catboost,0.3752583045176609,True,utility_gap,
pc1,xgboost,gbdt,covariate_shift,0.4,3825947176,test_only,False,low,True,ok,,0.8858858858858859,0.7720196353436185,0.3338504723835645,0.4816444209062064,0.06659841514845521,0.24527674595159638,776,catboost,0.3752583045176609,True,utility_gap,
pc1,catboost,gbdt,label_noise,0.0,811700726,train_only,False,high,True,ok,,0.9309309309309309,0.9113604488078542,0.18176491927129548,0.2622313476402808,0.023440439563217216,0.3752583045176609,776,catboost,0.3752583045176609,False,,
pc1,catboost,gbdt,label_noise,0.05,2663651886,train_only,False,high,True,ok,,0.9309309309309309,0.8252454417952314,0.2136305960205218,0.3082038014609603,0.03477423675750785,0.3290595564781809,776,catboost,0.3752583045176609,True,utility_gap,
pc1,catboost,gbdt,label_noise,0.1,933317123,train_only,False,high,True,ok,,0.9309309309309309,0.7863955119214585,0.24403430079023034,0.35206707555687095,0.08152962895312085,0.2929520203544646,776,catboost,0.3752583045176609,True,utility_gap,
pc1,catboost,gbdt,label_noise,0.2,4189714826,train_only,False,high,True,ok,,0.8948948948948949,0.7033660589060309,0.36086569045188616,0.520619142041908,0.13244009040321503,0.1977385941581296,776,catboost,0.3752583045176609,True,utility_gap;ece,
pc1,catboost,gbdt,label_noise,0.3,498045029,train_only,False,high,True,ok,,0.9039039039039038,0.6723702664796634,0.44364517947268933,0.6400447003395431,0.21595557481422478,0.1357106537887598,776,catboost,0.3752583045176609,True,utility_gap;ece,
pc1,catboost,gbdt,label_noise,0.4,3619365516,train_only,False,high,True,ok,,0.8408408408408409,0.5845722300140253,0.5441362062938625,0.7850226063882895,0.22524066384347985,0.05017149194585212,776,catboost,0.3752583045176609,True,utility_gap;ece;nll,
pc1,hist_gbdt,gbdt,label_noise,0.0,811700726,train_only,False,high,True,ok,,0.924924924924925,0.8739130434782609,0.28741722398472286,0.41465540370883214,0.06074589631894001,0.3080625035796924,776,catboost,0.3752583045176609,True,utility_gap,
pc1,hist_gbdt,gbdt,label_noise,0.05,2663651886,train_only,False,high,True,ok,,0.9159159159159159,0.7245441795231417,0.3083030076749095,0.44478722026374395,0.06040804649297849,0.24546007484276805,776,catboost,0.3752583045176609,True,utility_gap,
pc1,hist_gbdt,gbdt,label_noise,0.1,933317123,train_only,False,high,True,ok,,0.918918918918919,0.6553997194950911,0.2915252419646358,0.4205820208763352,0.051772898250228815,0.23069855374817339,776,catboost,0.3752583045176609,True,utility_gap,
pc1,hist_gbdt,gbdt,label_noise,0.2,4189714826,train_only,False,high,True,ok,,0.7867867867867868,0.6008415147265077,0.4678541756161668,0.6749708990206381,0.0602088641201787,0.11377950564206854,776,catboost,0.3752583045176609,True,utility_gap,
pc1,hist_gbdt,gbdt,label_noise,0.3,498045029,train_only,False,high,True,ok,,0.7297297297297297,0.6978962131837307,0.550509580067736,0.7942174411255885,0.09288486987677334,0.09688092776073402,776,catboost,0.3752583045176609,True,utility_gap;nll,
pc1,hist_gbdt,gbdt,label_noise,0.4,3619365516,train_only,False,high,True,ok,,0.6876876876876877,0.5370266479663394,0.6367747253500196,0.9186717384259049,0.10275590990773108,-0.005040223567945767,776,catboost,0.3752583045176609,True,utility_gap;ece;nll,
pc1,logreg,linear,label_noise,0.0,811700726,train_only,False,high,True,ok,,0.924924924924925,0.84109396914446,0.23205009584105096,0.3347775225076929,0.03925949159174526,0.32483647286864287,776,catboost,0.3752583045176609,True,utility_gap,
pc1,logreg,linear,label_noise,0.05,2663651886,train_only,False,high,True,ok,,0.9279279279279279,0.8739130434782608,0.22403157493622208,0.3232092421630318,0.0508229471992061,0.33793139231782976,776,catboost,0.3752583045176609,True,utility_gap,
pc1,logreg,linear,label_noise,0.1,933317123,train_only,False,high,True,ok,,0.9309309309309309,0.7957924263674614,0.25695773280305223,0.37071164683303476,0.07654767821188474,0.2916439591759637,776,catboost,0.3752583045176609,True,utility_gap,
pc1,logreg,linear,label_noise,0.2,4189714826,train_only,False,high,True,ok,,0.9219219219219219,0.8483870967741934,0.3439947561145211,0.49627952873822806,0.17490343683173318,0.25135922617144096,776,catboost,0.3752583045176609,True,utility_gap;ece,
pc1,logreg,linear,label_noise,0.3,498045029,train_only,False,high,True,ok,,0.918918918918919,0.6464235624123421,0.44409150925151464,0.6406886180980554,0.2506746497298068,0.12174456930677954,776,catboost,0.3752583045176609,True,utility_gap;ece,
pc1,logreg,linear,label_noise,0.4,3619365516,train_only,False,high,True,ok,,0.9279279279279279,0.39817671809256666,0.5488129097141928,0.7917696632205085,0.32915633024794677,-0.024811124494154374,776,catboost,0.3752583045176609,True,utility_gap;ece;nll,
pc1,tabicl,icl,label_noise,0.0,811700726,train_only,False,high,True,ok,,0.924924924924925,0.8862552594670406,0.1805333110869764,0.2604545126204454,0.0341191378790289,0.36396789819026354,776,catboost,0.3752583045176609,False,,
pc1,tabicl,icl,label_noise,0.05,2663651886,train_only,False,high,True,ok,,0.9279279279279279,0.8744740532959326,0.19871360450896425,0.28668313178225346,0.05293107718431214,0.3486639528712271,776,catboost,0.3752583045176609,False,,
pc1,tabicl,icl,label_noise,0.1,933317123,train_only,False,high,True,ok,,0.9309309309309309,0.8481065918653576,0.23804984813521962,0.3434333353890522,0.0681538843598272,0.3198161693038337,776,catboost,0.3752583045176609,True,utility_gap,
pc1,tabicl,icl,label_noise,0.2,4189714826,train_only,False,high,True,ok,,0.924924924924925,0.7451612903225806,0.3284793542876194,0.47389553546515734,0.15311686513722625,0.2267531566846495,776,catboost,0.3752583045176609,True,utility_gap;ece,
pc1,tabicl,icl,label_noise,0.3,498045029,train_only,False,high,True,ok,,0.9309309309309309,0.7086956521739131,0.4275448407008208,0.6168168214367361,0.24668289660385956,0.15330149214871647,776,catboost,0.3752583045176609,True,utility_gap;ece,
pc1,tabicl,icl,label_noise,0.4,3619365516,train_only,False,high,True,ok,,0.9309309309309309,0.5531556802244039,0.536060060120291,0.7733711903541833,0.32930716504394897,0.03537133760313618,776,catboost,0.3752583045176609,True,utility_gap;ece;nll,
pc1,xgboost,gbdt,label_noise,0.0,811700726,train_only,False,high,True,ok,,0.9159159159159159,0.7935483870967741,0.31725487970353716,0.4577020416461177,0.06435044110825024,0.264948622155773,776,catboost,0.3752583045176609,True,utility_gap,
pc1,xgboost,gbdt,label_noise,0.05,2663651886,train_only,False,high,True,ok,,0.924924924924925,0.6666199158485273,0.3446865613597364,0.49727759273476113,0.05528869528653909,0.21181469240798714,776,catboost,0.3752583045176609,True,utility_gap,
pc1,xgboost,gbdt,label_noise,0.1,933317123,train_only,False,high,True,ok,,0.918918918918919,0.6709677419354838,0.3076484019936501,0.4438428238936533,0.05376264133167254,0.22877117208082665,776,catboost,0.3752583045176609,True,utility_gap,
pc1,xgboost,gbdt,label_noise,0.2,4189714826,train_only,False,high,True,ok,,0.7957957957957958,0.5713884992987378,0.5407581237426776,0.7801490634439815,0.1162429407186745,0.0620620369469983,776,catboost,0.3752583045176609,True,utility_gap;ece;nll,
pc1,xgboost,gbdt,label_noise,0.3,498045029,train_only,False,high,True,ok,,0.7297297297297297,0.6866760168302946,0.6662151579873932,0.9611453045934695,0.13062602635052373,0.03532726870191695,776,catboost,0.3752583045176609,True,utility_gap;ece;nll,
pc1,xgboost,gbdt,label_noise,0.4,3619365516,train_only,False,high,True,ok,,0.6426426426426426,0.5750350631136044,0.7986697752043882,1.152236923995274,0.17214107210909582,-0.08244062313424347,776,catboost,0.3752583045176609,True,utility_gap;ece;nll,
pc3,catboost,gbdt,covariate_shift,0.0,3973713218,test_only,False,high,True,ok,,0.8976545842217484,0.8488717339667459,0.2528913197574027,0.36484505289787,0.022021190290559954,0.31789554059415037,1094,catboost,0.31789554059415037,False,,
pc3,catboost,gbdt,covariate_shift,0.05,3475287676,test_only,False,low,True,ok,,0.9040511727078892,0.8189330958036422,0.26548964492412586,0.38302059413940814,0.02456870307331702,0.3024143405809722,1094,catboost,0.31789554059415037,False,,
pc3,catboost,gbdt,covariate_shift,0.1,3108681833,test_only,False,low,True,ok,,0.8933901918976546,0.8105205859065717,0.28462167977584035,0.41062228594209144,0.04274220983650784,0.2859556061020192,1094,catboost,0.31789554059415037,True,utility_gap,
pc3,catboost,gbdt,covariate_shift,0.2,1318697240,test_only,False,low,True,ok,,0.8720682302771855,0.7781076801266825,0.32436007843027526,0.46795267661371337,0.0701506905790518,0.24873198148599232,1094,catboost,0.31789554059415037,True,utility_gap,
pc3,catboost,gbdt,covariate_shift,0.3,830186191,test_only,False,low,True,ok,,0.8272921108742004,0.691062945368171,0.4027668278101443,0.5810697051162742,0.08688063419773653,0.17426880913556034,1094,catboost,0.31789554059415037,True,utility_gap,
pc3,catboost,gbdt,covariate_shift,0.4,2571879071,test_only,False,low,True,ok,,0.837953091684435,0.6623119556611243,0.449292380866578,0.6481918897854075,0.1302668269208921,0.1369912159142581,1094,catboost,0.31789554059415037,True,utility_gap;ece,
pc3,hist_gbdt,gbdt,covariate_shift,0.0,3973713218,test_only,False,high,True,ok,,0.8933901918976546,0.8286817102137768,0.3718353262768317,0.5364449812469148,0.07000582176786038,0.2491124686318235,1094,catboost,0.31789554059415037,True,utility_gap,
pc3,hist_gbdt,gbdt,covariate_shift,0.05,3475287676,test_only,False,low,True,ok,,0.8720682302771855,0.8187351543942993,0.34150380103158134,0.49268584019299366,0.07207683405892754,0.25514641970989893,1094,catboost,0.31789554059415037,True,utility_gap,
pc3,hist_gbdt,gbdt,covariate_shift,0.1,3108681833,test_only,False,low,True,ok,,0.8869936034115139,0.808937054631829,0.3209871673334439,0.4630865945009554,0.06980796156050946,0.2632894389704787,1094,catboost,0.31789554059415037,True,utility_gap,
pc3,hist_gbdt,gbdt,covariate_shift,0.2,1318697240,test_only,False,low,True,ok,,0.8315565031982942,0.6993269992082343,0.45248286310935976,0.652794782695113,0.06684505189130202,0.16029048001583177,1094,catboost,0.31789554059415037,True,utility_gap,
pc3,hist_gbdt,gbdt,covariate_shift,0.3,830186191,test_only,False,low,True,ok,,0.746268656716418,0.6023604513064132,0.5372376046852055,0.7750700280584114,0.10027261513322003,0.07019092502053989,1094,catboost,0.31789554059415037,True,utility_gap;ece;nll,
pc3,hist_gbdt,gbdt,covariate_shift,0.4,2571879071,test_only,False,low,True,ok,,0.4904051172707889,0.46590459224069675,0.8147021489100484,1.1753667500341087,0.26547960951279775,-0.16907857203792995,1094,catboost,0.31789554059415037,True,utility_gap;ece;nll,
pc3,logreg,linear,covariate_shift,0.0,3973713218,test_only,False,high,True,ok,,0.8997867803837953,0.7922604908946952,0.27192593551413874,0.39230619865534005,0.014593961547332024,0.29164853696464416,1094,catboost,0.31789554059415037,False,,
pc3,logreg,linear,covariate_shift,0.05,3475287676,test_only,False,low,True,ok,,0.9019189765458422,0.7922604908946952,0.2718593926821701,0.3922101976416521,0.022378788552818718,0.29044020129196024,1094,catboost,0.31789554059415037,False,,
pc3,logreg,linear,covariate_shift,0.1,3108681833,test_only,False,low,True,ok,,0.9019189765458422,0.7922604908946952,0.27254362506918983,0.3931973363132211,0.030330271660657528,0.2885537630689218,1094,catboost,0.31789554059415037,False,,
pc3,logreg,linear,covariate_shift,0.2,1318697240,test_only,False,low,True,ok,,0.9019189765458422,0.7922604908946952,0.2759965975842113,0.3981789226369685,0.028341477973851947,0.2874570459091587,1094,catboost,0.31789554059415037,True,utility_gap,
pc3,logreg,linear,covariate_shift,0.3,830186191,test_only,False,low,True,ok,,0.9019189765458422,0.7922604908946952,0.28196266509986756,0.4067861386554145,0.034963863252195075,0.2835504040479563,1094,catboost,0.31789554059415037,True,utility_gap,
pc3,logreg,linear,covariate_shift,0.4,2571879071,test_only,False,low,True,ok,,0.9019189765458422,0.7922604908946952,0.29014214933240806,0.41858663999473017,0.04457372716366177,0.2780882808638682,1094,catboost,0.31789554059415037,True,utility_gap,
pc3,tabicl,icl,covariate_shift,0.0,3973713218,test_only,False,high,True,ok,,0.908315565031983,0.8562945368171021,0.24447196889010633,0.3526984971541174,0.022440609383831862,0.32565275161778157,1000,catboost,0.31789554059415037,False,,
pc3,tabicl,icl,covariate_shift,0.05,3475287676,test_only,False,low,True,ok,,0.906183368869936,0.8403107680126682,0.2775127763954055,0.4003663062889793,0.06295752758246427,0.29733487673173764,1000,catboost,0.31789554059415037,False,,
pc3,tabicl,icl,covariate_shift,0.1,3108681833,test_only,False,low,True,ok,,0.8997867803837953,0.8390241488519398,0.31323554949057497,0.451903373880182,0.10348933415950515,0.27235759015979255,1000,catboost,0.31789554059415037,True,utility_gap;ece,
pc3,tabicl,icl,covariate_shift,0.2,1318697240,test_only,False,low,True,ok,,0.8976545842217484,0.8362529691211402,0.3277991913075207,0.47291426770677275,0.11537004197205952,0.2623884381192176,1000,catboost,0.31789554059415037,True,utility_gap;ece,
pc3,tabicl,icl,covariate_shift,0.3,830186191,test_only,False,low,True,ok,,0.8976545842217484,0.8225950118764846,0.3784712106946083,0.5460185387883535,0.1667997878671325,0.22539092258009938,1000,catboost,0.31789554059415037,True,utility_gap;ece,
pc3,tabicl,icl,covariate_shift,0.4,2571879071,test_only,False,low,True,ok,,0.8976545842217484,0.8172011084718924,0.40974667284852273,0.5911394929393162,0.19274736256635122,0.2047772552033595,1000,catboost,0.31789554059415037,True,utility_gap;ece,
pc3,xgboost,gbdt,covariate_shift,0.0,3973713218,test_only,False,high,True,ok,,0.8976545842217484,0.806561757719715,0.39153725259259364,0.5648688526386243,0.06731203883529525,0.2340217392765161,1094,catboost,0.31789554059415037,True,utility_gap,
pc3,xgboost,gbdt,covariate_shift,0.05,3475287676,test_only,False,low,True,ok,,0.8805970149253731,0.7708333333333333,0.4378388753303823,0.6316679741475436,0.0900889583410207,0.19436303499300536,1094,catboost,0.31789554059415037,True,utility_gap,
pc3,xgboost,gbdt,covariate_shift,0.1,3108681833,test_only,False,low,True,ok,,0.8784648187633263,0.767468329374505,0.3758691941872956,0.5422646224769422,0.06951569162976054,0.22380111302654093,1094,catboost,0.31789554059415037,True,utility_gap,
pc3,xgboost,gbdt,covariate_shift,0.2,1318697240,test_only,False,low,True,ok,,0.767590618336887,0.7485154394299287,0.5467996181821443,0.7888650975113582,0.09111440218083237,0.12223658686143417,1094,catboost,0.31789554059415037,True,utility_gap;nll,
pc3,xgboost,gbdt,covariate_shift,0.3,830186191,test_only,False,low,True,ok,,0.6609808102345416,0.6823040380047505,0.8073178640813794,1.1647134789312763,0.1886366295063887,-0.049187834743816765,1094,catboost,0.31789554059415037,True,utility_gap;ece;nll,
pc3,xgboost,gbdt,covariate_shift,0.4,2571879071,test_only,False,low,True,ok,,0.4349680170575693,0.5013361045130641,1.4581599836049712,2.103680177169624,0.37077062993572457,-0.46454533999982434,1094,catboost,0.31789554059415037,True,utility_gap;ece;nll,
pc3,catboost,gbdt,label_noise,0.0,1277639104,train_only,False,high,True,ok,,0.8976545842217484,0.8488717339667459,0.2528913197574027,0.36484505289787,0.022021190290559954,0.31789554059415037,1094,catboost,0.31789554059415037,False,,
pc3,catboost,gbdt,label_noise,0.05,3433992050,train_only,False,high,True,ok,,0.9019189765458422,0.828632224861441,0.2643447545079089,0.38136886641357065,0.0297303212820563,0.30495240100289817,1094,catboost,0.31789554059415037,False,,
pc3,catboost,gbdt,label_noise,0.1,3950545172,train_only,False,high,True,ok,,0.8955223880597015,0.7794437846397466,0.3009440529387226,0.4341704927597208,0.07032836674627904,0.26281686165569446,1094,catboost,0.31789554059415037,True,utility_gap,
pc3,catboost,gbdt,label_noise,0.2,2873103936,train_only,False,high,True,ok,,0.8784648187633263,0.7226840855106889,0.38535837370548576,0.5559546147099402,0.14936788799861297,0.18804919073053536,1094,catboost,0.31789554059415037,True,utility_gap;ece,
pc3,catboost,gbdt,label_noise,0.3,114887551,train_only,False,high,True,ok,,0.8507462686567164,0.6969022169437846,0.45987765933779906,0.6634632185422669,0.1657342404646848,0.13934190257321505,1094,catboost,0.31789554059415037,True,utility_gap;ece,
pc3,catboost,gbdt,label_noise,0.4,3596930495,train_only,False,high,True,ok,,0.7526652452025586,0.6225752177355502,0.5905098571211026,0.8519256424646651,0.13548711722958592,0.04812599680250963,1094,catboost,0.31789554059415037,True,utility_gap;ece;nll,
pc3,hist_gbdt,gbdt,label_noise,0.0,1277639104,train_only,False,high,True,ok,,0.8933901918976546,0.8286817102137768,0.3718353262768317,0.5364449812469148,0.07000582176786038,0.2491124686318235,1094,catboost,0.31789554059415037,True,utility_gap,
pc3,hist_gbdt,gbdt,label_noise,0.05,3433992050,train_only,False,high,True,ok,,0.8869936034115139,0.7857284243863816,0.32208329369609545,0.4646679705685405,0.054786677135083846,0.25769626244938176,1094,catboost,0.31789554059415037,True,utility_gap,
pc3,hist_gbdt,gbdt,label_noise,0.1,3950545172,train_only,False,high,True,ok,,0.8592750533049041,0.7381730007917656,0.3397698832432322,0.4901843255984332,0.045745091871006366,0.23104749221912232,1094,catboost,0.31789554059415037,True,utility_gap,
pc3,hist_gbdt,gbdt,label_noise,0.2,2873103936,train_only,False,high,True,ok,,0.814498933901919,0.5722486144101346,0.45280414647861633,0.6532582966186596,0.051056547659471124,0.11627305661134285,1094,catboost,0.31789554059415037,True,utility_gap,
pc3,hist_gbdt,gbdt,label_noise,0.3,114887551,train_only,False,high,True,ok,,0.7547974413646056,0.6227236737925573,0.5131819310211976,0.7403650269581039,0.05249744737352796,0.09856390446994913,1094,catboost,0.31789554059415037,True,utility_gap,
pc3,hist_gbdt,gbdt,label_noise,0.4,3596930495,train_only,False,high,True,ok,,0.6226012793176973,0.5505245447347584,0.7143264237838756,1.0305551891689453,0.12426162090835532,-0.04794509837753459,1094,catboost,0.31789554059415037,True,utility_gap;ece;nll,
pc3,logreg,linear,label_noise,0.0,1277639104,train_only,False,high,True,ok,,0.8997867803837953,0.7922604908946952,0.27192593551413874,0.39230619865534005,0.014593961547332024,0.29164853696464416,1094,catboost,0.31789554059415037,False,,
pc3,logreg,linear,label_noise,0.05,3433992050,train_only,False,high,True,ok,,0.8997867803837953,0.8116092636579573,0.2910804170934739,0.41994027424064584,0.048946878991427155,0.28325980126737516,1094,catboost,0.31789554059415037,True,utility_gap,
pc3,logreg,linear,label_noise,0.1,3950545172,train_only,False,high,True,ok,,0.8891257995735607,0.7705364212193191,0.40088446804872613,0.5783540340233073,0.0710008040129298,0.2153502463532176,1094,catboost,0.31789554059415037,True,utility_gap,
pc3,logreg,linear,label_noise,0.2,2873103936,train_only,False,high,True,ok,,0.8955223880597015,0.7588578780680919,0.46587783332767896,0.6721196398019375,0.18539589264356035,0.16121354506349406,1094,catboost,0.31789554059415037,True,utility_gap;ece,
pc3,logreg,linear,label_noise,0.3,114887551,train_only,False,high,True,ok,,0.8933901918976546,0.7330760095011877,0.5045092385641922,0.727852976559227,0.23622067433252242,0.12498510427579128,1094,catboost,0.31789554059415037,True,utility_gap;ece,
pc3,logreg,linear,label_noise,0.4,3596930495,train_only,False,high,True,ok,,0.8294243070362474,0.6846793349168646,0.5740901651159105,0.8282370342358503,0.23766060695648397,0.06804818161428784,1094,catboost,0.31789554059415037,True,utility_gap;ece;nll,
pc3,tabicl,icl,label_noise,0.0,1277639104,train_only,False,high,True,ok,,0.908315565031983,0.8562945368171021,0.24447196889010633,0.3526984971541174,0.022440609383831862,0.32565275161778157,1000,catboost,0.31789554059415037,False,,
pc3,tabicl,icl,label_noise,0.05,3433992050,train_only,False,high,True,ok,,0.8976545842217484,0.859362628661916,0.2607117922499167,0.3761276097802285,0.042042984805631754,0.31417822776973797,1000,catboost,0.31789554059415037,False,,
pc3,tabicl,icl,label_noise,0.1,3950545172,train_only,False,high,True,ok,,0.8997867803837953,0.832887965162312,0.29156522097941473,0.4206396984026964,0.07297584213210068,0.28569172691714945,1000,catboost,0.31789554059415037,True,utility_gap,
pc3,tabicl,icl,label_noise,0.2,2873103936,train_only,False,high,True,ok,,0.9019189765458422,0.7931017418844021,0.37622575092894184,0.5427790251199107,0.15621077622648377,0.21879759336014706,1000,catboost,0.31789554059415037,True,utility_gap;ece,
pc3,tabicl,icl,label_noise,0.3,114887551,train_only,False,high,True,ok,,0.8976545842217484,0.7818190815518606,0.45368019512676794,0.6545221676589253,0.2279637225322373,0.1663354713722884,1000,catboost,0.31789554059415037,True,utility_gap;ece,
pc3,tabicl,icl,label_noise,0.4,3596930495,train_only,False,high,True,ok,,0.8763326226012793,0.7097189231987332,0.5734718047546318,0.8273449288091511,0.2979840998628449,0.07205121789443414,1000,catboost,0.31789554059415037,True,utility_gap;ece;nll,
pc3,xgboost,gbdt,label_noise,0.0,1277639104,train_only,False,high,True,ok,,0.8976545842217484,0.806561757719715,0.39153725259259364,0.5648688526386243,0.06731203883529525,0.2340217392765161,1094,catboost,0.31789554059415037,True,utility_gap,
pc3,xgboost,gbdt,label_noise,0.05,3433992050,train_only,False,high,True,ok,,0.8742004264392325,0.788722288202692,0.358906242657754,0.5177922564264327,0.06716916466244412,0.2384113549764085,1094,catboost,0.31789554059415037,True,utility_gap,
pc3,xgboost,gbdt,label_noise,0.1,3950545172,train_only,False,high,True,ok,,0.8528784648187633,0.7484164687252572,0.39169336855373416,0.5650940803615653,0.06351667759052188,0.20764597415008051,1094,catboost,0.31789554059415037,True,utility_gap,
pc3,xgboost,gbdt,label_noise,0.2,2873103936,train_only,False,high,True,ok,,0.7995735607675906,0.6109956452889944,0.5007463544054543,0.7224242822439764,0.08634879388206247,0.0997874665166812,1094,catboost,0.31789554059415037,True,utility_gap,
pc3,xgboost,gbdt,label_noise,0.3,114887551,train_only,False,high,True,ok,,0.720682302771855,0.6424683293745052,0.6354473293783515,0.9167567108402834,0.1232602796469554,0.03328719151537894,1094,catboost,0.31789554059415037,True,utility_gap;ece;nll,
pc3,xgboost,gbdt,label_noise,0.4,3596930495,train_only,False,high,True,ok,,0.6289978678038379,0.5541864608076009,0.8702670927137197,1.2555300189069392,0.18768414106633674,-0.12588089243211306,1094,catboost,0.31789554059415037,True,utility_gap;ece;nll,
pc4,catboost,gbdt,covariate_shift,0.0,3201597434,test_only,False,high,True,ok,,0.9246575342465754,0.9483704974271011,0.17881089015993476,0.257969584490679,0.029583867114277726,0.38732065546641237,1020,catboost,0.38732065546641237,False,,
pc4,catboost,gbdt,covariate_shift,0.05,1956075214,test_only,False,low,True,ok,,0.9178082191780822,0.8886302376868415,0.24917178500068854,0.35947889854994436,0.06283004729032282,0.32828213704405895,1020,catboost,0.38732065546641237,True,utility_gap,
pc4,catboost,gbdt,covariate_shift,0.1,550620341,test_only,False,low,True,ok,,0.8904109589041096,0.8309973045822103,0.29267879116018264,0.42224624058017207,0.07595086729294288,0.2825466548067498,1020,catboost,0.38732065546641237,True,utility_gap,
pc4,catboost,gbdt,covariate_shift,0.2,1103348049,test_only,False,low,True,ok,,0.8881278538812786,0.8762803234501346,0.2716502376868265,0.3919084507670928,0.04346224303781987,0.3136523074520471,1020,catboost,0.38732065546641237,True,utility_gap,
pc4,catboost,gbdt,covariate_shift,0.3,3598305418,test_only,False,low,True,ok,,0.8995433789954338,0.8782406272972311,0.2599508245723848,0.3750297654855764,0.025979625199366523,0.3246108717177997,1020,catboost,0.38732065546641237,True,utility_gap,
pc4,catboost,gbdt,covariate_shift,0.4,2871890870,test_only,False,low,True,ok,,0.8904109589041096,0.8350159274687576,0.2844788082944004,0.4104161659643336,0.0326203219473097,0.29616830427091956,1020,catboost,0.38732065546641237,True,utility_gap,
pc4,hist_gbdt,gbdt,covariate_shift,0.0,3201597434,test_only,False,high,True,ok,,0.908675799086758,0.9338642489585887,0.2703095332793265,0.38997422316709457,0.0655202768940618,0.333057534669579,1020,catboost,0.38732065546641237,True,utility_gap,
pc4,hist_gbdt,gbdt,covariate_shift,0.05,1956075214,test_only,False,low,True,ok,,0.9041095890410958,0.8732908600833129,0.28950151015675246,0.41766239303301267,0.049151706373917366,0.30613918020063663,1020,catboost,0.38732065546641237,True,utility_gap,
pc4,hist_gbdt,gbdt,covariate_shift,0.1,550620341,test_only,False,low,True,ok,,0.7922374429223744,0.7383239402107327,0.4884212848187636,0.7046429654726463,0.10927476997342703,0.14400115187563334,1020,catboost,0.38732065546641237,True,utility_gap;ece,
pc4,hist_gbdt,gbdt,covariate_shift,0.2,1103348049,test_only,False,low,True,ok,,0.8881278538812786,0.8937270276892919,0.36358971696472403,0.5245490815832292,0.08230033009942174,0.2721988472785908,1020,catboost,0.38732065546641237,True,utility_gap,
pc4,hist_gbdt,gbdt,covariate_shift,0.3,3598305418,test_only,False,low,True,ok,,0.9018264840182648,0.8619210977701544,0.34208088354845545,0.49351839427827165,0.07029785209006661,0.27483126812079894,1020,catboost,0.38732065546641237,True,utility_gap,
pc4,hist_gbdt,gbdt,covariate_shift,0.4,2871890870,test_only,False,low,True,ok,,0.8812785388127854,0.8071796128399902,0.43501918989422417,0.6276000279519315,0.10146590772073438,0.20613145538618802,1020,catboost,0.38732065546641237,True,utility_gap;ece,
pc4,logreg,linear,covariate_shift,0.0,3201597434,test_only,False,high,True,ok,,0.9223744292237442,0.9166135751041411,0.20773579293047076,0.29969939827592673,0.03123065818298176,0.36301496455063664,1020,catboost,0.38732065546641237,False,,
pc4,logreg,linear,covariate_shift,0.05,1956075214,test_only,False,low,True,ok,,0.9223744292237442,0.9166135751041411,0.20661774271749336,0.2980863927781994,0.025505167032515735,0.36464396443004804,1020,catboost,0.38732065546641237,False,,
pc4,logreg,linear,covariate_shift,0.1,550620341,test_only,False,low,True,ok,,0.9200913242009132,0.9166135751041411,0.2112615652762012,0.3047860125544155,0.015152866611317562,0.36436207282799815,1020,catboost,0.38732065546641237,False,,
pc4,logreg,linear,covariate_shift,0.2,1103348049,test_only,False,low,True,ok,,0.9155251141552512,0.9166135751041411,0.2347828031932798,0.33871998585295426,0.038386418293188576,0.34885023899521306,1020,catboost,0.38732065546641237,True,utility_gap,
pc4,logreg,linear,covariate_shift,0.3,3598305418,test_only,False,low,True,ok,,0.906392694063927,0.9166135751041411,0.27291327171387,0.39373062369438244,0.059961108680578766,0.32666224655160797,1020,catboost,0.38732065546641237,True,utility_gap,
pc4,logreg,linear,covariate_shift,0.4,2871890870,test_only,False,low,True,ok,,0.9018264840182648,0.9166135751041411,0.32150573004361566,0.4638347223513101,0.07794492866177855,0.30134932145144033,1020,catboost,0.38732065546641237,True,utility_gap,
pc4,tabicl,icl,covariate_shift,0.0,3201597434,test_only,False,high,True,ok,,0.9269406392694064,0.9572898799313894,0.17554678867842102,0.25326048147034086,0.02817582511936724,0.39247924440142146,1000,catboost,0.38732065546641237,False,,
pc4,tabicl,icl,covariate_shift,0.05,1956075214,test_only,False,low,True,ok,,0.9292237442922374,0.9298946336682186,0.25205589356504954,0.3636397876731334,0.09772117616399047,0.33621051189297396,1000,catboost,0.38732065546641237,True,utility_gap,
pc4,tabicl,icl,covariate_shift,0.1,550620341,test_only,False,low,True,ok,,0.9041095890410958,0.9316098995344279,0.2677239450791388,0.3862440078929028,0.08975673740918777,0.3278553533435057,1000,catboost,0.38732065546641237,True,utility_gap,
pc4,tabicl,icl,covariate_shift,0.2,1103348049,test_only,False,low,True,ok,,0.8881278538812786,0.8968635138446459,0.28383584250889177,0.409488562414119,0.07207371733209632,0.3098600957371629,1000,catboost,0.38732065546641237,True,utility_gap,
pc4,tabicl,icl,covariate_shift,0.3,3598305418,test_only,False,low,True,ok,,0.8789954337899544,0.877995589316344,0.2972688555347893,0.4288683036907783,0.08007535069628509,0.29447221008272306,1000,catboost,0.38732065546641237,True,utility_gap,
pc4,tabicl,icl,covariate_shift,0.4,2871890870,test_only,False,low,True,ok,,0.8789954337899544,0.8570693457485911,0.309445649473367,0.44643570391989107,0.08837750315867864,0.2802173742727969,1000,catboost,0.38732065546641237,True,utility_gap,
pc4,xgboost,gbdt,covariate_shift,0.0,3201597434,test_only,False,high,True,ok,,0.9041095890410958,0.9395981377113453,0.27815066786864096,0.4012865891540415,0.0639228661821234,0.3313052365724981,1020,catboost,0.38732065546641237,True,utility_gap,
pc4,xgboost,gbdt,covariate_shift,0.05,1956075214,test_only,False,low,True,ok,,0.908675799086758,0.9380789022298456,0.25660784920000645,0.3702068714940323,0.054243066702665474,0.3427183108547169,1020,catboost,0.38732065546641237,True,utility_gap,
pc4,xgboost,gbdt,covariate_shift,0.1,550620341,test_only,False,low,True,ok,,0.9018264840182648,0.8772114677775056,0.30015365143209205,0.4330301844257937,0.06506914872746915,0.29937510125163475,1020,catboost,0.38732065546641237,True,utility_gap,
pc4,xgboost,gbdt,covariate_shift,0.2,1103348049,test_only,False,low,True,ok,,0.8904109589041096,0.8454545454545453,0.4468808355101673,0.6447127652588349,0.09107099049420037,0.2178427070682168,1020,catboost,0.38732065546641237,True,utility_gap,
pc4,xgboost,gbdt,covariate_shift,0.3,3598305418,test_only,False,low,True,ok,,0.8835616438356164,0.8471698113207548,0.4828518009737427,0.6966078987491233,0.09999418764054903,0.20006247338475983,1020,catboost,0.38732065546641237,True,utility_gap,
pc4,xgboost,gbdt,covariate_shift,0.4,2871890870,test_only,False,low,True,ok,,0.8767123287671232,0.8576574369027199,0.46612307084631105,0.672473442753908,0.1047597434644045,0.2089929707119671,1020,catboost,0.38732065546641237,True,utility_gap;ece,
pc4,catboost,gbdt,label_noise,0.0,1545110548,train_only,False,high,True,ok,,0.9246575342465754,0.9483704974271011,0.17881089015993476,0.257969584490679,0.029583867114277726,0.38732065546641237,1020,catboost,0.38732065546641237,False,,
pc4,catboost,gbdt,label_noise,0.05,1592224429,train_only,False,high,True,ok,,0.9200913242009132,0.9358245528056849,0.216448344530038,0.3122689532621116,0.06266616176893558,0.35933837377970607,1020,catboost,0.38732065546641237,False,,
pc4,catboost,gbdt,label_noise,0.1,3836215015,train_only,False,high,True,ok,,0.9178082191780822,0.9199460916442048,0.2569157611628211,0.37065109455581535,0.09596141522258816,0.3292647535409217,1020,catboost,0.38732065546641237,True,utility_gap,
pc4,catboost,gbdt,label_noise,0.2,1377686514,train_only,False,high,True,ok,,0.8904109589041096,0.9050477824062729,0.35135560041025105,0.5068989823004334,0.16279052224085427,0.2657005685395111,1020,catboost,0.38732065546641237,True,utility_gap;ece,
pc4,catboost,gbdt,label_noise,0.3,1058521666,train_only,False,high,True,ok,,0.8812785388127854,0.7896839010046557,0.4432276059807321,0.6394422691334897,0.19524380421401483,0.1776997045906974,1020,catboost,0.38732065546641237,True,utility_gap;ece,
pc4,catboost,gbdt,label_noise,0.4,709377711,train_only,False,high,True,ok,,0.773972602739726,0.6480029404557708,0.5614632157490367,0.8100201970027053,0.14844855241898913,0.07020114998586922,1020,catboost,0.38732065546641237,True,utility_gap;ece;nll,
pc4,hist_gbdt,gbdt,label_noise,0.0,1545110548,train_only,False,high,True,ok,,0.908675799086758,0.9338642489585887,0.2703095332793265,0.38997422316709457,0.0655202768940618,0.333057534669579,1020,catboost,0.38732065546641237,True,utility_gap,
pc4,hist_gbdt,gbdt,label_noise,0.05,1592224429,train_only,False,high,True,ok,,0.8926940639269406,0.9125949522175938,0.24905941555110941,0.35931678370228914,0.037843202438282986,0.3379486672668556,1020,catboost,0.38732065546641237,True,utility_gap,
pc4,hist_gbdt,gbdt,label_noise,0.1,3836215015,train_only,False,high,True,ok,,0.8881278538812786,0.9083312913501592,0.26329604543616947,0.3798558990364369,0.042587810862339086,0.32866079817134863,1020,catboost,0.38732065546641237,True,utility_gap,
pc4,hist_gbdt,gbdt,label_noise,0.2,1377686514,train_only,False,high,True,ok,,0.819634703196347,0.8045822102425877,0.3994938313447836,0.5763477693468513,0.03705000066641847,0.22423464812701865,1020,catboost,0.38732065546641237,True,utility_gap,
pc4,hist_gbdt,gbdt,label_noise,0.3,1058521666,train_only,False,high,True,ok,,0.7785388127853882,0.7034305317324185,0.46896922416519526,0.6765795740326719,0.024817489553108595,0.1550441379037314,1020,catboost,0.38732065546641237,True,utility_gap,
pc4,hist_gbdt,gbdt,label_noise,0.4,709377711,train_only,False,high,True,ok,,0.6735159817351598,0.6266846361185983,0.6456951858454406,0.9315412425450948,0.11318421935956764,0.018267803266341393,1020,catboost,0.38732065546641237,True,utility_gap;ece;nll,
pc4,logreg,linear,label_noise,0.0,1545110548,train_only,False,high,True,ok,,0.9223744292237442,0.9166135751041411,0.20773579293047076,0.29969939827592673,0.03123065818298176,0.36301496455063664,1020,catboost,0.38732065546641237,False,,
pc4,logreg,linear,label_noise,0.05,1592224429,train_only,False,high,True,ok,,0.9269406392694064,0.897843665768194,0.2580494096837313,0.3722866036550436,0.06770397177065886,0.328059603458634,1020,catboost,0.38732065546641237,True,utility_gap,
pc4,logreg,linear,label_noise,0.1,3836215015,train_only,False,high,True,ok,,0.9315068493150684,0.9165155599117862,0.26662424466220824,0.3846574755549335,0.10838204717115321,0.3234328212656747,1020,catboost,0.38732065546641237,True,utility_gap;ece,
pc4,logreg,linear,label_noise,0.2,1377686514,train_only,False,high,True,ok,,0.9155251141552512,0.9074491546189658,0.3514503492832956,0.5070356760297047,0.17120072517351595,0.26858512339631113,1020,catboost,0.38732065546641237,True,utility_gap;ece,
pc4,logreg,linear,label_noise,0.3,1058521666,train_only,False,high,True,ok,,0.9018264840182648,0.7811565792697869,0.48072209383044123,0.6935353808149365,0.22909196201156878,0.15479976870037043,1020,catboost,0.38732065546641237,True,utility_gap;ece,
pc4,logreg,linear,label_noise,0.4,709377711,train_only,False,high,True,ok,,0.817351598173516,0.6004165645675079,0.5836264480286157,0.8419949823025243,0.2240956467618785,0.03533091328152216,1020,catboost,0.38732065546641237,True,utility_gap;ece;nll,
pc4,tabicl,icl,label_noise,0.0,1545110548,train_only,False,high,True,ok,,0.9269406392694064,0.9572898799313894,0.17554678867842102,0.25326048147034086,0.02817582511936724,0.39247924440142146,1000,catboost,0.38732065546641237,False,,
pc4,tabicl,icl,label_noise,0.05,1592224429,train_only,False,high,True,ok,,0.9360730593607306,0.9575349179122764,0.19120151834403495,0.2758454823253794,0.06274591279125907,0.3802453529175407,1000,catboost,0.38732065546641237,False,,
pc4,tabicl,icl,label_noise,0.1,3836215015,train_only,False,high,True,ok,,0.9155251141552512,0.9387650085763294,0.23874258206651314,0.3444327391963849,0.0772555984184829,0.3471155786823909,1000,catboost,0.38732065546641237,True,utility_gap,
pc4,tabicl,icl,label_noise,0.2,1377686514,train_only,False,high,True,ok,,0.908675799086758,0.9283753981867189,0.332807020933929,0.4801390386744088,0.16894420817456937,0.28340220599112875,1000,catboost,0.38732065546641237,True,utility_gap;ece,
pc4,tabicl,icl,label_noise,0.3,1058521666,train_only,False,high,True,ok,,0.9269406392694064,0.8893653516295026,0.4107272237140531,0.5925541288103563,0.2380398117436887,0.2249447679688922,1000,catboost,0.38732065546641237,True,utility_gap;ece,
pc4,tabicl,icl,label_noise,0.4,709377711,train_only,False,high,True,ok,,0.8812785388127854,0.774442538593482,0.5610801521580379,0.8094675530596263,0.294214685924175,0.10156346622691362,1000,catboost,0.38732065546641237,True,utility_gap;ece;nll,
pc4,xgboost,gbdt,label_noise,0.0,1545110548,train_only,False,high,True,ok,,0.9041095890410958,0.9395981377113453,0.27815066786864096,0.4012865891540415,0.0639228661821234,0.3313052365724981,1020,catboost,0.38732065546641237,True,utility_gap,
pc4,xgboost,gbdt,label_noise,0.05,1592224429,train_only,False,high,True,ok,,0.8881278538812786,0.907106101445724,0.3100448168057509,0.447300119658984,0.0621227413230074,0.30409172942589846,1020,catboost,0.38732065546641237,True,utility_gap,
pc4,xgboost,gbdt,label_noise,0.1,3836215015,train_only,False,high,True,ok,,0.8812785388127854,0.8745650575839256,0.3354340538702648,0.48392904606391246,0.05401725058401645,0.2823073870403147,1020,catboost,0.38732065546641237,True,utility_gap,
pc4,xgboost,gbdt,label_noise,0.2,1377686514,train_only,False,high,True,ok,,0.8059360730593608,0.795123744180348,0.47462581559605,0.684740310438301,0.07391986335373527,0.17897765561978857,1020,catboost,0.38732065546641237,True,utility_gap,
pc4,xgboost,gbdt,label_noise,0.3,1058521666,train_only,False,high,True,ok,,0.7579908675799086,0.7258270031854938,0.5454121681293064,0.7868634302006479,0.09006635503159796,0.11366578118539515,1020,catboost,0.38732065546641237,True,utility_gap;nll,
pc4,xgboost,gbdt,label_noise,0.4,709377711,train_only,False,high,True,ok,,0.6278538812785388,0.5913991668708649,0.7913988843197763,1.1417472457731999,0.20607807897476585,-0.08257199893032954,1020,catboost,0.38732065546641237,True,utility_gap;ece;nll,
pendigits,catboost,gbdt,covariate_shift,0.0,850147953,test_only,True,low,True,ok,,0.9936325045482111,0.9999686353789748,0.02154077960912981,0.009355041720139162,0.006808159164816492,0.49486575371586783,7694,catboost,0.49486575371586783,False,,
pendigits,catboost,gbdt,covariate_shift,0.05,1908831214,test_only,True,low,True,ok,,0.9860521528198909,0.9998475402291358,0.0456041942836356,0.01980564992902676,0.010150305801888866,0.4898827058640954,7694,catboost,0.49486575371586783,False,,
pendigits,catboost,gbdt,covariate_shift,0.1,3514009998,test_only,True,low,True,ok,,0.9426925409338993,0.9990778024023153,0.16419029208191785,0.0713069378332601,0.012062858329572835,0.4672764589650026,7694,catboost,0.49486575371586783,False,,
pendigits,catboost,gbdt,covariate_shift,0.2,291484989,test_only,True,low,True,ok,,0.6713159490600363,0.9793184255624195,1.0021258470102041,0.43521772552915394,0.16336206056448188,0.2802211115342097,7694,catboost,0.49486575371586783,True,utility_gap;ece,
pendigits,catboost,gbdt,covariate_shift,0.3,21195251,test_only,True,low,True,ok,,0.3963007883565797,0.909882559846022,2.392773550705591,1.0391683495154889,0.42137468745469003,-0.01812142814599005,7694,catboost,0.49486575371586783,True,utility_gap;ece;nll,
pendigits,catboost,gbdt,covariate_shift,0.4,3098963260,test_only,True,low,True,ok,,0.3132201334141904,0.7979431918277037,2.7962032857624797,1.2143756572863864,0.4073958882070224,-0.11952873767549559,7694,catboost,0.49486575371586783,True,utility_gap;ece;nll,
pendigits,hist_gbdt,gbdt,covariate_shift,0.0,850147953,test_only,True,low,True,ok,,0.9933292904790783,0.9998998344602386,0.031747313506337006,0.013787683071054739,0.00544407470050705,0.4937392157715273,7694,catboost,0.49486575371586783,False,,
pendigits,hist_gbdt,gbdt,covariate_shift,0.05,1908831214,test_only,True,low,True,ok,,0.9721043056397817,0.999289407525666,0.1182644286276189,0.05136158875841585,0.020015551708987424,0.47615535151062804,7694,catboost,0.49486575371586783,False,,
pendigits,hist_gbdt,gbdt,covariate_shift,0.1,3514009998,test_only,True,low,True,ok,,0.9035779260157671,0.9960576556164267,0.38334182284844986,0.16648323834581566,0.055628142539197234,0.4230862683565302,7694,catboost,0.49486575371586783,True,utility_gap,
pendigits,hist_gbdt,gbdt,covariate_shift,0.2,291484989,test_only,True,low,True,ok,,0.586719223771983,0.9318393178587103,2.2453100990754917,0.9751257861901296,0.3282350890732607,0.0559668911446551,7694,catboost,0.49486575371586783,True,utility_gap;ece;nll,
pendigits,hist_gbdt,gbdt,covariate_shift,0.3,21195251,test_only,True,low,True,ok,,0.3493026076409945,0.774203110466171,5.124166921719837,2.225397418454097,0.554864155620367,-0.4552255768509935,7694,catboost,0.49486575371586783,True,utility_gap;ece;nll,
pendigits,hist_gbdt,gbdt,covariate_shift,0.4,3098963260,test_only,True,low,True,ok,,0.19678593086719223,0.6823021370353228,7.389691142915511,3.2093020863375408,0.7299283146880505,-0.8404526512464305,7694,catboost,0.49486575371586783,True,utility_gap;ece;nll,
pendigits,logreg,linear,covariate_shift,0.0,850147953,test_only,True,low,True,ok,,0.9557307459066101,0.9976323143667326,0.15950871310658069,0.06927375391767689,0.03257312157989675,0.46523417142306545,7694,catboost,0.49486575371586783,False,,
pendigits,logreg,linear,covariate_shift,0.05,1908831214,test_only,True,low,True,ok,,0.9038811400849,0.9964362046229255,0.26078013770293296,0.11325537479435392,0.014431557897527843,0.4474719186129471,7694,catboost,0.49486575371586783,True,utility_gap,
pendigits,logreg,linear,covariate_shift,0.1,3514009998,test_only,True,low,True,ok,,0.8062462098241359,0.9905612511626469,0.6288235897944054,0.27309461513830424,0.07084924055100483,0.3715351367288546,7694,catboost,0.49486575371586783,True,utility_gap,
pendigits,logreg,linear,covariate_shift,0.2,291484989,test_only,True,low,True,ok,,0.4414796846573681,0.9612771096091415,2.7236786544706435,1.182878610114274,0.42631575985432346,-0.037457793943342255,7694,catboost,0.49486575371586783,True,utility_gap;ece;nll,
pendigits,logreg,linear,covariate_shift,0.3,21195251,test_only,True,low,True,ok,,0.2932080048514251,0.9278677749355868,6.416903093583153,2.786825604451069,0.6450442811181387,-0.5963216156037793,7694,catboost,0.49486575371586783,True,utility_gap;ece;nll,
pendigits,logreg,linear,covariate_shift,0.4,3098963260,test_only,True,low,True,ok,,0.18647665251667678,0.8771813488180319,10.669895535003086,4.633876753335985,0.7498458813214183,-1.2051472323012664,7694,catboost,0.49486575371586783,True,utility_gap;ece;nll,
pendigits,tabicl,icl,covariate_shift,0.0,850147953,test_only,True,low,True,ok,,0.9936325045482111,0.9999705733754801,0.019243680174088566,0.008357424111117671,0.0034861116601294815,0.4958301267982885,1000,catboost,0.49486575371586783,False,,
pendigits,tabicl,icl,covariate_shift,0.05,1908831214,test_only,True,low,True,ok,,0.976349302607641,0.9996843533944432,0.25099463164265967,0.10900558350974641,0.16969293650600656,0.429701656725076,1000,catboost,0.49486575371586783,True,utility_gap;ece,
pendigits,tabicl,icl,covariate_shift,0.1,3514009998,test_only,True,low,True,ok,,0.8662825955124318,0.9973189964609762,0.5501724909544625,0.2389368769164898,0.20066648497747544,0.3671896780177645,1000,catboost,0.49486575371586783,True,utility_gap;ece,
pendigits,tabicl,icl,covariate_shift,0.2,291484989,test_only,True,low,True,ok,,0.6573681018799272,0.9929524713755391,1.0086030873197194,0.43803075525353774,0.14698934791841653,0.28533148410368314,1000,catboost,0.49486575371586783,True,utility_gap;ece,
pendigits,tabicl,icl,covariate_shift,0.3,21195251,test_only,True,low,True,ok,,0.42359005457853244,0.963259434334098,1.5952925342685087,0.6928267446542675,0.08468403603775179,0.17589447959988355,1000,catboost,0.49486575371586783,True,utility_gap,
pendigits,tabicl,icl,covariate_shift,0.4,3098963260,test_only,True,low,True,ok,,0.29805942995755,0.9145223009474209,1.9971028392453278,0.8673307428775628,0.039290032310095147,0.09673449049994196,1000,catboost,0.49486575371586783,True,utility_gap;nll,
pendigits,xgboost,gbdt,covariate_shift,0.0,850147953,test_only,True,low,True,ok,,0.9915100060642814,0.9998286214767482,0.02873596339896106,0.012479870336342598,0.0015521062383262835,0.494612136077936,7694,catboost,0.49486575371586783,False,,
pendigits,xgboost,gbdt,covariate_shift,0.05,1908831214,test_only,True,low,True,ok,,0.9493632504548211,0.9992263176422499,0.16482761791299283,0.07158372492487036,0.02448091012493657,0.4657623992405622,7694,catboost,0.49486575371586783,False,,
pendigits,xgboost,gbdt,covariate_shift,0.1,3514009998,test_only,True,low,True,ok,,0.8778047301394785,0.9964892189835519,0.3725442367113571,0.16179390626860124,0.04745666442951227,0.4224124313986821,7694,catboost,0.49486575371586783,True,utility_gap,
pendigits,xgboost,gbdt,covariate_shift,0.2,291484989,test_only,True,low,True,ok,,0.5842935112189206,0.9351245226097863,1.804215191891087,0.7835607020043156,0.28673376447237087,0.12252264610049445,7694,catboost,0.49486575371586783,True,utility_gap;ece;nll,
pendigits,xgboost,gbdt,covariate_shift,0.3,21195251,test_only,True,low,True,ok,,0.34505761067313523,0.8173838479208857,3.5928872335689817,1.5603710996396485,0.49979084823320447,-0.23022651116525517,7694,catboost,0.49486575371586783,True,utility_gap;ece;nll,
pendigits,xgboost,gbdt,covariate_shift,0.4,3098963260,test_only,True,low,True,ok,,0.19739235900545785,0.7297384927668965,5.1290788229564965,2.2275306300568323,0.6920006809332521,-0.5216419988844676,7694,catboost,0.49486575371586783,True,utility_gap;ece;nll,
pendigits,catboost,gbdt,label_noise,0.0,4226942111,train_only,True,low,True,ok,,0.9936325045482111,0.9999686353789748,0.02154077960912981,0.009355041720139162,0.006808159164816492,0.49486575371586783,7694,catboost,0.49486575371586783,False,,
pendigits,catboost,gbdt,label_noise,0.05,791580103,train_only,True,low,True,ok,,0.9896907216494846,0.9998564871766925,0.08772063309113436,0.038096586900539436,0.05718706631881694,0.47553698942533973,7694,catboost,0.49486575371586783,False,,
pendigits,catboost,gbdt,label_noise,0.1,4249564648,train_only,True,low,True,ok,,0.9869617950272893,0.999593565848523,0.14518196755161378,0.06305172737952282,0.10188559379375517,0.45860938032846854,7694,catboost,0.49486575371586783,True,utility_gap;ece,
pendigits,catboost,gbdt,label_noise,0.2,162197832,train_only,True,low,True,ok,,0.979381443298969,0.9993867329730655,0.27599463152115195,0.11986294550455757,0.1917016294453425,0.42239336349498247,7694,catboost,0.49486575371586783,True,utility_gap;ece,
pendigits,catboost,gbdt,label_noise,0.3,3282255718,train_only,True,low,True,ok,,0.9687689508793208,0.9988728863529737,0.4214300204631115,0.18302473239550382,0.2777616337369013,0.38446110638940745,7694,catboost,0.49486575371586783,True,utility_gap;ece,
pendigits,catboost,gbdt,label_noise,0.4,2267040136,train_only,True,low,True,ok,,0.9526986052152819,0.9978119389194061,0.5818017449055334,0.25267328737415645,0.3553647752866313,0.34526402813451124,7694,catboost,0.49486575371586783,True,utility_gap;ece,
pendigits,hist_gbdt,gbdt,label_noise,0.0,4226942111,train_only,True,low,True,ok,,0.9933292904790783,0.9998998344602386,0.031747313506337006,0.013787683071054739,0.00544407470050705,0.4937392157715273,7694,catboost,0.49486575371586783,False,,
pendigits,hist_gbdt,gbdt,label_noise,0.05,791580103,train_only,True,low,True,ok,,0.9918132201334142,0.9999059830204027,0.030243628184384582,0.013134640833211886,0.005733879275672426,0.49365190897205496,7694,catboost,0.49486575371586783,False,,
pendigits,hist_gbdt,gbdt,label_noise,0.1,4249564648,train_only,True,low,True,ok,,0.9875682231655549,0.9996916162372681,0.06782085898679974,0.02945422481590569,0.030283828281601543,0.483134266056785,7694,catboost,0.49486575371586783,False,,
pendigits,hist_gbdt,gbdt,label_noise,0.2,162197832,train_only,True,low,True,ok,,0.9830200121285627,0.9994463265812616,0.1882272899538531,0.08174607337056178,0.12556360899519442,0.4476226723125185,7694,catboost,0.49486575371586783,True,utility_gap;ece,
pendigits,hist_gbdt,gbdt,label_noise,0.3,3282255718,train_only,True,low,True,ok,,0.9624014554275319,0.9982974100409855,0.35770747955172394,0.155350384504834,0.2193793313134228,0.40328333021433993,7694,catboost,0.49486575371586783,True,utility_gap;ece,
pendigits,hist_gbdt,gbdt,label_noise,0.4,2267040136,train_only,True,low,True,ok,,0.9442086112795633,0.9972945016086767,0.5248732482822351,0.22794955542761014,0.3064224915383281,0.36101500231902267,7694,catboost,0.49486575371586783,True,utility_gap;ece,
pendigits,logreg,linear,label_noise,0.0,4226942111,train_only,True,low,True,ok,,0.9557307459066101,0.9976323143667326,0.15950871310658069,0.06927375391767689,0.03257312157989675,0.46523417142306545,7694,catboost,0.49486575371586783,False,,
pendigits,logreg,linear,label_noise,0.05,791580103,train_only,True,low,True,ok,,0.9414796846573681,0.9959062324989473,0.27876596132964543,0.12106651874792028,0.11306378665966385,0.4308564211169279,7694,catboost,0.49486575371586783,True,utility_gap;ece,
pendigits,logreg,linear,label_noise,0.1,4249564648,train_only,True,low,True,ok,,0.9357186173438448,0.9951441738234547,0.37169674999732794,0.16142584746521205,0.17792767847077545,0.4046449635060671,7694,catboost,0.49486575371586783,True,utility_gap;ece,
pendigits,logreg,linear,label_noise,0.2,162197832,train_only,True,low,True,ok,,0.9208611279563371,0.9928677396474985,0.5450091333850755,0.23669445921601162,0.2787049948877514,0.35888354132772127,7694,catboost,0.49486575371586783,True,utility_gap;ece,
pendigits,logreg,linear,label_noise,0.3,3282255718,train_only,True,low,True,ok,,0.9126743480897513,0.9915877195184869,0.7107421376833418,0.3086713884519966,0.3689471865460287,0.3175660002001284,7694,catboost,0.49486575371586783,True,utility_gap;ece,
pendigits,logreg,linear,label_noise,0.4,2267040136,train_only,True,low,True,ok,,0.9035779260157671,0.9903603585499582,0.8926956780601488,0.38769280700040437,0.45328363974791125,0.2751982443451469,7694,catboost,0.49486575371586783,True,utility_gap;ece,
pendigits,tabicl,icl,label_noise,0.0,4226942111,train_only,True,low,True,ok,,0.9936325045482111,0.9999705733754801,0.019243680174088566,0.008357424111117671,0.0034861116601294815,0.4958301267982885,1000,catboost,0.49486575371586783,False,,
pendigits,tabicl,icl,label_noise,0.05,791580103,train_only,True,low,True,ok,,0.992116434202547,0.9998948641339813,0.06150262127646397,0.02671024904295383,0.03613392109156158,0.483540808646077,1000,catboost,0.49486575371586783,False,,
pendigits,tabicl,icl,label_noise,0.1,4249564648,train_only,True,low,True,ok,,0.9896907216494846,0.9998055107866598,0.1012956704763682,0.043992150728576845,0.06961533919980259,0.47126482396422004,998,catboost,0.49486575371586783,False,,
pendigits,tabicl,icl,label_noise,0.2,162197832,train_only,True,low,True,ok,,0.9787750151607034,0.9995954229250659,0.25429246910661796,0.1104378161225573,0.17775611748668593,0.42799208196377414,1000,catboost,0.49486575371586783,True,utility_gap;ece,
pendigits,tabicl,icl,label_noise,0.3,3282255718,train_only,True,low,True,ok,,0.9760460885385082,0.9986117254940796,0.37470246645926963,0.16273121353879907,0.26238003271698446,0.39462564659866745,1000,catboost,0.49486575371586783,True,utility_gap;ece,
pendigits,tabicl,icl,label_noise,0.4,2267040136,train_only,True,low,True,ok,,0.9627046694966647,0.9987936052175337,0.5762142474906913,0.2502466680792419,0.37117434877030386,0.3446745920728031,1000,catboost,0.49486575371586783,True,utility_gap;ece,
pendigits,xgboost,gbdt,label_noise,0.0,4226942111,train_only,True,low,True,ok,,0.9915100060642814,0.9998286214767482,0.02873596339896106,0.012479870336342598,0.0015521062383262835,0.494612136077936,7694,catboost,0.49486575371586783,False,,
pendigits,xgboost,gbdt,label_noise,0.05,791580103,train_only,True,low,True,ok,,0.992116434202547,0.9998882150839317,0.03185196403023603,0.013833132216112369,0.00901823689318747,0.4928247533662869,7694,catboost,0.49486575371586783,False,,
pendigits,xgboost,gbdt,label_noise,0.1,4249564648,train_only,True,low,True,ok,,0.9878714372346877,0.9997853550553641,0.05412600526795457,0.02350662541533901,0.01927066871840037,0.48719946848629875,7694,catboost,0.49486575371586783,False,,
pendigits,xgboost,gbdt,label_noise,0.2,162197832,train_only,True,low,True,ok,,0.9733171619163129,0.999407831721079,0.1297491991188575,0.05634936120868607,0.0561335896912447,0.4676587890889698,7694,catboost,0.49486575371586783,False,,
pendigits,xgboost,gbdt,label_noise,0.3,3282255718,train_only,True,low,True,ok,,0.9551243177683445,0.9984192410544364,0.2432207524945012,0.10562943069271843,0.11682148942691489,0.4376622549411059,7694,catboost,0.49486575371586783,True,utility_gap;ece,
pendigits,xgboost,gbdt,label_noise,0.4,2267040136,train_only,True,low,True,ok,,0.9114614918132201,0.9951213986347682,0.4136619713947695,0.17965111154996918,0.1662426874581706,0.3978678423375269,7694,catboost,0.49486575371586783,True,utility_gap;ece,
phoneme,catboost,gbdt,covariate_shift,0.0,3797670182,test_only,True,medium,True,ok,,0.8834771886559802,0.9496274949770483,0.2629909567233997,0.3794157490634928,0.019466600750925923,0.3471731566711309,3782,catboost,0.3471731566711309,False,,
phoneme,catboost,gbdt,covariate_shift,0.05,112867050,test_only,True,low,True,ok,,0.8390875462392109,0.917767499670025,0.3496716497807368,0.5044695550781314,0.031911943569454315,0.28935850158306015,3782,catboost,0.3471731566711309,True,utility_gap,
phoneme,catboost,gbdt,covariate_shift,0.1,1239422150,test_only,True,low,True,ok,,0.7792848335388409,0.8816416619003622,0.494957724787367,0.7140730550004187,0.09334103043274246,0.1925771841092788,3782,catboost,0.3471731566711309,True,utility_gap,
phoneme,catboost,gbdt,covariate_shift,0.2,227882674,test_only,True,low,True,ok,,0.7040690505548706,0.8255459251763533,0.7419647734358121,1.0704288991501494,0.18235731098053046,0.036951299453803314,3782,catboost,0.3471731566711309,True,utility_gap;ece;nll,
phoneme,catboost,gbdt,covariate_shift,0.3,2595602307,test_only,True,low,True,ok,,0.6461159062885327,0.7964934664965463,0.965164634074481,1.392438231220665,0.24039570864026044,-0.09012051187718048,3782,catboost,0.3471731566711309,True,utility_gap;ece;nll,
phoneme,catboost,gbdt,covariate_shift,0.4,1346331037,test_only,True,low,True,ok,,0.623921085080148,0.7320951940985818,1.2197438686024653,1.7597184303874962,0.26579203964391285,-0.2312524563485056,3782,catboost,0.3471731566711309,True,utility_gap;ece;nll,
phoneme,hist_gbdt,gbdt,covariate_shift,0.0,3797670182,test_only,True,medium,True,ok,,0.8951911220715166,0.9485349113467375,0.2634893210871225,0.38013473685959137,0.020133515080646754,0.3481987632080789,3782,catboost,0.3471731566711309,False,,
phoneme,hist_gbdt,gbdt,covariate_shift,0.05,112867050,test_only,True,low,True,ok,,0.8224414303329223,0.9094493818469795,0.3802763122629743,0.548622749869336,0.06579450861856313,0.26392777151186775,3782,catboost,0.3471731566711309,True,utility_gap,
phoneme,hist_gbdt,gbdt,covariate_shift,0.1,1239422150,test_only,True,low,True,ok,,0.7651048088779285,0.8666791323859386,0.5473693412011681,0.7896870340855842,0.12729559379183358,0.15573818868272582,3782,catboost,0.3471731566711309,True,utility_gap;ece;nll,
phoneme,hist_gbdt,gbdt,covariate_shift,0.2,227882674,test_only,True,low,True,ok,,0.7022194821208385,0.8164926965550618,0.7062412240314911,1.0188907115815837,0.18445272034750831,0.04854760856842065,3782,catboost,0.3471731566711309,True,utility_gap;ece;nll,
phoneme,hist_gbdt,gbdt,covariate_shift,0.3,2595602307,test_only,True,low,True,ok,,0.6609124537607891,0.7876464722014461,0.8186671434038661,1.1810870279274917,0.23074141971367007,-0.02566125898635696,3782,catboost,0.3471731566711309,True,utility_gap;ece;nll,
phoneme,hist_gbdt,gbdt,covariate_shift,0.4,1346331037,test_only,True,low,True,ok,,0.6393341553637485,0.7275039596990629,0.9399482371335033,1.3560586604048286,0.2576157353878299,-0.10781423599978027,3782,catboost,0.3471731566711309,True,utility_gap;ece;nll,
phoneme,logreg,linear,covariate_shift,0.0,3797670182,test_only,True,medium,True,ok,,0.7540073982737361,0.8102882514262248,0.47316732724009225,0.6826361565199665,0.03688743502039314,0.1845336637801705,3782,catboost,0.3471731566711309,True,utility_gap,
phoneme,logreg,linear,covariate_shift,0.05,112867050,test_only,True,low,True,ok,,0.7620221948212084,0.8102882514262248,0.47466314779494334,0.6847941694165098,0.03873506744009338,0.18471895290938828,3782,catboost,0.3471731566711309,True,utility_gap,
phoneme,logreg,linear,covariate_shift,0.1,1239422150,test_only,True,low,True,ok,,0.7663378545006165,0.8102882514262248,0.4782668196431517,0.6899931689209112,0.040856499907902834,0.1833823155164172,3782,catboost,0.3471731566711309,True,utility_gap,
phoneme,logreg,linear,covariate_shift,0.2,227882674,test_only,True,low,True,ok,,0.7620221948212084,0.8102882514262248,0.4919772597564423,0.7097731528807607,0.056048112112039604,0.1737626489357238,3782,catboost,0.3471731566711309,True,utility_gap,
phoneme,logreg,linear,covariate_shift,0.3,2595602307,test_only,True,low,True,ok,,0.750924784217016,0.8102882514262248,0.5146109142165799,0.7424266139275956,0.05113556563411116,0.16328450832663016,3782,catboost,0.3471731566711309,True,utility_gap,
phoneme,logreg,linear,covariate_shift,0.4,1346331037,test_only,True,low,True,ok,,0.7318125770653514,0.8102882514262248,0.5464029184515082,0.7882927807772476,0.01663528238387749,0.15355788384903157,3782,catboost,0.3471731566711309,True,utility_gap;nll,
phoneme,tabicl,icl,covariate_shift,0.0,3797670182,test_only,True,medium,True,ok,,0.8581997533908755,0.9329564286447564,0.2986290746071746,0.43083068500103106,0.021806709850074792,0.3216541655639718,1000,catboost,0.3471731566711309,False,,
phoneme,tabicl,icl,covariate_shift,0.05,112867050,test_only,True,low,True,ok,,0.8242909987669543,0.9071102262894687,0.3723641902865382,0.537207970731023,0.03824727417449689,0.27232038296215094,1000,catboost,0.3471731566711309,True,utility_gap,
phoneme,tabicl,icl,covariate_shift,0.1,1239422150,test_only,True,low,True,ok,,0.7836004932182491,0.8679532022232976,0.4253808634375341,0.6136948621703958,0.043566437278860906,0.22850194865400056,1000,catboost,0.3471731566711309,True,utility_gap,
phoneme,tabicl,icl,covariate_shift,0.2,227882674,test_only,True,low,True,ok,,0.6676942046855734,0.8191059146171558,0.6358398211085095,0.9173229567129723,0.13677221356977706,0.08428987109099341,1000,catboost,0.3471731566711309,True,utility_gap;ece;nll,
phoneme,tabicl,icl,covariate_shift,0.3,2595602307,test_only,True,low,True,ok,,0.7083847102342786,0.7927592502969774,0.5819152671025396,0.8395262700664105,0.04988271556790039,0.12188902000558062,1000,catboost,0.3471731566711309,True,utility_gap;nll,
phoneme,tabicl,icl,covariate_shift,0.4,1346331037,test_only,True,low,True,ok,,0.6911220715166461,0.7789937964714682,0.5971112728847447,0.8614494722497178,0.05912502882412912,0.1060562920527696,1000,catboost,0.3471731566711309,True,utility_gap;nll,
phoneme,xgboost,gbdt,covariate_shift,0.0,3797670182,test_only,True,medium,True,ok,,0.8847102342786684,0.9491361989822107,0.29887063808757086,0.43117918743625866,0.05382205126976647,0.3247860383007431,3782,catboost,0.3471731566711309,False,,
phoneme,xgboost,gbdt,covariate_shift,0.05,112867050,test_only,True,low,True,ok,,0.8199753390875463,0.901610644257703,0.5293680256203898,0.763716625367718,0.11058829312904278,0.18732738011720396,3782,catboost,0.3471731566711309,True,utility_gap;ece;nll,
phoneme,xgboost,gbdt,covariate_shift,0.1,1239422150,test_only,True,low,True,ok,,0.7583230579531443,0.8587615674542068,0.7953147569694998,1.1473966558257085,0.17567466409610683,0.03496107773501006,3782,catboost,0.3471731566711309,True,utility_gap;ece;nll,
phoneme,xgboost,gbdt,covariate_shift,0.2,227882674,test_only,True,low,True,ok,,0.7262638717632552,0.8148840688107704,1.0662376032852712,1.5382557026689947,0.21599560871740342,-0.11052682769592122,3782,catboost,0.3471731566711309,True,utility_gap;ece;nll,
phoneme,xgboost,gbdt,covariate_shift,0.3,2595602307,test_only,True,low,True,ok,,0.7090012330456227,0.8043065393696747,1.1267944965329328,1.6256208322490386,0.23099048549303694,-0.14602687303708944,3782,catboost,0.3471731566711309,True,utility_gap;ece;nll,
phoneme,xgboost,gbdt,covariate_shift,0.4,1346331037,test_only,True,low,True,ok,,0.6621454993834772,0.7421328479035594,1.2506149880455502,1.8042560413147255,0.25192027490356306,-0.23259254570136287,3782,catboost,0.3471731566711309,True,utility_gap;ece;nll,
phoneme,catboost,gbdt,label_noise,0.0,3260412492,train_only,True,medium,True,ok,,0.8834771886559802,0.9496274949770483,0.2629909567233997,0.3794157490634928,0.019466600750925923,0.3471731566711309,3782,catboost,0.3471731566711309,False,,
phoneme,catboost,gbdt,label_noise,0.05,471835201,train_only,True,medium,True,ok,,0.8865598027127004,0.9431398213735755,0.29541752434347146,0.4261973973620209,0.05492077874392502,0.3242395329302652,3782,catboost,0.3471731566711309,False,,
phoneme,catboost,gbdt,label_noise,0.1,2974796010,train_only,True,medium,True,ok,,0.8859432799013564,0.9388813116869785,0.32983420259784074,0.4758501684034705,0.09528133717593806,0.2996886331194171,3782,catboost,0.3471731566711309,True,utility_gap,
phoneme,catboost,gbdt,label_noise,0.2,1773909251,train_only,True,medium,True,ok,,0.840937114673243,0.9038874712188539,0.41486911758138334,0.598529618552642,0.11871700975171919,0.23919889461144886,3782,catboost,0.3471731566711309,True,utility_gap;ece,
phoneme,catboost,gbdt,label_noise,0.3,211529636,train_only,True,medium,True,ok,,0.840937114673243,0.8851650607887134,0.4893576824945379,0.7059939017557858,0.18190714563818106,0.1877687388226641,3782,catboost,0.3471731566711309,True,utility_gap;ece,
phoneme,catboost,gbdt,label_noise,0.4,2492970002,train_only,True,medium,True,ok,,0.7379778051787916,0.754388666461349,0.6074071960829235,0.8763033495891039,0.14282037589344973,0.08327762398286973,3782,catboost,0.3471731566711309,True,utility_gap;ece;nll,
phoneme,hist_gbdt,gbdt,label_noise,0.0,3260412492,train_only,True,medium,True,ok,,0.8951911220715166,0.9485349113467375,0.2634893210871225,0.38013473685959137,0.020133515080646754,0.3481987632080789,3782,catboost,0.3471731566711309,False,,
phoneme,hist_gbdt,gbdt,label_noise,0.05,471835201,train_only,True,medium,True,ok,,0.8736128236744759,0.9375284145071641,0.29450776458288086,0.4248848914670165,0.03815991366193192,0.32407941845618743,3782,catboost,0.3471731566711309,False,,
phoneme,hist_gbdt,gbdt,label_noise,0.1,2974796010,train_only,True,medium,True,ok,,0.8853267570900123,0.9362928417440274,0.3182436497295139,0.459128535259174,0.07415265991336284,0.30793241561348667,3782,catboost,0.3471731566711309,True,utility_gap,
phoneme,hist_gbdt,gbdt,label_noise,0.2,1773909251,train_only,True,medium,True,ok,,0.8347718865598027,0.876024755451919,0.42166896222543593,0.6083397206994321,0.08656665176197328,0.23200920082991777,3782,catboost,0.3471731566711309,True,utility_gap,
phoneme,hist_gbdt,gbdt,label_noise,0.3,211529636,train_only,True,medium,True,ok,,0.8070283600493219,0.8435093932861102,0.4920078452161688,0.7098172783718315,0.1237515695388819,0.17858704423821098,3782,catboost,0.3471731566711309,True,utility_gap;ece,
phoneme,hist_gbdt,gbdt,label_noise,0.4,2492970002,train_only,True,medium,True,ok,,0.6602959309494452,0.6878840541452182,0.6235633803881885,0.8996117965659979,0.03286448477279216,0.06334737266888535,3782,catboost,0.3471731566711309,True,utility_gap;nll,
phoneme,logreg,linear,label_noise,0.0,3260412492,train_only,True,medium,True,ok,,0.7540073982737361,0.8102882514262248,0.47316732724009225,0.6826361565199665,0.03688743502039314,0.1845336637801705,3782,catboost,0.3471731566711309,True,utility_gap,
phoneme,logreg,linear,label_noise,0.05,471835201,train_only,True,medium,True,ok,,0.7552404438964242,0.8115219909953512,0.4765055623268986,0.6874522117250235,0.039312660102446925,0.1832205678948401,3782,catboost,0.3471731566711309,True,utility_gap,
phoneme,logreg,linear,label_noise,0.1,2974796010,train_only,True,medium,True,ok,,0.7564734895191122,0.8101397627113673,0.48881034188702455,0.7052042561756491,0.04983453180510769,0.17549175716312915,3782,catboost,0.3471731566711309,True,utility_gap,
phoneme,logreg,linear,label_noise,0.2,1773909251,train_only,True,medium,True,ok,,0.7681874229346486,0.8102900846202356,0.5201474194732807,0.7504141026052935,0.10438938770330303,0.15282753473503102,3782,catboost,0.3471731566711309,True,utility_gap;ece;nll,
phoneme,logreg,linear,label_noise,0.3,211529636,train_only,True,medium,True,ok,,0.7472256473489519,0.8103579127986273,0.5655627668753469,0.8159345990825039,0.16562426571155273,0.11780388371480068,3782,catboost,0.3471731566711309,True,utility_gap;ece;nll,
phoneme,logreg,linear,label_noise,0.4,2492970002,train_only,True,medium,True,ok,,0.7583230579531443,0.8090618446331411,0.6288464098083035,0.9072335969112684,0.2081672413405123,0.08311657697308804,3782,catboost,0.3471731566711309,True,utility_gap;ece;nll,
phoneme,tabicl,icl,label_noise,0.0,3260412492,train_only,True,medium,True,ok,,0.8581997533908755,0.9329564286447564,0.2986290746071746,0.43083068500103106,0.021806709850074792,0.3216541655639718,1000,catboost,0.3471731566711309,False,,
phoneme,tabicl,icl,label_noise,0.05,471835201,train_only,True,medium,True,ok,,0.8501849568434032,0.9253156760086232,0.3147675770975962,0.45411362251133647,0.02816866279657167,0.3095204108168133,1000,catboost,0.3471731566711309,True,utility_gap,
phoneme,tabicl,icl,label_noise,0.1,2974796010,train_only,True,medium,True,ok,,0.844019728729963,0.9175026031354951,0.3599463443602745,0.5192928059946792,0.0647229662100476,0.2789964353665045,1000,catboost,0.3471731566711309,True,utility_gap,
phoneme,tabicl,icl,label_noise,0.2,1773909251,train_only,True,medium,True,ok,,0.8113440197287299,0.8833410327481779,0.4379703801618649,0.6318576955157765,0.09121895261101218,0.22306986524423636,1000,catboost,0.3471731566711309,True,utility_gap,
phoneme,tabicl,icl,label_noise,0.3,211529636,train_only,True,medium,True,ok,,0.813810110974106,0.8748212635839675,0.49396532310091495,0.7126413220088046,0.14728115914846268,0.18501033046817056,1000,catboost,0.3471731566711309,True,utility_gap;ece,
phoneme,tabicl,icl,label_noise,0.4,2492970002,train_only,True,medium,True,ok,,0.7860665844636252,0.8095678061800636,0.615680921542269,0.8882398122789785,0.22387021995775883,0.0900127321573207,1000,catboost,0.3471731566711309,True,utility_gap;ece;nll,
phoneme,xgboost,gbdt,label_noise,0.0,3260412492,train_only,True,medium,True,ok,,0.8847102342786684,0.9491361989822107,0.29887063808757086,0.43117918743625866,0.05382205126976647,0.3247860383007431,3782,catboost,0.3471731566711309,False,,
phoneme,xgboost,gbdt,label_noise,0.05,471835201,train_only,True,medium,True,ok,,0.8816276202219482,0.9412131344684471,0.28567579637506035,0.4121430547323049,0.025102978763761438,0.3330052279248049,3782,catboost,0.3471731566711309,False,,
phoneme,xgboost,gbdt,label_noise,0.1,2974796010,train_only,True,medium,True,ok,,0.8680641183723797,0.9182487130978045,0.32712016872393584,0.4719346451927833,0.013174680692380907,0.30738133764377734,3782,catboost,0.3471731566711309,True,utility_gap,
phoneme,xgboost,gbdt,label_noise,0.2,1773909251,train_only,True,medium,True,ok,,0.8002466091245376,0.8392288852713862,0.4556368326486674,0.657344998908587,0.039360985644781465,0.2086914044121334,3782,catboost,0.3471731566711309,True,utility_gap,
phoneme,xgboost,gbdt,label_noise,0.3,211529636,train_only,True,medium,True,ok,,0.7348951911220715,0.7785996597591917,0.5454478035679523,0.7869148412712622,0.037117232592364005,0.1392462606841763,3782,catboost,0.3471731566711309,True,utility_gap;nll,
phoneme,xgboost,gbdt,label_noise,0.4,2492970002,train_only,True,medium,True,ok,,0.6128236744759556,0.6377296992095269,0.7378065103259416,1.0644297935828277,0.12741015895943092,-0.0296820239720067,3782,catboost,0.3471731566711309,True,utility_gap;ece;nll,
qsar-biodeg,catboost,gbdt,covariate_shift,0.0,2141823057,test_only,True,medium,True,ok,,0.8801261829652997,0.9388518024032042,0.2961142583954186,0.42720257212358353,0.024418365753925027,0.3275726134980563,738,catboost,0.3275726134980563,False,,
qsar-biodeg,catboost,gbdt,covariate_shift,0.05,1808789527,test_only,True,low,True,ok,,0.8548895899053628,0.9195816644414775,0.3470036138398114,0.5006203928572448,0.05186538008065316,0.28952782716701747,738,catboost,0.3275726134980563,True,utility_gap,
qsar-biodeg,catboost,gbdt,covariate_shift,0.1,1468831665,test_only,True,low,True,ok,,0.7854889589905363,0.895638629283489,0.5010953530433888,0.7229277808482014,0.10411561839142035,0.1935954061650571,738,catboost,0.3275726134980563,True,utility_gap;ece,
qsar-biodeg,catboost,gbdt,covariate_shift,0.2,89205288,test_only,True,low,True,ok,,0.6719242902208202,0.8435246995994659,0.9183707190480492,1.324928882068252,0.26517359324129486,-0.0544910948757985,738,catboost,0.3275726134980563,True,utility_gap;ece;nll,
qsar-biodeg,catboost,gbdt,covariate_shift,0.3,1135325101,test_only,True,low,True,ok,,0.6624605678233438,0.8227859368046284,1.204641317008022,1.737930054097423,0.31106817811894727,-0.19624848879789486,738,catboost,0.3275726134980563,True,utility_gap;ece;nll,
qsar-biodeg,catboost,gbdt,covariate_shift,0.4,4196914101,test_only,True,low,True,ok,,0.6624605678233438,0.7329773030707609,1.3150032646911722,1.897148688722751,0.3167905638957876,-0.27659157814771496,738,catboost,0.3275726134980563,True,utility_gap;ece;nll,
qsar-biodeg,hist_gbdt,gbdt,covariate_shift,0.0,2141823057,test_only,True,medium,True,ok,,0.861198738170347,0.9315531820204717,0.37621378888962503,0.5427617675451094,0.08445973088581814,0.2755029479920207,738,catboost,0.3275726134980563,True,utility_gap,
qsar-biodeg,hist_gbdt,gbdt,covariate_shift,0.05,1808789527,test_only,True,low,True,ok,,0.832807570977918,0.9130396083667112,0.5027561066673228,0.7253237418655895,0.10934724286990802,0.2050184274413781,738,catboost,0.3275726134980563,True,utility_gap;ece,
qsar-biodeg,hist_gbdt,gbdt,covariate_shift,0.1,1468831665,test_only,True,low,True,ok,,0.7791798107255521,0.8789052069425901,0.688477644386534,0.993263283319368,0.15343776324105976,0.095827256394717,738,catboost,0.3275726134980563,True,utility_gap;ece;nll,
qsar-biodeg,hist_gbdt,gbdt,covariate_shift,0.2,89205288,test_only,True,low,True,ok,,0.6845425867507886,0.8258566978193147,1.4546822721679722,2.098662900125823,0.282182996163283,-0.29430423702102504,738,catboost,0.3275726134980563,True,utility_gap;ece;nll,
qsar-biodeg,hist_gbdt,gbdt,covariate_shift,0.3,1135325101,test_only,True,low,True,ok,,0.6719242902208202,0.8237427681352915,1.7777938025845959,2.5648143027119295,0.31901341202984035,-0.44414836083907183,738,catboost,0.3275726134980563,True,utility_gap;ece;nll,
qsar-biodeg,hist_gbdt,gbdt,covariate_shift,0.4,4196914101,test_only,True,low,True,ok,,0.6624605678233438,0.7239207832665776,2.2994585874413285,3.3174175008311457,0.33508271186492034,-0.709500433305524,738,catboost,0.3275726134980563,True,utility_gap;ece;nll,
qsar-biodeg,logreg,linear,covariate_shift,0.0,2141823057,test_only,True,medium,True,ok,,0.8738170347003155,0.9358700489541611,0.3082705561759719,0.44474040264715725,0.02145147083707738,0.320914657377441,738,catboost,0.3275726134980563,False,,
qsar-biodeg,logreg,linear,covariate_shift,0.05,1808789527,test_only,True,low,True,ok,,0.8517350157728707,0.9358700489541611,0.3501570272545404,0.5051698067525471,0.03566953729866286,0.2966299200143903,738,catboost,0.3275726134980563,True,utility_gap,
qsar-biodeg,logreg,linear,covariate_shift,0.1,1468831665,test_only,True,low,True,ok,,0.8201892744479495,0.9358700489541611,0.4528941829897933,0.6533881918468335,0.10662277026923857,0.23324189669325113,738,catboost,0.3275726134980563,True,utility_gap;ece,
qsar-biodeg,logreg,linear,covariate_shift,0.2,89205288,test_only,True,low,True,ok,,0.6876971608832808,0.9358700489541611,0.812588340971148,1.1723171698032653,0.24899012337252485,0.02921591565096396,738,catboost,0.3275726134980563,True,utility_gap;ece;nll,
qsar-biodeg,logreg,linear,covariate_shift,0.3,1135325101,test_only,True,low,True,ok,,0.6624605678233438,0.9358700489541611,1.3037750384164324,1.8809497823582049,0.31735076942308166,-0.20083148628461983,738,catboost,0.3275726134980563,True,utility_gap;ece;nll,
qsar-biodeg,logreg,linear,covariate_shift,0.4,4196914101,test_only,True,low,True,ok,,0.6624605678233438,0.9358700489541611,1.8467469601218776,2.6642926811446013,0.33313919856623775,-0.4389920417491699,738,catboost,0.3275726134980563,True,utility_gap;ece;nll,
qsar-biodeg,tabicl,icl,covariate_shift,0.0,2141823057,test_only,True,medium,True,ok,,0.8801261829652997,0.9444147752558967,0.27808837535131314,0.4011967200482081,0.04049176250121282,0.33410673026965376,738,catboost,0.3275726134980563,False,,
qsar-biodeg,tabicl,icl,covariate_shift,0.05,1808789527,test_only,True,low,True,ok,,0.7350157728706624,0.9204717400979083,0.4611312736666912,0.6652718017177469,0.09997263526000777,0.21284140739754165,738,catboost,0.3275726134980563,True,utility_gap,
qsar-biodeg,tabicl,icl,covariate_shift,0.1,1468831665,test_only,True,low,True,ok,,0.668769716088328,0.8917668001780151,0.5952675839088366,0.8587895913072335,0.2058168120714516,0.11363359766909412,738,catboost,0.3275726134980563,True,utility_gap;ece;nll,
qsar-biodeg,tabicl,icl,covariate_shift,0.2,89205288,test_only,True,low,True,ok,,0.6656151419558359,0.8518024032042724,0.6796383287728973,0.9805108465187219,0.22783015668888298,0.058253827121477524,738,catboost,0.3275726134980563,True,utility_gap;ece;nll,
qsar-biodeg,tabicl,icl,covariate_shift,0.3,1135325101,test_only,True,low,True,ok,,0.6624605678233438,0.8324432576769025,0.8800651873385539,1.2696656814323484,0.27619468345475556,-0.045414415760238164,738,catboost,0.3275726134980563,True,utility_gap;ece;nll,
qsar-biodeg,tabicl,icl,covariate_shift,0.4,4196914101,test_only,True,low,True,ok,,0.6624605678233438,0.8324432576769025,1.0025988220641877,1.44644434859312,0.2938574317907512,-0.10198056557566879,738,catboost,0.3275726134980563,True,utility_gap;ece;nll,
qsar-biodeg,xgboost,gbdt,covariate_shift,0.0,2141823057,test_only,True,medium,True,ok,,0.8454258675078864,0.9322207387627949,0.43015926778204133,0.6205886424215787,0.10844195459440731,0.24522615504780604,738,catboost,0.3275726134980563,True,utility_gap;ece,
qsar-biodeg,xgboost,gbdt,covariate_shift,0.05,1808789527,test_only,True,low,True,ok,,0.8264984227129337,0.9088117489986649,0.6095931474145719,0.8794570107348978,0.13322915820747616,0.15157594069450817,738,catboost,0.3275726134980563,True,utility_gap;ece;nll,
qsar-biodeg,xgboost,gbdt,covariate_shift,0.1,1468831665,test_only,True,low,True,ok,,0.8012618296529969,0.8800623052959502,0.7254236211281135,1.0465650607452437,0.14851653941047563,0.08453825519586383,738,catboost,0.3275726134980563,True,utility_gap;ece;nll,
qsar-biodeg,xgboost,gbdt,covariate_shift,0.2,89205288,test_only,True,low,True,ok,,0.7381703470031545,0.8322652425456164,1.0558660909848612,1.5232927733066743,0.2163129192378425,-0.09823202889813185,738,catboost,0.3275726134980563,True,utility_gap;ece;nll,
qsar-biodeg,xgboost,gbdt,covariate_shift,0.3,1135325101,test_only,True,low,True,ok,,0.7129337539432177,0.8501335113484646,1.3135978688537666,1.8951211311176401,0.2559620316447686,-0.2152419536008005,738,catboost,0.3275726134980563,True,utility_gap;ece;nll,
qsar-biodeg,xgboost,gbdt,covariate_shift,0.4,4196914101,test_only,True,low,True,ok,,0.6750788643533123,0.8245215843346685,1.7766732039575561,2.563197620629872,0.31912407782505514,-0.4429397175838418,738,catboost,0.3275726134980563,True,utility_gap;ece;nll,
qsar-biodeg,catboost,gbdt,label_noise,0.0,1101812446,train_only,True,medium,True,ok,,0.8801261829652997,0.9388518024032042,0.2961142583954186,0.42720257212358353,0.024418365753925027,0.3275726134980563,738,catboost,0.3275726134980563,False,,
qsar-biodeg,catboost,gbdt,label_noise,0.05,840456462,train_only,True,medium,True,ok,,0.8580441640378549,0.9375611927013796,0.3168080990540636,0.4570574734187571,0.07256884017916328,0.30522203198970127,738,catboost,0.3275726134980563,False,,
qsar-biodeg,catboost,gbdt,label_noise,0.1,374981860,train_only,True,medium,True,ok,,0.8643533123028391,0.9159768580329328,0.35991051657601314,0.5192411174279993,0.08288592445749385,0.27789537703705375,738,catboost,0.3275726134980563,True,utility_gap,
qsar-biodeg,catboost,gbdt,label_noise,0.2,127447862,train_only,True,medium,True,ok,,0.832807570977918,0.8987538940809968,0.4333436387749153,0.6251827186613486,0.1170461459806063,0.22852095378051068,738,catboost,0.3275726134980563,True,utility_gap;ece,
qsar-biodeg,catboost,gbdt,label_noise,0.3,45233061,train_only,True,medium,True,ok,,0.7917981072555205,0.8639964396973743,0.5041754178223087,0.7273713750303659,0.1268436048807881,0.17758833649714173,738,catboost,0.3275726134980563,True,utility_gap;ece,
qsar-biodeg,catboost,gbdt,label_noise,0.4,3001955417,train_only,True,medium,True,ok,,0.7381703470031545,0.7935024477080552,0.5809287766783999,0.8381030652236197,0.11477046594706135,0.1140663959917943,738,catboost,0.3275726134980563,True,utility_gap;ece;nll,
qsar-biodeg,hist_gbdt,gbdt,label_noise,0.0,1101812446,train_only,True,medium,True,ok,,0.861198738170347,0.9315531820204717,0.37621378888962503,0.5427617675451094,0.08445973088581814,0.2755029479920207,738,catboost,0.3275726134980563,True,utility_gap,
qsar-biodeg,hist_gbdt,gbdt,label_noise,0.05,840456462,train_only,True,medium,True,ok,,0.861198738170347,0.9234979973297731,0.3419352944741888,0.49330835364281955,0.05976239542696598,0.2924591246127335,738,catboost,0.3275726134980563,True,utility_gap,
qsar-biodeg,hist_gbdt,gbdt,label_noise,0.1,374981860,train_only,True,medium,True,ok,,0.8107255520504731,0.8767690253671562,0.42844396693879927,0.6181139864014007,0.08129191919620536,0.2267854119264143,738,catboost,0.3275726134980563,True,utility_gap,
qsar-biodeg,hist_gbdt,gbdt,label_noise,0.2,127447862,train_only,True,medium,True,ok,,0.7697160883280757,0.8292834890965732,0.48545429316794486,0.700362501331651,0.0585147610775993,0.18389493181799674,738,catboost,0.3275726134980563,True,utility_gap,
qsar-biodeg,hist_gbdt,gbdt,label_noise,0.3,45233061,train_only,True,medium,True,ok,,0.6971608832807571,0.7571428571428571,0.5882767322710887,0.8487039243178641,0.10263707244574198,0.09443554070760592,738,catboost,0.3275726134980563,True,utility_gap;ece;nll,
qsar-biodeg,hist_gbdt,gbdt,label_noise,0.4,3001955417,train_only,True,medium,True,ok,,0.6656151419558359,0.7211392968402314,0.6567688226968996,0.9475171235153,0.09944247577847612,0.04809739297717115,738,catboost,0.3275726134980563,True,utility_gap;nll,
qsar-biodeg,logreg,linear,label_noise,0.0,1101812446,train_only,True,medium,True,ok,,0.8738170347003155,0.9358700489541611,0.3082705561759719,0.44474040264715725,0.02145147083707738,0.320914657377441,738,catboost,0.3275726134980563,False,,
qsar-biodeg,logreg,linear,label_noise,0.05,840456462,train_only,True,medium,True,ok,,0.8454258675078864,0.9303960836671117,0.3285380702798504,0.4739802447359699,0.05253637778278496,0.299751160432324,738,catboost,0.3275726134980563,False,,
qsar-biodeg,logreg,linear,label_noise,0.1,374981860,train_only,True,medium,True,ok,,0.8548895899053628,0.9205607476635514,0.41803066302890785,0.6030907644913307,0.09544327145607215,0.25041381652943373,738,catboost,0.3275726134980563,True,utility_gap,
qsar-biodeg,logreg,linear,label_noise,0.2,127447862,train_only,True,medium,True,ok,,0.8107255520504731,0.8753894080996883,0.4583040358901622,0.6611929597981345,0.10169148650873591,0.2092989404012743,738,catboost,0.3275726134980563,True,utility_gap;ece,
qsar-biodeg,logreg,linear,label_noise,0.3,45233061,train_only,True,medium,True,ok,,0.807570977917981,0.8689808633733868,0.5130169861027676,0.7401270617422651,0.15378723675086184,0.17248338299553062,738,catboost,0.3275726134980563,True,utility_gap;ece,
qsar-biodeg,logreg,linear,label_noise,0.4,3001955417,train_only,True,medium,True,ok,,0.7003154574132492,0.7525589675122384,0.5995766568750012,0.8650062695063478,0.09709598589583543,0.08952187921019931,738,catboost,0.3275726134980563,True,utility_gap;nll,
qsar-biodeg,tabicl,icl,label_noise,0.0,1101812446,train_only,True,medium,True,ok,,0.8801261829652997,0.9444147752558967,0.27808837535131314,0.4011967200482081,0.04049176250121282,0.33410673026965376,738,catboost,0.3275726134980563,False,,
qsar-biodeg,tabicl,icl,label_noise,0.05,840456462,train_only,True,medium,True,ok,,0.8548895899053628,0.9426346239430352,0.30114053688284886,0.43445395917152607,0.06385634696681187,0.3150480997210465,738,catboost,0.3275726134980563,False,,
qsar-biodeg,tabicl,icl,label_noise,0.1,374981860,train_only,True,medium,True,ok,,0.8738170347003155,0.9283489096573209,0.3362426142280643,0.48509555208236915,0.0857943376440227,0.29330714043159434,738,catboost,0.3275726134980563,True,utility_gap,
qsar-biodeg,tabicl,icl,label_noise,0.2,127447862,train_only,True,medium,True,ok,,0.8454258675078864,0.9227859368046284,0.4258359912609353,0.6143514728241873,0.15883260786883127,0.2337169945867804,738,catboost,0.3275726134980563,True,utility_gap;ece,
qsar-biodeg,tabicl,icl,label_noise,0.3,45233061,train_only,True,medium,True,ok,,0.8422712933753943,0.9134846461949265,0.4986412679544087,0.7193872844604102,0.2044115514107588,0.1893618245542586,738,catboost,0.3275726134980563,True,utility_gap;ece,
qsar-biodeg,tabicl,icl,label_noise,0.4,3001955417,train_only,True,medium,True,ok,,0.7697160883280757,0.8732532265242546,0.5806780921666426,0.8377414039216797,0.18035740365056063,0.1337021406260845,738,catboost,0.3275726134980563,True,utility_gap;ece;nll,
qsar-biodeg,xgboost,gbdt,label_noise,0.0,1101812446,train_only,True,medium,True,ok,,0.8454258675078864,0.9322207387627949,0.43015926778204133,0.6205886424215787,0.10844195459440731,0.24522615504780604,738,catboost,0.3275726134980563,True,utility_gap;ece,
qsar-biodeg,xgboost,gbdt,label_noise,0.05,840456462,train_only,True,medium,True,ok,,0.8422712933753943,0.9171339563862929,0.4162728326056914,0.6005547512570326,0.09844536233720334,0.24748208089696122,738,catboost,0.3275726134980563,True,utility_gap,
qsar-biodeg,xgboost,gbdt,label_noise,0.1,374981860,train_only,True,medium,True,ok,,0.8201892744479495,0.8764129951045839,0.4794693280478957,0.6917280218330627,0.0882046198987679,0.20461360892412442,738,catboost,0.3275726134980563,True,utility_gap,
qsar-biodeg,xgboost,gbdt,label_noise,0.2,127447862,train_only,True,medium,True,ok,,0.7287066246056783,0.8016021361815755,0.6149586048742307,0.8871977296040482,0.13583021500889764,0.09654137947140914,738,catboost,0.3275726134980563,True,utility_gap;ece;nll,
qsar-biodeg,xgboost,gbdt,label_noise,0.3,45233061,train_only,True,medium,True,ok,,0.6529968454258676,0.7353360035603027,0.7267135240316982,1.0484259972674737,0.18310335782739567,0.004168657314264822,738,catboost,0.3275726134980563,True,utility_gap;ece;nll,
qsar-biodeg,xgboost,gbdt,label_noise,0.4,3001955417,train_only,True,medium,True,ok,,0.6435331230283912,0.7112594570538495,0.8548140516800942,1.233235993241074,0.2148883540490084,-0.0674776903590179,738,catboost,0.3275726134980563,True,utility_gap;ece;nll,
satimage,catboost,gbdt,covariate_shift,0.0,3682884971,test_only,True,low,True,ok,,0.9123898392949715,0.9890738381264336,0.23517456146344293,0.13125342184727695,0.016416407885470777,0.44037501110722016,4501,catboost,0.44037501110722016,False,,
satimage,catboost,gbdt,covariate_shift,0.05,3066944167,test_only,True,low,True,ok,,0.8869880767236911,0.9867667753825663,0.29116053083044974,0.16249978628877604,0.0377884176746934,0.42210896347088034,4501,catboost,0.44037501110722016,False,,
satimage,catboost,gbdt,covariate_shift,0.1,918546963,test_only,True,low,True,ok,,0.8356661482633488,0.9728419616557019,0.4801293402464772,0.26796528691059834,0.08292192366323492,0.36887063801317144,4501,catboost,0.44037501110722016,True,utility_gap,
satimage,catboost,gbdt,covariate_shift,0.2,3154615055,test_only,True,low,True,ok,,0.7076205287713841,0.9404823113632714,1.0299749509457794,0.5748399652044391,0.19788661060665017,0.2232825766101908,4501,catboost,0.44037501110722016,True,utility_gap;ece,
satimage,catboost,gbdt,covariate_shift,0.3,2732291062,test_only,True,low,True,ok,,0.6111975116640747,0.898883616024508,1.7164438593045168,0.9579655577564848,0.2774466263196864,0.06340989976730627,4501,catboost,0.44037501110722016,True,utility_gap;ece;nll,
satimage,catboost,gbdt,covariate_shift,0.4,1763784021,test_only,True,low,True,ok,,0.46241575946086055,0.8282857868919352,2.985468762250812,1.6662218414489773,0.4226913827400791,-0.22514243965140263,4501,catboost,0.44037501110722016,True,utility_gap;ece;nll,
satimage,hist_gbdt,gbdt,covariate_shift,0.0,3682884971,test_only,True,low,True,ok,,0.9258683255572836,0.9913734617337595,0.29526948422975424,0.16479303684493177,0.0480884370793911,0.4268053619710507,4501,catboost,0.44037501110722016,False,,
satimage,hist_gbdt,gbdt,covariate_shift,0.05,3066944167,test_only,True,low,True,ok,,0.8942457231726283,0.9872446942883105,0.43269479934613714,0.24149156556853882,0.07345141454897129,0.392534748896447,4501,catboost,0.44037501110722016,True,utility_gap,
satimage,hist_gbdt,gbdt,covariate_shift,0.1,918546963,test_only,True,low,True,ok,,0.8429237947122862,0.9716812942426682,0.8174495849711316,0.45622730004229534,0.12090630895816402,0.3054775703874554,4501,catboost,0.44037501110722016,True,utility_gap;ece,
satimage,hist_gbdt,gbdt,covariate_shift,0.2,3154615055,test_only,True,low,True,ok,,0.7169517884914464,0.9319630322254217,1.8776937537893428,1.0479608373987335,0.2450180252614952,0.07033797328069544,4501,catboost,0.44037501110722016,True,utility_gap;ece;nll,
satimage,hist_gbdt,gbdt,covariate_shift,0.3,2732291062,test_only,True,low,True,ok,,0.6127527216174183,0.8771106551420025,3.0658564807921134,1.7110870814110883,0.3378486587109553,-0.18199421862320397,4501,catboost,0.44037501110722016,True,utility_gap;ece;nll,
satimage,hist_gbdt,gbdt,covariate_shift,0.4,1763784021,test_only,True,low,True,ok,,0.49455676516329705,0.7931647081300944,4.872930001599318,2.7196340163329658,0.4512191295375346,-0.554342868187369,4501,catboost,0.44037501110722016,True,utility_gap;ece;nll,
satimage,logreg,linear,covariate_shift,0.0,3682884971,test_only,True,low,True,ok,,0.8605495075168481,0.9783040968711987,0.35366990215589644,0.1973869306845457,0.021641141859067188,0.40794455245526956,4501,catboost,0.44037501110722016,True,utility_gap,
satimage,logreg,linear,covariate_shift,0.05,3066944167,test_only,True,low,True,ok,,0.8589942975635044,0.9770883013391586,0.37787358113070846,0.21089526112202325,0.021705012001924893,0.4032204693662391,4501,catboost,0.44037501110722016,True,utility_gap,
satimage,logreg,linear,covariate_shift,0.1,918546963,test_only,True,low,True,ok,,0.8387765681700363,0.9712849737136953,0.46567206285032825,0.2598965267648085,0.042041100391030053,0.37938904791765027,4501,catboost,0.44037501110722016,True,utility_gap,
satimage,logreg,linear,covariate_shift,0.2,3154615055,test_only,True,low,True,ok,,0.7444271643338517,0.9494257679632149,0.8245278895038335,0.4601777770199621,0.12362408746602756,0.28118494283800877,4501,catboost,0.44037501110722016,True,utility_gap;ece,
satimage,logreg,linear,covariate_shift,0.3,2732291062,test_only,True,low,True,ok,,0.647485743908761,0.92970227256333,1.4301661926195597,0.7981909498353142,0.22450653943516793,0.13816006414585183,4501,catboost,0.44037501110722016,True,utility_gap;ece;nll,
satimage,logreg,linear,covariate_shift,0.4,1763784021,test_only,True,low,True,ok,,0.5609123898392949,0.9175708774337309,2.2955458993138667,1.2811685601432086,0.3359989986023194,-0.046263702185726424,4501,catboost,0.44037501110722016,True,utility_gap;ece;nll,
satimage,tabicl,icl,covariate_shift,0.0,3682884971,test_only,True,low,True,ok,,0.9061689994815967,0.9883366623168944,0.24319744896659246,0.1357310806184099,0.010561195535928491,0.43901161844044384,1000,catboost,0.44037501110722016,False,,
satimage,tabicl,icl,covariate_shift,0.05,3066944167,test_only,True,low,True,ok,,0.8926905132192846,0.9874673402790087,0.2733006325850397,0.15253198728888875,0.014665140462859353,0.43082452180130726,1000,catboost,0.44037501110722016,False,,
satimage,tabicl,icl,covariate_shift,0.1,918546963,test_only,True,low,True,ok,,0.8310005184033178,0.9772707762682235,0.4112149415655681,0.22950342868439375,0.061112672391053266,0.38562128637084714,1000,catboost,0.44037501110722016,True,utility_gap,
satimage,tabicl,icl,covariate_shift,0.2,3154615055,test_only,True,low,True,ok,,0.7024364955935718,0.9471931501609633,0.7742818113177803,0.43213490684180095,0.1725058545226076,0.2727414339383111,1000,catboost,0.44037501110722016,True,utility_gap;ece,
satimage,tabicl,icl,covariate_shift,0.3,2732291062,test_only,True,low,True,ok,,0.63867288750648,0.9251152252139888,1.2232232881027998,0.6826939157351304,0.2287141181744416,0.1690402635954406,1000,catboost,0.44037501110722016,True,utility_gap;ece,
satimage,tabicl,icl,covariate_shift,0.4,1763784021,test_only,True,low,True,ok,,0.5552099533437014,0.8765148562671312,1.6754103561331914,0.9350643235919438,0.27668346285114204,0.05420570304723957,1000,catboost,0.44037501110722016,True,utility_gap;ece;nll,
satimage,xgboost,gbdt,covariate_shift,0.0,3682884971,test_only,True,low,True,ok,,0.9248315189217211,0.9913742432938161,0.2570464162052654,0.14346033640107336,0.0382023832694402,0.4350271354168837,4501,catboost,0.44037501110722016,False,,
satimage,xgboost,gbdt,covariate_shift,0.05,3066944167,test_only,True,low,True,ok,,0.8989113530326595,0.9881685077005314,0.351340040237904,0.19608660998971703,0.06202436389329923,0.4094648248745099,4501,catboost,0.44037501110722016,True,utility_gap,
satimage,xgboost,gbdt,covariate_shift,0.1,918546963,test_only,True,low,True,ok,,0.8517366511145671,0.9753232298619453,0.6364260569274437,0.35519614538531535,0.10565704950008972,0.34143337460325335,4501,catboost,0.44037501110722016,True,utility_gap;ece,
satimage,xgboost,gbdt,covariate_shift,0.2,3154615055,test_only,True,low,True,ok,,0.7325038880248833,0.9355620598712034,1.5030963615574837,0.8388940521157473,0.217076740022072,0.14223874051951504,4501,catboost,0.44037501110722016,True,utility_gap;ece;nll,
satimage,xgboost,gbdt,covariate_shift,0.3,2732291062,test_only,True,low,True,ok,,0.6241575946086055,0.8750230871139895,2.531920847643894,1.413091930656699,0.31718925186830293,-0.08748370988948315,4501,catboost,0.44037501110722016,True,utility_gap;ece;nll,
satimage,xgboost,gbdt,covariate_shift,0.4,1763784021,test_only,True,low,True,ok,,0.5215137376879212,0.7898522673887257,3.8964680139514916,2.174660204603361,0.41178253698439576,-0.3800792145386453,4501,catboost,0.44037501110722016,True,utility_gap;ece;nll,
satimage,catboost,gbdt,label_noise,0.0,1706678074,train_only,True,low,True,ok,,0.9123898392949715,0.9890738381264336,0.23517456146344293,0.13125342184727695,0.016416407885470777,0.44037501110722016,4501,catboost,0.44037501110722016,False,,
satimage,catboost,gbdt,label_noise,0.05,4044987987,train_only,True,low,True,ok,,0.9087610160705029,0.9871907460929777,0.28898574463620275,0.16128601500328985,0.04710790979640646,0.4240235270828494,4501,catboost,0.44037501110722016,False,,
satimage,catboost,gbdt,label_noise,0.1,1834062931,train_only,True,low,True,ok,,0.9087610160705029,0.9875669913569549,0.32309059082222336,0.18032029207660374,0.08932442962523429,0.4100016258374816,4501,catboost,0.44037501110722016,True,utility_gap,
satimage,catboost,gbdt,label_noise,0.2,2101973911,train_only,True,low,True,ok,,0.8983929497148782,0.9829171107186565,0.44723532599687676,0.2496067880079682,0.1663383462099466,0.37063022556438174,4501,catboost,0.44037501110722016,True,utility_gap;ece,
satimage,catboost,gbdt,label_noise,0.3,1989148767,train_only,True,low,True,ok,,0.8875064800414723,0.9787386568110948,0.5724536432444617,0.3194924615027107,0.24560345690132043,0.33071607205902676,4501,catboost,0.44037501110722016,True,utility_gap;ece,
satimage,catboost,gbdt,label_noise,0.4,571005856,train_only,True,low,True,ok,,0.8615863141524106,0.9661781752095524,0.7338429562573215,0.40956555210699325,0.30383927925765003,0.28376278696257695,4501,catboost,0.44037501110722016,True,utility_gap;ece,
satimage,hist_gbdt,gbdt,label_noise,0.0,1706678074,train_only,True,low,True,ok,,0.9258683255572836,0.9913734617337595,0.29526948422975424,0.16479303684493177,0.0480884370793911,0.4268053619710507,4501,catboost,0.44037501110722016,False,,
satimage,hist_gbdt,gbdt,label_noise,0.05,4044987987,train_only,True,low,True,ok,,0.9196474857439088,0.9883637690591369,0.2531543120508586,0.14128811171285466,0.03621856075786496,0.43424429636685485,4501,catboost,0.44037501110722016,False,,
satimage,hist_gbdt,gbdt,label_noise,0.1,1834062931,train_only,True,low,True,ok,,0.9077242094349404,0.9868570124050061,0.2689428490842312,0.15009986200887782,0.01870773835487297,0.4327870794833552,4501,catboost,0.44037501110722016,False,,
satimage,hist_gbdt,gbdt,label_noise,0.2,2101973911,train_only,True,low,True,ok,,0.8942457231726283,0.9831962296371638,0.3454145346714166,0.19277952236537182,0.0660070712663007,0.40722026788602983,4501,catboost,0.44037501110722016,True,utility_gap,
satimage,hist_gbdt,gbdt,label_noise,0.3,1989148767,train_only,True,low,True,ok,,0.8828408501814412,0.9774640764416499,0.4804466581309613,0.2681423853939237,0.1592348830842837,0.3622488620467597,4501,catboost,0.44037501110722016,True,utility_gap;ece,
satimage,hist_gbdt,gbdt,label_noise,0.4,571005856,train_only,True,low,True,ok,,0.8418869880767237,0.9651897428046006,0.6437989129599432,0.3593110146850858,0.20903274720885506,0.3144996043458219,4501,catboost,0.44037501110722016,True,utility_gap;ece,
satimage,logreg,linear,label_noise,0.0,1706678074,train_only,True,low,True,ok,,0.8605495075168481,0.9783040968711987,0.35366990215589644,0.1973869306845457,0.021641141859067188,0.40794455245526956,4501,catboost,0.44037501110722016,True,utility_gap,
satimage,logreg,linear,label_noise,0.05,4044987987,train_only,True,low,True,ok,,0.8455158113011924,0.9722330249773878,0.45039410100612265,0.2513697339075129,0.07934014682458729,0.37582998090009323,4501,catboost,0.44037501110722016,True,utility_gap,
satimage,logreg,linear,label_noise,0.1,1834062931,train_only,True,low,True,ok,,0.8434421980300674,0.9706265766197489,0.5269721841298146,0.2941087758597701,0.14141061439726504,0.34972087588403816,4501,catboost,0.44037501110722016,True,utility_gap;ece,
satimage,logreg,linear,label_noise,0.2,2101973911,train_only,True,low,True,ok,,0.8133748055987559,0.9586461442610301,0.6724884357199491,0.37532294220812895,0.20349867451764683,0.3042357537652059,4501,catboost,0.44037501110722016,True,utility_gap;ece,
satimage,logreg,linear,label_noise,0.3,1989148767,train_only,True,low,True,ok,,0.7988595127008813,0.9446457717312008,0.8274509598072648,0.46180917361846346,0.27984427607031376,0.2559433397114506,4501,catboost,0.44037501110722016,True,utility_gap;ece,
satimage,logreg,linear,label_noise,0.4,571005856,train_only,True,low,True,ok,,0.7874546397096941,0.9343212314993026,0.9524393724095629,0.5315665348875779,0.338660829603729,0.21792850059419078,4501,catboost,0.44037501110722016,True,utility_gap;ece,
satimage,tabicl,icl,label_noise,0.0,1706678074,train_only,True,low,True,ok,,0.9061689994815967,0.9883366623168944,0.24319744896659246,0.1357310806184099,0.010561195535928491,0.43901161844044384,1000,catboost,0.44037501110722016,False,,
satimage,tabicl,icl,label_noise,0.05,4044987987,train_only,True,low,True,ok,,0.897874546397097,0.9857188049626565,0.30434644656003346,0.16985898597826596,0.04128432958829005,0.4204682019853565,1001,catboost,0.44037501110722016,False,,
satimage,tabicl,icl,label_noise,0.1,1834062931,train_only,True,low,True,ok,,0.8994297563504406,0.9839832874750419,0.3321131805397607,0.18535589527697333,0.06836339184209167,0.4100291671173204,1001,catboost,0.44037501110722016,True,utility_gap,
satimage,tabicl,icl,label_noise,0.2,2101973911,train_only,True,low,True,ok,,0.8890616899948159,0.9838261483101823,0.43893939136186944,0.2449767387309961,0.1477527400031413,0.3746548357878591,1000,catboost,0.44037501110722016,True,utility_gap;ece,
satimage,tabicl,icl,label_noise,0.3,1989148767,train_only,True,low,True,ok,,0.8895800933125972,0.9829417196685811,0.5482102886264895,0.30596198766717014,0.24367941929116502,0.336942135722509,1000,catboost,0.44037501110722016,True,utility_gap;ece,
satimage,tabicl,icl,label_noise,0.4,571005856,train_only,True,low,True,ok,,0.8828408501814412,0.9756837869731022,0.7022127997254379,0.3919124256270697,0.3273807719601888,0.29086557088764325,1000,catboost,0.44037501110722016,True,utility_gap;ece,
satimage,xgboost,gbdt,label_noise,0.0,1706678074,train_only,True,low,True,ok,,0.9248315189217211,0.9913742432938161,0.2570464162052654,0.14346033640107336,0.0382023832694402,0.4350271354168837,4501,catboost,0.44037501110722016,False,,
satimage,xgboost,gbdt,label_noise,0.05,4044987987,train_only,True,low,True,ok,,0.9139450492483152,0.9860711297091859,0.2797831361680788,0.15614994142523939,0.03454166906747541,0.42846333654439545,4501,catboost,0.44037501110722016,False,,
satimage,xgboost,gbdt,label_noise,0.1,1834062931,train_only,True,low,True,ok,,0.9030585795749093,0.9861541107609152,0.2836232770689294,0.1582931648694582,0.02914906520381367,0.42729496320095645,4501,catboost,0.44037501110722016,False,,
satimage,xgboost,gbdt,label_noise,0.2,2101973911,train_only,True,low,True,ok,,0.8983929497148782,0.9806260061728914,0.32795215497273716,0.18303358269066608,0.01786003483400005,0.4194959628437439,4501,catboost,0.44037501110722016,False,,
satimage,xgboost,gbdt,label_noise,0.3,1989148767,train_only,True,low,True,ok,,0.8864696734059098,0.9763976592494195,0.4184224615187531,0.23352602216134646,0.08619258842195486,0.3874133074153883,4501,catboost,0.44037501110722016,True,utility_gap,
satimage,xgboost,gbdt,label_noise,0.4,571005856,train_only,True,low,True,ok,,0.8242612752721618,0.9635880020036373,0.5689439226820534,0.3175336491606052,0.09947003546251225,0.3457408901514133,4501,catboost,0.44037501110722016,True,utility_gap,
segment,catboost,gbdt,covariate_shift,0.0,3750364974,test_only,False,high,True,ok,,0.987012987012987,0.9993902468649943,0.05029844401568359,0.025848287003437505,0.01583422181471535,0.48691720399072175,1617,xgboost,0.48839434938675724,False,,
segment,catboost,gbdt,covariate_shift,0.05,891012389,test_only,False,low,True,ok,,0.8542568542568543,0.9808595818696829,0.4611293359212294,0.23697360134798373,0.03361161383165554,0.39362497862219087,1617,xgboost,0.48839434938675724,True,utility_gap,
segment,catboost,gbdt,covariate_shift,0.1,786639947,test_only,False,low,True,ok,,0.6089466089466089,0.9432710947862465,0.9628975073945117,0.4948314329220044,0.18909313501845135,0.235218817636886,1617,xgboost,0.48839434938675724,True,utility_gap;ece,
segment,catboost,gbdt,covariate_shift,0.2,2512431106,test_only,False,low,True,ok,,0.3708513708513709,0.8374461303754233,1.6442749532988494,0.844990172900378,0.27616336916509404,0.04000412555597157,1617,xgboost,0.48839434938675724,True,utility_gap;ece;nll,
segment,catboost,gbdt,covariate_shift,0.3,725435300,test_only,False,low,True,ok,,0.37806637806637805,0.7500133611244724,1.957136089785147,1.0057689923326028,0.12838135358866312,-0.008192335313991467,1617,xgboost,0.48839434938675724,True,utility_gap;ece;nll,
segment,catboost,gbdt,covariate_shift,0.4,1220730733,test_only,False,low,True,ok,,0.2842712842712843,0.7889185262922637,1.9379717865838528,0.9959204886847862,0.1720548858822943,-0.014424946938909784,1617,xgboost,0.48839434938675724,True,utility_gap;ece;nll,
segment,hist_gbdt,gbdt,covariate_shift,0.0,3750364974,test_only,False,high,True,ok,,0.9855699855699855,0.9994971358607723,0.07458230692525503,0.038327723899000535,0.011228552083568518,0.48391546780035416,1617,xgboost,0.48839434938675724,False,,
segment,hist_gbdt,gbdt,covariate_shift,0.05,891012389,test_only,False,low,True,ok,,0.8802308802308803,0.9805170512241218,0.6489211480355248,0.3334795023041318,0.07709163229221984,0.35975342281339107,1617,xgboost,0.48839434938675724,True,utility_gap,
segment,hist_gbdt,gbdt,covariate_shift,0.1,786639947,test_only,False,low,True,ok,,0.7604617604617605,0.9521623157986794,1.125544112247271,0.5784152535479051,0.14379432691773988,0.24504263315088226,1617,xgboost,0.48839434938675724,True,utility_gap;ece,
segment,hist_gbdt,gbdt,covariate_shift,0.2,2512431106,test_only,False,low,True,ok,,0.5425685425685426,0.8712910733112752,2.6697098691531855,1.3719594763659861,0.30679848916902996,-0.0866103836993741,1617,xgboost,0.48839434938675724,True,utility_gap;ece;nll,
segment,hist_gbdt,gbdt,covariate_shift,0.3,725435300,test_only,False,low,True,ok,,0.3795093795093795,0.7431287380782329,5.799443894163864,2.9803246038771816,0.553984319293109,-0.6878727797679878,1617,xgboost,0.48839434938675724,True,utility_gap;ece;nll,
segment,hist_gbdt,gbdt,covariate_shift,0.4,1220730733,test_only,False,low,True,ok,,0.27994227994227994,0.6649758770970892,7.613676688407739,3.91265582951195,0.6680437143600765,-1.0326725927502771,1617,xgboost,0.48839434938675724,True,utility_gap;ece;nll,
segment,logreg,linear,covariate_shift,0.0,3750364974,test_only,False,high,True,ok,,0.937950937950938,0.9947988786372625,0.181584069186034,0.09331575215545701,0.04226816498690736,0.452423889571664,1617,xgboost,0.48839434938675724,True,utility_gap,
segment,logreg,linear,covariate_shift,0.05,891012389,test_only,False,low,True,ok,,0.9278499278499278,0.994082236506479,0.20546557026854015,0.10558841597505832,0.04049304155882562,0.4473311388504742,1617,xgboost,0.48839434938675724,True,utility_gap,
segment,logreg,linear,covariate_shift,0.1,786639947,test_only,False,low,True,ok,,0.8874458874458875,0.9910043192871475,0.28648453722358624,0.1472239287937661,0.0413209290017666,0.42753703042890157,1617,xgboost,0.48839434938675724,True,utility_gap,
segment,logreg,linear,covariate_shift,0.2,2512431106,test_only,False,low,True,ok,,0.7344877344877345,0.9706346777053848,0.7655140638431646,0.3933964084697338,0.10860080679736975,0.3101562134696508,1617,xgboost,0.48839434938675724,True,utility_gap;ece,
segment,logreg,linear,covariate_shift,0.3,725435300,test_only,False,low,True,ok,,0.5137085137085137,0.948506226284004,1.8523459919021246,0.9519175347337535,0.3509735203602598,0.05326349176350044,1617,xgboost,0.48839434938675724,True,utility_gap;ece;nll,
segment,logreg,linear,covariate_shift,0.4,1220730733,test_only,False,low,True,ok,,0.4574314574314574,0.9372731645458917,3.388040616737293,1.7411084568226827,0.4329523422730265,-0.2122626792956294,1617,xgboost,0.48839434938675724,True,utility_gap;ece;nll,
segment,tabicl,icl,covariate_shift,0.0,3750364974,test_only,False,high,True,ok,,0.9826839826839827,0.999616171333343,0.04021254578037688,0.020665160619003392,0.007597982152370456,0.48954911275309226,1001,xgboost,0.48839434938675724,False,,
segment,tabicl,icl,covariate_shift,0.05,891012389,test_only,False,low,True,ok,,0.9105339105339105,0.9926295178820431,0.38039244128758737,0.19548304502767386,0.1665694503277106,0.39204161426495737,1001,xgboost,0.48839434938675724,True,utility_gap;ece,
segment,tabicl,icl,covariate_shift,0.1,786639947,test_only,False,low,True,ok,,0.7965367965367965,0.9766714766714768,0.6928856898322145,0.3560728074564963,0.1620618759237841,0.3220813188938306,1001,xgboost,0.48839434938675724,True,utility_gap;ece,
segment,tabicl,icl,covariate_shift,0.2,2512431106,test_only,False,low,True,ok,,0.6392496392496393,0.9421584775120128,1.22193699262408,0.627951394989793,0.2724493025613819,0.18276763400743606,1001,xgboost,0.48839434938675724,True,utility_gap;ece,
segment,tabicl,icl,covariate_shift,0.3,725435300,test_only,False,low,True,ok,,0.42424242424242425,0.9072179223694375,1.4790524801375775,0.7600826178205697,0.24773045930636853,0.10359175925822212,1001,xgboost,0.48839434938675724,True,utility_gap;ece;nll,
segment,tabicl,icl,covariate_shift,0.4,1220730733,test_only,False,low,True,ok,,0.41414141414141414,0.8734628633618531,1.6340566334557889,0.8397389952712252,0.2146932313303573,0.0729728694504217,1001,xgboost,0.48839434938675724,True,utility_gap;ece;nll,
segment,xgboost,gbdt,covariate_shift,0.0,3750364974,test_only,False,high,True,ok,,0.9841269841269841,0.9994947065654136,0.045376121384364095,0.023318713562593307,0.01026115730703582,0.48839434938675724,1617,xgboost,0.48839434938675724,False,,
segment,xgboost,gbdt,covariate_shift,0.05,891012389,test_only,False,low,True,ok,,0.8658008658008658,0.9810320618401427,0.4581593308655094,0.23544732067301946,0.057137108367117495,0.39116973363885044,1617,xgboost,0.48839434938675724,True,utility_gap,
segment,xgboost,gbdt,covariate_shift,0.1,786639947,test_only,False,low,True,ok,,0.7445887445887446,0.9438006811744186,1.046069173536191,0.5375732142843437,0.13292845244193124,0.25416089532566877,1617,xgboost,0.48839434938675724,True,utility_gap;ece,
segment,xgboost,gbdt,covariate_shift,0.2,2512431106,test_only,False,low,True,ok,,0.4733044733044733,0.8461332905777351,2.4100579004241363,1.2385247600430853,0.37256415889767613,-0.07892793709458253,1617,xgboost,0.48839434938675724,True,utility_gap;ece;nll,
segment,xgboost,gbdt,covariate_shift,0.3,725435300,test_only,False,low,True,ok,,0.3477633477633478,0.7789365516638244,3.515309467162496,1.8065117080914983,0.44381742228130283,-0.30592470163686936,1617,xgboost,0.48839434938675724,True,utility_gap;ece;nll,
segment,xgboost,gbdt,covariate_shift,0.4,1220730733,test_only,False,low,True,ok,,0.30014430014430016,0.7353890030657706,4.231509937065074,2.17456594237887,0.4701561915571068,-0.4439932249304176,1617,xgboost,0.48839434938675724,True,utility_gap;ece;nll,
segment,catboost,gbdt,label_noise,0.0,767660356,train_only,False,high,True,ok,,0.987012987012987,0.9993902468649943,0.05029844401568359,0.025848287003437505,0.01583422181471535,0.48691720399072175,1617,xgboost,0.48839434938675724,False,,
segment,catboost,gbdt,label_noise,0.05,258902209,train_only,False,high,True,ok,,0.9754689754689755,0.9988946706118423,0.10658589855992055,0.05477431658993357,0.04261039677277606,0.4709791067029558,1617,xgboost,0.48839434938675724,False,,
segment,catboost,gbdt,label_noise,0.1,4043543014,train_only,False,high,True,ok,,0.974025974025974,0.9986298774177563,0.16508894923470738,0.08483893735528004,0.08945361642087199,0.45228194870935234,1617,xgboost,0.48839434938675724,True,utility_gap,
segment,catboost,gbdt,label_noise,0.2,583234470,train_only,False,high,True,ok,,0.9567099567099567,0.9978330685401392,0.2778712188257694,0.14279755874682515,0.15821653662554422,0.41826549254638584,1617,xgboost,0.48839434938675724,True,utility_gap;ece,
segment,catboost,gbdt,label_noise,0.3,1400819911,train_only,False,high,True,ok,,0.9177489177489178,0.9938368776752614,0.4311065101088899,0.2215449209297667,0.19860876244795825,0.3793200160801575,1617,xgboost,0.48839434938675724,True,utility_gap;ece,
segment,catboost,gbdt,label_noise,0.4,3915123677,train_only,False,high,True,ok,,0.86002886002886,0.9814960572536331,0.6325201861019438,0.32505107515319515,0.24385781491083586,0.3262410635149749,1617,xgboost,0.48839434938675724,True,utility_gap;ece,
segment,hist_gbdt,gbdt,label_noise,0.0,767660356,train_only,False,high,True,ok,,0.9855699855699855,0.9994971358607723,0.07458230692525503,0.038327723899000535,0.011228552083568518,0.48391546780035416,1617,xgboost,0.48839434938675724,False,,
segment,hist_gbdt,gbdt,label_noise,0.05,258902209,train_only,False,high,True,ok,,0.9696969696969697,0.9984744025148065,0.12271715789883349,0.06306414402453749,0.021976265417220475,0.47160609004392234,1617,xgboost,0.48839434938675724,False,,
segment,hist_gbdt,gbdt,label_noise,0.1,4043543014,train_only,False,high,True,ok,,0.963924963924964,0.9963657741435519,0.17294246660030613,0.08887484691123329,0.02629603605291274,0.4613951042550352,1617,xgboost,0.48839434938675724,False,,
segment,hist_gbdt,gbdt,label_noise,0.2,583234470,train_only,False,high,True,ok,,0.9393939393939394,0.9921315123335324,0.25768915917407176,0.13242603174621032,0.03827997666115722,0.44077131536973263,1617,xgboost,0.48839434938675724,True,utility_gap,
segment,hist_gbdt,gbdt,label_noise,0.3,1400819911,train_only,False,high,True,ok,,0.8888888888888888,0.9815179209118602,0.4106257107173694,0.2110198720720569,0.06609817599082168,0.40033900883270296,1617,xgboost,0.48839434938675724,True,utility_gap,
segment,hist_gbdt,gbdt,label_noise,0.4,3915123677,train_only,False,high,True,ok,,0.8253968253968254,0.9658586830304001,0.5983639302103291,0.3074982318689373,0.09611180265573413,0.3503882327783358,1617,xgboost,0.48839434938675724,True,utility_gap,
segment,logreg,linear,label_noise,0.0,767660356,train_only,False,high,True,ok,,0.937950937950938,0.9947988786372625,0.181584069186034,0.09331575215545701,0.04226816498690736,0.452423889571664,1617,xgboost,0.48839434938675724,True,utility_gap,
segment,logreg,linear,label_noise,0.05,258902209,train_only,False,high,True,ok,,0.9336219336219336,0.9931833972238013,0.270928896472725,0.1392299107973992,0.10604888885105877,0.424678728062189,1617,xgboost,0.48839434938675724,True,utility_gap;ece,
segment,logreg,linear,label_noise,0.1,4043543014,train_only,False,high,True,ok,,0.9191919191919192,0.9889418475277062,0.38556693081767346,0.19814220661979473,0.16969623488637425,0.3906265255502718,1617,xgboost,0.48839434938675724,True,utility_gap;ece,
segment,logreg,linear,label_noise,0.2,583234470,train_only,False,high,True,ok,,0.9278499278499278,0.9872291942999014,0.5140420066788348,0.26416533514067353,0.2686654935004074,0.35172500794017114,1617,xgboost,0.48839434938675724,True,utility_gap;ece,
segment,logreg,linear,label_noise,0.3,1400819911,train_only,False,high,True,ok,,0.9018759018759018,0.9816709665194514,0.6847783193803507,0.35190644322030595,0.34077666616728475,0.3051389573636445,1617,xgboost,0.48839434938675724,True,utility_gap;ece,
segment,logreg,linear,label_noise,0.4,3915123677,train_only,False,high,True,ok,,0.8845598845598845,0.9785274583254381,0.8476914117738974,0.43562721135167964,0.41206511786366345,0.2620674061196494,1617,xgboost,0.48839434938675724,True,utility_gap;ece,
segment,tabicl,icl,label_noise,0.0,767660356,train_only,False,high,True,ok,,0.9826839826839827,0.999616171333343,0.04021254578037688,0.020665160619003392,0.007597982152370456,0.48954911275309226,1001,xgboost,0.48839434938675724,False,,
segment,tabicl,icl,label_noise,0.05,258902209,train_only,False,high,True,ok,,0.9754689754689755,0.9989043877932767,0.10085663574572161,0.051830057926716085,0.04369032510319365,0.47164979964933956,1001,xgboost,0.48839434938675724,False,,
segment,tabicl,icl,label_noise,0.1,4043543014,train_only,False,high,True,ok,,0.9783549783549783,0.9994655550211106,0.13333109029949972,0.06851862629126446,0.08014775323899012,0.45998105247545806,999,xgboost,0.48839434938675724,False,,
segment,tabicl,icl,label_noise,0.2,583234470,train_only,False,high,True,ok,,0.974025974025974,0.9988363675232362,0.24656708656806023,0.12671041707026498,0.17100743966562315,0.4234820116828247,1001,xgboost,0.48839434938675724,True,utility_gap;ece,
segment,tabicl,icl,label_noise,0.3,1400819911,train_only,False,high,True,ok,,0.9653679653679653,0.9981537355274729,0.3348692146309323,0.17208873430949637,0.2215959365508387,0.39821319463679355,998,xgboost,0.48839434938675724,True,utility_gap;ece,
segment,tabicl,icl,label_noise,0.4,3915123677,train_only,False,high,True,ok,,0.9581529581529582,0.9965018146836329,0.503863628168718,0.2589346832963126,0.3214614628255625,0.3505258813082089,1002,xgboost,0.48839434938675724,True,utility_gap;ece,
segment,xgboost,gbdt,label_noise,0.0,767660356,train_only,False,high,True,ok,,0.9841269841269841,0.9994947065654136,0.045376121384364095,0.023318713562593307,0.01026115730703582,0.48839434938675724,1617,xgboost,0.48839434938675724,False,,
segment,xgboost,gbdt,label_noise,0.05,258902209,train_only,False,high,True,ok,,0.9754689754689755,0.9988023573882161,0.08777211999364358,0.04510594697101229,0.014056934376943758,0.4795580004395295,1617,xgboost,0.48839434938675724,False,,
segment,xgboost,gbdt,label_noise,0.1,4043543014,train_only,False,high,True,ok,,0.9624819624819625,0.9978865130380282,0.13629998633730736,0.07004433704376192,0.0209348832513671,0.4684322961722022,1617,xgboost,0.48839434938675724,False,,
segment,xgboost,gbdt,label_noise,0.2,583234470,train_only,False,high,True,ok,,0.9307359307359307,0.9939097565360192,0.2381101378464747,0.1223644051407362,0.03091195291734452,0.4445870922723065,1617,xgboost,0.48839434938675724,True,utility_gap,
segment,xgboost,gbdt,label_noise,0.3,1400819911,train_only,False,high,True,ok,,0.8888888888888888,0.9794117218359641,0.44249928572762887,0.22739964943522717,0.0720507269184675,0.39349739576165915,1617,xgboost,0.48839434938675724,True,utility_gap,
segment,xgboost,gbdt,label_noise,0.4,3915123677,train_only,False,high,True,ok,,0.8023088023088023,0.9580970843597106,0.6673597795083019,0.3429550844535587,0.07429455311050598,0.3379348639140502,1617,xgboost,0.48839434938675724,True,utility_gap,
spambase,catboost,gbdt,covariate_shift,0.0,1058421842,test_only,False,high,True,ok,,0.9529326574945691,0.9898479777215546,0.12274467686091627,0.1770831366027622,0.019327928344909564,0.4323961641769189,3220,catboost,0.4323961641769189,False,,
spambase,catboost,gbdt,covariate_shift,0.05,342034879,test_only,False,low,True,ok,,0.8645908761766835,0.9706991443530818,0.33118501691796115,0.47779898152427003,0.06292296888703389,0.3135090437153934,3220,catboost,0.4323961641769189,True,utility_gap,
spambase,catboost,gbdt,covariate_shift,0.1,1045100713,test_only,False,low,True,ok,,0.8812454742939899,0.9498877732096423,0.3763339632611228,0.5429351425149112,0.14432183389632558,0.2729026322337348,3220,catboost,0.4323961641769189,True,utility_gap;ece,
spambase,catboost,gbdt,covariate_shift,0.2,3096275861,test_only,False,low,True,ok,,0.6719768283852281,0.6886628979548808,0.6391419882167952,0.9220869768242829,0.07861065025475686,0.04948031544375624,3220,catboost,0.4323961641769189,True,utility_gap;nll,
spambase,catboost,gbdt,covariate_shift,0.3,2958375756,test_only,False,low,True,ok,,0.30847212165097754,0.3357063479513669,0.8240855035474337,1.1889040692363668,0.296662329348179,-0.25223564660992076,3220,catboost,0.4323961641769189,True,utility_gap;ece;nll,
spambase,catboost,gbdt,covariate_shift,0.4,2411427472,test_only,False,low,True,ok,,0.3584359160028964,0.44150809965563287,0.8355334847786807,1.205420014986877,0.28619157380350374,-0.21057109697685789,3220,catboost,0.4323961641769189,True,utility_gap;ece;nll,
spambase,hist_gbdt,gbdt,covariate_shift,0.0,1058421842,test_only,False,high,True,ok,,0.9529326574945691,0.9903333421182093,0.1297019981355211,0.18712042950350588,0.01847805069183918,0.429724829376139,3220,catboost,0.4323961641769189,False,,
spambase,hist_gbdt,gbdt,covariate_shift,0.05,342034879,test_only,False,low,True,ok,,0.6140477914554671,0.938490494764214,1.1043336488902817,1.5932166787408233,0.3365641397138017,-0.12469898967921235,3220,catboost,0.4323961641769189,True,utility_gap;ece;nll,
spambase,hist_gbdt,gbdt,covariate_shift,0.1,1045100713,test_only,False,low,True,ok,,0.6060825488776249,0.9196019133459836,1.2376484314298921,1.7855492543879097,0.36248846099058085,-0.19538941651175112,3220,catboost,0.4323961641769189,True,utility_gap;ece;nll,
spambase,hist_gbdt,gbdt,covariate_shift,0.2,3096275861,test_only,False,low,True,ok,,0.6060825488776249,0.7741562126642771,1.3983400205633647,2.0173782131433375,0.3692208527804003,-0.3171905777349406,3220,catboost,0.4323961641769189,True,utility_gap;ece;nll,
spambase,hist_gbdt,gbdt,covariate_shift,0.3,2958375756,test_only,False,low,True,ok,,0.6060825488776249,0.7341235329257151,1.7929884739899846,2.586735579796421,0.384492867540172,-0.5050636285913167,3220,catboost,0.4323961641769189,True,utility_gap;ece;nll,
spambase,hist_gbdt,gbdt,covariate_shift,0.4,2411427472,test_only,False,low,True,ok,,0.6060825488776249,0.7325751985381966,1.7459727536317684,2.5189062331918004,0.3833107732247153,-0.48502032278247065,3220,catboost,0.4323961641769189,True,utility_gap;ece;nll,
spambase,logreg,linear,covariate_shift,0.0,1058421842,test_only,False,high,True,ok,,0.9304851556842868,0.975893202262984,0.21054353116503574,0.303750108303048,0.020985530598658902,0.3858132555340412,3220,catboost,0.4323961641769189,True,utility_gap,
spambase,logreg,linear,covariate_shift,0.05,342034879,test_only,False,low,True,ok,,0.8921071687183201,0.975893202262984,0.2587611040277425,0.37331336155577727,0.03621523593882259,0.3561416404452947,3220,catboost,0.4323961641769189,True,utility_gap,
spambase,logreg,linear,covariate_shift,0.1,1045100713,test_only,False,low,True,ok,,0.8414192614047792,0.975893202262984,0.3994158830042229,0.5762353136624788,0.09268119731774946,0.2763686764404678,3220,catboost,0.4323961641769189,True,utility_gap,
spambase,logreg,linear,covariate_shift,0.2,3096275861,test_only,False,low,True,ok,,0.7385952208544533,0.975893202262984,0.9132699276733363,1.3175699956473446,0.21123586211618509,0.014833732802772039,3220,catboost,0.4323961641769189,True,utility_gap;ece;nll,
spambase,logreg,linear,covariate_shift,0.3,2958375756,test_only,False,low,True,ok,,0.6611151339608979,0.975893202262984,1.6699608864787443,2.4092442894014217,0.3106439519616159,-0.34417218632657065,3220,catboost,0.4323961641769189,True,utility_gap;ece;nll,
spambase,logreg,linear,covariate_shift,0.4,2411427472,test_only,False,low,True,ok,,0.6227371469949312,0.975893202262984,2.5715190435590496,3.709917771694171,0.3652296928977301,-0.7510480772465132,3220,catboost,0.4323961641769189,True,utility_gap;ece;nll,
spambase,tabicl,icl,covariate_shift,0.0,1058421842,test_only,False,high,True,ok,,0.9522085445329471,0.9884907143861129,0.12857741345912882,0.185497996767815,0.007069997425121091,0.4317396331997128,1000,catboost,0.4323961641769189,False,,
spambase,tabicl,icl,covariate_shift,0.05,342034879,test_only,False,low,True,ok,,0.8530050687907313,0.9782629225525334,0.32567036882861206,0.4698430260735183,0.043404297541628487,0.32070901588161516,1000,catboost,0.4323961641769189,True,utility_gap,
spambase,tabicl,icl,covariate_shift,0.1,1045100713,test_only,False,low,True,ok,,0.7045619116582187,0.9758558665401645,0.4835608702185558,0.6976308694322622,0.1553113976953008,0.20688229966905158,1000,catboost,0.4323961641769189,True,utility_gap;ece,
spambase,tabicl,icl,covariate_shift,0.2,3096275861,test_only,False,low,True,ok,,0.7972483707458363,0.9668096405228758,0.4802522423623416,0.6928575284319548,0.13197957056086035,0.22371745715312347,1000,catboost,0.4323961641769189,True,utility_gap;ece,
spambase,tabicl,icl,covariate_shift,0.3,2958375756,test_only,False,low,True,ok,,0.6415640839971035,0.9720849585353855,0.5434368002174098,0.7840135767102235,0.23667527042951916,0.1539252209879795,1000,catboost,0.4323961641769189,True,utility_gap;ece;nll,
spambase,tabicl,icl,covariate_shift,0.4,2411427472,test_only,False,low,True,ok,,0.6357711803041275,0.9636558700541148,0.5625527189046052,0.811592017802277,0.28146577956845625,0.13287447031018493,1000,catboost,0.4323961641769189,True,utility_gap;ece;nll,
spambase,xgboost,gbdt,covariate_shift,0.0,1058421842,test_only,False,high,True,ok,,0.9529326574945691,0.9884731446341977,0.15549712448717237,0.22433493037013738,0.026843168740986457,0.41623638638691607,3220,catboost,0.4323961641769189,False,,
spambase,xgboost,gbdt,covariate_shift,0.05,342034879,test_only,False,low,True,ok,,0.7472845763939174,0.9620855734767026,0.7152252687496582,1.031851948343608,0.17530668625814683,0.1042057154212218,3220,catboost,0.4323961641769189,True,utility_gap;ece;nll,
spambase,xgboost,gbdt,covariate_shift,0.1,1045100713,test_only,False,low,True,ok,,0.7139753801593048,0.9401409533347389,0.8026174817368668,1.157932260632566,0.2064311786371562,0.0474797267738533,3220,catboost,0.4323961641769189,True,utility_gap;ece;nll,
spambase,xgboost,gbdt,covariate_shift,0.2,3096275861,test_only,False,low,True,ok,,0.6401158580738595,0.9267396250614942,0.8358536950023612,1.2058819806886227,0.2756330363066817,0.00348504601467875,3220,catboost,0.4323961641769189,True,utility_gap;ece;nll,
spambase,xgboost,gbdt,covariate_shift,0.3,2958375756,test_only,False,low,True,ok,,0.6176683562635771,0.8016429914259611,0.8660693864605333,1.2494740089123586,0.2814039158117183,-0.05789768539742832,3220,catboost,0.4323961641769189,True,utility_gap;ece;nll,
spambase,xgboost,gbdt,covariate_shift,0.4,2411427472,test_only,False,low,True,ok,,0.6104272266473569,0.8451764442336074,0.8645024205680322,1.247213354990005,0.29194819442227193,-0.04517780590258977,3220,catboost,0.4323961641769189,True,utility_gap;ece;nll,
spambase,catboost,gbdt,label_noise,0.0,60261911,train_only,False,high,True,ok,,0.9529326574945691,0.9898479777215546,0.12274467686091627,0.1770831366027622,0.019327928344909564,0.4323961641769189,3220,catboost,0.4323961641769189,False,,
spambase,catboost,gbdt,label_noise,0.05,1027646181,train_only,False,high,True,ok,,0.9500362056480811,0.987467276337058,0.16855853876893812,0.2431785679814371,0.05621599212335683,0.4039222087460799,3220,catboost,0.4323961641769189,False,,
spambase,catboost,gbdt,label_noise,0.1,3839839681,train_only,False,high,True,ok,,0.9377262853005068,0.9803032099936749,0.22324383148959057,0.32207276859908374,0.08688888629315407,0.36976545845450626,3220,catboost,0.4323961641769189,True,utility_gap,
spambase,catboost,gbdt,label_noise,0.2,1690255960,train_only,False,high,True,ok,,0.9268645908761767,0.9727416280132124,0.32707151381828103,0.4718644510016801,0.16951521906244493,0.30402687932305783,3220,catboost,0.4323961641769189,True,utility_gap;ece,
spambase,catboost,gbdt,label_noise,0.3,3174924902,train_only,False,high,True,ok,,0.8921071687183201,0.9518193478108088,0.43497408511273356,0.6275349555073546,0.21377191713080584,0.2359379769631635,3220,catboost,0.4323961641769189,True,utility_gap;ece,
spambase,catboost,gbdt,label_noise,0.4,4103837098,train_only,False,high,True,ok,,0.7856625633598842,0.8566121565113501,0.5646331445090719,0.8145934375047794,0.17786741562997374,0.13771212490552662,3220,catboost,0.4323961641769189,True,utility_gap;ece;nll,
spambase,hist_gbdt,gbdt,label_noise,0.0,60261911,train_only,False,high,True,ok,,0.9529326574945691,0.9903333421182093,0.1297019981355211,0.18712042950350588,0.01847805069183918,0.429724829376139,3220,catboost,0.4323961641769189,False,,
spambase,hist_gbdt,gbdt,label_noise,0.05,1027646181,train_only,False,high,True,ok,,0.943519188993483,0.9868303728301356,0.15400595444861975,0.22218362675039532,0.029563183322505404,0.4143507841499502,3220,catboost,0.4323961641769189,False,,
spambase,hist_gbdt,gbdt,label_noise,0.1,3839839681,train_only,False,high,True,ok,,0.9297610427226647,0.9769331119544592,0.20803213086321837,0.300126923541929,0.058374469879381254,0.3796777745540055,3220,catboost,0.4323961641769189,True,utility_gap,
spambase,hist_gbdt,gbdt,label_noise,0.2,1690255960,train_only,False,high,True,ok,,0.8979000724112962,0.9556319839763862,0.3232526382921,0.46635497821828653,0.11420025582501535,0.3064096606229405,3220,catboost,0.4323961641769189,True,utility_gap;ece,
spambase,hist_gbdt,gbdt,label_noise,0.3,3174924902,train_only,False,high,True,ok,,0.8399710354815351,0.8981492462576427,0.43848079141625906,0.632594063301305,0.1263695544846359,0.2252957616250865,3220,catboost,0.4323961641769189,True,utility_gap;ece,
spambase,hist_gbdt,gbdt,label_noise,0.4,4103837098,train_only,False,high,True,ok,,0.6987690079652426,0.7695672130859512,0.5780804704357578,0.8339938279324268,0.05881963182294239,0.1122018010305528,3220,catboost,0.4323961641769189,True,utility_gap;nll,
spambase,logreg,linear,label_noise,0.0,60261911,train_only,False,high,True,ok,,0.9304851556842868,0.975893202262984,0.21054353116503574,0.303750108303048,0.020985530598658902,0.3858132555340412,3220,catboost,0.4323961641769189,True,utility_gap,
spambase,logreg,linear,label_noise,0.05,1027646181,train_only,False,high,True,ok,,0.9196234612599565,0.9699897656195094,0.2636011250399795,0.38029603586793,0.081136044013947,0.3471239175926534,3220,catboost,0.4323961641769189,True,utility_gap,
spambase,logreg,linear,label_noise,0.1,3839839681,train_only,False,high,True,ok,,0.9036929761042722,0.9633462031766111,0.3157315205579846,0.4555042989613362,0.10687250506935922,0.31469932682518204,3220,catboost,0.4323961641769189,True,utility_gap;ece,
spambase,logreg,linear,label_noise,0.2,1690255960,train_only,False,high,True,ok,,0.8971759594496741,0.9483789707639327,0.4056272350723066,0.5851964004883186,0.18400936378975222,0.25414824078038156,3220,catboost,0.4323961641769189,True,utility_gap;ece,
spambase,logreg,linear,label_noise,0.3,3174924902,train_only,False,high,True,ok,,0.8689355539464156,0.9416848952842786,0.4842505917604975,0.6986259272804157,0.22180465832845028,0.20598133659164508,3220,catboost,0.4323961641769189,True,utility_gap;ece,
spambase,logreg,linear,label_noise,0.4,4103837098,train_only,False,high,True,ok,,0.8486603910209993,0.9087064709396303,0.5903263939760582,0.8516609610951237,0.279560063838701,0.13393602238574315,3220,catboost,0.4323961641769189,True,utility_gap;ece;nll,
spambase,tabicl,icl,label_noise,0.0,60261911,train_only,False,high,True,ok,,0.9522085445329471,0.9884907143861129,0.12857741345912882,0.185497996767815,0.007069997425121091,0.4317396331997128,1000,catboost,0.4323961641769189,False,,
spambase,tabicl,icl,label_noise,0.05,1027646181,train_only,False,high,True,ok,,0.944967414916727,0.9843596264670743,0.16888590757717659,0.24365086133762448,0.040824414601604825,0.4050108401793767,1000,catboost,0.4323961641769189,False,,
spambase,tabicl,icl,label_noise,0.1,3839839681,train_only,False,high,True,ok,,0.9529326574945691,0.9848449908637289,0.2001054566665208,0.2886911499876109,0.08442987160861194,0.38414232610848476,1000,catboost,0.4323961641769189,True,utility_gap,
spambase,tabicl,icl,label_noise,0.2,1690255960,train_only,False,high,True,ok,,0.942070963070239,0.9780586741865204,0.2978795140430344,0.4297492976923001,0.1612300059309909,0.32246038993192977,1000,catboost,0.4323961641769189,True,utility_gap;ece,
spambase,tabicl,icl,label_noise,0.3,3174924902,train_only,False,high,True,ok,,0.9355539464156408,0.9770989264881579,0.41298015927922643,0.5958044277776742,0.25279519066310646,0.2530173497672778,1000,catboost,0.4323961641769189,True,utility_gap;ece,
spambase,tabicl,icl,label_noise,0.4,4103837098,train_only,False,high,True,ok,,0.9138305575669804,0.9693133301707779,0.528543780233742,0.7625274906359258,0.3136575413807499,0.18484449372789158,1000,catboost,0.4323961641769189,True,utility_gap;ece;nll,
spambase,xgboost,gbdt,label_noise,0.0,60261911,train_only,False,high,True,ok,,0.9529326574945691,0.9884731446341977,0.15549712448717237,0.22433493037013738,0.026843168740986457,0.41623638638691607,3220,catboost,0.4323961641769189,False,,
spambase,xgboost,gbdt,label_noise,0.05,1027646181,train_only,False,high,True,ok,,0.943519188993483,0.98469784419144,0.15635824760690736,0.2255772684245739,0.013902332968426571,0.41571847669496903,3220,catboost,0.4323961641769189,False,,
spambase,xgboost,gbdt,label_noise,0.1,3839839681,train_only,False,high,True,ok,,0.9073135409123824,0.9642905773420479,0.2328473890311056,0.3359277734391193,0.011323446428547504,0.3705557118891288,3220,catboost,0.4323961641769189,True,utility_gap,
spambase,xgboost,gbdt,label_noise,0.2,1690255960,train_only,False,high,True,ok,,0.8522809558291093,0.9202541903858317,0.34750643767667644,0.5013458143131307,0.02328274822731532,0.29487081607000515,3220,catboost,0.4323961641769189,True,utility_gap,
spambase,xgboost,gbdt,label_noise,0.3,3174924902,train_only,False,high,True,ok,,0.7878349022447502,0.843226201771031,0.4775015413503563,0.6888891057229953,0.03660035107214122,0.19931760402524654,3220,catboost,0.4323961641769189,True,utility_gap,
spambase,xgboost,gbdt,label_noise,0.4,4103837098,train_only,False,high,True,ok,,0.664735698769008,0.7086375096633635,0.6693965555595732,0.9657350910939498,0.09246052161231755,0.039520851546879954,3220,catboost,0.4323961641769189,True,utility_gap;nll,
splice,catboost,gbdt,covariate_shift,0.0,3721731608,test_only,False,high,True,ok,,0.9592476489028213,0.9932665125373376,0.12597579789646324,0.11466811285097546,0.012223823125539953,0.45468522824309066,2233,catboost,0.45468522824309066,False,,
splice,catboost,gbdt,covariate_shift,0.05,2455505349,test_only,False,high,True,ok,,0.9540229885057471,0.9931225352233009,0.1314319257453421,0.1196344944445161,0.016866864405900888,0.4514326143894824,2233,catboost,0.45468522824309066,False,,
splice,catboost,gbdt,covariate_shift,0.1,3916056345,test_only,False,high,True,ok,,0.9540229885057471,0.9927630351613098,0.132445702226194,0.12055727356441921,0.016928288686425007,0.4510176707757097,2233,catboost,0.45468522824309066,False,,
splice,catboost,gbdt,covariate_shift,0.2,1188553461,test_only,False,high,True,ok,,0.9540229885057471,0.9925454727848783,0.13667975875051452,0.12441127790061104,0.02104918285292493,0.4489611438098011,2233,catboost,0.45468522824309066,False,,
splice,catboost,gbdt,covariate_shift,0.3,1244369274,test_only,False,high,True,ok,,0.955067920585162,0.9929494495830915,0.13060317796248103,0.11888013570357593,0.01858448984372626,0.4514115567620383,2233,catboost,0.45468522824309066,False,,
splice,catboost,gbdt,covariate_shift,0.4,3228449683,test_only,False,high,True,ok,,0.955067920585162,0.9927358421204819,0.13388949339417888,0.12187146892057643,0.017812503326840194,0.45059379148840195,2233,catboost,0.45468522824309066,False,,
splice,hist_gbdt,gbdt,covariate_shift,0.0,3721731608,test_only,False,high,True,ok,,0.9592476489028213,0.9931876368752155,0.19625872743537046,0.17864239227953888,0.030924113381281385,0.4317252798816307,2233,catboost,0.45468522824309066,False,,
splice,hist_gbdt,gbdt,covariate_shift,0.05,2455505349,test_only,False,high,True,ok,,0.9592476489028213,0.9931876368752155,0.19625872743537046,0.17864239227953888,0.030924113381281385,0.4317252798816307,2233,catboost,0.45468522824309066,False,,
splice,hist_gbdt,gbdt,covariate_shift,0.1,3916056345,test_only,False,high,True,ok,,0.9592476489028213,0.9931876368752155,0.19625872743537046,0.17864239227953888,0.030924113381281385,0.4317252798816307,2233,catboost,0.45468522824309066,False,,
splice,hist_gbdt,gbdt,covariate_shift,0.2,1188553461,test_only,False,high,True,ok,,0.9592476489028213,0.9931876368752155,0.19625872743537046,0.17864239227953888,0.030924113381281385,0.4317252798816307,2233,catboost,0.45468522824309066,False,,
splice,hist_gbdt,gbdt,covariate_shift,0.3,1244369274,test_only,False,high,True,ok,,0.9592476489028213,0.9931876368752155,0.19625872743537046,0.17864239227953888,0.030924113381281385,0.4317252798816307,2233,catboost,0.45468522824309066,False,,
splice,hist_gbdt,gbdt,covariate_shift,0.4,3228449683,test_only,False,high,True,ok,,0.9592476489028213,0.9931876368752155,0.19625872743537046,0.17864239227953888,0.030924113381281385,0.4317252798816307,2233,catboost,0.45468522824309066,False,,
splice,logreg,linear,covariate_shift,0.0,3721731608,test_only,False,high,True,ok,,0.9362591431556949,0.9888249176898602,0.19984964052273432,0.18191098223106514,0.021613667132742403,0.42763156456893725,2233,catboost,0.45468522824309066,False,,
splice,logreg,linear,covariate_shift,0.05,2455505349,test_only,False,high,True,ok,,0.9362591431556949,0.9888249176898602,0.19984964052273432,0.18191098223106514,0.021613667132742403,0.42763156456893725,2233,catboost,0.45468522824309066,False,,
splice,logreg,linear,covariate_shift,0.1,3916056345,test_only,False,high,True,ok,,0.9362591431556949,0.9888249176898602,0.19984964052273432,0.18191098223106514,0.021613667132742403,0.42763156456893725,2233,catboost,0.45468522824309066,False,,
splice,logreg,linear,covariate_shift,0.2,1188553461,test_only,False,high,True,ok,,0.9362591431556949,0.9888249176898602,0.19984964052273432,0.18191098223106514,0.021613667132742403,0.42763156456893725,2233,catboost,0.45468522824309066,False,,
splice,logreg,linear,covariate_shift,0.3,1244369274,test_only,False,high,True,ok,,0.9362591431556949,0.9888249176898602,0.19984964052273432,0.18191098223106514,0.021613667132742403,0.42763156456893725,2233,catboost,0.45468522824309066,False,,
splice,logreg,linear,covariate_shift,0.4,3228449683,test_only,False,high,True,ok,,0.9362591431556949,0.9888249176898602,0.19984964052273432,0.18191098223106514,0.021613667132742403,0.42763156456893725,2233,catboost,0.45468522824309066,False,,
splice,tabicl,icl,covariate_shift,0.0,3721731608,test_only,False,high,True,ok,,0.9582027168234065,0.9957245476326652,0.11487964769975666,0.10456796167739003,0.01078323662888948,0.45870696336594885,1000,catboost,0.45468522824309066,False,,
splice,tabicl,icl,covariate_shift,0.05,2455505349,test_only,False,high,True,ok,,0.9571577847439916,0.9958973043652342,0.11294395591060595,0.10280601908024557,0.014417208339609341,0.45841247684743514,1000,catboost,0.45468522824309066,False,,
splice,tabicl,icl,covariate_shift,0.1,3916056345,test_only,False,high,True,ok,,0.9634273772204807,0.9961130858271251,0.10324565158131628,0.09397824204796124,0.009374897059984597,0.46308523459618056,1000,catboost,0.45468522824309066,False,,
splice,tabicl,icl,covariate_shift,0.2,1188553461,test_only,False,high,True,ok,,0.9592476489028213,0.9960496688241003,0.11171148823831156,0.10168417865937375,0.015057526875711127,0.4589877724509039,1000,catboost,0.45468522824309066,False,,
splice,tabicl,icl,covariate_shift,0.3,1244369274,test_only,False,high,True,ok,,0.9634273772204807,0.995979392893453,0.10556451733578315,0.09608896461895862,0.013095161409455085,0.46166117242820204,1000,catboost,0.45468522824309066,False,,
splice,tabicl,icl,covariate_shift,0.4,3228449683,test_only,False,high,True,ok,,0.9582027168234065,0.995004372265529,0.12112775424581612,0.11025523334775728,0.01407117265813856,0.45609113328049117,1000,catboost,0.45468522824309066,False,,
splice,xgboost,gbdt,covariate_shift,0.0,3721731608,test_only,False,high,True,ok,,0.9602925809822361,0.9933195689496909,0.14662238302395475,0.1334614445299085,0.028121236812795165,0.4460430555581956,2233,catboost,0.45468522824309066,False,,
splice,xgboost,gbdt,covariate_shift,0.05,2455505349,test_only,False,high,True,ok,,0.9602925809822361,0.9933195689496909,0.14662238302395475,0.1334614445299085,0.028121236812795165,0.4460430555581956,2233,catboost,0.45468522824309066,False,,
splice,xgboost,gbdt,covariate_shift,0.1,3916056345,test_only,False,high,True,ok,,0.9602925809822361,0.9933195689496909,0.14662238302395475,0.1334614445299085,0.028121236812795165,0.4460430555581956,2233,catboost,0.45468522824309066,False,,
splice,xgboost,gbdt,covariate_shift,0.2,1188553461,test_only,False,high,True,ok,,0.9602925809822361,0.9933195689496909,0.14662238302395475,0.1334614445299085,0.028121236812795165,0.4460430555581956,2233,catboost,0.45468522824309066,False,,
splice,xgboost,gbdt,covariate_shift,0.3,1244369274,test_only,False,high,True,ok,,0.9602925809822361,0.9933195689496909,0.14662238302395475,0.1334614445299085,0.028121236812795165,0.4460430555581956,2233,catboost,0.45468522824309066,False,,
splice,xgboost,gbdt,covariate_shift,0.4,3228449683,test_only,False,high,True,ok,,0.9602925809822361,0.9933195689496909,0.14662238302395475,0.1334614445299085,0.028121236812795165,0.4460430555581956,2233,catboost,0.45468522824309066,False,,
splice,catboost,gbdt,label_noise,0.0,2334550712,train_only,False,high,True,ok,,0.9592476489028213,0.9932665125373376,0.12597579789646324,0.11466811285097546,0.012223823125539953,0.45468522824309066,2233,catboost,0.45468522824309066,False,,
splice,catboost,gbdt,label_noise,0.05,691285794,train_only,False,high,True,ok,,0.9414838035527691,0.9916104184463279,0.16253708395918995,0.1479476296011944,0.02581088644648844,0.4387397508194741,2233,catboost,0.45468522824309066,False,,
splice,catboost,gbdt,label_noise,0.1,3156332415,train_only,False,high,True,ok,,0.9341692789968652,0.9857109043833,0.2216709572524704,0.20177360069511938,0.04461329123690177,0.4156694699277686,2233,catboost,0.45468522824309066,True,utility_gap,
splice,catboost,gbdt,label_noise,0.2,2642764237,train_only,False,high,True,ok,,0.9132706374085684,0.9823577451391762,0.3102114103757566,0.28236659427124916,0.1060420603910796,0.3748974160504062,2233,catboost,0.45468522824309066,True,utility_gap;ece,
splice,catboost,gbdt,label_noise,0.3,1959090686,train_only,False,high,True,ok,,0.864158829676071,0.954127094966185,0.4547274292841029,0.4139107435575717,0.13810695154854108,0.3117736943125956,2233,catboost,0.45468522824309066,True,utility_gap;ece,
splice,catboost,gbdt,label_noise,0.4,258913008,train_only,False,high,True,ok,,0.7565308254963428,0.8781058959061067,0.6540853498418189,0.5953741429879615,0.10445088343929794,0.22131426780734068,2233,catboost,0.45468522824309066,True,utility_gap;ece,
splice,hist_gbdt,gbdt,label_noise,0.0,2334550712,train_only,False,high,True,ok,,0.9592476489028213,0.9931876368752155,0.19625872743537046,0.17864239227953888,0.030924113381281385,0.4317252798816307,2233,catboost,0.45468522824309066,False,,
splice,hist_gbdt,gbdt,label_noise,0.05,691285794,train_only,False,high,True,ok,,0.9425287356321839,0.9904264271513097,0.18093306513733884,0.16469237328183448,0.033251512334691924,0.4319705453962972,2233,catboost,0.45468522824309066,False,,
splice,hist_gbdt,gbdt,label_noise,0.1,3156332415,train_only,False,high,True,ok,,0.9393939393939394,0.9859805344436293,0.20177871136026837,0.1836668981783305,0.028602555341310405,0.42518169744259987,2233,catboost,0.45468522824309066,False,,
splice,hist_gbdt,gbdt,label_noise,0.2,2642764237,train_only,False,high,True,ok,,0.9258098223615465,0.983726361919298,0.24975645080113026,0.22733811862228456,0.05872969608047856,0.4032283252232051,2233,catboost,0.45468522824309066,True,utility_gap,
splice,hist_gbdt,gbdt,label_noise,0.3,1959090686,train_only,False,high,True,ok,,0.8746081504702194,0.9561524279941956,0.4113841710859751,0.3744580097358205,0.10141898618979066,0.33322337220979714,2233,catboost,0.45468522824309066,True,utility_gap;ece,
splice,hist_gbdt,gbdt,label_noise,0.4,258913008,train_only,False,high,True,ok,,0.7669801462904912,0.881415972260411,0.6374373289371734,0.5802204613148496,0.1006793959296775,0.22934059465432707,2233,catboost,0.45468522824309066,True,utility_gap;ece,
splice,logreg,linear,label_noise,0.0,2334550712,train_only,False,high,True,ok,,0.9362591431556949,0.9888249176898602,0.19984964052273432,0.18191098223106514,0.021613667132742403,0.42763156456893725,2233,catboost,0.45468522824309066,False,,
splice,logreg,linear,label_noise,0.05,691285794,train_only,False,high,True,ok,,0.9038662486938349,0.9799399711467777,0.26975246375501677,0.24553927398905043,0.03241128896063017,0.3984148872166062,2233,catboost,0.45468522824309066,True,utility_gap,
splice,logreg,linear,label_noise,0.1,3156332415,train_only,False,high,True,ok,,0.8996865203761756,0.9786434773944785,0.30959964726845435,0.2818097434935795,0.07914872189929235,0.37710552771656153,2233,catboost,0.45468522824309066,True,utility_gap,
splice,logreg,linear,label_noise,0.2,2642764237,train_only,False,high,True,ok,,0.8808777429467085,0.9669549602300523,0.43286109222398717,0.39400714582281016,0.1547236808241385,0.32141901761085384,2233,catboost,0.45468522824309066,True,utility_gap;ece,
splice,logreg,linear,label_noise,0.3,1959090686,train_only,False,high,True,ok,,0.8045977011494253,0.9389077061495822,0.5535954066264257,0.5039042547918072,0.14517294541637035,0.2691014868039513,2233,catboost,0.45468522824309066,True,utility_gap;ece,
splice,logreg,linear,label_noise,0.4,258913008,train_only,False,high,True,ok,,0.723092998955068,0.8849707478770115,0.7031541257766523,0.6400384676464098,0.12530959403635836,0.20113025249901956,2233,catboost,0.45468522824309066,True,utility_gap;ece,
splice,tabicl,icl,label_noise,0.0,2334550712,train_only,False,high,True,ok,,0.9582027168234065,0.9957245476326652,0.11487964769975666,0.10456796167739003,0.01078323662888948,0.45870696336594885,1000,catboost,0.45468522824309066,False,,
splice,tabicl,icl,label_noise,0.05,691285794,train_only,False,high,True,ok,,0.9602925809822361,0.9958229892883205,0.134986292986305,0.12286981893307793,0.04246264946985881,0.44722845782435244,1000,catboost,0.45468522824309066,False,,
splice,tabicl,icl,label_noise,0.1,3156332415,train_only,False,high,True,ok,,0.9644723092998955,0.995186587098293,0.18134918916272416,0.16507114569288206,0.08458799039209774,0.42654721009310276,1000,catboost,0.45468522824309066,False,,
splice,tabicl,icl,label_noise,0.2,2642764237,train_only,False,high,True,ok,,0.955067920585162,0.9957387407995609,0.25862611677929476,0.23541163652268737,0.1465254711976312,0.39184016217128814,999,catboost,0.45468522824309066,True,utility_gap;ece,
splice,tabicl,icl,label_noise,0.3,1959090686,train_only,False,high,True,ok,,0.9529780564263323,0.9913334701910004,0.3715733510070179,0.3382206396557703,0.232653166023501,0.3419165979293687,1000,catboost,0.45468522824309066,True,utility_gap;ece,
splice,tabicl,icl,label_noise,0.4,258913008,train_only,False,high,True,ok,,0.9383490073145245,0.9886391249837402,0.5493924884957493,0.5000785938429645,0.33823205332954376,0.2691060560226896,1000,catboost,0.45468522824309066,True,utility_gap;ece,
splice,xgboost,gbdt,label_noise,0.0,2334550712,train_only,False,high,True,ok,,0.9602925809822361,0.9933195689496909,0.14662238302395475,0.1334614445299085,0.028121236812795165,0.4460430555581956,2233,catboost,0.45468522824309066,False,,
splice,xgboost,gbdt,label_noise,0.05,691285794,train_only,False,high,True,ok,,0.9467084639498433,0.9905661146272808,0.17112016106292774,0.15576028306617917,0.026275561496229588,0.4367212124929251,2233,catboost,0.45468522824309066,False,,
splice,xgboost,gbdt,label_noise,0.1,3156332415,train_only,False,high,True,ok,,0.9331243469174504,0.983864607416041,0.22491916095519157,0.20473024312141072,0.02940923951985876,0.4170203437928369,2233,catboost,0.45468522824309066,True,utility_gap,
splice,xgboost,gbdt,label_noise,0.2,2642764237,train_only,False,high,True,ok,,0.9153605015673981,0.9770196182577594,0.26518970762748034,0.24138607438023482,0.026216858938727324,0.4016017475235096,2233,catboost,0.45468522824309066,True,utility_gap,
splice,xgboost,gbdt,label_noise,0.3,1959090686,train_only,False,high,True,ok,,0.8652037617554859,0.9481148778924369,0.4003722931473055,0.3644345664772167,0.04886996508303652,0.3425164085659034,2233,catboost,0.45468522824309066,True,utility_gap,
splice,xgboost,gbdt,label_noise,0.4,258913008,train_only,False,high,True,ok,,0.7669801462904912,0.8703289930761332,0.6729374658623509,0.61253407849477,0.05621559071766838,0.2246588278282556,2233,catboost,0.45468522824309066,True,utility_gap,
steel-plates-fault,catboost,gbdt,covariate_shift,0.0,2342941747,test_only,True,low,True,ok,,1.0,1.0,0.0009471205866208917,0.0013664061734418064,0.0009459661688545618,0.49940088491419654,1358,catboost,0.49940088491419654,False,,
steel-plates-fault,catboost,gbdt,covariate_shift,0.05,3199079680,test_only,True,low,True,ok,,1.0,1.0,0.0009398287558300513,0.0013558862853208595,0.0009384315057129333,0.4994055478132612,1358,catboost,0.49940088491419654,False,,
steel-plates-fault,catboost,gbdt,covariate_shift,0.1,2470116718,test_only,True,low,True,ok,,1.0,1.0,0.0012683611885467082,0.0018298583967723673,0.00126553369650384,0.4991979357416675,1358,catboost,0.49940088491419654,False,,
steel-plates-fault,catboost,gbdt,covariate_shift,0.2,3112875470,test_only,True,low,True,ok,,1.0,1.0,0.0015550187342530507,0.002243417816396309,0.001552308604294228,0.4990165129342223,1358,catboost,0.49940088491419654,False,,
steel-plates-fault,catboost,gbdt,covariate_shift,0.3,3519992929,test_only,True,low,True,ok,,1.0,1.0,0.0019803903321835305,0.0028570993112656267,0.0019722915572119026,0.49874841189517793,1358,catboost,0.49940088491419654,False,,
steel-plates-fault,catboost,gbdt,covariate_shift,0.4,960490634,test_only,True,low,True,ok,,1.0,1.0,0.0022286177895058483,0.003215215832957011,0.0022173563263214735,0.4985919639848486,1358,catboost,0.49940088491419654,False,,
steel-plates-fault,hist_gbdt,gbdt,covariate_shift,0.0,2342941747,test_only,True,low,True,ok,,1.0,1.0,2.05693361264679e-05,2.9675279224033438e-05,2.0569102440193276e-05,0.4999869835957447,1358,catboost,0.49940088491419654,False,,
steel-plates-fault,hist_gbdt,gbdt,covariate_shift,0.05,3199079680,test_only,True,low,True,ok,,1.0,1.0,2.087932423580058e-05,3.0122497532102242e-05,2.087908308423536e-05,0.49998678743412356,1358,catboost,0.49940088491419654,False,,
steel-plates-fault,hist_gbdt,gbdt,covariate_shift,0.1,2470116718,test_only,True,low,True,ok,,1.0,1.0,2.0953798516356804e-05,3.022994120733448e-05,2.0953554945801756e-05,0.49998674030664864,1358,catboost,0.49940088491419654,False,,
steel-plates-fault,hist_gbdt,gbdt,covariate_shift,0.2,3112875470,test_only,True,low,True,ok,,1.0,1.0,2.1361918972654488e-05,3.081873456572049e-05,2.136166251076599e-05,0.49998648204712814,1358,catboost,0.49940088491419654,False,,
steel-plates-fault,hist_gbdt,gbdt,covariate_shift,0.3,3519992929,test_only,True,low,True,ok,,1.0,1.0,2.1882953114194754e-05,3.157042793785447e-05,2.1882679981932718e-05,0.49998615233562227,1358,catboost,0.49940088491419654,False,,
steel-plates-fault,hist_gbdt,gbdt,covariate_shift,0.4,960490634,test_only,True,low,True,ok,,1.0,1.0,2.2140946302663645e-05,3.194263343144167e-05,2.2140664565184487e-05,0.49998598907705755,1358,catboost,0.49940088491419654,False,,
steel-plates-fault,logreg,linear,covariate_shift,0.0,2342941747,test_only,True,low,True,ok,,1.0,1.0,0.007891370778904868,0.01138484148854213,0.007846143737817113,0.4950153188058739,1358,catboost,0.49940088491419654,False,,
steel-plates-fault,logreg,linear,covariate_shift,0.05,3199079680,test_only,True,low,True,ok,,1.0,1.0,0.03853386578270887,0.055592617070995005,0.03597761887942883,0.47612669110281575,1358,catboost,0.49940088491419654,False,,
steel-plates-fault,logreg,linear,covariate_shift,0.1,2470116718,test_only,True,low,True,ok,,0.8078902229845626,1.0,0.26041539458180185,0.37569999833430817,0.05950553792995579,0.34657242636140073,1358,catboost,0.49940088491419654,True,utility_gap,
steel-plates-fault,logreg,linear,covariate_shift,0.2,3112875470,test_only,True,low,True,ok,,0.6535162950257289,1.0,1.6295644006752454,2.3509644796633724,0.34278222335032116,-0.32581834431521656,1358,catboost,0.49940088491419654,True,utility_gap;ece;nll,
steel-plates-fault,logreg,linear,covariate_shift,0.3,3519992929,test_only,True,low,True,ok,,0.6535162950257289,1.0,3.2378962712061647,4.671296893382,0.34644785824570423,-1.0226511954098814,1358,catboost,0.49940088491419654,True,utility_gap;ece;nll,
steel-plates-fault,logreg,linear,covariate_shift,0.4,960490634,test_only,True,low,True,ok,,0.6535162950257289,1.0,4.849886860798363,6.996907722946341,0.3464833630378583,-1.7203415452376147,1358,catboost,0.49940088491419654,True,utility_gap;ece;nll,
steel-plates-fault,tabicl,icl,covariate_shift,0.0,2342941747,test_only,True,low,True,ok,,1.0,1.0,1.8494916926093138e-05,2.668252493092792e-05,1.8457936356797155e-05,0.4999883036552494,1000,catboost,0.49940088491419654,False,,
steel-plates-fault,tabicl,icl,covariate_shift,0.05,3199079680,test_only,True,low,True,ok,,0.6535162950257289,0.846508666614693,0.7672320935120638,1.1068819365207119,0.22975834913478688,0.016289226785830932,1000,catboost,0.49940088491419654,True,utility_gap;ece;nll,
steel-plates-fault,tabicl,icl,covariate_shift,0.1,2470116718,test_only,True,low,True,ok,,0.6535162950257289,0.7668069956601958,0.6802317762850926,0.9813670103015939,0.1541565381488995,0.04116848201466979,1000,catboost,0.49940088491419654,True,utility_gap;ece;nll,
steel-plates-fault,tabicl,icl,covariate_shift,0.2,3112875470,test_only,True,low,True,ok,,0.6535162950257289,0.810542865310153,0.6947797404007837,1.002355285986332,0.16607561645308602,0.047795738025896047,1000,catboost,0.49940088491419654,True,utility_gap;ece;nll,
steel-plates-fault,tabicl,icl,covariate_shift,0.3,3519992929,test_only,True,low,True,ok,,0.6535162950257289,0.6746251396793222,0.6820158775425739,0.9839409243382059,0.14370943859573362,0.01022207812101365,1000,catboost,0.49940088491419654,True,utility_gap;ece;nll,
steel-plates-fault,tabicl,icl,covariate_shift,0.4,960490634,test_only,True,low,True,ok,,0.6535162950257289,0.6565967620384086,0.6926200483263247,0.9992395089406629,0.14518234529132798,-0.0009720107731621408,1000,catboost,0.49940088491419654,True,utility_gap;ece;nll,
steel-plates-fault,xgboost,gbdt,covariate_shift,0.0,2342941747,test_only,True,low,True,ok,,1.0,1.0,0.005845721730310236,0.008433593750735428,0.005793168185345191,0.49631128823771037,1358,catboost,0.49940088491419654,False,,
steel-plates-fault,xgboost,gbdt,covariate_shift,0.05,3199079680,test_only,True,low,True,ok,,1.0,1.0,0.008008386457149094,0.011553659427251332,0.007902626423439453,0.4949533768871367,1358,catboost,0.49940088491419654,False,,
steel-plates-fault,xgboost,gbdt,covariate_shift,0.1,2470116718,test_only,True,low,True,ok,,1.0,1.0,0.008380545195470254,0.012090570993450764,0.008267196500208778,0.494719389401923,1358,catboost,0.49940088491419654,False,,
steel-plates-fault,xgboost,gbdt,covariate_shift,0.2,3112875470,test_only,True,low,True,ok,,1.0,1.0,0.011525130789912779,0.01662724903620387,0.011233328974804543,0.49276515949417793,1358,catboost,0.49940088491419654,False,,
steel-plates-fault,xgboost,gbdt,covariate_shift,0.3,3519992929,test_only,True,low,True,ok,,1.0,1.0,0.011074837544683611,0.01597761320436595,0.01086079132469274,0.49303455777375166,1358,catboost,0.49940088491419654,False,,
steel-plates-fault,xgboost,gbdt,covariate_shift,0.4,960490634,test_only,True,low,True,ok,,1.0,1.0,0.013069158016017414,0.018854809458302566,0.012816137317179038,0.4917803296990734,1358,catboost,0.49940088491419654,False,,
steel-plates-fault,catboost,gbdt,label_noise,0.0,3863852855,train_only,True,low,True,ok,,1.0,1.0,0.0009471205866208917,0.0013664061734418064,0.0009459661688545618,0.49940088491419654,1358,catboost,0.49940088491419654,False,,
steel-plates-fault,catboost,gbdt,label_noise,0.05,3828678886,train_only,True,low,True,ok,,0.9965694682675815,0.9998700657467322,0.08167340443495649,0.1178298155508304,0.06919555716594897,0.4502518871530546,1358,catboost,0.49940088491419654,True,utility_gap,
steel-plates-fault,catboost,gbdt,label_noise,0.1,2047184284,train_only,True,low,True,ok,,0.9948542024013722,0.999818092045425,0.15481556637287197,0.22335164985855857,0.13191913621252482,0.405775140376032,1358,catboost,0.49940088491419654,True,utility_gap;ece,
steel-plates-fault,catboost,gbdt,label_noise,0.2,781862246,train_only,True,low,True,ok,,0.9639794168096055,0.9962189132299056,0.29774801897106457,0.4295595904040679,0.2081667842789941,0.3227722981748886,1358,catboost,0.49940088491419654,True,utility_gap;ece,
steel-plates-fault,catboost,gbdt,label_noise,0.3,1549908955,train_only,True,low,True,ok,,0.8542024013722127,0.9258725085106936,0.47192981985721977,0.6808508107556328,0.19431158807596968,0.20906817734269087,1358,catboost,0.49940088491419654,True,utility_gap;ece,
steel-plates-fault,catboost,gbdt,label_noise,0.4,1038006126,train_only,True,low,True,ok,,0.6998284734133791,0.7352719523920896,0.6235707106403071,0.8996223718843779,0.10498608207971477,0.07143552636798192,1358,catboost,0.49940088491419654,True,utility_gap;ece;nll,
steel-plates-fault,hist_gbdt,gbdt,label_noise,0.0,3863852855,train_only,True,low,True,ok,,1.0,1.0,2.05693361264679e-05,2.9675279224033438e-05,2.0569102440193276e-05,0.4999869835957447,1358,catboost,0.49940088491419654,False,,
steel-plates-fault,hist_gbdt,gbdt,label_noise,0.05,3828678886,train_only,True,low,True,ok,,0.9965694682675815,0.999935032873366,0.03555677216534592,0.05129757887296329,0.024929945018113873,0.47908741908030356,1358,catboost,0.49940088491419654,False,,
steel-plates-fault,hist_gbdt,gbdt,label_noise,0.1,2047184284,train_only,True,low,True,ok,,0.9811320754716981,0.9982069073049037,0.09975133196117379,0.1439107519424542,0.059708215109226616,0.4414273602728894,1358,catboost,0.49940088491419654,True,utility_gap,
steel-plates-fault,hist_gbdt,gbdt,label_noise,0.2,781862246,train_only,True,low,True,ok,,0.9331046312178388,0.986668745614719,0.23174904542412475,0.3343431985641359,0.12210605137933439,0.3605755858027198,1358,catboost,0.49940088491419654,True,utility_gap;ece,
steel-plates-fault,hist_gbdt,gbdt,label_noise,0.3,1549908955,train_only,True,low,True,ok,,0.8027444253859348,0.8685585093942465,0.46480183469736797,0.6705673019139845,0.0679483162596075,0.2096472882697596,1358,catboost,0.49940088491419654,True,utility_gap,
steel-plates-fault,hist_gbdt,gbdt,label_noise,0.4,1038006126,train_only,True,low,True,ok,,0.5900514579759862,0.616810893687794,0.7118961023681403,1.027048976514698,0.12446509641709927,-0.028616180750703376,1358,catboost,0.49940088491419654,True,utility_gap;ece;nll,
steel-plates-fault,logreg,linear,label_noise,0.0,3863852855,train_only,True,low,True,ok,,1.0,1.0,0.007891370778904868,0.01138484148854213,0.007846143737817113,0.4950153188058739,1358,catboost,0.49940088491419654,False,,
steel-plates-fault,logreg,linear,label_noise,0.05,3828678886,train_only,True,low,True,ok,,1.0,1.0,0.058775149037180396,0.0847946160434499,0.05651157871712423,0.4632592994435402,1358,catboost,0.49940088491419654,True,utility_gap,
steel-plates-fault,logreg,linear,label_noise,0.1,2047184284,train_only,True,low,True,ok,,1.0,1.0,0.11314621531282308,0.16323548372716476,0.10608873817271719,0.42981160724730716,1358,catboost,0.49940088491419654,True,utility_gap;ece,
steel-plates-fault,logreg,linear,label_noise,0.2,781862246,train_only,True,low,True,ok,,1.0,1.0,0.22715120523066587,0.32770991731823285,0.20159758137748338,0.3613675085290335,1358,catboost,0.49940088491419654,True,utility_gap;ece,
steel-plates-fault,logreg,linear,label_noise,0.3,1549908955,train_only,True,low,True,ok,,0.9965694682675815,0.9999870065746732,0.3668432913702605,0.52924299724326,0.30522278259782176,0.2796634168487305,1358,catboost,0.49940088491419654,True,utility_gap;ece,
steel-plates-fault,logreg,linear,label_noise,0.4,1038006126,train_only,True,low,True,ok,,0.9536878216123499,0.9862529560042619,0.5216005427701963,0.7525105163795539,0.3544405049783592,0.1916004519338061,1358,catboost,0.49940088491419654,True,utility_gap;ece;nll,
steel-plates-fault,tabicl,icl,label_noise,0.0,3863852855,train_only,True,low,True,ok,,1.0,1.0,1.8494916926093138e-05,2.668252493092792e-05,1.8457936356797155e-05,0.4999883036552494,1000,catboost,0.49940088491419654,False,,
steel-plates-fault,tabicl,icl,label_noise,0.05,3828678886,train_only,True,low,True,ok,,1.0,1.0,0.041173539935085955,0.0594008618801922,0.04017430158112935,0.4741448811197165,1000,catboost,0.49940088491419654,False,,
steel-plates-fault,tabicl,icl,label_noise,0.1,2047184284,train_only,True,low,True,ok,,1.0,1.0,0.09202303728659576,0.13276117954091188,0.08734759413374737,0.44270212731097697,1000,catboost,0.49940088491419654,True,utility_gap,
steel-plates-fault,tabicl,icl,label_noise,0.2,781862246,train_only,True,low,True,ok,,0.9965694682675815,0.9999870065746732,0.2117549779200001,0.30549785652873607,0.18551636647375677,0.3707282422879007,1000,catboost,0.49940088491419654,True,utility_gap;ece,
steel-plates-fault,tabicl,icl,label_noise,0.3,1549908955,train_only,True,low,True,ok,,0.9879931389365352,0.9992723681817002,0.3661829177634134,0.5282902795155276,0.2906856013929176,0.2813200955708335,1000,catboost,0.49940088491419654,True,utility_gap;ece,
steel-plates-fault,tabicl,icl,label_noise,0.4,1038006126,train_only,True,low,True,ok,,0.6946826758147513,0.6903666744627218,0.6549388956685737,0.9448770968663455,0.15194800312716247,0.031978007748829196,1000,catboost,0.49940088491419654,True,utility_gap;ece;nll,
steel-plates-fault,xgboost,gbdt,label_noise,0.0,3863852855,train_only,True,low,True,ok,,1.0,1.0,0.005845721730310236,0.008433593750735428,0.005793168185345191,0.49631128823771037,1358,catboost,0.49940088491419654,False,,
steel-plates-fault,xgboost,gbdt,label_noise,0.05,3828678886,train_only,True,low,True,ok,,0.9862778730703259,0.9991424339284322,0.044619244527785144,0.06437196280844765,0.017145733229617453,0.4749007973470423,1358,catboost,0.49940088491419654,False,,
steel-plates-fault,xgboost,gbdt,label_noise,0.1,2047184284,train_only,True,low,True,ok,,0.9622641509433962,0.9947766430186326,0.09481002201828845,0.13678194859235818,0.025855497248725712,0.44630576367057817,1358,catboost,0.49940088491419654,True,utility_gap,
steel-plates-fault,xgboost,gbdt,label_noise,0.2,781862246,train_only,True,low,True,ok,,0.9159519725557461,0.9747018008887502,0.2173176156802842,0.3135230464397597,0.0487444259062884,0.3747326270812389,1358,catboost,0.49940088491419654,True,utility_gap,
steel-plates-fault,xgboost,gbdt,label_noise,0.3,1549908955,train_only,True,low,True,ok,,0.7770154373927959,0.8294223123099711,0.563245050153822,0.8125908406621745,0.06690699424299254,0.1496914738701584,1358,catboost,0.49940088491419654,True,utility_gap;nll,
steel-plates-fault,xgboost,gbdt,label_noise,0.4,1038006126,train_only,True,low,True,ok,,0.6020583190394511,0.6298822795665393,0.898000909452689,1.2955414587811735,0.20846381620289012,-0.11958765517072367,1358,catboost,0.49940088491419654,True,utility_gap;ece;nll,
texture,catboost,gbdt,covariate_shift,0.0,731258484,test_only,True,medium,True,ok,,0.9854545454545455,0.9998226262626264,0.057631823529299755,0.024034337188564025,0.020974281459874934,0.48635094356155684,3850,xgboost,0.4917142818977348,False,,
texture,catboost,gbdt,covariate_shift,0.05,467431889,test_only,True,low,True,ok,,0.9781818181818182,0.9996428282828284,0.08333520228968795,0.03475347870069189,0.02312638009098892,0.4815509429978573,3850,xgboost,0.4917142818977348,False,,
texture,catboost,gbdt,covariate_shift,0.1,1852319452,test_only,True,low,True,ok,,0.9315151515151515,0.9976715151515151,0.2074972504304527,0.08653307456096741,0.023111379628395868,0.4583301047363336,3850,xgboost,0.4917142818977348,True,utility_gap,
texture,catboost,gbdt,covariate_shift,0.2,2283200151,test_only,True,low,True,ok,,0.6309090909090909,0.9595802020202022,1.1121710261287425,0.4638113426992274,0.1462439496993374,0.2620972415937987,3850,xgboost,0.4917142818977348,True,utility_gap;ece,
texture,catboost,gbdt,covariate_shift,0.3,398755619,test_only,True,low,True,ok,,0.26666666666666666,0.8360242424242424,3.004921668928208,1.2531496696356679,0.4820146025551459,-0.13973933655324472,3850,xgboost,0.4917142818977348,True,utility_gap;ece;nll,
texture,catboost,gbdt,covariate_shift,0.4,1886577186,test_only,True,low,True,ok,,0.11818181818181818,0.7294933333333333,4.712761000457737,1.9653739902318137,0.6692511723391822,-0.45041249214344115,3850,xgboost,0.4917142818977348,True,utility_gap;ece;nll,
texture,hist_gbdt,gbdt,covariate_shift,0.0,731258484,test_only,True,medium,True,ok,,0.990909090909091,0.9999034343434343,0.0325434680090692,0.013571680289060585,0.004260092958936616,0.4936790429780602,3850,xgboost,0.4917142818977348,False,,
texture,hist_gbdt,gbdt,covariate_shift,0.05,467431889,test_only,True,low,True,ok,,0.9769696969696969,0.9997963636363636,0.07267395641038106,0.03030739383608265,0.013431999101797413,0.48469556384699747,3850,xgboost,0.4917142818977348,False,,
texture,hist_gbdt,gbdt,covariate_shift,0.1,1852319452,test_only,True,low,True,ok,,0.9242424242424242,0.9967915151515151,0.3376483577420097,0.14081030208961973,0.04564567413589179,0.4361411684853296,3850,xgboost,0.4917142818977348,True,utility_gap,
texture,hist_gbdt,gbdt,covariate_shift,0.2,2283200151,test_only,True,low,True,ok,,0.6096969696969697,0.9135268686868688,2.3015171647455905,0.9598072071178047,0.2878206874178367,0.0656826498760408,3850,xgboost,0.4917142818977348,True,utility_gap;ece;nll,
texture,hist_gbdt,gbdt,covariate_shift,0.3,398755619,test_only,True,low,True,ok,,0.31393939393939396,0.7315939393939395,5.154678575931632,2.1496679335440967,0.5615521790343492,-0.454062027991311,3850,xgboost,0.4917142818977348,True,utility_gap;ece;nll,
texture,hist_gbdt,gbdt,covariate_shift,0.4,1886577186,test_only,True,low,True,ok,,0.18484848484848485,0.6444787878787879,6.820741996226014,2.8444703459739222,0.6875208952598071,-0.7375504343592897,3850,xgboost,0.4917142818977348,True,utility_gap;ece;nll,
texture,logreg,linear,covariate_shift,0.0,731258484,test_only,True,medium,True,ok,,0.9945454545454545,0.9999575757575756,0.04127223331033023,0.017211858156826455,0.02824593491518121,0.48835422526688543,3850,xgboost,0.4917142818977348,False,,
texture,logreg,linear,covariate_shift,0.05,467431889,test_only,True,low,True,ok,,0.9939393939393939,0.9999490909090909,0.046337809129593746,0.019324367354674753,0.031087958604418132,0.4870581889818048,3850,xgboost,0.4917142818977348,False,,
texture,logreg,linear,covariate_shift,0.1,1852319452,test_only,True,low,True,ok,,0.9848484848484849,0.9998751515151515,0.06919609200089089,0.028857011724343688,0.03588119460531425,0.4818502333192098,3850,xgboost,0.4917142818977348,False,,
texture,logreg,linear,covariate_shift,0.2,2283200151,test_only,True,low,True,ok,,0.9351515151515152,0.9982735353535354,0.21465471067369585,0.08951796732273107,0.03985560181243583,0.45484195408715816,3850,xgboost,0.4917142818977348,True,utility_gap,
texture,logreg,linear,covariate_shift,0.3,398755619,test_only,True,low,True,ok,,0.7660606060606061,0.9883842424242424,0.6429161839254156,0.26811687366776665,0.04775707611465568,0.3708570984343146,3850,xgboost,0.4917142818977348,True,utility_gap,
texture,logreg,linear,covariate_shift,0.4,1886577186,test_only,True,low,True,ok,,0.5296969696969697,0.9640965656565658,1.539633891999396,0.6420772038983279,0.25357295854481815,0.17355059055588143,3850,xgboost,0.4917142818977348,True,utility_gap;ece,
texture,tabicl,icl,covariate_shift,0.0,731258484,test_only,True,medium,True,ok,,0.9993939393939394,1.0,0.0024644998841333037,0.0010277762803448897,0.0018266269913106805,0.49923543262672526,1001,xgboost,0.4917142818977348,False,,
texture,tabicl,icl,covariate_shift,0.05,467431889,test_only,True,low,True,ok,,0.9993939393939394,1.0,0.001855836130737582,0.0007739437796930141,0.0015209293554525622,0.4993727219040925,1001,xgboost,0.4917142818977348,False,,
texture,tabicl,icl,covariate_shift,0.1,1852319452,test_only,True,low,True,ok,,0.996969696969697,0.9999979797979798,0.007552627342273631,0.003149690242084522,0.004409526500045393,0.497717935102113,1001,xgboost,0.4917142818977348,False,,
texture,tabicl,icl,covariate_shift,0.2,2283200151,test_only,True,low,True,ok,,0.96,0.9992836363636364,0.12009577114926408,0.0500838266423166,0.010094792525676443,0.47670516622944237,1001,xgboost,0.4917142818977348,False,,
texture,tabicl,icl,covariate_shift,0.3,398755619,test_only,True,low,True,ok,,0.7169696969696969,0.9786428282828282,1.0201600213835158,0.42543977335297783,0.15127411168317728,0.29218369010191564,1001,xgboost,0.4917142818977348,True,utility_gap;ece,
texture,tabicl,icl,covariate_shift,0.4,1886577186,test_only,True,low,True,ok,,0.553939393939394,0.9441240404040404,1.8681355468677205,0.7790730346148876,0.2599777537136203,0.12781686210513293,1001,xgboost,0.4917142818977348,True,utility_gap;ece;nll,
texture,xgboost,gbdt,covariate_shift,0.0,731258484,test_only,True,medium,True,ok,,0.9860606060606061,0.999879595959596,0.04023643516542216,0.016779896779422643,0.005593492816939392,0.4917142818977348,3850,xgboost,0.4917142818977348,False,,
texture,xgboost,gbdt,covariate_shift,0.05,467431889,test_only,True,low,True,ok,,0.9769696969696969,0.9997470707070707,0.07180341867000509,0.0299443514003886,0.007841581258179863,0.48590530762117673,3850,xgboost,0.4917142818977348,False,,
texture,xgboost,gbdt,covariate_shift,0.1,1852319452,test_only,True,low,True,ok,,0.9139393939393939,0.9965256565656564,0.2841939914217246,0.11851809987100355,0.028420221352500094,0.4446354146570877,3850,xgboost,0.4917142818977348,True,utility_gap,
texture,xgboost,gbdt,covariate_shift,0.2,2283200151,test_only,True,low,True,ok,,0.5872727272727273,0.9296202020202021,1.6721511550453225,0.6973411950113665,0.27104927524298084,0.1500457662459737,3850,xgboost,0.4917142818977348,True,utility_gap;ece,
texture,xgboost,gbdt,covariate_shift,0.3,398755619,test_only,True,low,True,ok,,0.3296969696969697,0.7766929292929293,3.431686071526824,1.4311242490261087,0.5208511886194582,-0.2122104417246536,3850,xgboost,0.4917142818977348,True,utility_gap;ece;nll,
texture,xgboost,gbdt,covariate_shift,0.4,1886577186,test_only,True,low,True,ok,,0.2,0.6793850505050506,4.464299915976383,1.861757669994693,0.6376246921033211,-0.4182674717423044,3850,xgboost,0.4917142818977348,True,utility_gap;ece;nll,
texture,catboost,gbdt,label_noise,0.0,3842804813,train_only,True,medium,True,ok,,0.9854545454545455,0.9998226262626264,0.057631823529299755,0.024034337188564025,0.020974281459874934,0.48635094356155684,3850,xgboost,0.4917142818977348,False,,
texture,catboost,gbdt,label_noise,0.05,631909019,train_only,True,medium,True,ok,,0.9812121212121212,0.9996925252525252,0.12083753883756344,0.05039316779524932,0.06844172109556017,0.4682679074625151,3850,xgboost,0.4917142818977348,False,,
texture,catboost,gbdt,label_noise,0.1,1861727020,train_only,True,medium,True,ok,,0.9703030303030303,0.9994638383838382,0.1998955605679237,0.08336292365873149,0.11469021911581817,0.44741087705901483,3850,xgboost,0.4917142818977348,True,utility_gap;ece,
texture,catboost,gbdt,label_noise,0.2,127457104,train_only,True,medium,True,ok,,0.9703030303030303,0.9991090909090911,0.3234376302952245,0.13488396843860873,0.20946449945955323,0.41287554594014314,3850,xgboost,0.4917142818977348,True,utility_gap;ece,
texture,catboost,gbdt,label_noise,0.3,1103031484,train_only,True,medium,True,ok,,0.9569696969696969,0.9979498989898988,0.4862689427909223,0.20278990008743836,0.2950491958991114,0.3729811099858653,3850,xgboost,0.4917142818977348,True,utility_gap;ece,
texture,catboost,gbdt,label_noise,0.4,2931479504,train_only,True,medium,True,ok,,0.9418181818181818,0.9977822222222222,0.64559371984374,0.26923349287490983,0.37584411429737175,0.33455763432855773,3850,xgboost,0.4917142818977348,True,utility_gap;ece,
texture,hist_gbdt,gbdt,label_noise,0.0,3842804813,train_only,True,medium,True,ok,,0.990909090909091,0.9999034343434343,0.0325434680090692,0.013571680289060585,0.004260092958936616,0.4936790429780602,3850,xgboost,0.4917142818977348,False,,
texture,hist_gbdt,gbdt,label_noise,0.05,631909019,train_only,True,medium,True,ok,,0.9884848484848485,0.9997975757575759,0.04273768710371627,0.017822999856803967,0.005374815898696877,0.49178001565109825,3850,xgboost,0.4917142818977348,False,,
texture,hist_gbdt,gbdt,label_noise,0.1,1861727020,train_only,True,medium,True,ok,,0.9781818181818182,0.9995951515151514,0.07481378811020882,0.031199772967107228,0.008282244670763956,0.4855691949332907,3850,xgboost,0.4917142818977348,False,,
texture,hist_gbdt,gbdt,label_noise,0.2,127457104,train_only,True,medium,True,ok,,0.9581818181818181,0.9988012121212122,0.13946358437083406,0.05816083210676607,0.023480392283869167,0.4711633688808933,3850,xgboost,0.4917142818977348,False,,
texture,hist_gbdt,gbdt,label_noise,0.3,1103031484,train_only,True,medium,True,ok,,0.9375757575757576,0.9970468686868688,0.25787521652566703,0.10754231823674425,0.08032015536823887,0.4412760411320966,3850,xgboost,0.4917142818977348,True,utility_gap,
texture,hist_gbdt,gbdt,label_noise,0.4,2931479504,train_only,True,medium,True,ok,,0.9024242424242425,0.9944242424242424,0.423725171523983,0.17670712158729557,0.15053978027841644,0.4002920286802492,3850,xgboost,0.4917142818977348,True,utility_gap;ece,
texture,logreg,linear,label_noise,0.0,3842804813,train_only,True,medium,True,ok,,0.9945454545454545,0.9999575757575756,0.04127223331033023,0.017211858156826455,0.02824593491518121,0.48835422526688543,3850,xgboost,0.4917142818977348,False,,
texture,logreg,linear,label_noise,0.05,631909019,train_only,True,medium,True,ok,,0.990909090909091,0.9999357575757575,0.13214557812222866,0.055108986460452584,0.1011574763480777,0.46184968758012745,3850,xgboost,0.4917142818977348,True,ece,
texture,logreg,linear,label_noise,0.1,1861727020,train_only,True,medium,True,ok,,0.9890909090909091,0.9998888888888888,0.20791513607594342,0.08670734641104827,0.15937848149481293,0.44043684725247034,3850,xgboost,0.4917142818977348,True,utility_gap;ece,
texture,logreg,linear,label_noise,0.2,127457104,train_only,True,medium,True,ok,,0.990909090909091,0.9998622222222221,0.3552206388264849,0.14813851249305748,0.2715634673959228,0.3998338941870395,3850,xgboost,0.4917142818977348,True,utility_gap;ece,
texture,logreg,linear,label_noise,0.3,1103031484,train_only,True,medium,True,ok,,0.9842424242424243,0.999520404040404,0.5110814725345525,0.2131375287037097,0.36200568739653227,0.3611261089600857,3850,xgboost,0.4917142818977348,True,utility_gap;ece,
texture,logreg,linear,label_noise,0.4,2931479504,train_only,True,medium,True,ok,,0.9806060606060606,0.9995313131313132,0.680531493804834,0.2838036763009446,0.4545585206312557,0.3208740616703341,3850,xgboost,0.4917142818977348,True,utility_gap;ece,
texture,tabicl,icl,label_noise,0.0,3842804813,train_only,True,medium,True,ok,,0.9993939393939394,1.0,0.0024644998841333037,0.0010277762803448897,0.0018266269913106805,0.49923543262672526,1001,xgboost,0.4917142818977348,False,,
texture,tabicl,icl,label_noise,0.05,631909019,train_only,True,medium,True,ok,,0.9975757575757576,0.9999939393939393,0.05563614572765821,0.023202074902433166,0.047899576339501135,0.4830937046856122,998,xgboost,0.4917142818977348,False,,
texture,tabicl,icl,label_noise,0.1,1861727020,train_only,True,medium,True,ok,,0.9981818181818182,0.9998941414141413,0.07888561929248591,0.03289785846252806,0.07068762267884049,0.47568334014769564,998,xgboost,0.4917142818977348,False,,
texture,tabicl,icl,label_noise,0.2,127457104,train_only,True,medium,True,ok,,0.9987878787878788,1.0,0.1998766673217543,0.0833550445630997,0.1762906532221619,0.43955353780481954,1000,xgboost,0.4917142818977348,True,utility_gap;ece,
texture,tabicl,icl,label_noise,0.3,1103031484,train_only,True,medium,True,ok,,0.9975757575757576,0.9999983838383838,0.3548685349558131,0.14799167377384148,0.2908611964238659,0.39706605656287236,1000,xgboost,0.4917142818977348,True,utility_gap;ece,
texture,tabicl,icl,label_noise,0.4,2931479504,train_only,True,medium,True,ok,,0.990909090909091,0.9998129292929292,0.5237300802475504,0.21841240782644838,0.38858425531037455,0.35533031547887944,1001,xgboost,0.4917142818977348,True,utility_gap;ece,
texture,xgboost,gbdt,label_noise,0.0,3842804813,train_only,True,medium,True,ok,,0.9860606060606061,0.999879595959596,0.04023643516542216,0.016779896779422643,0.005593492816939392,0.4917142818977348,3850,xgboost,0.4917142818977348,False,,
texture,xgboost,gbdt,label_noise,0.05,631909019,train_only,True,medium,True,ok,,0.9878787878787879,0.9997551515151515,0.04974149737001465,0.02074381560124007,0.011898983614841735,0.4894931798087809,3850,xgboost,0.4917142818977348,False,,
texture,xgboost,gbdt,label_noise,0.1,1861727020,train_only,True,medium,True,ok,,0.9763636363636363,0.9995834343434343,0.08463463506016956,0.03529538425646087,0.015598462474714659,0.48260043970286626,3850,xgboost,0.4917142818977348,False,,
texture,xgboost,gbdt,label_noise,0.2,127457104,train_only,True,medium,True,ok,,0.9551515151515152,0.9985022222222223,0.16026646635673855,0.0668363077298642,0.03424360003710903,0.465848892724124,3850,xgboost,0.4917142818977348,False,,
texture,xgboost,gbdt,label_noise,0.3,1103031484,train_only,True,medium,True,ok,,0.9278787878787879,0.9973826262626262,0.25560394894053345,0.10659512608415161,0.06313875806931336,0.4436594479346292,3850,xgboost,0.4917142818977348,True,utility_gap,
texture,xgboost,gbdt,label_noise,0.4,2931479504,train_only,True,medium,True,ok,,0.8903030303030303,0.9934670707070709,0.4099098283606037,0.1709456759895249,0.1111848553650507,0.4077382554230617,3850,xgboost,0.4917142818977348,True,utility_gap;ece,
tic-tac-toe,catboost,gbdt,covariate_shift,0.0,4113229421,test_only,True,low,True,ok,,0.9930555555555556,0.9999468085106382,0.07317638054087292,0.105571201316521,0.061114305733485356,0.4550454947704033,670,xgboost,0.4750618147425544,False,,
tic-tac-toe,catboost,gbdt,covariate_shift,0.05,192545784,test_only,True,low,True,ok,,0.9930555555555556,1.0,0.07278689386485211,0.10500929082053347,0.06309944836493545,0.4548356564141861,670,xgboost,0.4750618147425544,False,,
tic-tac-toe,catboost,gbdt,covariate_shift,0.1,2814577986,test_only,True,low,True,ok,,0.9965277777777778,1.0,0.06601455527871898,0.09523887152709822,0.06040299337288023,0.45882690653396113,670,xgboost,0.4750618147425544,False,,
tic-tac-toe,catboost,gbdt,covariate_shift,0.2,2321520214,test_only,True,low,True,ok,,0.9930555555555556,0.9999468085106382,0.07122406214798045,0.10275460125285873,0.06040425233677461,0.4560324854688442,670,xgboost,0.4750618147425544,False,,
tic-tac-toe,catboost,gbdt,covariate_shift,0.3,1673132955,test_only,True,low,True,ok,,0.9930555555555556,0.9999468085106382,0.0750975601880678,0.10834287766618587,0.06300724182732523,0.4538354046467359,670,xgboost,0.4750618147425544,False,,
tic-tac-toe,catboost,gbdt,covariate_shift,0.4,1786339444,test_only,True,low,True,ok,,0.9930555555555556,1.0,0.07432144643271256,0.10722318220016916,0.06415298296702289,0.45396078207987794,670,xgboost,0.4750618147425544,False,,
tic-tac-toe,hist_gbdt,gbdt,covariate_shift,0.0,4113229421,test_only,True,low,True,ok,,0.9861111111111112,0.9991489361702128,0.05807803530245091,0.08378889351542008,0.04143609189871071,0.46419490789187295,670,xgboost,0.4750618147425544,False,,
tic-tac-toe,hist_gbdt,gbdt,covariate_shift,0.05,192545784,test_only,True,low,True,ok,,0.9861111111111112,0.9991489361702128,0.05807803530245091,0.08378889351542008,0.04143609189871071,0.46419490789187295,670,xgboost,0.4750618147425544,False,,
tic-tac-toe,hist_gbdt,gbdt,covariate_shift,0.1,2814577986,test_only,True,low,True,ok,,0.9861111111111112,0.9991489361702128,0.05807803530245091,0.08378889351542008,0.04143609189871071,0.46419490789187295,670,xgboost,0.4750618147425544,False,,
tic-tac-toe,hist_gbdt,gbdt,covariate_shift,0.2,2321520214,test_only,True,low,True,ok,,0.9861111111111112,0.9991489361702128,0.05807803530245091,0.08378889351542008,0.04143609189871071,0.46419490789187295,670,xgboost,0.4750618147425544,False,,
tic-tac-toe,hist_gbdt,gbdt,covariate_shift,0.3,1673132955,test_only,True,low,True,ok,,0.9861111111111112,0.9991489361702128,0.05807803530245091,0.08378889351542008,0.04143609189871071,0.46419490789187295,670,xgboost,0.4750618147425544,False,,
tic-tac-toe,hist_gbdt,gbdt,covariate_shift,0.4,1786339444,test_only,True,low,True,ok,,0.9861111111111112,0.9991489361702128,0.05807803530245091,0.08378889351542008,0.04143609189871071,0.46419490789187295,670,xgboost,0.4750618147425544,False,,
tic-tac-toe,logreg,linear,covariate_shift,0.0,4113229421,test_only,True,low,True,ok,,0.9756944444444444,0.9945212765957447,0.21165756077761946,0.30535731330052596,0.14803441564477574,0.3732225363560644,670,xgboost,0.4750618147425544,True,utility_gap;ece,
tic-tac-toe,logreg,linear,covariate_shift,0.05,192545784,test_only,True,low,True,ok,,0.9756944444444444,0.9945212765957447,0.21165756077761946,0.30535731330052596,0.14803441564477574,0.3732225363560644,670,xgboost,0.4750618147425544,True,utility_gap;ece,
tic-tac-toe,logreg,linear,covariate_shift,0.1,2814577986,test_only,True,low,True,ok,,0.9756944444444444,0.9945212765957447,0.21165756077761946,0.30535731330052596,0.14803441564477574,0.3732225363560644,670,xgboost,0.4750618147425544,True,utility_gap;ece,
tic-tac-toe,logreg,linear,covariate_shift,0.2,2321520214,test_only,True,low,True,ok,,0.9756944444444444,0.9945212765957447,0.21165756077761946,0.30535731330052596,0.14803441564477574,0.3732225363560644,670,xgboost,0.4750618147425544,True,utility_gap;ece,
tic-tac-toe,logreg,linear,covariate_shift,0.3,1673132955,test_only,True,low,True,ok,,0.9756944444444444,0.9945212765957447,0.21165756077761946,0.30535731330052596,0.14803441564477574,0.3732225363560644,670,xgboost,0.4750618147425544,True,utility_gap;ece,
tic-tac-toe,logreg,linear,covariate_shift,0.4,1786339444,test_only,True,low,True,ok,,0.9756944444444444,0.9945212765957447,0.21165756077761946,0.30535731330052596,0.14803441564477574,0.3732225363560644,670,xgboost,0.4750618147425544,True,utility_gap;ece,
tic-tac-toe,tabicl,icl,covariate_shift,0.0,4113229421,test_only,True,low,True,ok,,0.9895833333333334,0.998936170212766,0.03087832355199155,0.04454800425942309,0.011252829518073413,0.4824501923930265,670,xgboost,0.4750618147425544,False,,
tic-tac-toe,tabicl,icl,covariate_shift,0.05,192545784,test_only,True,low,True,ok,,0.9895833333333334,0.999095744680851,0.030857806953867393,0.04451840506505346,0.012796158780934448,0.4822062573625949,670,xgboost,0.4750618147425544,False,,
tic-tac-toe,tabicl,icl,covariate_shift,0.1,2814577986,test_only,True,low,True,ok,,0.9895833333333334,0.9988829787234043,0.03390522898828269,0.04891490572160016,0.019221207630106485,0.4795278293106901,670,xgboost,0.4750618147425544,False,,
tic-tac-toe,tabicl,icl,covariate_shift,0.2,2321520214,test_only,True,low,True,ok,,0.9791666666666666,0.9989893617021277,0.0340264173464674,0.04908974356496672,0.010308859965709434,0.4797325815331127,670,xgboost,0.4750618147425544,False,,
tic-tac-toe,tabicl,icl,covariate_shift,0.3,1673132955,test_only,True,low,True,ok,,0.9861111111111112,0.9990425531914894,0.03369523111088998,0.04861194282528849,0.010800259031337378,0.4808379256298339,670,xgboost,0.4750618147425544,False,,
tic-tac-toe,tabicl,icl,covariate_shift,0.4,1786339444,test_only,True,low,True,ok,,0.9861111111111112,0.998936170212766,0.03246166105916678,0.046832277429078285,0.014728396543524706,0.48054896370370637,670,xgboost,0.4750618147425544,False,,
tic-tac-toe,xgboost,gbdt,covariate_shift,0.0,4113229421,test_only,True,low,True,ok,,0.9861111111111112,0.9997340425531915,0.04091066040100785,0.05902160688002652,0.0252764237686071,0.4750618147425544,670,xgboost,0.4750618147425544,False,,
tic-tac-toe,xgboost,gbdt,covariate_shift,0.05,192545784,test_only,True,low,True,ok,,0.9861111111111112,0.9997340425531915,0.04091066040100785,0.05902160688002652,0.0252764237686071,0.4750618147425544,670,xgboost,0.4750618147425544,False,,
tic-tac-toe,xgboost,gbdt,covariate_shift,0.1,2814577986,test_only,True,low,True,ok,,0.9861111111111112,0.9997340425531915,0.04091066040100785,0.05902160688002652,0.0252764237686071,0.4750618147425544,670,xgboost,0.4750618147425544,False,,
tic-tac-toe,xgboost,gbdt,covariate_shift,0.2,2321520214,test_only,True,low,True,ok,,0.9861111111111112,0.9997340425531915,0.04091066040100785,0.05902160688002652,0.0252764237686071,0.4750618147425544,670,xgboost,0.4750618147425544,False,,
tic-tac-toe,xgboost,gbdt,covariate_shift,0.3,1673132955,test_only,True,low,True,ok,,0.9861111111111112,0.9997340425531915,0.04091066040100785,0.05902160688002652,0.0252764237686071,0.4750618147425544,670,xgboost,0.4750618147425544,False,,
tic-tac-toe,xgboost,gbdt,covariate_shift,0.4,1786339444,test_only,True,low,True,ok,,0.9861111111111112,0.9997340425531915,0.04091066040100785,0.05902160688002652,0.0252764237686071,0.4750618147425544,670,xgboost,0.4750618147425544,False,,
tic-tac-toe,catboost,gbdt,label_noise,0.0,560269053,train_only,True,low,True,ok,,0.9930555555555556,0.9999468085106382,0.07317638054087292,0.105571201316521,0.061114305733485356,0.4550454947704033,670,xgboost,0.4750618147425544,False,,
tic-tac-toe,catboost,gbdt,label_noise,0.05,3849945858,train_only,True,low,True,ok,,0.9756944444444444,0.9982978723404256,0.16155533039027795,0.23307507398323205,0.11723920856142227,0.40238805807856143,670,xgboost,0.4750618147425544,True,utility_gap;ece,
tic-tac-toe,catboost,gbdt,label_noise,0.1,3068889308,train_only,True,low,True,ok,,0.9201388888888888,0.9801595744680851,0.2413062334291108,0.34813130630377276,0.10488113652152145,0.3556610652017269,670,xgboost,0.4750618147425544,True,utility_gap;ece,
tic-tac-toe,catboost,gbdt,label_noise,0.2,3207856289,train_only,True,low,True,ok,,0.8645833333333334,0.952659574468085,0.3617156524276329,0.521845377969262,0.13203674971356621,0.2801573877303379,670,xgboost,0.4750618147425544,True,utility_gap;ece,
tic-tac-toe,catboost,gbdt,label_noise,0.3,3010824429,train_only,True,low,True,ok,,0.78125,0.8587234042553191,0.4930009382988255,0.7112500088373215,0.09722477986981395,0.18492073286420244,670,xgboost,0.4750618147425544,True,utility_gap,
tic-tac-toe,catboost,gbdt,label_noise,0.4,4227210451,train_only,True,low,True,ok,,0.6736111111111112,0.7280319148936171,0.596375719349975,0.8603882928127972,0.06785963530864421,0.08416442197386463,670,xgboost,0.4750618147425544,True,utility_gap;nll,
tic-tac-toe,hist_gbdt,gbdt,label_noise,0.0,560269053,train_only,True,low,True,ok,,0.9861111111111112,0.9991489361702128,0.05807803530245091,0.08378889351542008,0.04143609189871071,0.46419490789187295,670,xgboost,0.4750618147425544,False,,
tic-tac-toe,hist_gbdt,gbdt,label_noise,0.05,3849945858,train_only,True,low,True,ok,,0.9444444444444444,0.9907446808510638,0.15943284572316344,0.23001297587962308,0.06748626342330671,0.4059261595159907,670,xgboost,0.4750618147425544,True,utility_gap,
tic-tac-toe,hist_gbdt,gbdt,label_noise,0.1,3068889308,train_only,True,low,True,ok,,0.8958333333333334,0.9700531914893616,0.23111066935797442,0.3334222165792786,0.06399134933441593,0.3610686821806097,670,xgboost,0.4750618147425544,True,utility_gap,
tic-tac-toe,hist_gbdt,gbdt,label_noise,0.2,3207856289,train_only,True,low,True,ok,,0.84375,0.9182978723404255,0.36465979098404,0.5260928720642805,0.09522609885870768,0.27109367392812317,670,xgboost,0.4750618147425544,True,utility_gap,
tic-tac-toe,hist_gbdt,gbdt,label_noise,0.3,3010824429,train_only,True,low,True,ok,,0.7604166666666666,0.8644148936170213,0.46431739285499213,0.6698684000703897,0.10812703818532479,0.19402178510777554,670,xgboost,0.4750618147425544,True,utility_gap;ece,
tic-tac-toe,hist_gbdt,gbdt,label_noise,0.4,4227210451,train_only,True,low,True,ok,,0.6527777777777778,0.7363829787234042,0.5909031783698278,0.8524930850796771,0.06624217352084805,0.08665434899178534,670,xgboost,0.4750618147425544,True,utility_gap;nll,
tic-tac-toe,logreg,linear,label_noise,0.0,560269053,train_only,True,low,True,ok,,0.9756944444444444,0.9945212765957447,0.21165756077761946,0.30535731330052596,0.14803441564477574,0.3732225363560644,670,xgboost,0.4750618147425544,True,utility_gap;ece,
tic-tac-toe,logreg,linear,label_noise,0.05,3849945858,train_only,True,low,True,ok,,0.9791666666666666,0.9921808510638298,0.24478963659685496,0.3531567947792942,0.1829403149346148,0.3516031964516292,670,xgboost,0.4750618147425544,True,utility_gap;ece,
tic-tac-toe,logreg,linear,label_noise,0.1,3068889308,train_only,True,low,True,ok,,0.9756944444444444,0.9925,0.2767077090220372,0.39920483958183933,0.20118098914273724,0.3337315169635674,670,xgboost,0.4750618147425544,True,utility_gap;ece,
tic-tac-toe,logreg,linear,label_noise,0.2,3207856289,train_only,True,low,True,ok,,0.9652777777777778,0.9935106382978722,0.3567777141268602,0.5147214388705215,0.2513892136988218,0.2878261156700011,670,xgboost,0.4750618147425544,True,utility_gap;ece,
tic-tac-toe,logreg,linear,label_noise,0.3,3010824429,train_only,True,low,True,ok,,0.9791666666666666,0.9949468085106383,0.45995276591354656,0.6635715744266358,0.3416017505983242,0.22771456053106776,670,xgboost,0.4750618147425544,True,utility_gap;ece,
tic-tac-toe,logreg,linear,label_noise,0.4,4227210451,train_only,True,low,True,ok,,0.8611111111111112,0.9235106382978723,0.5650267944926465,0.8151613543839286,0.27835474258508386,0.1521760352387267,670,xgboost,0.4750618147425544,True,utility_gap;ece;nll,
tic-tac-toe,tabicl,icl,label_noise,0.0,560269053,train_only,True,low,True,ok,,0.9895833333333334,0.998936170212766,0.03087832355199155,0.04454800425942309,0.011252829518073413,0.4824501923930265,670,xgboost,0.4750618147425544,False,,
tic-tac-toe,tabicl,icl,label_noise,0.05,3849945858,train_only,True,low,True,ok,,0.9895833333333334,0.995531914893617,0.07689795958490923,0.11094030494762849,0.037633855860661314,0.45606480755634515,670,xgboost,0.4750618147425544,False,,
tic-tac-toe,tabicl,icl,label_noise,0.1,3068889308,train_only,True,low,True,ok,,0.9895833333333334,0.9950531914893618,0.11414212299443399,0.16467227480060803,0.07655921028769452,0.4319925925235553,670,xgboost,0.4750618147425544,True,utility_gap,
tic-tac-toe,tabicl,icl,label_noise,0.2,3207856289,train_only,True,low,True,ok,,0.9895833333333334,0.9893617021276595,0.23650743234624758,0.3412080997793134,0.18768121199751736,0.3548154234113833,670,xgboost,0.4750618147425544,True,utility_gap;ece,
tic-tac-toe,tabicl,icl,label_noise,0.3,3010824429,train_only,True,low,True,ok,,0.9826388888888888,0.9987234042553191,0.39212283844974694,0.565713674450754,0.30626913151475843,0.2659810961845171,670,xgboost,0.4750618147425544,True,utility_gap;ece,
tic-tac-toe,tabicl,icl,label_noise,0.4,4227210451,train_only,True,low,True,ok,,0.8402777777777778,0.9343085106382979,0.5823516522924521,0.8401558408158146,0.2705958554668654,0.14688372205195346,670,xgboost,0.4750618147425544,True,utility_gap;ece;nll,
tic-tac-toe,xgboost,gbdt,label_noise,0.0,560269053,train_only,True,low,True,ok,,0.9861111111111112,0.9997340425531915,0.04091066040100785,0.05902160688002652,0.0252764237686071,0.4750618147425544,670,xgboost,0.4750618147425544,False,,
tic-tac-toe,xgboost,gbdt,label_noise,0.05,3849945858,train_only,True,low,True,ok,,0.9479166666666666,0.990372340425532,0.12884664929301742,0.1858864219701957,0.019068270819103127,0.42923823839405684,670,xgboost,0.4750618147425544,True,utility_gap,
tic-tac-toe,xgboost,gbdt,label_noise,0.1,3068889308,train_only,True,low,True,ok,,0.8993055555555556,0.9582978723404255,0.2642758788264287,0.38126949980946134,0.03946863822783363,0.3480255110640771,670,xgboost,0.4750618147425544,True,utility_gap,
tic-tac-toe,xgboost,gbdt,label_noise,0.2,3207856289,train_only,True,low,True,ok,,0.7916666666666666,0.8689893617021276,0.47842787595232017,0.6902255240594525,0.09615406521584927,0.196597806334739,670,xgboost,0.4750618147425544,True,utility_gap,
tic-tac-toe,xgboost,gbdt,label_noise,0.3,3010824429,train_only,True,low,True,ok,,0.6840277777777778,0.7832978723404256,0.706288396426784,1.0189587669623394,0.18534144035648556,0.03400250382581668,670,xgboost,0.4750618147425544,True,utility_gap;ece;nll,
tic-tac-toe,xgboost,gbdt,label_noise,0.4,4227210451,train_only,True,low,True,ok,,0.6423611111111112,0.6855319148936169,0.8748785571175142,1.2621829557335293,0.18703918731964037,-0.07977238730455434,670,xgboost,0.4750618147425544,True,utility_gap;ece;nll,
vehicle,catboost,gbdt,covariate_shift,0.0,3485582189,test_only,True,low,True,ok,,0.7716535433070866,0.9291413914900588,0.5027798029972763,0.36267896422165025,0.07952338927089622,0.3162391513969092,592,catboost,0.3162391513969092,False,,
vehicle,catboost,gbdt,covariate_shift,0.05,2480297786,test_only,True,low,True,ok,,0.7244094488188977,0.9118596764615908,0.6037637226778471,0.43552346428799465,0.07270148084889123,0.2826149686282148,592,catboost,0.3162391513969092,True,utility_gap,
vehicle,catboost,gbdt,covariate_shift,0.1,2261360343,test_only,True,low,True,ok,,0.6456692913385826,0.8874320887599594,0.7826175127804998,0.564539202300641,0.12703791265096367,0.21268228154638813,592,catboost,0.3162391513969092,True,utility_gap;ece,
vehicle,catboost,gbdt,covariate_shift,0.2,3837776143,test_only,True,low,True,ok,,0.5,0.8161719318997279,1.1510270053622125,0.8302904762826692,0.19102169822048684,0.07336869363600665,592,catboost,0.3162391513969092,True,utility_gap;ece;nll,
vehicle,catboost,gbdt,covariate_shift,0.3,1262011980,test_only,True,low,True,ok,,0.3858267716535433,0.7186059491429472,1.4885802369553782,1.0737836629104212,0.2707377902631085,-0.06689655897768507,592,catboost,0.3162391513969092,True,utility_gap;ece;nll,
vehicle,catboost,gbdt,covariate_shift,0.4,2881326019,test_only,True,low,True,ok,,0.33858267716535434,0.5783389378012614,1.7163597327833273,1.2380918374340064,0.31272628213904186,-0.18076677785276568,592,catboost,0.3162391513969092,True,utility_gap;ece;nll,
vehicle,hist_gbdt,gbdt,covariate_shift,0.0,3485582189,test_only,True,low,True,ok,,0.7086614173228346,0.9143587717766197,0.8954909201140618,0.6459601548048259,0.2136463182844286,0.18980747262190853,592,catboost,0.3162391513969092,True,utility_gap;ece,
vehicle,hist_gbdt,gbdt,covariate_shift,0.05,2480297786,test_only,True,low,True,ok,,0.7244094488188977,0.915921833786516,0.8695633966698104,0.627257400057049,0.18739106121631027,0.20357862688773848,592,catboost,0.3162391513969092,True,utility_gap;ece,
vehicle,hist_gbdt,gbdt,covariate_shift,0.1,2261360343,test_only,True,low,True,ok,,0.5905511811023622,0.8669201525393027,1.4182662588754145,1.0230628491698517,0.27745344237708613,0.029595187327737513,592,catboost,0.3162391513969092,True,utility_gap;ece;nll,
vehicle,hist_gbdt,gbdt,covariate_shift,0.2,3837776143,test_only,True,low,True,ok,,0.484251968503937,0.763304909193279,2.2579778843680107,1.6287867481073413,0.3718334330873613,-0.2232081975564364,592,catboost,0.3162391513969092,True,utility_gap;ece;nll,
vehicle,hist_gbdt,gbdt,covariate_shift,0.3,1262011980,test_only,True,low,True,ok,,0.36220472440944884,0.6390032543228334,3.205554366929124,2.312318694234304,0.48785269437159356,-0.5132842994702009,592,catboost,0.3162391513969092,True,utility_gap;ece;nll,
vehicle,hist_gbdt,gbdt,covariate_shift,0.4,2881326019,test_only,True,low,True,ok,,0.3346456692913386,0.5726080808779703,3.817395951363418,2.7536691040708052,0.5425159907499303,-0.6839942506702372,592,catboost,0.3162391513969092,True,utility_gap;ece;nll,
vehicle,logreg,linear,covariate_shift,0.0,3485582189,test_only,True,low,True,ok,,0.7716535433070866,0.9314979408233444,0.5054180327862665,0.36458204473830114,0.053677736563437856,0.3216621500500556,592,catboost,0.3162391513969092,False,,
vehicle,logreg,linear,covariate_shift,0.05,2480297786,test_only,True,low,True,ok,,0.7362204724409449,0.9318997572821162,0.5232612107519227,0.3774531769206768,0.05135808420292347,0.3130904159980946,592,catboost,0.3162391513969092,False,,
vehicle,logreg,linear,covariate_shift,0.1,2261360343,test_only,True,low,True,ok,,0.7322834645669292,0.9289290594929753,0.5793693273385518,0.41792662769725164,0.058094062035713684,0.29797088979126246,592,catboost,0.3162391513969092,False,,
vehicle,logreg,linear,covariate_shift,0.2,3837776143,test_only,True,low,True,ok,,0.6496062992125984,0.9192916672084045,0.8177089976692092,0.5898523579138266,0.12467899642025748,0.2173015217466318,592,catboost,0.3162391513969092,True,utility_gap;ece,
vehicle,logreg,linear,covariate_shift,0.3,1262011980,test_only,True,low,True,ok,,0.5275590551181102,0.9010132789990274,1.2520673797941846,0.9031756998439542,0.25335035283528323,0.0728657253971332,592,catboost,0.3162391513969092,True,utility_gap;ece;nll,
vehicle,logreg,linear,covariate_shift,0.4,2881326019,test_only,True,low,True,ok,,0.4094488188976378,0.8802219935812414,1.9188705166252848,1.384172489221671,0.43506150958605505,-0.13276902809563215,592,catboost,0.3162391513969092,True,utility_gap;ece;nll,
vehicle,tabicl,icl,covariate_shift,0.0,3485582189,test_only,True,low,True,ok,,0.889763779527559,0.9723430588356575,0.26105341107110885,0.1883102307797184,0.043879785477556325,0.40851561119218716,592,catboost,0.3162391513969092,False,,
vehicle,tabicl,icl,covariate_shift,0.05,2480297786,test_only,True,low,True,ok,,0.8188976377952756,0.9473561999468724,0.40450024611733626,0.2917852495559231,0.07500996224330293,0.35187174833525914,592,catboost,0.3162391513969092,False,,
vehicle,tabicl,icl,covariate_shift,0.1,2261360343,test_only,True,low,True,ok,,0.7086614173228346,0.9383216079177149,0.5367637540641406,0.3871932030586394,0.05579898616561861,0.30739401721890985,592,catboost,0.3162391513969092,False,,
vehicle,tabicl,icl,covariate_shift,0.2,3837776143,test_only,True,low,True,ok,,0.5866141732283464,0.9287137115342657,0.7858791932987661,0.5668920074549745,0.13567518369972925,0.21583928604480673,592,catboost,0.3162391513969092,True,utility_gap;ece,
vehicle,tabicl,icl,covariate_shift,0.3,1262011980,test_only,True,low,True,ok,,0.5393700787401575,0.8971547897473274,0.9698845997339333,0.6996238511353614,0.1517803813794611,0.15466645660608758,592,catboost,0.3162391513969092,True,utility_gap;ece,
vehicle,tabicl,icl,covariate_shift,0.4,2881326019,test_only,True,low,True,ok,,0.4763779527559055,0.8334294888702614,1.1708344391814802,0.8445785195545661,0.08561008168956635,0.09266144181369418,592,catboost,0.3162391513969092,True,utility_gap;nll,
vehicle,xgboost,gbdt,covariate_shift,0.0,3485582189,test_only,True,low,True,ok,,0.7519685039370079,0.9134106454677535,0.7667305310876685,0.5530791674491703,0.14731994792378933,0.23710126168475593,592,catboost,0.3162391513969092,True,utility_gap;ece,
vehicle,xgboost,gbdt,covariate_shift,0.05,2480297786,test_only,True,low,True,ok,,0.7637795275590551,0.9050272861800007,0.8465916014466633,0.6106867525326735,0.1709813095533718,0.2139241916263821,592,catboost,0.3162391513969092,True,utility_gap;ece,
vehicle,xgboost,gbdt,covariate_shift,0.1,2261360343,test_only,True,low,True,ok,,0.6732283464566929,0.8856730887067381,0.96317663246489,0.6947850755786144,0.17920230350707228,0.16669384964086342,592,catboost,0.3162391513969092,True,utility_gap;ece,
vehicle,xgboost,gbdt,covariate_shift,0.2,3837776143,test_only,True,low,True,ok,,0.40551181102362205,0.7800357906880051,1.9407608748825353,1.3999630448721798,0.4373891715990611,-0.17362744938712105,592,catboost,0.3162391513969092,True,utility_gap;ece;nll,
vehicle,xgboost,gbdt,covariate_shift,0.3,1262011980,test_only,True,low,True,ok,,0.3346456692913386,0.6673277184930231,2.503534844611783,1.8059186525070705,0.5299331785707513,-0.3640006796000125,592,catboost,0.3162391513969092,True,utility_gap;ece;nll,
vehicle,xgboost,gbdt,covariate_shift,0.4,2881326019,test_only,True,low,True,ok,,0.29133858267716534,0.6018713015349358,2.906938294938966,2.0969127311393327,0.5908913850258798,-0.49289635340817345,592,catboost,0.3162391513969092,True,utility_gap;ece;nll,
vehicle,catboost,gbdt,label_noise,0.0,356800159,train_only,True,low,True,ok,,0.7716535433070866,0.9291413914900588,0.5027798029972763,0.36267896422165025,0.07952338927089622,0.3162391513969092,592,catboost,0.3162391513969092,False,,
vehicle,catboost,gbdt,label_noise,0.05,529298709,train_only,True,low,True,ok,,0.7677165354330708,0.9208821396874589,0.567209509202061,0.4091551730354382,0.06260994451806857,0.30219768839132605,592,catboost,0.3162391513969092,False,,
vehicle,catboost,gbdt,label_noise,0.1,3506071383,train_only,True,low,True,ok,,0.7244094488188977,0.9059348163100114,0.6126587308302782,0.44193985636308436,0.049213933058299277,0.28331385951075344,592,catboost,0.3162391513969092,True,utility_gap,
vehicle,catboost,gbdt,label_noise,0.2,3208508401,train_only,True,low,True,ok,,0.7204724409448819,0.8945121567597236,0.6948723617503578,0.5012444551740215,0.08507992878820464,0.25376079869778817,592,catboost,0.3162391513969092,True,utility_gap,
vehicle,catboost,gbdt,label_noise,0.3,3697370161,train_only,True,low,True,ok,,0.6496062992125984,0.856390324856523,0.8512728320208849,0.6140635466000172,0.051041899676130174,0.20275011466644163,592,catboost,0.3162391513969092,True,utility_gap,
vehicle,catboost,gbdt,label_noise,0.4,530639908,train_only,True,low,True,ok,,0.6181102362204725,0.8282380579306448,0.9781038832850193,0.7055528109447674,0.10379509047077828,0.15017499433121062,592,catboost,0.3162391513969092,True,utility_gap;ece,
vehicle,hist_gbdt,gbdt,label_noise,0.0,356800159,train_only,True,low,True,ok,,0.7086614173228346,0.9143587717766197,0.8954909201140618,0.6459601548048259,0.2136463182844286,0.18980747262190853,592,catboost,0.3162391513969092,True,utility_gap;ece,
vehicle,hist_gbdt,gbdt,label_noise,0.05,529298709,train_only,True,low,True,ok,,0.7165354330708661,0.9116601391395376,0.8300539285220918,0.598757343174612,0.19281057448766858,0.20837204580955074,592,catboost,0.3162391513969092,True,utility_gap;ece,
vehicle,hist_gbdt,gbdt,label_noise,0.1,3506071383,train_only,True,low,True,ok,,0.6889763779527559,0.901698067828782,0.8280447680957115,0.5973080402828673,0.19065648980411787,0.20161707038730328,592,catboost,0.3162391513969092,True,utility_gap;ece,
vehicle,hist_gbdt,gbdt,label_noise,0.2,3208508401,train_only,True,low,True,ok,,0.6929133858267716,0.8902990628135179,0.8181614381802033,0.5901787247545808,0.14084184100811192,0.2103196942307504,592,catboost,0.3162391513969092,True,utility_gap;ece,
vehicle,hist_gbdt,gbdt,label_noise,0.3,3697370161,train_only,True,low,True,ok,,0.6692913385826772,0.8498332998422018,1.0026569340179616,0.7232640932103229,0.12467089275083226,0.15592194921890884,592,catboost,0.3162391513969092,True,utility_gap;ece,
vehicle,hist_gbdt,gbdt,label_noise,0.4,530639908,train_only,True,low,True,ok,,0.5354330708661418,0.7888443426819207,1.24646031106229,0.8991310547172403,0.20442151366390623,0.04578686142064016,592,catboost,0.3162391513969092,True,utility_gap;ece;nll,
vehicle,logreg,linear,label_noise,0.0,356800159,train_only,True,low,True,ok,,0.7716535433070866,0.9314979408233444,0.5054180327862665,0.36458204473830114,0.053677736563437856,0.3216621500500556,592,catboost,0.3162391513969092,False,,
vehicle,logreg,linear,label_noise,0.05,529298709,train_only,True,low,True,ok,,0.7598425196850394,0.929570507051177,0.5680396214668857,0.40975397245935996,0.08814568937162437,0.298770725808535,592,catboost,0.3162391513969092,False,,
vehicle,logreg,linear,label_noise,0.1,3506071383,train_only,True,low,True,ok,,0.7637795275590551,0.9242842016811512,0.6075954288691061,0.4382874560481312,0.10020592478455001,0.28653897795091177,592,catboost,0.3162391513969092,True,ece,
vehicle,logreg,linear,label_noise,0.2,3208508401,train_only,True,low,True,ok,,0.7204724409448819,0.9142383843397816,0.7340215194829796,0.5294846030319381,0.14710204271639854,0.2397885112077947,592,catboost,0.3162391513969092,True,utility_gap;ece,
vehicle,logreg,linear,label_noise,0.3,3697370161,train_only,True,low,True,ok,,0.7362204724409449,0.9098590426041422,0.8060579316186292,0.5814478903077057,0.21362593204332672,0.21172418227661444,592,catboost,0.3162391513969092,True,utility_gap;ece,
vehicle,logreg,linear,label_noise,0.4,530639908,train_only,True,low,True,ok,,0.6496062992125984,0.8662198410220912,0.9730132058720805,0.7018806634155613,0.19726129810932044,0.15060143059308917,592,catboost,0.3162391513969092,True,utility_gap;ece,
vehicle,tabicl,icl,label_noise,0.0,356800159,train_only,True,low,True,ok,,0.889763779527559,0.9723430588356575,0.26105341107110885,0.1883102307797184,0.043879785477556325,0.40851561119218716,592,catboost,0.3162391513969092,False,,
vehicle,tabicl,icl,label_noise,0.05,529298709,train_only,True,low,True,ok,,0.8700787401574803,0.9692048770078393,0.30197950757324116,0.2178321690130031,0.07041401884278597,0.39030106350390764,592,catboost,0.3162391513969092,False,,
vehicle,tabicl,icl,label_noise,0.1,3506071383,train_only,True,low,True,ok,,0.8307086614173228,0.9606499905744514,0.36919406521953146,0.2663172235089273,0.06872408046108155,0.36719381276876195,592,catboost,0.3162391513969092,False,,
vehicle,tabicl,icl,label_noise,0.2,3208508401,train_only,True,low,True,ok,,0.8503937007874016,0.9622905436130307,0.4632997300676971,0.334200111506931,0.16115561363104888,0.33186958920438187,592,catboost,0.3162391513969092,True,ece,
vehicle,tabicl,icl,label_noise,0.3,3697370161,train_only,True,low,True,ok,,0.8070866141732284,0.9399983759596144,0.6353181943793421,0.4582852042088037,0.2155768384742006,0.2694614947543681,592,catboost,0.3162391513969092,True,utility_gap;ece,
vehicle,tabicl,icl,label_noise,0.4,530639908,train_only,True,low,True,ok,,0.7480314960629921,0.9243810164474926,0.8492307650826174,0.6125905066775162,0.26398114638382514,0.19916469888605132,592,catboost,0.3162391513969092,True,utility_gap;ece,
vehicle,xgboost,gbdt,label_noise,0.0,356800159,train_only,True,low,True,ok,,0.7519685039370079,0.9134106454677535,0.7667305310876685,0.5530791674491703,0.14731994792378933,0.23710126168475593,592,catboost,0.3162391513969092,True,utility_gap;ece,
vehicle,xgboost,gbdt,label_noise,0.05,529298709,train_only,True,low,True,ok,,0.7480314960629921,0.915228161836104,0.746744257549081,0.538662118589185,0.15390862863208413,0.2401542197489129,592,catboost,0.3162391513969092,True,utility_gap;ece,
vehicle,xgboost,gbdt,label_noise,0.1,3506071383,train_only,True,low,True,ok,,0.7086614173228346,0.9019602054620537,0.7915052174750989,0.5709503260445329,0.15830128961345974,0.21903992877409212,592,catboost,0.3162391513969092,True,utility_gap;ece,
vehicle,xgboost,gbdt,label_noise,0.2,3208508401,train_only,True,low,True,ok,,0.6968503937007874,0.8856706671902684,0.8258249250888167,0.5957067620340678,0.14065247602368577,0.20766976875675458,592,catboost,0.3162391513969092,True,utility_gap;ece,
vehicle,xgboost,gbdt,label_noise,0.3,3697370161,train_only,True,low,True,ok,,0.6338582677165354,0.837568367317757,1.0759670791621487,0.7761461846335074,0.17557945067783864,0.1202679231930753,592,catboost,0.3162391513969092,True,utility_gap;ece;nll,
vehicle,xgboost,gbdt,label_noise,0.4,530639908,train_only,True,low,True,ok,,0.5511811023622047,0.7815706405774824,1.3359835265467899,0.9637084042292013,0.22610370995829188,0.021893626296030755,592,catboost,0.3162391513969092,True,utility_gap;ece;nll,
vowel,catboost,gbdt,covariate_shift,0.0,4139392943,test_only,True,low,True,ok,,0.9494949494949495,0.9989150766928543,0.20261739108765411,0.08449801514942616,0.08755348199654693,0.44918441832260414,693,catboost,0.44918441832260414,False,,
vowel,catboost,gbdt,covariate_shift,0.05,415949812,test_only,True,low,True,ok,,0.898989898989899,0.9961466517022074,0.3017148321849781,0.12582485799426657,0.08192769266143468,0.4293668170136906,693,catboost,0.44918441832260414,False,,
vowel,catboost,gbdt,covariate_shift,0.1,2719734998,test_only,True,low,True,ok,,0.8148148148148148,0.990447686743983,0.4931613945375141,0.20566427572209575,0.08252671785641658,0.39067428629470424,693,catboost,0.44918441832260414,True,utility_gap,
vowel,catboost,gbdt,covariate_shift,0.2,13630028,test_only,True,low,True,ok,,0.49158249158249157,0.9316124205013095,1.2229493265557227,0.5100094822442046,0.12033912308881842,0.22273105162180698,693,catboost,0.44918441832260414,True,utility_gap;ece,
vowel,catboost,gbdt,covariate_shift,0.3,3200330117,test_only,True,low,True,ok,,0.24242424242424243,0.8480857962339443,1.8597786568231605,0.7755879407747353,0.2665202777525552,0.04721322726258523,693,catboost,0.44918441832260414,True,utility_gap;ece;nll,
vowel,catboost,gbdt,covariate_shift,0.4,2144111539,test_only,True,low,True,ok,,0.1919191919191919,0.784486843746103,2.1586672724556553,0.900234174921437,0.22075529251689768,-0.010863036880795776,693,catboost,0.44918441832260414,True,utility_gap;ece;nll,
vowel,hist_gbdt,gbdt,covariate_shift,0.0,4139392943,test_only,True,low,True,ok,,0.9326599326599326,0.9970195785010599,0.24097082138346804,0.10049263790501259,0.048299216834227096,0.44904820763601166,693,catboost,0.44918441832260414,False,,
vowel,hist_gbdt,gbdt,covariate_shift,0.05,415949812,test_only,True,low,True,ok,,0.8383838383838383,0.9867439830402792,0.56719592954181,0.23653907490291934,0.09329555139622903,0.3814971370715518,693,catboost,0.44918441832260414,True,utility_gap,
vowel,hist_gbdt,gbdt,covariate_shift,0.1,2719734998,test_only,True,low,True,ok,,0.7104377104377104,0.9653448060855467,1.0598388868052742,0.44198714548881457,0.20362972562032916,0.2711142499248876,693,catboost,0.44918441832260414,True,utility_gap;ece,
vowel,hist_gbdt,gbdt,covariate_shift,0.2,13630028,test_only,True,low,True,ok,,0.35353535353535354,0.8599201895498191,2.7581096118437736,1.1502210472374086,0.4787672174293117,-0.08681738828434521,693,catboost,0.44918441832260414,True,utility_gap;ece;nll,
vowel,hist_gbdt,gbdt,covariate_shift,0.3,3200330117,test_only,True,low,True,ok,,0.21885521885521886,0.7463773537847612,3.886590310549421,1.620834051694729,0.5580652340551983,-0.30380290566650914,693,catboost,0.44918441832260414,True,utility_gap;ece;nll,
vowel,hist_gbdt,gbdt,covariate_shift,0.4,2144111539,test_only,True,low,True,ok,,0.16835016835016836,0.6445566778900113,4.6159268394894095,1.9249910085116315,0.6041701757762418,-0.4474839751947086,693,catboost,0.44918441832260414,True,utility_gap;ece;nll,
vowel,logreg,linear,covariate_shift,0.0,4139392943,test_only,True,low,True,ok,,0.7441077441077442,0.9683376979673277,0.8364057444782428,0.3488082878207387,0.1598928246148234,0.31391330463554,693,catboost,0.44918441832260414,True,utility_gap;ece,
vowel,logreg,linear,covariate_shift,0.05,415949812,test_only,True,low,True,ok,,0.6734006734006734,0.965033046514528,0.9223884905965765,0.3846658780556912,0.08942199530959193,0.30548750481156006,693,catboost,0.44918441832260414,True,utility_gap,
vowel,logreg,linear,covariate_shift,0.1,2719734998,test_only,True,low,True,ok,,0.5050505050505051,0.9572390572390573,1.21110358566288,0.5050694245914704,0.13611822932011455,0.2320467725497818,693,catboost,0.44918441832260414,True,utility_gap;ece,
vowel,logreg,linear,covariate_shift,0.2,13630028,test_only,True,low,True,ok,,0.3569023569023569,0.9380221972814564,2.2493076162198364,0.9380341342409292,0.38334152072327293,0.02376457816692995,693,catboost,0.44918441832260414,True,utility_gap;ece;nll,
vowel,logreg,linear,covariate_shift,0.3,3200330117,test_only,True,low,True,ok,,0.27946127946127947,0.9207756578126947,3.6334385099894653,1.515261550913857,0.516863073146148,-0.19376040774975162,693,catboost,0.44918441832260414,True,utility_gap;ece;nll,
vowel,logreg,linear,covariate_shift,0.4,2144111539,test_only,True,low,True,ok,,0.21885521885521886,0.9060356652949246,5.20299688527388,2.169818233638671,0.6266458499689695,-0.4263338744038887,693,catboost,0.44918441832260414,True,utility_gap;ece;nll,
vowel,tabicl,icl,covariate_shift,0.0,4139392943,test_only,True,low,True,ok,,0.9966329966329966,1.0,0.010685475800014069,0.004456189526385779,0.008511424168812202,0.49645580780327125,693,catboost,0.44918441832260414,False,,
vowel,tabicl,icl,covariate_shift,0.05,415949812,test_only,True,low,True,ok,,0.9797979797979798,0.9991270732011472,0.062197142881375476,0.025938223235575552,0.01409218329503032,0.48606426896041977,693,catboost,0.44918441832260414,False,,
vowel,tabicl,icl,covariate_shift,0.1,2719734998,test_only,True,low,True,ok,,0.9090909090909091,0.9977678014715052,0.22946669248291313,0.09569504351836139,0.055858464601965474,0.44570216090276166,693,catboost,0.44918441832260414,False,,
vowel,tabicl,icl,covariate_shift,0.2,13630028,test_only,True,low,True,ok,,0.7609427609427609,0.9868437461030055,0.7379971440972845,0.30776871386715465,0.19990962240416205,0.3272241866364872,693,catboost,0.44918441832260414,True,utility_gap;ece,
vowel,tabicl,icl,covariate_shift,0.3,3200330117,test_only,True,low,True,ok,,0.6397306397306397,0.9573637610674649,1.30420838814512,0.543897143023721,0.30182146198632226,0.2075034770288279,693,catboost,0.44918441832260414,True,utility_gap;ece,
vowel,tabicl,icl,covariate_shift,0.4,2144111539,test_only,True,low,True,ok,,0.4175084175084175,0.9326225215114103,1.631479318437531,0.680379721727203,0.13345748502755214,0.15823873163158494,693,catboost,0.44918441832260414,True,utility_gap;ece,
vowel,xgboost,gbdt,covariate_shift,0.0,4139392943,test_only,True,low,True,ok,,0.8787878787878788,0.9933158747973564,0.3465666212632034,0.14452950685321478,0.05292277288286378,0.42553533136471927,693,catboost,0.44918441832260414,False,,
vowel,xgboost,gbdt,covariate_shift,0.05,415949812,test_only,True,low,True,ok,,0.7878787878787878,0.9815937149270483,0.597150271231228,0.24903100565119632,0.09333676596918292,0.3683629635170895,693,catboost,0.44918441832260414,True,utility_gap,
vowel,xgboost,gbdt,covariate_shift,0.1,2719734998,test_only,True,low,True,ok,,0.6801346801346801,0.9574385833645093,0.9678626668705101,0.4036300825352575,0.13545948179891082,0.2889427850774208,693,catboost,0.44918441832260414,True,utility_gap;ece,
vowel,xgboost,gbdt,covariate_shift,0.2,13630028,test_only,True,low,True,ok,,0.367003367003367,0.8735627883776033,1.9764700269011852,0.8242520218969457,0.33968241604856947,0.04558539120386858,693,catboost,0.44918441832260414,True,utility_gap;ece;nll,
vowel,xgboost,gbdt,covariate_shift,0.3,3200330117,test_only,True,low,True,ok,,0.22895622895622897,0.7785634118967452,2.694310369592297,1.1236146966702205,0.4314742372761158,-0.11653862794899413,693,catboost,0.44918441832260414,True,utility_gap;ece;nll,
vowel,xgboost,gbdt,covariate_shift,0.4,2144111539,test_only,True,low,True,ok,,0.15151515151515152,0.6985160244419504,3.032816883541418,1.2647828776951076,0.4001613564913086,-0.19225925332483867,693,catboost,0.44918441832260414,True,utility_gap;ece;nll,
vowel,catboost,gbdt,label_noise,0.0,2906021028,train_only,True,low,True,ok,,0.9494949494949495,0.9989150766928543,0.20261739108765411,0.08449801514942616,0.08755348199654693,0.44918441832260414,693,catboost,0.44918441832260414,False,,
vowel,catboost,gbdt,label_noise,0.05,288938262,train_only,True,low,True,ok,,0.9292929292929293,0.9965831151016336,0.30396269514560054,0.12676228966032893,0.12821915112830953,0.4245255125557505,693,catboost,0.44918441832260414,True,ece,
vowel,catboost,gbdt,label_noise,0.1,1680507757,train_only,True,low,True,ok,,0.9326599326599326,0.9976181568774162,0.3298353380540149,0.13755201980489054,0.1505130408073813,0.4176971307031421,693,catboost,0.44918441832260414,True,utility_gap;ece,
vowel,catboost,gbdt,label_noise,0.2,2289893717,train_only,True,low,True,ok,,0.8484848484848485,0.9881032547699214,0.5856573495013757,0.24423808501774433,0.17549576769019215,0.364738287398838,693,catboost,0.44918441832260414,True,utility_gap;ece,
vowel,catboost,gbdt,label_noise,0.3,80705853,train_only,True,low,True,ok,,0.7676767676767676,0.9783264746227709,0.7563819087384027,0.3154357562312121,0.15729728579318789,0.3314755972414837,693,catboost,0.44918441832260414,True,utility_gap;ece,
vowel,catboost,gbdt,label_noise,0.4,210594086,train_only,True,low,True,ok,,0.6632996632996633,0.9539468761690983,1.033097250466007,0.43083501693565246,0.11403341800005387,0.2813191674734274,693,catboost,0.44918441832260414,True,utility_gap;ece,
vowel,hist_gbdt,gbdt,label_noise,0.0,2906021028,train_only,True,low,True,ok,,0.9326599326599326,0.9970195785010599,0.24097082138346804,0.10049263790501259,0.048299216834227096,0.44904820763601166,693,catboost,0.44918441832260414,False,,
vowel,hist_gbdt,gbdt,label_noise,0.05,288938262,train_only,True,low,True,ok,,0.898989898989899,0.9956603067714179,0.2735438315425796,0.11407663822755315,0.05457052541656106,0.438192495666903,693,catboost,0.44918441832260414,False,,
vowel,hist_gbdt,gbdt,label_noise,0.1,1680507757,train_only,True,low,True,ok,,0.8787878787878788,0.9945629130814314,0.31083797672857627,0.12962950478059238,0.05385734192655331,0.4302548815771944,693,catboost,0.44918441832260414,False,,
vowel,hist_gbdt,gbdt,label_noise,0.2,2289893717,train_only,True,low,True,ok,,0.8215488215488216,0.9797979797979797,0.6489922309486756,0.27065078208828297,0.09209638831433123,0.36654710387226497,693,catboost,0.44918441832260414,True,utility_gap,
vowel,hist_gbdt,gbdt,label_noise,0.3,80705853,train_only,True,low,True,ok,,0.7205387205387206,0.9617658062102507,0.9645126707275079,0.40223302563247926,0.14741231720382988,0.294546469123886,693,catboost,0.44918441832260414,True,utility_gap;ece,
vowel,hist_gbdt,gbdt,label_noise,0.4,210594086,train_only,True,low,True,ok,,0.6094276094276094,0.9284698840254396,1.3643131598530096,0.5689627797050706,0.1926899143582309,0.20715178403987788,693,catboost,0.44918441832260414,True,utility_gap;ece,
vowel,logreg,linear,label_noise,0.0,2906021028,train_only,True,low,True,ok,,0.7441077441077442,0.9683376979673277,0.8364057444782428,0.3488082878207387,0.1598928246148234,0.31391330463554,693,catboost,0.44918441832260414,True,utility_gap;ece,
vowel,logreg,linear,label_noise,0.05,288938262,train_only,True,low,True,ok,,0.7373737373737373,0.9589100885397183,0.9493752949639522,0.3959202496179162,0.22662010232688276,0.28212449624421054,693,catboost,0.44918441832260414,True,utility_gap;ece,
vowel,logreg,linear,label_noise,0.1,1680507757,train_only,True,low,True,ok,,0.6565656565656566,0.956303778526001,1.0446379662836878,0.4356478692518475,0.17868828829811817,0.2667591525337709,693,catboost,0.44918441832260414,True,utility_gap;ece,
vowel,logreg,linear,label_noise,0.2,2289893717,train_only,True,low,True,ok,,0.6127946127946128,0.9263623893253523,1.2813594049168406,0.5343683769064193,0.2178022426131145,0.21227506658851653,693,catboost,0.44918441832260414,True,utility_gap;ece,
vowel,logreg,linear,label_noise,0.3,80705853,train_only,True,low,True,ok,,0.5555555555555556,0.9021074947000872,1.4495853516534736,0.6045240457736051,0.23346330965672146,0.171021080814938,693,catboost,0.44918441832260414,True,utility_gap;ece,
vowel,logreg,linear,label_noise,0.4,210594086,train_only,True,low,True,ok,,0.4006734006734007,0.8595086669160742,1.6629052499450099,0.6934853530965015,0.1218848852176893,0.12850646054914777,693,catboost,0.44918441832260414,True,utility_gap;ece,
vowel,tabicl,icl,label_noise,0.0,2906021028,train_only,True,low,True,ok,,0.9966329966329966,1.0,0.010685475800014069,0.004456189526385779,0.008511424168812202,0.49645580780327125,693,catboost,0.44918441832260414,False,,
vowel,tabicl,icl,label_noise,0.05,288938262,train_only,True,low,True,ok,,0.98989898989899,0.9998378850230701,0.09075738730884778,0.03784877026882533,0.061901610317947955,0.47469315509868587,693,catboost,0.44918441832260414,False,,
vowel,tabicl,icl,label_noise,0.1,1680507757,train_only,True,low,True,ok,,0.9831649831649831,0.9996134181319367,0.17491953280908165,0.07294711107418324,0.11097581026751564,0.4532601484451672,693,catboost,0.44918441832260414,True,ece,
vowel,tabicl,icl,label_noise,0.2,2289893717,train_only,True,low,True,ok,,0.9696969696969697,0.9989150766928545,0.34759947207912195,0.14496023909896177,0.2290737866872911,0.40577199322989776,693,catboost,0.44918441832260414,True,utility_gap;ece,
vowel,tabicl,icl,label_noise,0.3,80705853,train_only,True,low,True,ok,,0.9023569023569024,0.9917944880907844,0.6335982084805061,0.2642309760847436,0.30234168572002496,0.3427439762158818,693,catboost,0.44918441832260414,True,utility_gap;ece,
vowel,tabicl,icl,label_noise,0.4,210594086,train_only,True,low,True,ok,,0.8215488215488216,0.9845990771916696,0.9304093570930236,0.3880108391919992,0.35787299263586897,0.27986414996463405,693,catboost,0.44918441832260414,True,utility_gap;ece,
vowel,xgboost,gbdt,label_noise,0.0,2906021028,train_only,True,low,True,ok,,0.8787878787878788,0.9933158747973564,0.3465666212632034,0.14452950685321478,0.05292277288286378,0.42553533136471927,693,catboost,0.44918441832260414,False,,
vowel,xgboost,gbdt,label_noise,0.05,288938262,train_only,True,low,True,ok,,0.898989898989899,0.9939892754707569,0.3286021010346112,0.1370377200214957,0.0655474660808992,0.4285239220406213,693,catboost,0.44918441832260414,False,,
vowel,xgboost,gbdt,label_noise,0.1,1680507757,train_only,True,low,True,ok,,0.8686868686868687,0.9897493453049009,0.4299162236315398,0.17928899085314212,0.04655324876437251,0.41361795415092845,693,catboost,0.44918441832260414,True,utility_gap,
vowel,xgboost,gbdt,label_noise,0.2,2289893717,train_only,True,low,True,ok,,0.7811447811447811,0.9743608928794113,0.6813342973671299,0.28413847139037274,0.05499694820161384,0.3619570986220765,693,catboost,0.44918441832260414,True,utility_gap,
vowel,xgboost,gbdt,label_noise,0.3,80705853,train_only,True,low,True,ok,,0.7239057239057239,0.966442199775533,0.7996567849069173,0.33348278132835585,0.07521947546376276,0.3317518990160358,693,catboost,0.44918441832260414,True,utility_gap,
vowel,xgboost,gbdt,label_noise,0.4,210594086,train_only,True,low,True,ok,,0.5858585858585859,0.9271729642100013,1.23319351989208,0.514281642689478,0.13045780272429688,0.23201327200058552,693,catboost,0.44918441832260414,True,utility_gap;ece,
wall-robot-navigation,catboost,gbdt,covariate_shift,0.0,1420071152,test_only,True,low,True,ok,,0.996334758704948,0.99991113541639,0.01725968150871794,0.01245022845997516,0.0015782261747291485,0.49536839742854033,3819,catboost,0.49536839742854033,False,,
wall-robot-navigation,catboost,gbdt,covariate_shift,0.05,1966940115,test_only,True,low,True,ok,,0.46792913866829566,0.8104928614787624,3.6129528129780737,2.6061945531246486,0.49752100086739925,-0.5275006937930632,3819,catboost,0.49536839742854033,True,utility_gap;ece;nll,
wall-robot-navigation,catboost,gbdt,covariate_shift,0.1,1004200187,test_only,True,low,True,ok,,0.35308491142333537,0.6526777796084979,4.22370075878786,3.046756069451099,0.5582127230945068,-0.7442694058777564,3819,catboost,0.49536839742854033,True,utility_gap;ece;nll,
wall-robot-navigation,catboost,gbdt,covariate_shift,0.2,3542476464,test_only,True,low,True,ok,,0.06230910201588271,0.6165831866522773,5.734687736804442,4.136702779467261,0.8612802928429508,-1.188116411778089,3819,catboost,0.49536839742854033,True,utility_gap;ece;nll,
wall-robot-navigation,catboost,gbdt,covariate_shift,0.3,2084202021,test_only,True,low,True,ok,,0.05986560781918143,0.619078904856967,5.7837445276900645,4.1720897739335685,0.8974392463212661,-1.2054573235715083,3819,catboost,0.49536839742854033,True,utility_gap;ece;nll,
wall-robot-navigation,catboost,gbdt,covariate_shift,0.4,4031811268,test_only,True,low,True,ok,,0.05986560781918143,0.4866455370873834,5.545696726553812,4.000374582836671,0.9157271088707094,-1.203952017471682,3819,catboost,0.49536839742854033,True,utility_gap;ece;nll,
wall-robot-navigation,hist_gbdt,gbdt,covariate_shift,0.0,1420071152,test_only,True,low,True,ok,,0.9975565058032987,0.999975455774982,0.018702010874824326,0.01349064917188026,0.0030792386455565763,0.4949618429110631,3819,catboost,0.49536839742854033,False,,
wall-robot-navigation,hist_gbdt,gbdt,covariate_shift,0.05,1966940115,test_only,True,low,True,ok,,0.4331093463653024,0.708997692335102,7.662909642625958,5.527620870098344,0.5523593401674076,-1.4556425347909037,3819,catboost,0.49536839742854033,True,utility_gap;ece;nll,
wall-robot-navigation,hist_gbdt,gbdt,covariate_shift,0.1,1004200187,test_only,True,low,True,ok,,0.21991447770311545,0.5697392628418072,9.623653982003379,6.941998937533801,0.7730236014044615,-2.0048084878909322,3819,catboost,0.49536839742854033,True,utility_gap;ece;nll,
wall-robot-navigation,hist_gbdt,gbdt,covariate_shift,0.2,3542476464,test_only,True,low,True,ok,,0.05986560781918143,0.6576434838615042,13.130156801577913,9.471406051865474,0.9398842599316299,-2.7902436070215644,3819,catboost,0.49536839742854033,True,utility_gap;ece;nll,
wall-robot-navigation,hist_gbdt,gbdt,covariate_shift,0.3,2084202021,test_only,True,low,True,ok,,0.05986560781918143,0.41659652465044766,14.00041434755749,10.099164174805942,0.940131611752324,-3.0629869499917133,3819,catboost,0.49536839742854033,True,utility_gap;ece;nll,
wall-robot-navigation,hist_gbdt,gbdt,covariate_shift,0.4,4031811268,test_only,True,low,True,ok,,0.05986560781918143,0.3649831292395974,14.034300057494558,10.123607547647547,0.9401323957858085,-3.0883848070446893,3819,catboost,0.49536839742854033,True,utility_gap;ece;nll,
wall-robot-navigation,logreg,linear,covariate_shift,0.0,1420071152,test_only,True,low,True,ok,,0.7080024434941967,0.914227614453472,0.6675347798254103,0.4815245582375128,0.03364641262826556,0.2749933815859377,3819,catboost,0.49536839742854033,True,utility_gap,
wall-robot-navigation,logreg,linear,covariate_shift,0.05,1966940115,test_only,True,low,True,ok,,0.6921197312156384,0.9122273743179171,0.7387236157643513,0.5328764485253968,0.05130878771350345,0.252972848593297,3819,catboost,0.49536839742854033,True,utility_gap,
wall-robot-navigation,logreg,linear,covariate_shift,0.1,1004200187,test_only,True,low,True,ok,,0.6481368356750152,0.9082510527711191,0.9119279955456185,0.6578169984107383,0.10101933098234467,0.19755942810145355,3819,catboost,0.49536839742854033,True,utility_gap;ece,
wall-robot-navigation,logreg,linear,covariate_shift,0.2,3542476464,test_only,True,low,True,ok,,0.5516188149053146,0.9010478380445034,1.434216044505273,1.034568187485571,0.26501217875119615,0.03473667355546288,3819,catboost,0.49536839742854033,True,utility_gap;ece;nll,
wall-robot-navigation,logreg,linear,covariate_shift,0.3,2084202021,test_only,True,low,True,ok,,0.4434941967012828,0.8960404236201804,2.0904442368295886,1.5079367668644807,0.42881162528375805,-0.15800507734384028,3819,catboost,0.49536839742854033,True,utility_gap;ece;nll,
wall-robot-navigation,logreg,linear,covariate_shift,0.4,4031811268,test_only,True,low,True,ok,,0.42089187538179595,0.8929752349606245,2.828670078553111,2.040454147319784,0.5107282806200375,-0.3386067867764547,3819,catboost,0.49536839742854033,True,utility_gap;ece;nll,
wall-robot-navigation,tabicl,icl,covariate_shift,0.0,1420071152,test_only,True,low,True,ok,,0.9792302993280391,0.99942638135608,0.05285811807058584,0.038129072405578744,0.008520290692605613,0.4835409985136391,999,catboost,0.49536839742854033,False,,
wall-robot-navigation,tabicl,icl,covariate_shift,0.05,1966940115,test_only,True,low,True,ok,,0.4660965180207697,0.8074421589999986,2.006362672167083,1.44728473868009,0.3971600354459134,-0.16109819534009479,999,catboost,0.49536839742854033,True,utility_gap;ece;nll,
wall-robot-navigation,tabicl,icl,covariate_shift,0.1,1004200187,test_only,True,low,True,ok,,0.28772144166157604,0.636467359928815,2.7648928796804366,1.9944486230520857,0.46637220310856564,-0.4256872353130172,999,catboost,0.49536839742854033,True,utility_gap;ece;nll,
wall-robot-navigation,tabicl,icl,covariate_shift,0.2,3542476464,test_only,True,low,True,ok,,0.08002443494196701,0.5962401782610429,3.31199737568633,2.389101094669965,0.7222933473217056,-0.6405012702326706,999,catboost,0.49536839742854033,True,utility_gap;ece;nll,
wall-robot-navigation,tabicl,icl,covariate_shift,0.3,2084202021,test_only,True,low,True,ok,,0.05986560781918143,0.3559841217323875,3.92805067158514,2.833489612128222,0.8520193797960358,-0.886876475818461,999,catboost,0.49536839742854033,True,utility_gap;ece;nll,
wall-robot-navigation,tabicl,icl,covariate_shift,0.4,4031811268,test_only,True,low,True,ok,,0.05436774587660354,0.3191091526012045,3.097265678562726,2.2342049173890177,0.7844882697527045,-0.7073157638753341,999,catboost,0.49536839742854033,True,utility_gap;ece;nll,
wall-robot-navigation,xgboost,gbdt,covariate_shift,0.0,1420071152,test_only,True,low,True,ok,,0.9957238851557727,0.9995150189978513,0.024002295923356513,0.017313996649287913,0.003706951266860317,0.4932532501744554,3819,catboost,0.49536839742854033,False,,
wall-robot-navigation,xgboost,gbdt,covariate_shift,0.05,1966940115,test_only,True,low,True,ok,,0.43738546120952965,0.7260474768707359,4.323569166403492,3.1187958976553736,0.5298404694380775,-0.7218824270980406,3819,catboost,0.49536839742854033,True,utility_gap;ece;nll,
wall-robot-navigation,xgboost,gbdt,covariate_shift,0.1,1004200187,test_only,True,low,True,ok,,0.2180818570555895,0.5697560983257871,5.57736954859288,4.023221694480032,0.747389560709779,-1.1243175075136014,3819,catboost,0.49536839742854033,True,utility_gap;ece;nll,
wall-robot-navigation,xgboost,gbdt,covariate_shift,0.2,3542476464,test_only,True,low,True,ok,,0.05986560781918143,0.645408846580867,7.589653796466564,5.474777947113203,0.9358411278661364,-1.5947286722310074,3819,catboost,0.49536839742854033,True,utility_gap;ece;nll,
wall-robot-navigation,xgboost,gbdt,covariate_shift,0.3,2084202021,test_only,True,low,True,ok,,0.05986560781918143,0.4026099938817417,8.399504819796555,6.058961974721718,0.9394021180918941,-1.8556756770034073,3819,catboost,0.49536839742854033,True,utility_gap;ece;nll,
wall-robot-navigation,xgboost,gbdt,covariate_shift,0.4,4031811268,test_only,True,low,True,ok,,0.05986560781918143,0.3582420089901535,8.386079616973726,6.049277737954006,0.9394661619459059,-1.868312009455952,3819,catboost,0.49536839742854033,True,utility_gap;ece;nll,
wall-robot-navigation,catboost,gbdt,label_noise,0.0,3575824225,train_only,True,low,True,ok,,0.996334758704948,0.99991113541639,0.01725968150871794,0.01245022845997516,0.0015782261747291485,0.49536839742854033,3819,catboost,0.49536839742854033,False,,
wall-robot-navigation,catboost,gbdt,label_noise,0.05,2245426873,train_only,True,low,True,ok,,0.984728161270617,0.9993504938342115,0.08228074330663052,0.05935301016456681,0.04768259551162725,0.47013947488087104,3819,catboost,0.49536839742854033,False,,
wall-robot-navigation,catboost,gbdt,label_noise,0.1,684414463,train_only,True,low,True,ok,,0.9792302993280391,0.9992876425574888,0.14725241449944643,0.10622016407863873,0.09645981854392763,0.4454772068619498,3819,catboost,0.49536839742854033,True,utility_gap,
wall-robot-navigation,catboost,gbdt,label_noise,0.2,1583008180,train_only,True,low,True,ok,,0.9694563225412339,0.9977257684092331,0.2799201850519757,0.20191973140960315,0.18344006735355842,0.39735853443082403,3819,catboost,0.49536839742854033,True,utility_gap;ece,
wall-robot-navigation,catboost,gbdt,label_noise,0.3,2817189446,train_only,True,low,True,ok,,0.9346365302382407,0.9897725510180818,0.43486627108933984,0.3136897063752331,0.2425789260258206,0.34399317527433065,3819,catboost,0.49536839742854033,True,utility_gap;ece,
wall-robot-navigation,catboost,gbdt,label_noise,0.4,3046002576,train_only,True,low,True,ok,,0.8692730604764813,0.974808835167313,0.5862376479606247,0.42288107374760164,0.2562455225923157,0.2934606247372881,3819,catboost,0.49536839742854033,True,utility_gap;ece,
wall-robot-navigation,hist_gbdt,gbdt,label_noise,0.0,3575824225,train_only,True,low,True,ok,,0.9975565058032987,0.999975455774982,0.018702010874824326,0.01349064917188026,0.0030792386455565763,0.4949618429110631,3819,catboost,0.49536839742854033,False,,
wall-robot-navigation,hist_gbdt,gbdt,label_noise,0.05,2245426873,train_only,True,low,True,ok,,0.9841172877214417,0.9996840617650707,0.04470967299842761,0.03225121175729935,0.003310090149747257,0.48716963321885176,3819,catboost,0.49536839742854033,False,,
wall-robot-navigation,hist_gbdt,gbdt,label_noise,0.1,684414463,train_only,True,low,True,ok,,0.9755650580329872,0.9985733820685183,0.09036335335636002,0.06518338088265883,0.02902458022583431,0.470475512118965,3819,catboost,0.49536839742854033,False,,
wall-robot-navigation,hist_gbdt,gbdt,label_noise,0.2,1583008180,train_only,True,low,True,ok,,0.9321930360415394,0.9954597262343575,0.23887424744162594,0.17231134609005846,0.09083533320850974,0.41837938911953654,3819,catboost,0.49536839742854033,True,utility_gap,
wall-robot-navigation,hist_gbdt,gbdt,label_noise,0.3,2817189446,train_only,True,low,True,ok,,0.9059254734270006,0.9852717020129068,0.3873948379230597,0.279446305768791,0.16296271467668097,0.364307482052594,3819,catboost,0.49536839742854033,True,utility_gap;ece,
wall-robot-navigation,hist_gbdt,gbdt,label_noise,0.4,3046002576,train_only,True,low,True,ok,,0.8411728772144166,0.9653927555319006,0.5529843620395404,0.39889389840179607,0.18434745824497706,0.3075257348487935,3819,catboost,0.49536839742854033,True,utility_gap;ece,
wall-robot-navigation,logreg,linear,label_noise,0.0,3575824225,train_only,True,low,True,ok,,0.7080024434941967,0.914227614453472,0.6675347798254103,0.4815245582375128,0.03364641262826556,0.2749933815859377,3819,catboost,0.49536839742854033,True,utility_gap,
wall-robot-navigation,logreg,linear,label_noise,0.05,2245426873,train_only,True,low,True,ok,,0.6908979841172878,0.910141211005923,0.701420766348651,0.5059681305938676,0.05534944094730044,0.2593237941020458,3819,catboost,0.49536839742854033,True,utility_gap,
wall-robot-navigation,logreg,linear,label_noise,0.1,684414463,train_only,True,low,True,ok,,0.6737935247403788,0.8938225457512785,0.7600220352292568,0.548240010595793,0.08029327665106721,0.23337626121505295,3819,catboost,0.49536839742854033,True,utility_gap,
wall-robot-navigation,logreg,linear,label_noise,0.2,1583008180,train_only,True,low,True,ok,,0.674404398289554,0.8860376287596192,0.8329541454632399,0.6008494074738602,0.13269406146786147,0.20448019527356942,3819,catboost,0.49536839742854033,True,utility_gap;ece,
wall-robot-navigation,logreg,linear,label_noise,0.3,2817189446,train_only,True,low,True,ok,,0.674404398289554,0.8747990761538987,0.904588817432533,0.6525229004767636,0.18207873033949068,0.1751677201863704,3819,catboost,0.49536839742854033,True,utility_gap;ece,
wall-robot-navigation,logreg,linear,label_noise,0.4,3046002576,train_only,True,low,True,ok,,0.6487477092241906,0.8816907643345693,0.9857806715514948,0.7110904431257669,0.2122373430226856,0.15012932235846063,3819,catboost,0.49536839742854033,True,utility_gap;ece,
wall-robot-navigation,tabicl,icl,label_noise,0.0,3575824225,train_only,True,low,True,ok,,0.9792302993280391,0.99942638135608,0.05285811807058584,0.038129072405578744,0.008520290692605613,0.4835409985136391,999,catboost,0.49536839742854033,False,,
wall-robot-navigation,tabicl,icl,label_noise,0.05,2245426873,train_only,True,low,True,ok,,0.9835064141722664,0.9992792669681777,0.08566107806688941,0.061791406262151856,0.043597958811594215,0.47001669192373774,1000,catboost,0.49536839742854033,False,,
wall-robot-navigation,tabicl,icl,label_noise,0.1,684414463,train_only,True,low,True,ok,,0.9718998167379352,0.9981314218428211,0.15244491301962768,0.10996576001108312,0.07654697814852746,0.4468318465226472,1000,catboost,0.49536839742854033,True,utility_gap,
wall-robot-navigation,tabicl,icl,label_noise,0.2,1583008180,train_only,True,low,True,ok,,0.9737324373854612,0.9987043103508593,0.247279459158882,0.178374424721112,0.1683741084798312,0.4084192251183201,1000,catboost,0.49536839742854033,True,utility_gap;ece,
wall-robot-navigation,tabicl,icl,label_noise,0.3,2817189446,train_only,True,low,True,ok,,0.937080024434942,0.9916692267426608,0.45882125861836476,0.3309695772315737,0.2669192612567115,0.3349715076043582,1000,catboost,0.49536839742854033,True,utility_gap;ece,
wall-robot-navigation,tabicl,icl,label_noise,0.4,3046002576,train_only,True,low,True,ok,,0.9486866218692731,0.9935014514520168,0.5894435549991438,0.4251936468406129,0.3751411005812743,0.2874421871201581,1000,catboost,0.49536839742854033,True,utility_gap;ece,
wall-robot-navigation,xgboost,gbdt,label_noise,0.0,3575824225,train_only,True,low,True,ok,,0.9957238851557727,0.9995150189978513,0.024002295923356513,0.017313996649287913,0.003706951266860317,0.4932532501744554,3819,catboost,0.49536839742854033,False,,
wall-robot-navigation,xgboost,gbdt,label_noise,0.05,2245426873,train_only,True,low,True,ok,,0.9841172877214417,0.9994077992218076,0.04714166416381311,0.03400552255419307,0.0050399446900836874,0.4862006771815742,3819,catboost,0.49536839742854033,False,,
wall-robot-navigation,xgboost,gbdt,label_noise,0.1,684414463,train_only,True,low,True,ok,,0.967623701893708,0.9982058417961776,0.09749312580719398,0.07032642456140129,0.012564001523991189,0.4709048722394997,3819,catboost,0.49536839742854033,False,,
wall-robot-navigation,xgboost,gbdt,label_noise,0.2,1583008180,train_only,True,low,True,ok,,0.9230299328039095,0.9918047015597942,0.22693322984994868,0.16369772265871813,0.03771281009511848,0.4289342566498753,3819,catboost,0.49536839742854033,True,utility_gap,
wall-robot-navigation,xgboost,gbdt,label_noise,0.3,2817189446,train_only,True,low,True,ok,,0.87599266951741,0.9768672392507707,0.3597722590752435,0.2595208270086366,0.05711674653751964,0.3840228367552863,3819,catboost,0.49536839742854033,True,utility_gap,
wall-robot-navigation,xgboost,gbdt,label_noise,0.4,3046002576,train_only,True,low,True,ok,,0.7703115455100794,0.9429221944451933,0.5688904008428417,0.4103676800526512,0.02830301564455122,0.3167985927376239,3819,catboost,0.49536839742854033,True,utility_gap,
wdbc,catboost,gbdt,covariate_shift,0.0,1415472119,test_only,True,low,True,ok,,0.9473684210526315,0.9940128504672897,0.09885575659305364,0.14261870980012495,0.02854263395676705,0.4415156210900552,398,catboost,0.4415156210900552,False,,
wdbc,catboost,gbdt,covariate_shift,0.05,1286153647,test_only,True,low,True,ok,,0.9298245614035088,0.990070093457944,0.17602475602085446,0.25395004258497644,0.0449574122962156,0.4008217216860706,398,catboost,0.4415156210900552,True,utility_gap,
wdbc,catboost,gbdt,covariate_shift,0.1,1148475252,test_only,True,low,True,ok,,0.8830409356725146,0.9878796728971962,0.35546135130195083,0.5128223287510142,0.08041399329880813,0.3082845285798299,398,catboost,0.4415156210900552,True,utility_gap,
wdbc,catboost,gbdt,covariate_shift,0.2,1506864523,test_only,True,low,True,ok,,0.6783625730994152,0.975321261682243,1.0697232738834468,1.5432844623551552,0.2407474297864255,-0.06801799711013432,398,catboost,0.4415156210900552,True,utility_gap;ece;nll,
wdbc,catboost,gbdt,covariate_shift,0.3,872579007,test_only,True,low,True,ok,,0.4678362573099415,0.9174941588785046,2.299600688753019,3.317622509688825,0.48476157378163154,-0.700940673459006,398,catboost,0.4415156210900552,True,utility_gap;ece;nll,
wdbc,catboost,gbdt,covariate_shift,0.4,1463416558,test_only,True,low,True,ok,,0.38596491228070173,0.7517523364485982,3.271388294608751,4.719615669454249,0.6011411079971645,-1.2151048678365928,398,catboost,0.4415156210900552,True,utility_gap;ece;nll,
wdbc,hist_gbdt,gbdt,covariate_shift,0.0,1415472119,test_only,True,low,True,ok,,0.9707602339181286,0.9947429906542056,0.09294464209319331,0.13409077422504959,0.02443895629727464,0.4486590582897214,398,catboost,0.4415156210900552,False,,
wdbc,hist_gbdt,gbdt,covariate_shift,0.05,1286153647,test_only,True,low,True,ok,,0.935672514619883,0.9916764018691588,0.17039991749852657,0.24583511594301277,0.04930635720482961,0.40382581162331826,398,catboost,0.4415156210900552,True,utility_gap,
wdbc,hist_gbdt,gbdt,covariate_shift,0.1,1148475252,test_only,True,low,True,ok,,0.8771929824561403,0.990946261682243,0.4566872128976344,0.6588603772848195,0.10329932852909618,0.260092160065941,398,catboost,0.4415156210900552,True,utility_gap;ece,
wdbc,hist_gbdt,gbdt,covariate_shift,0.2,1506864523,test_only,True,low,True,ok,,0.6842105263157895,0.982768691588785,1.6573951701615464,2.3911157927853828,0.28699299642765547,-0.32813271611770284,398,catboost,0.4415156210900552,True,utility_gap;ece;nll,
wdbc,hist_gbdt,gbdt,covariate_shift,0.3,872579007,test_only,True,low,True,ok,,0.4444444444444444,0.9452394859813084,3.5666974884703775,5.145656778967335,0.5282064200785779,-1.2518378309457914,398,catboost,0.4415156210900552,True,utility_gap;ece;nll,
wdbc,hist_gbdt,gbdt,covariate_shift,0.4,1463416558,test_only,True,low,True,ok,,0.38011695906432746,0.8627336448598132,5.150226169946598,7.430205754838517,0.6142004448360139,-1.9929274958581742,398,catboost,0.4415156210900552,True,utility_gap;ece;nll,
wdbc,logreg,linear,covariate_shift,0.0,1415472119,test_only,True,low,True,ok,,0.9766081871345029,0.9956191588785047,0.07019704740096383,0.10127293217041802,0.014253562334024613,0.4617253415597218,398,catboost,0.4415156210900552,False,,
wdbc,logreg,linear,covariate_shift,0.05,1286153647,test_only,True,low,True,ok,,0.9532163742690059,0.9956191588785047,0.09391948217617438,0.13549717117842616,0.03259483364859493,0.44428104366458065,398,catboost,0.4415156210900552,False,,
wdbc,logreg,linear,covariate_shift,0.1,1148475252,test_only,True,low,True,ok,,0.9005847953216374,0.9956191588785047,0.24074270131957218,0.3473183013239597,0.06400462942757547,0.36655800862301924,398,catboost,0.4415156210900552,True,utility_gap,
wdbc,logreg,linear,covariate_shift,0.2,1506864523,test_only,True,low,True,ok,,0.631578947368421,0.9956191588785047,1.0832935286367977,1.5628622015914144,0.25975144626536334,-0.07760540201775724,398,catboost,0.4415156210900552,True,utility_gap;ece;nll,
wdbc,logreg,linear,covariate_shift,0.3,872579007,test_only,True,low,True,ok,,0.4093567251461988,0.9956191588785047,2.76214083191562,3.9849268804415807,0.555862530854111,-0.89678035592389,398,catboost,0.4415156210900552,True,utility_gap;ece;nll,
wdbc,logreg,linear,covariate_shift,0.4,1463416558,test_only,True,low,True,ok,,0.38011695906432746,0.9956191588785047,4.882546130528164,7.044025089424579,0.6185445478073684,-1.8314321869217216,398,catboost,0.4415156210900552,True,utility_gap;ece;nll,
wdbc,tabicl,icl,covariate_shift,0.0,1415472119,test_only,True,low,True,ok,,0.9824561403508771,0.9988317757009346,0.050314224237578156,0.07258808179372929,0.022165107541595237,0.4707500965015209,398,catboost,0.4415156210900552,False,,
wdbc,tabicl,icl,covariate_shift,0.05,1286153647,test_only,True,low,True,ok,,0.9473684210526315,0.9995619158878505,0.10486490358743127,0.15128807636888636,0.05229542681774789,0.4361064254444269,398,catboost,0.4415156210900552,False,,
wdbc,tabicl,icl,covariate_shift,0.1,1148475252,test_only,True,low,True,ok,,0.8070175438596491,0.9994158878504673,0.467535793361565,0.674511570520817,0.11817783053700358,0.24485915506296504,398,catboost,0.4415156210900552,True,utility_gap;ece,
wdbc,tabicl,icl,covariate_shift,0.2,1506864523,test_only,True,low,True,ok,,0.5497076023391813,0.9928446261682242,1.7285785815847983,2.493811747439267,0.3710439534908617,-0.3924005554201968,398,catboost,0.4415156210900552,True,utility_gap;ece;nll,
wdbc,tabicl,icl,covariate_shift,0.3,872579007,test_only,True,low,True,ok,,0.38596491228070173,0.9433411214953271,3.3378012394006173,4.8154292955563065,0.5782938648963138,-1.172223432280685,398,catboost,0.4415156210900552,True,utility_gap;ece;nll,
wdbc,tabicl,icl,covariate_shift,0.4,1463416558,test_only,True,low,True,ok,,0.3742690058479532,0.7875292056074767,4.594674265303109,6.628713777052937,0.6158855045213669,-1.7800156611803448,398,catboost,0.4415156210900552,True,utility_gap;ece;nll,
wdbc,xgboost,gbdt,covariate_shift,0.0,1415472119,test_only,True,low,True,ok,,0.9473684210526315,0.9935747663551402,0.10552824785395562,0.15224507985260316,0.03255391051155713,0.4376721253241014,398,catboost,0.4415156210900552,False,,
wdbc,xgboost,gbdt,covariate_shift,0.05,1286153647,test_only,True,low,True,ok,,0.9122807017543859,0.9922605140186915,0.2075347076030637,0.29940929347128103,0.05683488168019387,0.3829435207922768,398,catboost,0.4415156210900552,True,utility_gap,
wdbc,xgboost,gbdt,covariate_shift,0.1,1148475252,test_only,True,low,True,ok,,0.8596491228070176,0.989339953271028,0.557781058187172,0.8047079665484315,0.11810582650232875,0.21018279680091723,398,catboost,0.4415156210900552,True,utility_gap;ece;nll,
wdbc,xgboost,gbdt,covariate_shift,0.2,1506864523,test_only,True,low,True,ok,,0.6257309941520468,0.970867406542056,1.7316121452523976,2.4981882546987335,0.3297120726046068,-0.3817356495180147,398,catboost,0.4415156210900552,True,utility_gap;ece;nll,
wdbc,xgboost,gbdt,covariate_shift,0.3,872579007,test_only,True,low,True,ok,,0.4327485380116959,0.9358936915887851,3.4255239749786157,4.941986451147899,0.5596935004627812,-1.2020595626790969,398,catboost,0.4415156210900552,True,utility_gap;ece;nll,
wdbc,xgboost,gbdt,covariate_shift,0.4,1463416558,test_only,True,low,True,ok,,0.38011695906432746,0.8627336448598131,4.713009569676026,6.79943553383383,0.6195058102076455,-1.8047575026310945,398,catboost,0.4415156210900552,True,utility_gap;ece;nll,
wdbc,catboost,gbdt,label_noise,0.0,1753064988,train_only,True,low,True,ok,,0.9473684210526315,0.9940128504672897,0.09885575659305364,0.14261870980012495,0.02854263395676705,0.4415156210900552,398,catboost,0.4415156210900552,False,,
wdbc,catboost,gbdt,label_noise,0.05,1997386101,train_only,True,low,True,ok,,0.9707602339181286,0.9922605140186915,0.1233495292515107,0.17795575414714263,0.06608246241276414,0.4263019962675657,398,catboost,0.4415156210900552,False,,
wdbc,catboost,gbdt,label_noise,0.1,2557375358,train_only,True,low,True,ok,,0.9532163742690059,0.993428738317757,0.1762404749751632,0.2542612592505834,0.08629411603161954,0.3971453135700669,398,catboost,0.4415156210900552,True,utility_gap,
wdbc,catboost,gbdt,label_noise,0.2,4050278400,train_only,True,low,True,ok,,0.9649122807017544,0.9953271028037383,0.257079493049861,0.37088730973728323,0.18017282950908609,0.3458005692635694,398,catboost,0.4415156210900552,True,utility_gap;ece,
wdbc,catboost,gbdt,label_noise,0.3,2179932803,train_only,True,low,True,ok,,0.8304093567251462,0.9294684579439252,0.4372428305558733,0.6308080633072117,0.15532234832329408,0.22956847513232337,398,catboost,0.4415156210900552,True,utility_gap;ece,
wdbc,catboost,gbdt,label_noise,0.4,2088769758,train_only,True,low,True,ok,,0.7134502923976608,0.8038843457943925,0.5572609374198363,0.8039575908967328,0.09446177919278556,0.12829743178010952,398,catboost,0.4415156210900552,True,utility_gap;nll,
wdbc,hist_gbdt,gbdt,label_noise,0.0,1753064988,train_only,True,low,True,ok,,0.9707602339181286,0.9947429906542056,0.09294464209319331,0.13409077422504959,0.02443895629727464,0.4486590582897214,398,catboost,0.4415156210900552,False,,
wdbc,hist_gbdt,gbdt,label_noise,0.05,1997386101,train_only,True,low,True,ok,,0.9532163742690059,0.9865654205607477,0.12041048420169836,0.1737156084288291,0.03779304308127438,0.42860706219170897,398,catboost,0.4415156210900552,False,,
wdbc,hist_gbdt,gbdt,label_noise,0.1,2557375358,train_only,True,low,True,ok,,0.9473684210526315,0.9899240654205608,0.1389215465488493,0.2004214262786502,0.033106901851605815,0.42183087780117473,398,catboost,0.4415156210900552,False,,
wdbc,hist_gbdt,gbdt,label_noise,0.2,4050278400,train_only,True,low,True,ok,,0.9064327485380117,0.9553154205607477,0.25697361821414993,0.37073456463684795,0.040832749895458514,0.35093839010681727,398,catboost,0.4415156210900552,True,utility_gap,
wdbc,hist_gbdt,gbdt,label_noise,0.3,2179932803,train_only,True,low,True,ok,,0.7426900584795322,0.8349883177570093,0.48001125236589764,0.6925098533591812,0.09083661979746298,0.17772914001963613,398,catboost,0.4415156210900552,True,utility_gap,
wdbc,hist_gbdt,gbdt,label_noise,0.4,2088769758,train_only,True,low,True,ok,,0.672514619883041,0.7183119158878504,0.6573967813752991,0.9484230763865101,0.12077577546876969,0.04360428553349676,398,catboost,0.4415156210900552,True,utility_gap;ece;nll,
wdbc,logreg,linear,label_noise,0.0,1753064988,train_only,True,low,True,ok,,0.9766081871345029,0.9956191588785047,0.07019704740096383,0.10127293217041802,0.014253562334024613,0.4617253415597218,398,catboost,0.4415156210900552,False,,
wdbc,logreg,linear,label_noise,0.05,1997386101,train_only,True,low,True,ok,,0.9649122807017544,0.991822429906542,0.1463039270597763,0.21107195003171988,0.0745184121755991,0.4136494251279171,398,catboost,0.4415156210900552,False,,
wdbc,logreg,linear,label_noise,0.1,2557375358,train_only,True,low,True,ok,,0.9415204678362573,0.9903621495327103,0.2103161769854089,0.303422105555575,0.106731451926861,0.3754819004598425,398,catboost,0.4415156210900552,True,utility_gap;ece,
wdbc,logreg,linear,label_noise,0.2,4050278400,train_only,True,low,True,ok,,0.9298245614035088,0.9877336448598131,0.3299021960311597,0.47594826219253283,0.20631051718745383,0.30113387781621026,398,catboost,0.4415156210900552,True,utility_gap;ece,
wdbc,logreg,linear,label_noise,0.3,2179932803,train_only,True,low,True,ok,,0.8654970760233918,0.9236273364485981,0.47857149287359174,0.6904327194795588,0.23233251415375153,0.19949781048590015,398,catboost,0.4415156210900552,True,utility_gap;ece,
wdbc,logreg,linear,label_noise,0.4,2088769758,train_only,True,low,True,ok,,0.8304093567251462,0.8993866822429907,0.5313415451546613,0.766563812212909,0.20822591970305748,0.16773241468933445,398,catboost,0.4415156210900552,True,utility_gap;ece;nll,
wdbc,tabicl,icl,label_noise,0.0,1753064988,train_only,True,low,True,ok,,0.9824561403508771,0.9988317757009346,0.050314224237578156,0.07258808179372929,0.022165107541595237,0.4707500965015209,398,catboost,0.4415156210900552,False,,
wdbc,tabicl,icl,label_noise,0.05,1997386101,train_only,True,low,True,ok,,0.9766081871345029,0.9963492990654206,0.10947853592847433,0.15794414086779412,0.057992538647289794,0.4362317327532764,398,catboost,0.4415156210900552,False,,
wdbc,tabicl,icl,label_noise,0.1,2557375358,train_only,True,low,True,ok,,0.9766081871345029,0.9970794392523364,0.14908790316385545,0.21508837855102828,0.09040388373527365,0.4128617414961299,398,catboost,0.4415156210900552,False,,
wdbc,tabicl,icl,label_noise,0.2,4050278400,train_only,True,low,True,ok,,0.935672514619883,0.9893399532710281,0.2861949704896674,0.4128920646528064,0.1951825492526655,0.32371573159146727,398,catboost,0.4415156210900552,True,utility_gap;ece,
wdbc,tabicl,icl,label_noise,0.3,2179932803,train_only,True,low,True,ok,,0.9122807017543859,0.9745911214953271,0.41916240892526696,0.6047235286835544,0.23358342665508344,0.24981525385043934,398,catboost,0.4415156210900552,True,utility_gap;ece,
wdbc,tabicl,icl,label_noise,0.4,2088769758,train_only,True,low,True,ok,,0.8538011695906432,0.9499123831775702,0.5317270631497252,0.7671199971125612,0.25475237333248024,0.1794530357504817,398,catboost,0.4415156210900552,True,utility_gap;ece;nll,
wdbc,xgboost,gbdt,label_noise,0.0,1753064988,train_only,True,low,True,ok,,0.9473684210526315,0.9935747663551402,0.10552824785395562,0.15224507985260316,0.03255391051155713,0.4376721253241014,398,catboost,0.4415156210900552,False,,
wdbc,xgboost,gbdt,label_noise,0.05,1997386101,train_only,True,low,True,ok,,0.9590643274853801,0.9864193925233644,0.1306544549574798,0.18849453423720655,0.035946034015916985,0.42536886943163915,398,catboost,0.4415156210900552,False,,
wdbc,xgboost,gbdt,label_noise,0.1,2557375358,train_only,True,low,True,ok,,0.935672514619883,0.9842289719626168,0.17287842556499863,0.24941084723931534,0.03095034508798225,0.4038176941905073,398,catboost,0.4415156210900552,True,utility_gap,
wdbc,xgboost,gbdt,label_noise,0.2,4050278400,train_only,True,low,True,ok,,0.9298245614035088,0.9719626168224299,0.21565406746272922,0.3111230536760134,0.04022454950572038,0.3782787740944286,398,catboost,0.4415156210900552,True,utility_gap,
wdbc,xgboost,gbdt,label_noise,0.3,2179932803,train_only,True,low,True,ok,,0.7953216374269005,0.8814252336448598,0.44294731297833895,0.6390378918089412,0.07906726942417706,0.22027225596221822,398,catboost,0.4415156210900552,True,utility_gap,
wdbc,xgboost,gbdt,label_noise,0.4,2088769758,train_only,True,low,True,ok,,0.6842105263157895,0.7041471962616822,0.815885573922254,1.1770740714304817,0.16801635331468595,-0.03764239445312453,398,catboost,0.4415156210900552,True,utility_gap;ece;nll,
