dataset_id,model,family,shift_axis,shift_lambda,variant_seed,split_policy,clean_split_passed,leakage_risk_level,applicable,status,error_message,accuracy,auc,nll,nll_norm,ece,brier,ece_adaptive,ece_classwise,calib_slope,calib_intercept,utility,n_train,best_gbdt,reference_utility,failed,failure_reason,metric_notes,base_seed
GesturePhaseSegmentation,catboost_tuned,gbdt,covariate_shift,0.0,4240515663,test_only,True,low,True,ok,,0.638419986495611,0.8793346890629206,0.9154327360798663,0.5687903391659102,0.018679182396682464,0.4758367604208678,0.025713595434762586,0.017807396107866524,1.1524455502247248,-0.017066952428213187,0.2291572009172543,6911,xgboost_tuned,0.2296271493996671,False,,,1337
GesturePhaseSegmentation,catboost_tuned,gbdt,covariate_shift,0.05,1901017588,test_only,True,low,True,ok,,0.38419986495611075,0.7759120300497353,1.4379571377903215,0.8934530041084762,0.19412027116535255,0.7359958263428533,0.19402298386250924,0.10824462694716142,1.1062702816827747,-0.9506192353639231,0.022339234795210598,6911,xgboost_tuned,0.2296271493996671,True,utility_gap;ece;nll,,1337
GesturePhaseSegmentation,catboost_tuned,gbdt,covariate_shift,0.1,620159959,test_only,True,low,True,ok,,0.33929777177582715,0.7252731529126607,1.8368681526189945,1.141310353402158,0.27654080646521073,0.8473612729197175,0.27654080646521073,0.14358163989449285,1.2079069983246724,-1.4053028568126866,-0.09296099802788418,6911,xgboost_tuned,0.2296271493996671,True,utility_gap;ece;nll,,1337
GesturePhaseSegmentation,catboost_tuned,gbdt,covariate_shift,0.2,4186964530,test_only,True,low,True,ok,,0.3102633355840648,0.641603018083052,2.5751383515605584,1.6000234191488263,0.36202331253341963,0.9649078432351079,0.36202331253341963,0.1773296960398067,0.8894705320480092,-1.578902736233645,-0.28131113158465393,6911,xgboost_tuned,0.2296271493996671,True,utility_gap;ece;nll,,1337
GesturePhaseSegmentation,catboost_tuned,gbdt,covariate_shift,0.3,3312755356,test_only,True,low,True,ok,,0.30216070222822417,0.6058226878645105,2.933579567525485,1.8227354686138617,0.34479962063126995,0.9839705581223622,0.3447996206312699,0.19128488272577565,0.6699535586244051,-1.3631499893340853,-0.3584185186236002,6911,xgboost_tuned,0.2296271493996671,True,utility_gap;ece;nll,,1337
GesturePhaseSegmentation,catboost_tuned,gbdt,covariate_shift,0.4,2664869991,test_only,True,low,True,ok,,0.2970965563808238,0.5599259573475184,3.231245806400633,2.0076859016659574,0.3354522023462207,0.991718427008829,0.3354522023462208,0.19514455383702212,0.652921129395497,-1.34007835075456,-0.42885764244027635,6911,xgboost_tuned,0.2296271493996671,True,utility_gap;ece;nll,,1337
GesturePhaseSegmentation,gbdt_ensemble,gbdt,covariate_shift,0.0,4240515663,test_only,True,low,True,ok,,0.6536124240378123,0.8834729501373886,0.8994991791492413,0.5588902636131184,0.027313294829113533,0.46622747103465434,0.028888381131226454,0.02004304456748219,1.1191112463568498,0.06549725199990897,0.2341276581039996,6911,xgboost_tuned,0.2296271493996671,False,,,1337
GesturePhaseSegmentation,gbdt_ensemble,gbdt,covariate_shift,0.05,1901017588,test_only,True,low,True,ok,,0.37947332883187035,0.7729072479708432,1.461986887954761,0.908383527354382,0.21574062792348903,0.753046757085076,0.215740627923489,0.11149124540682558,1.037239096290437,-1.0208362757537839,0.01177535232356327,6911,xgboost_tuned,0.2296271493996671,True,utility_gap;ece;nll,,1337
GesturePhaseSegmentation,gbdt_ensemble,gbdt,covariate_shift,0.1,620159959,test_only,True,low,True,ok,,0.33929777177582715,0.7278323934475568,1.789071306303503,1.1116125030245663,0.28810168731496527,0.8477699373342559,0.28810168731496527,0.1393109313274191,1.111091619364355,-1.4055321274236876,-0.08546808489734398,6911,xgboost_tuned,0.2296271493996671,True,utility_gap;ece;nll,,1337
GesturePhaseSegmentation,gbdt_ensemble,gbdt,covariate_shift,0.2,4186964530,test_only,True,low,True,ok,,0.3214044564483457,0.6586689545584221,2.535044685043702,1.5751118234873203,0.3701246137486546,0.9761347165721087,0.3699719915496163,0.18015002251103773,0.6885347588604033,-1.4160609191603413,-0.2678136672332274,6911,xgboost_tuned,0.2296271493996671,True,utility_gap;ece;nll,,1337
GesturePhaseSegmentation,gbdt_ensemble,gbdt,covariate_shift,0.3,3312755356,test_only,True,low,True,ok,,0.30823767724510465,0.6107553128334124,2.887558232082344,1.7941408051679515,0.32244705052703865,0.9736833500509761,0.32244705052703876,0.18805222250699508,0.6178085118039318,-1.249928249440815,-0.3427316405773332,6911,xgboost_tuned,0.2296271493996671,True,utility_gap;ece;nll,,1337
GesturePhaseSegmentation,gbdt_ensemble,gbdt,covariate_shift,0.4,2664869991,test_only,True,low,True,ok,,0.2947332883187036,0.5903280127091387,2.9743318953980644,1.8480563135857226,0.3415209185786601,0.9911709014870257,0.3415209185786602,0.19424154470639426,0.6705980008754558,-1.375636301838263,-0.3718962800954448,6911,xgboost_tuned,0.2296271493996671,True,utility_gap;ece;nll,,1337
GesturePhaseSegmentation,lightgbm,gbdt,covariate_shift,0.0,4240515663,test_only,True,low,True,ok,,0.6596893990546928,0.8803053215418531,0.9302568471221495,0.5780010772302716,0.04408201483787998,0.4718339726512498,0.048177569214382876,0.0305743807112314,0.7964834948761972,-0.08880346036250923,0.22484354626119502,6911,xgboost_tuned,0.2296271493996671,False,,,1337
GesturePhaseSegmentation,lightgbm,gbdt,covariate_shift,0.05,1901017588,test_only,True,low,True,ok,,0.3828494260634706,0.7650263900602278,1.7054091802162987,1.0596303013870552,0.2691401813055086,0.8026297735884913,0.2691401813055086,0.13898972563102957,0.8942385574389105,-1.2242739687986388,-0.046530476246617936,6911,xgboost_tuned,0.2296271493996671,True,utility_gap;ece;nll,,1337
GesturePhaseSegmentation,lightgbm,gbdt,covariate_shift,0.1,620159959,test_only,True,low,True,ok,,0.3457123565158677,0.7053953429500213,2.306976989003143,1.4334053964927982,0.34306864629183725,0.9223283025135987,0.34306864629183736,0.16751024102690432,0.8024814392660607,-1.4575197712894201,-0.19989012469631934,6911,xgboost_tuned,0.2296271493996671,True,utility_gap;ece;nll,,1337
GesturePhaseSegmentation,lightgbm,gbdt,covariate_shift,0.2,4186964530,test_only,True,low,True,ok,,0.3200540175557056,0.6329698173723125,3.3414861300956566,2.0761820659748356,0.3494630701309852,0.9789794381898879,0.34865938600870133,0.19227654279591064,0.6383958117354241,-1.3842366202223693,-0.42319969510498245,6911,xgboost_tuned,0.2296271493996671,True,utility_gap;ece;nll,,1337
GesturePhaseSegmentation,lightgbm,gbdt,covariate_shift,0.3,3312755356,test_only,True,low,True,ok,,0.3048615800135044,0.5987667419675995,3.9424265347333454,2.4495673329646204,0.3708464887538374,1.0053298344356476,0.3708464887538374,0.19998262407790618,0.5490705033440377,-1.4031759331353186,-0.5537419009494681,6911,xgboost_tuned,0.2296271493996671,True,utility_gap;ece;nll,,1337
GesturePhaseSegmentation,lightgbm,gbdt,covariate_shift,0.4,2664869991,test_only,True,low,True,ok,,0.30823767724510465,0.589303887178108,4.248533018565977,2.6397619850650416,0.38674791035237543,1.0224975213822909,0.38674791035237543,0.2041305866050384,0.4831017093216895,-1.3715530238875924,-0.6167861654908839,6911,xgboost_tuned,0.2296271493996671,True,utility_gap;ece;nll,,1337
GesturePhaseSegmentation,lightgbm_tuned,gbdt,covariate_shift,0.0,4240515663,test_only,True,low,True,ok,,0.6394328156650911,0.8706297450338933,0.9486746165988681,0.5894446808228225,0.02417655792890264,0.49014015565178837,0.030695842867993175,0.01984859066069846,1.0034834908253578,0.057259095662864724,0.21896661727899902,6911,xgboost_tuned,0.2296271493996671,False,,,1337
GesturePhaseSegmentation,lightgbm_tuned,gbdt,covariate_shift,0.05,1901017588,test_only,True,low,True,ok,,0.39331532748143144,0.7761569867721669,1.4573495320789007,0.9055021761447247,0.1702200235568663,0.7311999121357328,0.16928533857792474,0.11419899878673594,1.214367573455423,-0.85157665126642,0.024957586937682456,6911,xgboost_tuned,0.2296271493996671,True,utility_gap;ece;nll,,1337
GesturePhaseSegmentation,lightgbm_tuned,gbdt,covariate_shift,0.1,620159959,test_only,True,low,True,ok,,0.3450371370695476,0.7171772052755776,1.8412066161930856,1.1440059923830552,0.2645645032475274,0.8442474612245413,0.26456450324752734,0.14292158267115884,1.1593185511855228,-1.3104545178029627,-0.09334710595753776,6911,xgboost_tuned,0.2296271493996671,True,utility_gap;ece;nll,,1337
GesturePhaseSegmentation,lightgbm_tuned,gbdt,covariate_shift,0.2,4186964530,test_only,True,low,True,ok,,0.31802835921674544,0.6476383640547538,2.6051597682570122,1.6186767741273043,0.3461647245045519,0.9570015790541421,0.3461647245045518,0.17665750458484114,0.8810588364933961,-1.492806476229437,-0.280458295837426,6911,xgboost_tuned,0.2296271493996671,True,utility_gap;ece;nll,,1337
GesturePhaseSegmentation,lightgbm_tuned,gbdt,covariate_shift,0.3,3312755356,test_only,True,low,True,ok,,0.30317353139770425,0.6276937810937941,2.9441206424589423,1.8292850067178292,0.3995240368319704,1.0109663111133331,0.39952403683197035,0.1885969127528848,0.6449388167676517,-1.4880396266385345,-0.36352145628925925,6911,xgboost_tuned,0.2296271493996671,True,utility_gap;ece;nll,,1337
GesturePhaseSegmentation,lightgbm_tuned,gbdt,covariate_shift,0.4,2664869991,test_only,True,low,True,ok,,0.3014854827819041,0.5966387277270546,3.2507497557270164,2.01980438674432,0.39552872344680445,1.0193829279607522,0.39543558177828647,0.19378287067580746,0.5686047154217099,-1.4084995059631216,-0.4310006835909021,6911,xgboost_tuned,0.2296271493996671,True,utility_gap;ece;nll,,1337
GesturePhaseSegmentation,xgboost_tuned,gbdt,covariate_shift,0.0,4240515663,test_only,True,low,True,ok,,0.662390276839973,0.8838056016255427,0.9136511851880927,0.5676833993591555,0.043791664437610664,0.46650348152125043,0.04623410232961517,0.02886809619176986,0.8449475297716569,-0.1244954004992529,0.2296271493996671,6911,xgboost_tuned,0.2296271493996671,False,,,1337
GesturePhaseSegmentation,xgboost_tuned,gbdt,covariate_shift,0.05,1901017588,test_only,True,low,True,ok,,0.38622552329507087,0.7655959120024449,1.718416243220368,1.0677120440275014,0.25909967947892704,0.8073763763163074,0.259099679478927,0.14183159426791142,0.8911880346944827,-1.1763361435228072,-0.04624115140891947,6911,xgboost_tuned,0.2296271493996671,True,utility_gap;ece;nll,,1337
GesturePhaseSegmentation,xgboost_tuned,gbdt,covariate_shift,0.1,620159959,test_only,True,low,True,ok,,0.3460499662390277,0.707702398955725,2.2424511001645713,1.3933132075738834,0.3490394347152398,0.9253102679976365,0.3490394347152398,0.1673950880326546,0.8172792755369955,-1.4951222366456929,-0.1881985146448551,6911,xgboost_tuned,0.2296271493996671,True,utility_gap;ece;nll,,1337
GesturePhaseSegmentation,xgboost_tuned,gbdt,covariate_shift,0.2,4186964530,test_only,True,low,True,ok,,0.3210668467251857,0.6426934598720926,2.9934006507233004,1.8599043974278613,0.37141057356109525,0.9826795904622322,0.3714105735610952,0.1874766763832974,0.6825025083926054,-1.4645862866117891,-0.35915069597656724,6911,xgboost_tuned,0.2296271493996671,True,utility_gap;ece;nll,,1337
GesturePhaseSegmentation,xgboost_tuned,gbdt,covariate_shift,0.3,3312755356,test_only,True,low,True,ok,,0.3035111411208643,0.6083824021741082,3.485335500046149,2.165560704839466,0.42167808998521356,1.0331104868347831,0.42167808998521367,0.19553303250878648,0.5199460228032887,-1.455216805764499,-0.47554331751981505,6911,xgboost_tuned,0.2296271493996671,True,utility_gap;ece;nll,,1337
GesturePhaseSegmentation,xgboost_tuned,gbdt,covariate_shift,0.4,2664869991,test_only,True,low,True,ok,,0.2950708980418636,0.56299790062252,3.8666365665759748,2.4024763780592857,0.4281624487322326,1.0502727550873272,0.4281624487322326,0.20124633780198967,0.49862991518586014,-1.465783749344367,-0.5650655032400708,6911,xgboost_tuned,0.2296271493996671,True,utility_gap;ece;nll,,1337
GesturePhaseSegmentation,catboost_tuned,gbdt,label_noise,0.0,2521136143,train_only,True,low,True,ok,,0.638419986495611,0.8793346890629206,0.9154327360798663,0.5687903391659102,0.018679182396682464,0.4758367604208678,0.025713595434762586,0.017807396107866524,1.1524455502247248,-0.017066952428213187,0.2291572009172543,6911,xgboost_tuned,0.2296271493996671,False,,,1337
GesturePhaseSegmentation,catboost_tuned,gbdt,label_noise,0.05,3831908433,train_only,True,low,True,ok,,0.6424713031735314,0.8740360378306082,0.9389567147643516,0.5834066089224166,0.04310635288041002,0.48278488293534066,0.04516676245369147,0.025837173255718486,1.1662781460678437,0.16476386624953543,0.21864005546393558,6911,xgboost_tuned,0.2296271493996671,False,,,1337
GesturePhaseSegmentation,catboost_tuned,gbdt,label_noise,0.1,3893974326,train_only,True,low,True,ok,,0.6299797434166104,0.8678342346427949,0.9740560826062244,0.6052150723435303,0.06275617437062377,0.5005488579467755,0.06356447101805726,0.032295519707496015,1.2741583662107183,0.24185172226953994,0.20412318706028587,6911,xgboost_tuned,0.2296271493996671,False,,,1337
GesturePhaseSegmentation,catboost_tuned,gbdt,label_noise,0.2,926603603,train_only,True,low,True,ok,,0.5735989196488859,0.8349105341869365,1.1303404157849717,0.7023199882718398,0.12144164479375516,0.5763818014495693,0.12144164479375517,0.05831747491640256,1.5387175660801795,0.6693505573249136,0.14327419947245768,6911,xgboost_tuned,0.2296271493996671,True,utility_gap;ece,,1337
GesturePhaseSegmentation,catboost_tuned,gbdt,label_noise,0.3,2767960514,train_only,True,low,True,ok,,0.5719108710330858,0.8247337799434664,1.181475247092564,0.7340918453360595,0.15795919513718534,0.5989826080642129,0.15795919513718534,0.07246338895738753,1.654095862371623,0.9466384987227026,0.12262406100692114,6911,xgboost_tuned,0.2296271493996671,True,utility_gap;ece,,1337
GesturePhaseSegmentation,catboost_tuned,gbdt,label_noise,0.4,1997955990,train_only,True,low,True,ok,,0.562457798784605,0.8154060830820855,1.2541419067776078,0.7792421795761318,0.19815625197709233,0.6351290919927294,0.1981562519770923,0.08845625524608838,1.9707802505062813,1.434540341213729,0.09635689462816265,6911,xgboost_tuned,0.2296271493996671,True,utility_gap;ece;nll,,1337
GesturePhaseSegmentation,gbdt_ensemble,gbdt,label_noise,0.0,2521136143,train_only,True,low,True,ok,,0.6536124240378123,0.8834729501373886,0.8994991791492413,0.5588902636131184,0.027313294829113533,0.46622747103465434,0.028888381131226454,0.02004304456748219,1.1191112463568498,0.06549725199990897,0.2341276581039996,6911,xgboost_tuned,0.2296271493996671,False,,,1337
GesturePhaseSegmentation,gbdt_ensemble,gbdt,label_noise,0.05,3831908433,train_only,True,low,True,ok,,0.6424713031735314,0.8768275015309497,0.9270555798449761,0.5760120180361012,0.04041510485486102,0.47800703466321914,0.046200656039292,0.02409901271701629,1.1634513853718784,0.1524229399086999,0.22237369463005952,6911,xgboost_tuned,0.2296271493996671,False,,,1337
GesturePhaseSegmentation,gbdt_ensemble,gbdt,label_noise,0.1,3893974326,train_only,True,low,True,ok,,0.6394328156650911,0.8710038020896219,0.9637263581076421,0.5987968536481848,0.06968830148738794,0.49406272991426753,0.06968830148738793,0.03253031531233916,1.2426771672103167,0.30168442688725267,0.20718953668919832,6911,xgboost_tuned,0.2296271493996671,False,,,1337
GesturePhaseSegmentation,gbdt_ensemble,gbdt,label_noise,0.2,926603603,train_only,True,low,True,ok,,0.6276164753544902,0.8575002282776596,1.0259496338924652,0.6374583486360326,0.11416595119954995,0.5221297367141091,0.11416595119954995,0.04899202989344559,1.4549003712420054,0.5533242103485477,0.18019685636963464,6911,xgboost_tuned,0.2296271493996671,True,utility_gap;ece,,1337
GesturePhaseSegmentation,gbdt_ensemble,gbdt,label_noise,0.3,2767960514,train_only,True,low,True,ok,,0.6019581363943282,0.8323114822365394,1.1044649142491079,0.6862426352183567,0.1274606766684393,0.5586049265734672,0.1274606766684393,0.054035610350249265,1.533739625941036,0.6700585490137771,0.15023781334274314,6911,xgboost_tuned,0.2296271493996671,True,utility_gap;ece,,1337
GesturePhaseSegmentation,gbdt_ensemble,gbdt,label_noise,0.4,1997955990,train_only,True,low,True,ok,,0.5638082376772451,0.8104073060508025,1.190853230189817,0.7399187138500923,0.13817517712722693,0.6016915143488775,0.13838447551371547,0.0630737573404197,1.637259959068123,0.8346633069954695,0.11860314318889452,6911,xgboost_tuned,0.2296271493996671,True,utility_gap;ece,,1337
GesturePhaseSegmentation,lightgbm,gbdt,label_noise,0.0,2521136143,train_only,True,low,True,ok,,0.6596893990546928,0.8803053215418531,0.9302568471221495,0.5780010772302716,0.04408201483787998,0.4718339726512498,0.048177569214382876,0.0305743807112314,0.7964834948761972,-0.08880346036250923,0.22484354626119502,6911,xgboost_tuned,0.2296271493996671,False,,,1337
GesturePhaseSegmentation,lightgbm,gbdt,label_noise,0.05,3831908433,train_only,True,low,True,ok,,0.6553004726536125,0.8728920357921675,0.937630200551342,0.5825823993006839,0.023842815210842274,0.47533620980439073,0.02858400350088321,0.02535901571236062,0.8677380948681702,0.0017274974361383168,0.22426400059292678,6911,xgboost_tuned,0.2296271493996671,False,,,1337
GesturePhaseSegmentation,lightgbm,gbdt,label_noise,0.1,3893974326,train_only,True,low,True,ok,,0.6397704253882511,0.8644727719954426,0.9674471025947751,0.6011086821806106,0.02021881952766236,0.4970157573750647,0.022791264099440774,0.018177163457788508,0.8993581775535449,0.06419577250727546,0.21415466544692693,6911,xgboost_tuned,0.2296271493996671,False,,,1337
GesturePhaseSegmentation,lightgbm,gbdt,label_noise,0.2,926603603,train_only,True,low,True,ok,,0.6141120864280891,0.842006281765723,1.0280896832455617,0.6387880360607932,0.0447448649803324,0.5213645122746556,0.049487168190723026,0.02403442272968713,1.1503588759335563,0.16991330654519154,0.18623362776791197,6911,xgboost_tuned,0.2296271493996671,True,utility_gap,,1337
GesturePhaseSegmentation,lightgbm,gbdt,label_noise,0.3,2767960514,train_only,True,low,True,ok,,0.5752869682646861,0.8132140715783599,1.1134560541959995,0.6918291445688749,0.052281153165165815,0.5645004328365227,0.05200057818513848,0.03188097862908048,1.158784215474838,0.23548644625321707,0.1529129962884332,6911,xgboost_tuned,0.2296271493996671,True,utility_gap,,1337
GesturePhaseSegmentation,lightgbm,gbdt,label_noise,0.4,1997955990,train_only,True,low,True,ok,,0.5246455097906819,0.7802723247640342,1.2196979166158475,0.7578409252030025,0.05433281033358479,0.6146966296508373,0.06293815880636944,0.04225921868616196,1.2400073962859335,0.2773816237382495,0.11357330050839654,6911,xgboost_tuned,0.2296271493996671,True,utility_gap;nll,,1337
GesturePhaseSegmentation,lightgbm_tuned,gbdt,label_noise,0.0,2521136143,train_only,True,low,True,ok,,0.6394328156650911,0.8706297450338933,0.9486746165988681,0.5894446808228225,0.02417655792890264,0.49014015565178837,0.030695842867993175,0.01984859066069846,1.0034834908253578,0.057259095662864724,0.21896661727899902,6911,xgboost_tuned,0.2296271493996671,False,,,1337
GesturePhaseSegmentation,lightgbm_tuned,gbdt,label_noise,0.05,3831908433,train_only,True,low,True,ok,,0.6293045239702904,0.8642740051595614,0.967250109819479,0.6009862836874633,0.03646701347577358,0.4964672590625794,0.034400404749906015,0.021944248994234673,1.1400559169964426,0.1314163881778478,0.2093022925999963,6911,xgboost_tuned,0.2296271493996671,False,,,1337
GesturePhaseSegmentation,lightgbm_tuned,gbdt,label_noise,0.1,3893974326,train_only,True,low,True,ok,,0.611748818365969,0.8582086796407907,1.0014454738857246,0.6222330579818062,0.05218849298788567,0.5159558780191463,0.049540691393630404,0.027721599378741014,1.1732445032547951,0.20477800511207203,0.19502774463705308,6911,xgboost_tuned,0.2296271493996671,True,utility_gap,,1337
GesturePhaseSegmentation,lightgbm_tuned,gbdt,label_noise,0.2,926603603,train_only,True,low,True,ok,,0.6060094530722485,0.8393610986336872,1.0633444693345604,0.6606930662683143,0.09977451302201173,0.5400570060362648,0.10090610378791316,0.04361580784974235,1.3759368032520523,0.48108685569215637,0.16651497999773116,6911,xgboost_tuned,0.2296271493996671,True,utility_gap,,1337
GesturePhaseSegmentation,lightgbm_tuned,gbdt,label_noise,0.3,2767960514,train_only,True,low,True,ok,,0.5479405806887239,0.7990657737584198,1.214146329392662,0.7543915301189825,0.13611164371495102,0.6147774338489099,0.13611164371495094,0.06036513075746532,1.5526504055567343,0.813630880364505,0.10832432014007055,6911,xgboost_tuned,0.2296271493996671,True,utility_gap;ece;nll,,1337
GesturePhaseSegmentation,lightgbm_tuned,gbdt,label_noise,0.4,1997955990,train_only,True,low,True,ok,,0.5307224848075625,0.7866462787405188,1.2778719302745243,0.7939864721726864,0.1651960405606959,0.6464951662265143,0.16476417187019785,0.07574046993897923,1.8956086607617726,1.2383524944061048,0.08369942051637086,6911,xgboost_tuned,0.2296271493996671,True,utility_gap;ece;nll,,1337
GesturePhaseSegmentation,xgboost_tuned,gbdt,label_noise,0.0,2521136143,train_only,True,low,True,ok,,0.662390276839973,0.8838056016255427,0.9136511851880927,0.5676833993591555,0.043791664437610664,0.46650348152125043,0.04623410232961517,0.02886809619176986,0.8449475297716569,-0.1244954004992529,0.2296271493996671,6911,xgboost_tuned,0.2296271493996671,False,,,1337
GesturePhaseSegmentation,xgboost_tuned,gbdt,label_noise,0.05,3831908433,train_only,True,low,True,ok,,0.6299797434166104,0.8576554443596025,0.9924520600683251,0.6166451357961047,0.057215273070355246,0.5091450257109712,0.05721527307035525,0.025183677733232858,1.1240545791254306,0.25162029462565694,0.19823977168544996,6911,xgboost_tuned,0.2296271493996671,True,utility_gap,,1337
GesturePhaseSegmentation,xgboost_tuned,gbdt,label_noise,0.1,3893974326,train_only,True,low,True,ok,,0.6107359891964889,0.8509307293712688,1.0243501557125956,0.6364645369658137,0.06423175196138663,0.5272878776597523,0.06423175196138668,0.030547065722423182,1.1484141797148448,0.28616838322299537,0.18565044217739593,6911,xgboost_tuned,0.2296271493996671,True,utility_gap,,1337
GesturePhaseSegmentation,xgboost_tuned,gbdt,label_noise,0.2,926603603,train_only,True,low,True,ok,,0.6006076975016881,0.8362567434882144,1.0840651065469193,0.6735675220346887,0.10796780675251705,0.551628868500812,0.10796780675251709,0.046539390320022626,1.3180109311417045,0.5217982625498528,0.15911719688521817,6911,xgboost_tuned,0.2296271493996671,True,utility_gap;ece,,1337
GesturePhaseSegmentation,xgboost_tuned,gbdt,label_noise,0.3,2767960514,train_only,True,low,True,ok,,0.5411883862255233,0.7955279125691923,1.2350648459412492,0.7673889352297831,0.1407968476869256,0.6261182565026762,0.14079684768692557,0.060366963747739234,1.4753143730032183,0.8171689885184731,0.10123697722672573,6911,xgboost_tuned,0.2296271493996671,True,utility_gap;ece;nll,,1337
GesturePhaseSegmentation,xgboost_tuned,gbdt,label_noise,0.4,1997955990,train_only,True,low,True,ok,,0.5216070222822418,0.783825574337355,1.2975767142994483,0.8062297428653239,0.16903515187598964,0.656662487139066,0.1690351518759896,0.07973797867985818,1.9652670278921345,1.3459175486855741,0.0769040511256154,6911,xgboost_tuned,0.2296271493996671,True,utility_gap;ece;nll,,1337
MiceProtein,catboost_tuned,gbdt,covariate_shift,0.0,2284535254,test_only,True,low,True,ok,,1.0,0.9999900438072481,0.0638781479274751,0.030718895745379986,0.05639245298776608,0.01623234675391936,0.05639245298776601,0.014098113246941511,,,0.47950235601136965,756,xgboost_tuned,0.48146163234725536,False,,,1337
MiceProtein,catboost_tuned,gbdt,covariate_shift,0.05,454400143,test_only,True,low,True,ok,,0.9783950617283951,0.9998357996169093,0.14528453576632389,0.06986709308931024,0.07774006647969836,0.060208084101701434,0.07556576960146699,0.0256465510976037,1.405950598076342,1.4015830686581685,0.4601936479024447,756,xgboost_tuned,0.48146163234725536,False,,,1337
MiceProtein,catboost_tuned,gbdt,covariate_shift,0.1,2765950227,test_only,True,low,True,ok,,0.9259259259259259,0.9986649052297313,0.3063485341226317,0.14732250365410807,0.11714453416471196,0.1430013940727315,0.11525951763478232,0.04692149375011825,1.568861433738247,0.9543375406059642,0.42079594779012,756,xgboost_tuned,0.48146163234725536,True,utility_gap;ece,,1337
MiceProtein,catboost_tuned,gbdt,covariate_shift,0.2,2162044341,test_only,True,low,True,ok,,0.6358024691358025,0.9778723057363994,0.9905935013829351,0.4763747773273317,0.11297584255193627,0.5133268487896792,0.13549208811596686,0.08942421890710761,0.6328266777006779,0.0642387952687551,0.2721180756695234,756,xgboost_tuned,0.48146163234725536,True,utility_gap;ece,,1337
MiceProtein,catboost_tuned,gbdt,covariate_shift,0.3,756318037,test_only,True,low,True,ok,,0.2839506172839506,0.891763905442776,1.892994795103393,0.9103380677747616,0.3608583845080351,0.9111764138018792,0.35400937350289685,0.11800346004646622,0.6137313445858937,-1.4358989795390096,0.009436862263528648,756,xgboost_tuned,0.48146163234725536,True,utility_gap;ece;nll,,1337
MiceProtein,catboost_tuned,gbdt,covariate_shift,0.4,2469400684,test_only,True,low,True,ok,,0.20679012345679013,0.849937986837358,2.0823788750092382,1.001412558742589,0.34045394999810286,0.9282006637107869,0.33489003792690675,0.11609635225178835,1.2559321550091602,-1.7444361987333452,-0.04001774371080351,756,xgboost_tuned,0.48146163234725536,True,utility_gap;ece;nll,,1337
MiceProtein,gbdt_ensemble,gbdt,covariate_shift,0.0,2284535254,test_only,True,low,True,ok,,0.9969135802469136,0.9999684976553909,0.0714027651681277,0.03433747173793902,0.061612354733643244,0.01847975003798559,0.058999046020711376,0.015336609246132955,4.005886871972054,2.2510239177183955,0.47690229874831347,756,xgboost_tuned,0.48146163234725536,False,,,1337
MiceProtein,gbdt_ensemble,gbdt,covariate_shift,0.05,454400143,test_only,True,low,True,ok,,0.9783950617283951,0.9998979874229509,0.12899397049903566,0.06203298718117867,0.07745332643930723,0.04855722005947729,0.07459360648253578,0.023992080001616897,2.3453579094794956,0.7298445197625208,0.46262299341507696,756,xgboost_tuned,0.48146163234725536,False,,,1337
MiceProtein,gbdt_ensemble,gbdt,covariate_shift,0.1,2765950227,test_only,True,low,True,ok,,0.9320987654320988,0.998544257792348,0.2999844736217116,0.14426203747924313,0.11785358217640522,0.13971534968189997,0.11785358217640521,0.04564263381267632,1.4434624752525893,1.0927509856111786,0.4224559773630826,756,xgboost_tuned,0.48146163234725536,True,utility_gap;ece,,1337
MiceProtein,gbdt_ensemble,gbdt,covariate_shift,0.2,2162044341,test_only,True,low,True,ok,,0.6111111111111112,0.9764015073449017,1.0651049569045166,0.5122072131174664,0.10819877545224718,0.5399756122719375,0.12340669705853848,0.09373532768701864,0.7199907172525665,-0.006344773450498956,0.2581052752116929,756,xgboost_tuned,0.48146163234725536,True,utility_gap;ece,,1337
MiceProtein,gbdt_ensemble,gbdt,covariate_shift,0.3,756318037,test_only,True,low,True,ok,,0.3611111111111111,0.9311331980331068,1.5441998027328068,0.7426031325147787,0.19824785738599143,0.7527054649000556,0.20097906088566564,0.10157241954189018,0.7973849375746404,-0.8408413646880555,0.1176327747466221,756,xgboost_tuned,0.48146163234725536,True,utility_gap;ece,,1337
MiceProtein,gbdt_ensemble,gbdt,covariate_shift,0.4,2469400684,test_only,True,low,True,ok,,0.1697530864197531,0.8343133587305681,2.143264554391316,1.0306923813111486,0.423640938909597,0.9972556782744607,0.41936451206273984,0.12512382587131055,1.6273397351417822,-2.7078887486500127,-0.07646326365660214,756,xgboost_tuned,0.48146163234725536,True,utility_gap;ece;nll,,1337
MiceProtein,lightgbm,gbdt,covariate_shift,0.0,2284535254,test_only,True,low,True,ok,,0.9969135802469136,1.0,0.010330834089611897,0.004968081036443244,0.005829693091740558,0.0037820219728295448,0.005527182981440753,0.0021894010147246634,4.825804542479533,-0.48272111972525944,0.4968806741077559,756,xgboost_tuned,0.48146163234725536,False,,,1337
MiceProtein,lightgbm,gbdt,covariate_shift,0.05,454400143,test_only,True,low,True,ok,,0.9660493827160493,0.9996265378209366,0.10980155648094672,0.052803387005650425,0.0199032972744173,0.05279524614178053,0.008255353766588846,0.01099415992124561,0.7331573116169271,0.28921305333351444,0.47495502008815654,756,xgboost_tuned,0.48146163234725536,False,,,1337
MiceProtein,lightgbm,gbdt,covariate_shift,0.1,2765950227,test_only,True,low,True,ok,,0.8611111111111112,0.995161716960316,0.4692696110734483,0.2256709802451855,0.08159214731116464,0.2188192457534266,0.07390216958020382,0.03564260179604614,0.6210080076069188,-0.5348734459951174,0.3934535440669886,756,xgboost_tuned,0.48146163234725536,True,utility_gap,,1337
MiceProtein,lightgbm,gbdt,covariate_shift,0.2,2162044341,test_only,True,low,True,ok,,0.5493827160493827,0.9172341147926399,2.3496524452834926,1.1299439768743738,0.3718147116164202,0.8031986860020437,0.3573041887544844,0.10771725436469268,0.15319950711147223,-0.41528278957544607,-0.009906787800764802,756,xgboost_tuned,0.48146163234725536,True,utility_gap;ece;nll,,1337
MiceProtein,lightgbm,gbdt,covariate_shift,0.3,756318037,test_only,True,low,True,ok,,0.27469135802469136,0.7607821518504075,5.073197522825345,2.4396923025434334,0.637089409087535,1.323360366844998,0.6327911894816004,0.17054146724693853,0.03740734154698799,-1.1634527294028623,-0.5518481157291907,756,xgboost_tuned,0.48146163234725536,True,utility_gap;ece;nll,,1337
MiceProtein,lightgbm,gbdt,covariate_shift,0.4,2469400684,test_only,True,low,True,ok,,0.17901234567901234,0.7031251541948615,6.698244378324683,3.221174649090466,0.7678851066054911,1.554573619908872,0.767885106605491,0.2004426623077038,0.09020773935402546,-2.080257221864124,-0.8469837602281847,756,xgboost_tuned,0.48146163234725536,True,utility_gap;ece;nll,,1337
MiceProtein,lightgbm_tuned,gbdt,covariate_shift,0.0,2284535254,test_only,True,low,True,ok,,0.9938271604938271,1.0,0.01336091063268918,0.006425239837180435,0.008890187796779005,0.006417158833684298,0.002698996311855405,0.002606690607723951,52.00946947664208,-56.12153351428407,0.4953684645635641,756,xgboost_tuned,0.48146163234725536,False,,,1337
MiceProtein,lightgbm_tuned,gbdt,covariate_shift,0.05,454400143,test_only,True,low,True,ok,,0.9629629629629629,0.9995784599705124,0.11044573947184134,0.05311317354111332,0.021056230218322564,0.056466406070471556,0.016174687427395917,0.011105768526122942,0.7298691928439577,-0.1186079957405277,0.4741517073281252,756,xgboost_tuned,0.48146163234725536,False,,,1337
MiceProtein,lightgbm_tuned,gbdt,covariate_shift,0.1,2765950227,test_only,True,low,True,ok,,0.8765432098765432,0.9958595729789509,0.45803929855911785,0.22027034152116623,0.07686788691325558,0.20164688359212157,0.07403258450866354,0.03085229844639881,0.5817524881223061,-0.5510221233244955,0.3985776521851133,756,xgboost_tuned,0.48146163234725536,True,utility_gap,,1337
MiceProtein,lightgbm_tuned,gbdt,covariate_shift,0.2,2162044341,test_only,True,low,True,ok,,0.5895061728395061,0.9396930763734985,2.023555405306748,0.9731244494000341,0.30687211881913384,0.6752301729550315,0.2957863040287232,0.09198157679846564,0.24221040893540163,-0.6261442993602949,0.0640067440728134,756,xgboost_tuned,0.48146163234725536,True,utility_gap;ece;nll,,1337
MiceProtein,lightgbm_tuned,gbdt,covariate_shift,0.3,756318037,test_only,True,low,True,ok,,0.28703703703703703,0.7906268149157337,5.299517280984751,2.5485291001273547,0.6334618988044339,1.2981714069307055,0.6311175198174743,0.16962052833194943,0.03729560595362816,-1.119506548933472,-0.5714761690230309,756,xgboost_tuned,0.48146163234725536,True,utility_gap;ece;nll,,1337
MiceProtein,lightgbm_tuned,gbdt,covariate_shift,0.4,2469400684,test_only,True,low,True,ok,,0.18209876543209877,0.7217908040864115,7.182879695189835,3.4542349718508016,0.7779867933405322,1.5560155300264327,0.7714307781395523,0.19939424056285832,0.04924829210686698,-1.8278167899482354,-0.9119262539782881,756,xgboost_tuned,0.48146163234725536,True,utility_gap;ece;nll,,1337
MiceProtein,xgboost_tuned,gbdt,covariate_shift,0.0,2284535254,test_only,True,low,True,ok,,0.9876543209876543,0.9999153442613087,0.06398368597157758,0.030769648816330573,0.03712995823725799,0.02496414074393194,0.037129958237257954,0.0129186451929701,3.455209595718965,0.5548702431330895,0.48146163234725536,756,xgboost_tuned,0.48146163234725536,False,,,1337
MiceProtein,xgboost_tuned,gbdt,covariate_shift,0.05,454400143,test_only,True,low,True,ok,,0.9444444444444444,0.9992455345480176,0.14210367246281583,0.06833742118473798,0.04966132422908835,0.07125512957130707,0.0254539888794805,0.018723969334599144,1.9338651293383675,-0.5172205560334524,0.4609691125572337,756,xgboost_tuned,0.48146163234725536,False,,,1337
MiceProtein,xgboost_tuned,gbdt,covariate_shift,0.1,2765950227,test_only,True,low,True,ok,,0.8487654320987654,0.9936608929581525,0.4135461740667904,0.19887367150158752,0.048005343455406586,0.20948436928032987,0.047027342139111646,0.03970756712714779,1.0435386369785469,-0.18221691743347168,0.4058329572086106,756,xgboost_tuned,0.48146163234725536,True,utility_gap,,1337
MiceProtein,xgboost_tuned,gbdt,covariate_shift,0.2,2162044341,test_only,True,low,True,ok,,0.5432098765432098,0.9448750412188908,1.4711363899566479,0.7074670580872494,0.2681945518024607,0.6899245540501252,0.25717634359178765,0.09385125534862311,0.3998491288614542,-0.6115138246527505,0.1463087181214263,756,xgboost_tuned,0.48146163234725536,True,utility_gap;ece,,1337
MiceProtein,xgboost_tuned,gbdt,covariate_shift,0.3,756318037,test_only,True,low,True,ok,,0.30246913580246915,0.8095369109068766,2.8470469490297616,1.3691401715144302,0.5245992118921713,1.1430791565265364,0.5151273081160066,0.14923065003787056,-0.011648846534655964,-0.8087326734703993,-0.18695360464498617,756,xgboost_tuned,0.48146163234725536,True,utility_gap;ece;nll,,1337
MiceProtein,xgboost_tuned,gbdt,covariate_shift,0.4,2469400684,test_only,True,low,True,ok,,0.18209876543209877,0.7258922800872092,3.5793132231453435,1.7212858122733596,0.6701768478936486,1.3835826085666076,0.665194201176505,0.18010878559324753,0.01936048210259012,-1.551427708936214,-0.36904400041539953,756,xgboost_tuned,0.48146163234725536,True,utility_gap;ece;nll,,1337
MiceProtein,catboost_tuned,gbdt,label_noise,0.0,1003208743,train_only,True,low,True,ok,,1.0,0.9999900438072481,0.0638781479274751,0.030718895745379986,0.05639245298776608,0.01623234675391936,0.05639245298776601,0.014098113246941511,,,0.47950235601136965,756,xgboost_tuned,0.48146163234725536,False,,,1337
MiceProtein,catboost_tuned,gbdt,label_noise,0.05,496619578,train_only,True,low,True,ok,,0.9814814814814815,0.9997195928365936,0.16719277037344096,0.08040272689675017,0.11764861780821827,0.05821866928025211,0.11326063863393544,0.03165542390503846,3.8492169437282775,1.5731216011809732,0.4494735380843612,756,xgboost_tuned,0.48146163234725536,True,utility_gap;ece,,1337
MiceProtein,catboost_tuned,gbdt,label_noise,0.1,2288427460,train_only,True,low,True,ok,,0.9660493827160493,0.9995392198632637,0.23822827621663983,0.11456358423242417,0.15197959063620342,0.08803376492033979,0.15073564406708803,0.04239675834569967,3.508885093432206,1.7516367527443428,0.42998114096258166,756,xgboost_tuned,0.48146163234725536,True,utility_gap;ece,,1337
MiceProtein,catboost_tuned,gbdt,label_noise,0.2,962686074,train_only,True,low,True,ok,,0.9475308641975309,0.9974783056726163,0.542261107559316,0.26077247024759403,0.32667864437244953,0.22832370131187718,0.32667864437244953,0.08339801804340752,2.860487509981854,3.0443045920845124,0.3476795666662772,756,xgboost_tuned,0.48146163234725536,True,utility_gap;ece,,1337
MiceProtein,catboost_tuned,gbdt,label_noise,0.3,2651871548,train_only,True,low,True,ok,,0.9444444444444444,0.9981026708203062,0.6590389625363415,0.3169307476679291,0.39100314194470953,0.2795115173318469,0.3886368871028452,0.10186526031333962,4.481767103602854,4.992160645723125,0.31772274876445317,756,xgboost_tuned,0.48146163234725536,True,utility_gap;ece,,1337
MiceProtein,catboost_tuned,gbdt,label_noise,0.4,59035605,train_only,True,low,True,ok,,0.8950617283950617,0.9907281468036664,0.9354397607553262,0.4498514346306892,0.4708680182326276,0.43178109707414514,0.4684970694802998,0.11650647513424833,3.5892896319196317,4.337410270984425,0.2518850766048102,756,xgboost_tuned,0.48146163234725536,True,utility_gap;ece,,1337
MiceProtein,gbdt_ensemble,gbdt,label_noise,0.0,1003208743,train_only,True,low,True,ok,,0.9969135802469136,0.9999684976553909,0.0714027651681277,0.03433747173793902,0.061612354733643244,0.01847975003798559,0.058999046020711376,0.015336609246132955,4.005886871972054,2.2510239177183955,0.47690229874831347,756,xgboost_tuned,0.48146163234725536,False,,,1337
MiceProtein,gbdt_ensemble,gbdt,label_noise,0.05,496619578,train_only,True,low,True,ok,,0.9783950617283951,0.9997478276484957,0.17256296346479,0.08298524387725198,0.12012610811045661,0.059195260504932706,0.1148381748511072,0.03196072520061508,4.217133485310205,1.3929547422134518,0.44775020415096584,756,xgboost_tuned,0.48146163234725536,True,utility_gap;ece,,1337
MiceProtein,gbdt_ensemble,gbdt,label_noise,0.1,2288427460,train_only,True,low,True,ok,,0.9814814814814815,0.9996920418567004,0.23851111883345283,0.11469960277930022,0.1683791448766938,0.08565606150397467,0.1683791448766938,0.04254470692983575,3.598746824068648,2.5319493488840106,0.42902872706293854,756,xgboost_tuned,0.48146163234725536,True,utility_gap;ece,,1337
MiceProtein,gbdt_ensemble,gbdt,label_noise,0.2,962686074,train_only,True,low,True,ok,,0.9537037037037037,0.9958668906439555,0.410319190068143,0.19732182023096198,0.23711336297019558,0.16905570822236798,0.2371133629701956,0.059391409176506704,1.9374223407139242,2.314105680008426,0.38498974861761226,756,xgboost_tuned,0.48146163234725536,True,utility_gap;ece,,1337
MiceProtein,gbdt_ensemble,gbdt,label_noise,0.3,2651871548,train_only,True,low,True,ok,,0.9197530864197531,0.9959143987113543,0.515044754738575,0.24768417116573824,0.26325033225613736,0.21717431727698874,0.2614888320314907,0.07215201421041528,2.920999349682789,2.3995842776587324,0.35957768471098794,756,xgboost_tuned,0.48146163234725536,True,utility_gap;ece,,1337
MiceProtein,gbdt_ensemble,gbdt,label_noise,0.4,59035605,train_only,True,low,True,ok,,0.8240740740740741,0.9863742281553846,0.7238944994027177,0.34811966813836653,0.2577223994892001,0.33739438402479865,0.2577223994892,0.07754049937172107,1.9087768284615307,1.5786217032376673,0.31286171062614565,756,xgboost_tuned,0.48146163234725536,True,utility_gap;ece,,1337
MiceProtein,lightgbm,gbdt,label_noise,0.0,1003208743,train_only,True,low,True,ok,,0.9969135802469136,1.0,0.010330834089611897,0.004968081036443244,0.005829693091740558,0.0037820219728295448,0.005527182981440753,0.0021894010147246634,4.825804542479533,-0.48272111972525944,0.4968806741077559,756,xgboost_tuned,0.48146163234725536,False,,,1337
MiceProtein,lightgbm,gbdt,label_noise,0.05,496619578,train_only,True,low,True,ok,,0.9629629629629629,0.9996716964859489,0.07496241854593778,0.0360493031630891,0.020952314209134078,0.043223662872101484,0.017010778405224525,0.008336199660656806,1.4199526335052042,-1.6053353127078136,0.47932428442377295,756,xgboost_tuned,0.48146163234725536,False,,,1337
MiceProtein,lightgbm,gbdt,label_noise,0.1,2288427460,train_only,True,low,True,ok,,0.9629629629629629,0.9985106120437409,0.13131123394528246,0.06314735534195651,0.03467000044324187,0.06498717801054846,0.024968050121621014,0.011868821009595593,0.6084243720941711,0.6912862954781852,0.4680449519685184,756,xgboost_tuned,0.48146163234725536,False,,,1337
MiceProtein,lightgbm,gbdt,label_noise,0.2,962686074,train_only,True,low,True,ok,,0.8950617283950617,0.9889529942418296,0.3713410535980631,0.1785772988348028,0.050724161873741916,0.1671412681125295,0.04752914365801195,0.0239449676847067,0.552517609015067,0.21947801961141003,0.4166747852187104,756,xgboost_tuned,0.48146163234725536,True,utility_gap,,1337
MiceProtein,lightgbm,gbdt,label_noise,0.3,2651871548,train_only,True,low,True,ok,,0.845679012345679,0.9848405850080968,0.5195048202149634,0.24982900928068008,0.06996461390959102,0.23414856352754612,0.06335351393445449,0.032098210553394846,0.673695603212621,-0.3049613887002103,0.3826044310385635,756,xgboost_tuned,0.48146163234725536,True,utility_gap,,1337
MiceProtein,lightgbm,gbdt,label_noise,0.4,59035605,train_only,True,low,True,ok,,0.6975308641975309,0.9494521719789277,0.9920024260032588,0.47705232684824084,0.16035141057080193,0.446961493978242,0.1557313983619098,0.05206897057870205,0.5605041526029355,-0.5990638924681642,0.2617519096536216,756,xgboost_tuned,0.48146163234725536,True,utility_gap;ece,,1337
MiceProtein,lightgbm_tuned,gbdt,label_noise,0.0,1003208743,train_only,True,low,True,ok,,0.9938271604938271,1.0,0.01336091063268918,0.006425239837180435,0.008890187796779005,0.006417158833684298,0.002698996311855405,0.002606690607723951,52.00946947664208,-56.12153351428407,0.4953684645635641,756,xgboost_tuned,0.48146163234725536,False,,,1337
MiceProtein,lightgbm_tuned,gbdt,label_noise,0.05,496619578,train_only,True,low,True,ok,,0.9660493827160493,0.9992662504219135,0.1240168295079276,0.05963948830595307,0.03727946285284715,0.05608283192980282,0.029899330485208774,0.016925728137062706,1.8303776359680788,-0.21233483752287743,0.46930285599272176,756,xgboost_tuned,0.48146163234725536,False,,,1337
MiceProtein,lightgbm_tuned,gbdt,label_noise,0.1,2288427460,train_only,True,low,True,ok,,0.9382716049382716,0.9984412336357282,0.2120456131410275,0.10197238484027334,0.07980788954798881,0.096856765057035,0.0740816368532756,0.02959196510813076,1.9574387967656024,0.44761227667696274,0.44364187915156583,756,xgboost_tuned,0.48146163234725536,True,utility_gap,,1337
MiceProtein,lightgbm_tuned,gbdt,label_noise,0.2,962686074,train_only,True,low,True,ok,,0.9135802469135802,0.9910962245389225,0.42364133591792547,0.2037284181481222,0.16099304087413205,0.18864347291863068,0.16099304087413188,0.04452482097609459,1.3993280548676235,1.3271287838912738,0.39060358200639683,756,xgboost_tuned,0.48146163234725536,True,utility_gap;ece,,1337
MiceProtein,lightgbm_tuned,gbdt,label_noise,0.3,2651871548,train_only,True,low,True,ok,,0.8580246913580247,0.987296179679131,0.5824163284945771,0.2800830496172947,0.1914012663793178,0.2594131522778188,0.18778180190425448,0.058433302246146235,2.2190344164091695,1.314916458513426,0.35195219843034753,756,xgboost_tuned,0.48146163234725536,True,utility_gap;ece,,1337
MiceProtein,lightgbm_tuned,gbdt,label_noise,0.4,59035605,train_only,True,low,True,ok,,0.7623456790123457,0.9667851008898065,0.8232190989362476,0.3958847038668018,0.18775863287319525,0.39098739291725826,0.1832213795522506,0.06324883372401127,1.3293375324484322,0.9849273246377854,0.29640949942860456,756,xgboost_tuned,0.48146163234725536,True,utility_gap;ece,,1337
MiceProtein,xgboost_tuned,gbdt,label_noise,0.0,1003208743,train_only,True,low,True,ok,,0.9876543209876543,0.9999153442613087,0.06398368597157758,0.030769648816330573,0.03712995823725799,0.02496414074393194,0.037129958237257954,0.0129186451929701,3.455209595718965,0.5548702431330895,0.48146163234725536,756,xgboost_tuned,0.48146163234725536,False,,,1337
MiceProtein,xgboost_tuned,gbdt,label_noise,0.05,496619578,train_only,True,low,True,ok,,0.9506172839506173,0.9989391276777083,0.17417742117544882,0.08376163392154945,0.06229850058923681,0.07577699894719436,0.05721712538695887,0.02561777855940362,1.7552338736211508,0.46769834797643006,0.4546330969854782,756,xgboost_tuned,0.48146163234725536,False,,,1337
MiceProtein,xgboost_tuned,gbdt,label_noise,0.1,2288427460,train_only,True,low,True,ok,,0.9475308641975309,0.9982999052363764,0.2942104678553873,0.14148532765086302,0.15682190581728245,0.12446367542223742,0.15682190581728245,0.043767263391711664,2.1463685449164096,1.5129473405415985,0.41772461700364594,756,xgboost_tuned,0.48146163234725536,True,utility_gap;ece,,1337
MiceProtein,xgboost_tuned,gbdt,label_noise,0.2,962686074,train_only,True,low,True,ok,,0.9074074074074074,0.9940701140028145,0.48584379886683693,0.23364147975728022,0.22804659258804708,0.21093461399284696,0.22804659258804708,0.06259950275981245,2.54969338528138,1.7961886090899646,0.36833388856730265,756,xgboost_tuned,0.48146163234725536,True,utility_gap;ece,,1337
MiceProtein,xgboost_tuned,gbdt,label_noise,0.3,2651871548,train_only,True,low,True,ok,,0.8981481481481481,0.9915523558148718,0.6211747226196325,0.29872189728297377,0.28974197845267213,0.2695332648196014,0.2886185100913831,0.0756957024847662,2.4838370134121197,2.3843716647132585,0.33420058188200075,756,xgboost_tuned,0.48146163234725536,True,utility_gap;ece,,1337
MiceProtein,xgboost_tuned,gbdt,label_noise,0.4,59035605,train_only,True,low,True,ok,,0.7870370370370371,0.9709730614534479,0.879546253221326,0.4229723392516252,0.27126826885196625,0.41042745003522424,0.27126826885196625,0.07965993108029226,1.3415636524824854,1.4822223957487033,0.27675077151838146,756,xgboost_tuned,0.48146163234725536,True,utility_gap;ece,,1337
PhishingWebsites,catboost_tuned,gbdt,covariate_shift,0.0,372640033,test_only,False,high,True,ok,,0.967741935483871,0.9954450865348847,0.0860979211166953,0.12421304382590548,0.008166601470817072,0.047814275216765095,0.008344948011897575,0.01339869297937423,0.7567342894258242,0.03154026440937804,0.45466983716785525,7738,catboost_tuned,0.45466983716785525,False,,,1337
PhishingWebsites,catboost_tuned,gbdt,covariate_shift,0.05,3027931439,test_only,False,high,True,ok,,0.968947844437745,0.995656497574666,0.08290116404388341,0.11960109825003304,0.006932095691856408,0.0465849046267418,0.006303323295903156,0.01126781109859365,0.777749574637501,0.08310595681255459,0.4565552022034136,7738,catboost_tuned,0.45466983716785525,False,,,1337
PhishingWebsites,catboost_tuned,gbdt,covariate_shift,0.1,912401266,test_only,False,high,True,ok,,0.9683448899608079,0.9955132242393439,0.08462894922545629,0.12209376536320968,0.010294081075952309,0.04708729044282201,0.006948830586182846,0.011430083847420416,0.7580419323389839,0.08503498201233436,0.4549944161537382,7738,catboost_tuned,0.45466983716785525,False,,,1337
PhishingWebsites,catboost_tuned,gbdt,covariate_shift,0.2,1545368639,test_only,False,high,True,ok,,0.9686463671992764,0.9954793395430722,0.08573897063823346,0.12369518775070386,0.009375353763902187,0.047997058899187636,0.007023487720176729,0.011678168951393236,0.7395774015351871,0.13221933067826022,0.45473109684197516,7738,catboost_tuned,0.45466983716785525,False,,,1337
PhishingWebsites,catboost_tuned,gbdt,covariate_shift,0.3,2577659211,test_only,False,high,True,ok,,0.9692493216762135,0.995418199765017,0.08551953937835859,0.12337861536026636,0.009966189882077977,0.04773559409596934,0.006551393076479302,0.011977915576024907,0.7331960633721607,0.1681094749382226,0.4547769455846924,7738,catboost_tuned,0.45466983716785525,False,,,1337
PhishingWebsites,catboost_tuned,gbdt,covariate_shift,0.4,1900166772,test_only,False,high,True,ok,,0.9686463671992764,0.9953751072708454,0.08574817372011204,0.12370846499129097,0.00973899225997486,0.04770921079968711,0.0069416661407687074,0.010382394960561678,0.7477270477580017,0.11555214836116189,0.454617904675305,7738,catboost_tuned,0.45466983716785525,False,,,1337
PhishingWebsites,gbdt_ensemble,gbdt,covariate_shift,0.0,372640033,test_only,False,high,True,ok,,0.9650286403376545,0.9950786161784692,0.0875441012997064,0.12629944080416747,0.008264061644395462,0.051075871809451306,0.004400838952562218,0.015002428051918162,1.0283363071995202,0.1071513613251171,0.453489167142983,7738,catboost_tuned,0.45466983716785525,False,,,1337
PhishingWebsites,gbdt_ensemble,gbdt,covariate_shift,0.05,3027931439,test_only,False,high,True,ok,,0.964727163099186,0.9951066078840848,0.08738728662633446,0.12607320505255518,0.0076136604795840595,0.05105766409812458,0.004438386061395076,0.014673096460049651,1.036492299667523,0.09663132040195728,0.4536516936126242,7738,catboost_tuned,0.45466983716785525,False,,,1337
PhishingWebsites,gbdt_ensemble,gbdt,covariate_shift,0.1,912401266,test_only,False,high,True,ok,,0.964124208622249,0.9950222644553219,0.08775200136631228,0.1265993771992603,0.00788501523510269,0.05114136222678341,0.004288269502318117,0.012607436887316059,1.0524431631679871,0.044478209265046004,0.4533196076459014,7738,catboost_tuned,0.45466983716785525,False,,,1337
PhishingWebsites,gbdt_ensemble,gbdt,covariate_shift,0.2,1545368639,test_only,False,high,True,ok,,0.964124208622249,0.9950443631702817,0.0879526463159498,0.12688884667308173,0.010473677093788535,0.051379660261862706,0.0038689899553770177,0.013399365037192797,1.0463668142405396,0.051719103205751155,0.4527227689822537,7738,catboost_tuned,0.45466983716785525,False,,,1337
PhishingWebsites,gbdt_ensemble,gbdt,covariate_shift,0.3,2577659211,test_only,False,high,True,ok,,0.963521254145312,0.9950638837018293,0.08778998659267452,0.12665417829696013,0.008636874361332423,0.05144226155263184,0.003128233399841347,0.01464809878419963,1.07125993125839,-0.007321817715489884,0.4530769190560825,7738,catboost_tuned,0.45466983716785525,False,,,1337
PhishingWebsites,gbdt_ensemble,gbdt,covariate_shift,0.4,1900166772,test_only,False,high,True,ok,,0.964124208622249,0.9950834042333773,0.08744369839773618,0.1261545900354042,0.009505379328330484,0.05098081912621944,0.003692639579113346,0.01461077844682939,1.0502202749453342,0.04839874206670634,0.453150369898732,7738,catboost_tuned,0.45466983716785525,False,,,1337
PhishingWebsites,lightgbm,gbdt,covariate_shift,0.0,372640033,test_only,False,high,True,ok,,0.9662345492915285,0.9953806319495855,0.08593084633172937,0.12397200586217753,0.007437363076730963,0.050617793878013975,0.00535506804202732,0.011688015520288825,0.8239723285304553,0.24069598577372767,0.45463932920208466,7738,catboost_tuned,0.45466983716785525,False,,,1337
PhishingWebsites,lightgbm,gbdt,covariate_shift,0.05,3027931439,test_only,False,high,True,ok,,0.9662345492915285,0.9953806319495855,0.08593084633172937,0.12397200586217753,0.007437363076730963,0.050617793878013975,0.00535506804202732,0.011688015520288825,0.8239723285304553,0.24069598577372767,0.45463932920208466,7738,catboost_tuned,0.45466983716785525,False,,,1337
PhishingWebsites,lightgbm,gbdt,covariate_shift,0.1,912401266,test_only,False,high,True,ok,,0.9662345492915285,0.9953806319495855,0.08593084633172937,0.12397200586217753,0.007437363076730963,0.050617793878013975,0.00535506804202732,0.011688015520288825,0.8239723285304553,0.24069598577372767,0.45463932920208466,7738,catboost_tuned,0.45466983716785525,False,,,1337
PhishingWebsites,lightgbm,gbdt,covariate_shift,0.2,1545368639,test_only,False,high,True,ok,,0.9662345492915285,0.9953806319495855,0.08593084633172937,0.12397200586217753,0.007437363076730963,0.050617793878013975,0.00535506804202732,0.011688015520288825,0.8239723285304553,0.24069598577372767,0.45463932920208466,7738,catboost_tuned,0.45466983716785525,False,,,1337
PhishingWebsites,lightgbm,gbdt,covariate_shift,0.3,2577659211,test_only,False,high,True,ok,,0.9662345492915285,0.9953806319495855,0.08593084633172937,0.12397200586217753,0.007437363076730963,0.050617793878013975,0.00535506804202732,0.011688015520288825,0.8239723285304553,0.24069598577372767,0.45463932920208466,7738,catboost_tuned,0.45466983716785525,False,,,1337
PhishingWebsites,lightgbm,gbdt,covariate_shift,0.4,1900166772,test_only,False,high,True,ok,,0.9662345492915285,0.9953806319495855,0.08593084633172937,0.12397200586217753,0.007437363076730963,0.050617793878013975,0.00535506804202732,0.011688015520288825,0.8239723285304553,0.24069598577372767,0.45463932920208466,7738,catboost_tuned,0.45466983716785525,False,,,1337
PhishingWebsites,lightgbm_tuned,gbdt,covariate_shift,0.0,372640033,test_only,False,high,True,ok,,0.9683448899608079,0.9959640380245223,0.0825252181737592,0.11905872300756216,0.009112141286265907,0.04756766831183822,0.007847400687660853,0.011698199978160686,0.7274886382634883,0.20352499038005842,0.4562991016431821,7738,catboost_tuned,0.45466983716785525,False,,,1337
PhishingWebsites,lightgbm_tuned,gbdt,covariate_shift,0.05,3027931439,test_only,False,high,True,ok,,0.9614109134760326,0.9942230275976118,0.09821176544648971,0.14168962696660076,0.008722719216146639,0.059091538651088356,0.01026496652845748,0.012861732266382517,1.0370569905699232,0.22987638739578597,0.4479382647473595,7738,catboost_tuned,0.45466983716785525,False,,,1337
PhishingWebsites,lightgbm_tuned,gbdt,covariate_shift,0.1,912401266,test_only,False,high,True,ok,,0.9683448899608079,0.9959640380245223,0.0825252181737592,0.11905872300756216,0.009112141286265907,0.04756766831183822,0.007847400687660853,0.011698199978160686,0.7274886382634883,0.20352499038005842,0.4562991016431821,7738,catboost_tuned,0.45466983716785525,False,,,1337
PhishingWebsites,lightgbm_tuned,gbdt,covariate_shift,0.2,1545368639,test_only,False,high,True,ok,,0.9614109134760326,0.9942230275976118,0.09821176544648971,0.14168962696660076,0.008722719216146639,0.059091538651088356,0.01026496652845748,0.012861732266382517,1.0370569905699232,0.22987638739578597,0.4479382647473595,7738,catboost_tuned,0.45466983716785525,False,,,1337
PhishingWebsites,lightgbm_tuned,gbdt,covariate_shift,0.3,2577659211,test_only,False,high,True,ok,,0.9683448899608079,0.9959640380245223,0.0825252181737592,0.11905872300756216,0.009112141286265907,0.04756766831183822,0.007847400687660853,0.011698199978160686,0.7274886382634883,0.20352499038005842,0.4562991016431821,7738,catboost_tuned,0.45466983716785525,False,,,1337
PhishingWebsites,lightgbm_tuned,gbdt,covariate_shift,0.4,1900166772,test_only,False,high,True,ok,,0.9683448899608079,0.9959640380245223,0.0825252181737592,0.11905872300756216,0.009112141286265907,0.04756766831183822,0.007847400687660853,0.011698199978160686,0.7274886382634883,0.20352499038005842,0.4562991016431821,7738,catboost_tuned,0.45466983716785525,False,,,1337
PhishingWebsites,xgboost_tuned,gbdt,covariate_shift,0.0,372640033,test_only,False,high,True,ok,,0.96593307205306,0.9951489637544242,0.08842967927664214,0.12757705975981315,0.007533532054136875,0.051722712527187596,0.005024420422073815,0.010949230209751816,0.817104677995936,0.2616864524850477,0.4534122737832361,7738,catboost_tuned,0.45466983716785525,False,,,1337
PhishingWebsites,xgboost_tuned,gbdt,covariate_shift,0.05,3027931439,test_only,False,high,True,ok,,0.96593307205306,0.9953327514005061,0.08694851358744932,0.1254401893652798,0.007872264270352893,0.05027392732617542,0.005184538669829894,0.011690185759361017,0.7797833296400071,0.1196652854498468,0.45404991413448165,7738,catboost_tuned,0.45466983716785525,False,,,1337
PhishingWebsites,xgboost_tuned,gbdt,covariate_shift,0.1,912401266,test_only,False,high,True,ok,,0.96593307205306,0.9953327514005061,0.08694851358744932,0.1254401893652798,0.007872264270352893,0.05027392732617542,0.005184538669829894,0.011690185759361017,0.7797833296400071,0.1196652854498468,0.45404991413448165,7738,catboost_tuned,0.45466983716785525,False,,,1337
PhishingWebsites,xgboost_tuned,gbdt,covariate_shift,0.2,1545368639,test_only,False,high,True,ok,,0.96593307205306,0.9953327514005061,0.08694851358744932,0.1254401893652798,0.007872264270352893,0.05027392732617542,0.005184538669829894,0.011690185759361017,0.7797833296400071,0.1196652854498468,0.45404991413448165,7738,catboost_tuned,0.45466983716785525,False,,,1337
PhishingWebsites,xgboost_tuned,gbdt,covariate_shift,0.3,2577659211,test_only,False,high,True,ok,,0.96593307205306,0.9951489637544242,0.08842967927664214,0.12757705975981315,0.007533532054136875,0.051722712527187596,0.005024420422073815,0.010949230209751816,0.817104677995936,0.2616864524850477,0.4534122737832361,7738,catboost_tuned,0.45466983716785525,False,,,1337
PhishingWebsites,xgboost_tuned,gbdt,covariate_shift,0.4,1900166772,test_only,False,high,True,ok,,0.96593307205306,0.9951489637544242,0.08842967927664214,0.12757705975981315,0.007533532054136875,0.051722712527187596,0.005024420422073815,0.010949230209751816,0.817104677995936,0.2616864524850477,0.4534122737832361,7738,catboost_tuned,0.45466983716785525,False,,,1337
PhishingWebsites,catboost_tuned,gbdt,label_noise,0.0,2113392184,train_only,False,high,True,ok,,0.967741935483871,0.9954450865348847,0.0860979211166953,0.12421304382590548,0.008166601470817072,0.047814275216765095,0.008344948011897575,0.01339869297937423,0.7567342894258242,0.03154026440937804,0.45466983716785525,7738,catboost_tuned,0.45466983716785525,False,,,1337
PhishingWebsites,catboost_tuned,gbdt,label_noise,0.05,3518911114,train_only,False,high,True,ok,,0.9586976183298161,0.9927107388705347,0.1430400151327105,0.20636312048064373,0.057579889568309006,0.07128963122786691,0.056186222012370335,0.05792992408510837,1.8730368289612072,0.024606820390662722,0.4178284872963046,7738,catboost_tuned,0.45466983716785525,True,utility_gap,,1337
PhishingWebsites,catboost_tuned,gbdt,label_noise,0.1,3168603617,train_only,False,high,True,ok,,0.9457340970756708,0.9885090365328589,0.21779409635931335,0.31421046275247444,0.10679080283436646,0.1041466489526874,0.10545608599737424,0.1071277081917767,2.49312282786043,-0.26471795243149965,0.3722169779552356,7738,catboost_tuned,0.45466983716785525,True,utility_gap;ece,,1337
PhishingWebsites,catboost_tuned,gbdt,label_noise,0.2,1617683971,train_only,False,high,True,ok,,0.9424178474525173,0.9867116743828013,0.32124932393450534,0.46346480652924305,0.19371608440700544,0.16410499709313156,0.19339745277505166,0.19387860622470748,4.0196066118158225,-0.446636827093827,0.308929104311684,7738,catboost_tuned,0.45466983716785525,True,utility_gap;ece,,1337
PhishingWebsites,catboost_tuned,gbdt,label_noise,0.3,3462731365,train_only,False,high,True,ok,,0.9225203497135966,0.9777119727154533,0.4340054305041381,0.6261374823071997,0.25582751602968856,0.2530671418140117,0.25582751602968856,0.2540513725850678,5.932518649339719,-0.6612215167298838,0.24157049500935052,7738,catboost_tuned,0.45466983716785525,True,utility_gap;ece,,1337
PhishingWebsites,catboost_tuned,gbdt,label_noise,0.4,3141543665,train_only,False,high,True,ok,,0.9083509195055773,0.967366090995142,0.5592367918655499,0.8068081463070822,0.3279877490317718,0.36813296291386827,0.32798774903177175,0.310570969099549,11.499672419215626,-0.3223091077048374,0.1671907760756573,7738,catboost_tuned,0.45466983716785525,True,utility_gap;ece;nll,,1337
PhishingWebsites,gbdt_ensemble,gbdt,label_noise,0.0,2113392184,train_only,False,high,True,ok,,0.9650286403376545,0.9950786161784692,0.0875441012997064,0.12629944080416747,0.008264061644395462,0.051075871809451306,0.004400838952562218,0.015002428051918162,1.0283363071995202,0.1071513613251171,0.453489167142983,7738,catboost_tuned,0.45466983716785525,False,,,1337
PhishingWebsites,gbdt_ensemble,gbdt,label_noise,0.05,3518911114,train_only,False,high,True,ok,,0.9608079589990955,0.9930661598694703,0.13941687337152736,0.2011360318293471,0.05584959644934881,0.06951196854373312,0.0558495964493488,0.056257084048633624,1.8155186756628388,0.1165326297620759,0.42018362096550504,7738,catboost_tuned,0.45466983716785525,True,utility_gap,,1337
PhishingWebsites,gbdt_ensemble,gbdt,label_noise,0.1,3168603617,train_only,False,high,True,ok,,0.9523665963219777,0.990673605663164,0.19367613959016,0.27941560612524247,0.09538882608893365,0.09314645434204949,0.09538882608893366,0.09603555570820344,2.400896222764461,-0.07088886922967717,0.38668830437504453,7738,catboost_tuned,0.45466983716785525,True,utility_gap,,1337
PhishingWebsites,gbdt_ensemble,gbdt,label_noise,0.2,1617683971,train_only,False,high,True,ok,,0.9378956888754899,0.9832650114729162,0.30455446704642974,0.4393792192884654,0.17220275016137057,0.15787134646989584,0.17220275016137046,0.17535804144767275,3.505019004878835,-0.15513913620514735,0.3185727915280304,7738,catboost_tuned,0.45466983716785525,True,utility_gap;ece,,1337
PhishingWebsites,gbdt_ensemble,gbdt,label_noise,0.3,3462731365,train_only,False,high,True,ok,,0.8902622851974676,0.9511250087474079,0.42093544912401226,0.6072814849855811,0.20145413280429908,0.24931019438219953,0.2009902123900893,0.20044116923272642,3.262917111167131,0.07845049721238657,0.24395782378467878,7738,catboost_tuned,0.45466983716785525,True,utility_gap;ece,,1337
PhishingWebsites,gbdt_ensemble,gbdt,label_noise,0.4,3141543665,train_only,False,high,True,ok,,0.7910762737413325,0.8502583708090707,0.5623229947653562,0.8112605959258099,0.17488290496367762,0.3749387950346104,0.17488290496367767,0.1742871739632681,1.8704574686103281,0.5424695751301515,0.13789711107389613,7738,catboost_tuned,0.45466983716785525,True,utility_gap;ece;nll,,1337
PhishingWebsites,lightgbm,gbdt,label_noise,0.0,2113392184,train_only,False,high,True,ok,,0.9662345492915285,0.9953806319495855,0.08593084633172937,0.12397200586217753,0.007437363076730963,0.050617793878013975,0.00535506804202732,0.011688015520288825,0.8239723285304553,0.24069598577372767,0.45463932920208466,7738,catboost_tuned,0.45466983716785525,False,,,1337
PhishingWebsites,lightgbm,gbdt,label_noise,0.05,3518911114,train_only,False,high,True,ok,,0.9577931866144106,0.9921450117675658,0.13978273409652353,0.20166385728295513,0.04883966743517879,0.07193242780402041,0.04883966743517877,0.047473833073479466,1.7251782712168608,0.06369230919911548,0.42065264143888725,7738,catboost_tuned,0.45466983716785525,True,utility_gap,,1337
PhishingWebsites,lightgbm,gbdt,label_noise,0.1,3168603617,train_only,False,high,True,ok,,0.9496533011757612,0.9887186060130604,0.195159989581381,0.28155634914900013,0.08898542898933005,0.09723973454076182,0.08898542898933,0.08830173852537279,2.1343886791082975,0.06877592453139181,0.38623551673836926,7738,catboost_tuned,0.45466983716785525,True,utility_gap,,1337
PhishingWebsites,lightgbm,gbdt,label_noise,0.2,1617683971,train_only,False,high,True,ok,,0.931263189629183,0.9771178855949526,0.3073292278875051,0.44338235299353773,0.159897041915101,0.16382487427536563,0.159897041915101,0.15890759591669965,2.7529488964496265,0.14630488715690348,0.3166866241215293,7738,catboost_tuned,0.45466983716785525,True,utility_gap;ece,,1337
PhishingWebsites,lightgbm,gbdt,label_noise,0.3,3462731365,train_only,False,high,True,ok,,0.8766958094663853,0.9389405139424477,0.423598132324456,0.6111229248343196,0.1776754294280292,0.2550125029976324,0.17767542942802916,0.17428757145088042,2.6628281159962612,0.2038803832208846,0.24126158796391273,7738,catboost_tuned,0.45466983716785525,True,utility_gap;ece,,1337
PhishingWebsites,lightgbm,gbdt,label_noise,0.4,3141543665,train_only,False,high,True,ok,,0.7699728670485378,0.8272097794179935,0.5641077903578984,0.8138355116761711,0.14219454883000854,0.37797065521300227,0.14219454883000854,0.14493611550724403,1.4301298905149409,0.5221146401430626,0.13242978958472534,7738,catboost_tuned,0.45466983716785525,True,utility_gap;ece;nll,,1337
PhishingWebsites,lightgbm_tuned,gbdt,label_noise,0.0,2113392184,train_only,False,high,True,ok,,0.9683448899608079,0.9959640380245223,0.0825252181737592,0.11905872300756216,0.009112141286265907,0.04756766831183822,0.007847400687660853,0.011698199978160686,0.7274886382634883,0.20352499038005842,0.4562991016431821,7738,catboost_tuned,0.45466983716785525,False,,,1337
PhishingWebsites,lightgbm_tuned,gbdt,label_noise,0.05,3518911114,train_only,False,high,True,ok,,0.9556828459451311,0.9918625165279973,0.14949515692021415,0.21567592152571036,0.05515650302138983,0.07508912116394637,0.05515650302138969,0.05478832481988683,1.8937024832624412,-0.11627299398535172,0.41477023061457763,7738,catboost_tuned,0.45466983716785525,True,utility_gap,,1337
PhishingWebsites,lightgbm_tuned,gbdt,label_noise,0.1,3168603617,train_only,False,high,True,ok,,0.9535725052758517,0.9900957242669672,0.2001786747189179,0.2887967813087078,0.100973752515126,0.09519149876546207,0.10097375251512597,0.10097548977967034,2.268781481329915,0.04685784589501311,0.3827355943891787,7738,catboost_tuned,0.45466983716785525,True,utility_gap;ece,,1337
PhishingWebsites,lightgbm_tuned,gbdt,label_noise,0.2,1617683971,train_only,False,high,True,ok,,0.9369912571600845,0.9838119546681694,0.32653284029409396,0.47108730937967724,0.18902458072238684,0.1694422395173773,0.18902458072238693,0.18863662001251275,3.6368097881379664,-0.26838206940249854,0.3057517637494914,7738,catboost_tuned,0.45466983716785525,True,utility_gap;ece,,1337
PhishingWebsites,lightgbm_tuned,gbdt,label_noise,0.3,3462731365,train_only,False,high,True,ok,,0.9231233041905336,0.9766121933342908,0.42305911150031694,0.6103452821643983,0.24908383958405744,0.24454895439810675,0.2485211436054842,0.2512867817696228,5.441994655390378,-0.4432192263951332,0.2473624107294508,7738,catboost_tuned,0.45466983716785525,True,utility_gap;ece,,1337
PhishingWebsites,lightgbm_tuned,gbdt,label_noise,0.4,3141543665,train_only,False,high,True,ok,,0.8785046728971962,0.9482271305923561,0.5527028978482492,0.7973817298106285,0.29005165403580924,0.36261367823393476,0.29602697701214453,0.28255150597927314,8.716603898782793,-0.19664610082176032,0.16643034689155362,7738,catboost_tuned,0.45466983716785525,True,utility_gap;ece;nll,,1337
PhishingWebsites,xgboost_tuned,gbdt,label_noise,0.0,2113392184,train_only,False,high,True,ok,,0.96593307205306,0.9951489637544242,0.08842967927664214,0.12757705975981315,0.007533532054136875,0.051722712527187596,0.005024420422073815,0.010949230209751816,0.817104677995936,0.2616864524850477,0.4534122737832361,7738,catboost_tuned,0.45466983716785525,False,,,1337
PhishingWebsites,xgboost_tuned,gbdt,label_noise,0.05,3518911114,train_only,False,high,True,ok,,0.9589990955682846,0.9919881108913516,0.14753424201111634,0.21284691931074973,0.05804514038635847,0.0742242519443053,0.05804514038635847,0.058826295438672446,1.723224938545738,0.1913146105999703,0.41558259927671914,7738,catboost_tuned,0.45466983716785525,True,utility_gap,,1337
PhishingWebsites,xgboost_tuned,gbdt,label_noise,0.1,3168603617,train_only,False,high,True,ok,,0.9424178474525173,0.9884504749382157,0.2117529950052704,0.30549499578748907,0.09664606202086588,0.10358604046170015,0.09640465320980991,0.09693087303156306,2.625407731776044,-0.424796700943577,0.3763426322058332,7738,catboost_tuned,0.45466983716785525,True,utility_gap,,1337
PhishingWebsites,xgboost_tuned,gbdt,label_noise,0.2,1617683971,train_only,False,high,True,ok,,0.9384986433524269,0.9843452703225307,0.3246450922153809,0.4683638645880703,0.18901698954881793,0.16775996952265157,0.1890169895488179,0.18630928775134403,3.608832408863604,-0.2754748109854118,0.3069830838295651,7738,catboost_tuned,0.45466983716785525,True,utility_gap;ece,,1337
PhishingWebsites,xgboost_tuned,gbdt,label_noise,0.3,3462731365,train_only,False,high,True,ok,,0.9234247814290021,0.9761705873470125,0.4235736880076185,0.6110876591396402,0.24898917940522103,0.24494359883236116,0.2491301774146437,0.24896526728678597,5.353758757748566,-0.4071396556273633,0.2470492891628684,7738,catboost_tuned,0.45466983716785525,True,utility_gap;ece,,1337
PhishingWebsites,xgboost_tuned,gbdt,label_noise,0.4,3141543665,train_only,False,high,True,ok,,0.8809164908049443,0.949270558250371,0.5523135221869587,0.7968199794750418,0.2923106059575908,0.3621917510191697,0.2977469538283814,0.2849879185920755,8.805113634436896,-0.2128416207152499,0.1668740539743408,7738,catboost_tuned,0.45466983716785525,True,utility_gap;ece;nll,,1337
analcatdata_authorship,catboost_tuned,gbdt,covariate_shift,0.0,2226396684,test_only,True,low,True,ok,,0.9881422924901185,0.999818263494613,0.03804278867619368,0.027442071282365716,0.012098847280116357,0.018429550773008844,0.010896498777372228,0.009552001154886197,1.1721911102334048,0.29509170134115925,0.4875053452558993,588,catboost_tuned,0.4875053452558993,False,,,1337
analcatdata_authorship,catboost_tuned,gbdt,covariate_shift,0.05,4113604261,test_only,True,low,True,ok,,0.9841897233201581,0.9994911753988455,0.056406360963302024,0.04068858861817432,0.010995741239698651,0.028148761618679057,0.010251654167118767,0.012589497596508237,1.0073598570372666,0.259921979051912,0.48304464505422756,588,catboost_tuned,0.4875053452558993,False,,,1337
analcatdata_authorship,catboost_tuned,gbdt,covariate_shift,0.1,3280088341,test_only,True,low,True,ok,,0.9525691699604744,0.9982662826140786,0.1312760977884065,0.09469568763329433,0.027066917920463868,0.07048986444247601,0.017976414637320005,0.03153271378308495,0.9892988470199203,0.10900471725192754,0.45845648453491755,588,catboost_tuned,0.4875053452558993,False,,,1337
analcatdata_authorship,catboost_tuned,gbdt,covariate_shift,0.2,3764994793,test_only,True,low,True,ok,,0.7075098814229249,0.9892115676412465,0.7919972081293465,0.5713052222830562,0.18603016569234498,0.4531154787568157,0.1785363422488116,0.13929500906360498,0.5188849227050055,-0.721050594632284,0.2437529310644891,588,catboost_tuned,0.4875053452558993,True,utility_gap;ece,,1337
analcatdata_authorship,catboost_tuned,gbdt,covariate_shift,0.3,4168466808,test_only,True,low,True,ok,,0.45849802371541504,0.9400585509978598,1.7799580091059994,1.283968296363909,0.44963059725051363,0.8932175365147726,0.44989731913611675,0.24818054533210165,0.6438345789534724,-2.8248213094944745,-0.07732141195271222,588,catboost_tuned,0.4875053452558993,True,utility_gap;ece;nll,,1337
analcatdata_authorship,catboost_tuned,gbdt,covariate_shift,0.4,962240281,test_only,True,low,True,ok,,0.37549407114624506,0.8879984804689534,2.625142273963241,1.8936398701373722,0.5946760598531918,1.1601524082544266,0.5948082838926345,0.29733802992659597,2.1474467432246303,-10.616191182966856,-0.31990359417577957,588,catboost_tuned,0.4875053452558993,True,utility_gap;ece;nll,,1337
analcatdata_authorship,gbdt_ensemble,gbdt,covariate_shift,0.0,2226396684,test_only,True,low,True,ok,,0.9920948616600791,0.9999148325159677,0.03517869811083598,0.02537606665471651,0.014754627058436243,0.016881436445325988,0.01155552176649739,0.01125689871064045,1.1213938827244565,0.8675659982127994,0.4882206752214983,588,catboost_tuned,0.4875053452558993,False,,,1337
analcatdata_authorship,gbdt_ensemble,gbdt,covariate_shift,0.05,4113604261,test_only,True,low,True,ok,,0.9841897233201581,0.9997133153764564,0.05639461412268525,0.04068011506382235,0.015804402674642025,0.030317949594930997,0.0071092087289937106,0.013517631026305505,0.9683500185199472,0.4708064489419335,0.48216320382570826,588,catboost_tuned,0.4875053452558993,False,,,1337
analcatdata_authorship,gbdt_ensemble,gbdt,covariate_shift,0.1,3280088341,test_only,True,low,True,ok,,0.9486166007905138,0.9985795837411798,0.1440882354764298,0.10393769138614324,0.030403354583443593,0.07875765000948705,0.010846814537407462,0.03294294343824346,1.011423567074491,0.12957808655304212,0.4545333660954583,588,catboost_tuned,0.4875053452558993,True,utility_gap,,1337
analcatdata_authorship,gbdt_ensemble,gbdt,covariate_shift,0.2,3764994793,test_only,True,low,True,ok,,0.6956521739130435,0.9880006781114965,0.7230712851564999,0.5215856786522459,0.16819436923018138,0.4341934128514523,0.17618744726404925,0.13819150565964766,0.6544702801071038,-0.9067560817594588,0.26003348598427023,588,catboost_tuned,0.4875053452558993,True,utility_gap;ece,,1337
analcatdata_authorship,gbdt_ensemble,gbdt,covariate_shift,0.3,4168466808,test_only,True,low,True,ok,,0.466403162055336,0.9199923513400828,1.7536043208621406,1.2649581286946345,0.4454563028843598,0.8841224320030561,0.43470234401277497,0.24511618891787304,0.6118105755990166,-2.3944107743107104,-0.07662090190793293,588,catboost_tuned,0.4875053452558993,True,utility_gap;ece;nll,,1337
analcatdata_authorship,gbdt_ensemble,gbdt,covariate_shift,0.4,962240281,test_only,True,low,True,ok,,0.37549407114624506,0.8495634462502232,2.400156071717103,1.7313466310128998,0.5798292802744913,1.13121216426613,0.5802131008762672,0.28991464013724566,1.7331417627346504,-7.323677329244211,-0.2816985284992533,588,catboost_tuned,0.4875053452558993,True,utility_gap;ece;nll,,1337
analcatdata_authorship,lightgbm,gbdt,covariate_shift,0.0,2226396684,test_only,True,low,True,ok,,0.9841897233201581,0.9998819938073622,0.027254183555778022,0.019659737729699246,0.012234102666259648,0.017642688015369907,0.009924534252431966,0.006319189316191564,1.5091159943435333,-2.801820581417355,0.4892424144784388,588,catboost_tuned,0.4875053452558993,False,,,1337
analcatdata_authorship,lightgbm,gbdt,covariate_shift,0.05,4113604261,test_only,True,low,True,ok,,0.9920948616600791,0.9998810489727411,0.03462395528988702,0.0249759042963406,0.011905105847544492,0.016537633927655414,0.0011974178973689733,0.006501056518172162,0.4998291357899875,0.8771261294647014,0.48889880393106017,588,catboost_tuned,0.4875053452558993,False,,,1337
analcatdata_authorship,lightgbm,gbdt,covariate_shift,0.1,3280088341,test_only,True,low,True,ok,,0.9802371541501976,0.9996510023156387,0.07889383803055955,0.05690987444169268,0.0193300557842796,0.03620133340481584,0.013861708905989166,0.013153963716563136,0.5111755338687931,0.5123406467021444,0.47597445044363945,588,catboost_tuned,0.4875053452558993,False,,,1337
analcatdata_authorship,lightgbm,gbdt,covariate_shift,0.2,3764994793,test_only,True,low,True,ok,,0.7075098814229249,0.9807559665100732,1.2480613931725093,0.900285991327475,0.23728947126241426,0.47848224474912254,0.232427902517958,0.13319889847439076,0.3358562737267108,-1.2571032405195488,0.13184737884123898,588,catboost_tuned,0.4875053452558993,True,utility_gap;ece;nll,,1337
analcatdata_authorship,lightgbm,gbdt,covariate_shift,0.3,4168466808,test_only,True,low,True,ok,,0.5177865612648221,0.9227197369639745,3.371399966985178,2.431951006611366,0.4478745703188286,0.9130155153423566,0.441013463804329,0.24212339538515656,0.1946948781960254,-1.437864186987397,-0.41854032392006113,588,catboost_tuned,0.4875053452558993,True,utility_gap;ece;nll,,1337
analcatdata_authorship,lightgbm,gbdt,covariate_shift,0.4,962240281,test_only,True,low,True,ok,,0.37549407114624506,0.8809196498991367,5.3129472533613935,3.832481327464561,0.6164725061625704,1.2247801341837,0.6164725061625704,0.3090388393758396,0.7142396717998902,-7.01909774115874,-0.9083929113352477,588,catboost_tuned,0.4875053452558993,True,utility_gap;ece;nll,,1337
analcatdata_authorship,lightgbm_tuned,gbdt,covariate_shift,0.0,2226396684,test_only,True,low,True,ok,,0.9841897233201581,0.9998653382444042,0.030693752945330256,0.022140862580249488,0.013070262910642304,0.019951403005699146,0.010673227198724437,0.0068257851911026814,1.4261648152065833,-2.7732133527355556,0.48832501552736185,588,catboost_tuned,0.4875053452558993,False,,,1337
analcatdata_authorship,lightgbm_tuned,gbdt,covariate_shift,0.05,4113604261,test_only,True,low,True,ok,,0.9881422924901185,0.9998810489727411,0.035892551690437556,0.025891003164322524,0.01185399368274766,0.018547093139078586,0.007341406867028705,0.006277216748687762,0.7634932550455588,-0.6954094757075405,0.48804161132813084,588,catboost_tuned,0.4875053452558993,False,,,1337
analcatdata_authorship,lightgbm_tuned,gbdt,covariate_shift,0.1,3280088341,test_only,True,low,True,ok,,0.9802371541501976,0.9996411376396146,0.0771878539286855,0.05567926703988814,0.01738896819732578,0.036249310691206724,0.014617918863311064,0.013084923852329317,0.5119421075468319,0.5567951281571626,0.4767283975449631,588,catboost_tuned,0.4875053452558993,False,,,1337
analcatdata_authorship,lightgbm_tuned,gbdt,covariate_shift,0.2,3764994793,test_only,True,low,True,ok,,0.7154150197628458,0.9869402573302548,1.1997829903613555,0.8654604851686293,0.22843050010754617,0.4800998190435691,0.22734955620424732,0.13565905177914117,0.2854976712234013,-0.914316355559027,0.14741709745791798,588,catboost_tuned,0.4875053452558993,True,utility_gap;ece;nll,,1337
analcatdata_authorship,lightgbm_tuned,gbdt,covariate_shift,0.3,4168466808,test_only,True,low,True,ok,,0.525691699604743,0.9459019766358261,3.153075157074205,2.2744629463305728,0.44352403363689263,0.8975763966740745,0.43198224943929675,0.23825308651617516,0.20309517583716755,-1.444819834754588,-0.36112424386329983,588,catboost_tuned,0.4875053452558993,True,utility_gap;ece;nll,,1337
analcatdata_authorship,lightgbm_tuned,gbdt,covariate_shift,0.4,962240281,test_only,True,low,True,ok,,0.37549407114624506,0.881727878564093,5.40044293093265,3.8955961175301965,0.6169987610618598,1.2268216815717685,0.6169987610618599,0.30934955740013786,0.810322642039711,-8.164715639190636,-0.9271497193020617,588,catboost_tuned,0.4875053452558993,True,utility_gap;ece;nll,,1337
analcatdata_authorship,xgboost_tuned,gbdt,covariate_shift,0.0,2226396684,test_only,True,low,True,ok,,0.9881422924901185,0.9998653382444042,0.039027270021946565,0.02815222446004841,0.017576384412295667,0.02170564336439421,0.004470935246908524,0.011203068817058386,1.1099528663298153,0.09746701209671038,0.48621326803858556,588,catboost_tuned,0.4875053452558993,False,,,1337
analcatdata_authorship,xgboost_tuned,gbdt,covariate_shift,0.05,4113604261,test_only,True,low,True,ok,,0.9762845849802372,0.9997801707603718,0.05269864088578249,0.03801403393375338,0.0179798887271135,0.032230086655981406,0.019190645251115863,0.011905215585952329,2.0938782074142694,-3.367015015883169,0.481365559587617,588,catboost_tuned,0.4875053452558993,False,,,1337
analcatdata_authorship,xgboost_tuned,gbdt,covariate_shift,0.1,3280088341,test_only,True,low,True,ok,,0.9762845849802372,0.9998477378468251,0.060146995015528386,0.043386885716638006,0.019337739856125604,0.035012250319312974,0.01119683167418626,0.01607847328477884,1.7353035084909048,-1.5841747351338182,0.4795057823072078,588,catboost_tuned,0.4875053452558993,False,,,1337
analcatdata_authorship,xgboost_tuned,gbdt,covariate_shift,0.2,3764994793,test_only,True,low,True,ok,,0.849802371541502,0.9940833936024296,0.3288531417466349,0.23721739838931274,0.06029027453463279,0.19314300884941882,0.058137726632810575,0.06866704788585296,0.8349877793850607,-0.5201774337833593,0.39217626906835523,588,catboost_tuned,0.4875053452558993,True,utility_gap,,1337
analcatdata_authorship,xgboost_tuned,gbdt,covariate_shift,0.3,4168466808,test_only,True,low,True,ok,,0.5454545454545454,0.9545367974379759,1.4609079537461265,1.05382233003239,0.36409524206829186,0.7396151210366528,0.36417258683121906,0.20731656570341483,0.5396351633645119,-1.788172562250056,0.026940313498098015,588,catboost_tuned,0.4875053452558993,True,utility_gap;ece;nll,,1337
analcatdata_authorship,xgboost_tuned,gbdt,covariate_shift,0.4,962240281,test_only,True,low,True,ok,,0.38735177865612647,0.8713506900024862,2.695507397305884,1.9443975773863578,0.5801579677273879,1.1360272303007937,0.5767376616579935,0.2945842318352261,0.9913090000989705,-4.9458992519629925,-0.3362753584620957,588,catboost_tuned,0.4875053452558993,True,utility_gap;ece;nll,,1337
analcatdata_authorship,catboost_tuned,gbdt,label_noise,0.0,97304121,train_only,True,low,True,ok,,0.9881422924901185,0.999818263494613,0.03804278867619368,0.027442071282365716,0.012098847280116357,0.018429550773008844,0.010896498777372228,0.009552001154886197,1.1721911102334048,0.29509170134115925,0.4875053452558993,588,catboost_tuned,0.4875053452558993,False,,,1337
analcatdata_authorship,catboost_tuned,gbdt,label_noise,0.05,1166349070,train_only,True,low,True,ok,,0.9881422924901185,0.9998986493703202,0.11316981118033695,0.08163476268410624,0.08333107630739753,0.03199261404425081,0.08333107630739753,0.04547077861944738,2.9468363829019086,0.6094382143002964,0.45702922708641847,588,catboost_tuned,0.4875053452558993,True,utility_gap,,1337
analcatdata_authorship,catboost_tuned,gbdt,label_noise,0.1,3921011543,train_only,True,low,True,ok,,0.9960474308300395,1.0,0.14679354858385055,0.10588916228820715,0.12836621704477447,0.03947780985558076,0.12384654402639719,0.06433119895207202,2.3207519599329185,2.654334206639356,0.44196712252908893,588,catboost_tuned,0.4875053452558993,True,utility_gap;ece,,1337
analcatdata_authorship,catboost_tuned,gbdt,label_noise,0.2,1204676468,train_only,True,low,True,ok,,0.9802371541501976,0.9998836503445209,0.27400159024137805,0.19765036771846295,0.2083713492021006,0.09209215928965493,0.20535662609145425,0.1102480516131854,5.304494608368117,1.658866793877109,0.3960254705871529,588,catboost_tuned,0.4875053452558993,True,utility_gap;ece,,1337
analcatdata_authorship,catboost_tuned,gbdt,label_noise,0.3,4167782596,train_only,True,low,True,ok,,0.9723320158102767,0.9934910656576978,0.5024213023193487,0.3624203606465495,0.3476289643398122,0.21503027439634537,0.3476289643398123,0.18023761522943046,4.2889206333324275,3.378005272935885,0.31531977428980845,588,catboost_tuned,0.4875053452558993,True,utility_gap;ece,,1337
analcatdata_authorship,catboost_tuned,gbdt,label_noise,0.4,1537006754,train_only,True,low,True,ok,,0.9802371541501976,0.9993700440685473,0.6587328496530571,0.47517530773256034,0.4591023273750807,0.3150657722964846,0.4540319720911718,0.22799851800549065,13.788373044767138,8.495566615996976,0.26244203075173694,588,catboost_tuned,0.4875053452558993,True,utility_gap;ece,,1337
analcatdata_authorship,gbdt_ensemble,gbdt,label_noise,0.0,97304121,train_only,True,low,True,ok,,0.9920948616600791,0.9999148325159677,0.03517869811083598,0.02537606665471651,0.014754627058436243,0.016881436445325988,0.01155552176649739,0.01125689871064045,1.1213938827244565,0.8675659982127994,0.4882206752214983,588,catboost_tuned,0.4875053452558993,False,,,1337
analcatdata_authorship,gbdt_ensemble,gbdt,label_noise,0.05,1166349070,train_only,True,low,True,ok,,0.9881422924901185,0.9998815213900516,0.0648365374729954,0.04676967554035096,0.04836594356430793,0.022638855337576667,0.03902605896920546,0.02629628119020233,2.343781924642036,0.15028993113646993,0.4744757849850689,588,catboost_tuned,0.4875053452558993,False,,,1337
analcatdata_authorship,gbdt_ensemble,gbdt,label_noise,0.1,3921011543,train_only,True,low,True,ok,,0.9802371541501976,0.9997620979454822,0.09427637138879237,0.06800602673780845,0.0635660158768048,0.029855487493794797,0.054955878674862894,0.036852339482902605,3.807179735669691,-0.7837080449551211,0.46383729620674485,588,catboost_tuned,0.4875053452558993,False,,,1337
analcatdata_authorship,gbdt_ensemble,gbdt,label_noise,0.2,1204676468,train_only,True,low,True,ok,,0.9841897233201581,0.9996490552111769,0.17554871749408196,0.12663163208156483,0.12880512158871085,0.0574806747367882,0.12589934366496186,0.06756455873460554,2.661003538682838,1.3461252416556764,0.43375511387972393,588,catboost_tuned,0.4875053452558993,True,utility_gap;ece,,1337
analcatdata_authorship,gbdt_ensemble,gbdt,label_noise,0.3,4167782596,train_only,True,low,True,ok,,0.9486166007905138,0.9874965453590009,0.29626325625660377,0.21370876529950922,0.17697299960817736,0.11727313713499635,0.16288201705795222,0.0947210378423034,3.510264533376321,0.7322928606577493,0.38840905148273913,588,catboost_tuned,0.4875053452558993,True,utility_gap;ece,,1337
analcatdata_authorship,gbdt_ensemble,gbdt,label_noise,0.4,1537006754,train_only,True,low,True,ok,,0.9407114624505929,0.9933264719561359,0.4565226467371751,0.3293114792506133,0.2736617292354745,0.20585275145841223,0.2736617292354745,0.13736373035865118,3.45858560536576,1.8291045081667854,0.3352451949299575,588,catboost_tuned,0.4875053452558993,True,utility_gap;ece,,1337
analcatdata_authorship,lightgbm,gbdt,label_noise,0.0,97304121,train_only,True,low,True,ok,,0.9841897233201581,0.9998819938073622,0.027254183555778022,0.019659737729699246,0.012234102666259648,0.017642688015369907,0.009924534252431966,0.006319189316191564,1.5091159943435333,-2.801820581417355,0.4892424144784388,588,catboost_tuned,0.4875053452558993,False,,,1337
analcatdata_authorship,lightgbm,gbdt,label_noise,0.05,1166349070,train_only,True,low,True,ok,,0.9762845849802372,0.9997238856018744,0.0529393236742625,0.03818764986643711,0.01893309751441388,0.032935483969021274,0.01575425054854538,0.010526049343334346,1.2740054799133458,-2.2918673324889447,0.4811031332448777,588,catboost_tuned,0.4875053452558993,False,,,1337
analcatdata_authorship,lightgbm,gbdt,label_noise,0.1,3921011543,train_only,True,low,True,ok,,0.9960474308300395,0.9998472654295145,0.02905511407017729,0.02095883449075396,0.018064228754867042,0.014929327980787091,0.012780005391178682,0.00896795952713739,0.62256565468863,2.2613258287141464,0.48945316142663636,588,catboost_tuned,0.4875053452558993,False,,,1337
analcatdata_authorship,lightgbm,gbdt,label_noise,0.2,1204676468,train_only,True,low,True,ok,,0.9683794466403162,0.9995817274764445,0.08180152415840684,0.059007326620246145,0.021956703470011593,0.04731419417612088,0.008890172225492293,0.021065165543578877,1.1801876835348413,-0.3070656700676725,0.47301698293272676,588,catboost_tuned,0.4875053452558993,False,,,1337
analcatdata_authorship,lightgbm,gbdt,label_noise,0.3,4167782596,train_only,True,low,True,ok,,0.9130434782608695,0.9695567652001882,0.2687974953270382,0.19389640675584618,0.028825467126843737,0.12876582726837005,0.03666889158717311,0.033921582817766416,0.9209114933275669,-0.18004139223617122,0.4123673741070737,588,catboost_tuned,0.4875053452558993,True,utility_gap,,1337
analcatdata_authorship,lightgbm,gbdt,label_noise,0.4,1537006754,train_only,True,low,True,ok,,0.8063241106719368,0.9641080606932274,0.4696491370187583,0.338780240467372,0.047446135903446505,0.25623660562594325,0.06186288568700055,0.05995983736093958,0.9839901556944437,-0.2004648015716395,0.34726313852251917,588,catboost_tuned,0.4875053452558993,True,utility_gap,,1337
analcatdata_authorship,lightgbm_tuned,gbdt,label_noise,0.0,97304121,train_only,True,low,True,ok,,0.9841897233201581,0.9998653382444042,0.030693752945330256,0.022140862580249488,0.013070262910642304,0.019951403005699146,0.010673227198724437,0.0068257851911026814,1.4261648152065833,-2.7732133527355556,0.48832501552736185,588,catboost_tuned,0.4875053452558993,False,,,1337
analcatdata_authorship,lightgbm_tuned,gbdt,label_noise,0.05,1166349070,train_only,True,low,True,ok,,0.9683794466403162,0.9993734132303618,0.0683414998330831,0.04929797144805146,0.019114210821870238,0.03616547798732913,0.016024710376417683,0.01841192087854005,1.9339166562893666,-1.0984354342202376,0.47642537802788454,588,catboost_tuned,0.4875053452558993,False,,,1337
analcatdata_authorship,lightgbm_tuned,gbdt,label_noise,0.1,3921011543,train_only,True,low,True,ok,,0.9802371541501976,0.9998148991382195,0.08903229555035498,0.06422322563472883,0.056361239427300466,0.032712879618665563,0.051265380579880136,0.03388071535273808,2.661102710856496,0.4526786735263132,0.4664315722450277,588,catboost_tuned,0.4875053452558993,False,,,1337
analcatdata_authorship,lightgbm_tuned,gbdt,label_noise,0.2,1204676468,train_only,True,low,True,ok,,0.9723320158102767,0.9996530115942475,0.21381013003622873,0.1542314071475458,0.1465278609793118,0.07842373208650341,0.14249522299431872,0.08168028061576971,4.429266054908251,0.9445559300740777,0.42015336208940196,588,catboost_tuned,0.4875053452558993,True,utility_gap;ece,,1337
analcatdata_authorship,lightgbm_tuned,gbdt,label_noise,0.3,4167782596,train_only,True,low,True,ok,,0.924901185770751,0.9713612359735173,0.3942777776355336,0.2844112972637529,0.17838722174761398,0.17603210073129677,0.17838722174761396,0.08830331726716445,2.0175342475948153,1.1062664967035678,0.35771077692769504,588,catboost_tuned,0.4875053452558993,True,utility_gap;ece,,1337
analcatdata_authorship,lightgbm_tuned,gbdt,label_noise,0.4,1537006754,train_only,True,low,True,ok,,0.83399209486166,0.9617331958746871,0.6358494836977073,0.4586684484412451,0.22925592252345614,0.32302770489177185,0.23550155862707411,0.13157476601026813,2.0691169406185304,1.1920915718033092,0.2782537137483247,588,catboost_tuned,0.4875053452558993,True,utility_gap;ece,,1337
analcatdata_authorship,xgboost_tuned,gbdt,label_noise,0.0,97304121,train_only,True,low,True,ok,,0.9881422924901185,0.9998653382444042,0.039027270021946565,0.02815222446004841,0.017576384412295667,0.02170564336439421,0.004470935246908524,0.011203068817058386,1.1099528663298153,0.09746701209671038,0.48621326803858556,588,catboost_tuned,0.4875053452558993,False,,,1337
analcatdata_authorship,xgboost_tuned,gbdt,label_noise,0.05,1166349070,train_only,True,low,True,ok,,0.9683794466403162,0.9987660663502471,0.10117885785795969,0.07298511823724388,0.0358807701916771,0.042466246202917814,0.028010035906668975,0.0252911966676114,2.0684317021763405,-0.596026640169291,0.46575335070912527,588,catboost_tuned,0.4875053452558993,False,,,1337
analcatdata_authorship,xgboost_tuned,gbdt,label_noise,0.1,3921011543,train_only,True,low,True,ok,,0.9723320158102767,0.9994951365208432,0.12183691058479668,0.08788675334895911,0.07572869265256874,0.04357349289246877,0.06559290786906548,0.04421416822549887,2.495930333125761,0.2006256528889419,0.4541613356186351,588,catboost_tuned,0.4875053452558993,True,utility_gap,,1337
analcatdata_authorship,xgboost_tuned,gbdt,label_noise,0.2,1204676468,train_only,True,low,True,ok,,0.9723320158102767,0.9993566954267631,0.25724389191090696,0.185562243579421,0.1864946743917726,0.09609070078793823,0.17714590267468167,0.09605645834512994,5.753079601799731,1.8527904063830951,0.40265703781872775,588,catboost_tuned,0.4875053452558993,True,utility_gap;ece,,1337
analcatdata_authorship,xgboost_tuned,gbdt,label_noise,0.3,4167782596,train_only,True,low,True,ok,,0.932806324110672,0.977854125571438,0.4068416325550873,0.29347420285719716,0.22152872993498732,0.17811965287292064,0.2126806857701622,0.11148108470064683,2.3682427846549916,1.2768588023094043,0.34982188572244743,588,catboost_tuned,0.4875053452558993,True,utility_gap;ece,,1337
analcatdata_authorship,xgboost_tuned,gbdt,label_noise,0.4,1537006754,train_only,True,low,True,ok,,0.8537549407114624,0.972750782333955,0.625130047634464,0.45093600981646137,0.2605655002532886,0.3100799192888976,0.26538737716549665,0.1492006192412092,2.453605372020042,1.4085647151042737,0.28113211192800747,588,catboost_tuned,0.4875053452558993,True,utility_gap;ece,,1337
breast-w,catboost_tuned,gbdt,covariate_shift,0.0,1364300203,test_only,False,high,True,ok,,0.9714285714285714,0.9934581320450886,0.08057989656156773,0.11625221716471941,0.018048582334382786,0.042599132787075916,0.02377631403562192,0.02035464227395483,1.199271315454935,-0.7016619829119393,0.4549392503137743,489,catboost_tuned,0.4549392503137743,False,,,1337
breast-w,catboost_tuned,gbdt,covariate_shift,0.05,2632361062,test_only,False,low,True,ok,,0.9809523809523809,0.9927536231884058,0.07671012577079454,0.11066931803549396,0.012638343814225187,0.0365692297423032,0.01642880050926089,0.01907912317908407,0.8176691909473929,0.8352103885636062,0.4588781610853059,489,catboost_tuned,0.4549392503137743,False,,,1337
breast-w,catboost_tuned,gbdt,covariate_shift,0.1,1191295239,test_only,False,low,True,ok,,0.9619047619047619,0.9924516908212561,0.12883568723923414,0.1858706070695646,0.03804070967797778,0.05776948950935966,0.042054124261177314,0.06237431636601874,1.0726506876318194,0.4987426862742074,0.42827448201668894,489,catboost_tuned,0.4549392503137743,False,,,1337
breast-w,catboost_tuned,gbdt,covariate_shift,0.2,712722868,test_only,False,low,True,ok,,0.5190476190476191,0.990036231884058,0.8441591465266364,1.2178642144150382,0.28400056855989275,0.572994457884046,0.28532106584100636,0.40644167093574135,0.6199833718374926,-1.401033541803424,0.00221044598007316,489,catboost_tuned,0.4549392503137743,True,utility_gap;ece;nll,,1337
breast-w,catboost_tuned,gbdt,covariate_shift,0.3,2595673968,test_only,False,low,True,ok,,0.35714285714285715,0.9872181964573269,1.3989479188795697,2.018255225029491,0.5360392323349392,0.9233886984870233,0.5323405585924464,0.5442190876273665,1.4703620890455762,-6.298921886368423,-0.3135866166443422,489,catboost_tuned,0.4549392503137743,True,utility_gap;ece;nll,,1337
breast-w,catboost_tuned,gbdt,covariate_shift,0.4,17091090,test_only,False,low,True,ok,,0.3476190476190476,0.9838969404186795,2.055650082242038,2.965676179453578,0.6034693496186812,1.1194371845397724,0.5991943943694722,0.6034693496186812,2.334175272713368,-12.54089669339244,-0.6138899374704146,489,catboost_tuned,0.4549392503137743,True,utility_gap;ece;nll,,1337
breast-w,gbdt_ensemble,gbdt,covariate_shift,0.0,1364300203,test_only,False,high,True,ok,,0.9761904761904762,0.9918478260869565,0.07741842865107504,0.111691183088322,0.01392488398205165,0.03754843818854372,0.009911076346581059,0.01972269256864898,0.915997844056187,0.05569505435080853,0.45728297883609925,489,catboost_tuned,0.4549392503137743,False,,,1337
breast-w,gbdt_ensemble,gbdt,covariate_shift,0.05,2632361062,test_only,False,low,True,ok,,0.9809523809523809,0.9918478260869565,0.07683637224410858,0.11085145319647384,0.009871957612047698,0.035701370283864234,0.015443589273884143,0.02022683391558102,0.7294798157274845,0.889365675816538,0.4590597687919402,489,catboost_tuned,0.4549392503137743,False,,,1337
breast-w,gbdt_ensemble,gbdt,covariate_shift,0.1,1191295239,test_only,False,low,True,ok,,0.9666666666666667,0.9927536231884058,0.11406316614700719,0.16455836414838118,0.037728393296470465,0.05297756321634461,0.028378226346101695,0.059297476512778405,0.9880102130867833,0.587963257636995,0.4355505802121335,489,catboost_tuned,0.4549392503137743,False,,,1337
breast-w,gbdt_ensemble,gbdt,covariate_shift,0.2,712722868,test_only,False,low,True,ok,,0.4714285714285714,0.9881239935587762,0.9314172987550581,1.3437511179121164,0.3493177451231495,0.6518701141096725,0.37069428840443713,0.44022640156113624,0.7435930970345485,-2.012462029279165,-0.05643120093840745,489,catboost_tuned,0.4549392503137743,True,utility_gap;ece;nll,,1337
breast-w,gbdt_ensemble,gbdt,covariate_shift,0.3,2595673968,test_only,False,low,True,ok,,0.3523809523809524,0.9848027375201288,1.5970728234031166,2.304089042262212,0.5679107638073089,0.9996369178279744,0.560270057267396,0.5679107638073088,1.790124133224486,-8.147419821935157,-0.40727076445093735,489,catboost_tuned,0.4549392503137743,True,utility_gap;ece;nll,,1337
breast-w,gbdt_ensemble,gbdt,covariate_shift,0.4,17091090,test_only,False,low,True,ok,,0.3476190476190476,0.9677938808373592,2.272181919475733,3.2780655872252065,0.6142672289327439,1.1590246720887973,0.609701982115347,0.6142672289327439,2.5822855895722223,-13.888120278384834,-0.7154024065181778,489,catboost_tuned,0.4549392503137743,True,utility_gap;ece;nll,,1337
breast-w,lightgbm,gbdt,covariate_shift,0.0,1364300203,test_only,False,high,True,ok,,0.9619047619047619,0.9891304347826088,0.22186433799941013,0.3200825801818618,0.035023272662370444,0.0650264485204676,0.03282674385688059,0.035023272662370326,0.38270557268365546,-0.6276774487823268,0.38745193787259474,489,catboost_tuned,0.4549392503137743,True,utility_gap,,1337
breast-w,lightgbm,gbdt,covariate_shift,0.05,2632361062,test_only,False,low,True,ok,,0.9619047619047619,0.990036231884058,0.21665612417833463,0.31256871593030683,0.03668685170017348,0.06768817562003467,0.03238598463622424,0.03668685170017354,0.39951942233350823,-0.3368589570701073,0.3896904103260079,489,catboost_tuned,0.4549392503137743,True,utility_gap,,1337
breast-w,lightgbm,gbdt,covariate_shift,0.1,1191295239,test_only,False,low,True,ok,,0.9428571428571428,0.9889291465378423,0.21560355859851263,0.3110501847880872,0.04630334143130214,0.07573818516712225,0.03927743271258182,0.04630334143130227,0.47663734796143287,-0.5315915230625384,0.38497804899412963,489,catboost_tuned,0.4549392503137743,True,utility_gap,,1337
breast-w,lightgbm,gbdt,covariate_shift,0.2,712722868,test_only,False,low,True,ok,,0.5,0.9677938808373592,2.559590423637783,3.692708410889111,0.45873160668994506,0.8936722743049393,0.4504420663743651,0.4852986341830904,0.22246815638195253,-1.7040256703363337,-0.7858309863116466,489,catboost_tuned,0.4549392503137743,True,utility_gap;ece;nll,,1337
breast-w,lightgbm,gbdt,covariate_shift,0.3,2595673968,test_only,False,low,True,ok,,0.36666666666666664,0.9699074074074073,3.8349751459243895,5.532699624957545,0.6143697575892259,1.2015106952760395,0.6050347369636916,0.622156751593906,0.43373123108725214,-4.9517032998729045,-1.388216246412516,489,catboost_tuned,0.4549392503137743,True,utility_gap;ece;nll,,1337
breast-w,lightgbm,gbdt,covariate_shift,0.4,17091090,test_only,False,low,True,ok,,0.3619047619047619,0.9625603864734299,4.569386494613046,6.592231235683246,0.6281608877201104,1.2268938974204435,0.6197367094124382,0.6285570971819845,0.45350647957674434,-5.835933433929685,-1.712119698697581,489,catboost_tuned,0.4549392503137743,True,utility_gap;ece;nll,,1337
breast-w,lightgbm_tuned,gbdt,covariate_shift,0.0,1364300203,test_only,False,high,True,ok,,0.9666666666666667,0.9924516908212561,0.10904483377122856,0.1573184409163128,0.02621047908758535,0.054780521403227464,0.018924105370268677,0.026909540466697718,0.7732813651028244,-0.1512588624670135,0.43992046369502874,489,catboost_tuned,0.4549392503137743,False,,,1337
breast-w,lightgbm_tuned,gbdt,covariate_shift,0.05,2632361062,test_only,False,low,True,ok,,0.9714285714285714,0.9930555555555556,0.1009848322315573,0.14569031666547166,0.019829110141917693,0.05188785996105915,0.024826688032408055,0.03259111428378303,0.7685464235864332,0.5053082000758268,0.44561081313070516,489,catboost_tuned,0.4549392503137743,False,,,1337
breast-w,lightgbm_tuned,gbdt,covariate_shift,0.1,1191295239,test_only,False,low,True,ok,,0.9666666666666667,0.9918478260869565,0.11685973393788088,0.16859295863178445,0.0319193225108567,0.05564555472507704,0.024206483373436123,0.03884601914231087,0.7862960077190996,0.5580038103424351,0.43518498703872804,489,catboost_tuned,0.4549392503137743,False,,,1337
breast-w,lightgbm_tuned,gbdt,covariate_shift,0.2,712722868,test_only,False,low,True,ok,,0.49523809523809526,0.9794685990338166,1.1441933439036593,1.6507220630679695,0.36249776498015585,0.6628017008076394,0.3625707345403221,0.42814703127419973,0.4904753440630644,-1.7336359342044512,-0.1506164479688719,489,catboost_tuned,0.4549392503137743,True,utility_gap;ece;nll,,1337
breast-w,lightgbm_tuned,gbdt,covariate_shift,0.3,2595673968,test_only,False,low,True,ok,,0.35714285714285715,0.972524154589372,2.395098545883733,3.4553967945868287,0.5960612550120112,1.1290803979802662,0.591820881868949,0.6036015405437359,0.9115087446420796,-6.211984903348043,-0.7618764067007421,489,catboost_tuned,0.4549392503137743,True,utility_gap;ece;nll,,1337
breast-w,lightgbm_tuned,gbdt,covariate_shift,0.4,17091090,test_only,False,low,True,ok,,0.35714285714285715,0.9721215780998389,2.3968136316121407,3.4578711402619025,0.6043790691905255,1.1262809723992329,0.591466749451621,0.6043790691905255,0.9240293425562967,-6.134015795749388,-0.7644231750103038,489,catboost_tuned,0.4549392503137743,True,utility_gap;ece;nll,,1337
breast-w,xgboost_tuned,gbdt,covariate_shift,0.0,1364300203,test_only,False,high,True,ok,,0.9714285714285714,0.9909420289855072,0.09848815932736997,0.14208837904787877,0.0248241549264044,0.05004034863127893,0.015201783140829258,0.024824154926404413,0.754539259248163,0.4254525275869769,0.4449526511595687,489,catboost_tuned,0.4549392503137743,False,,,1337
breast-w,xgboost_tuned,gbdt,covariate_shift,0.05,2632361062,test_only,False,low,True,ok,,0.9714285714285714,0.9909420289855072,0.09848815932736997,0.14208837904787877,0.0248241549264044,0.05004034863127893,0.015201783140829258,0.024824154926404413,0.754539259248163,0.4254525275869769,0.4449526511595687,489,catboost_tuned,0.4549392503137743,False,,,1337
breast-w,xgboost_tuned,gbdt,covariate_shift,0.1,1191295239,test_only,False,low,True,ok,,0.9666666666666667,0.9914452495974235,0.09582523636353975,0.13824659329369157,0.019288173261712924,0.0504755536874661,0.01844452611069825,0.023628483546368997,0.9816594712928348,-0.3070399155192358,0.44667422471864815,489,catboost_tuned,0.4549392503137743,False,,,1337
breast-w,xgboost_tuned,gbdt,covariate_shift,0.2,712722868,test_only,False,low,True,ok,,0.9238095238095239,0.9946155394524959,0.22813361645674632,0.32912723712221276,0.01860672793486507,0.12412009017554931,0.05348361027303078,0.12380977689696235,0.8977310804765833,0.33987728520766886,0.38422735065616526,489,catboost_tuned,0.4549392503137743,True,utility_gap,,1337
breast-w,xgboost_tuned,gbdt,covariate_shift,0.3,2595673968,test_only,False,low,True,ok,,0.3619047619047619,0.9681964573268921,1.7279546451814896,2.4929115974843836,0.563094726394759,1.0181600265848934,0.5601503082186218,0.5708034498848853,1.0870422913898734,-5.280453021234472,-0.4673379501741405,489,catboost_tuned,0.4549392503137743,True,utility_gap;ece;nll,,1337
breast-w,xgboost_tuned,gbdt,covariate_shift,0.4,17091090,test_only,False,low,True,ok,,0.36666666666666664,0.9660829307568438,2.1013169731787387,3.0315595765407735,0.5663762321008632,1.0568878197675533,0.5614222176501737,0.579881851255793,1.0123001218698584,-5.441750501069251,-0.6296140936175093,489,catboost_tuned,0.4549392503137743,True,utility_gap;ece;nll,,1337
breast-w,catboost_tuned,gbdt,label_noise,0.0,1678443626,train_only,False,high,True,ok,,0.9714285714285714,0.9934581320450886,0.08057989656156773,0.11625221716471941,0.018048582334382786,0.042599132787075916,0.02377631403562192,0.02035464227395483,1.199271315454935,-0.7016619829119393,0.4549392503137743,489,catboost_tuned,0.4549392503137743,False,,,1337
breast-w,catboost_tuned,gbdt,label_noise,0.05,3466894824,train_only,False,high,True,ok,,0.9809523809523809,0.9932568438003221,0.11074738576544729,0.1597747042352278,0.06635404357711913,0.04017625277954977,0.06195922001320069,0.06903082823763057,1.6574132487171125,0.33173828484059004,0.43357953248697767,489,catboost_tuned,0.4549392503137743,False,,,1337
breast-w,catboost_tuned,gbdt,label_noise,0.1,1269490609,train_only,False,high,True,ok,,0.9809523809523809,0.9913446054750402,0.15778382711408762,0.22763394490997577,0.09840102193782074,0.06503355098255616,0.09840102193782077,0.10111255477043149,1.1826575235526975,1.7723291250191757,0.40614308119856435,489,catboost_tuned,0.4549392503137743,True,utility_gap,,1337
breast-w,catboost_tuned,gbdt,label_noise,0.2,2139328986,train_only,False,high,True,ok,,0.9761904761904762,0.9914452495974235,0.2513518198263771,0.3626240239819305,0.18448550599552418,0.10863866232820608,0.17964588258616926,0.184485505995524,3.0562584316760937,0.1405438021241966,0.3477501003939857,489,catboost_tuned,0.4549392503137743,True,utility_gap;ece,,1337
breast-w,catboost_tuned,gbdt,label_noise,0.3,93355445,train_only,False,high,True,ok,,0.9619047619047619,0.989633655394525,0.35275286901949293,0.5089148147937765,0.24304945017126456,0.1880231557432179,0.2430494501712646,0.24304945017126467,4.955051386421511,-0.025300424075781862,0.2893731592014121,489,catboost_tuned,0.4549392503137743,True,utility_gap;ece,,1337
breast-w,catboost_tuned,gbdt,label_noise,0.4,1493803367,train_only,False,high,True,ok,,0.9428571428571428,0.9644726247987117,0.5289976184027855,0.7631822407117709,0.3423817458459049,0.34351119100409017,0.3423817458459049,0.33427329535409145,6.567875984580285,1.1272571181739268,0.18156296872540822,489,catboost_tuned,0.4549392503137743,True,utility_gap;ece;nll,,1337
breast-w,gbdt_ensemble,gbdt,label_noise,0.0,1678443626,train_only,False,high,True,ok,,0.9761904761904762,0.9918478260869565,0.07741842865107504,0.111691183088322,0.01392488398205165,0.03754843818854372,0.009911076346581059,0.01972269256864898,0.915997844056187,0.05569505435080853,0.45728297883609925,489,catboost_tuned,0.4549392503137743,False,,,1337
breast-w,gbdt_ensemble,gbdt,label_noise,0.05,3466894824,train_only,False,high,True,ok,,0.9809523809523809,0.9929549114331723,0.11146634065451087,0.1608119368883027,0.05614759317836787,0.042785026208566286,0.05948641745517204,0.06428503936329208,1.348779967508197,0.7839331747711166,0.4352039764423031,489,catboost_tuned,0.4549392503137743,False,,,1337
breast-w,gbdt_ensemble,gbdt,label_noise,0.1,1269490609,train_only,False,high,True,ok,,0.9761904761904762,0.9910426731078905,0.1484902938596305,0.21422621057143382,0.08621948255016582,0.06163731317496177,0.08548043196523274,0.08815539033550865,1.352416421931845,1.145957082728536,0.4117817473348698,489,catboost_tuned,0.4549392503137743,True,utility_gap,,1337
breast-w,gbdt_ensemble,gbdt,label_noise,0.2,2139328986,train_only,False,high,True,ok,,0.9809523809523809,0.9943639291465378,0.23793383888066275,0.3432659694128058,0.17534778122695746,0.10251666498156756,0.17402572163939117,0.17534778122695738,2.181925058827514,1.235136483689715,0.35712088527491215,489,catboost_tuned,0.4549392503137743,True,utility_gap;ece,,1337
breast-w,gbdt_ensemble,gbdt,label_noise,0.3,93355445,train_only,False,high,True,ok,,0.9428571428571428,0.9826892109500805,0.36253856727342054,0.5230325931363536,0.25151833082372616,0.1972328546899637,0.2414000401046483,0.24165334006088446,5.194988090887022,-0.4532033016822237,0.27815635115544823,489,catboost_tuned,0.4549392503137743,True,utility_gap;ece,,1337
breast-w,gbdt_ensemble,gbdt,label_noise,0.4,1493803367,train_only,False,high,True,ok,,0.8714285714285714,0.9068035426731079,0.536335010365272,0.7737678597091087,0.2634146104707432,0.3520860741110654,0.2634146104707431,0.29379086784671293,3.299321708669905,0.8703107821007937,0.16328224564299218,489,catboost_tuned,0.4549392503137743,True,utility_gap;ece;nll,,1337
breast-w,lightgbm,gbdt,label_noise,0.0,1678443626,train_only,False,high,True,ok,,0.9619047619047619,0.9891304347826088,0.22186433799941013,0.3200825801818618,0.035023272662370444,0.0650264485204676,0.03282674385688059,0.035023272662370326,0.38270557268365546,-0.6276774487823268,0.38745193787259474,489,catboost_tuned,0.4549392503137743,True,utility_gap,,1337
breast-w,lightgbm,gbdt,label_noise,0.05,3466894824,train_only,False,high,True,ok,,0.9523809523809523,0.9727254428341385,0.19397087876587726,0.27984082487240547,0.041060693163582435,0.07944453602000237,0.04026047751716652,0.04837013061503965,0.43336068388135407,1.5541715182771298,0.3911466617546532,489,catboost_tuned,0.4549392503137743,True,utility_gap,,1337
breast-w,lightgbm,gbdt,label_noise,0.1,1269490609,train_only,False,high,True,ok,,0.9238095238095239,0.9629629629629629,0.2408073453378617,0.3474115629285691,0.050825028877116374,0.12183424659546643,0.06607831902262085,0.0662471473521749,0.6481934905560134,0.6424558928320421,0.3612199909544716,489,catboost_tuned,0.4549392503137743,True,utility_gap,,1337
breast-w,lightgbm,gbdt,label_noise,0.2,2139328986,train_only,False,high,True,ok,,0.919047619047619,0.9427334943639293,0.3370388455210219,0.48624427102011974,0.12557954993209114,0.1775463401409383,0.12505402026841336,0.1373332943348496,0.27706325636361684,1.9259762724259823,0.29682467459206396,489,catboost_tuned,0.4549392503137743,True,utility_gap;ece,,1337
breast-w,lightgbm,gbdt,label_noise,0.3,93355445,train_only,False,high,True,ok,,0.8952380952380953,0.9238123993558777,0.38344092808789243,0.5531883254262641,0.14541802743436577,0.22785880982519607,0.15582272765348032,0.1657380400072193,0.6730124910399461,1.3435099364118832,0.2625799509455191,489,catboost_tuned,0.4549392503137743,True,utility_gap;ece,,1337
breast-w,lightgbm,gbdt,label_noise,0.4,1493803367,train_only,False,high,True,ok,,0.7142857142857143,0.7457729468599034,0.60992760690828,0.8799395337878486,0.12101744691103732,0.4187560900683313,0.21696002670372824,0.2584790374529662,0.3751632790362632,0.6122514088163263,0.07997803902526128,489,catboost_tuned,0.4549392503137743,True,utility_gap;ece;nll,,1337
breast-w,lightgbm_tuned,gbdt,label_noise,0.0,1678443626,train_only,False,high,True,ok,,0.9666666666666667,0.9924516908212561,0.10904483377122856,0.1573184409163128,0.02621047908758535,0.054780521403227464,0.018924105370268677,0.026909540466697718,0.7732813651028244,-0.1512588624670135,0.43992046369502874,489,catboost_tuned,0.4549392503137743,False,,,1337
breast-w,lightgbm_tuned,gbdt,label_noise,0.05,3466894824,train_only,False,high,True,ok,,0.9761904761904762,0.9870169082125604,0.13695718994384531,0.19758745874607345,0.05406210805961736,0.057896248048392704,0.06065525391757985,0.06823738385698813,0.7183525592624662,1.8984686754040625,0.42179583006722204,489,catboost_tuned,0.4549392503137743,True,utility_gap,,1337
breast-w,lightgbm_tuned,gbdt,label_noise,0.1,1269490609,train_only,False,high,True,ok,,0.9666666666666667,0.9891304347826088,0.16594648859208794,0.23941017614474222,0.07290916456723959,0.07572013024246389,0.07910167715366707,0.07967363557182114,1.1642554212467606,1.0869763488233348,0.4047907664170425,489,catboost_tuned,0.4549392503137743,True,utility_gap,,1337
breast-w,lightgbm_tuned,gbdt,label_noise,0.2,2139328986,train_only,False,high,True,ok,,0.9523809523809523,0.9867149758454106,0.26846795585344746,0.3873173885473658,0.1646078337347965,0.12934066777446318,0.15080192735838635,0.1786380085731572,2.0308220556380014,0.5834641955826005,0.3390906010918675,489,catboost_tuned,0.4549392503137743,True,utility_gap;ece,,1337
breast-w,lightgbm_tuned,gbdt,label_noise,0.3,93355445,train_only,False,high,True,ok,,0.9238095238095239,0.9563204508856683,0.374511231634421,0.5403054966361971,0.2092469545423797,0.21053198000957052,0.2055886013571282,0.20881708866116286,3.2814570240291836,0.15946736061432149,0.26934254648207734,489,catboost_tuned,0.4549392503137743,True,utility_gap;ece,,1337
breast-w,lightgbm_tuned,gbdt,label_noise,0.4,1493803367,train_only,False,high,True,ok,,0.8238095238095238,0.8440016103059582,0.5524896562934543,0.7970740872770143,0.21019958866398797,0.3682308319482645,0.2713034434751983,0.300962646118789,1.58683576677918,0.9178288918654728,0.137809848262612,489,catboost_tuned,0.4549392503137743,True,utility_gap;ece;nll,,1337
breast-w,xgboost_tuned,gbdt,label_noise,0.0,1678443626,train_only,False,high,True,ok,,0.9714285714285714,0.9909420289855072,0.09848815932736997,0.14208837904787877,0.0248241549264044,0.05004034863127893,0.015201783140829258,0.024824154926404413,0.754539259248163,0.4254525275869769,0.4449526511595687,489,catboost_tuned,0.4549392503137743,False,,,1337
breast-w,xgboost_tuned,gbdt,label_noise,0.05,3466894824,train_only,False,high,True,ok,,0.9761904761904762,0.9899355877616747,0.1333585205416132,0.19239567624567433,0.05427044152214557,0.05838051679516877,0.056793134049965575,0.059029903504043885,0.9076527417788253,1.5059773798074723,0.4243332359670261,489,catboost_tuned,0.4549392503137743,True,utility_gap,,1337
breast-w,xgboost_tuned,gbdt,label_noise,0.1,1269490609,train_only,False,high,True,ok,,0.9619047619047619,0.9882246376811594,0.17759146597678216,0.2562103272689047,0.08592438778050189,0.08436799703788078,0.08257725057084936,0.09491211087455015,1.1149232145317702,1.0770437231918903,0.3961163617373483,489,catboost_tuned,0.4549392503137743,True,utility_gap,,1337
breast-w,xgboost_tuned,gbdt,label_noise,0.2,2139328986,train_only,False,high,True,ok,,0.9666666666666667,0.982487922705314,0.2710408377314933,0.39102927247361563,0.16741242778154763,0.1276179425462696,0.16431180608126073,0.17299023968847294,0.4326118615488449,2.7450996297127963,0.3380795056484657,489,catboost_tuned,0.4549392503137743,True,utility_gap;ece,,1337
breast-w,xgboost_tuned,gbdt,label_noise,0.3,93355445,train_only,False,high,True,ok,,0.9047619047619048,0.9559178743961354,0.373491415533329,0.5388342130045329,0.19436264907670026,0.2132624859346196,0.20285328832130795,0.20519484072563765,3.9162677399826817,-0.44614823587336616,0.2697627480362331,489,catboost_tuned,0.4549392503137743,True,utility_gap;ece,,1337
breast-w,xgboost_tuned,gbdt,label_noise,0.4,1493803367,train_only,False,high,True,ok,,0.8571428571428571,0.8686594202898551,0.5374399351463087,0.7753619292112657,0.23554851272056287,0.3544310850033952,0.2692715503040503,0.29874775023207056,1.1352358502090627,1.2967919062466142,0.15288394436538555,489,catboost_tuned,0.4549392503137743,True,utility_gap;ece;nll,,1337
car,catboost_tuned,gbdt,covariate_shift,0.0,3854880023,test_only,True,low,True,ok,,0.9980732177263969,1.0,0.03852565990768199,0.027790389247893784,0.034719709653670924,0.009607561848438362,0.03298228697428449,0.017494350850115088,13.202752301126154,0.7660616367918059,0.4844299239538572,1209,xgboost_tuned,0.49307821839593213,False,,,1337
car,catboost_tuned,gbdt,covariate_shift,0.05,4213693297,test_only,True,low,True,ok,,0.9980732177263969,1.0,0.03736257788022293,0.02695140291131265,0.033799863085497484,0.009104606123075612,0.032003485571547294,0.017026678483891312,12.589660138974525,-1.010889007584015,0.4848655891684662,1209,xgboost_tuned,0.49307821839593213,False,,,1337
car,catboost_tuned,gbdt,covariate_shift,0.1,3641087901,test_only,True,low,True,ok,,1.0,1.0,0.038501284082719925,0.02777280580699861,0.035088136425357824,0.00941791415021298,0.0350881364253579,0.01754406821267895,,,0.4846505309728289,1209,xgboost_tuned,0.49307821839593213,False,,,1337
car,catboost_tuned,gbdt,covariate_shift,0.2,1965661127,test_only,True,low,True,ok,,0.9980732177263969,1.0,0.03819609972365382,0.027552661826307837,0.034500710081468516,0.009548369814058993,0.03274975972434624,0.016963491450014193,13.565777359001636,-0.0031613784336267936,0.4845450420947735,1209,xgboost_tuned,0.49307821839593213,False,,,1337
car,catboost_tuned,gbdt,covariate_shift,0.3,2544599632,test_only,True,low,True,ok,,0.9980732177263969,1.0,0.038831401166543975,0.02801093494687145,0.033183810674748265,0.009792784916196078,0.033151345374969846,0.017610278778761975,15.723950215400693,0.011195563180853574,0.4846709400399485,1209,xgboost_tuned,0.49307821839593213,False,,,1337
car,catboost_tuned,gbdt,covariate_shift,0.4,2182527323,test_only,True,low,True,ok,,0.9980732177263969,1.0,0.03915693942312442,0.028245761161065575,0.03514880237162715,0.009948998813008116,0.033426700296871385,0.017143875667124633,13.097774525124654,0.31747304343788474,0.48420749383631445,1209,xgboost_tuned,0.49307821839593213,False,,,1337
car,gbdt_ensemble,gbdt,covariate_shift,0.0,3854880023,test_only,True,low,True,ok,,0.9961464354527938,0.9999677141627206,0.03562731910934265,0.025699678299608623,0.02834613944360055,0.011692631344540247,0.02686057158608659,0.014237982068521343,5.557786687150291,1.5194667795898187,0.4860315338962686,1209,xgboost_tuned,0.49307821839593213,False,,,1337
car,gbdt_ensemble,gbdt,covariate_shift,0.05,4213693297,test_only,True,low,True,ok,,0.9942196531791907,0.9999438090183335,0.037144042537565605,0.026793762983757304,0.029298406288329408,0.012459902202110133,0.025907920726000074,0.014899012750280811,4.424044767640731,0.6694686014001568,0.4852154709805022,1209,xgboost_tuned,0.49307821839593213,False,,,1337
car,gbdt_ensemble,gbdt,covariate_shift,0.1,3641087901,test_only,True,low,True,ok,,0.9961464354527938,0.9999438090183335,0.03608743381909603,0.026031580904609254,0.026932099548452042,0.011912340400899538,0.02693209954845213,0.014176248080633367,5.16842221123274,1.2188681292191268,0.48620640429326256,1209,xgboost_tuned,0.49307821839593213,False,,,1337
car,gbdt_ensemble,gbdt,covariate_shift,0.2,1965661127,test_only,True,low,True,ok,,0.9922928709055877,0.9999079969723733,0.036787167066321284,0.026536331747467758,0.03038799404975407,0.012432494100665646,0.02337622516675821,0.01465242368913217,18.321962789485124,-1.6808288505302338,0.4847732312419777,1209,xgboost_tuned,0.49307821839593213,False,,,1337
car,gbdt_ensemble,gbdt,covariate_shift,0.3,2544599632,test_only,True,low,True,ok,,0.9942196531791907,0.9999079969723733,0.03743056952474436,0.02700044851549913,0.02559321862434169,0.012952316160356558,0.025593218624341628,0.014218997905717812,3.557957510909757,0.5937808849729794,0.4858819686376912,1209,xgboost_tuned,0.49307821839593213,False,,,1337
car,gbdt_ensemble,gbdt,covariate_shift,0.4,2182527323,test_only,True,low,True,ok,,0.9942196531791907,0.9999599519369732,0.0355169238335261,0.025620044941129568,0.029580434663525564,0.011392023992478127,0.024608965931982345,0.014173194991206575,12.210147927179499,-0.7137636454594141,0.4855168307397752,1209,xgboost_tuned,0.49307821839593213,False,,,1337
car,lightgbm,gbdt,covariate_shift,0.0,3854880023,test_only,True,low,True,ok,,0.9980732177263969,1.0,0.005209904040719433,0.003758151361526649,0.002547277794205895,0.003082259070867032,0.0006757012913110275,0.0014561139881147465,2.491064616805122,-3.9161688529948067,0.49807408169166034,1209,xgboost_tuned,0.49307821839593213,False,,,1337
car,lightgbm,gbdt,covariate_shift,0.05,4213693297,test_only,True,low,True,ok,,0.9980732177263969,1.0,0.005209904040719433,0.003758151361526649,0.002547277794205895,0.003082259070867032,0.0006757012913110275,0.0014561139881147465,2.491064616805122,-3.9161688529948067,0.49807408169166034,1209,xgboost_tuned,0.49307821839593213,False,,,1337
car,lightgbm,gbdt,covariate_shift,0.1,3641087901,test_only,True,low,True,ok,,0.9980732177263969,1.0,0.005209904040719433,0.003758151361526649,0.002547277794205895,0.003082259070867032,0.0006757012913110275,0.0014561139881147465,2.491064616805122,-3.9161688529948067,0.49807408169166034,1209,xgboost_tuned,0.49307821839593213,False,,,1337
car,lightgbm,gbdt,covariate_shift,0.2,1965661127,test_only,True,low,True,ok,,0.9980732177263969,1.0,0.005209904040719433,0.003758151361526649,0.002547277794205895,0.003082259070867032,0.0006757012913110275,0.0014561139881147465,2.491064616805122,-3.9161688529948067,0.49807408169166034,1209,xgboost_tuned,0.49307821839593213,False,,,1337
car,lightgbm,gbdt,covariate_shift,0.3,2544599632,test_only,True,low,True,ok,,0.9980732177263969,1.0,0.005209904040719433,0.003758151361526649,0.002547277794205895,0.003082259070867032,0.0006757012913110275,0.0014561139881147465,2.491064616805122,-3.9161688529948067,0.49807408169166034,1209,xgboost_tuned,0.49307821839593213,False,,,1337
car,lightgbm,gbdt,covariate_shift,0.4,2182527323,test_only,True,low,True,ok,,0.9980732177263969,1.0,0.005209904040719433,0.003758151361526649,0.002547277794205895,0.003082259070867032,0.0006757012913110275,0.0014561139881147465,2.491064616805122,-3.9161688529948067,0.49807408169166034,1209,xgboost_tuned,0.49307821839593213,False,,,1337
car,lightgbm_tuned,gbdt,covariate_shift,0.0,3854880023,test_only,True,low,True,ok,,0.9961464354527938,0.9999892380542402,0.012120487118721919,0.008743083329669337,0.008926595626623238,0.004314915330324318,0.005846510587738469,0.004841371477015958,4.745704480703858,-2.6621300362199394,0.49500995451267765,1209,xgboost_tuned,0.49307821839593213,False,,,1337
car,lightgbm_tuned,gbdt,covariate_shift,0.05,4213693297,test_only,True,low,True,ok,,0.9980732177263969,1.0,0.012506150850093623,0.009021280906019682,0.008945206275677589,0.0038288236312374975,0.007828680509026147,0.004922900128108068,3.778606631047533,-2.7456254843679564,0.4952155571320181,1209,xgboost_tuned,0.49307821839593213,False,,,1337
car,lightgbm_tuned,gbdt,covariate_shift,0.1,3641087901,test_only,True,low,True,ok,,0.9980732177263969,1.0,0.012506150850093623,0.009021280906019682,0.008945206275677589,0.0038288236312374975,0.007828680509026147,0.004922900128108068,3.778606631047533,-2.7456254843679564,0.4952155571320181,1209,xgboost_tuned,0.49307821839593213,False,,,1337
car,lightgbm_tuned,gbdt,covariate_shift,0.2,1965661127,test_only,True,low,True,ok,,0.9961464354527938,0.9999892380542402,0.012120487118721919,0.008743083329669337,0.008926595626623238,0.004314915330324318,0.005846510587738469,0.004841371477015958,4.745704480703858,-2.6621300362199394,0.49500995451267765,1209,xgboost_tuned,0.49307821839593213,False,,,1337
car,lightgbm_tuned,gbdt,covariate_shift,0.3,2544599632,test_only,True,low,True,ok,,0.9980732177263969,1.0,0.012506150850093623,0.009021280906019682,0.008945206275677589,0.0038288236312374975,0.007828680509026147,0.004922900128108068,3.778606631047533,-2.7456254843679564,0.4952155571320181,1209,xgboost_tuned,0.49307821839593213,False,,,1337
car,lightgbm_tuned,gbdt,covariate_shift,0.4,2182527323,test_only,True,low,True,ok,,0.9942196531791907,0.9999838570813603,0.02055189270652267,0.014825056844291156,0.015682024807702123,0.007401361599908439,0.009928170681138096,0.008490805602939903,6.162952955788096,-5.736225297332119,0.4915433759405269,1209,xgboost_tuned,0.49307821839593213,False,,,1337
car,xgboost_tuned,gbdt,covariate_shift,0.0,3854880023,test_only,True,low,True,ok,,0.9961464354527938,0.9999306658197062,0.018523319595386965,0.013361750660533068,0.01155477380362082,0.007125996798832001,0.009388721908405988,0.0067598844752964045,1.6073324564373273,0.4183711750711264,0.49307821839593213,1209,xgboost_tuned,0.49307821839593213,False,,,1337
car,xgboost_tuned,gbdt,covariate_shift,0.05,4213693297,test_only,True,low,True,ok,,0.9942196531791907,0.9998667126122924,0.02692848931282209,0.01942479899511994,0.015364754279265657,0.0108231653244708,0.013245637953093777,0.00975473672449614,1.9941578260255701,-0.060520165040508264,0.4901859068367918,1209,xgboost_tuned,0.49307821839593213,False,,,1337
car,xgboost_tuned,gbdt,covariate_shift,0.1,3641087901,test_only,True,low,True,ok,,0.9961464354527938,0.9999306658197062,0.018523319595386965,0.013361750660533068,0.01155477380362082,0.007125996798832001,0.009388721908405988,0.0067598844752964045,1.6073324564373273,0.4183711750711264,0.49307821839593213,1209,xgboost_tuned,0.49307821839593213,False,,,1337
car,xgboost_tuned,gbdt,covariate_shift,0.2,1965661127,test_only,True,low,True,ok,,0.9961464354527938,0.9999306658197062,0.018523319595386965,0.013361750660533068,0.01155477380362082,0.007125996798832001,0.009388721908405988,0.0067598844752964045,1.6073324564373273,0.4183711750711264,0.49307821839593213,1209,xgboost_tuned,0.49307821839593213,False,,,1337
car,xgboost_tuned,gbdt,covariate_shift,0.3,2544599632,test_only,True,low,True,ok,,0.9961464354527938,0.9999306658197062,0.018523319595386965,0.013361750660533068,0.01155477380362082,0.007125996798832001,0.009388721908405988,0.0067598844752964045,1.6073324564373273,0.4183711750711264,0.49307821839593213,1209,xgboost_tuned,0.49307821839593213,False,,,1337
car,xgboost_tuned,gbdt,covariate_shift,0.4,2182527323,test_only,True,low,True,ok,,0.9961464354527938,0.9999306658197062,0.018523319595386965,0.013361750660533068,0.01155477380362082,0.007125996798832001,0.009388721908405988,0.0067598844752964045,1.6073324564373273,0.4183711750711264,0.49307821839593213,1209,xgboost_tuned,0.49307821839593213,False,,,1337
car,catboost_tuned,gbdt,label_noise,0.0,3006672002,train_only,True,low,True,ok,,0.9980732177263969,1.0,0.03852565990768199,0.027790389247893784,0.034719709653670924,0.009607561848438362,0.03298228697428449,0.017494350850115088,13.202752301126154,0.7660616367918059,0.4844299239538572,1209,xgboost_tuned,0.49307821839593213,False,,,1337
car,catboost_tuned,gbdt,label_noise,0.05,1134764801,train_only,True,low,True,ok,,0.9826589595375722,0.998043943120391,0.1568059969783253,0.11311161711113986,0.10565620004432719,0.060358631838176274,0.10565620004432717,0.054084041491809044,3.0056129944284304,1.1916421681865628,0.44164949888056526,1209,xgboost_tuned,0.49307821839593213,True,utility_gap;ece,,1337
car,catboost_tuned,gbdt,label_noise,0.1,3882675880,train_only,True,low,True,ok,,0.9653179190751445,0.995834322884175,0.23011420988975242,0.16599231472301396,0.1402738040730326,0.09450798099624097,0.14027380407303258,0.07235546519222406,3.0515769596418303,1.171266846885599,0.4154872456392222,1209,xgboost_tuned,0.49307821839593213,True,utility_gap;ece,,1337
car,catboost_tuned,gbdt,label_noise,0.2,2592207061,train_only,True,low,True,ok,,0.928709055876686,0.9896979249798323,0.4763104180301228,0.34358533900790367,0.2723241756176235,0.21595024472846336,0.27232417561762357,0.1411758858559327,3.4502943174674043,1.9180643317785422,0.32816019529854834,1209,xgboost_tuned,0.49307821839593213,True,utility_gap;ece,,1337
car,catboost_tuned,gbdt,label_noise,0.3,2186658839,train_only,True,low,True,ok,,0.8978805394990366,0.9754966039088965,0.6216606900485373,0.44843339732431786,0.32790226675138534,0.299642133085836,0.32689471438972334,0.1717252463561217,4.974972135163929,2.824717409764153,0.27599541974539676,1209,xgboost_tuned,0.49307821839593213,True,utility_gap;ece,,1337
car,catboost_tuned,gbdt,label_noise,0.4,1388868441,train_only,True,low,True,ok,,0.8631984585741811,0.9115730671269018,0.8055299738498055,0.5810670492802654,0.38258812618788757,0.4095089562665282,0.3825881261878877,0.19758542703256757,4.886408871964042,3.4927614317812523,0.19769260225888566,1209,xgboost_tuned,0.49307821839593213,True,utility_gap;ece,,1337
car,gbdt_ensemble,gbdt,label_noise,0.0,3006672002,train_only,True,low,True,ok,,0.9961464354527938,0.9999677141627206,0.03562731910934265,0.025699678299608623,0.02834613944360055,0.011692631344540247,0.02686057158608659,0.014237982068521343,5.557786687150291,1.5194667795898187,0.4860315338962686,1209,xgboost_tuned,0.49307821839593213,False,,,1337
car,gbdt_ensemble,gbdt,label_noise,0.05,1134764801,train_only,True,low,True,ok,,0.9826589595375722,0.9958495934333069,0.11289385079602858,0.0814356993451445,0.05862675459420291,0.04652368703733881,0.05858981562329805,0.032040204747640515,1.7234877317529145,0.9490085971535509,0.4597901409099093,1209,xgboost_tuned,0.49307821839593213,True,utility_gap,,1337
car,gbdt_ensemble,gbdt,label_noise,0.1,3882675880,train_only,True,low,True,ok,,0.9499036608863198,0.9931156778117209,0.17968424063023378,0.12961478144156874,0.06844995773877999,0.08662209408291288,0.06551261724570244,0.039025080168109905,2.027627974207834,0.3308775766487426,0.4375016103868236,1209,xgboost_tuned,0.49307821839593213,True,utility_gap,,1337
car,gbdt_ensemble,gbdt,label_noise,0.2,2592207061,train_only,True,low,True,ok,,0.8670520231213873,0.9603132848054325,0.3556734414325272,0.2565641550653091,0.0660695574727624,0.19090097756144248,0.06563181596250173,0.06418519322617046,1.5601516605136139,0.1699118526600226,0.3759842951359642,1209,xgboost_tuned,0.49307821839593213,True,utility_gap,,1337
car,gbdt_ensemble,gbdt,label_noise,0.3,2186658839,train_only,True,low,True,ok,,0.8073217726396917,0.9114895726820468,0.5530974713408304,0.39897548951582085,0.08821554911311001,0.2916882586259035,0.089903859315201,0.08335199367629753,1.402684043051471,0.38146713798288795,0.30278385965730187,1209,xgboost_tuned,0.49307821839593213,True,utility_gap,,1337
car,gbdt_ensemble,gbdt,label_noise,0.4,1388868441,train_only,True,low,True,ok,,0.6878612716763006,0.8589117218489993,0.751159092179937,0.5418467486033255,0.043338876340606826,0.4129272298918017,0.06577294951653738,0.12884470983393415,1.2204842034760648,0.009058506616612554,0.23257649354947585,1209,xgboost_tuned,0.49307821839593213,True,utility_gap,,1337
car,lightgbm,gbdt,label_noise,0.0,3006672002,train_only,True,low,True,ok,,0.9980732177263969,1.0,0.005209904040719433,0.003758151361526649,0.002547277794205895,0.003082259070867032,0.0006757012913110275,0.0014561139881147465,2.491064616805122,-3.9161688529948067,0.49807408169166034,1209,xgboost_tuned,0.49307821839593213,False,,,1337
car,lightgbm,gbdt,label_noise,0.05,1134764801,train_only,True,low,True,ok,,0.9672447013487476,0.9939853482169374,0.10251354676091809,0.0739478927679577,0.013605725765506968,0.05019208510302097,0.012285173033203003,0.01508359374676559,1.2494075580506279,-0.333591639147117,0.4680760640947515,1209,xgboost_tuned,0.49307821839593213,False,,,1337
car,lightgbm,gbdt,label_noise,0.1,3882675880,train_only,True,low,True,ok,,0.9248554913294798,0.9909678887656951,0.16267669997021858,0.11734643415760806,0.029702914033788153,0.09245761313708574,0.028664283793708802,0.025141859776760547,1.6394888319416552,-0.7253486653484162,0.4444225717133752,1209,xgboost_tuned,0.49307821839593213,True,utility_gap,,1337
car,lightgbm,gbdt,label_noise,0.2,2592207061,train_only,True,low,True,ok,,0.8420038535645472,0.9388638207104456,0.4091168240853855,0.2951154066261141,0.02482264630220262,0.23231056371179334,0.037050944857174674,0.060168168551502976,0.9338827398739368,0.11634019632157998,0.3614037640350633,1209,xgboost_tuned,0.49307821839593213,True,utility_gap,,1337
car,lightgbm,gbdt,label_noise,0.3,2186658839,train_only,True,low,True,ok,,0.7514450867052023,0.8985778795881821,0.5907803924777603,0.4261579712410501,0.06181065787077568,0.3233996941058928,0.06334265153360986,0.08627939550353152,1.46034938319205,-0.2337768889404332,0.28700949791517394,1209,xgboost_tuned,0.49307821839593213,True,utility_gap,,1337
car,lightgbm,gbdt,label_noise,0.4,1388868441,train_only,True,low,True,ok,,0.6473988439306358,0.8332442212659698,0.8270373965819439,0.5965813753392447,0.03951618040067852,0.46453872202422314,0.07044826249509394,0.13536226989519495,1.0790461790298702,-0.2282003889497192,0.20186765535077564,1209,xgboost_tuned,0.49307821839593213,True,utility_gap,,1337
car,lightgbm_tuned,gbdt,label_noise,0.0,3006672002,train_only,True,low,True,ok,,0.9961464354527938,0.9999892380542402,0.012120487118721919,0.008743083329669337,0.008926595626623238,0.004314915330324318,0.005846510587738469,0.004841371477015958,4.745704480703858,-2.6621300362199394,0.49500995451267765,1209,xgboost_tuned,0.49307821839593213,False,,,1337
car,lightgbm_tuned,gbdt,label_noise,0.05,1134764801,train_only,True,low,True,ok,,0.9633911368015414,0.9956265485335762,0.1906814361811279,0.1375475811840493,0.10531490940376016,0.08683759476644615,0.10531490940376018,0.05984511027998811,2.3199135089726224,0.9466206591945178,0.430650706271016,1209,xgboost_tuned,0.49307821839593213,True,utility_gap;ece,,1337
car,lightgbm_tuned,gbdt,label_noise,0.1,3882675880,train_only,True,low,True,ok,,0.9460500963391136,0.9915424195258218,0.2670302067126169,0.1926215774959236,0.1407911934792918,0.12103955740642199,0.14079119347929175,0.07059897889629031,2.9585451510028307,0.953309081592502,0.40300264934026925,1209,xgboost_tuned,0.49307821839593213,True,utility_gap;ece,,1337
car,lightgbm_tuned,gbdt,label_noise,0.2,2592207061,train_only,True,low,True,ok,,0.884393063583815,0.9655465918076069,0.4684346276702895,0.3379041571602973,0.2018009006697452,0.2300539447842054,0.20180090066974515,0.1095112647851898,2.5570851983200074,1.0792566005002757,0.3288688393881964,1209,xgboost_tuned,0.49307821839593213,True,utility_gap;ece,,1337
car,lightgbm_tuned,gbdt,label_noise,0.3,2186658839,train_only,True,low,True,ok,,0.8901734104046243,0.9534883532548095,0.5864015629347542,0.42299931340775365,0.2833592679906652,0.2881316533656063,0.28335926799066513,0.14109467785489443,2.572533206027298,1.7510058298714748,0.2836752875794178,1209,xgboost_tuned,0.49307821839593213,True,utility_gap;ece,,1337
car,lightgbm_tuned,gbdt,label_noise,0.4,1388868441,train_only,True,low,True,ok,,0.838150289017341,0.9145678423980728,0.7365991816500003,0.5313439932446621,0.3078669586755595,0.375621423739918,0.30786695867555963,0.1725796711371628,3.1800353528758083,2.0725878060625895,0.22484469848341604,1209,xgboost_tuned,0.49307821839593213,True,utility_gap;ece,,1337
car,xgboost_tuned,gbdt,label_noise,0.0,3006672002,train_only,True,low,True,ok,,0.9961464354527938,0.9999306658197062,0.018523319595386965,0.013361750660533068,0.01155477380362082,0.007125996798832001,0.009388721908405988,0.0067598844752964045,1.6073324564373273,0.4183711750711264,0.49307821839593213,1209,xgboost_tuned,0.49307821839593213,False,,,1337
car,xgboost_tuned,gbdt,label_noise,0.05,1134764801,train_only,True,low,True,ok,,0.9710982658959537,0.997238530500463,0.12957502063842524,0.0934686198490706,0.0739205529407955,0.05409146903442879,0.06732033704260333,0.04015802747834098,3.476246274914207,-0.19311152429628375,0.45187352901667477,1209,xgboost_tuned,0.49307821839593213,True,utility_gap,,1337
car,xgboost_tuned,gbdt,label_noise,0.1,3882675880,train_only,True,low,True,ok,,0.9364161849710982,0.9901615457358497,0.3015000735932011,0.21748633050028435,0.15739585017892552,0.13791798892961551,0.15653341130577392,0.07820105427759078,3.6797859157460397,1.0855015768171379,0.3902938995673417,1209,xgboost_tuned,0.49307821839593213,True,utility_gap;ece,,1337
car,xgboost_tuned,gbdt,label_noise,0.2,2592207061,train_only,True,low,True,ok,,0.882466281310212,0.964761774882132,0.4909925522956875,0.3541762601552017,0.2154159568643714,0.2383300670582812,0.21541595686437134,0.11474517450958377,2.7219922309413347,1.1604520087274288,0.3207004939858432,1209,xgboost_tuned,0.49307821839593213,True,utility_gap;ece,,1337
car,xgboost_tuned,gbdt,label_noise,0.3,2186658839,train_only,True,low,True,ok,,0.8882466281310212,0.9613945225538374,0.5988581269313423,0.4319848249599505,0.29441209553244274,0.29229519570896045,0.29441209553244263,0.14825022907582364,3.3760560953579066,1.933022538539186,0.2812472105190225,1209,xgboost_tuned,0.49307821839593213,True,utility_gap;ece,,1337
car,xgboost_tuned,gbdt,label_noise,0.4,1388868441,train_only,True,low,True,ok,,0.8477842003853564,0.8958807121413748,0.7565005024407515,0.5456997616506407,0.32843412341681893,0.3841551542536063,0.3284341234168188,0.17458167792576085,3.134629459507959,2.2046204925411454,0.21132912612872862,1209,xgboost_tuned,0.49307821839593213,True,utility_gap;ece,,1337
churn,catboost_tuned,gbdt,covariate_shift,0.0,3823733003,test_only,True,low,True,ok,,0.9493333333333334,0.9134975975624048,0.1695378069723381,0.24459135336218252,0.011390697214467593,0.08358074126497375,0.01980484904583766,0.019677086213988206,0.8504999606744161,0.47361804477869784,0.38646861369529345,3500,catboost_tuned,0.38646861369529345,False,,,1337
churn,catboost_tuned,gbdt,covariate_shift,0.05,3332838200,test_only,True,low,True,ok,,0.944,0.9083887554201336,0.1872454286050256,0.2701380512775989,0.0132220486930746,0.09408726059612423,0.02012064813362935,0.016831809681175813,0.8197026154211059,0.4636780210383599,0.37585023927515215,3500,catboost_tuned,0.38646861369529345,False,,,1337
churn,catboost_tuned,gbdt,covariate_shift,0.1,2358782459,test_only,True,low,True,ok,,0.9133333333333333,0.8856241943044652,0.24491145243087703,0.3533325378789396,0.01604749858631109,0.13528044264265873,0.021934729574728154,0.03545131086510604,0.9731878392875888,-0.159303628913629,0.33775920692561867,3500,catboost_tuned,0.38646861369529345,True,utility_gap,,1337
churn,catboost_tuned,gbdt,covariate_shift,0.2,4194926495,test_only,True,low,True,ok,,0.832,0.82967596390484,0.455151767380431,0.6566451976515949,0.08412673560849118,0.2627243916988768,0.08322225064897619,0.11911401330142579,0.658088743757056,-0.20382673899594425,0.20136768094951732,3500,catboost_tuned,0.38646861369529345,True,utility_gap,,1337
churn,catboost_tuned,gbdt,covariate_shift,0.3,1781632616,test_only,True,low,True,ok,,0.748,0.772163951716864,0.6751390765915289,0.9740197977089529,0.15324145863208175,0.40165438041698076,0.15310121083039924,0.2104935941044097,0.4558544023693146,-0.10760314713941566,0.05960315206180018,3500,catboost_tuned,0.38646861369529345,True,utility_gap;ece;nll,,1337
churn,catboost_tuned,gbdt,covariate_shift,0.4,1359545890,test_only,True,low,True,ok,,0.6633333333333333,0.7303117309269893,0.8135739161848766,1.1737390542765347,0.20530006655456895,0.5002986167503573,0.205300066554569,0.2809999890536136,0.4671541288682697,-0.42773447379471335,-0.038072623769427986,3500,catboost_tuned,0.38646861369529345,True,utility_gap;ece;nll,,1337
churn,gbdt_ensemble,gbdt,covariate_shift,0.0,3823733003,test_only,True,low,True,ok,,0.9493333333333334,0.9140139751552795,0.1681035600754193,0.24252217247658736,0.012854827007445606,0.08260917014955131,0.021578453190458577,0.02073284836021551,0.8928782261827635,0.43997164927153953,0.38697727415988253,3500,catboost_tuned,0.38646861369529345,False,,,1337
churn,gbdt_ensemble,gbdt,covariate_shift,0.05,3332838200,test_only,True,low,True,ok,,0.9426666666666667,0.9103443982186804,0.18695559614771748,0.2697199114287518,0.01415217027328687,0.0944213919406186,0.0171557355741667,0.01721528330937033,0.8788138766367409,0.3755766945928288,0.37627413189325515,3500,catboost_tuned,0.38646861369529345,False,,,1337
churn,gbdt_ensemble,gbdt,covariate_shift,0.1,2358782459,test_only,True,low,True,ok,,0.914,0.8830716043595452,0.24961360303689917,0.36011630723976074,0.019778587345109254,0.13685043713726233,0.02533361992718309,0.04086904948096129,0.8719854306587499,-0.008379765969332759,0.3341844518848907,3500,catboost_tuned,0.38646861369529345,True,utility_gap,,1337
churn,gbdt_ensemble,gbdt,covariate_shift,0.2,4194926495,test_only,True,low,True,ok,,0.8366666666666667,0.8305732157506153,0.4393287379086423,0.6338173915008054,0.08208605909291661,0.2563089782030753,0.0748964814939209,0.1127943898321584,0.6676063111655247,-0.13229042630569576,0.20963819624389035,3500,catboost_tuned,0.38646861369529345,True,utility_gap,,1337
churn,gbdt_ensemble,gbdt,covariate_shift,0.3,1781632616,test_only,True,low,True,ok,,0.7533333333333333,0.7780821516465487,0.6218541075998493,0.8971458371907344,0.13946375132503566,0.37909686475437704,0.1342944232040028,0.19683786604686487,0.5610454440613185,-0.271181961089896,0.08829225165406458,3500,catboost_tuned,0.38646861369529345,True,utility_gap;ece;nll,,1337
churn,gbdt_ensemble,gbdt,covariate_shift,0.4,1359545890,test_only,True,low,True,ok,,0.644,0.7326958572600493,0.9308694082537886,1.3429606790029849,0.23410048441503928,0.5575367173705478,0.2315085289629957,0.30560170539408027,0.30030023377413473,-0.14956144075956376,-0.09666475054288609,3500,catboost_tuned,0.38646861369529345,True,utility_gap;ece;nll,,1337
churn,lightgbm,gbdt,covariate_shift,0.0,3823733003,test_only,True,low,True,ok,,0.944,0.8996579456228759,0.20530348835688125,0.29619032452967764,0.02361286749133165,0.09107516388572219,0.031185425891122262,0.03248773726610643,0.5760111009508899,0.5181022523858562,0.3629006101108369,3500,catboost_tuned,0.38646861369529345,False,,,1337
churn,lightgbm,gbdt,covariate_shift,0.05,3332838200,test_only,True,low,True,ok,,0.9393333333333334,0.8920441228172974,0.23280247425383602,0.3358629751126898,0.03112736996480584,0.10267184552766309,0.02793590191792431,0.03318717700390619,0.5160835059525214,0.6156361349894988,0.346131076459286,3500,catboost_tuned,0.38646861369529345,True,utility_gap,,1337
churn,lightgbm,gbdt,covariate_shift,0.1,2358782459,test_only,True,low,True,ok,,0.9133333333333333,0.8606219969530059,0.33064129395927455,0.4770145551081554,0.055834464433027746,0.15158489107394538,0.05132672681534036,0.06400721892828398,0.4712070754930758,0.39554927687969216,0.2839464395144998,3500,catboost_tuned,0.38646861369529345,True,utility_gap,,1337
churn,lightgbm,gbdt,covariate_shift,0.2,4194926495,test_only,True,low,True,ok,,0.83,0.8201577698347592,0.6411799135904482,0.9250270816545537,0.11939017213700186,0.29051504482948,0.11767586893354735,0.1398213017744351,0.33411226091115154,0.2158709658925199,0.11016906051839927,3500,catboost_tuned,0.38646861369529345,True,utility_gap;ece;nll,,1337
churn,lightgbm,gbdt,covariate_shift,0.3,1781632616,test_only,True,low,True,ok,,0.7153333333333334,0.7520325500996132,1.2408886744413614,1.7902239369118316,0.2241453217343613,0.5050558851885985,0.22373374381293526,0.2589855623228341,0.09449871068561874,0.5108793076357636,-0.2113848528855571,3500,catboost_tuned,0.38646861369529345,True,utility_gap;ece;nll,,1337
churn,lightgbm,gbdt,covariate_shift,0.4,1359545890,test_only,True,low,True,ok,,0.6526666666666666,0.7290629028477675,0.9656357054175063,1.3931178435111524,0.246666633315842,0.5325736040923348,0.2459551822999631,0.2980951748003064,0.4027121282905587,-0.6170783294420178,-0.1141966637197955,3500,catboost_tuned,0.38646861369529345,True,utility_gap;ece;nll,,1337
churn,lightgbm_tuned,gbdt,covariate_shift,0.0,3823733003,test_only,True,low,True,ok,,0.9433333333333334,0.9021263037618658,0.18466197084285693,0.26641090957577207,0.017156654022673155,0.09025005561469063,0.027138267206231165,0.027101520324429546,0.7811578499527174,0.38545922509255437,0.37388960263938675,3500,catboost_tuned,0.38646861369529345,False,,,1337
churn,lightgbm_tuned,gbdt,covariate_shift,0.05,3332838200,test_only,True,low,True,ok,,0.9353333333333333,0.893922858314778,0.20804978043498212,0.3001523864915864,0.01984436864307973,0.10437437297291051,0.023257022937795146,0.02588744503297887,0.7784824498159908,0.26805466525857524,0.35915841073408045,3500,catboost_tuned,0.38646861369529345,False,,,1337
churn,lightgbm_tuned,gbdt,covariate_shift,0.1,2358782459,test_only,True,low,True,ok,,0.9066666666666666,0.8673422301652407,0.2810222466390505,0.40542940160563334,0.03567917692937583,0.1492153098295975,0.0374151648623902,0.045124001793418064,0.7594592842335631,-0.04319825824381448,0.3108051246902691,3500,catboost_tuned,0.38646861369529345,True,utility_gap,,1337
churn,lightgbm_tuned,gbdt,covariate_shift,0.2,4194926495,test_only,True,low,True,ok,,0.8293333333333334,0.8360556076409235,0.5074552053254886,0.7321031081963731,0.08778230971072226,0.2747360466387902,0.08693591089622736,0.12770398776279412,0.4568837759891251,0.22571407848899397,0.17983206827326684,3500,catboost_tuned,0.38646861369529345,True,utility_gap,,1337
churn,lightgbm_tuned,gbdt,covariate_shift,0.3,1781632616,test_only,True,low,True,ok,,0.734,0.8060397867104183,0.6826705445033764,0.9848854091159895,0.1358342086722158,0.41751158031543034,0.13842426351421563,0.2175047164312549,0.3773777868662389,0.15775908566018973,0.06958146087940632,3500,catboost_tuned,0.38646861369529345,True,utility_gap;ece;nll,,1337
churn,lightgbm_tuned,gbdt,covariate_shift,0.4,1359545890,test_only,True,low,True,ok,,0.6293333333333333,0.737409176139693,0.8865724605865013,1.2790536922768714,0.24011238405149055,0.5597952879436445,0.2354206385958136,0.31503910717548966,0.42658333435980816,-0.4567149173415972,-0.079245372844467,3500,catboost_tuned,0.38646861369529345,True,utility_gap;ece;nll,,1337
churn,xgboost_tuned,gbdt,covariate_shift,0.0,3823733003,test_only,True,low,True,ok,,0.9433333333333334,0.8994858197585842,0.1837085198057188,0.26503537049276243,0.011012970835858895,0.0905687005966339,0.01684490685921891,0.020967714313491183,0.8243366258963736,0.331205761970202,0.37460683160050395,3500,catboost_tuned,0.38646861369529345,False,,,1337
churn,xgboost_tuned,gbdt,covariate_shift,0.05,3332838200,test_only,True,low,True,ok,,0.9293333333333333,0.8929303879057775,0.2166601534024631,0.3125745288719756,0.016090974353803758,0.11078202421374031,0.023631198043504616,0.02216933379873991,0.8246562734211612,0.2890961166644523,0.35493508223466863,3500,catboost_tuned,0.38646861369529345,True,utility_gap,,1337
churn,xgboost_tuned,gbdt,covariate_shift,0.1,2358782459,test_only,True,low,True,ok,,0.8906666666666667,0.8634089710535567,0.30325363032687325,0.437502508604155,0.053103179442555076,0.17050194374333902,0.05511745067514569,0.061541005599171264,0.9906228498362291,-0.8336160502375711,0.29392175139898735,3500,catboost_tuned,0.38646861369529345,True,utility_gap,,1337
churn,xgboost_tuned,gbdt,covariate_shift,0.2,4194926495,test_only,True,low,True,ok,,0.8746666666666667,0.812155748271417,0.35211492252986326,0.5079944525568353,0.05053472054885778,0.2017152251856885,0.05110630392680877,0.05609643718487972,0.7629431575531102,-0.11396187890431501,0.2529492320181738,3500,catboost_tuned,0.38646861369529345,True,utility_gap,,1337
churn,xgboost_tuned,gbdt,covariate_shift,0.3,1781632616,test_only,True,low,True,ok,,0.8546666666666667,0.7412618656978789,0.41907665809712097,0.6045998163890361,0.056980390835601566,0.23933426425196866,0.0539354491745227,0.06495578761867662,0.4918128583191828,0.5965079435622088,0.1948656299104264,3500,catboost_tuned,0.38646861369529345,True,utility_gap,,1337
churn,xgboost_tuned,gbdt,covariate_shift,0.4,1359545890,test_only,True,low,True,ok,,0.8426666666666667,0.6981754658385093,0.45993730720354514,0.6635492722223783,0.06376889486477025,0.26364525119086846,0.06830955817222684,0.08582142173868419,0.3329975588287937,0.9866187701244679,0.1589428524038107,3500,catboost_tuned,0.38646861369529345,True,utility_gap,,1337
churn,catboost_tuned,gbdt,label_noise,0.0,4236226618,train_only,True,low,True,ok,,0.9493333333333334,0.9134975975624048,0.1695378069723381,0.24459135336218252,0.011390697214467593,0.08358074126497375,0.01980484904583766,0.019677086213988206,0.8504999606744161,0.47361804477869784,0.38646861369529345,3500,catboost_tuned,0.38646861369529345,False,,,1337
churn,catboost_tuned,gbdt,label_noise,0.05,3563530942,train_only,True,low,True,ok,,0.9473333333333334,0.9092420602367279,0.19518611167325392,0.2815940353614029,0.05429559238594018,0.09476093471654737,0.05605419403102277,0.0548920162058758,1.149229316734628,0.5542167488430834,0.3649973919972459,3500,catboost_tuned,0.38646861369529345,False,,,1337
churn,catboost_tuned,gbdt,label_noise,0.1,3765634850,train_only,True,low,True,ok,,0.9326666666666666,0.8986032169225361,0.2590969688722295,0.3737979121013276,0.10523452492935745,0.12971564090760987,0.1012380697449694,0.1083220224197737,1.7374073815328084,0.17975383474971945,0.3212248473066178,3500,catboost_tuned,0.38646861369529345,True,utility_gap;ece,,1337
churn,catboost_tuned,gbdt,label_noise,0.2,1762843468,train_only,True,low,True,ok,,0.912,0.9033238603070431,0.3612685806536301,0.5212003897379867,0.17650413939974774,0.196672774111907,0.17466152086768247,0.19836434372375755,3.1187873229860874,-0.3660240679836148,0.2613024063061196,3500,catboost_tuned,0.38646861369529345,True,utility_gap;ece,,1337
churn,catboost_tuned,gbdt,label_noise,0.3,2534136974,train_only,True,low,True,ok,,0.8966666666666666,0.8548832473924762,0.47226068189952475,0.6813281437832847,0.24651311377987206,0.28757132871062707,0.2477058727406223,0.25965391625097034,4.588834029826406,-0.23891178726839735,0.18000807069640684,3500,catboost_tuned,0.38646861369529345,True,utility_gap;ece,,1337
churn,catboost_tuned,gbdt,label_noise,0.4,4181465848,train_only,True,low,True,ok,,0.8693333333333333,0.7445615551388727,0.5811433028090588,0.8384125610084624,0.2933598015532749,0.3894057553099765,0.29335980155327485,0.29182153296658364,5.734184525944008,0.37196138854827754,0.08080081568541174,3500,catboost_tuned,0.38646861369529345,True,utility_gap;ece;nll,,1337
churn,gbdt_ensemble,gbdt,label_noise,0.0,4236226618,train_only,True,low,True,ok,,0.9493333333333334,0.9140139751552795,0.1681035600754193,0.24252217247658736,0.012854827007445606,0.08260917014955131,0.021578453190458577,0.02073284836021551,0.8928782261827635,0.43997164927153953,0.38697727415988253,3500,catboost_tuned,0.38646861369529345,False,,,1337
churn,gbdt_ensemble,gbdt,label_noise,0.05,3563530942,train_only,True,low,True,ok,,0.9493333333333334,0.9082239540607056,0.19672561833909322,0.2838150739936247,0.05773563193721674,0.09470199111442117,0.06040425475215699,0.06355083247362626,1.1480304434730526,0.6500296211422534,0.36358673533571606,3500,catboost_tuned,0.38646861369529345,False,,,1337
churn,gbdt_ensemble,gbdt,label_noise,0.1,3765634850,train_only,True,low,True,ok,,0.9326666666666666,0.8930768780030471,0.25398528564893746,0.3664233120644889,0.09417432059133118,0.1271800101800569,0.09417432059133117,0.10269870101185788,1.6475500674751238,0.2174430160467692,0.3237150495634536,3500,catboost_tuned,0.38646861369529345,True,utility_gap,,1337
churn,gbdt_ensemble,gbdt,label_noise,0.2,1762843468,train_only,True,low,True,ok,,0.9226666666666666,0.8908429040196882,0.3462453569472803,0.4995264593986703,0.1725937720813329,0.18666368332046332,0.17259377208133286,0.184204770073675,2.3833582571892338,0.26395108662544453,0.2658183241710232,3500,catboost_tuned,0.38646861369529345,True,utility_gap;ece,,1337
churn,gbdt_ensemble,gbdt,label_noise,0.3,2534136974,train_only,True,low,True,ok,,0.8966666666666666,0.8388499062463377,0.4512676292772688,0.651041570872035,0.22597016185660354,0.2721277702066759,0.22597016185660346,0.22660473810607556,2.924162700376961,0.4398326003630992,0.18759096355328692,3500,catboost_tuned,0.38646861369529345,True,utility_gap;ece,,1337
churn,gbdt_ensemble,gbdt,label_noise,0.4,4181465848,train_only,True,low,True,ok,,0.798,0.7135349525372086,0.5731836071414234,0.8269291475417794,0.19855891740347026,0.3838969049553004,0.1985589174034702,0.2837940883078267,2.7343215391813662,0.40901978865731775,0.08164670564479513,3500,catboost_tuned,0.38646861369529345,True,utility_gap;ece;nll,,1337
churn,lightgbm,gbdt,label_noise,0.0,4236226618,train_only,True,low,True,ok,,0.944,0.8996579456228759,0.20530348835688125,0.29619032452967764,0.02361286749133165,0.09107516388572219,0.031185425891122262,0.03248773726610643,0.5760111009508899,0.5181022523858562,0.3629006101108369,3500,catboost_tuned,0.38646861369529345,False,,,1337
churn,lightgbm,gbdt,label_noise,0.05,3563530942,train_only,True,low,True,ok,,0.946,0.8950984413453651,0.19416672350217754,0.2801233691022501,0.02276375998562953,0.09432531817214534,0.032033222848031624,0.02416229036037503,0.7381001553633563,0.8829015772696522,0.3665946917430768,3500,catboost_tuned,0.38646861369529345,False,,,1337
churn,lightgbm,gbdt,label_noise,0.1,3765634850,train_only,True,low,True,ok,,0.9206666666666666,0.8785853451306692,0.24975460033466848,0.3603197233420313,0.05044553655505666,0.13312021505193342,0.051553482381647975,0.05084751131495069,1.1285133487452714,0.36338078440820404,0.3274198464821135,3500,catboost_tuned,0.38646861369529345,True,utility_gap,,1337
churn,lightgbm,gbdt,label_noise,0.2,1762843468,train_only,True,low,True,ok,,0.9033333333333333,0.835575852572366,0.33784005129033895,0.48740016661024504,0.11720709997734255,0.1901220634270382,0.11430740507196263,0.12334339372060849,1.2366117485495989,0.7370419704581311,0.25829007842178603,3500,catboost_tuned,0.38646861369529345,True,utility_gap;ece,,1337
churn,lightgbm,gbdt,label_noise,0.3,2534136974,train_only,True,low,True,ok,,0.8273333333333334,0.7578372202039142,0.4648581609196773,0.6706485634755822,0.11737373923107036,0.29281827110678144,0.1173737392310704,0.20395863996069236,1.3196706867628656,0.4822727635593664,0.16467371018248117,3500,catboost_tuned,0.38646861369529345,True,utility_gap;ece,,1337
churn,lightgbm,gbdt,label_noise,0.4,4181465848,train_only,True,low,True,ok,,0.6833333333333333,0.6266113910699637,0.6048598407872604,0.8726282927366685,0.039117455660089374,0.41587003494642794,0.048073429345359395,0.27728981146913645,0.8911515571842784,0.1873123712868274,0.05220200792146882,3500,catboost_tuned,0.38646861369529345,True,utility_gap;nll,,1337
churn,lightgbm_tuned,gbdt,label_noise,0.0,4236226618,train_only,True,low,True,ok,,0.9433333333333334,0.9021263037618658,0.18466197084285693,0.26641090957577207,0.017156654022673155,0.09025005561469063,0.027138267206231165,0.027101520324429546,0.7811578499527174,0.38545922509255437,0.37388960263938675,3500,catboost_tuned,0.38646861369529345,False,,,1337
churn,lightgbm_tuned,gbdt,label_noise,0.05,3563530942,train_only,True,low,True,ok,,0.938,0.9015641480135943,0.2199507068582771,0.31732179402445854,0.06354874042081561,0.10974912740509304,0.06110153957219494,0.06668632062730742,1.372317208350578,0.23188357055769254,0.3483411655132572,3500,catboost_tuned,0.38646861369529345,True,utility_gap,,1337
churn,lightgbm_tuned,gbdt,label_noise,0.1,3765634850,train_only,True,low,True,ok,,0.9273333333333333,0.8937690437126449,0.2709265621335976,0.3908644076352369,0.09938255852628046,0.13939538175190858,0.0993825585262804,0.103506648167137,1.656683349374699,0.211133609486038,0.3147833313035985,3500,catboost_tuned,0.38646861369529345,True,utility_gap,,1337
churn,lightgbm_tuned,gbdt,label_noise,0.2,1762843468,train_only,True,low,True,ok,,0.914,0.8693747802648542,0.35742889873292194,0.51566089967239,0.17200815451507737,0.19437838844096003,0.17114178348576833,0.17933934022919487,2.577416055543419,0.046071200913891316,0.25228127228796643,3500,catboost_tuned,0.38646861369529345,True,utility_gap;ece,,1337
churn,lightgbm_tuned,gbdt,label_noise,0.3,2534136974,train_only,True,low,True,ok,,0.904,0.8294855267783898,0.4593950382323398,0.6627669434667924,0.23984201958134965,0.27769003421745864,0.23984201958134957,0.23972320130451802,2.7985811296759793,0.5945926520938303,0.17912144741612876,3500,catboost_tuned,0.38646861369529345,True,utility_gap;ece,,1337
churn,lightgbm_tuned,gbdt,label_noise,0.4,4181465848,train_only,True,low,True,ok,,0.8013333333333333,0.661084173209891,0.5839456346641584,0.8424554712787397,0.20959446379691882,0.3935304269736401,0.2095944637969188,0.28470421906720733,2.5603162508664163,0.5434730274352475,0.05692392648045613,3500,catboost_tuned,0.38646861369529345,True,utility_gap;ece;nll,,1337
churn,xgboost_tuned,gbdt,label_noise,0.0,4236226618,train_only,True,low,True,ok,,0.9433333333333334,0.8994858197585842,0.1837085198057188,0.26503537049276243,0.011012970835858895,0.0905687005966339,0.01684490685921891,0.020967714313491183,0.8243366258963736,0.331205761970202,0.37460683160050395,3500,catboost_tuned,0.38646861369529345,False,,,1337
churn,xgboost_tuned,gbdt,label_noise,0.05,3563530942,train_only,True,low,True,ok,,0.9433333333333334,0.9052904898628851,0.19484238982745117,0.281098149559018,0.03963786800164389,0.09673436632151049,0.03968829145029893,0.042895763451030855,1.1705901379615682,0.28177456392253325,0.3660946529839756,3500,catboost_tuned,0.38646861369529345,False,,,1337
churn,xgboost_tuned,gbdt,label_noise,0.1,3765634850,train_only,True,low,True,ok,,0.9326666666666666,0.8970540841439119,0.2675493992199118,0.3859921914473882,0.10282982603054178,0.13612582603588436,0.10253000344240619,0.1047015283648865,1.5769673554438592,0.3460460516757392,0.31750530681004435,3500,catboost_tuned,0.38646861369529345,True,utility_gap;ece,,1337
churn,xgboost_tuned,gbdt,label_noise,0.2,1762843468,train_only,True,low,True,ok,,0.9113333333333333,0.8774866694011484,0.36064317638422266,0.5202981220999617,0.1710642646567807,0.1968655829703749,0.1688774766173902,0.17854688395559346,2.683619084515161,-0.10319992108099423,0.25351804472905726,3500,catboost_tuned,0.38646861369529345,True,utility_gap;ece,,1337
churn,xgboost_tuned,gbdt,label_noise,0.3,2534136974,train_only,True,low,True,ok,,0.8973333333333333,0.8308991562170397,0.4631435666669933,0.6681749268500983,0.2366046968447846,0.28091178681232337,0.23655770305074497,0.23907460794326485,3.318733319522432,0.2996255830347735,0.17764128725197748,3500,catboost_tuned,0.38646861369529345,True,utility_gap;ece,,1337
churn,xgboost_tuned,gbdt,label_noise,0.4,4181465848,train_only,True,low,True,ok,,0.8013333333333333,0.6421539903902497,0.5863105684645634,0.8458673495446147,0.21142187287770314,0.3956530417135802,0.21490357709492988,0.28642639265818004,2.5084101500148206,0.5731802865995487,0.04890931719766234,3500,catboost_tuned,0.38646861369529345,True,utility_gap;ece;nll,,1337
climate-model-simulation-crashes,catboost_tuned,gbdt,covariate_shift,0.0,1329211788,test_only,True,low,True,ok,,0.9506172839506173,0.9527027027027027,0.14719338825412018,0.21235517128586298,0.020533197505174558,0.08485422741943681,0.04132568533084125,0.0329711803517777,0.9476523494121308,0.15446140918519663,0.40822534765174473,378,catboost_tuned,0.40822534765174473,False,,,1337
climate-model-simulation-crashes,catboost_tuned,gbdt,covariate_shift,0.05,3204455056,test_only,True,low,True,ok,,0.9382716049382716,0.9546332046332047,0.1447745974285867,0.2088655937569181,0.03597905500235093,0.08527051966793228,0.020669351703657853,0.049566495787335386,1.2439230203289657,-0.29327790404087173,0.40500687323481677,378,catboost_tuned,0.40822534765174473,False,,,1337
climate-model-simulation-crashes,catboost_tuned,gbdt,covariate_shift,0.1,631691699,test_only,True,low,True,ok,,0.9320987654320988,0.9493243243243245,0.1517496558769231,0.2189284759902437,0.04332197718720361,0.09204487314583852,0.035172283124438604,0.053224478425977724,1.4238476397277464,-0.37288688330200126,0.3977353900938145,378,catboost_tuned,0.40822534765174473,False,,,1337
climate-model-simulation-crashes,catboost_tuned,gbdt,covariate_shift,0.2,149966327,test_only,True,low,True,ok,,0.9012345679012346,0.9416023166023165,0.18382739793864047,0.2652068753855987,0.06507865662417292,0.11244673114527773,0.061140775232233914,0.07981223889678521,2.598333017974946,-1.4018170578748,0.3721682020554818,378,catboost_tuned,0.40822534765174473,True,utility_gap,,1337
climate-model-simulation-crashes,catboost_tuned,gbdt,covariate_shift,0.3,3746745836,test_only,True,low,True,ok,,0.8950617283950617,0.9266409266409267,0.24379829303077344,0.35172658833269116,0.053673354927793765,0.15072088809675754,0.0599214812864717,0.11581130577933996,1.4975809482640903,0.014165534974118422,0.34233093609821746,378,catboost_tuned,0.40822534765174473,True,utility_gap,,1337
climate-model-simulation-crashes,catboost_tuned,gbdt,covariate_shift,0.4,3718299551,test_only,True,low,True,ok,,0.8950617283950617,0.8856177606177605,0.2838907209523062,0.40956773527228474,0.0881946884898631,0.17132986911791875,0.10751117856845924,0.13618387519402655,1.9788975208968125,0.1876405511620274,0.3037162171958174,378,catboost_tuned,0.40822534765174473,True,utility_gap,,1337
climate-model-simulation-crashes,gbdt_ensemble,gbdt,covariate_shift,0.0,1329211788,test_only,True,low,True,ok,,0.9506172839506173,0.9575289575289576,0.14615161002790053,0.2108522030051898,0.025547014077473267,0.0839759379856777,0.041339303527715796,0.03510499690221587,0.9543019956281573,-0.011221222154273666,0.40936266401067617,378,catboost_tuned,0.40822534765174473,False,,,1337
climate-model-simulation-crashes,gbdt_ensemble,gbdt,covariate_shift,0.05,3204455056,test_only,True,low,True,ok,,0.9506172839506173,0.9555984555984557,0.14521758560164139,0.20950469059735657,0.03468180705693041,0.08459016082915544,0.027901141944452968,0.03953470822688543,0.9482693821201192,0.30074740700473135,0.407264283461459,378,catboost_tuned,0.40822534765174473,False,,,1337
climate-model-simulation-crashes,gbdt_ensemble,gbdt,covariate_shift,0.1,631691699,test_only,True,low,True,ok,,0.9444444444444444,0.9507722007722008,0.15198596858134733,0.2192694031570156,0.04886072401978213,0.09310847068671067,0.046515914493045145,0.061585332848095864,1.0671913598982767,0.19102804346046512,0.3988839711858758,378,catboost_tuned,0.40822534765174473,False,,,1337
climate-model-simulation-crashes,gbdt_ensemble,gbdt,covariate_shift,0.2,149966327,test_only,True,low,True,ok,,0.9135802469135802,0.9329150579150579,0.184154479905032,0.26567875491647597,0.05213804888731335,0.11430222906405794,0.052703942469650586,0.05855668096829067,1.6869345035502301,-0.8977982788327782,0.37342607105490183,378,catboost_tuned,0.40822534765174473,True,utility_gap,,1337
climate-model-simulation-crashes,gbdt_ensemble,gbdt,covariate_shift,0.3,3746745836,test_only,True,low,True,ok,,0.9012345679012346,0.9160231660231661,0.2143567466703889,0.30925141540246187,0.06545509889250944,0.12832651481686821,0.06037530975470743,0.08125094274608737,2.1754348663580845,-1.0678055814189535,0.34992684889405284,378,catboost_tuned,0.40822534765174473,True,utility_gap,,1337
climate-model-simulation-crashes,gbdt_ensemble,gbdt,covariate_shift,0.4,3718299551,test_only,True,low,True,ok,,0.9135802469135802,0.8836872586872588,0.2413019700578537,0.3481251555592027,0.06519136191017111,0.13969645551586746,0.06898296349179973,0.07162192385481347,1.8653503632090935,-0.12221481503229893,0.32885175852778253,378,catboost_tuned,0.40822534765174473,True,utility_gap,,1337
climate-model-simulation-crashes,lightgbm,gbdt,covariate_shift,0.0,1329211788,test_only,True,low,True,ok,,0.9444444444444444,0.9478764478764479,0.3165444519380054,0.45667711103187525,0.05274905241050257,0.09850849695211969,0.04466670265931208,0.05646232333209482,0.33632030011582487,-0.3423283460986423,0.32587047963176036,378,catboost_tuned,0.40822534765174473,True,utility_gap,,1337
climate-model-simulation-crashes,lightgbm,gbdt,covariate_shift,0.05,3204455056,test_only,True,low,True,ok,,0.9259259259259259,0.9483590733590734,0.30304721170275667,0.4372047094787949,0.06574316427459448,0.1257856649134492,0.06323600551598055,0.0657431642745944,0.4698399257688328,-1.283076288768427,0.3265045188660072,378,catboost_tuned,0.40822534765174473,True,utility_gap,,1337
climate-model-simulation-crashes,lightgbm,gbdt,covariate_shift,0.1,631691699,test_only,True,low,True,ok,,0.9197530864197531,0.9599420849420849,0.2966337945096135,0.42795210429909525,0.07123057342879449,0.14007657213785507,0.07126055658637985,0.07123057342879438,0.6057253818564273,-2.0400264908759382,0.3313109467172052,378,catboost_tuned,0.40822534765174473,True,utility_gap,,1337
climate-model-simulation-crashes,lightgbm,gbdt,covariate_shift,0.2,149966327,test_only,True,low,True,ok,,0.9074074074074074,0.9039575289575289,0.40853187721154816,0.5893869132981595,0.10194426556681244,0.17512394196683126,0.07103370675387961,0.10194426556681249,0.3399303994883841,-0.36848761294191246,0.25529131914343584,378,catboost_tuned,0.40822534765174473,True,utility_gap;ece,,1337
climate-model-simulation-crashes,lightgbm,gbdt,covariate_shift,0.3,3746745836,test_only,True,low,True,ok,,0.8950617283950617,0.8667953667953667,0.4107935808709058,0.5926498619514752,0.09220086088938062,0.18791922225273172,0.07252129236526614,0.10991354898838052,0.34799028016091305,-0.14419494153963708,0.2414025068743189,378,catboost_tuned,0.40822534765174473,True,utility_gap,,1337
climate-model-simulation-crashes,lightgbm,gbdt,covariate_shift,0.4,3718299551,test_only,True,low,True,ok,,0.9074074074074074,0.8489382239382239,0.39638688918204,0.5718653992963323,0.08881284445077138,0.17637626355832547,0.08209116776058666,0.10969870653990973,0.30437963958038017,0.35375915966061033,0.2439173008104355,378,catboost_tuned,0.40822534765174473,True,utility_gap,,1337
climate-model-simulation-crashes,lightgbm_tuned,gbdt,covariate_shift,0.0,1329211788,test_only,True,low,True,ok,,0.9382716049382716,0.9121621621621622,0.2188395232648311,0.3157186949646768,0.0446002087578503,0.10114005703822794,0.04025041222940153,0.051674474275013406,0.5859337716778157,-0.2218537078579655,0.35636184725652437,378,catboost_tuned,0.40822534765174473,True,utility_gap,,1337
climate-model-simulation-crashes,lightgbm_tuned,gbdt,covariate_shift,0.05,3204455056,test_only,True,low,True,ok,,0.9197530864197531,0.9184362934362934,0.20956379776089823,0.3023366517795055,0.047152184783697204,0.11237448314678637,0.05256850926544247,0.06233032070175075,0.7477275443401378,-0.7788657455101013,0.3592842331750745,378,catboost_tuned,0.40822534765174473,True,utility_gap,,1337
climate-model-simulation-crashes,lightgbm_tuned,gbdt,covariate_shift,0.1,631691699,test_only,True,low,True,ok,,0.9197530864197531,0.9498069498069499,0.1823130165480063,0.26302208486331624,0.04966086783086681,0.11947727304607984,0.04947974458311675,0.0609612979459244,1.00201476245142,-1.335476797735249,0.38155659637022715,378,catboost_tuned,0.40822534765174473,False,,,1337
climate-model-simulation-crashes,lightgbm_tuned,gbdt,covariate_shift,0.2,149966327,test_only,True,low,True,ok,,0.8950617283950617,0.903957528957529,0.24087444340473083,0.34750836497689447,0.05534754397307344,0.14920096734525526,0.051491718099191536,0.07539954113799298,0.7556582184899754,-0.5417861416852017,0.3353223761067113,378,catboost_tuned,0.40822534765174473,True,utility_gap,,1337
climate-model-simulation-crashes,lightgbm_tuned,gbdt,covariate_shift,0.3,3746745836,test_only,True,low,True,ok,,0.8827160493827161,0.8817567567567568,0.2578932737749451,0.37206134715373307,0.04206043644522541,0.16895264459201473,0.06371703977810296,0.07258134290257011,0.793865566227357,-0.21737492278996745,0.3209917808371073,378,catboost_tuned,0.40822534765174473,True,utility_gap,,1337
climate-model-simulation-crashes,lightgbm_tuned,gbdt,covariate_shift,0.4,3718299551,test_only,True,low,True,ok,,0.8518518518518519,0.8595559845559846,0.2784377875028452,0.4017008152264498,0.08000663255555243,0.19381543898089368,0.07518979328741426,0.09036698075864733,1.3293599532432558,-1.397579251643735,0.29211080129332695,378,catboost_tuned,0.40822534765174473,True,utility_gap,,1337
climate-model-simulation-crashes,xgboost_tuned,gbdt,covariate_shift,0.0,1329211788,test_only,True,low,True,ok,,0.9444444444444444,0.9372586872586872,0.1832668422932596,0.26439816453586534,0.04547668131418864,0.09041193181652177,0.040972995390289126,0.04888792675868264,0.7039432329985268,-0.4216814018832819,0.3812924215836098,378,catboost_tuned,0.40822534765174473,False,,,1337
climate-model-simulation-crashes,xgboost_tuned,gbdt,covariate_shift,0.05,3204455056,test_only,True,low,True,ok,,0.9444444444444444,0.9416023166023165,0.15822958614058397,0.22827703924693354,0.04706384689500712,0.09231448298137529,0.03163382911745962,0.05079632486080109,0.7888644234626598,0.017819574011287725,0.39333159632439596,378,catboost_tuned,0.40822534765174473,False,,,1337
climate-model-simulation-crashes,xgboost_tuned,gbdt,covariate_shift,0.1,631691699,test_only,True,low,True,ok,,0.9320987654320988,0.9251930501930502,0.21801685236919904,0.3145318317432647,0.05519317875520156,0.11160673878929885,0.03728020514592152,0.0577964631259537,0.587591380483324,-0.1399210021423863,0.35823419710836263,378,catboost_tuned,0.40822534765174473,True,utility_gap,,1337
climate-model-simulation-crashes,xgboost_tuned,gbdt,covariate_shift,0.2,149966327,test_only,True,low,True,ok,,0.9135802469135802,0.9073359073359074,0.21868819259624092,0.3155003709595673,0.059737133799612444,0.14002079487118227,0.04085766298925935,0.07233455866758208,0.7750971019821691,-0.08955791197572377,0.34800706655681196,378,catboost_tuned,0.40822534765174473,True,utility_gap,,1337
climate-model-simulation-crashes,xgboost_tuned,gbdt,covariate_shift,0.3,3746745836,test_only,True,low,True,ok,,0.8888888888888888,0.8918918918918919,0.2216895117375105,0.31983035920080205,0.03315469852635379,0.14414708099906995,0.042056546119505364,0.060687166834380316,1.375101685186732,-0.7955016799601918,0.34291544802998414,378,catboost_tuned,0.40822534765174473,True,utility_gap,,1337
climate-model-simulation-crashes,xgboost_tuned,gbdt,covariate_shift,0.4,3718299551,test_only,True,low,True,ok,,0.9074074074074074,0.8713803088803089,0.22668314819737645,0.327034653757453,0.05488083149292064,0.14478541599692726,0.04322065887739842,0.06874602524151852,1.1313779747758348,-0.004457584410574424,0.3320076567933992,378,catboost_tuned,0.40822534765174473,True,utility_gap,,1337
climate-model-simulation-crashes,catboost_tuned,gbdt,label_noise,0.0,4271218180,train_only,True,low,True,ok,,0.9506172839506173,0.9527027027027027,0.14719338825412018,0.21235517128586298,0.020533197505174558,0.08485422741943681,0.04132568533084125,0.0329711803517777,0.9476523494121308,0.15446140918519663,0.40822534765174473,378,catboost_tuned,0.40822534765174473,False,,,1337
climate-model-simulation-crashes,catboost_tuned,gbdt,label_noise,0.05,274534605,train_only,True,low,True,ok,,0.9320987654320988,0.8716216216216216,0.2004100161349635,0.289130536422389,0.06856627848315533,0.10503858256094178,0.05862388939403611,0.06856627848315536,1.6079416525345913,-0.58420959181858,0.34442996575903456,378,catboost_tuned,0.40822534765174473,True,utility_gap,,1337
climate-model-simulation-crashes,catboost_tuned,gbdt,label_noise,0.1,751852805,train_only,True,low,True,ok,,0.9382716049382716,0.8416988416988417,0.23921289522136416,0.3451112576525533,0.08053892637793864,0.12139446556417827,0.08198512840027443,0.08053892637793869,1.4355241706259299,0.3456178412763277,0.3156941727639816,378,catboost_tuned,0.40822534765174473,True,utility_gap,,1337
climate-model-simulation-crashes,catboost_tuned,gbdt,label_noise,0.2,1525610538,train_only,True,low,True,ok,,0.9074074074074074,0.8185328185328186,0.3303537127548258,0.4765996631306443,0.15711767729346884,0.17962312959658733,0.14973246981598196,0.1568439068429645,2.6524592140169085,-0.3594450205659941,0.24819416319971058,378,catboost_tuned,0.40822534765174473,True,utility_gap;ece,,1337
climate-model-simulation-crashes,catboost_tuned,gbdt,label_noise,0.3,3436333010,train_only,True,low,True,ok,,0.8950617283950617,0.7403474903474903,0.4524226851439012,0.6527079642427752,0.22283901200758172,0.2743287182882636,0.22283901200758172,0.25151996499020146,2.4212026960477795,0.6904844859879837,0.1530006892065319,378,catboost_tuned,0.40822534765174473,True,utility_gap;ece,,1337
climate-model-simulation-crashes,catboost_tuned,gbdt,label_noise,0.4,2166925723,train_only,True,low,True,ok,,0.7901234567901234,0.7427606177606177,0.5436014873702161,0.7842511700488752,0.16109176259336594,0.3585584952771153,0.1787512148748281,0.32210205913984014,2.3605738537056298,0.2488779543696179,0.11099103120139894,378,catboost_tuned,0.40822534765174473,True,utility_gap;ece;nll,,1337
climate-model-simulation-crashes,gbdt_ensemble,gbdt,label_noise,0.0,4271218180,train_only,True,low,True,ok,,0.9506172839506173,0.9575289575289576,0.14615161002790053,0.2108522030051898,0.025547014077473267,0.0839759379856777,0.041339303527715796,0.03510499690221587,0.9543019956281573,-0.011221222154273666,0.40936266401067617,378,catboost_tuned,0.40822534765174473,False,,,1337
climate-model-simulation-crashes,gbdt_ensemble,gbdt,label_noise,0.05,274534605,train_only,True,low,True,ok,,0.9320987654320988,0.8981660231660231,0.18432707016385702,0.26592775002698854,0.060015781883655764,0.09839888930132715,0.05774234710689991,0.060015781883655736,1.7777019003952892,-1.3319483551402798,0.36239144153809516,378,catboost_tuned,0.40822534765174473,True,utility_gap,,1337
climate-model-simulation-crashes,gbdt_ensemble,gbdt,label_noise,0.1,751852805,train_only,True,low,True,ok,,0.9382716049382716,0.8315637065637066,0.2206874804519473,0.3183847336343044,0.07101506222992789,0.11185394205368629,0.06928635592718088,0.07101506222992789,1.247940992947709,0.34803670103235385,0.32206960550176106,378,catboost_tuned,0.40822534765174473,True,utility_gap,,1337
climate-model-simulation-crashes,gbdt_ensemble,gbdt,label_noise,0.2,1525610538,train_only,True,low,True,ok,,0.9074074074074074,0.8716216216216216,0.2968403032627028,0.4282500334530773,0.14802429925109523,0.1562675513231918,0.15301688180942102,0.14802429925109528,3.344343676035938,-1.193005052472625,0.2830988087925364,378,catboost_tuned,0.40822534765174473,True,utility_gap;ece,,1337
climate-model-simulation-crashes,gbdt_ensemble,gbdt,label_noise,0.3,3436333010,train_only,True,low,True,ok,,0.9012345679012346,0.7268339768339769,0.43088975177754646,0.6216425080593427,0.21195364681375578,0.255774848966292,0.20960532839611376,0.23334055220906674,1.8847965349473952,0.8992287810355295,0.1606935952965231,378,catboost_tuned,0.40822534765174473,True,utility_gap;ece,,1337
climate-model-simulation-crashes,gbdt_ensemble,gbdt,label_noise,0.4,2166925723,train_only,True,low,True,ok,,0.808641975308642,0.7442084942084941,0.5333828816601119,0.7695088382661084,0.18001693487538992,0.34792726072058094,0.20481781423415524,0.31267148123641453,2.9200647694928987,0.1515079879416889,0.11491323081435875,378,catboost_tuned,0.40822534765174473,True,utility_gap;ece;nll,,1337
climate-model-simulation-crashes,lightgbm,gbdt,label_noise,0.0,4271218180,train_only,True,low,True,ok,,0.9444444444444444,0.9478764478764479,0.3165444519380054,0.45667711103187525,0.05274905241050257,0.09850849695211969,0.04466670265931208,0.05646232333209482,0.33632030011582487,-0.3423283460986423,0.32587047963176036,378,catboost_tuned,0.40822534765174473,True,utility_gap,,1337
climate-model-simulation-crashes,lightgbm,gbdt,label_noise,0.05,274534605,train_only,True,low,True,ok,,0.9444444444444444,0.8658301158301158,0.2612464474572424,0.3768989541964228,0.03891952208625727,0.09262428278411176,0.04499179667475645,0.04602887364710042,0.38946008227142453,0.4154092253011255,0.3238536165310289,378,catboost_tuned,0.40822534765174473,True,utility_gap,,1337
climate-model-simulation-crashes,lightgbm,gbdt,label_noise,0.1,751852805,train_only,True,low,True,ok,,0.9074074074074074,0.7972972972972974,0.31426622774660984,0.45339032828891557,0.06256391309486661,0.14305108065635433,0.05045738588121194,0.08154721584997748,0.48449654740285725,0.09465534596981368,0.26663528405951714,378,catboost_tuned,0.40822534765174473,True,utility_gap,,1337
climate-model-simulation-crashes,lightgbm,gbdt,label_noise,0.2,1525610538,train_only,True,low,True,ok,,0.8703703703703703,0.8161196911196911,0.30417514159302317,0.4388319683379528,0.06989078454603086,0.18834726125532922,0.08653572528180033,0.09996092295635882,0.9044759699656221,-0.4160187358075881,0.2705697000368554,378,catboost_tuned,0.40822534765174473,True,utility_gap,,1337
climate-model-simulation-crashes,lightgbm,gbdt,label_noise,0.3,3436333010,train_only,True,low,True,ok,,0.7592592592592593,0.6356177606177607,0.515997712864745,0.744427341460015,0.10930587789802249,0.33128409292007294,0.11105594636731798,0.1868934994951259,0.6509344048347634,-0.10066175750619259,0.09116572708749608,378,catboost_tuned,0.40822534765174473,True,utility_gap;ece,,1337
climate-model-simulation-crashes,lightgbm,gbdt,label_noise,0.4,2166925723,train_only,True,low,True,ok,,0.6790123456790124,0.668918918918919,0.6594039458169376,0.9513188025727106,0.119077078983547,0.43283614257163233,0.11795414082524966,0.28290871224919534,0.4404879694767077,0.11201979097674035,0.026762416904950875,378,catboost_tuned,0.40822534765174473,True,utility_gap;ece;nll,,1337
climate-model-simulation-crashes,lightgbm_tuned,gbdt,label_noise,0.0,4271218180,train_only,True,low,True,ok,,0.9382716049382716,0.9121621621621622,0.2188395232648311,0.3157186949646768,0.0446002087578503,0.10114005703822794,0.04025041222940153,0.051674474275013406,0.5859337716778157,-0.2218537078579655,0.35636184725652437,378,catboost_tuned,0.40822534765174473,True,utility_gap,,1337
climate-model-simulation-crashes,lightgbm_tuned,gbdt,label_noise,0.05,274534605,train_only,True,low,True,ok,,0.9444444444444444,0.8156370656370656,0.20752101030241535,0.29938953244356215,0.04940945243708481,0.10076468432155285,0.06457299427630242,0.055163586116853514,0.5462809538923329,1.218310458159579,0.32744088941915406,378,catboost_tuned,0.40822534765174473,True,utility_gap,,1337
climate-model-simulation-crashes,lightgbm_tuned,gbdt,label_noise,0.1,751852805,train_only,True,low,True,ok,,0.9259259259259259,0.8098455598455598,0.24113618475787518,0.3478859779290714,0.045405552245815016,0.13410278805867654,0.06725300086172467,0.06876758261228882,0.8889737920111251,0.7691357488750786,0.3088879310069504,378,catboost_tuned,0.40822534765174473,True,utility_gap,,1337
climate-model-simulation-crashes,lightgbm_tuned,gbdt,label_noise,0.2,1525610538,train_only,True,low,True,ok,,0.8950617283950617,0.8233590733590734,0.30779147454532385,0.44404923395444035,0.08395872576358217,0.17815726634353907,0.08934092664628016,0.13656667017499813,1.763730982125584,-0.04654184397348321,0.27242841959588643,378,catboost_tuned,0.40822534765174473,True,utility_gap,,1337
climate-model-simulation-crashes,lightgbm_tuned,gbdt,label_noise,0.3,3436333010,train_only,True,low,True,ok,,0.7654320987654321,0.7065637065637065,0.46121193774492236,0.6653881753833888,0.13517467854857151,0.2945854948741984,0.14382495770704423,0.2410557096252427,2.420043401040045,-0.6320340059585703,0.1354607237873811,378,catboost_tuned,0.40822534765174473,True,utility_gap;ece,,1337
climate-model-simulation-crashes,lightgbm_tuned,gbdt,label_noise,0.4,2166925723,train_only,True,low,True,ok,,0.6975308641975309,0.6800193050193051,0.5893121456754247,0.8501977101015696,0.04510429216558935,0.40399113452928836,0.129450494156545,0.33283761621932895,1.022621821453853,0.15244498240081986,0.07855621492279766,378,catboost_tuned,0.40822534765174473,True,utility_gap;nll,,1337
climate-model-simulation-crashes,xgboost_tuned,gbdt,label_noise,0.0,4271218180,train_only,True,low,True,ok,,0.9444444444444444,0.9372586872586872,0.1832668422932596,0.26439816453586534,0.04547668131418864,0.09041193181652177,0.040972995390289126,0.04888792675868264,0.7039432329985268,-0.4216814018832819,0.3812924215836098,378,catboost_tuned,0.40822534765174473,False,,,1337
climate-model-simulation-crashes,xgboost_tuned,gbdt,label_noise,0.05,274534605,train_only,True,low,True,ok,,0.9567901234567902,0.8745173745173744,0.1723209330613674,0.24860655556899378,0.032379324626192175,0.0838451773274168,0.036289385000091615,0.035911012679046575,0.5438713762784233,1.24136831709952,0.3685417680036629,378,catboost_tuned,0.40822534765174473,True,utility_gap,,1337
climate-model-simulation-crashes,xgboost_tuned,gbdt,label_noise,0.1,751852805,train_only,True,low,True,ok,,0.9259259259259259,0.7924710424710425,0.23148454067265056,0.33396159887089255,0.07509980863598367,0.12120355591641342,0.07497426905690256,0.0754643465407037,1.1233814679344165,0.37555803859980025,0.30104531236528925,378,catboost_tuned,0.40822534765174473,True,utility_gap,,1337
climate-model-simulation-crashes,xgboost_tuned,gbdt,label_noise,0.2,1525610538,train_only,True,low,True,ok,,0.9074074074074074,0.7519305019305019,0.3196477919930133,0.4611542843394272,0.09665800352322827,0.18474377973693007,0.10898248094266941,0.12613838656281617,1.0244616689014914,0.870175579511896,0.24160890078031297,378,catboost_tuned,0.40822534765174473,True,utility_gap,,1337
climate-model-simulation-crashes,xgboost_tuned,gbdt,label_noise,0.3,3436333010,train_only,True,low,True,ok,,0.8333333333333334,0.7413127413127414,0.4492111207078576,0.6480746561573998,0.12093916835550675,0.2808524444477549,0.14357163883250043,0.23636343186341918,1.469838929009157,0.4326330176409542,0.16584922894113818,378,catboost_tuned,0.40822534765174473,True,utility_gap;ece,,1337
climate-model-simulation-crashes,xgboost_tuned,gbdt,label_noise,0.4,2166925723,train_only,True,low,True,ok,,0.7098765432098766,0.6944980694980696,0.5960551192863041,0.8599257646908304,0.08549605643025261,0.40839386985437476,0.09176573164871256,0.33942317424261237,0.855086668226787,0.39883476694249426,0.07447886511250618,378,catboost_tuned,0.40822534765174473,True,utility_gap;nll,,1337
cmc,catboost_tuned,gbdt,covariate_shift,0.0,3426019478,test_only,False,high,True,ok,,0.5497737556561086,0.7401455563016895,0.9052672499245632,0.8240097614619383,0.04012715988742907,0.5384457206385608,0.06409583054532278,0.054183891437083444,1.6151850442823368,-0.031251006934223044,0.08628864763794031,1031,catboost_tuned,0.08628864763794031,True,nll,,1337
cmc,catboost_tuned,gbdt,covariate_shift,0.05,2393874657,test_only,False,low,True,ok,,0.5542986425339367,0.7412772323402114,0.9040858679963162,0.8229344212892198,0.04774597466004204,0.5384487432176368,0.05017552608371517,0.05381062056620251,1.4913302659280114,-0.0021911741692537522,0.08616230638039012,1031,catboost_tuned,0.08628864763794031,True,nll,,1337
cmc,catboost_tuned,gbdt,covariate_shift,0.1,511224812,test_only,False,low,True,ok,,0.5113122171945701,0.7015567408726939,0.9552010065696794,0.8694614254931615,0.0622689971181137,0.5741363836523159,0.10149455717431238,0.05802470292592358,1.5184003339312193,-0.06268087142722494,0.04894946481305717,1031,catboost_tuned,0.08628864763794031,True,utility_gap;nll,,1337
cmc,catboost_tuned,gbdt,covariate_shift,0.2,307649526,test_only,False,low,True,ok,,0.5339366515837104,0.6960095243977372,0.9602346675684691,0.8740432611878015,0.03967709693982823,0.5772516279584241,0.061719047941279526,0.05059283368143606,1.0095908080229217,0.02998386784095918,0.053545433532458456,1031,catboost_tuned,0.08628864763794031,True,utility_gap;nll,,1337
cmc,catboost_tuned,gbdt,covariate_shift,0.3,1345879860,test_only,False,low,True,ok,,0.4819004524886878,0.6617300958060987,1.0061054438051522,0.9157966410742526,0.07904460326908404,0.6090555556806034,0.08649981124626448,0.08254597610544172,0.9096764249557249,-0.17356007384912697,0.013342688429345082,1031,catboost_tuned,0.08628864763794031,True,utility_gap;nll,,1337
cmc,catboost_tuned,gbdt,covariate_shift,0.4,3233909296,test_only,False,low,True,ok,,0.4411764705882353,0.6395872867245092,1.0384046221229513,0.9451966201669284,0.08923134357359234,0.6287920976090926,0.09477826943594504,0.08954579589821843,1.1359411990082182,-0.3685310232786733,-0.011373233822983518,1031,catboost_tuned,0.08628864763794031,True,utility_gap;nll,,1337
cmc,gbdt_ensemble,gbdt,covariate_shift,0.0,3426019478,test_only,False,high,True,ok,,0.5452488687782805,0.7117102052098415,1.0707514403138754,0.9746399629408741,0.16528219133576982,0.6035295275704796,0.15575679404143214,0.11795959854282413,0.6053697453710114,-0.45452969801998117,0.005437474990770429,1031,catboost_tuned,0.08628864763794031,True,utility_gap;ece;nll,,1337
cmc,gbdt_ensemble,gbdt,covariate_shift,0.05,2393874657,test_only,False,low,True,ok,,0.5475113122171946,0.7194676727070738,1.0537990736337477,0.9592092538044601,0.15124140358675112,0.5920807681815198,0.1501996565468404,0.11241718686873674,0.647749139403068,-0.4782089962030152,0.01592932542136674,1031,catboost_tuned,0.08628864763794031,True,utility_gap;ece;nll,,1337
cmc,gbdt_ensemble,gbdt,covariate_shift,0.1,511224812,test_only,False,low,True,ok,,0.5158371040723982,0.6821954876288462,1.1176263274278615,1.017307323935729,0.18255688443893758,0.6460644463982698,0.17317567569307615,0.12740174681954428,0.48016058505814785,-0.3945877354806969,-0.025559587787550374,1031,catboost_tuned,0.08628864763794031,True,utility_gap;ece;nll,,1337
cmc,gbdt_ensemble,gbdt,covariate_shift,0.2,307649526,test_only,False,low,True,ok,,0.502262443438914,0.6833618741986353,1.1146944952780122,1.0146386553070506,0.19608469770377057,0.6526719862948643,0.19006047571583923,0.14427556883383763,0.49208654548590897,-0.4801225459707463,-0.029092513647509866,1031,catboost_tuned,0.08628864763794031,True,utility_gap;ece;nll,,1337
cmc,gbdt_ensemble,gbdt,covariate_shift,0.3,1345879860,test_only,False,low,True,ok,,0.4592760180995475,0.6396139877489296,1.2170212400949842,1.1077804723724929,0.21982647218423612,0.7083112850360178,0.21982647218423612,0.1545248726523728,0.3142185848899935,-0.45543794644181107,-0.08354313772153761,1031,catboost_tuned,0.08628864763794031,True,utility_gap;ece;nll,,1337
cmc,gbdt_ensemble,gbdt,covariate_shift,0.4,3233909296,test_only,False,low,True,ok,,0.43665158371040724,0.6270580904764366,1.2588445766263716,1.145849713871777,0.23542049142758056,0.7259377958670495,0.23542049142758056,0.1681516177096352,0.4131030265372469,-0.6265931452958423,-0.10587094322373534,1031,catboost_tuned,0.08628864763794031,True,utility_gap;ece;nll,,1337
cmc,lightgbm,gbdt,covariate_shift,0.0,3426019478,test_only,False,high,True,ok,,0.5520361990950227,0.7105638178781487,1.1033762669398193,1.004336359897708,0.15204269486086114,0.60409877767067,0.16703178653348924,0.12263487625680643,0.5035932356359503,-0.3441171985191589,-0.00020668081987919307,1031,catboost_tuned,0.08628864763794031,True,utility_gap;ece;nll,,1337
cmc,lightgbm,gbdt,covariate_shift,0.05,2393874657,test_only,False,low,True,ok,,0.5339366515837104,0.7105672196629899,1.1073777203906667,1.0079786397921906,0.1698419932321397,0.6076582986563112,0.16984199323213972,0.13385446754861854,0.5721435120505458,-0.5174326576778614,-0.007572965964482113,1031,catboost_tuned,0.08628864763794031,True,utility_gap;ece;nll,,1337
cmc,lightgbm,gbdt,covariate_shift,0.1,511224812,test_only,False,low,True,ok,,0.497737556561086,0.6607519297986808,1.1898036478516354,1.0830059522582625,0.1858806698072813,0.671197101972716,0.19534047657971304,0.1422982469736487,0.38452253271267334,-0.3819428780170731,-0.056154110725233866,1031,catboost_tuned,0.08628864763794031,True,utility_gap;ece;nll,,1337
cmc,lightgbm,gbdt,covariate_shift,0.2,307649526,test_only,False,low,True,ok,,0.49547511312217196,0.6647253911756784,1.1990368005440601,1.0914103300243427,0.21065065921237158,0.6766206084480463,0.20325035170216746,0.14863036154789502,0.38780837269562957,-0.43496230508275735,-0.06257807696996392,1031,catboost_tuned,0.08628864763794031,True,utility_gap;ece;nll,,1337
cmc,lightgbm,gbdt,covariate_shift,0.3,1345879860,test_only,False,low,True,ok,,0.4592760180995475,0.6346576369782696,1.297644604713032,1.1811670214304781,0.2249875933510396,0.7216253818177318,0.22498759335103954,0.16741937216320604,0.26762067440429466,-0.43542025940500806,-0.10832604944202492,1031,catboost_tuned,0.08628864763794031,True,utility_gap;ece;nll,,1337
cmc,lightgbm,gbdt,covariate_shift,0.4,3233909296,test_only,False,low,True,ok,,0.4298642533936652,0.6232917065102939,1.331920788815079,1.2123665487392445,0.2607153217885023,0.7437346416710968,0.2607153217885022,0.1796746331603821,0.3819051454328644,-0.6804010740343374,-0.1332212936918212,1031,catboost_tuned,0.08628864763794031,True,utility_gap;ece;nll,,1337
cmc,lightgbm_tuned,gbdt,covariate_shift,0.0,3426019478,test_only,False,high,True,ok,,0.5656108597285068,0.7185453002312784,0.9448963331748703,0.8600817075516284,0.06273880862681701,0.5538762635085466,0.0849982347087428,0.06490495214956059,0.7952473910348717,-0.11101311443082684,0.06576021004937152,1031,catboost_tuned,0.08628864763794031,True,nll,,1337
cmc,lightgbm_tuned,gbdt,covariate_shift,0.05,2393874657,test_only,False,low,True,ok,,0.5497737556561086,0.7157731299658088,0.9469769821552517,0.8619755958704126,0.05975786338985228,0.5582041429336237,0.0968492911294608,0.06138258363993626,0.8303545207132197,-0.2226399231962945,0.06244240739735509,1031,catboost_tuned,0.08628864763794031,True,nll,,1337
cmc,lightgbm_tuned,gbdt,covariate_shift,0.1,511224812,test_only,False,low,True,ok,,0.5067873303167421,0.6767271158256705,1.004244207590682,0.9141024708618234,0.07216054546366113,0.6008050064902507,0.08151093962502834,0.07685487984964873,0.7646268410717874,-0.2402247105078674,0.024209739735216684,1031,catboost_tuned,0.08628864763794031,True,utility_gap;nll,,1337
cmc,lightgbm_tuned,gbdt,covariate_shift,0.2,307649526,test_only,False,low,True,ok,,0.49095022624434387,0.6765365827407951,1.007297235933924,0.9168814570198459,0.11278512507074051,0.6017401897589432,0.12287901410756083,0.08824625274887334,0.8263004024693809,-0.3680588900680688,0.012808875775827986,1031,catboost_tuned,0.08628864763794031,True,utility_gap;ece;nll,,1337
cmc,lightgbm_tuned,gbdt,covariate_shift,0.3,1345879860,test_only,False,low,True,ok,,0.4638009049773756,0.6442244550157082,1.0639219656844274,0.9684235072358978,0.11439340362831547,0.6409702384497246,0.12625804902444582,0.0954171643508188,0.5620764957015912,-0.35363283953916197,-0.018357037894328215,1031,catboost_tuned,0.08628864763794031,True,utility_gap;ece;nll,,1337
cmc,lightgbm_tuned,gbdt,covariate_shift,0.4,3233909296,test_only,False,low,True,ok,,0.4434389140271493,0.6424085224902369,1.0821229791783435,0.9849907836824247,0.13563597004538464,0.6473573747794771,0.13649048437671374,0.12892562810980115,0.8212269117428472,-0.5376054663877237,-0.031265609138148964,1031,catboost_tuned,0.08628864763794031,True,utility_gap;ece;nll,,1337
cmc,xgboost_tuned,gbdt,covariate_shift,0.0,3426019478,test_only,False,high,True,ok,,0.5407239819004525,0.721366884290625,0.9334507547539652,0.8496634931014869,0.06012478659852978,0.5528373892652855,0.09376129106378908,0.05639494376801202,0.8977247855127386,-0.24398208996709078,0.0666630015366346,1031,catboost_tuned,0.08628864763794031,True,nll,,1337
cmc,xgboost_tuned,gbdt,covariate_shift,0.05,2393874657,test_only,False,low,True,ok,,0.5407239819004525,0.7199381829976822,0.9358973386599589,0.8518904697439563,0.06609200670105267,0.5565044498598778,0.07689831374554651,0.05955471683756216,0.8392538702413952,-0.24118294512302277,0.06430141907085922,1031,catboost_tuned,0.08628864763794031,True,nll,,1337
cmc,xgboost_tuned,gbdt,covariate_shift,0.1,511224812,test_only,False,low,True,ok,,0.5475113122171946,0.7217740375581599,0.936573199689261,0.8525056649645754,0.07073192686047322,0.5589170684576308,0.10888762305417753,0.06138753867011982,0.7222980514373535,-0.18340659143597537,0.06484952511646788,1031,catboost_tuned,0.08628864763794031,True,nll,,1337
cmc,xgboost_tuned,gbdt,covariate_shift,0.2,307649526,test_only,False,low,True,ok,,0.5135746606334841,0.6862324596024312,0.9769997067389236,0.8893034574766846,0.08149149165093274,0.5893222051945199,0.0901112646459985,0.06203188861906889,0.778841180211662,-0.2267685289768077,0.034128224382681635,1031,catboost_tuned,0.08628864763794031,True,utility_gap;nll,,1337
cmc,xgboost_tuned,gbdt,covariate_shift,0.3,1345879860,test_only,False,low,True,ok,,0.4683257918552036,0.6428450385840727,1.0514972225567396,0.9571140186603141,0.12198665283251627,0.6373432319044992,0.12887923463603929,0.09647513646163862,0.5306199082880146,-0.32475786134722434,-0.016286903881891496,1031,catboost_tuned,0.08628864763794031,True,utility_gap;ece;nll,,1337
cmc,xgboost_tuned,gbdt,covariate_shift,0.4,3233909296,test_only,False,low,True,ok,,0.45701357466063347,0.6397800871306245,1.0655349815687516,0.9698917375669818,0.12845344389214883,0.6462649456461084,0.14686755877406038,0.10755427488352398,0.559883616155439,-0.4105606545824833,-0.024183143353710676,1031,catboost_tuned,0.08628864763794031,True,utility_gap;ece;nll,,1337
cmc,catboost_tuned,gbdt,label_noise,0.0,4163747248,train_only,False,high,True,ok,,0.5497737556561086,0.7401455563016895,0.9052672499245632,0.8240097614619383,0.04012715988742907,0.5384457206385608,0.06409583054532278,0.054183891437083444,1.6151850442823368,-0.031251006934223044,0.08628864763794031,1031,catboost_tuned,0.08628864763794031,True,nll,,1337
cmc,catboost_tuned,gbdt,label_noise,0.05,4136334652,train_only,False,high,True,ok,,0.5475113122171946,0.7459313348968261,0.9046611365584979,0.8234580533003628,0.046609696814584406,0.5371946897872933,0.08212388108238078,0.05354121729031081,1.8406540647778438,0.04952750133060749,0.08684330869344255,1031,catboost_tuned,0.08628864763794031,True,nll,,1337
cmc,catboost_tuned,gbdt,label_noise,0.1,2970038763,train_only,False,high,True,ok,,0.5475113122171946,0.7317453086499518,0.925053522695694,0.84202000308696,0.0672423518611692,0.5503142802778267,0.08823066732857462,0.0566404711796456,1.8184469483738461,0.28126565071696735,0.07218308356174047,1031,catboost_tuned,0.08628864763794031,True,nll,,1337
cmc,catboost_tuned,gbdt,label_noise,0.2,3284671561,train_only,False,high,True,ok,,0.581447963800905,0.7482193000243832,0.9269213343534531,0.8437201585258033,0.10132054932890995,0.5509863484801664,0.12820809525468302,0.0746875789244459,1.775406536695773,0.5337434286089169,0.07571379215514688,1031,catboost_tuned,0.08628864763794031,True,ece;nll,,1337
cmc,catboost_tuned,gbdt,label_noise,0.3,1664017070,train_only,False,high,True,ok,,0.5384615384615384,0.7050987072930687,0.9751676371651129,0.8876358358846926,0.08688193679342833,0.583113379197775,0.09111276032671142,0.06402368110536029,1.777902219091226,0.5282610640602795,0.04388664019771134,1031,catboost_tuned,0.08628864763794031,True,utility_gap;nll,,1337
cmc,catboost_tuned,gbdt,label_noise,0.4,2754631597,train_only,False,high,True,ok,,0.5135746606334841,0.6823826497259536,1.0162605190683582,0.9250401889281706,0.10690478539941942,0.6111663749153835,0.12750812121120042,0.08211382864276717,2.3662215597652807,0.970226038610964,0.016977112740771322,1031,catboost_tuned,0.08628864763794031,True,utility_gap;ece;nll,,1337
cmc,gbdt_ensemble,gbdt,label_noise,0.0,4163747248,train_only,False,high,True,ok,,0.5452488687782805,0.7117102052098415,1.0707514403138754,0.9746399629408741,0.16528219133576982,0.6035295275704796,0.15575679404143214,0.11795959854282413,0.6053697453710114,-0.45452969801998117,0.005437474990770429,1031,catboost_tuned,0.08628864763794031,True,utility_gap;ece;nll,,1337
cmc,gbdt_ensemble,gbdt,label_noise,0.05,4136334652,train_only,False,high,True,ok,,0.5294117647058824,0.7113364935065674,1.03838294372198,0.9451768876359938,0.15488173930097263,0.598254950851287,0.15512592148995058,0.11093592048093442,0.744418433185367,-0.5685798234232929,0.013850123282188279,1031,catboost_tuned,0.08628864763794031,True,utility_gap;ece;nll,,1337
cmc,gbdt_ensemble,gbdt,label_noise,0.1,2970038763,train_only,False,high,True,ok,,0.5226244343891403,0.6864357118518608,1.0763894571842028,0.97977190705663,0.14107884659520006,0.6202955496029823,0.14821074459430514,0.11041810000266337,0.5310436944679197,-0.3422109573543084,-0.0035011771295067017,1031,catboost_tuned,0.08628864763794031,True,utility_gap;ece;nll,,1337
cmc,gbdt_ensemble,gbdt,label_noise,0.2,3284671561,train_only,False,high,True,ok,,0.502262443438914,0.6774109728904977,1.0697134824310126,0.9736951729603058,0.14563016088151623,0.6218398875613573,0.14812963750064367,0.10592169686595343,0.6394536368338868,-0.4550479251306271,-0.008801377036883745,1031,catboost_tuned,0.08628864763794031,True,utility_gap;ece;nll,,1337
cmc,gbdt_ensemble,gbdt,label_noise,0.3,1664017070,train_only,False,high,True,ok,,0.4751131221719457,0.6423163933389132,1.114844271732961,1.0147749877115702,0.1592452330860752,0.6501170837016833,0.15790593425127675,0.10926443872536952,0.7176931874353455,-0.5484125763740314,-0.0402038369362746,1031,catboost_tuned,0.08628864763794031,True,utility_gap;ece;nll,,1337
cmc,gbdt_ensemble,gbdt,label_noise,0.4,2754631597,train_only,False,high,True,ok,,0.4434389140271493,0.5982235589076159,1.1729121676399834,1.0676306643738258,0.16376001585718214,0.6981361761370548,0.16736427510181537,0.12797701492820554,0.22774668710856547,-0.33099582755568757,-0.07714711976184621,1031,catboost_tuned,0.08628864763794031,True,utility_gap;ece;nll,,1337
cmc,lightgbm,gbdt,label_noise,0.0,4163747248,train_only,False,high,True,ok,,0.5520361990950227,0.7105638178781487,1.1033762669398193,1.004336359897708,0.15204269486086114,0.60409877767067,0.16703178653348924,0.12263487625680643,0.5035932356359503,-0.3441171985191589,-0.00020668081987919307,1031,catboost_tuned,0.08628864763794031,True,utility_gap;ece;nll,,1337
cmc,lightgbm,gbdt,label_noise,0.05,4136334652,train_only,False,high,True,ok,,0.5294117647058824,0.705553949956551,1.049703930742002,0.9554816941057511,0.14853231048541707,0.6011552318145422,0.14853231048541707,0.11861142273621077,0.6875138636347402,-0.5117897067484873,0.01000467686186643,1031,catboost_tuned,0.08628864763794031,True,utility_gap;ece;nll,,1337
cmc,lightgbm,gbdt,label_noise,0.1,2970038763,train_only,False,high,True,ok,,0.5339366515837104,0.6846041561651827,1.0847603939971266,0.987391462107368,0.1480877082149581,0.616659063568803,0.1441323182421584,0.11577695182782118,0.5034841655551157,-0.26504611624168245,-0.006133027879831544,1031,catboost_tuned,0.08628864763794031,True,utility_gap;ece;nll,,1337
cmc,lightgbm,gbdt,label_noise,0.2,3284671561,train_only,False,high,True,ok,,0.5180995475113123,0.6758942776432516,1.0555940070270569,0.9608430725882325,0.12388331420268867,0.6268963659363118,0.12411771489886193,0.10502694573502923,0.4821234507125593,-0.25152120254973637,0.0012483446848273391,1031,catboost_tuned,0.08628864763794031,True,utility_gap;ece;nll,,1337
cmc,lightgbm,gbdt,label_noise,0.3,1664017070,train_only,False,high,True,ok,,0.5,0.6456047573171522,1.1308407414971047,1.0293356019784439,0.12310170138574038,0.6398279894702948,0.12310170138574032,0.10162604205624283,0.5718271790878152,-0.33099471246748974,-0.03245935580967799,1031,catboost_tuned,0.08628864763794031,True,utility_gap;ece;nll,,1337
cmc,lightgbm,gbdt,label_noise,0.4,2754631597,train_only,False,high,True,ok,,0.416289592760181,0.5901158980073439,1.1874027461061591,1.0808205573102532,0.18110751187519453,0.703984428892554,0.18110751187519455,0.13016188908674664,0.3415354265586329,-0.4968528750076362,-0.09148366635151733,1031,catboost_tuned,0.08628864763794031,True,utility_gap;ece;nll,,1337
cmc,lightgbm_tuned,gbdt,label_noise,0.0,4163747248,train_only,False,high,True,ok,,0.5656108597285068,0.7185453002312784,0.9448963331748703,0.8600817075516284,0.06273880862681701,0.5538762635085466,0.0849982347087428,0.06490495214956059,0.7952473910348717,-0.11101311443082684,0.06576021004937152,1031,catboost_tuned,0.08628864763794031,True,nll,,1337
cmc,lightgbm_tuned,gbdt,label_noise,0.05,4136334652,train_only,False,high,True,ok,,0.5475113122171946,0.7198890038672426,0.9299150880205975,0.8464451905484961,0.04581749018556502,0.5530356695729051,0.05005878428633198,0.04646645632532794,1.0318980968825286,-0.16454158594902457,0.0709907929844523,1031,catboost_tuned,0.08628864763794031,True,nll,,1337
cmc,lightgbm_tuned,gbdt,label_noise,0.1,2970038763,train_only,False,high,True,ok,,0.5497737556561086,0.7105526036716364,0.9380818055619581,0.853878857207424,0.04349207854523863,0.5600001225881164,0.07853901974789147,0.04995963362614744,1.0001148487878564,-0.03449461151909282,0.0662974017622141,1031,catboost_tuned,0.08628864763794031,True,nll,,1337
cmc,lightgbm_tuned,gbdt,label_noise,0.2,3284671561,train_only,False,high,True,ok,,0.5384615384615384,0.7119295791272612,0.9370068021834312,0.8529003469635323,0.0533806367632087,0.5607700832217472,0.06618612399484643,0.05015694948474169,1.1333577626600926,-0.009810321496165205,0.06339835202207071,1031,catboost_tuned,0.08628864763794031,True,nll,,1337
cmc,lightgbm_tuned,gbdt,label_noise,0.3,1664017070,train_only,False,high,True,ok,,0.5067873303167421,0.6631560943488418,1.0037185115300298,0.9136239616861346,0.019459653288485153,0.597428030524431,0.05025927007020211,0.05310953569229956,1.059662524289848,0.009217512812635116,0.030143613406068547,1031,catboost_tuned,0.08628864763794031,True,utility_gap;nll,,1337
cmc,lightgbm_tuned,gbdt,label_noise,0.4,2754631597,train_only,False,high,True,ok,,0.45701357466063347,0.6406910596578484,1.0213064773016416,0.9296332180480258,0.03224113076545808,0.6167367263876414,0.05948825802821398,0.05299423690735742,1.1061896994089677,-0.03455225602424374,0.007455715511842578,1031,catboost_tuned,0.08628864763794031,True,utility_gap;nll,,1337
cmc,xgboost_tuned,gbdt,label_noise,0.0,4163747248,train_only,False,high,True,ok,,0.5407239819004525,0.721366884290625,0.9334507547539652,0.8496634931014869,0.06012478659852978,0.5528373892652855,0.09376129106378908,0.05639494376801202,0.8977247855127386,-0.24398208996709078,0.0666630015366346,1031,catboost_tuned,0.08628864763794031,True,nll,,1337
cmc,xgboost_tuned,gbdt,label_noise,0.05,4136334652,train_only,False,high,True,ok,,0.5656108597285068,0.7275983343250868,0.9188842273867392,0.8364044684961045,0.05140329608432,0.5455712444644993,0.08909504895109063,0.04872043894047271,1.0035237887299084,-0.04467038154796219,0.078299046207361,1031,catboost_tuned,0.08628864763794031,True,nll,,1337
cmc,xgboost_tuned,gbdt,label_noise,0.1,2970038763,train_only,False,high,True,ok,,0.5452488687782805,0.7172593281595101,0.9279092576274839,0.8446194050427237,0.034853386183300694,0.5533128764128382,0.057279816087395005,0.033704426107500775,1.0655866406070698,0.020251024249983502,0.07247159642309339,1031,catboost_tuned,0.08628864763794031,True,nll,,1337
cmc,xgboost_tuned,gbdt,label_noise,0.2,3284671561,train_only,False,high,True,ok,,0.5520361990950227,0.7220078849311001,0.9288690783963927,0.8454930715571156,0.07622647840687996,0.5579464552537151,0.0829090108741594,0.05234749667103744,0.9657554462515104,0.10042801868925633,0.06661497244162774,1031,catboost_tuned,0.08628864763794031,True,nll,,1337
cmc,xgboost_tuned,gbdt,label_noise,0.3,1664017070,train_only,False,high,True,ok,,0.5,0.6731817718039924,0.9930585221031636,0.9039208211543737,0.044336850020602656,0.5904017592066891,0.06974686359875093,0.05145081738140619,1.1155558192879789,0.02663592746146048,0.030570003780964687,1031,catboost_tuned,0.08628864763794031,True,utility_gap;nll,,1337
cmc,xgboost_tuned,gbdt,label_noise,0.4,2754631597,train_only,False,high,True,ok,,0.4457013574660634,0.6384360569972922,1.0222630928707157,0.930503967063799,0.024938685033540214,0.6173336090881943,0.07969751819887186,0.05781072845144323,1.210574726925083,0.007956378097842592,0.0061688964431140525,1031,catboost_tuned,0.08628864763794031,True,utility_gap;nll,,1337
cnae-9,catboost_tuned,gbdt,covariate_shift,0.0,3024739340,test_only,False,high,True,ok,,0.941358024691358,0.9950381515775035,0.32883906555170933,0.14966110835623989,0.1371678610565197,0.1250200957910292,0.1301934916869757,0.03210229949140037,1.7037889526682195,1.9126606371095816,0.417135152037654,756,xgboost_tuned,0.4435521087699049,True,ece,,1337
cnae-9,catboost_tuned,gbdt,covariate_shift,0.05,663995397,test_only,False,low,True,ok,,0.9320987654320988,0.994491598079561,0.32881296988540903,0.14964923170668412,0.1161494259014286,0.1250973251935628,0.11637151865702562,0.03201641731444919,1.712664507757907,1.6126293737299646,0.41976221945037023,756,xgboost_tuned,0.4435521087699049,True,ece,,1337
cnae-9,catboost_tuned,gbdt,covariate_shift,0.1,162330293,test_only,False,low,True,ok,,0.941358024691358,0.9949952846364885,0.3197078016811665,0.14550529107441565,0.12909624881412288,0.1218480952064797,0.12080676637551754,0.029838267584310955,1.4976556806752843,1.7522341922265166,0.4199812162413254,756,xgboost_tuned,0.4435521087699049,True,ece,,1337
cnae-9,catboost_tuned,gbdt,covariate_shift,0.2,3295088136,test_only,False,low,True,ok,,0.9444444444444444,0.9949631344307269,0.323813015171075,0.14737365425051183,0.12844097243737987,0.1233230916483099,0.12844097243737995,0.030776318060247047,1.380664881425284,1.8382580799803754,0.42000347295479157,756,xgboost_tuned,0.4435521087699049,True,ece,,1337
cnae-9,catboost_tuned,gbdt,covariate_shift,0.3,1556218562,test_only,False,low,True,ok,,0.9475308641975309,0.9948452503429355,0.327574969744758,0.1490857935613891,0.13425422853044283,0.12443973209094608,0.13425422853044272,0.03301320761169731,1.3641051246826768,1.9631951333774662,0.41874888347515166,756,xgboost_tuned,0.4435521087699049,True,ece,,1337
cnae-9,catboost_tuned,gbdt,covariate_shift,0.4,3069351323,test_only,False,low,True,ok,,0.7839506172839507,0.9925090020576133,0.7490217730117535,0.34089449969644053,0.08933560964684685,0.31316520276302046,0.089972183348503,0.06306413839885121,1.4317273705732,0.6960095240911964,0.3448352714744557,756,xgboost_tuned,0.4435521087699049,True,utility_gap,,1337
cnae-9,gbdt_ensemble,gbdt,covariate_shift,0.0,3024739340,test_only,False,high,True,ok,,0.9382716049382716,0.9950060013717421,0.3212694684839389,0.1462160362658178,0.1243523781829663,0.12211005917078666,0.11926268778402781,0.030699197318298385,1.6988333850422443,1.752665453029004,0.4202575547045118,756,xgboost_tuned,0.4435521087699049,True,ece,,1337
cnae-9,gbdt_ensemble,gbdt,covariate_shift,0.05,663995397,test_only,False,low,True,ok,,0.941358024691358,0.9945880486968449,0.3237335383403069,0.14733748278602526,0.12154981883083496,0.12249198652387276,0.12154981883083504,0.030683820480895845,1.445362848965688,1.748526657923376,0.4207983121456248,756,xgboost_tuned,0.4435521087699049,True,ece,,1337
cnae-9,gbdt_ensemble,gbdt,covariate_shift,0.1,162330293,test_only,False,low,True,ok,,0.9444444444444444,0.9948881172839505,0.32367551516399545,0.1473110753004592,0.12895814493121074,0.12315497820687366,0.12895814493121086,0.03226883286281245,1.4523458653621109,1.848893256492297,0.4198925561396694,756,xgboost_tuned,0.4435521087699049,True,ece,,1337
cnae-9,gbdt_ensemble,gbdt,covariate_shift,0.2,3295088136,test_only,False,low,True,ok,,0.941358024691358,0.9949845679012346,0.3206244782797113,0.1459224885734788,0.12302543860148547,0.12176542414407827,0.12069288158937873,0.031310153077301124,1.5008712042705261,1.7233940317682268,0.42106646817679494,756,xgboost_tuned,0.4435521087699049,True,ece,,1337
cnae-9,gbdt_ensemble,gbdt,covariate_shift,0.3,1556218562,test_only,False,low,True,ok,,0.941358024691358,0.9951453189300411,0.3241889184661905,0.14754473521282804,0.12435026810659872,0.12357952951733564,0.1243502681065987,0.03246525995976721,1.4171357916831566,1.7871572217320548,0.4203710911440499,756,xgboost_tuned,0.4435521087699049,True,ece,,1337
cnae-9,gbdt_ensemble,gbdt,covariate_shift,0.4,3069351323,test_only,False,low,True,ok,,0.8148148148148148,0.9918659979423867,0.6769985543058048,0.30811532024940136,0.10004423499803664,0.2840746849621384,0.10004423499803665,0.05767743013144829,1.4373484130163054,0.7911793967772669,0.3569318784276298,756,xgboost_tuned,0.4435521087699049,True,utility_gap;ece,,1337
cnae-9,lightgbm,gbdt,covariate_shift,0.0,3024739340,test_only,False,high,True,ok,,0.8333333333333334,0.9777949245541837,0.503176785178704,0.2290056238988209,0.05596029730017349,0.21651795786073527,0.056746930035513295,0.020610197580038556,0.8904791395278358,-0.7811711768348935,0.3873344769642833,756,xgboost_tuned,0.4435521087699049,True,utility_gap,,1337
cnae-9,lightgbm,gbdt,covariate_shift,0.05,663995397,test_only,False,low,True,ok,,0.8333333333333334,0.9777949245541837,0.503176785178704,0.2290056238988209,0.05596029730017349,0.21651795786073527,0.056746930035513295,0.020610197580038556,0.8904791395278358,-0.7811711768348935,0.3873344769642833,756,xgboost_tuned,0.4435521087699049,True,utility_gap,,1337
cnae-9,lightgbm,gbdt,covariate_shift,0.1,162330293,test_only,False,low,True,ok,,0.1728395061728395,0.6151834705075445,3.3905488734226052,1.5431052921923434,0.3821387707837677,1.1206178954279913,0.3796616703565949,0.12017451724521162,-1.6249194665010551,-1.648683768925694,-0.29811920121089003,756,xgboost_tuned,0.4435521087699049,True,utility_gap;ece;nll,,1337
cnae-9,lightgbm,gbdt,covariate_shift,0.2,3295088136,test_only,False,low,True,ok,,0.1111111111111111,0.4899584190672154,3.9511199217028357,1.7982321709203395,0.4563116160389716,1.1931354775126444,0.4563116160389716,0.1279319035078071,-1.2362796121898951,-1.9047758207666727,-0.4425798611437041,756,xgboost_tuned,0.4435521087699049,True,utility_gap;ece;nll,,1337
cnae-9,lightgbm,gbdt,covariate_shift,0.3,1556218562,test_only,False,low,True,ok,,0.1111111111111111,0.5066336591220851,4.687683192192681,2.133456561766545,0.5506126986032658,1.2501853336368076,0.5506126986032658,0.13045240775393802,-14.2085499186705,7.407292362109762,-0.5561710608912203,756,xgboost_tuned,0.4435521087699049,True,utility_gap;ece;nll,,1337
cnae-9,lightgbm,gbdt,covariate_shift,0.4,3069351323,test_only,False,low,True,ok,,0.1111111111111111,0.5244663065843622,4.68776706614489,2.133494734447241,0.5506127608759539,1.2501854075949859,0.5506127608759539,0.13045242466169388,-14.208788099883563,7.407454424883848,-0.5499410985381696,756,xgboost_tuned,0.4435521087699049,True,utility_gap;ece;nll,,1337
cnae-9,lightgbm_tuned,gbdt,covariate_shift,0.0,3024739340,test_only,False,high,True,ok,,0.8395061728395061,0.9818994341563787,0.42912720259553233,0.19530420650754773,0.038664557015373274,0.19630072921743164,0.03944110777520671,0.020938913131326894,1.5502891499414326,-0.4503484733448497,0.4032665545253195,756,xgboost_tuned,0.4435521087699049,True,utility_gap,,1337
cnae-9,lightgbm_tuned,gbdt,covariate_shift,0.05,663995397,test_only,False,low,True,ok,,0.8395061728395061,0.9818994341563787,0.42912720259553233,0.19530420650754773,0.038664557015373274,0.19630072921743164,0.03944110777520671,0.020938913131326894,1.5502891499414326,-0.4503484733448497,0.4032665545253195,756,xgboost_tuned,0.4435521087699049,True,utility_gap,,1337
cnae-9,lightgbm_tuned,gbdt,covariate_shift,0.1,162330293,test_only,False,low,True,ok,,0.1111111111111111,0.6122578017832647,3.936917954991146,1.7917685773222254,0.5589436089405884,1.279278709046241,0.549896411400056,0.1404898389751218,-0.52711924474863,-1.727483272646763,-0.418362397693976,756,xgboost_tuned,0.4435521087699049,True,utility_gap;ece;nll,,1337
cnae-9,lightgbm_tuned,gbdt,covariate_shift,0.2,3295088136,test_only,False,low,True,ok,,0.1111111111111111,0.4631237139917695,4.5234246537226515,2.058699279254638,0.5488079535911714,1.2744594714406032,0.5439036920280302,0.1424711728732565,-1.438684278448644,-1.2555110729389491,-0.5486114079308396,756,xgboost_tuned,0.4435521087699049,True,utility_gap;ece;nll,,1337
cnae-9,lightgbm_tuned,gbdt,covariate_shift,0.3,1556218562,test_only,False,low,True,ok,,0.1111111111111111,0.5299318415637859,5.427441277157471,2.470134975341195,0.6477356274209707,1.3950862686393644,0.6477356274209707,0.15874235943750203,-1.2202919634073504,-0.7021626594851464,-0.6684448068725609,756,xgboost_tuned,0.4435521087699049,True,utility_gap;ece;nll,,1337
cnae-9,lightgbm_tuned,gbdt,covariate_shift,0.4,3069351323,test_only,False,low,True,ok,,0.1111111111111111,0.5477644890260631,5.42750402178662,2.470163531652551,0.6477356930384968,1.3950863644517957,0.6477356930384968,0.1587423772425249,-1.2202943307704075,-0.7021596477145636,-0.662211960277676,756,xgboost_tuned,0.4435521087699049,True,utility_gap;ece;nll,,1337
cnae-9,xgboost_tuned,gbdt,covariate_shift,0.0,3024739340,test_only,False,high,True,ok,,0.9166666666666666,0.9939021776406035,0.27022768763997185,0.12298592070528327,0.024589385963606786,0.11407683219661643,0.02079948970235991,0.016523316354977082,1.2057199087653312,0.14245973790613978,0.4435521087699049,756,xgboost_tuned,0.4435521087699049,False,,,1337
cnae-9,xgboost_tuned,gbdt,covariate_shift,0.05,663995397,test_only,False,low,True,ok,,0.9259259259259259,0.9953060699588477,0.25592295561549405,0.11647555659775086,0.04718459357368822,0.10581780369698696,0.03362122485200554,0.017618681393654717,1.3634696330791265,0.45177610238911653,0.4428664276804227,756,xgboost_tuned,0.4435521087699049,False,,,1337
cnae-9,xgboost_tuned,gbdt,covariate_shift,0.1,162330293,test_only,False,low,True,ok,,0.9166666666666666,0.9939021776406035,0.27022768763997185,0.12298592070528327,0.024589385963606786,0.11407683219661643,0.02079948970235991,0.016523316354977082,1.2057199087653312,0.14245973790613978,0.4435521087699049,756,xgboost_tuned,0.4435521087699049,False,,,1337
cnae-9,xgboost_tuned,gbdt,covariate_shift,0.2,3295088136,test_only,False,low,True,ok,,0.9259259259259259,0.9953060699588477,0.25592295561549405,0.11647555659775086,0.04718459357368822,0.10581780369698696,0.03362122485200554,0.017618681393654717,1.3634696330791265,0.45177610238911653,0.4428664276804227,756,xgboost_tuned,0.4435521087699049,False,,,1337
cnae-9,xgboost_tuned,gbdt,covariate_shift,0.3,1556218562,test_only,False,low,True,ok,,0.9166666666666666,0.9939021776406035,0.27022768763997185,0.12298592070528327,0.024589385963606786,0.11407683219661643,0.02079948970235991,0.016523316354977082,1.2057199087653312,0.14245973790613978,0.4435521087699049,756,xgboost_tuned,0.4435521087699049,False,,,1337
cnae-9,xgboost_tuned,gbdt,covariate_shift,0.4,3069351323,test_only,False,low,True,ok,,0.9259259259259259,0.9953060699588477,0.25592295561549405,0.11647555659775086,0.04718459357368822,0.10581780369698696,0.03362122485200554,0.017618681393654717,1.3634696330791265,0.45177610238911653,0.4428664276804227,756,xgboost_tuned,0.4435521087699049,False,,,1337
cnae-9,catboost_tuned,gbdt,label_noise,0.0,2572151397,train_only,False,high,True,ok,,0.941358024691358,0.9950381515775035,0.32883906555170933,0.14966110835623989,0.1371678610565197,0.1250200957910292,0.1301934916869757,0.03210229949140037,1.7037889526682195,1.9126606371095816,0.417135152037654,756,xgboost_tuned,0.4435521087699049,True,ece,,1337
cnae-9,catboost_tuned,gbdt,label_noise,0.05,1237033552,train_only,False,high,True,ok,,0.9351851851851852,0.9942343964334704,0.3884134435852486,0.1767745762502517,0.16345280365422743,0.15164035266747322,0.16345280365422737,0.03866028863326046,1.4536351541602803,1.9867299931450182,0.4025368829235714,756,xgboost_tuned,0.4435521087699049,True,utility_gap;ece,,1337
cnae-9,catboost_tuned,gbdt,label_noise,0.1,2371751407,train_only,False,high,True,ok,,0.9197530864197531,0.9933234739368998,0.4615218294589859,0.2100476365590752,0.198780206276544,0.1791159846712155,0.19878020627654402,0.04978403782104306,2.078362570375474,2.174120228730397,0.38285584661784655,756,xgboost_tuned,0.4435521087699049,True,utility_gap;ece,,1337
cnae-9,catboost_tuned,gbdt,label_noise,0.2,244441128,train_only,False,high,True,ok,,0.9228395061728395,0.9929698216735253,0.6077209563226629,0.2765857266440313,0.30180078597879184,0.243120233455615,0.30180078597879184,0.06833935799181158,2.829131462495174,3.5820935262895874,0.34262948832269197,756,xgboost_tuned,0.4435521087699049,True,utility_gap;ece,,1337
cnae-9,catboost_tuned,gbdt,label_noise,0.3,2083936442,train_only,False,high,True,ok,,0.9012345679012346,0.9891546639231825,0.747480740164467,0.34019314542288015,0.3546842185973928,0.30944232287764123,0.35468421859739296,0.08187030649277702,3.0674844040094777,3.7480594316872553,0.30839453021195645,756,xgboost_tuned,0.4435521087699049,True,utility_gap;ece,,1337
cnae-9,catboost_tuned,gbdt,label_noise,0.4,2260029277,train_only,False,high,True,ok,,0.8487654320987654,0.9793702846364885,0.9682885240864333,0.4406870986580384,0.40232910842102815,0.41255734870963745,0.3955325484915007,0.09697296262210914,4.003826482773112,4.8033339357525,0.25742246315596856,756,xgboost_tuned,0.4435521087699049,True,utility_gap;ece,,1337
cnae-9,gbdt_ensemble,gbdt,label_noise,0.0,2572151397,train_only,False,high,True,ok,,0.9382716049382716,0.9950060013717421,0.3212694684839389,0.1462160362658178,0.1243523781829663,0.12211005917078666,0.11926268778402781,0.030699197318298385,1.6988333850422443,1.752665453029004,0.4202575547045118,756,xgboost_tuned,0.4435521087699049,True,ece,,1337
cnae-9,gbdt_ensemble,gbdt,label_noise,0.05,1237033552,train_only,False,high,True,ok,,0.9320987654320988,0.994405864197531,0.381264360348295,0.17352088825190393,0.15765312418734814,0.1482564720784024,0.15765312418734814,0.038082705377876155,1.5567978039199297,1.9103034138691877,0.40426997597090986,756,xgboost_tuned,0.4435521087699049,True,utility_gap;ece,,1337
cnae-9,gbdt_ensemble,gbdt,label_noise,0.1,2371751407,train_only,False,high,True,ok,,0.9104938271604939,0.9936128257887518,0.4510978916683797,0.20530349802261139,0.1923778446866888,0.17393808853188567,0.18599586607507032,0.04931978827368139,2.489326079438768,2.1260925918599693,0.384271944756016,756,xgboost_tuned,0.4435521087699049,True,utility_gap;ece,,1337
cnae-9,gbdt_ensemble,gbdt,label_noise,0.2,244441128,train_only,False,high,True,ok,,0.9259259259259259,0.9934520747599451,0.5967254223838117,0.2715814434896068,0.30378079040305744,0.23858957994484065,0.30112447260881503,0.06907825612791324,2.9169108209413483,3.7016089592975336,0.3443665239273762,756,xgboost_tuned,0.4435521087699049,True,utility_gap;ece,,1337
cnae-9,gbdt_ensemble,gbdt,label_noise,0.3,2083936442,train_only,False,high,True,ok,,0.8981481481481481,0.9889510459533608,0.7451346865375506,0.33912541040338545,0.35232816144354223,0.30698299526863043,0.3501504183787754,0.08231711080386644,3.4827620249813687,3.967608865251602,0.3086518328961744,756,xgboost_tuned,0.4435521087699049,True,utility_gap;ece,,1337
cnae-9,gbdt_ensemble,gbdt,label_noise,0.4,2260029277,train_only,False,high,True,ok,,0.8179012345679012,0.9737439986282579,0.9255042808847974,0.4212151504362026,0.34119782376087915,0.3928442702213125,0.3388993066232064,0.08262411494400243,3.5678939546477073,3.6129836271230538,0.2688914748220388,756,xgboost_tuned,0.4435521087699049,True,utility_gap;ece,,1337
cnae-9,lightgbm,gbdt,label_noise,0.0,2572151397,train_only,False,high,True,ok,,0.8333333333333334,0.9777949245541837,0.503176785178704,0.2290056238988209,0.05596029730017349,0.21651795786073527,0.056746930035513295,0.020610197580038556,0.8904791395278358,-0.7811711768348935,0.3873344769642833,756,xgboost_tuned,0.4435521087699049,True,utility_gap,,1337
cnae-9,lightgbm,gbdt,label_noise,0.05,1237033552,train_only,False,high,True,ok,,0.8364197530864198,0.9724472736625516,0.5460031233568642,0.24849673037009484,0.04607394684092962,0.22550009031115756,0.031735261984133796,0.02433308274951179,1.0191335022565733,-0.30520043276303815,0.3820557002656416,756,xgboost_tuned,0.4435521087699049,True,utility_gap,,1337
cnae-9,lightgbm,gbdt,label_noise,0.1,2371751407,train_only,False,high,True,ok,,0.7962962962962963,0.9644525891632374,0.6600868133423438,0.3004184552416542,0.04424062787906033,0.29436918932348316,0.045391710166737244,0.03401083732680729,0.9158341637227084,0.11029698256630648,0.3580291885032692,756,xgboost_tuned,0.4435521087699049,True,utility_gap,,1337
cnae-9,lightgbm,gbdt,label_noise,0.2,244441128,train_only,False,high,True,ok,,0.8117283950617284,0.9612054183813442,0.6880831211661397,0.31316012403262367,0.11217397010645912,0.2888128811648854,0.10272746200162204,0.04223614162268592,1.694925304547557,0.5548875771399572,0.3417983244616508,756,xgboost_tuned,0.4435521087699049,True,utility_gap;ece,,1337
cnae-9,lightgbm,gbdt,label_noise,0.3,2083936442,train_only,False,high,True,ok,,0.7407407407407407,0.9515067729766804,0.8583647370571564,0.3906586272113273,0.12187880439241583,0.3873689962042418,0.12187880439241583,0.04431812610905807,1.337667043988486,0.660779205952401,0.3025651326110679,756,xgboost_tuned,0.4435521087699049,True,utility_gap;ece,,1337
cnae-9,lightgbm,gbdt,label_noise,0.4,2260029277,train_only,False,high,True,ok,,0.6790123456790124,0.9260973936899863,1.0195757508155319,0.4640289214549034,0.14236304639031475,0.4445618414711231,0.15436994099592502,0.046815836429640566,1.9779252120907194,0.6247061640847161,0.25830465392881313,756,xgboost_tuned,0.4435521087699049,True,utility_gap;ece,,1337
cnae-9,lightgbm_tuned,gbdt,label_noise,0.0,2572151397,train_only,False,high,True,ok,,0.8395061728395061,0.9818994341563787,0.42912720259553233,0.19530420650754773,0.038664557015373274,0.19630072921743164,0.03944110777520671,0.020938913131326894,1.5502891499414326,-0.4503484733448497,0.4032665545253195,756,xgboost_tuned,0.4435521087699049,True,utility_gap,,1337
cnae-9,lightgbm_tuned,gbdt,label_noise,0.05,1237033552,train_only,False,high,True,ok,,0.8364197530864198,0.9781378600823045,0.4864023362699851,0.22137124319793905,0.05326436545752569,0.21096730457153648,0.05101567946442018,0.021747646295580122,1.75107579393135,0.0849760901569698,0.39074696794088265,756,xgboost_tuned,0.4435521087699049,True,utility_gap,,1337
cnae-9,lightgbm_tuned,gbdt,label_noise,0.1,2371751407,train_only,False,high,True,ok,,0.845679012345679,0.9736046810699589,0.5729157275439355,0.26074518438097183,0.11274493719766625,0.23856273393466007,0.10839026540921838,0.03212834708783071,1.9301137556799488,0.8289181332231063,0.36684094747251267,756,xgboost_tuned,0.4435521087699049,True,utility_gap;ece,,1337
cnae-9,lightgbm_tuned,gbdt,label_noise,0.2,244441128,train_only,False,high,True,ok,,0.8271604938271605,0.9690286351165981,0.6961583137322679,0.3168353025507514,0.18102198059928917,0.2886804956794587,0.1798928706845705,0.04876348693749374,2.0872902828720323,1.2261741053180526,0.33197910947980014,756,xgboost_tuned,0.4435521087699049,True,utility_gap;ece,,1337
cnae-9,lightgbm_tuned,gbdt,label_noise,0.3,2083936442,train_only,False,high,True,ok,,0.8117283950617284,0.9687178497942388,0.8234272266936457,0.37475788100455276,0.2604427529979968,0.34641504538371864,0.26629987799201954,0.064131665859879,2.744844895958867,2.166901186135686,0.2962945917862776,756,xgboost_tuned,0.4435521087699049,True,utility_gap;ece,,1337
cnae-9,lightgbm_tuned,gbdt,label_noise,0.4,2260029277,train_only,False,high,True,ok,,0.7654320987654321,0.9511852709190671,0.9741300827111413,0.4433457065604632,0.28043143661554415,0.41718889641811296,0.282150283070349,0.06809056781078957,3.2517460593124072,2.5435798733778796,0.25863966034524055,756,xgboost_tuned,0.4435521087699049,True,utility_gap;ece,,1337
cnae-9,xgboost_tuned,gbdt,label_noise,0.0,2572151397,train_only,False,high,True,ok,,0.9166666666666666,0.9939021776406035,0.27022768763997185,0.12298592070528327,0.024589385963606786,0.11407683219661643,0.02079948970235991,0.016523316354977082,1.2057199087653312,0.14245973790613978,0.4435521087699049,756,xgboost_tuned,0.4435521087699049,False,,,1337
cnae-9,xgboost_tuned,gbdt,label_noise,0.05,1237033552,train_only,False,high,True,ok,,0.9074074074074074,0.991726680384088,0.3324632557236016,0.15131054838584576,0.05643917261730887,0.13282007663881812,0.059967567825961646,0.022614011767585228,1.5946292826551474,0.4935324012242528,0.42653445020632635,756,xgboost_tuned,0.4435521087699049,False,,,1337
cnae-9,xgboost_tuned,gbdt,label_noise,0.1,2371751407,train_only,False,high,True,ok,,0.8981481481481481,0.9923482510288066,0.46622006202412036,0.21218589434737573,0.1795056621107273,0.18311170473372523,0.17122748175634728,0.04737553723206625,2.4505080290017087,1.8359263380981594,0.3824872093559464,756,xgboost_tuned,0.4435521087699049,True,utility_gap;ece,,1337
cnae-9,xgboost_tuned,gbdt,label_noise,0.2,244441128,train_only,False,high,True,ok,,0.8981481481481481,0.9910836762688615,0.5704717285766238,0.2596328725160305,0.24341517575020657,0.2236952892672104,0.24260907385326855,0.060328547135152774,2.5227415802697806,2.6252493876653014,0.35502861201147323,756,xgboost_tuned,0.4435521087699049,True,utility_gap;ece,,1337
cnae-9,xgboost_tuned,gbdt,label_noise,0.3,2083936442,train_only,False,high,True,ok,,0.8611111111111112,0.9845357510288066,0.7782861849748649,0.35421330755293634,0.314704555178805,0.32008506622383437,0.3137865705739797,0.07361201994757342,2.380781123188097,2.606358991633104,0.30454927622510714,756,xgboost_tuned,0.4435521087699049,True,utility_gap;ece,,1337
cnae-9,xgboost_tuned,gbdt,label_noise,0.4,2260029277,train_only,False,high,True,ok,,0.8425925925925926,0.9761123971193414,0.9238276135864929,0.420452066263743,0.3603009832119424,0.38860864095147674,0.36030098321194237,0.08737438611287561,3.1805506662223118,3.710775614577445,0.26983241135914693,756,xgboost_tuned,0.4435521087699049,True,utility_gap;ece,,1337
credit-approval,catboost_tuned,gbdt,covariate_shift,0.0,2216312198,test_only,True,low,True,ok,,0.8599033816425121,0.9487712665406427,0.2944112814159258,0.42474569568052123,0.054189741818431406,0.17515218464038795,0.0541625293494575,0.06748017616973118,1.3819920553338463,-0.553526660526665,0.32279379346775905,483,catboost_tuned,0.32279379346775905,False,,,1337
credit-approval,catboost_tuned,gbdt,covariate_shift,0.05,1642124568,test_only,True,low,True,ok,,0.855072463768116,0.933648393194707,0.39098644860869686,0.5640742104625546,0.06420121728847573,0.23566247079715108,0.06948034006487536,0.10221362216782462,1.23400152272455,-1.223890277120112,0.27297530058690334,483,catboost_tuned,0.32279379346775905,True,utility_gap,,1337
credit-approval,catboost_tuned,gbdt,covariate_shift,0.1,4146424720,test_only,True,low,True,ok,,0.855072463768116,0.9295841209829868,0.45733160755328506,0.6597900422589019,0.0848193305113992,0.25795202837762,0.09444209990708316,0.10782275316699677,0.5255528676426225,0.23885710007777014,0.2387144331293123,483,catboost_tuned,0.32279379346775905,True,utility_gap,,1337
credit-approval,catboost_tuned,gbdt,covariate_shift,0.2,4252839753,test_only,True,low,True,ok,,0.855072463768116,0.9271266540642723,0.49714406355501123,0.7172272750982024,0.13515375692356002,0.27415742639140617,0.1441948017454811,0.1498595154880044,-0.017711365391229708,1.82233877513552,0.21055626457354001,483,catboost_tuned,0.32279379346775905,True,utility_gap;ece,,1337
credit-approval,catboost_tuned,gbdt,covariate_shift,0.3,3854496853,test_only,True,low,True,ok,,0.855072463768116,0.9198487712665406,0.5122452285307922,0.7390136509204077,0.17555587840018078,0.28100142275859225,0.16132637156373758,0.17652452527341794,-0.039177436268949484,1.8749323537393066,0.1933926685523481,483,catboost_tuned,0.32279379346775905,True,utility_gap;ece,,1337
credit-approval,catboost_tuned,gbdt,covariate_shift,0.4,3442682768,test_only,True,low,True,ok,,0.855072463768116,0.9230623818525521,0.567641773373558,0.8189339714474491,0.1793159341433484,0.29678364750370423,0.17812317576747047,0.17931593414334834,-0.18125212824767023,2.2721380653232393,0.16978932495070626,483,catboost_tuned,0.32279379346775905,True,utility_gap;ece;nll,,1337
credit-approval,gbdt_ensemble,gbdt,covariate_shift,0.0,2216312198,test_only,True,low,True,ok,,0.8695652173913043,0.9527410207939508,0.2844784495585991,0.410415648417972,0.044706154007988254,0.16740233984323002,0.057572888894538564,0.05139178787482708,1.1777837221298397,-0.28745161297535704,0.3318282145595892,483,catboost_tuned,0.32279379346775905,False,,,1337
credit-approval,gbdt_ensemble,gbdt,covariate_shift,0.05,1642124568,test_only,True,low,True,ok,,0.855072463768116,0.930718336483932,0.4262617832307284,0.6149657607874581,0.08364627602869704,0.24694095404408187,0.10245253201543096,0.09501034425394927,0.9256987493567466,-0.8235124559875328,0.25279330389261667,483,catboost_tuned,0.32279379346775905,True,utility_gap,,1337
credit-approval,gbdt_ensemble,gbdt,covariate_shift,0.1,4146424720,test_only,True,low,True,ok,,0.855072463768116,0.9284499054820416,0.4618743582089773,0.6663438461018643,0.09808977761309792,0.2592980850228309,0.09504572115554578,0.11739586875547878,0.33859495870579537,0.8145351945679655,0.23369722713075314,483,catboost_tuned,0.32279379346775905,True,utility_gap,,1337
credit-approval,gbdt_ensemble,gbdt,covariate_shift,0.2,4252839753,test_only,True,low,True,ok,,0.855072463768116,0.9266540642722118,0.49946598240127665,0.7205770959030561,0.1076341296450835,0.2706632264917128,0.12106673567365495,0.13345825004570872,0.04881593171069153,1.635955103565847,0.21488983736055803,483,catboost_tuned,0.32279379346775905,True,utility_gap;ece,,1337
credit-approval,gbdt_ensemble,gbdt,covariate_shift,0.3,3854496853,test_only,True,low,True,ok,,0.855072463768116,0.9271266540642723,0.5490402451785601,0.7920976389675692,0.17409369650569723,0.29180614712581154,0.1728156722624707,0.17409369650569728,-0.13087636088162882,2.128792892134587,0.18030716749630255,483,catboost_tuned,0.32279379346775905,True,utility_gap;ece;nll,,1337
credit-approval,gbdt_ensemble,gbdt,covariate_shift,0.4,3442682768,test_only,True,low,True,ok,,0.855072463768116,0.9284499054820416,0.5644654516806825,0.8143515078928695,0.19123333970415712,0.30325727492264204,0.18911027264912805,0.19123333970415712,-0.12177410059944076,2.0962342555888056,0.1706662161752397,483,catboost_tuned,0.32279379346775905,True,utility_gap;ece;nll,,1337
credit-approval,lightgbm,gbdt,covariate_shift,0.0,2216312198,test_only,True,low,True,ok,,0.9082125603864735,0.9462192816635161,0.37318556665429853,0.5383929663434942,0.060025133910004816,0.15554109543471611,0.05582255044605247,0.0741592772452021,0.2923039562937239,0.9865643417896884,0.2938857159551524,483,catboost_tuned,0.32279379346775905,False,,,1337
credit-approval,lightgbm,gbdt,covariate_shift,0.05,1642124568,test_only,True,low,True,ok,,0.8502415458937198,0.9026465028355387,1.0190682075343085,1.470204649337352,0.14585007054451563,0.2865140201372494,0.13774632303989598,0.1458500705445157,0.10212735296053117,1.0184582296748468,-0.026768901033612177,483,catboost_tuned,0.32279379346775905,True,utility_gap;ece;nll,,1337
credit-approval,lightgbm,gbdt,covariate_shift,0.1,4146424720,test_only,True,low,True,ok,,0.8502415458937198,0.9144612476370511,0.994396000550467,1.4346101786739776,0.14227167632540103,0.2900745433437572,0.1406023094331093,0.14685680461515271,0.129382287080143,0.8362395689718302,-0.011239720310247697,483,catboost_tuned,0.32279379346775905,True,utility_gap;ece;nll,,1337
credit-approval,lightgbm,gbdt,covariate_shift,0.2,4252839753,test_only,True,low,True,ok,,0.855072463768116,0.896219281663516,1.0143273207303174,1.463364995455818,0.14905906871370633,0.29200983837197486,0.1543239512669116,0.1490590687137064,-0.056021996154862676,2.1495511303724664,-0.02688369423203867,483,catboost_tuned,0.32279379346775905,True,utility_gap;ece;nll,,1337
credit-approval,lightgbm,gbdt,covariate_shift,0.3,3854496853,test_only,True,low,True,ok,,0.8502415458937198,0.8733459357277883,1.136934453480728,1.6402496978524501,0.16767874999248789,0.3126748288697947,0.1688439242387433,0.17397930415387466,-0.13016403924246867,2.576235580538574,-0.09240334996544876,483,catboost_tuned,0.32279379346775905,True,utility_gap;ece;nll,,1337
credit-approval,lightgbm,gbdt,covariate_shift,0.4,3442682768,test_only,True,low,True,ok,,0.8454106280193237,0.8891304347826087,1.0969589769670967,1.582577276129061,0.14076157857742752,0.30322272004075806,0.1570236183277027,0.15369216331902225,-0.08702468739005356,2.226594285885623,-0.06491825217739224,483,catboost_tuned,0.32279379346775905,True,utility_gap;ece;nll,,1337
credit-approval,lightgbm_tuned,gbdt,covariate_shift,0.0,2216312198,test_only,True,low,True,ok,,0.9082125603864735,0.9513232514177694,0.2823299923918527,0.40731607991794466,0.04987707262639893,0.1544386887144588,0.06384536548980235,0.05306168900655098,0.6615592727085091,0.8840576994159778,0.3370247835535271,483,catboost_tuned,0.32279379346775905,False,,,1337
credit-approval,lightgbm_tuned,gbdt,covariate_shift,0.05,1642124568,test_only,True,low,True,ok,,0.855072463768116,0.9051039697542532,0.5879139031377136,0.8481804725264539,0.12050388773801793,0.2751295546417547,0.11393967119638057,0.1285866363679889,0.12084995389712264,1.3062772235476794,0.16649233967366628,483,catboost_tuned,0.32279379346775905,True,utility_gap;ece;nll,,1337
credit-approval,lightgbm_tuned,gbdt,covariate_shift,0.1,4146424720,test_only,True,low,True,ok,,0.855072463768116,0.9040642722117204,0.614739980971668,0.8868823219840013,0.1143455567718431,0.2799443269692541,0.13152894905682835,0.11831634453760963,-0.029959163853078778,1.8927997303677984,0.15574955688975048,483,catboost_tuned,0.32279379346775905,True,utility_gap;ece;nll,,1337
credit-approval,lightgbm_tuned,gbdt,covariate_shift,0.2,4252839753,test_only,True,low,True,ok,,0.855072463768116,0.9090737240075616,0.6282171132140161,0.9063257138354415,0.12577604110313242,0.28232808438400847,0.13101301686421365,0.12583257521920083,-0.14939908885627506,2.334503168533493,0.14938375059660502,483,catboost_tuned,0.32279379346775905,True,utility_gap;ece;nll,,1337
credit-approval,lightgbm_tuned,gbdt,covariate_shift,0.3,3854496853,test_only,True,low,True,ok,,0.855072463768116,0.8763232514177692,0.7225196445702768,1.0423755081663948,0.16041603430766618,0.29818019816100033,0.16464038275152593,0.1635696307633946,-0.2761109703128173,2.8301689030338832,0.09017814824998491,483,catboost_tuned,0.32279379346775905,True,utility_gap;ece;nll,,1337
credit-approval,lightgbm_tuned,gbdt,covariate_shift,0.4,3442682768,test_only,True,low,True,ok,,0.855072463768116,0.8880434782608696,0.7377286170267825,1.0643174173064125,0.17981504320794106,0.305066048859996,0.18037739752177748,0.18072356997428013,-0.25136488653343064,2.7179533695673532,0.08381785312300985,483,catboost_tuned,0.32279379346775905,True,utility_gap;ece;nll,,1337
credit-approval,xgboost_tuned,gbdt,covariate_shift,0.0,2216312198,test_only,True,low,True,ok,,0.8695652173913043,0.9420604914933837,0.3046563138051332,0.4395261531021775,0.043252367816549946,0.17630805980084388,0.040663482572541924,0.05046537264070186,0.956530785542223,0.030850173019345332,0.3196476351374167,483,catboost_tuned,0.32279379346775905,False,,,1337
credit-approval,xgboost_tuned,gbdt,covariate_shift,0.05,1642124568,test_only,True,low,True,ok,,0.855072463768116,0.9216446124763705,0.5054146563224743,0.7291592182690334,0.10191283779009984,0.26244420498659254,0.10009954888061162,0.1072637586792126,0.37743441879422646,0.505215216043664,0.2117061508932171,483,catboost_tuned,0.32279379346775905,True,utility_gap;ece,,1337
credit-approval,xgboost_tuned,gbdt,covariate_shift,0.1,4146424720,test_only,True,low,True,ok,,0.855072463768116,0.9194706994328923,0.5380319064369505,0.7762159632566233,0.10517533048510141,0.26834366143143346,0.108120369410987,0.12300081821626091,0.1812445255065123,1.1408412823184015,0.19617575929272246,483,catboost_tuned,0.32279379346775905,True,utility_gap;ece;nll,,1337
credit-approval,xgboost_tuned,gbdt,covariate_shift,0.2,4252839753,test_only,True,low,True,ok,,0.855072463768116,0.9172022684310019,0.566736759262852,0.817628312077999,0.1320538875347974,0.27662450736701266,0.14903119253530941,0.1332498619308442,-0.01568516819646591,1.8284189779594207,0.17758239238570883,483,catboost_tuned,0.32279379346775905,True,utility_gap;ece;nll,,1337
credit-approval,xgboost_tuned,gbdt,covariate_shift,0.3,3854496853,test_only,True,low,True,ok,,0.855072463768116,0.9039697542533082,0.6162481926468246,0.8890582114883605,0.14025076610468004,0.28239981506713374,0.14361907604572616,0.143595298476975,-0.16485394578761298,2.3444131363140053,0.1498826668864311,483,catboost_tuned,0.32279379346775905,True,utility_gap;ece;nll,,1337
credit-approval,xgboost_tuned,gbdt,covariate_shift,0.4,3442682768,test_only,True,low,True,ok,,0.855072463768116,0.9107277882797732,0.622029186087141,0.8973984220561165,0.14491326158284373,0.2852747509034996,0.1447080709425891,0.1575881355932361,-0.12818947424608365,2.211301316201033,0.14881341652973426,483,catboost_tuned,0.32279379346775905,True,utility_gap;ece;nll,,1337
credit-approval,catboost_tuned,gbdt,label_noise,0.0,2456871693,train_only,True,low,True,ok,,0.8599033816425121,0.9487712665406427,0.2944112814159258,0.42474569568052123,0.054189741818431406,0.17515218464038795,0.0541625293494575,0.06748017616973118,1.3819920553338463,-0.553526660526665,0.32279379346775905,483,catboost_tuned,0.32279379346775905,False,,,1337
credit-approval,catboost_tuned,gbdt,label_noise,0.05,4095136875,train_only,True,low,True,ok,,0.8695652173913043,0.9410207939508506,0.32387377101260917,0.467251083313899,0.05363970548142724,0.18767891791805813,0.06736590781011514,0.06579465177058619,1.4946275693658184,-0.32122117739756095,0.3088887944010382,483,catboost_tuned,0.32279379346775905,False,,,1337
credit-approval,catboost_tuned,gbdt,label_noise,0.1,557912932,train_only,True,low,True,ok,,0.893719806763285,0.9398865784499055,0.34898672751342513,0.5034814211196864,0.12493792408593302,0.19605812947977125,0.1168543379844701,0.1358233433310346,1.4681556472745851,0.4597326622036582,0.28698626231886715,483,catboost_tuned,0.32279379346775905,True,utility_gap;ece,,1337
credit-approval,catboost_tuned,gbdt,label_noise,0.2,156435646,train_only,True,low,True,ok,,0.8164251207729468,0.9207939508506616,0.43053968948169924,0.6211374749211217,0.14512037924912183,0.26301394154647595,0.14602431677869473,0.15548957100254665,3.2632839808409537,-0.9210787505382655,0.22937633258751267,483,catboost_tuned,0.32279379346775905,True,utility_gap;ece,,1337
credit-approval,catboost_tuned,gbdt,label_noise,0.3,551413937,train_only,True,low,True,ok,,0.8260869565217391,0.8766540642722117,0.5017747823026705,0.7239079900712019,0.1532441623024565,0.320564278621489,0.15017734799275667,0.15435680114703548,1.2774615703344112,0.6782891180515053,0.1829207364916831,483,catboost_tuned,0.32279379346775905,True,utility_gap;ece,,1337
credit-approval,catboost_tuned,gbdt,label_noise,0.4,1241836237,train_only,True,low,True,ok,,0.6231884057971014,0.6675803402646503,0.6451265426721544,0.9307208638589595,0.08360559710892744,0.4539363442706085,0.07337689647649806,0.08998497737230238,1.6687532301053158,-0.04175746027084349,0.031194001382719508,483,catboost_tuned,0.32279379346775905,True,utility_gap;nll,,1337
credit-approval,gbdt_ensemble,gbdt,label_noise,0.0,2456871693,train_only,True,low,True,ok,,0.8695652173913043,0.9527410207939508,0.2844784495585991,0.410415648417972,0.044706154007988254,0.16740233984323002,0.057572888894538564,0.05139178787482708,1.1777837221298397,-0.28745161297535704,0.3318282145595892,483,catboost_tuned,0.32279379346775905,False,,,1337
credit-approval,gbdt_ensemble,gbdt,label_noise,0.05,4095136875,train_only,True,low,True,ok,,0.8792270531400966,0.943383742911153,0.30862881989373125,0.44525726793609915,0.03817233760590979,0.17944668575702502,0.0788234837099957,0.061324753204659854,1.264756447328278,-0.09562292075235855,0.3208567200879063,483,catboost_tuned,0.32279379346775905,False,,,1337
credit-approval,gbdt_ensemble,gbdt,label_noise,0.1,557912932,train_only,True,low,True,ok,,0.8985507246376812,0.9369565217391305,0.34462473305515234,0.4971883933463511,0.10902892000141465,0.19445198697894614,0.11717840270174729,0.11230874233236096,1.0508686193931307,0.8535068648614242,0.29175508930015953,483,catboost_tuned,0.32279379346775905,True,utility_gap;ece,,1337
credit-approval,gbdt_ensemble,gbdt,label_noise,0.2,156435646,train_only,True,low,True,ok,,0.8164251207729468,0.9044423440453687,0.4353889662622014,0.6281335024842502,0.11420142150462459,0.2708300032196637,0.12573828365471285,0.1169272189909703,2.0573325043038246,-0.3359882582277224,0.22773825348562107,483,catboost_tuned,0.32279379346775905,True,utility_gap;ece,,1337
credit-approval,gbdt_ensemble,gbdt,label_noise,0.3,551413937,train_only,True,low,True,ok,,0.8019323671497585,0.8688090737240075,0.5118696428617875,0.7384717953383056,0.13408207902664945,0.330482878558178,0.16972622598809656,0.13827424882965322,1.6734679165379407,0.31721767913658205,0.17601507646904477,483,catboost_tuned,0.32279379346775905,True,utility_gap;ece,,1337
credit-approval,gbdt_ensemble,gbdt,label_noise,0.4,1241836237,train_only,True,low,True,ok,,0.6328502415458938,0.6603969754253308,0.6423455592784176,0.9267087529080208,0.018759670756798894,0.45252125308984,0.09036446363007303,0.08541703775883583,1.0930131989084366,0.04027069342022685,0.044301917606983814,483,catboost_tuned,0.32279379346775905,True,utility_gap;nll,,1337
credit-approval,lightgbm,gbdt,label_noise,0.0,2456871693,train_only,True,low,True,ok,,0.9082125603864735,0.9462192816635161,0.37318556665429853,0.5383929663434942,0.060025133910004816,0.15554109543471611,0.05582255044605247,0.0741592772452021,0.2923039562937239,0.9865643417896884,0.2938857159551524,483,catboost_tuned,0.32279379346775905,False,,,1337
credit-approval,lightgbm,gbdt,label_noise,0.05,4095136875,train_only,True,low,True,ok,,0.8888888888888888,0.9363894139886579,0.3777630549925639,0.5449968860688368,0.06352432681442831,0.17451628827876312,0.06635300685292038,0.07587016856951878,0.36326005576051507,0.8165506207230295,0.2848656970458269,483,catboost_tuned,0.32279379346775905,True,utility_gap,,1337
credit-approval,lightgbm,gbdt,label_noise,0.1,557912932,train_only,True,low,True,ok,,0.8695652173913043,0.9351606805293006,0.34229579017018635,0.49382843899569706,0.05628963794024906,0.18547608700981058,0.060954046810081576,0.07119726451601213,0.6651927205379227,0.4807927184932371,0.2983345615071919,483,catboost_tuned,0.32279379346775905,False,,,1337
credit-approval,lightgbm,gbdt,label_noise,0.2,156435646,train_only,True,low,True,ok,,0.748792270531401,0.812476370510397,0.5644389261120406,0.814313239586533,0.0867518225454556,0.3593075689922009,0.10715592956403465,0.09352810571541023,0.5125918469122649,0.21970096277355988,0.13504123387329806,483,catboost_tuned,0.32279379346775905,True,utility_gap;nll,,1337
credit-approval,lightgbm,gbdt,label_noise,0.3,551413937,train_only,True,low,True,ok,,0.6521739130434783,0.7079395085066162,0.6865805571282505,0.9905263649397087,0.14191464059943287,0.4618083534259744,0.13980267169772248,0.13392147216641506,0.48743872655637976,-0.06592582394469029,0.020064077332038244,483,catboost_tuned,0.32279379346775905,True,utility_gap;ece;nll,,1337
credit-approval,lightgbm,gbdt,label_noise,0.4,1241836237,train_only,True,low,True,ok,,0.5410628019323671,0.5840264650283554,0.8392762816199725,1.2108197294288634,0.21895560440966802,0.581239868523773,0.21982734511501284,0.22222833464078495,0.35888018315610204,-0.31774176262565246,-0.12146835666081318,483,catboost_tuned,0.32279379346775905,True,utility_gap;ece;nll,,1337
credit-approval,lightgbm_tuned,gbdt,label_noise,0.0,2456871693,train_only,True,low,True,ok,,0.9082125603864735,0.9513232514177694,0.2823299923918527,0.40731607991794466,0.04987707262639893,0.1544386887144588,0.06384536548980235,0.05306168900655098,0.6615592727085091,0.8840576994159778,0.3370247835535271,483,catboost_tuned,0.32279379346775905,False,,,1337
credit-approval,lightgbm_tuned,gbdt,label_noise,0.05,4095136875,train_only,True,low,True,ok,,0.8743961352657005,0.9363894139886579,0.3266337204079106,0.47123284861960485,0.04813375392955882,0.18581194273198076,0.05985462259889959,0.0625789138951347,0.9455303535677021,0.26420577387972866,0.30789910981409213,483,catboost_tuned,0.32279379346775905,False,,,1337
credit-approval,lightgbm_tuned,gbdt,label_noise,0.1,557912932,train_only,True,low,True,ok,,0.9033816425120773,0.9417769376181475,0.33941806937253477,0.48967676547186206,0.10689951433543336,0.19215835264156056,0.11929312351342,0.11625968405670996,0.8506871684135198,1.0948384836087255,0.29684624203451787,483,catboost_tuned,0.32279379346775905,True,ece,,1337
credit-approval,lightgbm_tuned,gbdt,label_noise,0.2,156435646,train_only,True,low,True,ok,,0.7536231884057971,0.858695652173913,0.48132264528103863,0.694401793414512,0.0921921501799627,0.311316092439564,0.1266904966107101,0.09238032915132746,2.142884220185614,-0.9258059014943268,0.18682798846139295,483,catboost_tuned,0.32279379346775905,True,utility_gap,,1337
credit-approval,lightgbm_tuned,gbdt,label_noise,0.3,551413937,train_only,True,low,True,ok,,0.748792270531401,0.8128544423440454,0.5397750773497024,0.7787308272878724,0.07121605180468218,0.3589695848830778,0.11642668804649837,0.09132007539164536,1.2893334660015423,0.1782570907683195,0.1489554368528279,483,catboost_tuned,0.32279379346775905,True,utility_gap;nll,,1337
credit-approval,lightgbm_tuned,gbdt,label_noise,0.4,1241836237,train_only,True,low,True,ok,,0.6135265700483091,0.6130434782608696,0.6770705833854817,0.9768063729820318,0.0606997824070683,0.4804687033028976,0.0933326712721259,0.1269462411900105,0.3512119681267328,0.24187153706277606,0.0014123345225275138,483,catboost_tuned,0.32279379346775905,True,utility_gap;nll,,1337
credit-approval,xgboost_tuned,gbdt,label_noise,0.0,2456871693,train_only,True,low,True,ok,,0.8695652173913043,0.9420604914933837,0.3046563138051332,0.4395261531021775,0.043252367816549946,0.17630805980084388,0.040663482572541924,0.05046537264070186,0.956530785542223,0.030850173019345332,0.3196476351374167,483,catboost_tuned,0.32279379346775905,False,,,1337
credit-approval,xgboost_tuned,gbdt,label_noise,0.05,4095136875,train_only,True,low,True,ok,,0.8695652173913043,0.9416824196597353,0.3201570674971583,0.4618890135837034,0.05639278340535572,0.18214928251169088,0.0708656743464496,0.06818304383408048,1.2046940391723233,-0.11140033365386379,0.3101783687334208,483,catboost_tuned,0.32279379346775905,False,,,1337
credit-approval,xgboost_tuned,gbdt,label_noise,0.1,557912932,train_only,True,low,True,ok,,0.8888888888888888,0.9437618147448016,0.3352423488304244,0.4836524741536213,0.10545622026387773,0.1928287342269237,0.10477925867482046,0.1105709052025919,1.3847017225260712,0.38586139624313637,0.29746298219515194,483,catboost_tuned,0.32279379346775905,True,ece,,1337
credit-approval,xgboost_tuned,gbdt,label_noise,0.2,156435646,train_only,True,low,True,ok,,0.7681159420289855,0.8697542533081285,0.46869698712894015,0.6761868190105202,0.09365839170456094,0.30217425518486846,0.10089781307998585,0.11566731955414414,2.0320438217371275,-0.6833384498778059,0.19804365591812453,483,catboost_tuned,0.32279379346775905,True,utility_gap,,1337
credit-approval,xgboost_tuned,gbdt,label_noise,0.3,551413937,train_only,True,low,True,ok,,0.7777777777777778,0.847164461247637,0.5192549810313457,0.7491265860908153,0.10057838110564056,0.3378024145667249,0.1314869555403762,0.11703597015798214,1.2405357699501558,0.34047893159524406,0.1683205760549669,483,catboost_tuned,0.32279379346775905,True,utility_gap;ece,,1337
credit-approval,xgboost_tuned,gbdt,label_noise,0.4,1241836237,train_only,True,low,True,ok,,0.5748792270531401,0.6063327032136105,0.6853223872329067,0.9887112094711005,0.08154604861103822,0.48783956784335863,0.11896136018420216,0.13540726340728823,0.6334740857007986,-0.11175936884070113,-0.01447424238080305,483,catboost_tuned,0.32279379346775905,True,utility_gap;nll,,1337
credit-g,catboost_tuned,gbdt,covariate_shift,0.0,1793514910,test_only,True,low,True,ok,,0.7433333333333333,0.7732804232804232,0.5068155149787353,0.7311802301054077,0.04508978295236194,0.33677490151056894,0.0628244731139371,0.06007466770774382,1.101462762714021,-0.1196870559340624,0.15377612252605344,700,catboost_tuned,0.15377612252605344,False,,,1337
credit-g,catboost_tuned,gbdt,covariate_shift,0.05,3678426455,test_only,True,low,True,ok,,0.74,0.7715343915343914,0.5120901213713763,0.738789878590712,0.0573488467474705,0.34256566140354,0.06893604840176565,0.07394799515381266,1.0520881238320228,-0.07849304179569108,0.14793030411032926,700,catboost_tuned,0.15377612252605344,False,,,1337
credit-g,catboost_tuned,gbdt,covariate_shift,0.1,1368847026,test_only,True,low,True,ok,,0.76,0.7795238095238096,0.5016934990715858,0.7237907231568086,0.03224779032726758,0.3324723538739099,0.05275905270250904,0.03223539252193504,1.00441594930143,0.11984077225501402,0.16324655832083726,700,catboost_tuned,0.15377612252605344,False,,,1337
credit-g,catboost_tuned,gbdt,covariate_shift,0.2,4235709963,test_only,True,low,True,ok,,0.7433333333333333,0.7770899470899472,0.5069491111672341,0.7313729686640364,0.057017240410716354,0.336318842462737,0.07455838459987543,0.053496067769939565,1.2497460441335464,-0.10299902660036554,0.15266614280012727,700,catboost_tuned,0.15377612252605344,False,,,1337
credit-g,catboost_tuned,gbdt,covariate_shift,0.3,741023606,test_only,True,low,True,ok,,0.7533333333333333,0.7766137566137565,0.5090986750346665,0.7344741337956554,0.04587991758189913,0.33839644692077825,0.07945530498709673,0.054321320632797036,1.2460252784832775,0.03718551875237796,0.15529659115973835,700,catboost_tuned,0.15377612252605344,False,,,1337
credit-g,catboost_tuned,gbdt,covariate_shift,0.4,2283106695,test_only,True,low,True,ok,,0.75,0.7745502645502647,0.5186335107272778,0.7482299939650767,0.04709357368616774,0.3448871061224302,0.07429747309621354,0.07976666401867552,1.3077367131052764,0.03594177716956324,0.14970487966583604,700,catboost_tuned,0.15377612252605344,False,,,1337
credit-g,gbdt_ensemble,gbdt,covariate_shift,0.0,1793514910,test_only,True,low,True,ok,,0.7666666666666667,0.7821164021164022,0.5002802190056698,0.7217517910143243,0.03704330942184195,0.32754417643248906,0.04970987885854673,0.05737042507965298,0.7829738468043649,0.1758943079304114,0.16480654155207505,700,catboost_tuned,0.15377612252605344,False,,,1337
credit-g,gbdt_ensemble,gbdt,covariate_shift,0.05,3678426455,test_only,True,low,True,ok,,0.7766666666666666,0.7839682539682541,0.49904359168352114,0.7199677149092327,0.04479176728120499,0.32851906362259836,0.057551367263807975,0.04892411128670958,0.7057999457535599,0.321285501688497,0.1659402209598781,700,catboost_tuned,0.15377612252605344,False,,,1337
credit-g,gbdt_ensemble,gbdt,covariate_shift,0.1,1368847026,test_only,True,low,True,ok,,0.7633333333333333,0.786084656084656,0.49651208609768616,0.7163155243545659,0.05022334776633873,0.3265521799074631,0.07863548907448831,0.056375652785308636,0.8804018209655362,0.08483629742745759,0.16469030276999208,700,catboost_tuned,0.15377612252605344,False,,,1337
credit-g,gbdt_ensemble,gbdt,covariate_shift,0.2,4235709963,test_only,True,low,True,ok,,0.7633333333333333,0.7867195767195768,0.4936840230740934,0.7122354918551072,0.023152204078163208,0.32645127136819774,0.06983432055762881,0.03757470702431309,1.0028654207396475,0.060723610102236925,0.17155076347968706,700,catboost_tuned,0.15377612252605344,False,,,1337
credit-g,gbdt_ensemble,gbdt,covariate_shift,0.3,741023606,test_only,True,low,True,ok,,0.76,0.7834391534391534,0.5009838778658517,0.7227669561623865,0.0699503619602612,0.33360935174325096,0.08431163213926758,0.07800196083309396,1.071329780589664,0.04818136990383348,0.15738354446293548,700,catboost_tuned,0.15377612252605344,False,,,1337
credit-g,gbdt_ensemble,gbdt,covariate_shift,0.4,2283106695,test_only,True,low,True,ok,,0.75,0.7956613756613756,0.49591378565395927,0.7154523592714395,0.029337798625442862,0.32899231098769965,0.08650018032374013,0.06159588832957786,1.4573838476457197,-0.2528797840435271,0.17047821397496102,700,catboost_tuned,0.15377612252605344,False,,,1337
credit-g,lightgbm,gbdt,covariate_shift,0.0,1793514910,test_only,True,low,True,ok,,0.7633333333333333,0.7688888888888888,0.6388098849155895,0.9216078530385705,0.11710307046246478,0.361603316637467,0.10863687522555115,0.1277414262232463,0.34392056621377165,0.2583509506550462,0.08370814110704694,700,catboost_tuned,0.15377612252605344,True,utility_gap;ece;nll,,1337
credit-g,lightgbm,gbdt,covariate_shift,0.05,3678426455,test_only,True,low,True,ok,,0.75,0.741111111111111,0.6731422490260913,0.9711389844827857,0.13992265426102266,0.38176518062383347,0.15848242180498967,0.15574212370312665,0.33061716397311924,0.23160067573030318,0.052562662691848616,700,catboost_tuned,0.15377612252605344,True,utility_gap;ece;nll,,1337
credit-g,lightgbm,gbdt,covariate_shift,0.1,1368847026,test_only,True,low,True,ok,,0.75,0.766984126984127,0.6237634744986674,0.8999004713468969,0.12153572751181646,0.3625609681844659,0.11620412122574258,0.1314659634020462,0.428441325536443,0.045709655207537815,0.08666715753801207,700,catboost_tuned,0.15377612252605344,True,utility_gap;ece;nll,,1337
credit-g,lightgbm,gbdt,covariate_shift,0.2,4235709963,test_only,True,low,True,ok,,0.7233333333333334,0.748095238095238,0.6241432746741401,0.9004484071765801,0.12606161082286652,0.39196540061042207,0.1340428847716815,0.14376701566797323,0.4935300786248635,-0.07941020068526007,0.07498648901578597,700,catboost_tuned,0.15377612252605344,True,utility_gap;ece;nll,,1337
credit-g,lightgbm,gbdt,covariate_shift,0.3,741023606,test_only,True,low,True,ok,,0.7433333333333333,0.7789417989417989,0.5840311687487575,0.8425788708784178,0.10218579111314904,0.37829000675734425,0.10710539026806938,0.12744195986050721,0.5052926778274944,0.0715490427794819,0.11091881014347449,700,catboost_tuned,0.15377612252605344,True,utility_gap;ece;nll,,1337
credit-g,lightgbm,gbdt,covariate_shift,0.4,2283106695,test_only,True,low,True,ok,,0.7066666666666667,0.7894708994708994,0.5844818924722313,0.8432291277590844,0.11090983454254007,0.3901722887035187,0.1341083423364252,0.15164771308404756,0.7039504419739984,-0.32627863160741066,0.10716410957858144,700,catboost_tuned,0.15377612252605344,True,utility_gap;ece;nll,,1337
credit-g,lightgbm_tuned,gbdt,covariate_shift,0.0,1793514910,test_only,True,low,True,ok,,0.75,0.7743386243386243,0.5166409737746623,0.7453553707847503,0.04592902766360585,0.341195647266325,0.07248815280362937,0.08276603967840938,0.752860215842026,0.05048040646035097,0.1507261017503722,700,catboost_tuned,0.15377612252605344,False,,,1337
credit-g,lightgbm_tuned,gbdt,covariate_shift,0.05,3678426455,test_only,True,low,True,ok,,0.7466666666666667,0.7666666666666667,0.526540753552254,0.7596377339757748,0.06133401269426172,0.3495395821487899,0.07310871476253229,0.056169725127109285,0.7181799814685796,0.06608105033090615,0.1401752106017485,700,catboost_tuned,0.15377612252605344,True,nll,,1337
credit-g,lightgbm_tuned,gbdt,covariate_shift,0.1,1368847026,test_only,True,low,True,ok,,0.75,0.7749206349206349,0.5149520960247601,0.7429188352302987,0.06820083773889342,0.3398971576308506,0.07165218726128851,0.0675890276317982,0.8058497357719915,0.004887798896801148,0.1472064041053539,700,catboost_tuned,0.15377612252605344,False,,,1337
credit-g,lightgbm_tuned,gbdt,covariate_shift,0.2,4235709963,test_only,True,low,True,ok,,0.7433333333333333,0.7596296296296298,0.5281833071144335,0.7620074378543256,0.06149572140648783,0.3500918942646456,0.061874180759217946,0.06856771911694298,0.7924987210435173,0.08811777101971047,0.13646899473277518,700,catboost_tuned,0.15377612252605344,True,nll,,1337
credit-g,lightgbm_tuned,gbdt,covariate_shift,0.3,741023606,test_only,True,low,True,ok,,0.75,0.7602645502645504,0.5369850804819281,0.7747057126426385,0.05847751114736594,0.3607478927324174,0.06361416378439715,0.0717793370324177,0.6819057034422524,0.2666190916561799,0.13448537657032786,700,catboost_tuned,0.15377612252605344,True,nll,,1337
credit-g,lightgbm_tuned,gbdt,covariate_shift,0.4,2283106695,test_only,True,low,True,ok,,0.7066666666666667,0.7582539682539682,0.5498513585877738,0.7932678282606405,0.0684031254764242,0.37054074407069454,0.0861040861526929,0.11784165269403167,0.9941759002640941,-0.247641640239824,0.11972791531541185,700,catboost_tuned,0.15377612252605344,True,utility_gap;nll,,1337
credit-g,xgboost_tuned,gbdt,covariate_shift,0.0,1793514910,test_only,True,low,True,ok,,0.7666666666666667,0.7774074074074074,0.511896187304937,0.7385100908748006,0.06208037495965071,0.3372204200650309,0.0899496306466023,0.0680959282695319,0.6599364300822431,0.28517051985902275,0.15312349033822228,700,catboost_tuned,0.15377612252605344,False,,,1337
credit-g,xgboost_tuned,gbdt,covariate_shift,0.05,3678426455,test_only,True,low,True,ok,,0.7566666666666667,0.7723280423280424,0.5180251357783715,0.7473522944432885,0.04978136423666916,0.34297680740306935,0.07569604889410089,0.06327930069233845,0.6990062122001955,0.1530948090019232,0.14965285363449443,700,catboost_tuned,0.15377612252605344,False,,,1337
credit-g,xgboost_tuned,gbdt,covariate_shift,0.1,1368847026,test_only,True,low,True,ok,,0.75,0.7666931216931216,0.5232876625145911,0.7549445156681782,0.050874898247269755,0.3471873311423907,0.0725867683556797,0.07501754683177057,0.7260276928351852,0.09423590533817904,0.14418425824268516,700,catboost_tuned,0.15377612252605344,True,nll,,1337
credit-g,xgboost_tuned,gbdt,covariate_shift,0.2,4235709963,test_only,True,low,True,ok,,0.7266666666666667,0.7628042328042328,0.5233141018158649,0.7549826595170104,0.08884264072675994,0.34833241741238263,0.09226127137138264,0.08242587964633592,0.9839164736544742,-0.29403599771825645,0.1317181554810264,700,catboost_tuned,0.15377612252605344,True,nll,,1337
credit-g,xgboost_tuned,gbdt,covariate_shift,0.3,741023606,test_only,True,low,True,ok,,0.76,0.7704761904761904,0.5213485203362463,0.7521469248639016,0.060458608807769425,0.3473895476604901,0.0920105436744238,0.07132326204105296,0.7014798521929595,0.26844907814074337,0.14593086744594227,700,catboost_tuned,0.15377612252605344,True,nll,,1337
credit-g,xgboost_tuned,gbdt,covariate_shift,0.4,2283106695,test_only,True,low,True,ok,,0.7433333333333333,0.7695502645502645,0.5285749303813904,0.762572430799461,0.06354715887674549,0.35218102804796386,0.07799141315443445,0.10520601997516182,0.8251926753953789,0.09499396058151825,0.13936143157740516,700,catboost_tuned,0.15377612252605344,True,nll,,1337
credit-g,catboost_tuned,gbdt,label_noise,0.0,3480298481,train_only,True,low,True,ok,,0.7433333333333333,0.7732804232804232,0.5068155149787353,0.7311802301054077,0.04508978295236194,0.33677490151056894,0.0628244731139371,0.06007466770774382,1.101462762714021,-0.1196870559340624,0.15377612252605344,700,catboost_tuned,0.15377612252605344,False,,,1337
credit-g,catboost_tuned,gbdt,label_noise,0.05,2611176017,train_only,True,low,True,ok,,0.7466666666666667,0.7661375661375662,0.516430855506476,0.7450522342012379,0.06459510334791552,0.3406738824587206,0.06118930762509998,0.06268644389483331,1.1714546848881193,0.016587151561136385,0.14371345721819365,700,catboost_tuned,0.15377612252605344,False,,,1337
credit-g,catboost_tuned,gbdt,label_noise,0.1,1864122158,train_only,True,low,True,ok,,0.7433333333333333,0.7528042328042327,0.5301465617650614,0.7648398156027886,0.05255554809252387,0.35207280149128506,0.07534763979042693,0.06025649519829107,1.2961757546108592,0.07373053485964015,0.13501842718214008,700,catboost_tuned,0.15377612252605344,True,nll,,1337
credit-g,catboost_tuned,gbdt,label_noise,0.2,1297002651,train_only,True,low,True,ok,,0.7,0.717089947089947,0.5661201815677204,0.8167387784949097,0.05917448566283518,0.3834348387464619,0.06412105378517588,0.07310398300934376,1.798296015534517,-0.25126007651104854,0.09912495080044147,700,catboost_tuned,0.15377612252605344,True,utility_gap;nll,,1337
credit-g,catboost_tuned,gbdt,label_noise,0.3,1992623314,train_only,True,low,True,ok,,0.6833333333333333,0.6914814814814816,0.6188850251199444,0.8928623566209853,0.10408654722498692,0.42794398579722315,0.1358955076056701,0.1494136994427187,2.2327032165501692,-0.020414215859206195,0.05584250208722557,700,catboost_tuned,0.15377612252605344,True,utility_gap;ece;nll,,1337
credit-g,catboost_tuned,gbdt,label_noise,0.4,2615597079,train_only,True,low,True,ok,,0.67,0.5612698412698411,0.6433132353622507,0.9281048143953536,0.08580229461409986,0.45095321630499446,0.12037761321576355,0.13953627799757462,1.1992018297644704,0.3066547943516015,0.0013525412030183682,700,catboost_tuned,0.15377612252605344,True,utility_gap;nll,,1337
credit-g,gbdt_ensemble,gbdt,label_noise,0.0,3480298481,train_only,True,low,True,ok,,0.7666666666666667,0.7821164021164022,0.5002802190056698,0.7217517910143243,0.03704330942184195,0.32754417643248906,0.04970987885854673,0.05737042507965298,0.7829738468043649,0.1758943079304114,0.16480654155207505,700,catboost_tuned,0.15377612252605344,False,,,1337
credit-g,gbdt_ensemble,gbdt,label_noise,0.05,2611176017,train_only,True,low,True,ok,,0.7633333333333333,0.7708994708994709,0.5071309172727633,0.7316352594308867,0.029217230738250565,0.33422416724381465,0.0655765416173807,0.03421813300812786,0.877177654026828,0.20708578888810472,0.15898079083789865,700,catboost_tuned,0.15377612252605344,False,,,1337
credit-g,gbdt_ensemble,gbdt,label_noise,0.1,1864122158,train_only,True,low,True,ok,,0.74,0.7382539682539683,0.5312162855594256,0.7663831008160388,0.034425574659157014,0.35249538841842,0.04981746411235346,0.07259902088850595,1.033637967261722,0.05652876953818163,0.13258884371224583,700,catboost_tuned,0.15377612252605344,True,nll,,1337
credit-g,gbdt_ensemble,gbdt,label_noise,0.2,1297002651,train_only,True,low,True,ok,,0.72,0.708994708994709,0.5598160337405805,0.8076438156876642,0.0595620251032288,0.3799400711146293,0.07292944692666206,0.06758716439653908,1.1193617126626365,0.09877513928282546,0.10194259842120308,700,catboost_tuned,0.15377612252605344,True,utility_gap;nll,,1337
credit-g,gbdt_ensemble,gbdt,label_noise,0.3,1992623314,train_only,True,low,True,ok,,0.7033333333333334,0.6731746031746031,0.6041052788399809,0.8715396899572849,0.07716487346943404,0.41591140631109186,0.09028597061665841,0.13467275007253843,1.1203278950374944,0.3016915673985501,0.06421622943003881,700,catboost_tuned,0.15377612252605344,True,utility_gap;nll,,1337
credit-g,gbdt_ensemble,gbdt,label_noise,0.4,2615597079,train_only,True,low,True,ok,,0.6666666666666666,0.5808994708994709,0.6459787573486822,0.9319503497465588,0.07173389898323973,0.45362536151783417,0.08408129036150815,0.14533590746238872,0.37013134913045337,0.5246747824418405,0.009382930094199271,700,catboost_tuned,0.15377612252605344,True,utility_gap;nll,,1337
credit-g,lightgbm,gbdt,label_noise,0.0,3480298481,train_only,True,low,True,ok,,0.7633333333333333,0.7688888888888888,0.6388098849155895,0.9216078530385705,0.11710307046246478,0.361603316637467,0.10863687522555115,0.1277414262232463,0.34392056621377165,0.2583509506550462,0.08370814110704694,700,catboost_tuned,0.15377612252605344,True,utility_gap;ece;nll,,1337
credit-g,lightgbm,gbdt,label_noise,0.05,2611176017,train_only,True,low,True,ok,,0.7466666666666667,0.7548148148148147,0.5981104346441897,0.862890957965115,0.09867175378395582,0.36881647422115327,0.11234526008650868,0.12161405367934706,0.4426332948031311,0.14689904983900856,0.09758354703885949,700,catboost_tuned,0.15377612252605344,True,utility_gap;nll,,1337
credit-g,lightgbm,gbdt,label_noise,0.1,1864122158,train_only,True,low,True,ok,,0.6966666666666667,0.7131216931216932,0.6620049872466387,0.9550713121444872,0.13361584102672475,0.4043865569458566,0.1422260340722519,0.13565796998655652,0.5127732784157945,-0.17188609925926485,0.0408480307439015,700,catboost_tuned,0.15377612252605344,True,utility_gap;ece;nll,,1337
credit-g,lightgbm,gbdt,label_noise,0.2,1297002651,train_only,True,low,True,ok,,0.7166666666666667,0.7175132275132275,0.6041229820225076,0.8715652302509241,0.07027729130464566,0.3985920288963735,0.10689045696326356,0.10817518487623501,0.506673565455462,0.1798460335805451,0.08310460229342326,700,catboost_tuned,0.15377612252605344,True,utility_gap;nll,,1337
credit-g,lightgbm,gbdt,label_noise,0.3,1992623314,train_only,True,low,True,ok,,0.61,0.6149735449735451,0.7120902157362256,1.0273290229082048,0.1374561571546935,0.4930924328915096,0.14988879616517092,0.1891094650276603,0.47607854200948746,-0.12787429530802738,-0.02894919756265937,700,catboost_tuned,0.15377612252605344,True,utility_gap;ece;nll,,1337
credit-g,lightgbm,gbdt,label_noise,0.4,2615597079,train_only,True,low,True,ok,,0.59,0.5662962962962963,0.7362060717150397,1.0621208487356324,0.15226603686715492,0.5138599330878104,0.16355721371759596,0.18622577827183984,0.32847829530186523,0.024896142523551674,-0.06238575829041704,700,catboost_tuned,0.15377612252605344,True,utility_gap;ece;nll,,1337
credit-g,lightgbm_tuned,gbdt,label_noise,0.0,3480298481,train_only,True,low,True,ok,,0.75,0.7743386243386243,0.5166409737746623,0.7453553707847503,0.04592902766360585,0.341195647266325,0.07248815280362937,0.08276603967840938,0.752860215842026,0.05048040646035097,0.1507261017503722,700,catboost_tuned,0.15377612252605344,False,,,1337
credit-g,lightgbm_tuned,gbdt,label_noise,0.05,2611176017,train_only,True,low,True,ok,,0.7566666666666667,0.7702116402116401,0.5112573595545259,0.7375884572473003,0.041547108683792806,0.3380058349842717,0.05714238639335542,0.06091938558964287,0.8297219184420299,0.17702958187588344,0.15348811516312538,700,catboost_tuned,0.15377612252605344,False,,,1337
credit-g,lightgbm_tuned,gbdt,label_noise,0.1,1864122158,train_only,True,low,True,ok,,0.7266666666666667,0.7285714285714285,0.5514831698332513,0.7956220342521576,0.031292956232458174,0.3670016178006502,0.052949620646419886,0.056801297298140783,0.8778442631483054,0.06619043477049023,0.11905479847786102,700,catboost_tuned,0.15377612252605344,True,utility_gap;nll,,1337
credit-g,lightgbm_tuned,gbdt,label_noise,0.2,1297002651,train_only,True,low,True,ok,,0.71,0.7394708994708995,0.5508334462914951,0.7946846813205172,0.03253712023474191,0.37238505641026637,0.06144896922039105,0.08386152552867149,1.4787452518339301,-0.26949101365460526,0.12040198637171128,700,catboost_tuned,0.15377612252605344,True,utility_gap;nll,,1337
credit-g,lightgbm_tuned,gbdt,label_noise,0.3,1992623314,train_only,True,low,True,ok,,0.6433333333333333,0.6397354497354497,0.6256234624718202,0.9025838667718775,0.03530380422973471,0.4364233880775686,0.06748032963391538,0.13788557593983525,1.1221196957258504,-0.02088072126375566,0.04257148652989715,700,catboost_tuned,0.15377612252605344,True,utility_gap;nll,,1337
credit-g,lightgbm_tuned,gbdt,label_noise,0.4,2615597079,train_only,True,low,True,ok,,0.6266666666666667,0.5389417989417988,0.6652337499936073,0.9597294321477458,0.06302344897786022,0.4700365989885173,0.13123096204352613,0.14819583406744952,0.3516501872833131,0.3319132708480285,-0.017893889810266173,700,catboost_tuned,0.15377612252605344,True,utility_gap;nll,,1337
credit-g,xgboost_tuned,gbdt,label_noise,0.0,3480298481,train_only,True,low,True,ok,,0.7666666666666667,0.7774074074074074,0.511896187304937,0.7385100908748006,0.06208037495965071,0.3372204200650309,0.0899496306466023,0.0680959282695319,0.6599364300822431,0.28517051985902275,0.15312349033822228,700,catboost_tuned,0.15377612252605344,False,,,1337
credit-g,xgboost_tuned,gbdt,label_noise,0.05,2611176017,train_only,True,low,True,ok,,0.7633333333333333,0.7629100529100529,0.5163014002847975,0.7448654697949051,0.07235608290616609,0.3412202598831619,0.07764019644474143,0.07517834975199547,0.7383379811663197,0.3009268825397789,0.14358766099881376,700,catboost_tuned,0.15377612252605344,False,,,1337
credit-g,xgboost_tuned,gbdt,label_noise,0.1,1864122158,train_only,True,low,True,ok,,0.72,0.7283597883597883,0.5485566884320598,0.791400014047405,0.03964144490137703,0.36622897195734466,0.08617272700204223,0.04981842579326651,0.9881990345623162,-0.0404809478321255,0.11757763273142897,700,catboost_tuned,0.15377612252605344,True,utility_gap;nll,,1337
credit-g,xgboost_tuned,gbdt,label_noise,0.2,1297002651,train_only,True,low,True,ok,,0.71,0.7380423280423279,0.5515160594969942,0.795669484006936,0.058410245157476205,0.372517430452161,0.07596137851607589,0.08796466209007076,1.3725469371955814,-0.1659256980174552,0.11443192058123873,700,catboost_tuned,0.15377612252605344,True,utility_gap;nll,,1337
credit-g,xgboost_tuned,gbdt,label_noise,0.3,1992623314,train_only,True,low,True,ok,,0.6666666666666666,0.6647089947089947,0.6175706244059043,0.8909660772290987,0.04020907840880585,0.4276351281597291,0.058187441364446896,0.14607890237533688,1.0580077759353999,0.09830297684690038,0.057316509297657345,700,catboost_tuned,0.15377612252605344,True,utility_gap;nll,,1337
credit-g,xgboost_tuned,gbdt,label_noise,0.4,2615597079,train_only,True,low,True,ok,,0.6166666666666667,0.5559788359788359,0.659611316234742,0.9516179748461041,0.04779117660308981,0.46624376862674494,0.10358240719070158,0.14649261625586096,0.6777040272584508,0.12446279104861123,-0.007951035181856596,700,catboost_tuned,0.15377612252605344,True,utility_gap;nll,,1337
diabetes,catboost_tuned,gbdt,covariate_shift,0.0,2911045295,test_only,True,low,True,ok,,0.7705627705627706,0.8368724279835391,0.4669949351977521,0.6737312771300598,0.04880559446630472,0.3086566727813926,0.08679057261924236,0.06406823423718455,1.0499615170125498,-0.04074186855832886,0.19660926334637535,537,catboost_tuned,0.19660926334637535,False,,,1337
diabetes,catboost_tuned,gbdt,covariate_shift,0.05,3199614857,test_only,True,low,True,ok,,0.7532467532467533,0.8306172839506173,0.488318138934819,0.7044941574173913,0.07266303396654293,0.32358696262702225,0.0873504237086259,0.09879683221704044,1.1568354985354488,-0.1346352391515053,0.17782220835120305,537,catboost_tuned,0.19660926334637535,False,,,1337
diabetes,catboost_tuned,gbdt,covariate_shift,0.1,1549867072,test_only,True,low,True,ok,,0.7359307359307359,0.8332510288065844,0.5239063808741025,0.7558371375771521,0.04647122836610627,0.3509510751559962,0.06142040399211441,0.14113000483216886,1.0755941481673552,-0.05550563856998792,0.16598208352554802,537,catboost_tuned,0.19660926334637535,True,utility_gap;nll,,1337
diabetes,catboost_tuned,gbdt,covariate_shift,0.2,3983186142,test_only,True,low,True,ok,,0.5800865800865801,0.7933333333333333,0.6807114313147137,0.9820590062341656,0.13758036071524432,0.4829065283758909,0.14002784072629293,0.2504590311114838,0.920209349783316,-0.583107038695437,0.04254587966635519,537,catboost_tuned,0.19660926334637535,True,utility_gap;ece;nll,,1337
diabetes,catboost_tuned,gbdt,covariate_shift,0.3,1478532716,test_only,True,low,True,ok,,0.42857142857142855,0.6986831275720164,0.9100975120877484,1.312993167414378,0.30931236983384197,0.6754175422827561,0.30931236983384197,0.3610903515655025,0.5419429364719425,-0.9158423275666232,-0.14693561525516177,537,catboost_tuned,0.19660926334637535,True,utility_gap;ece;nll,,1337
diabetes,catboost_tuned,gbdt,covariate_shift,0.4,1290841565,test_only,True,low,True,ok,,0.36796536796536794,0.6317695473251028,1.0942553163981572,1.5786767184340051,0.4190720360013578,0.8054129583715591,0.4190720360013576,0.42984624176798153,0.5618343238396375,-1.3555563199200695,-0.2811032759718819,537,catboost_tuned,0.19660926334637535,True,utility_gap;ece;nll,,1337
diabetes,gbdt_ensemble,gbdt,covariate_shift,0.0,2911045295,test_only,True,low,True,ok,,0.7575757575757576,0.8237860082304528,0.48427206638231785,0.6986569086108209,0.07117257226860618,0.32269406772216047,0.0859531691228058,0.07960275857805396,0.9132600852414303,-0.1254060109145216,0.1781298794800546,537,catboost_tuned,0.19660926334637535,False,,,1337
diabetes,gbdt_ensemble,gbdt,covariate_shift,0.05,3199614857,test_only,True,low,True,ok,,0.7402597402597403,0.820082304526749,0.5039231144749726,0.7270073782423644,0.0596167842586431,0.3359877294163323,0.08152432905099134,0.09740424844032036,1.0350531151041726,-0.2389658835291785,0.16804219729888525,537,catboost_tuned,0.19660926334637535,False,,,1337
diabetes,gbdt_ensemble,gbdt,covariate_shift,0.1,1549867072,test_only,True,low,True,ok,,0.7272727272727273,0.8204938271604939,0.5468948943121917,0.7890025519116928,0.05448119830281064,0.36387013682977687,0.07527320038465135,0.13043047928071178,0.8275872231770312,0.011699891971523112,0.14866674336301194,537,catboost_tuned,0.19660926334637535,True,utility_gap;nll,,1337
diabetes,gbdt_ensemble,gbdt,covariate_shift,0.2,3983186142,test_only,True,low,True,ok,,0.6060606060606061,0.7696296296296297,0.7016883306521126,1.012322274881458,0.14843921867110885,0.49223656262266957,0.17046625608763485,0.24412216711561763,0.5514342798781445,-0.172338168843438,0.026894935080802165,537,catboost_tuned,0.19660926334637535,True,utility_gap;ece;nll,,1337
diabetes,gbdt_ensemble,gbdt,covariate_shift,0.3,1478532716,test_only,True,low,True,ok,,0.42857142857142855,0.6850205761316872,0.9329597964093217,1.3459764716285054,0.3149330736779776,0.6835458069935497,0.31493307367797757,0.36981275478798187,0.45389241778016626,-0.8352288867827151,-0.16273664029234236,537,catboost_tuned,0.19660926334637535,True,utility_gap;ece;nll,,1337
diabetes,gbdt_ensemble,gbdt,covariate_shift,0.4,1290841565,test_only,True,low,True,ok,,0.3593073593073593,0.5766255144032922,1.2049296428515055,1.738346020361977,0.4568655894978466,0.8742282448145821,0.4568655894978466,0.46559731329047127,0.4078913966586929,-1.2439426309724302,-0.35716189007090615,537,catboost_tuned,0.19660926334637535,True,utility_gap;ece;nll,,1337
diabetes,lightgbm,gbdt,covariate_shift,0.0,2911045295,test_only,True,low,True,ok,,0.7316017316017316,0.791769547325103,0.6966925680099572,1.0051149128921621,0.1638642276282551,0.4110500090816366,0.16206278449953745,0.17478856608524684,0.43844695785977483,-0.24114938336478142,0.052552281910746124,537,catboost_tuned,0.19660926334637535,True,utility_gap;ece;nll,,1337
diabetes,lightgbm,gbdt,covariate_shift,0.05,3199614857,test_only,True,low,True,ok,,0.696969696969697,0.7933333333333333,0.7288340760312486,1.051485307121172,0.18783418979034536,0.43194372170515555,0.19568718492365805,0.18783418979034533,0.5265202219837207,-0.6128384961319402,0.029199691117700557,537,catboost_tuned,0.19660926334637535,True,utility_gap;ece;nll,,1337
diabetes,lightgbm,gbdt,covariate_shift,0.1,1549867072,test_only,True,low,True,ok,,0.7012987012987013,0.7735802469135803,0.842418556143106,1.2153530733004998,0.16429977295466797,0.45489103912139595,0.164299772954668,0.20546757224005424,0.23446300494278344,0.22604990928731827,-0.021517984966525232,537,catboost_tuned,0.19660926334637535,True,utility_gap;ece;nll,,1337
diabetes,lightgbm,gbdt,covariate_shift,0.2,3983186142,test_only,True,low,True,ok,,0.5974025974025974,0.6934156378600823,1.1185253873833645,1.6136910294863867,0.2566999701894652,0.608190428692527,0.2459684765385264,0.2850103862647475,0.10816914975120566,0.12490910440372772,-0.20314144002239062,537,catboost_tuned,0.19660926334637535,True,utility_gap;ece;nll,,1337
diabetes,lightgbm,gbdt,covariate_shift,0.3,1478532716,test_only,True,low,True,ok,,0.45454545454545453,0.5865020576131686,1.482537713002796,2.1388498064799992,0.3820620036553943,0.8182505759717432,0.38442377135051475,0.3868074419648098,0.060502246926840905,-0.3308684010500207,-0.44460980432865144,537,catboost_tuned,0.19660926334637535,True,utility_gap;ece;nll,,1337
diabetes,lightgbm,gbdt,covariate_shift,0.4,1290841565,test_only,True,low,True,ok,,0.3852813852813853,0.5389300411522634,1.9721771031688127,2.8452501264964076,0.511792541961478,1.019163714999328,0.5049287222718417,0.5132674205601088,0.0094417251008761,-0.49553797521192117,-0.709515824145718,537,catboost_tuned,0.19660926334637535,True,utility_gap;ece;nll,,1337
diabetes,lightgbm_tuned,gbdt,covariate_shift,0.0,2911045295,test_only,True,low,True,ok,,0.7359307359307359,0.8114403292181069,0.5092314593028076,0.7346657010008105,0.0870841237510782,0.34254465146898483,0.09340513289409046,0.08933148135708113,0.8692459455751558,-0.28615018900961026,0.15657719056548897,537,catboost_tuned,0.19660926334637535,True,utility_gap,,1337
diabetes,lightgbm_tuned,gbdt,covariate_shift,0.05,3199614857,test_only,True,low,True,ok,,0.7359307359307359,0.8156378600823044,0.505770577939649,0.7296727046210766,0.05705974080160146,0.33842029785044747,0.06769526305536266,0.06770547261314,0.9346795586119543,-0.2615221547521418,0.16554910187177366,537,catboost_tuned,0.19660926334637535,True,utility_gap,,1337
diabetes,lightgbm_tuned,gbdt,covariate_shift,0.1,1549867072,test_only,True,low,True,ok,,0.7272727272727273,0.797119341563786,0.5759281104479053,0.8308886288517442,0.09439599740897364,0.38047824571006056,0.10717181955748059,0.14296148426099742,0.560183524633862,0.2596980542874599,0.11993689050091616,537,catboost_tuned,0.19660926334637535,True,utility_gap;nll,,1337
diabetes,lightgbm_tuned,gbdt,covariate_shift,0.2,3983186142,test_only,True,low,True,ok,,0.6147186147186147,0.7435802469135803,0.7344456568301715,1.059581106911326,0.12822056921933717,0.5039232320561379,0.14952863559905039,0.24073604473161145,0.2988297615462142,0.11807779965328138,0.008942432710280068,537,catboost_tuned,0.19660926334637535,True,utility_gap;ece;nll,,1337
diabetes,lightgbm_tuned,gbdt,covariate_shift,0.3,1478532716,test_only,True,low,True,ok,,0.43722943722943725,0.6562962962962964,0.9332693797653945,1.3464231060010534,0.29954352864161377,0.672063245932815,0.29954352864161377,0.35335110456113383,0.37781189153006933,-0.7166605743887249,-0.1685475182405195,537,catboost_tuned,0.19660926334637535,True,utility_gap;ece;nll,,1337
diabetes,lightgbm_tuned,gbdt,covariate_shift,0.4,1290841565,test_only,True,low,True,ok,,0.38961038961038963,0.6118930041152264,1.169780842648556,1.6876370206159848,0.4153428326151424,0.8223770671108173,0.4029423622526098,0.4332563727672033,0.21322620122666774,-0.7919742486201939,-0.31675556282593625,537,catboost_tuned,0.19660926334637535,True,utility_gap;ece;nll,,1337
diabetes,xgboost_tuned,gbdt,covariate_shift,0.0,2911045295,test_only,True,low,True,ok,,0.7359307359307359,0.8184362139917695,0.4941352409025836,0.7128864615786307,0.0770061447810309,0.33136559619261047,0.09249241214448314,0.08055100055823239,1.0754980304015367,-0.5435846763590946,0.16757511785693427,537,catboost_tuned,0.19660926334637535,False,,,1337
diabetes,xgboost_tuned,gbdt,covariate_shift,0.05,3199614857,test_only,True,low,True,ok,,0.7619047619047619,0.8189300411522634,0.5066143043005081,0.7308899444577553,0.05532199477902018,0.33722212397062834,0.09020060199012343,0.08013078529195275,0.7624124635952729,0.0760094158505557,0.1705798463958758,537,catboost_tuned,0.19660926334637535,False,,,1337
diabetes,xgboost_tuned,gbdt,covariate_shift,0.1,1549867072,test_only,True,low,True,ok,,0.7316017316017316,0.8165432098765432,0.5407972206460958,0.780205468352657,0.059762872074067004,0.3617571666623237,0.06890902649122702,0.1305122806117451,0.8304898101112478,-0.08276154881148046,0.14951616827643938,537,catboost_tuned,0.19660926334637535,True,utility_gap;nll,,1337
diabetes,xgboost_tuned,gbdt,covariate_shift,0.2,3983186142,test_only,True,low,True,ok,,0.6060606060606061,0.7684773662551441,0.7264544644628457,1.0480522533121952,0.14666818183170863,0.5063560891877782,0.15820387367408176,0.2613017305210774,0.48217977832172787,-0.1812253970618349,0.016126856738390986,537,catboost_tuned,0.19660926334637535,True,utility_gap;ece;nll,,1337
diabetes,xgboost_tuned,gbdt,covariate_shift,0.3,1478532716,test_only,True,low,True,ok,,0.4329004329004329,0.6965432098765432,0.9840698157918663,1.4197126431314413,0.33308663957845985,0.6977570368623522,0.3484075296848033,0.3822480546579153,0.4857449373641399,-0.9890668833342042,-0.18380593246326932,537,catboost_tuned,0.19660926334637535,True,utility_gap;ece;nll,,1337
diabetes,xgboost_tuned,gbdt,covariate_shift,0.4,1290841565,test_only,True,low,True,ok,,0.3852813852813853,0.6665020576131687,1.2447713909376599,1.795825512746219,0.43338295166513885,0.8443575165474433,0.43338295166513896,0.4508881293529119,0.3950654139313118,-1.21921512426367,-0.3343563162000766,537,catboost_tuned,0.19660926334637535,True,utility_gap;ece;nll,,1337
diabetes,catboost_tuned,gbdt,label_noise,0.0,2794988399,train_only,True,low,True,ok,,0.7705627705627706,0.8368724279835391,0.4669949351977521,0.6737312771300598,0.04880559446630472,0.3086566727813926,0.08679057261924236,0.06406823423718455,1.0499615170125498,-0.04074186855832886,0.19660926334637535,537,catboost_tuned,0.19660926334637535,False,,,1337
diabetes,catboost_tuned,gbdt,label_noise,0.05,1450715699,train_only,True,low,True,ok,,0.7619047619047619,0.8261728395061728,0.48541425040760905,0.7003047318398911,0.029970006195347742,0.3189874827215639,0.05909183245984784,0.04730663113239541,1.2912417114095136,-0.10737559177443298,0.1873607873218379,537,catboost_tuned,0.19660926334637535,False,,,1337
diabetes,catboost_tuned,gbdt,label_noise,0.1,327091578,train_only,True,low,True,ok,,0.7359307359307359,0.8106172839506173,0.5113094454325628,0.7376636012852444,0.1371188035590829,0.33892753481701576,0.11276154063772735,0.13397134274703631,1.7185041827732819,-0.2778898378591404,0.14538281867493652,537,catboost_tuned,0.19660926334637535,True,utility_gap;ece,,1337
diabetes,catboost_tuned,gbdt,label_noise,0.2,2714810527,train_only,True,low,True,ok,,0.7489177489177489,0.8047736625514403,0.5219241911496232,0.7529774422915448,0.08098092061218796,0.34507614102521905,0.09576333160026594,0.10071098478295895,1.7074334423710884,-0.15686907418157853,0.1519190274207654,537,catboost_tuned,0.19660926334637535,True,utility_gap;nll,,1337
diabetes,catboost_tuned,gbdt,label_noise,0.3,3554886043,train_only,True,low,True,ok,,0.7142857142857143,0.7461728395061727,0.5933518038759279,0.8560257049543221,0.10820774717959425,0.4049022811679472,0.12391799462336794,0.13465928451702874,2.278177967453628,0.0018024174430866383,0.08985409004780213,537,catboost_tuned,0.19660926334637535,True,utility_gap;ece;nll,,1337
diabetes,catboost_tuned,gbdt,label_noise,0.4,1723828528,train_only,True,low,True,ok,,0.6320346320346321,0.6407407407407407,0.6454520806510956,0.9311905158867989,0.0415827730663837,0.45411372959179797,0.06092543159142466,0.14645584648207277,1.3324238430974633,0.014074829804757443,0.03139074468513764,537,catboost_tuned,0.19660926334637535,True,utility_gap;nll,,1337
diabetes,gbdt_ensemble,gbdt,label_noise,0.0,2794988399,train_only,True,low,True,ok,,0.7575757575757576,0.8237860082304528,0.48427206638231785,0.6986569086108209,0.07117257226860618,0.32269406772216047,0.0859531691228058,0.07960275857805396,0.9132600852414303,-0.1254060109145216,0.1781298794800546,537,catboost_tuned,0.19660926334637535,False,,,1337
diabetes,gbdt_ensemble,gbdt,label_noise,0.05,1450715699,train_only,True,low,True,ok,,0.7489177489177489,0.8062551440329218,0.5063741352422965,0.7305434537484984,0.0515428945251819,0.3384463541001496,0.0689919199757373,0.09073573353193237,1.017072788397132,-0.10299731839679595,0.165055347719599,537,catboost_tuned,0.19660926334637535,True,utility_gap,,1337
diabetes,gbdt_ensemble,gbdt,label_noise,0.1,327091578,train_only,True,low,True,ok,,0.7272727272727273,0.8053497942386831,0.511307516712152,0.7376608187298725,0.05418134998050678,0.3411382558892461,0.09383874285352053,0.056668286282429106,1.5474312588135544,-0.383138092257962,0.15882882145938504,537,catboost_tuned,0.19660926334637535,True,utility_gap,,1337
diabetes,gbdt_ensemble,gbdt,label_noise,0.2,2714810527,train_only,True,low,True,ok,,0.7316017316017316,0.785679012345679,0.5307720853565921,0.7657422553862491,0.0467196370262786,0.35279574642092937,0.06384387241319209,0.06570512716655427,1.3835790341163994,-0.19664715826397525,0.14566131004011698,537,catboost_tuned,0.19660926334637535,True,utility_gap;nll,,1337
diabetes,gbdt_ensemble,gbdt,label_noise,0.3,3554886043,train_only,True,low,True,ok,,0.6926406926406926,0.6869958847736626,0.6127413233550307,0.8839988685520437,0.06097761986014952,0.42434941660187103,0.1014945171287553,0.10081931457630211,0.8884810951137949,0.3382112652055498,0.06694947902924274,537,catboost_tuned,0.19660926334637535,True,utility_gap;nll,,1337
diabetes,gbdt_ensemble,gbdt,label_noise,0.4,1723828528,train_only,True,low,True,ok,,0.6536796536796536,0.6393415637860081,0.6527185922432295,0.9416738761253326,0.062481146688779375,0.4597823671912857,0.09549705312715359,0.14228197495035572,0.32137576820328323,0.46759638870270687,0.02682310320169526,537,catboost_tuned,0.19660926334637535,True,utility_gap;nll,,1337
diabetes,lightgbm,gbdt,label_noise,0.0,2794988399,train_only,True,low,True,ok,,0.7316017316017316,0.791769547325103,0.6966925680099572,1.0051149128921621,0.1638642276282551,0.4110500090816366,0.16206278449953745,0.17478856608524684,0.43844695785977483,-0.24114938336478142,0.052552281910746124,537,catboost_tuned,0.19660926334637535,True,utility_gap;ece;nll,,1337
diabetes,lightgbm,gbdt,label_noise,0.05,1450715699,train_only,True,low,True,ok,,0.7489177489177489,0.7739094650205761,0.6590503906670382,0.95080873031127,0.1304526862980881,0.40273670830772695,0.16252347975183232,0.15139068329246308,0.33726859954593724,0.29542314756780086,0.07187281874186537,537,catboost_tuned,0.19660926334637535,True,utility_gap;ece;nll,,1337
diabetes,lightgbm,gbdt,label_noise,0.1,327091578,train_only,True,low,True,ok,,0.696969696969697,0.7693827160493828,0.6252608991434383,0.9020607984560127,0.12548886349682775,0.39484609382711316,0.12548886349682772,0.1236797745308261,0.6064955681169173,-0.28878868160033777,0.07811339292656913,537,catboost_tuned,0.19660926334637535,True,utility_gap;ece;nll,,1337
diabetes,lightgbm,gbdt,label_noise,0.2,2714810527,train_only,True,low,True,ok,,0.683982683982684,0.7106995884773663,0.6921722408625421,0.9985934593333907,0.11371741326371809,0.44484754774976487,0.12231252069174944,0.15257095548737307,0.349225092935078,0.18865083978527314,0.029020738111719957,537,catboost_tuned,0.19660926334637535,True,utility_gap;ece;nll,,1337
diabetes,lightgbm,gbdt,label_noise,0.3,3554886043,train_only,True,low,True,ok,,0.5844155844155844,0.6176954732510289,0.7571699757386451,1.09236536910816,0.17144532042840455,0.528101420142132,0.18453030968876916,0.19142326189551545,0.4672484097508788,-0.25605096982280245,-0.05814292151793118,537,catboost_tuned,0.19660926334637535,True,utility_gap;ece;nll,,1337
diabetes,lightgbm,gbdt,label_noise,0.4,1723828528,train_only,True,low,True,ok,,0.6060606060606061,0.5966255144032921,0.787382359588505,1.1359526254617867,0.15154794194746682,0.5307156502442361,0.17553146263053215,0.2021029300142334,0.12422169097637328,0.2738215074496414,-0.07136735507778623,537,catboost_tuned,0.19660926334637535,True,utility_gap;ece;nll,,1337
diabetes,lightgbm_tuned,gbdt,label_noise,0.0,2794988399,train_only,True,low,True,ok,,0.7359307359307359,0.8114403292181069,0.5092314593028076,0.7346657010008105,0.0870841237510782,0.34254465146898483,0.09340513289409046,0.08933148135708113,0.8692459455751558,-0.28615018900961026,0.15657719056548897,537,catboost_tuned,0.19660926334637535,True,utility_gap,,1337
diabetes,lightgbm_tuned,gbdt,label_noise,0.05,1450715699,train_only,True,low,True,ok,,0.7316017316017316,0.7989300411522633,0.5144290902954142,0.7421642974582148,0.05007762152889744,0.3449180116168781,0.07433042783795007,0.059053075659763365,1.0251955560411057,-0.3129760774524195,0.15670096060030797,537,catboost_tuned,0.19660926334637535,True,utility_gap,,1337
diabetes,lightgbm_tuned,gbdt,label_noise,0.1,327091578,train_only,True,low,True,ok,,0.7619047619047619,0.8052674897119342,0.5170214727344383,0.7459043147470826,0.06601083457199283,0.3420968472303257,0.060394885188614425,0.09326752193318671,0.8926831266604321,0.2714491519401815,0.15915587434636788,537,catboost_tuned,0.19660926334637535,True,utility_gap,,1337
diabetes,lightgbm_tuned,gbdt,label_noise,0.2,2714810527,train_only,True,low,True,ok,,0.6666666666666666,0.7352263374485597,0.5782658416932603,0.8342612621263491,0.07073772881293769,0.39478915570295997,0.11432144906542563,0.08900291512397225,1.2854395684781785,-0.4901184416848495,0.09290329370650363,537,catboost_tuned,0.19660926334637535,True,utility_gap;nll,,1337
diabetes,lightgbm_tuned,gbdt,label_noise,0.3,3554886043,train_only,True,low,True,ok,,0.6406926406926406,0.6876543209876543,0.6206438568525892,0.8953998144394301,0.050145964702297124,0.4299210809250078,0.09123438893036032,0.1082312489412239,1.1176356569101067,-0.0974565042615863,0.05813377117728666,537,catboost_tuned,0.19660926334637535,True,utility_gap;nll,,1337
diabetes,lightgbm_tuned,gbdt,label_noise,0.4,1723828528,train_only,True,low,True,ok,,0.5930735930735931,0.602962962962963,0.6771199873500503,0.9768776478367153,0.08186379799048679,0.4827958894936312,0.11472887759822331,0.1517816583375613,0.5734814382541642,0.023923467061851052,-0.0094379779510359,537,catboost_tuned,0.19660926334637535,True,utility_gap;nll,,1337
diabetes,xgboost_tuned,gbdt,label_noise,0.0,2794988399,train_only,True,low,True,ok,,0.7359307359307359,0.8184362139917695,0.4941352409025836,0.7128864615786307,0.0770061447810309,0.33136559619261047,0.09249241214448314,0.08055100055823239,1.0754980304015367,-0.5435846763590946,0.16757511785693427,537,catboost_tuned,0.19660926334637535,False,,,1337
diabetes,xgboost_tuned,gbdt,label_noise,0.05,1450715699,train_only,True,low,True,ok,,0.7532467532467533,0.8087242798353909,0.4961359629359379,0.7157728933343482,0.05056812161141643,0.33125822834311797,0.08153480007951512,0.08494015527420089,1.1118290350742326,-0.26554016425447735,0.17119501860681197,537,catboost_tuned,0.19660926334637535,False,,,1337
diabetes,xgboost_tuned,gbdt,label_noise,0.1,327091578,train_only,True,low,True,ok,,0.7575757575757576,0.8079835390946501,0.5088219691384758,0.7340749315714362,0.06356582796476308,0.3361276848155332,0.08883813298826777,0.08765727535311471,1.0347642791154545,0.12054109230951356,0.1634949572551077,537,catboost_tuned,0.19660926334637535,True,utility_gap,,1337
diabetes,xgboost_tuned,gbdt,label_noise,0.2,2714810527,train_only,True,low,True,ok,,0.7229437229437229,0.768312757201646,0.5520381153521668,0.7964226514002607,0.030978974246794747,0.37049930427494987,0.060011836166683624,0.0720087901703147,1.0480787809420857,0.015683586373022102,0.13222843319269742,537,catboost_tuned,0.19660926334637535,True,utility_gap;nll,,1337
diabetes,xgboost_tuned,gbdt,label_noise,0.3,3554886043,train_only,True,low,True,ok,,0.6493506493506493,0.6678189300411522,0.6201323087336643,0.8946618065050812,0.05959539974753178,0.4327200759984805,0.10029150387069821,0.10454740243634805,1.0855096555210664,0.004302135236083577,0.05082160101596995,537,catboost_tuned,0.19660926334637535,True,utility_gap;nll,,1337
diabetes,xgboost_tuned,gbdt,label_noise,0.4,1723828528,train_only,True,low,True,ok,,0.6147186147186147,0.6109465020576132,0.6779708954122816,0.9781052486783488,0.07577635413591867,0.4816250186096972,0.11479645506659199,0.15497579911646725,0.3081238385699634,0.2835666782189512,-0.0025477775027315224,537,catboost_tuned,0.19660926334637535,True,utility_gap;nll,,1337
dna,catboost_tuned,gbdt,covariate_shift,0.0,462332085,test_only,False,high,True,ok,,0.9581589958158996,0.9954183916495053,0.11787229700676566,0.10729198846816725,0.011046190503498293,0.06257200820147497,0.008738052970764099,0.013839636948903366,1.0986888138151114,-0.14688131773432747,0.4577234518085619,2230,xgboost_tuned,0.461449622994142,False,,,1337
dna,catboost_tuned,gbdt,covariate_shift,0.05,2560471706,test_only,False,high,True,ok,,0.9581589958158996,0.9955664037094135,0.1171307479413569,0.10661700142036372,0.01384138571656211,0.06282382214265794,0.00976445915631222,0.013600060187985768,1.1158723652077271,-0.20695389828043909,0.45741871310125815,2230,xgboost_tuned,0.461449622994142,False,,,1337
dna,catboost_tuned,gbdt,covariate_shift,0.1,4166309278,test_only,False,high,True,ok,,0.9592050209205021,0.9951959912139371,0.1169901176994362,0.10648899425771748,0.010960950945486827,0.0609302529674813,0.007196376081453088,0.01446571470418125,1.0847702495068619,-0.07277833089571914,0.4580604615965407,2230,xgboost_tuned,0.461449622994142,False,,,1337
dna,catboost_tuned,gbdt,covariate_shift,0.2,1845910011,test_only,False,high,True,ok,,0.9612970711297071,0.9953365213720785,0.11940591174668315,0.10868794476297326,0.014432960778611552,0.06361171557178813,0.01833671527021543,0.018865717024705676,1.0069476677392166,0.0981623553595314,0.4570693675650692,2230,xgboost_tuned,0.461449622994142,False,,,1337
dna,catboost_tuned,gbdt,covariate_shift,0.3,2063149287,test_only,False,high,True,ok,,0.9612970711297071,0.9953674471026729,0.11785314592516162,0.10727455640245892,0.005902323826013233,0.061897559645896744,0.008862687478122114,0.01181245144753938,0.9982110125461242,0.11635071516536713,0.4592103354694512,2230,xgboost_tuned,0.461449622994142,False,,,1337
dna,catboost_tuned,gbdt,covariate_shift,0.4,86289682,test_only,False,high,True,ok,,0.9602510460251046,0.9949689986052029,0.12006958098443792,0.10929204253668318,0.011636101667935784,0.06322260943549068,0.011511191729462078,0.014053928420245701,0.9782802618559446,0.1326620647563394,0.45716197332099456,2230,xgboost_tuned,0.461449622994142,False,,,1337
dna,gbdt_ensemble,gbdt,covariate_shift,0.0,462332085,test_only,False,high,True,ok,,0.9581589958158996,0.9950267569549891,0.12185108090211703,0.1109136336439872,0.013583843762778193,0.06432405428567292,0.015765873541965184,0.014878199788997487,0.9936008196196914,-0.13852081417320017,0.45599235546087924,2230,xgboost_tuned,0.461449622994142,False,,,1337
dna,gbdt_ensemble,gbdt,covariate_shift,0.05,2560471706,test_only,False,high,True,ok,,0.9581589958158996,0.9955637715610782,0.11782376733577467,0.10724781485797595,0.015199658342410967,0.06316366324231572,0.010119377894545978,0.014782872765991,1.0306681540546563,-0.19192383565794918,0.4569568932928873,2230,xgboost_tuned,0.461449622994142,False,,,1337
dna,gbdt_ensemble,gbdt,covariate_shift,0.1,4166309278,test_only,False,high,True,ok,,0.9623430962343096,0.9952420618591885,0.1207361648316513,0.10989879330225263,0.017643764478779043,0.06383105887847847,0.006101187022453202,0.013365955375347393,0.8798954828700069,0.23526254567056024,0.45618779519943076,2230,xgboost_tuned,0.461449622994142,False,,,1337
dna,gbdt_ensemble,gbdt,covariate_shift,0.2,1845910011,test_only,False,high,True,ok,,0.9592050209205021,0.9954464719231071,0.1171792438442429,0.10666114429350125,0.008453550793584995,0.061985201395614434,0.011535819527148673,0.017619581321791884,1.0253285412226936,-0.19138528627338336,0.4585979648643954,2230,xgboost_tuned,0.461449622994142,False,,,1337
dna,gbdt_ensemble,gbdt,covariate_shift,0.3,2063149287,test_only,False,high,True,ok,,0.9612970711297071,0.9950821165885554,0.1185147720471711,0.10787679445207295,0.01157242898459391,0.062425816810912374,0.014371714038334104,0.015450585220894647,0.9207780756325485,0.1267202065370748,0.45779577734290977,2230,xgboost_tuned,0.461449622994142,False,,,1337
dna,gbdt_ensemble,gbdt,covariate_shift,0.4,86289682,test_only,False,high,True,ok,,0.9581589958158996,0.9954327436999088,0.11924598725252732,0.10854237521509416,0.010806730224061652,0.0639363994882243,0.010611442417095827,0.01429443423116779,1.0125528800470733,-0.16401047666182378,0.45740125105801244,2230,xgboost_tuned,0.461449622994142,False,,,1337
dna,lightgbm,gbdt,covariate_shift,0.0,462332085,test_only,False,high,True,ok,,0.9654811715481172,0.9954404429350241,0.16048186739717887,0.14607689086723877,0.02378915673707724,0.057300516019241125,0.023187791856920412,0.019007608920894238,0.44668487412016467,-0.019103230977705794,0.4446454321518889,2230,xgboost_tuned,0.461449622994142,False,,,1337
dna,lightgbm,gbdt,covariate_shift,0.05,2560471706,test_only,False,high,True,ok,,0.9654811715481172,0.9954404429350241,0.16048186739717887,0.14607689086723877,0.02378915673707724,0.057300516019241125,0.023187791856920412,0.019007608920894238,0.44668487412016467,-0.019103230977705794,0.4446454321518889,2230,xgboost_tuned,0.461449622994142,False,,,1337
dna,lightgbm,gbdt,covariate_shift,0.1,4166309278,test_only,False,high,True,ok,,0.9654811715481172,0.9954404429350241,0.16048186739717887,0.14607689086723877,0.02378915673707724,0.057300516019241125,0.023187791856920412,0.019007608920894238,0.44668487412016467,-0.019103230977705794,0.4446454321518889,2230,xgboost_tuned,0.461449622994142,False,,,1337
dna,lightgbm,gbdt,covariate_shift,0.2,1845910011,test_only,False,high,True,ok,,0.9654811715481172,0.9954404429350241,0.16048186739717887,0.14607689086723877,0.02378915673707724,0.057300516019241125,0.023187791856920412,0.019007608920894238,0.44668487412016467,-0.019103230977705794,0.4446454321518889,2230,xgboost_tuned,0.461449622994142,False,,,1337
dna,lightgbm,gbdt,covariate_shift,0.3,2063149287,test_only,False,high,True,ok,,0.9654811715481172,0.9954404429350241,0.16048186739717887,0.14607689086723877,0.02378915673707724,0.057300516019241125,0.023187791856920412,0.019007608920894238,0.44668487412016467,-0.019103230977705794,0.4446454321518889,2230,xgboost_tuned,0.461449622994142,False,,,1337
dna,lightgbm,gbdt,covariate_shift,0.4,86289682,test_only,False,high,True,ok,,0.9654811715481172,0.9954404429350241,0.16048186739717887,0.14607689086723877,0.02378915673707724,0.057300516019241125,0.023187791856920412,0.019007608920894238,0.44668487412016467,-0.019103230977705794,0.4446454321518889,2230,xgboost_tuned,0.461449622994142,False,,,1337
dna,lightgbm_tuned,gbdt,covariate_shift,0.0,462332085,test_only,False,high,True,ok,,0.9602510460251046,0.9957020398425155,0.11249471546111262,0.10239710280092927,0.02464113473803586,0.05620040873416499,0.017996256530625223,0.018110216969851215,1.4081814698030652,-0.35610786363760105,0.4568860130607601,2230,xgboost_tuned,0.461449622994142,False,,,1337
dna,lightgbm_tuned,gbdt,covariate_shift,0.05,2560471706,test_only,False,high,True,ok,,0.9602510460251046,0.9957020398425155,0.11249471546111262,0.10239710280092927,0.02464113473803586,0.05620040873416499,0.017996256530625223,0.018110216969851215,1.4081814698030652,-0.35610786363760105,0.4568860130607601,2230,xgboost_tuned,0.461449622994142,False,,,1337
dna,lightgbm_tuned,gbdt,covariate_shift,0.1,4166309278,test_only,False,high,True,ok,,0.9602510460251046,0.9957020398425155,0.11249471546111262,0.10239710280092927,0.02464113473803586,0.05620040873416499,0.017996256530625223,0.018110216969851215,1.4081814698030652,-0.35610786363760105,0.4568860130607601,2230,xgboost_tuned,0.461449622994142,False,,,1337
dna,lightgbm_tuned,gbdt,covariate_shift,0.2,1845910011,test_only,False,high,True,ok,,0.9602510460251046,0.9957020398425155,0.11249471546111262,0.10239710280092927,0.02464113473803586,0.05620040873416499,0.017996256530625223,0.018110216969851215,1.4081814698030652,-0.35610786363760105,0.4568860130607601,2230,xgboost_tuned,0.461449622994142,False,,,1337
dna,lightgbm_tuned,gbdt,covariate_shift,0.3,2063149287,test_only,False,high,True,ok,,0.9602510460251046,0.9957020398425155,0.11249471546111262,0.10239710280092927,0.02464113473803586,0.05620040873416499,0.017996256530625223,0.018110216969851215,1.4081814698030652,-0.35610786363760105,0.4568860130607601,2230,xgboost_tuned,0.461449622994142,False,,,1337
dna,lightgbm_tuned,gbdt,covariate_shift,0.4,86289682,test_only,False,high,True,ok,,0.9602510460251046,0.9957020398425155,0.11249471546111262,0.10239710280092927,0.02464113473803586,0.05620040873416499,0.017996256530625223,0.018110216969851215,1.4081814698030652,-0.35610786363760105,0.4568860130607601,2230,xgboost_tuned,0.461449622994142,False,,,1337
dna,xgboost_tuned,gbdt,covariate_shift,0.0,462332085,test_only,False,high,True,ok,,0.9675732217573222,0.9958213799991501,0.10799089211043958,0.09829754611734876,0.013672897169771232,0.05568199611311967,0.015127020785281666,0.013702617863035928,0.8164010333209328,0.4301837759958813,0.461449622994142,2230,xgboost_tuned,0.461449622994142,False,,,1337
dna,xgboost_tuned,gbdt,covariate_shift,0.05,2560471706,test_only,False,high,True,ok,,0.9675732217573222,0.9958708072372326,0.11101546994754627,0.10105063550866941,0.01384668524601461,0.05642826944137008,0.01315136964446629,0.013719470686941971,0.7046072679760486,0.4741587468180188,0.46060623809482604,2230,xgboost_tuned,0.461449622994142,False,,,1337
dna,xgboost_tuned,gbdt,covariate_shift,0.1,4166309278,test_only,False,high,True,ok,,0.9675732217573222,0.9958213799991501,0.10799089211043958,0.09829754611734876,0.013672897169771232,0.05568199611311967,0.015127020785281666,0.013702617863035928,0.8164010333209328,0.4301837759958813,0.461449622994142,2230,xgboost_tuned,0.461449622994142,False,,,1337
dna,xgboost_tuned,gbdt,covariate_shift,0.2,1845910011,test_only,False,high,True,ok,,0.9675732217573222,0.9958213799991501,0.10799089211043958,0.09829754611734876,0.013672897169771232,0.05568199611311967,0.015127020785281666,0.013702617863035928,0.8164010333209328,0.4301837759958813,0.461449622994142,2230,xgboost_tuned,0.461449622994142,False,,,1337
dna,xgboost_tuned,gbdt,covariate_shift,0.3,2063149287,test_only,False,high,True,ok,,0.9675732217573222,0.9958213799991501,0.10799089211043958,0.09829754611734876,0.013672897169771232,0.05568199611311967,0.015127020785281666,0.013702617863035928,0.8164010333209328,0.4301837759958813,0.461449622994142,2230,xgboost_tuned,0.461449622994142,False,,,1337
dna,xgboost_tuned,gbdt,covariate_shift,0.4,86289682,test_only,False,high,True,ok,,0.9675732217573222,0.9958213799991501,0.10799089211043958,0.09829754611734876,0.013672897169771232,0.05568199611311967,0.015127020785281666,0.013702617863035928,0.8164010333209328,0.4301837759958813,0.461449622994142,2230,xgboost_tuned,0.461449622994142,False,,,1337
dna,catboost_tuned,gbdt,label_noise,0.0,2669831668,train_only,False,high,True,ok,,0.9581589958158996,0.9954183916495053,0.11787229700676566,0.10729198846816725,0.011046190503498293,0.06257200820147497,0.008738052970764099,0.013839636948903366,1.0986888138151114,-0.14688131773432747,0.4577234518085619,2230,xgboost_tuned,0.461449622994142,False,,,1337
dna,catboost_tuned,gbdt,label_noise,0.05,396708376,train_only,False,high,True,ok,,0.9539748953974896,0.9936774509084212,0.18781254087305513,0.17095434195511097,0.07484001059410843,0.08376398212714582,0.07484001059410837,0.05351801958687966,1.8222559800041147,0.2760451812707851,0.42462903742221586,2230,xgboost_tuned,0.461449622994142,True,utility_gap,,1337
dna,catboost_tuned,gbdt,label_noise,0.1,3547306953,train_only,False,high,True,ok,,0.9476987447698745,0.9926453348350263,0.26410691219948856,0.24040047150726448,0.1380060228708088,0.1148824207473132,0.13800602287080874,0.09314566400213246,2.2438009151035923,0.6711086441424914,0.38985933288139923,2230,xgboost_tuned,0.461449622994142,True,utility_gap;ece,,1337
dna,catboost_tuned,gbdt,label_noise,0.2,219504581,train_only,False,high,True,ok,,0.9403765690376569,0.9916419953068875,0.3849474980606807,0.35039431292668993,0.2273546529583075,0.1775892128666391,0.22735465295830748,0.1496720172471846,3.520298567346476,1.0632746482203352,0.33754195924339064,2230,xgboost_tuned,0.461449622994142,True,utility_gap;ece,,1337
dna,catboost_tuned,gbdt,label_noise,0.3,2573677373,train_only,False,high,True,ok,,0.9121338912133892,0.9851649020808622,0.5792490707843452,0.5272552262150565,0.32919057779852756,0.2993510138662771,0.3299068437846319,0.22056990303621746,5.776043903764413,1.9678154449267673,0.2576131159860876,2230,xgboost_tuned,0.461449622994142,True,utility_gap;ece,,1337
dna,catboost_tuned,gbdt,label_noise,0.4,2028647776,train_only,False,high,True,ok,,0.8985355648535565,0.9796129204514866,0.7363488928255522,0.6702536467330585,0.403346118050813,0.40994059932440063,0.40334611805081294,0.2801609108872484,7.675369990667029,3.723767904747983,0.19589953925597364,2230,xgboost_tuned,0.461449622994142,True,utility_gap;ece,,1337
dna,gbdt_ensemble,gbdt,label_noise,0.0,2669831668,train_only,False,high,True,ok,,0.9581589958158996,0.9950267569549891,0.12185108090211703,0.1109136336439872,0.013583843762778193,0.06432405428567292,0.015765873541965184,0.014878199788997487,0.9936008196196914,-0.13852081417320017,0.45599235546087924,2230,xgboost_tuned,0.461449622994142,False,,,1337
dna,gbdt_ensemble,gbdt,label_noise,0.05,396708376,train_only,False,high,True,ok,,0.9518828451882845,0.994222579292865,0.14730640548829055,0.1340840686088409,0.03346387140574053,0.07539337825376552,0.031094287675006483,0.02809901269040087,1.3416441187925017,0.0885958578408573,0.443842334666945,2230,xgboost_tuned,0.461449622994142,False,,,1337
dna,gbdt_ensemble,gbdt,label_noise,0.1,3547306953,train_only,False,high,True,ok,,0.9382845188284519,0.9910833681066692,0.19789207104497153,0.18012912570355802,0.05818383676336218,0.09594802228086659,0.05818383676336213,0.04410898076917579,1.700619474403718,0.15174026656202116,0.42194635159786215,2230,xgboost_tuned,0.461449622994142,True,utility_gap,,1337
dna,gbdt_ensemble,gbdt,label_noise,0.2,219504581,train_only,False,high,True,ok,,0.9152719665271967,0.9825680462665672,0.3119280165646608,0.2839291165610601,0.11966958893999508,0.15424008290599847,0.11792563656661124,0.08319236664928714,1.9279708605691097,0.47107028322792693,0.372076958416061,2230,xgboost_tuned,0.461449622994142,True,utility_gap;ece,,1337
dna,gbdt_ensemble,gbdt,label_noise,0.3,2573677373,train_only,False,high,True,ok,,0.8713389121338913,0.9501951251002954,0.4790483625093965,0.43604861100740583,0.16295741603964195,0.2534177037497765,0.162957416039642,0.10781114162070708,1.2720722749590843,0.9812044474726239,0.29986306409503694,2230,xgboost_tuned,0.461449622994142,True,utility_gap;ece,,1337
dna,gbdt_ensemble,gbdt,label_noise,0.4,2028647776,train_only,False,high,True,ok,,0.7907949790794979,0.9047262356447298,0.6435251926216561,0.5857618736468228,0.18022442013509246,0.3585957871873677,0.17703438706767927,0.12658716928867286,1.3935953308989837,0.816092668036997,0.2234999832165147,2230,xgboost_tuned,0.461449622994142,True,utility_gap;ece,,1337
dna,lightgbm,gbdt,label_noise,0.0,2669831668,train_only,False,high,True,ok,,0.9654811715481172,0.9954404429350241,0.16048186739717887,0.14607689086723877,0.02378915673707724,0.057300516019241125,0.023187791856920412,0.019007608920894238,0.44668487412016467,-0.019103230977705794,0.4446454321518889,2230,xgboost_tuned,0.461449622994142,False,,,1337
dna,lightgbm,gbdt,label_noise,0.05,396708376,train_only,False,high,True,ok,,0.952928870292887,0.9936109348296172,0.1600240744646576,0.14566018978238537,0.029697562760579412,0.08060243289742407,0.02135552967879784,0.021863405178322453,0.6255248369327902,0.07893377986950184,0.4410655882474675,2230,xgboost_tuned,0.461449622994142,False,,,1337
dna,lightgbm,gbdt,label_noise,0.1,3547306953,train_only,False,high,True,ok,,0.944560669456067,0.9900052095608644,0.16942948500264196,0.15422136339658815,0.02002142183927247,0.08651025323876876,0.01115294340750324,0.019318332801641972,0.8527014607067275,0.03581357479215245,0.43791523037788166,2230,xgboost_tuned,0.461449622994142,False,,,1337
dna,lightgbm,gbdt,label_noise,0.2,219504581,train_only,False,high,True,ok,,0.9194560669456067,0.9805398149865351,0.24782140059733274,0.22557676002129579,0.03633593270530611,0.13334381085981445,0.040180136004523886,0.030977920361593234,1.0406713751555823,0.4239732949006799,0.4061671307396783,2230,xgboost_tuned,0.461449622994142,True,utility_gap,,1337
dna,lightgbm,gbdt,label_noise,0.3,2573677373,train_only,False,high,True,ok,,0.8682008368200836,0.940937835256814,0.432301855209703,0.39349810635542704,0.08049382948563677,0.23324815068803562,0.08585454106010795,0.05390002112046389,0.7289591804105032,0.8423301233785155,0.325410170059142,2230,xgboost_tuned,0.461449622994142,True,utility_gap,,1337
dna,lightgbm,gbdt,label_noise,0.4,2028647776,train_only,False,high,True,ok,,0.7531380753138075,0.8882505043743568,0.6147223890610632,0.559544432009144,0.08225997635142906,0.34992979619639064,0.09643213770185449,0.06252513408109987,1.001298577146383,0.2762976314775428,0.23954306295506703,2230,xgboost_tuned,0.461449622994142,True,utility_gap,,1337
dna,lightgbm_tuned,gbdt,label_noise,0.0,2669831668,train_only,False,high,True,ok,,0.9602510460251046,0.9957020398425155,0.11249471546111262,0.10239710280092927,0.02464113473803586,0.05620040873416499,0.017996256530625223,0.018110216969851215,1.4081814698030652,-0.35610786363760105,0.4568860130607601,2230,xgboost_tuned,0.461449622994142,False,,,1337
dna,lightgbm_tuned,gbdt,label_noise,0.05,396708376,train_only,False,high,True,ok,,0.9623430962343096,0.9949387852450297,0.1725395230910193,0.15705224206093274,0.07750653064768831,0.07429275269535235,0.07750653064768832,0.05459620878171046,1.7423630281138065,0.48999169988518815,0.4299630605230893,2230,xgboost_tuned,0.461449622994142,True,utility_gap,,1337
dna,lightgbm_tuned,gbdt,label_noise,0.1,3547306953,train_only,False,high,True,ok,,0.9560669456066946,0.9913289145438834,0.24604785208888644,0.22396240659858244,0.1290510766105813,0.10452092239405172,0.12905107661058127,0.08800624972161925,1.8882566634825237,0.8654051361453405,0.39737622462967237,2230,xgboost_tuned,0.461449622994142,True,utility_gap;ece,,1337
dna,lightgbm_tuned,gbdt,label_noise,0.2,219504581,train_only,False,high,True,ok,,0.944560669456067,0.9894263703592086,0.36530326571253113,0.3325133620664324,0.21387083649065305,0.16847472057174015,0.21387083649065303,0.14228861966410936,2.795547882702848,1.1924617672303872,0.34545515412607264,2230,xgboost_tuned,0.461449622994142,True,utility_gap;ece,,1337
dna,lightgbm_tuned,gbdt,label_noise,0.3,2573677373,train_only,False,high,True,ok,,0.9173640167364017,0.982520752115056,0.5002127844931918,0.4553132981059398,0.2758842355357327,0.25100580155775104,0.27588423553573266,0.18414824266279406,3.6003148769468556,1.3864379681042582,0.2897160292118013,2230,xgboost_tuned,0.461449622994142,True,utility_gap;ece,,1337
dna,lightgbm_tuned,gbdt,label_noise,0.4,2028647776,train_only,False,high,True,ok,,0.8640167364016736,0.9574890335202078,0.6562735678324606,0.5973659448394542,0.3076329207350728,0.3585752690135474,0.3076329207350728,0.20826186492031504,3.4469546518401355,1.740458096284846,0.22398730459347288,2230,xgboost_tuned,0.461449622994142,True,utility_gap;ece,,1337
dna,xgboost_tuned,gbdt,label_noise,0.0,2669831668,train_only,False,high,True,ok,,0.9675732217573222,0.9958213799991501,0.10799089211043958,0.09829754611734876,0.013672897169771232,0.05568199611311967,0.015127020785281666,0.013702617863035928,0.8164010333209328,0.4301837759958813,0.461449622994142,2230,xgboost_tuned,0.461449622994142,False,,,1337
dna,xgboost_tuned,gbdt,label_noise,0.05,396708376,train_only,False,high,True,ok,,0.9633891213389121,0.9948275749655164,0.1856703232160074,0.1690044114116935,0.09229904317013166,0.07832376117143897,0.0907826150990785,0.06409621953610163,1.7721839755530544,0.622840880108122,0.4235368873812332,2230,xgboost_tuned,0.461449622994142,True,utility_gap,,1337
dna,xgboost_tuned,gbdt,label_noise,0.1,3547306953,train_only,False,high,True,ok,,0.9560669456066946,0.9918189006281094,0.2564577323677261,0.23343788797287146,0.1406601178556421,0.10740063400293255,0.14066011785564206,0.09738519388481004,2.031776580992835,0.8576109548421019,0.3923832670978526,2230,xgboost_tuned,0.461449622994142,True,utility_gap;ece,,1337
dna,xgboost_tuned,gbdt,label_noise,0.2,219504581,train_only,False,high,True,ok,,0.9456066945606695,0.9908064290746301,0.37482820715226206,0.341183337396199,0.2292433824797269,0.17087018183045913,0.22500341377824837,0.14893400664128378,3.2447648291666185,1.1349605110755212,0.34041957664541583,2230,xgboost_tuned,0.461449622994142,True,utility_gap;ece,,1337
dna,xgboost_tuned,gbdt,label_noise,0.3,2573677373,train_only,False,high,True,ok,,0.9299163179916318,0.9855594023558291,0.5061812961807725,0.4607460715685564,0.29682854447673857,0.25237491875834916,0.29682854447673857,0.19510459397803456,3.625441423814493,1.6072406640717602,0.2868437081573703,2230,xgboost_tuned,0.461449622994142,True,utility_gap;ece,,1337
dna,xgboost_tuned,gbdt,label_noise,0.4,2028647776,train_only,False,high,True,ok,,0.8828451882845189,0.9660555776108658,0.663531940233201,0.6039728001200737,0.3372913824097427,0.36185575785261587,0.3372913824097427,0.22574164046862435,3.9321585333706417,2.081169557919575,0.2218961138885102,2230,xgboost_tuned,0.461449622994142,True,utility_gap;ece,,1337
dresses-sales,catboost_tuned,gbdt,covariate_shift,0.0,4068165777,test_only,True,medium,True,ok,,0.6133333333333333,0.5610290093048713,0.6853128515318189,0.9886974523624296,0.07775770988430607,0.4903271606017167,0.12315602740903757,0.10124883561766197,0.02667451077587377,0.44518448699919205,-0.02380062442888515,350,catboost_tuned,-0.02380062442888515,True,nll,,1337
dresses-sales,catboost_tuned,gbdt,covariate_shift,0.05,301193660,test_only,True,low,True,ok,,0.6066666666666667,0.6006203247582558,0.678709797609555,0.979171259214057,0.069041458334218,0.48309812871540997,0.14889967521363737,0.11000823960086888,0.36327427422992714,0.21267767548955718,-0.006342555765671214,350,catboost_tuned,-0.02380062442888515,True,nll,,1337
dresses-sales,catboost_tuned,gbdt,covariate_shift,0.1,1587410331,test_only,True,low,True,ok,,0.6133333333333333,0.5929574895092137,0.6779020085225514,0.9780058659041528,0.059034089991640594,0.4829860079679878,0.1073184894837829,0.07394491299395257,0.21165286268425346,0.3383602848685441,-0.0056734564413492075,350,catboost_tuned,-0.02380062442888515,True,nll,,1337
dresses-sales,catboost_tuned,gbdt,covariate_shift,0.2,1180904391,test_only,True,low,True,ok,,0.58,0.5772669220945083,0.6795026614141784,0.9803151198930875,0.08691166890362984,0.4855842185123629,0.13541894672909016,0.08601342908367432,0.6955308875988019,-0.06178108312716382,-0.022433447015574325,350,catboost_tuned,-0.02380062442888515,True,nll,,1337
dresses-sales,catboost_tuned,gbdt,covariate_shift,0.3,486945341,test_only,True,low,True,ok,,0.6133333333333333,0.5854771027184821,0.6771617586572144,0.9769379110944123,0.08176410188588175,0.4834696306934995,0.14580834332041864,0.0952492037136179,0.21607178671957877,0.3376786762713913,-0.012517207754031326,350,catboost_tuned,-0.02380062442888515,True,nll,,1337
dresses-sales,catboost_tuned,gbdt,covariate_shift,0.4,2166638461,test_only,True,low,True,ok,,0.58,0.5686918445539135,0.6837650043320556,0.9864643808832771,0.09039100479112637,0.48929676493229823,0.14116882111361728,0.09460238464161053,0.5933734041000206,-0.024995960446942776,-0.027975369629338675,350,catboost_tuned,-0.02380062442888515,True,nll,,1337
dresses-sales,gbdt_ensemble,gbdt,covariate_shift,0.0,4068165777,test_only,True,medium,True,ok,,0.62,0.5599343185550083,0.6927692237752927,0.9994547236211114,0.13198055913532003,0.4969678849987948,0.16085614315238408,0.12310977311244951,-0.12516201113574585,0.5700634156693,-0.03725551741914449,350,catboost_tuned,-0.02380062442888515,True,ece;nll,,1337
dresses-sales,gbdt_ensemble,gbdt,covariate_shift,0.05,301193660,test_only,True,low,True,ok,,0.6066666666666667,0.578179164386061,0.6909358462975949,0.9968097190259592,0.06876642351646416,0.49391995505423114,0.15991478818873003,0.08618176184711135,0.10897834690311134,0.36522483094903196,-0.019433492875959232,350,catboost_tuned,-0.02380062442888515,True,nll,,1337
dresses-sales,gbdt_ensemble,gbdt,covariate_shift,0.1,1587410331,test_only,True,low,True,ok,,0.6066666666666667,0.588943623426382,0.6812923383891754,0.9828970779897088,0.09378906303084096,0.48626044536169843,0.12424244746987168,0.10768664010627939,0.30030355351665516,0.25090934573791457,-0.01649666780384716,350,catboost_tuned,-0.02380062442888515,True,nll,,1337
dresses-sales,gbdt_ensemble,gbdt,covariate_shift,0.2,1180904391,test_only,True,low,True,ok,,0.6066666666666667,0.5769020251778874,0.6874252487233846,0.9917449973150892,0.08701916838233982,0.49133660993692774,0.12161027283942774,0.1140402776975629,0.15888894122124317,0.33802227501994847,-0.02201162405873413,350,catboost_tuned,-0.02380062442888515,True,nll,,1337
dresses-sales,gbdt_ensemble,gbdt,covariate_shift,0.3,486945341,test_only,True,low,True,ok,,0.6066666666666667,0.5738004013866083,0.691071015778801,0.9970047273661748,0.09104688809626113,0.49477818615921004,0.11515658145690202,0.10091932394174369,0.08122982873214661,0.3844848585132127,-0.025480655343791788,350,catboost_tuned,-0.02380062442888515,True,nll,,1337
dresses-sales,gbdt_ensemble,gbdt,covariate_shift,0.4,2166638461,test_only,True,low,True,ok,,0.6,0.5748950921364715,0.6915568319750404,0.9977056119832729,0.09866961942768271,0.49482299341381897,0.15223829580250967,0.11048603951753956,0.1762364857951844,0.2981179875085697,-0.027832325232753388,350,catboost_tuned,-0.02380062442888515,True,nll,,1337
dresses-sales,lightgbm,gbdt,covariate_shift,0.0,4068165777,test_only,True,medium,True,ok,,0.5,0.4949826673964605,0.9798097465654239,1.413566662384609,0.28495864058480636,0.6718216464613869,0.29039204803619695,0.31253702513905934,0.2092419703584342,-0.3242348043373417,-0.2328177932435828,350,catboost_tuned,-0.02380062442888515,True,utility_gap;ece;nll,,1337
dresses-sales,lightgbm,gbdt,covariate_shift,0.05,301193660,test_only,True,low,True,ok,,0.52,0.5285531837255975,0.965674093874095,1.3931732263471002,0.2818114827553597,0.658264008061355,0.28811697829752336,0.27434354026843993,0.1488842512809333,-0.1477088835960536,-0.21132065015124285,350,catboost_tuned,-0.02380062442888515,True,utility_gap;ece;nll,,1337
dresses-sales,lightgbm,gbdt,covariate_shift,0.1,1587410331,test_only,True,low,True,ok,,0.5133333333333333,0.5208903484765554,0.9897342915965057,1.42788475428403,0.2932024423207628,0.6760939283187501,0.2888659268941799,0.2897135378113247,0.12266511917904506,-0.1371675575508876,-0.22769429278256723,350,catboost_tuned,-0.02380062442888515,True,utility_gap;ece;nll,,1337
dresses-sales,lightgbm,gbdt,covariate_shift,0.2,1180904391,test_only,True,low,True,ok,,0.5133333333333333,0.5212552453931765,0.9778680992628889,1.4107654574500865,0.290469600030021,0.6726719524888715,0.2861330846034382,0.2914836261444438,0.13115789096066788,-0.14658086606291895,-0.22188422135341837,350,catboost_tuned,-0.02380062442888515,True,utility_gap;ece;nll,,1337
dresses-sales,lightgbm,gbdt,covariate_shift,0.3,486945341,test_only,True,low,True,ok,,0.5066666666666667,0.5181536216018974,0.983402251212857,1.4187495510238315,0.2973409103930793,0.6778890827832226,0.2930043949664965,0.29385200588364124,0.14581169906438718,-0.19559145274182427,-0.22773927982510123,350,catboost_tuned,-0.02380062442888515,True,utility_gap;ece;nll,,1337
dresses-sales,lightgbm,gbdt,covariate_shift,0.4,2166638461,test_only,True,low,True,ok,,0.5066666666666667,0.5181536216018974,0.983402251212857,1.4187495510238315,0.2973409103930793,0.6778890827832226,0.2930043949664965,0.29385200588364124,0.14581169906438718,-0.19559145274182427,-0.22773927982510123,350,catboost_tuned,-0.02380062442888515,True,utility_gap;ece;nll,,1337
dresses-sales,lightgbm_tuned,gbdt,covariate_shift,0.0,4068165777,test_only,True,medium,True,ok,,0.52,0.5305601167670133,0.758283589850014,1.093971974664096,0.15854481263927625,0.5465985610516746,0.1883295232624691,0.16669475690364777,0.41440273810690526,-0.26307481130897536,-0.09620451405862933,350,catboost_tuned,-0.02380062442888515,True,utility_gap;ece;nll,,1337
dresses-sales,lightgbm_tuned,gbdt,covariate_shift,0.05,301193660,test_only,True,low,True,ok,,0.5333333333333333,0.5444261995986134,0.75038957401265,1.082583317162832,0.17327280256024627,0.5402923602957408,0.18268217743338172,0.20089810928853546,0.3497571284941297,-0.14752879183194326,-0.08888038580138422,350,catboost_tuned,-0.02380062442888515,True,utility_gap;ece;nll,,1337
dresses-sales,lightgbm_tuned,gbdt,covariate_shift,0.1,1587410331,test_only,True,low,True,ok,,0.5333333333333333,0.5449735449735449,0.7520794183768604,1.0850212472469525,0.1815256920848925,0.5428748518006419,0.21716911663967214,0.22012028882930706,0.3494390538808341,-0.15114454812760109,-0.0910707718503235,350,catboost_tuned,-0.02380062442888515,True,utility_gap;ece;nll,,1337
dresses-sales,lightgbm_tuned,gbdt,covariate_shift,0.2,1180904391,test_only,True,low,True,ok,,0.54,0.5491698595146871,0.7486619116663555,1.0800908272635024,0.18193405105965615,0.5400741959749017,0.22348867928357297,0.21320549097917743,0.32522331736042376,-0.10363856001316989,-0.08720460756084147,350,catboost_tuned,-0.02380062442888515,True,utility_gap;ece;nll,,1337
dresses-sales,lightgbm_tuned,gbdt,covariate_shift,0.3,486945341,test_only,True,low,True,ok,,0.54,0.5471629264732712,0.7498834919755681,1.0818531951176509,0.18122974720169144,0.5412625997181789,0.2230045108448661,0.2125011871212127,0.31001518946617096,-0.09053081472257388,-0.08829488370998859,350,catboost_tuned,-0.02380062442888515,True,utility_gap;ece;nll,,1337
dresses-sales,lightgbm_tuned,gbdt,covariate_shift,0.4,2166638461,test_only,True,low,True,ok,,0.54,0.5471629264732712,0.7498834919755681,1.0818531951176509,0.18122974720169144,0.5412625997181789,0.2230045108448661,0.2125011871212127,0.31001518946617096,-0.09053081472257388,-0.08829488370998859,350,catboost_tuned,-0.02380062442888515,True,utility_gap;ece;nll,,1337
dresses-sales,xgboost_tuned,gbdt,covariate_shift,0.0,4068165777,test_only,True,medium,True,ok,,0.5733333333333334,0.5621237000547344,0.7213495191874418,1.0406873740793605,0.12727791772826108,0.5169020170102548,0.16042784947559735,0.1386451689986003,0.3333748455796967,0.026338764403618542,-0.05491850075030327,350,catboost_tuned,-0.02380062442888515,True,utility_gap;ece;nll,,1337
dresses-sales,xgboost_tuned,gbdt,covariate_shift,0.05,301193660,test_only,True,low,True,ok,,0.5866666666666667,0.57434774676154,0.7158286046723279,1.0327223780872337,0.13588844412107853,0.5106787928170524,0.15462427294596287,0.1364181732958355,0.24826638838080523,0.15836180245159906,-0.04797269088384679,350,catboost_tuned,-0.02380062442888515,True,ece;nll,,1337
dresses-sales,xgboost_tuned,gbdt,covariate_shift,0.1,1587410331,test_only,True,low,True,ok,,0.5733333333333334,0.5736179529282978,0.7139730230930245,1.0300453397448077,0.09927442698690303,0.5108316490265394,0.1453129416106362,0.11408245199651919,0.35840214483524985,0.024358374351791043,-0.04210220379591871,350,catboost_tuned,-0.02380062442888515,True,nll,,1337
dresses-sales,xgboost_tuned,gbdt,covariate_shift,0.2,1180904391,test_only,True,low,True,ok,,0.5733333333333334,0.5756248859697136,0.7128852178458196,1.0284759685092124,0.11356036815738817,0.5099120062440692,0.1488256872286061,0.12056313076033726,0.3665096793737374,0.019440043509605372,-0.04378615409484159,350,catboost_tuned,-0.02380062442888515,True,ece;nll,,1337
dresses-sales,xgboost_tuned,gbdt,covariate_shift,0.3,486945341,test_only,True,low,True,ok,,0.5666666666666667,0.571611019886882,0.7149854905648128,1.0315060215454182,0.10050463363522304,0.5120025832919026,0.1475474428182955,0.1198082904985786,0.3970345198608643,-0.0303558438346799,-0.04448887623026132,350,catboost_tuned,-0.02380062442888515,True,ece;nll,,1337
dresses-sales,xgboost_tuned,gbdt,covariate_shift,0.4,2166638461,test_only,True,low,True,ok,,0.5666666666666667,0.5710636745119504,0.7153579151886892,1.0320433167033896,0.10016651719685012,0.5123731371313405,0.1382362410586687,0.12601478745254285,0.39213760720047797,-0.026423423018006896,-0.044774012371204305,350,catboost_tuned,-0.02380062442888515,True,ece;nll,,1337
dresses-sales,catboost_tuned,gbdt,label_noise,0.0,3674559241,train_only,True,medium,True,ok,,0.6133333333333333,0.5610290093048713,0.6853128515318189,0.9886974523624296,0.07775770988430607,0.4903271606017167,0.12315602740903757,0.10124883561766197,0.02667451077587377,0.44518448699919205,-0.02380062442888515,350,catboost_tuned,-0.02380062442888515,True,nll,,1337
dresses-sales,catboost_tuned,gbdt,label_noise,0.05,1509036395,train_only,True,medium,True,ok,,0.58,0.5674147053457398,0.6796294947357276,0.9804981016971062,0.0835621271775489,0.48670265574297217,0.09061642961684313,0.11546286416250606,0.7092367283494407,-0.06157486953669043,-0.02526670907363272,350,catboost_tuned,-0.02380062442888515,True,nll,,1337
dresses-sales,catboost_tuned,gbdt,label_noise,0.1,574840810,train_only,True,medium,True,ok,,0.5733333333333334,0.5166940339354132,0.7109236856811724,1.0256460757827315,0.1123461948260642,0.513863541131276,0.11319949694203767,0.15565925586139212,-0.10920426675349752,0.35399833902922506,-0.06332014982263766,350,catboost_tuned,-0.02380062442888515,True,utility_gap;ece;nll,,1337
dresses-sales,catboost_tuned,gbdt,label_noise,0.2,3257145252,train_only,True,medium,True,ok,,0.5666666666666667,0.5489874110563766,0.6798216688922276,0.9807753503996757,0.06957645126692609,0.48759066156664044,0.11292217672580446,0.1290147555677979,0.8079433527560538,-0.09103569995970025,-0.03100230150355609,350,catboost_tuned,-0.02380062442888515,True,nll,,1337
dresses-sales,catboost_tuned,gbdt,label_noise,0.3,2086622216,train_only,True,medium,True,ok,,0.5,0.46013501185914985,0.7213101763867309,1.0406306144158801,0.0818637139473187,0.5266678796615645,0.11351205146459281,0.09532233310613009,-0.8242281914051659,0.25717521869227594,-0.09251467296352531,350,catboost_tuned,-0.02380062442888515,True,utility_gap;nll,,1337
dresses-sales,catboost_tuned,gbdt,label_noise,0.4,1792649255,train_only,True,medium,True,ok,,0.5533333333333333,0.5134099616858238,0.6919572675869793,0.9982833184548126,0.028988631852975864,0.4982964221754736,0.13636471301992864,0.08100724607011156,0.22124537098223476,0.14782141272780663,-0.0425892353170006,350,catboost_tuned,-0.02380062442888515,True,nll,,1337
dresses-sales,gbdt_ensemble,gbdt,label_noise,0.0,3674559241,train_only,True,medium,True,ok,,0.62,0.5599343185550083,0.6927692237752927,0.9994547236211114,0.13198055913532003,0.4969678849987948,0.16085614315238408,0.12310977311244951,-0.12516201113574585,0.5700634156693,-0.03725551741914449,350,catboost_tuned,-0.02380062442888515,True,ece;nll,,1337
dresses-sales,gbdt_ensemble,gbdt,label_noise,0.05,1509036395,train_only,True,medium,True,ok,,0.5933333333333334,0.5482576172231344,0.691105100609812,0.9970539013828439,0.08186734955254095,0.4960335525809549,0.1160449756490973,0.12492403495353072,0.14599426998209417,0.29540266548404664,-0.034599474297264336,350,catboost_tuned,-0.02380062442888515,True,nll,,1337
dresses-sales,gbdt_ensemble,gbdt,label_noise,0.1,574840810,train_only,True,medium,True,ok,,0.58,0.5227148330596607,0.7064988715948478,1.0192624184435355,0.09308836579001589,0.5103335643606063,0.12464106521326904,0.12712448217482394,-0.2525753973282893,0.45136263401048393,-0.05444620712018257,350,catboost_tuned,-0.02380062442888515,True,utility_gap;nll,,1337
dresses-sales,gbdt_ensemble,gbdt,label_noise,0.2,3257145252,train_only,True,medium,True,ok,,0.5333333333333333,0.5444261995986135,0.6926304313362452,0.9992544884575847,0.09338329646878332,0.498675970236061,0.14497780494430637,0.10515474537657749,0.9378949258570687,-0.3378913085788146,-0.04790383597151737,350,catboost_tuned,-0.02380062442888515,True,nll,,1337
dresses-sales,gbdt_ensemble,gbdt,label_noise,0.3,2086622216,train_only,True,medium,True,ok,,0.52,0.4836708629812078,0.7191273093498732,1.0374814029668857,0.11390623151378777,0.5233469464797367,0.1580238036331404,0.13770652163490532,-0.4944853987330874,0.2595397218530635,-0.08674086514940053,350,catboost_tuned,-0.02380062442888515,True,utility_gap;ece;nll,,1337
dresses-sales,gbdt_ensemble,gbdt,label_noise,0.4,1792649255,train_only,True,medium,True,ok,,0.5533333333333333,0.5371282612661923,0.6874547977079252,0.9917876274885492,0.055566179462236145,0.4936571933387989,0.11202126343338593,0.07168739078817102,0.6235006679700069,0.0006085262660138133,-0.03765463269584468,350,catboost_tuned,-0.02380062442888515,True,nll,,1337
dresses-sales,lightgbm,gbdt,label_noise,0.0,3674559241,train_only,True,medium,True,ok,,0.5,0.4949826673964605,0.9798097465654239,1.413566662384609,0.28495864058480636,0.6718216464613869,0.29039204803619695,0.31253702513905934,0.2092419703584342,-0.3242348043373417,-0.2328177932435828,350,catboost_tuned,-0.02380062442888515,True,utility_gap;ece;nll,,1337
dresses-sales,lightgbm,gbdt,label_noise,0.05,1509036395,train_only,True,medium,True,ok,,0.49333333333333335,0.5177887246852764,0.8644321146721093,1.247111925022612,0.24397510278960327,0.6158546333964326,0.24397510278960333,0.2552055902873207,0.3816233927133603,-0.4952295124179114,-0.16770254442485746,350,catboost_tuned,-0.02380062442888515,True,utility_gap;ece;nll,,1337
dresses-sales,lightgbm,gbdt,label_noise,0.1,574840810,train_only,True,medium,True,ok,,0.47333333333333333,0.4375114030286444,1.0121801370002372,1.460267264136554,0.31869580320964774,0.7093300359770695,0.3379545444756621,0.3321991827689892,0.04267963301755878,-0.16540285768895918,-0.27769034882287014,350,catboost_tuned,-0.02380062442888515,True,utility_gap;ece;nll,,1337
dresses-sales,lightgbm,gbdt,label_noise,0.2,3257145252,train_only,True,medium,True,ok,,0.47333333333333333,0.4667031563583288,0.9859269402949853,1.4223919074424045,0.28408049153186976,0.6799514591490969,0.28145636474288105,0.3131794507530349,-0.021699509938549837,-0.07916389832373044,-0.24918756581368023,350,catboost_tuned,-0.02380062442888515,True,utility_gap;ece;nll,,1337
dresses-sales,lightgbm,gbdt,label_noise,0.3,2086622216,train_only,True,medium,True,ok,,0.49333333333333335,0.4884145228972815,0.916682081221796,1.322492692650459,0.2355536869445713,0.6451657665182354,0.2565707409294701,0.2503902122753994,-0.06120355361919359,0.0419337746297493,-0.19891346217000344,350,catboost_tuned,-0.02380062442888515,True,utility_gap;ece;nll,,1337
dresses-sales,lightgbm,gbdt,label_noise,0.4,1792649255,train_only,True,medium,True,ok,,0.52,0.5124977193942711,0.8792942468519014,1.2685534494154342,0.22894342570621606,0.6201604045207294,0.2444210568957068,0.2683237618878327,0.09856501231824355,-0.03928042930698354,-0.1689805181778786,350,catboost_tuned,-0.02380062442888515,True,utility_gap;ece;nll,,1337
dresses-sales,lightgbm_tuned,gbdt,label_noise,0.0,3674559241,train_only,True,medium,True,ok,,0.52,0.5305601167670133,0.758283589850014,1.093971974664096,0.15854481263927625,0.5465985610516746,0.1883295232624691,0.16669475690364777,0.41440273810690526,-0.26307481130897536,-0.09620451405862933,350,catboost_tuned,-0.02380062442888515,True,utility_gap;ece;nll,,1337
dresses-sales,lightgbm_tuned,gbdt,label_noise,0.05,1509036395,train_only,True,medium,True,ok,,0.5266666666666666,0.5225323846013501,0.7472983138224517,1.0781235714163355,0.14028031151417245,0.5407889256844828,0.16922944722333907,0.18580537502700492,0.3584308145005589,-0.1631722303281988,-0.08960679911726262,350,catboost_tuned,-0.02380062442888515,True,utility_gap;ece;nll,,1337
dresses-sales,lightgbm_tuned,gbdt,label_noise,0.1,574840810,train_only,True,medium,True,ok,,0.47333333333333333,0.49771939427111844,0.7735035335305579,1.1159297119346259,0.18815507600623024,0.5638649170733306,0.19469841646969846,0.1672669833311777,0.44458107041203415,-0.4286549954963029,-0.12720814078674236,350,catboost_tuned,-0.02380062442888515,True,utility_gap;ece;nll,,1337
dresses-sales,lightgbm_tuned,gbdt,label_noise,0.2,3257145252,train_only,True,medium,True,ok,,0.54,0.5169677066228792,0.7432840611937337,1.0723322290560084,0.14419028767086972,0.5409771820594826,0.20685787433292543,0.16917650217745808,0.005857906151328359,0.1568046688035448,-0.08859902893296877,350,catboost_tuned,-0.02380062442888515,True,utility_gap;ece;nll,,1337
dresses-sales,lightgbm_tuned,gbdt,label_noise,0.3,2086622216,train_only,True,medium,True,ok,,0.44666666666666666,0.48348841452289726,0.76659899595468,1.1059685698142754,0.1914988966592279,0.5623802790974269,0.21794744730840174,0.18334930994256746,0.4859738989391759,-0.5057911374986035,-0.1338694051931142,350,catboost_tuned,-0.02380062442888515,True,utility_gap;ece;nll,,1337
dresses-sales,lightgbm_tuned,gbdt,label_noise,0.4,1792649255,train_only,True,medium,True,ok,,0.5466666666666666,0.5188834154351396,0.7218931383157824,1.0414716506999497,0.1249281933793115,0.5232830284187533,0.16573015651108397,0.12295629485439852,0.009928163811812116,0.18203589370517678,-0.07381793848354835,350,catboost_tuned,-0.02380062442888515,True,utility_gap;ece;nll,,1337
dresses-sales,xgboost_tuned,gbdt,label_noise,0.0,3674559241,train_only,True,medium,True,ok,,0.5733333333333334,0.5621237000547344,0.7213495191874418,1.0406873740793605,0.12727791772826108,0.5169020170102548,0.16042784947559735,0.1386451689986003,0.3333748455796967,0.026338764403618542,-0.05491850075030327,350,catboost_tuned,-0.02380062442888515,True,utility_gap;ece;nll,,1337
dresses-sales,xgboost_tuned,gbdt,label_noise,0.05,1509036395,train_only,True,medium,True,ok,,0.56,0.5623061485130451,0.6988469868569022,1.0082230822786473,0.12738076135227597,0.5041948006609451,0.17904358517493557,0.1375558021497777,0.594317967962794,-0.1699328556494733,-0.04713592497448366,350,catboost_tuned,-0.02380062442888515,True,ece;nll,,1337
dresses-sales,xgboost_tuned,gbdt,label_noise,0.1,574840810,train_only,True,medium,True,ok,,0.5733333333333334,0.5345739828498449,0.7259674380240627,1.0473496226841812,0.10997882419051722,0.5229778217538343,0.14854737567333243,0.1237615866655964,0.06913096156179037,0.24823007513759207,-0.06309975764591208,350,catboost_tuned,-0.02380062442888515,True,utility_gap;ece;nll,,1337
dresses-sales,xgboost_tuned,gbdt,label_noise,0.2,3257145252,train_only,True,medium,True,ok,,0.5533333333333333,0.5429666119321293,0.7143376002860399,1.0305713134531924,0.09969499666684159,0.5168229750368403,0.15833151299147488,0.1687209484876086,0.370674182158275,-0.028577932191317868,-0.0560720791930808,350,catboost_tuned,-0.02380062442888515,True,utility_gap;nll,,1337
dresses-sales,xgboost_tuned,gbdt,label_noise,0.3,2086622216,train_only,True,medium,True,ok,,0.48,0.4838533114395184,0.7489591070199677,1.0805195895263338,0.14592513333779303,0.5492605212032737,0.16716608352858062,0.15534257820270186,0.21884569194669376,-0.19704250180871777,-0.1119922445216273,350,catboost_tuned,-0.02380062442888515,True,utility_gap;ece;nll,,1337
dresses-sales,xgboost_tuned,gbdt,label_noise,0.4,1792649255,train_only,True,medium,True,ok,,0.5333333333333333,0.5459770114942529,0.7055690655653925,1.0179209918958516,0.09821486531874146,0.50871260841255,0.11924911713423314,0.13258199512974883,0.4876264757354227,-0.10494975695001107,-0.05392731660951522,350,catboost_tuned,-0.02380062442888515,True,utility_gap;nll,,1337
eucalyptus,catboost_tuned,gbdt,covariate_shift,0.0,2488817808,test_only,True,low,True,ok,,0.6515837104072398,0.9275875251563482,0.7090095612243325,0.44053240932545973,0.09908909884484757,0.41541742570520657,0.1247940136706729,0.06621578569902546,1.432108646050528,-0.3928656081189296,0.2704156477992004,515,xgboost_tuned,0.27553587502567617,False,,,1337
eucalyptus,catboost_tuned,gbdt,covariate_shift,0.05,908989441,test_only,True,low,True,ok,,0.6877828054298643,0.9171752182557251,0.7884298280193608,0.48987899559725556,0.06132022787014789,0.4438107072510248,0.08621034810686685,0.06605919706766429,0.7198372637871726,0.28891654434619063,0.2649510029507771,515,xgboost_tuned,0.27553587502567617,False,,,1337
eucalyptus,catboost_tuned,gbdt,covariate_shift,0.1,2165751732,test_only,True,low,True,ok,,0.6063348416289592,0.8961769177708258,0.9243632024426635,0.5743391498990256,0.07345110620320862,0.5107607979703144,0.09387673002351804,0.07921290767985044,1.2194697969843082,-0.34013203452770596,0.2176201812537835,515,xgboost_tuned,0.27553587502567617,True,utility_gap,,1337
eucalyptus,catboost_tuned,gbdt,covariate_shift,0.2,3505799837,test_only,True,low,True,ok,,0.45248868778280543,0.8221268604845218,1.4280959062608563,0.8873258764614387,0.19484424420234175,0.6998325667640837,0.19682679732306366,0.13782972750538525,1.2745823074508023,-1.0253042350485293,0.050451092558103434,515,xgboost_tuned,0.27553587502567617,True,utility_gap;ece;nll,,1337
eucalyptus,catboost_tuned,gbdt,covariate_shift,0.3,791184732,test_only,True,low,True,ok,,0.35294117647058826,0.7288165448096903,2.122842325978732,1.3189960976923696,0.29841553758058326,0.8804267106475673,0.3018021604912862,0.18952406316136897,1.2305545233588415,-1.560570357729213,-0.14735496966984774,515,xgboost_tuned,0.27553587502567617,True,utility_gap;ece;nll,,1337
eucalyptus,catboost_tuned,gbdt,covariate_shift,0.4,3474576043,test_only,True,low,True,ok,,0.3257918552036199,0.6866475885987114,2.5309586741747863,1.5725730421914728,0.3422435743914931,0.9576423796147356,0.34165352077283145,0.20821549055227626,0.9307416589174694,-1.540014163032208,-0.2510251932456484,515,xgboost_tuned,0.27553587502567617,True,utility_gap;ece;nll,,1337
eucalyptus,gbdt_ensemble,gbdt,covariate_shift,0.0,2488817808,test_only,True,low,True,ok,,0.6742081447963801,0.9223980083728464,0.7176923130741313,0.44592730637785183,0.08663116740525138,0.4353158079819876,0.10255995424014865,0.0641453981502999,0.7513397945943697,-0.23628890784093667,0.2728660992555474,515,xgboost_tuned,0.27553587502567617,False,,,1337
eucalyptus,gbdt_ensemble,gbdt,covariate_shift,0.05,908989441,test_only,True,low,True,ok,,0.6787330316742082,0.9161107890274863,0.7674642052761026,0.4768523217620717,0.07256493292427059,0.4442065670709759,0.07916581502397388,0.062102061465906556,0.6547754319677078,-0.03406887592151326,0.2648800477972758,515,xgboost_tuned,0.27553587502567617,False,,,1337
eucalyptus,gbdt_ensemble,gbdt,covariate_shift,0.1,2165751732,test_only,True,low,True,ok,,0.6244343891402715,0.8930402498517187,0.9913726277192709,0.6159744467681436,0.13717199174426672,0.5399651637214787,0.1344078493030939,0.09922421024183135,0.5868654936596568,-0.23424018551365045,0.19400251343984587,515,xgboost_tuned,0.27553587502567617,True,utility_gap;ece,,1337
eucalyptus,gbdt_ensemble,gbdt,covariate_shift,0.2,3505799837,test_only,True,low,True,ok,,0.4751131221719457,0.8176450471049295,1.6763416720977495,1.0415696431324055,0.26677889938225957,0.7658425524583333,0.26810137662619155,0.14754573564812362,0.5945971902905581,-0.9023504977562473,-0.008383938003656458,515,xgboost_tuned,0.27553587502567617,True,utility_gap;ece;nll,,1337
eucalyptus,gbdt_ensemble,gbdt,covariate_shift,0.3,791184732,test_only,True,low,True,ok,,0.35294117647058826,0.7144529428110294,2.6928854182301434,1.673183785112559,0.3975122812534935,0.9675246079609094,0.39194091300730327,0.20361669983494646,0.6755426366016181,-1.5597884378570048,-0.2784578853300179,515,xgboost_tuned,0.27553587502567617,True,utility_gap;ece;nll,,1337
eucalyptus,gbdt_ensemble,gbdt,covariate_shift,0.4,3474576043,test_only,True,low,True,ok,,0.3167420814479638,0.6563138435080337,2.9121345855398326,1.8094109521351742,0.4118504018595372,1.0182215955936407,0.4118504018595371,0.2181862610518397,0.5613429719741878,-1.4733805917749316,-0.3479722085674534,515,xgboost_tuned,0.27553587502567617,True,utility_gap;ece;nll,,1337
eucalyptus,lightgbm,gbdt,covariate_shift,0.0,2488817808,test_only,True,low,True,ok,,0.665158371040724,0.9022419223974468,1.2108513048875857,0.7523442162837487,0.23284686477623423,0.5371022085900164,0.2286477330178605,0.10188666530216631,0.32620541522299823,-0.4997252292675229,0.1432857906548435,515,xgboost_tuned,0.27553587502567617,True,utility_gap;ece;nll,,1337
eucalyptus,lightgbm,gbdt,covariate_shift,0.05,908989441,test_only,True,low,True,ok,,0.6153846153846154,0.8777039363498886,1.507145708812517,0.9364422803568251,0.25203758960893485,0.6206296118310778,0.24643108237179367,0.11776433013971385,0.24070099930871017,-0.3273166639301414,0.06816386800131882,515,xgboost_tuned,0.27553587502567617,True,utility_gap;ece;nll,,1337
eucalyptus,lightgbm,gbdt,covariate_shift,0.1,2165751732,test_only,True,low,True,ok,,0.5746606334841629,0.8633621403161055,1.8419413401886866,1.1444625020687813,0.3039457981686509,0.6990478006670601,0.29637013292668407,0.13537354471302204,0.25250800826958925,-0.5983600653748699,-0.015752066121103275,515,xgboost_tuned,0.27553587502567617,True,utility_gap;ece;nll,,1337
eucalyptus,lightgbm,gbdt,covariate_shift,0.2,3505799837,test_only,True,low,True,ok,,0.4660633484162896,0.7727957001494873,3.376146348315261,2.097717670394135,0.4286039801262089,0.9251999314758249,0.42860571725995883,0.1841302837546125,0.2743592195894813,-1.1804128368575297,-0.37464809982871833,515,xgboost_tuned,0.27553587502567617,True,utility_gap;ece;nll,,1337
eucalyptus,lightgbm,gbdt,covariate_shift,0.3,791184732,test_only,True,low,True,ok,,0.38461538461538464,0.7165544718369833,4.612138234735664,2.8656826082593674,0.5235450535731582,1.0886114709776675,0.5235450535731582,0.22058079139525005,0.2551745720514595,-1.5647945474483123,-0.6559274203571901,515,xgboost_tuned,0.27553587502567617,True,utility_gap;ece;nll,,1337
eucalyptus,lightgbm,gbdt,covariate_shift,0.4,3474576043,test_only,True,low,True,ok,,0.3574660633484163,0.6422922650161155,4.984770541706002,3.0972120783255797,0.49750485646630793,1.0811075369468173,0.4975048564663079,0.21829638391682873,0.19875333828210998,-1.229178140739489,-0.7502423925330327,515,xgboost_tuned,0.27553587502567617,True,utility_gap;ece;nll,,1337
eucalyptus,lightgbm_tuned,gbdt,covariate_shift,0.0,2488817808,test_only,True,low,True,ok,,0.665158371040724,0.9111746243388705,0.742554539675382,0.46137507631614616,0.13129912211794698,0.4489166582146909,0.12742762796539459,0.06532953296830933,0.6943223981040101,-0.21288948584335773,0.25401252685628,515,xgboost_tuned,0.27553587502567617,True,ece,,1337
eucalyptus,lightgbm_tuned,gbdt,covariate_shift,0.05,908989441,test_only,True,low,True,ok,,0.6334841628959276,0.891654254097282,0.9665089686537288,0.6005257867897426,0.11252423350546961,0.5264623612417035,0.13082602624428447,0.07709818315980632,0.5222080702282653,-0.07582327767697901,0.20443903063042113,515,xgboost_tuned,0.27553587502567617,True,utility_gap;ece,,1337
eucalyptus,lightgbm_tuned,gbdt,covariate_shift,0.1,2165751732,test_only,True,low,True,ok,,0.5927601809954751,0.879696043372781,1.09661438137102,0.681364824886292,0.14266321841009216,0.5693199148551633,0.144189163215789,0.09882176343236466,0.5934512848459361,-0.3501903417324722,0.16386555118188856,515,xgboost_tuned,0.27553587502567617,True,utility_gap;ece,,1337
eucalyptus,lightgbm_tuned,gbdt,covariate_shift,0.2,3505799837,test_only,True,low,True,ok,,0.4434389140271493,0.81275326395273,1.7086782972054677,1.0616615179775883,0.29158677476611344,0.7504858065330109,0.2837291744183684,0.145664691313683,0.8138866586469096,-1.2737704294712477,-0.025836330858971336,515,xgboost_tuned,0.27553587502567617,True,utility_gap;ece;nll,,1337
eucalyptus,lightgbm_tuned,gbdt,covariate_shift,0.3,791184732,test_only,True,low,True,ok,,0.33031674208144796,0.7494440566786628,2.4578369050847644,1.527139932579041,0.4251650892511436,0.9537440082273376,0.4251650892511436,0.19627671078623526,0.9075822965397199,-2.1613663252662807,-0.2313220664741918,515,xgboost_tuned,0.27553587502567617,True,utility_gap;ece;nll,,1337
eucalyptus,lightgbm_tuned,gbdt,covariate_shift,0.4,3474576043,test_only,True,low,True,ok,,0.3167420814479638,0.7042221497115391,2.9358871288890014,1.8241692371026543,0.40146489376418837,0.9854137365062919,0.4033715560840258,0.21611323506846083,1.0404845193054344,-2.227576898900649,-0.33355468526740073,515,xgboost_tuned,0.27553587502567617,True,utility_gap;ece;nll,,1337
eucalyptus,xgboost_tuned,gbdt,covariate_shift,0.0,2488817808,test_only,True,low,True,ok,,0.6923076923076923,0.9210308394821534,0.6936853557482688,0.43101094511881166,0.10683894551793935,0.4086216515179678,0.1021325337603329,0.06935104359212706,1.0239355025551513,-0.07118476833921471,0.27553587502567617,515,xgboost_tuned,0.27553587502567617,True,ece,,1337
eucalyptus,xgboost_tuned,gbdt,covariate_shift,0.05,908989441,test_only,True,low,True,ok,,0.6244343891402715,0.8925574756583702,0.9156284350595587,0.5689119337786507,0.1188301985187732,0.5072835534975396,0.13004870350688008,0.0722704286766475,0.8409188598659518,-0.2972827900306461,0.21162065501412042,515,xgboost_tuned,0.27553587502567617,True,utility_gap;ece,,1337
eucalyptus,xgboost_tuned,gbdt,covariate_shift,0.1,2165751732,test_only,True,low,True,ok,,0.5972850678733032,0.8849910123666476,1.0354436431390144,0.6433573082499456,0.12103435010953466,0.5525803857531536,0.1322223763538659,0.08575024905540769,0.8162998016903341,-0.3837859967099557,0.18212555201243147,515,xgboost_tuned,0.27553587502567617,True,utility_gap;ece,,1337
eucalyptus,xgboost_tuned,gbdt,covariate_shift,0.2,3505799837,test_only,True,low,True,ok,,0.48868778280542985,0.8254060649530794,1.442618951738819,0.896349551973095,0.20711680832033041,0.7065093555696513,0.2051286052575047,0.11951739059125521,0.6486232503243003,-0.6822247589781611,0.05186706289839764,515,xgboost_tuned,0.27553587502567617,True,utility_gap;ece;nll,,1337
eucalyptus,xgboost_tuned,gbdt,covariate_shift,0.3,791184732,test_only,True,low,True,ok,,0.39819004524886875,0.7586701213467677,1.917368566606771,1.1913280728592748,0.29934181099713436,0.8452554046439166,0.29973074388137794,0.1695804518542117,0.7862480058107848,-1.2238210667076743,-0.09200373479851032,515,xgboost_tuned,0.27553587502567617,True,utility_gap;ece;nll,,1337
eucalyptus,xgboost_tuned,gbdt,covariate_shift,0.4,3474576043,test_only,True,low,True,ok,,0.35294117647058826,0.728685580003235,2.217497154586605,1.3778084494311937,0.35391516111243365,0.8930426416152211,0.35096389286116375,0.18365270672619768,1.096954107031329,-1.7970718763237945,-0.17614443758012438,515,xgboost_tuned,0.27553587502567617,True,utility_gap;ece;nll,,1337
eucalyptus,catboost_tuned,gbdt,label_noise,0.0,499980543,train_only,True,low,True,ok,,0.6515837104072398,0.9275875251563482,0.7090095612243325,0.44053240932545973,0.09908909884484757,0.41541742570520657,0.1247940136706729,0.06621578569902546,1.432108646050528,-0.3928656081189296,0.2704156477992004,515,xgboost_tuned,0.27553587502567617,False,,,1337
eucalyptus,catboost_tuned,gbdt,label_noise,0.05,2865138726,train_only,True,low,True,ok,,0.665158371040724,0.9216093912161082,0.7532180811419326,0.46800070715543907,0.06423392170509236,0.43025107522283046,0.07269467456569048,0.05847029984150429,1.1154949640762144,0.15759900126352974,0.26909004609409626,515,xgboost_tuned,0.27553587502567617,False,,,1337
eucalyptus,catboost_tuned,gbdt,label_noise,0.1,1520701548,train_only,True,low,True,ok,,0.6470588235294118,0.9125783045793343,0.8316674576155589,0.5167440453529221,0.08496013485965284,0.4572565730097202,0.12043677027873062,0.07526707130303098,1.2981571948546575,0.30585825463402716,0.24444598955437155,515,xgboost_tuned,0.27553587502567617,True,utility_gap,,1337
eucalyptus,catboost_tuned,gbdt,label_noise,0.2,3254228634,train_only,True,low,True,ok,,0.6425339366515838,0.9021670256630518,0.9350505614873125,0.5809795794316476,0.1418444748347754,0.49813388669956377,0.16675290187288447,0.08518815904783482,1.3538179588095063,0.6571389645671055,0.20947578068335632,515,xgboost_tuned,0.27553587502567617,True,utility_gap;ece,,1337
eucalyptus,catboost_tuned,gbdt,label_noise,0.3,1629614033,train_only,True,low,True,ok,,0.6199095022624435,0.8922199445357746,1.0761101331690501,0.6686248191715269,0.21098501216714893,0.5509608965021967,0.21900266496495216,0.11379066465414227,2.2945469645500722,1.4154307819642709,0.16247895774199972,515,xgboost_tuned,0.27553587502567617,True,utility_gap;ece,,1337
eucalyptus,catboost_tuned,gbdt,label_noise,0.4,3968205994,train_only,True,low,True,ok,,0.5972850678733032,0.8814868461598977,1.203144541252867,0.7475557348051043,0.24631069224995988,0.6158679576183584,0.2596325470257804,0.12970459486193917,2.270665379436056,1.929574799866171,0.12458429744543639,515,xgboost_tuned,0.27553587502567617,True,utility_gap;ece,,1337
eucalyptus,gbdt_ensemble,gbdt,label_noise,0.0,499980543,train_only,True,low,True,ok,,0.6742081447963801,0.9223980083728464,0.7176923130741313,0.44592730637785183,0.08663116740525138,0.4353158079819876,0.10255995424014865,0.0641453981502999,0.7513397945943697,-0.23628890784093667,0.2728660992555474,515,xgboost_tuned,0.27553587502567617,False,,,1337
eucalyptus,gbdt_ensemble,gbdt,label_noise,0.05,2865138726,train_only,True,low,True,ok,,0.665158371040724,0.9184518512859748,0.7382065230067083,0.4586735016638517,0.08141484049460664,0.43637116737857756,0.0865791222002758,0.06556702525593464,0.8505022444712299,-0.13823816443445416,0.2673468850081229,515,xgboost_tuned,0.27553587502567617,False,,,1337
eucalyptus,gbdt_ensemble,gbdt,label_noise,0.1,1520701548,train_only,True,low,True,ok,,0.6380090497737556,0.908741688851817,0.8022736515592359,0.49848064679045867,0.113779021639937,0.46273130336067897,0.10143082064448447,0.0682713445930763,0.8906807382152881,-0.2310446681496923,0.24146095019907432,515,xgboost_tuned,0.27553587502567617,True,utility_gap;ece,,1337
eucalyptus,gbdt_ensemble,gbdt,label_noise,0.2,3254228634,train_only,True,low,True,ok,,0.6063348416289592,0.8788191868205317,0.9182634639667292,0.5705491692922502,0.09127000104208445,0.5044729308726321,0.06993677058588098,0.06457703021276615,0.9653276184626168,-0.07830021916778947,0.20911819063543804,515,xgboost_tuned,0.27553587502567617,True,utility_gap,,1337
eucalyptus,gbdt_ensemble,gbdt,label_noise,0.3,1629614033,train_only,True,low,True,ok,,0.583710407239819,0.8583287610611453,1.0024492154646976,0.6228567176900921,0.08105485504762895,0.532929444684899,0.08500520122715911,0.06481592641876872,1.1282085999878733,-0.08601859582407537,0.18490364114082034,515,xgboost_tuned,0.27553587502567617,True,utility_gap,,1337
eucalyptus,gbdt_ensemble,gbdt,label_noise,0.4,3968205994,train_only,True,low,True,ok,,0.502262443438914,0.8340819867895617,1.1252461456877252,0.6991547402943382,0.05908243989413736,0.6026037228660837,0.0868215885721176,0.07548256344169973,0.8863081546490919,-0.11218693431756001,0.14570515182505475,515,xgboost_tuned,0.27553587502567617,True,utility_gap,,1337
eucalyptus,lightgbm,gbdt,label_noise,0.0,499980543,train_only,True,low,True,ok,,0.665158371040724,0.9022419223974468,1.2108513048875857,0.7523442162837487,0.23284686477623423,0.5371022085900164,0.2286477330178605,0.10188666530216631,0.32620541522299823,-0.4997252292675229,0.1432857906548435,515,xgboost_tuned,0.27553587502567617,True,utility_gap;ece;nll,,1337
eucalyptus,lightgbm,gbdt,label_noise,0.05,2865138726,train_only,True,low,True,ok,,0.6561085972850679,0.8888030611688882,1.1647708883782295,0.7237128437074282,0.22392929136009743,0.557310788881595,0.21708580530745922,0.1101938229859808,0.270746326832878,-0.15556458071125795,0.14759764961762306,515,xgboost_tuned,0.27553587502567617,True,utility_gap;ece,,1337
eucalyptus,lightgbm,gbdt,label_noise,0.1,1520701548,train_only,True,low,True,ok,,0.6425339366515838,0.8758626713072,1.2071324016031635,0.7500335317548886,0.2165560040954217,0.5716708785504534,0.2066866954836455,0.10632431292332786,0.27793734473427195,-0.1346130772107308,0.1346107651097066,515,xgboost_tuned,0.27553587502567617,True,utility_gap;ece;nll,,1337
eucalyptus,lightgbm,gbdt,label_noise,0.2,3254228634,train_only,True,low,True,ok,,0.5610859728506787,0.8370050101083564,1.2755063064971242,0.7925166274777629,0.23784792197085433,0.6459104705814085,0.24490755414161156,0.11361787922120278,0.40187023145458156,-0.43764879187965905,0.09179007682802676,515,xgboost_tuned,0.27553587502567617,True,utility_gap;ece;nll,,1337
eucalyptus,lightgbm,gbdt,label_noise,0.3,1629614033,train_only,True,low,True,ok,,0.502262443438914,0.8168515421352197,1.2949721036868675,0.8046114073008027,0.20838257133896665,0.6567680912112309,0.21671649983156516,0.09149434068224596,0.579720198355579,-0.7083773109100865,0.07817746980512982,515,xgboost_tuned,0.27553587502567617,True,utility_gap;ece;nll,,1337
eucalyptus,lightgbm,gbdt,label_noise,0.4,3968205994,train_only,True,low,True,ok,,0.5067873303167421,0.7952929037105734,1.4227336061131493,0.8839940920500742,0.20530657941226033,0.7101689235669068,0.21568455376079596,0.12192947851457088,0.3784791881089574,-0.42894322083622555,0.048111072348737655,515,xgboost_tuned,0.27553587502567617,True,utility_gap;ece;nll,,1337
eucalyptus,lightgbm_tuned,gbdt,label_noise,0.0,499980543,train_only,True,low,True,ok,,0.665158371040724,0.9111746243388705,0.742554539675382,0.46137507631614616,0.13129912211794698,0.4489166582146909,0.12742762796539459,0.06532953296830933,0.6943223981040101,-0.21288948584335773,0.25401252685628,515,xgboost_tuned,0.27553587502567617,True,ece,,1337
eucalyptus,lightgbm_tuned,gbdt,label_noise,0.05,2865138726,train_only,True,low,True,ok,,0.6289592760180995,0.9020516239567236,0.7990944725189284,0.4965053117894959,0.08474868669240421,0.4710551065718014,0.08271814617371637,0.05979029631055808,0.9253458160562028,-0.3093567580601196,0.24416062891223853,515,xgboost_tuned,0.27553587502567617,True,utility_gap,,1337
eucalyptus,lightgbm_tuned,gbdt,label_noise,0.1,1520701548,train_only,True,low,True,ok,,0.5972850678733032,0.8922160924164573,0.8584500747305477,0.5333850210053988,0.07774685043103163,0.4870570612896889,0.0984257170854404,0.06707360015380179,1.0344363830949235,-0.3120549635743893,0.22630351613892954,515,xgboost_tuned,0.27553587502567617,True,utility_gap,,1337
eucalyptus,lightgbm_tuned,gbdt,label_noise,0.2,3254228634,train_only,True,low,True,ok,,0.5565610859728507,0.8630754944762036,0.9669270614301088,0.6007855624375944,0.06767217925044258,0.5379314073940108,0.06882952645869236,0.08046515536545788,1.092350148619704,-0.13840231953180637,0.19179048138123198,515,xgboost_tuned,0.27553587502567617,True,utility_gap,,1337
eucalyptus,lightgbm_tuned,gbdt,label_noise,0.3,1629614033,train_only,True,low,True,ok,,0.5610859728506787,0.8607997829338526,1.0156726709617394,0.6310729125459985,0.05671312292123011,0.5404373382486795,0.09481015728492605,0.06749322660795051,1.4353333715640477,0.0854725924750873,0.18477832160640462,515,xgboost_tuned,0.27553587502567617,True,utility_gap,,1337
eucalyptus,lightgbm_tuned,gbdt,label_noise,0.4,3968205994,train_only,True,low,True,ok,,0.5882352941176471,0.8305548288613362,1.1314711639397206,0.7030225616025741,0.12797793019925213,0.5821116312413753,0.13082402059700868,0.07599534611369858,0.8015812768836885,0.3527150363712062,0.14242712969849208,515,xgboost_tuned,0.27553587502567617,True,utility_gap;ece,,1337
eucalyptus,xgboost_tuned,gbdt,label_noise,0.0,499980543,train_only,True,low,True,ok,,0.6923076923076923,0.9210308394821534,0.6936853557482688,0.43101094511881166,0.10683894551793935,0.4086216515179678,0.1021325337603329,0.06935104359212706,1.0239355025551513,-0.07118476833921471,0.27553587502567617,515,xgboost_tuned,0.27553587502567617,True,ece,,1337
eucalyptus,xgboost_tuned,gbdt,label_noise,0.05,2865138726,train_only,True,low,True,ok,,0.6334841628959276,0.9106663863091601,0.771127441599793,0.47912841846352827,0.07556034072196494,0.4445983718238487,0.09998274667361569,0.06024820089460854,1.1729964298104403,-0.22948296710402907,0.2549052659591437,515,xgboost_tuned,0.27553587502567617,False,,,1337
eucalyptus,xgboost_tuned,gbdt,label_noise,0.1,1520701548,train_only,True,low,True,ok,,0.6470588235294118,0.9039328581218161,0.8258533815549488,0.5131315567842782,0.09697864502244397,0.46319920145085375,0.0930870972460552,0.07544557153941736,0.9607781060500156,0.14386581214190533,0.2401001278322751,515,xgboost_tuned,0.27553587502567617,True,utility_gap,,1337
eucalyptus,xgboost_tuned,gbdt,label_noise,0.2,3254228634,train_only,True,low,True,ok,,0.5972850678733032,0.881855272277973,0.9409101783204828,0.5846203640732299,0.10197029880731959,0.5133562613970682,0.12065120575263259,0.08762644376307588,1.2444301037098406,0.2350675222532418,0.20246193649485314,515,xgboost_tuned,0.27553587502567617,True,utility_gap;ece,,1337
eucalyptus,xgboost_tuned,gbdt,label_noise,0.3,1629614033,train_only,True,low,True,ok,,0.6153846153846154,0.8881263968940221,0.9712162212188167,0.603450567254227,0.12993387874298493,0.5086093637225203,0.14240789634953482,0.08288178538497268,1.8532460267332793,0.6298014251695118,0.19612998529573494,515,xgboost_tuned,0.27553587502567617,True,utility_gap;ece,,1337
eucalyptus,xgboost_tuned,gbdt,label_noise,0.4,3968205994,train_only,True,low,True,ok,,0.5656108597285068,0.828597278045115,1.1492967704294603,0.714098233644362,0.11152738043551781,0.5920791224751926,0.1284067708734888,0.09232296154568576,1.0327353418102663,0.48872461083177243,0.13831573009465403,515,xgboost_tuned,0.27553587502567617,True,utility_gap;ece,,1337
first-order-theorem-proving,catboost_tuned,gbdt,covariate_shift,0.0,3408534121,test_only,False,high,True,ok,,0.6040305010893247,0.8406341498564595,1.0961528984621394,0.6117745809566704,0.02397521206143132,0.5240988247169964,0.03179897521936419,0.02009321893916938,1.0676554755292667,-0.06586417833656961,0.19649911091387212,4282,catboost_tuned,0.19649911091387212,False,,,1337
first-order-theorem-proving,catboost_tuned,gbdt,covariate_shift,0.05,2278993883,test_only,False,low,True,ok,,0.4891067538126362,0.7254512945237453,1.3895936928884587,0.7755470065896392,0.049338002637433195,0.6625672436288087,0.06321536431247096,0.030201323229990532,1.300476232067566,0.2913785196284359,0.08474226365082793,4282,catboost_tuned,0.19649911091387212,True,utility_gap;nll,,1337
first-order-theorem-proving,catboost_tuned,gbdt,covariate_shift,0.1,192104535,test_only,False,low,True,ok,,0.42483660130718953,0.6553937185012287,1.5075003289863016,0.8413519531367561,0.062033239200211816,0.7215460596388229,0.05846299779722394,0.037158827691252914,0.882787266563172,0.06580939273369563,0.02830105789043924,4282,catboost_tuned,0.19649911091387212,True,utility_gap;nll,,1337
first-order-theorem-proving,catboost_tuned,gbdt,covariate_shift,0.2,2988961801,test_only,False,low,True,ok,,0.39215686274509803,0.5770689269778099,1.6114443784301047,0.899364231698111,0.04527703763098983,0.7548893738610992,0.06733452192688513,0.048069862382137035,0.9846048504766682,0.042205366618673634,-0.018067023181633092,4282,catboost_tuned,0.19649911091387212,True,utility_gap;nll,,1337
first-order-theorem-proving,catboost_tuned,gbdt,covariate_shift,0.3,4055071608,test_only,False,low,True,ok,,0.4226579520697168,0.5426180939307556,1.6085838232071377,0.8977677254303363,0.06891960443126943,0.7496410623220501,0.08491267945546914,0.04193839194735547,0.9286607033546325,-0.0006889769069876157,-0.029799212829132816,4282,catboost_tuned,0.19649911091387212,True,utility_gap;nll,,1337
first-order-theorem-proving,catboost_tuned,gbdt,covariate_shift,0.4,1865678230,test_only,False,low,True,ok,,0.40413943355119825,0.5246476898745488,1.7033759833301552,0.9506722373087398,0.10169134573550505,0.786239061068787,0.10467146637308612,0.06877346979909507,0.03223399701462967,-0.37475227494579183,-0.06129233385095117,4282,catboost_tuned,0.19649911091387212,True,utility_gap;ece;nll,,1337
first-order-theorem-proving,gbdt_ensemble,gbdt,covariate_shift,0.0,3408534121,test_only,False,high,True,ok,,0.6072984749455338,0.8407845497840896,1.0947092379551029,0.6109688586865609,0.02068692368822504,0.5223481732141008,0.025484199893247652,0.019964813396417806,1.0566889941877577,-0.06002021905823796,0.19794132132264813,4282,catboost_tuned,0.19649911091387212,False,,,1337
first-order-theorem-proving,gbdt_ensemble,gbdt,covariate_shift,0.05,2278993883,test_only,False,low,True,ok,,0.4722222222222222,0.7111242522619485,1.4159400149027328,0.7902511688763466,0.06426695813003247,0.679123974159162,0.0695271277974497,0.035086182523235705,1.1742437841323354,0.21317750932465374,0.06979807933610485,4282,catboost_tuned,0.19649911091387212,True,utility_gap;nll,,1337
first-order-theorem-proving,gbdt_ensemble,gbdt,covariate_shift,0.1,192104535,test_only,False,low,True,ok,,0.4444444444444444,0.6891998055914627,1.477100140899185,0.8243852851161798,0.08329313410557557,0.7052050531114593,0.0833215155383318,0.04184056141620793,1.3892718413254526,0.4967983619487866,0.043912386267709505,4282,catboost_tuned,0.19649911091387212,True,utility_gap;nll,,1337
first-order-theorem-proving,gbdt_ensemble,gbdt,covariate_shift,0.2,2988961801,test_only,False,low,True,ok,,0.33278867102396514,0.5801697751238271,1.6340752536145333,0.9119947636266955,0.027730609388735155,0.775537808496486,0.05704654216508483,0.05556203725385033,0.8322375960168363,-0.1410833829458315,-0.026166829018821423,4282,catboost_tuned,0.19649911091387212,True,utility_gap;nll,,1337
first-order-theorem-proving,gbdt_ensemble,gbdt,covariate_shift,0.3,4055071608,test_only,False,low,True,ok,,0.3632897603485839,0.5354286892180733,1.6653415136717353,0.9294447956171347,0.06146647206585373,0.7820951467875451,0.07372476740289337,0.0612786176286301,0.6498608770560594,-0.12420764980785476,-0.0492332278196979,4282,catboost_tuned,0.19649911091387212,True,utility_gap;nll,,1337
first-order-theorem-proving,gbdt_ensemble,gbdt,covariate_shift,0.4,1865678230,test_only,False,low,True,ok,,0.4188453159041394,0.5578533305224757,1.6238288821716793,0.9062761548408474,0.09389221239050999,0.7640413269083801,0.09982923275152823,0.05095282432726105,0.442936033677602,-0.028376724241683582,-0.03258582586186885,4282,catboost_tuned,0.19649911091387212,True,utility_gap;nll,,1337
first-order-theorem-proving,lightgbm,gbdt,covariate_shift,0.0,3408534121,test_only,False,high,True,ok,,0.6111111111111112,0.8358416715705271,1.2065376309144857,0.6733814731473412,0.11857869188661858,0.5468530210454711,0.11742814612018145,0.047948585756686916,0.7570566001875288,-0.479845009247896,0.15848107139482512,4282,catboost_tuned,0.19649911091387212,True,utility_gap;ece,,1337
first-order-theorem-proving,lightgbm,gbdt,covariate_shift,0.05,2278993883,test_only,False,low,True,ok,,0.45479302832244006,0.670777397412697,1.6042464782948869,0.8953470071437912,0.15581586722694313,0.7423644197784848,0.15581586722694316,0.06738869140237518,0.5628505923394805,-0.5031573746490725,0.0032237677542839883,4282,catboost_tuned,0.19649911091387212,True,utility_gap;ece;nll,,1337
first-order-theorem-proving,lightgbm,gbdt,covariate_shift,0.1,192104535,test_only,False,low,True,ok,,0.4014161220043573,0.5912328004350695,1.809084525284328,1.009669297890602,0.18709603411558293,0.7941198173997667,0.18709603411558298,0.07908005697689935,0.48935165190384017,-0.6228657753168236,-0.07317609773736924,4282,catboost_tuned,0.19649911091387212,True,utility_gap;ece;nll,,1337
first-order-theorem-proving,lightgbm,gbdt,covariate_shift,0.2,2988961801,test_only,False,low,True,ok,,0.40413943355119825,0.5540003251829978,2.0067326593906145,1.1199788218533466,0.25748141415623643,0.8399182732222136,0.2566767507052131,0.09894513091796553,0.3961549459428147,-0.700635091798428,-0.13296890054052235,4282,catboost_tuned,0.19649911091387212,True,utility_gap;ece;nll,,1337
first-order-theorem-proving,lightgbm,gbdt,covariate_shift,0.3,4055071608,test_only,False,low,True,ok,,0.38943355119825707,0.5424923985019471,2.1846835364120687,1.2192950973231342,0.26486933332914486,0.8853591034817264,0.28618708266451015,0.1167712554532233,0.2568359505177037,-0.6644668425243755,-0.17047502370734924,4282,catboost_tuned,0.19649911091387212,True,utility_gap;ece;nll,,1337
first-order-theorem-proving,lightgbm,gbdt,covariate_shift,0.4,1865678230,test_only,False,low,True,ok,,0.2679738562091503,0.5358162675904479,2.2321533754580694,1.2457885189353846,0.376564895141005,0.9736255476305454,0.3765648951410051,0.13530384151579197,0.3132560134052223,-1.2474617904206935,-0.2213177626207871,4282,catboost_tuned,0.19649911091387212,True,utility_gap;ece;nll,,1337
first-order-theorem-proving,lightgbm_tuned,gbdt,covariate_shift,0.0,3408534121,test_only,False,high,True,ok,,0.6127450980392157,0.8362879510054403,1.1220255289991856,0.6262143709962301,0.04100828246679061,0.5288311383996049,0.04005299187708623,0.029216333363618268,0.9164591712897276,-0.1607495976858582,0.1885465797655593,4282,catboost_tuned,0.19649911091387212,False,,,1337
first-order-theorem-proving,lightgbm_tuned,gbdt,covariate_shift,0.05,2278993883,test_only,False,low,True,ok,,0.4395424836601307,0.6757867995838587,1.504407445573145,0.8396257820371894,0.07725239065839931,0.7184418431553136,0.07025248222703498,0.047607064291723865,0.6287813713108446,-0.1352605509265712,0.035118539660533424,4282,catboost_tuned,0.19649911091387212,True,utility_gap;nll,,1337
first-order-theorem-proving,lightgbm_tuned,gbdt,covariate_shift,0.1,192104535,test_only,False,low,True,ok,,0.42592592592592593,0.6083013300876166,1.6146178957261212,0.9011354054245619,0.08388094999740332,0.7552517162450798,0.09549255163874519,0.0646953075113864,0.4045222928632767,-0.25684165350706367,-0.010322457207294525,4282,catboost_tuned,0.19649911091387212,True,utility_gap;nll,,1337
first-order-theorem-proving,lightgbm_tuned,gbdt,covariate_shift,0.2,2988961801,test_only,False,low,True,ok,,0.3366013071895425,0.584006808967214,1.7607611278844204,0.9826994962906547,0.13518107324599304,0.8189890964257376,0.14505308812274986,0.09147506965991792,0.15927565190088774,-0.6556737322109022,-0.06695348431943873,4282,catboost_tuned,0.19649911091387212,True,utility_gap;ece;nll,,1337
first-order-theorem-proving,lightgbm_tuned,gbdt,covariate_shift,0.3,4055071608,test_only,False,low,True,ok,,0.32625272331154687,0.5767871292578638,1.8440443950306087,1.0291807726988487,0.1862920014300759,0.8231680914221612,0.18193140327972987,0.101414363156809,0.48500233516328095,-0.6809585550388232,-0.09519922835868544,4282,catboost_tuned,0.19649911091387212,True,utility_gap;ece;nll,,1337
first-order-theorem-proving,lightgbm_tuned,gbdt,covariate_shift,0.4,1865678230,test_only,False,low,True,ok,,0.2957516339869281,0.555937992741653,1.690508205290079,0.9434905936444705,0.07967912255821248,0.795508992810679,0.11738264326585396,0.07257693962803753,0.568315215662749,-0.5814725895380528,-0.06004196004736584,4282,catboost_tuned,0.19649911091387212,True,utility_gap;nll,,1337
first-order-theorem-proving,xgboost_tuned,gbdt,covariate_shift,0.0,3408534121,test_only,False,high,True,ok,,0.5985838779956427,0.8364772984618121,1.1118047311896648,0.6205100351269048,0.030171348222998166,0.5301534640344637,0.03133860285812105,0.023603571994442994,1.0547081663574012,-0.10204785858497661,0.19036735597830953,4282,catboost_tuned,0.19649911091387212,False,,,1337
first-order-theorem-proving,xgboost_tuned,gbdt,covariate_shift,0.05,2278993883,test_only,False,low,True,ok,,0.46078431372549017,0.6789392460482239,1.4730962217612038,0.8221506552974206,0.09053879236013619,0.7032973756087076,0.09609647220553616,0.04567424984473195,0.7206145790402384,-0.19379408997318662,0.041993428114448436,4282,catboost_tuned,0.19649911091387212,True,utility_gap;nll,,1337
first-order-theorem-proving,xgboost_tuned,gbdt,covariate_shift,0.1,192104535,test_only,False,low,True,ok,,0.43137254901960786,0.5890181943220308,1.6148286889412555,0.9012530513579333,0.09422376725281435,0.7454964388618759,0.10649778097321495,0.048187702837429645,0.5605671050426365,-0.24255471612029098,-0.018358418492290876,4282,catboost_tuned,0.19649911091387212,True,utility_gap;nll,,1337
first-order-theorem-proving,xgboost_tuned,gbdt,covariate_shift,0.2,2988961801,test_only,False,low,True,ok,,0.3687363834422658,0.5514599006647495,1.7743600716796253,0.9902892113326317,0.15776036117131992,0.808398042691664,0.16468055163167253,0.08274460250963976,0.13203120185735795,-0.5354589331312243,-0.08031741288505131,4282,catboost_tuned,0.19649911091387212,True,utility_gap;ece;nll,,1337
first-order-theorem-proving,xgboost_tuned,gbdt,covariate_shift,0.3,4055071608,test_only,False,low,True,ok,,0.3093681917211329,0.539941711502043,1.9004624971097983,1.0606683149990974,0.22571203646588078,0.8613586879949412,0.2257120364658808,0.10448952113542494,0.24775664765952793,-0.8426555706733921,-0.12795807400902043,4282,catboost_tuned,0.19649911091387212,True,utility_gap;ece;nll,,1337
first-order-theorem-proving,xgboost_tuned,gbdt,covariate_shift,0.4,1865678230,test_only,False,low,True,ok,,0.27723311546840956,0.5289959647308322,1.9184204967545162,1.070690865432418,0.25037807493053915,0.8730977173164455,0.25838980279345325,0.11576328231163398,0.3569552507810667,-1.0069954037591866,-0.14454931963978054,4282,catboost_tuned,0.19649911091387212,True,utility_gap;ece;nll,,1337
first-order-theorem-proving,catboost_tuned,gbdt,label_noise,0.0,1524096981,train_only,False,high,True,ok,,0.6040305010893247,0.8406341498564595,1.0961528984621394,0.6117745809566704,0.02397521206143132,0.5240988247169964,0.03179897521936419,0.02009321893916938,1.0676554755292667,-0.06586417833656961,0.19649911091387212,4282,catboost_tuned,0.19649911091387212,False,,,1337
first-order-theorem-proving,catboost_tuned,gbdt,label_noise,0.05,2279285858,train_only,False,high,True,ok,,0.5974945533769063,0.8338137524861479,1.118633287434235,0.6243211249310024,0.03983315156592408,0.5331898136817943,0.043448793996905266,0.020704585464956834,1.2068632379558035,0.06530681006148839,0.18619602858420214,4282,catboost_tuned,0.19649911091387212,False,,,1337
first-order-theorem-proving,catboost_tuned,gbdt,label_noise,0.1,3867469777,train_only,False,high,True,ok,,0.5718954248366013,0.8205872198156755,1.188138787496235,0.663112883119363,0.07979180209407012,0.5671345314121096,0.08672115004199188,0.033708097243790626,1.3923201699369052,0.42455646145827347,0.15809761530635366,4282,catboost_tuned,0.19649911091387212,True,utility_gap,,1337
first-order-theorem-proving,catboost_tuned,gbdt,label_noise,0.2,2394217885,train_only,False,high,True,ok,,0.5631808278867102,0.8042749878402095,1.2470988582538864,0.6960191251514216,0.11328197379781298,0.590810056434023,0.113281973797813,0.04337773530029725,1.4776271150420344,0.6595670835663392,0.13451123762209072,4282,catboost_tuned,0.19649911091387212,True,utility_gap;ece,,1337
first-order-theorem-proving,catboost_tuned,gbdt,label_noise,0.3,2686248714,train_only,False,high,True,ok,,0.5528322440087146,0.7870382826390552,1.3396357348787453,0.7476649393436171,0.17461447723666565,0.6336898073492218,0.17291854634648135,0.061608895287985826,1.840993047000589,1.244685875369534,0.0991658582745582,4282,catboost_tuned,0.19649911091387212,True,utility_gap;ece,,1337
first-order-theorem-proving,catboost_tuned,gbdt,label_noise,0.4,319721771,train_only,False,high,True,ok,,0.5326797385620915,0.7742121261458342,1.3943594776326853,0.7782068416992478,0.1886966905500277,0.6631118827712937,0.1886966905500277,0.06428676939803933,2.2331174985286295,1.7082706230115057,0.07967481431557583,4282,catboost_tuned,0.19649911091387212,True,utility_gap;ece;nll,,1337
first-order-theorem-proving,gbdt_ensemble,gbdt,label_noise,0.0,1524096981,train_only,False,high,True,ok,,0.6072984749455338,0.8407845497840896,1.0947092379551029,0.6109688586865609,0.02068692368822504,0.5223481732141008,0.025484199893247652,0.019964813396417806,1.0566889941877577,-0.06002021905823796,0.19794132132264813,4282,catboost_tuned,0.19649911091387212,False,,,1337
first-order-theorem-proving,gbdt_ensemble,gbdt,label_noise,0.05,2279285858,train_only,False,high,True,ok,,0.6045751633986928,0.8341128445297866,1.1174346322643034,0.623652142743093,0.04112292808993434,0.5322801595107737,0.040657949145674145,0.02030361774700555,1.1785718233409725,0.0771486460970105,0.18730554165431448,4282,catboost_tuned,0.19649911091387212,False,,,1337
first-order-theorem-proving,gbdt_ensemble,gbdt,label_noise,0.1,3867469777,train_only,False,high,True,ok,,0.5974945533769063,0.8302938245422137,1.131169626851531,0.6313177891778485,0.039091237698845434,0.5417249535082541,0.05304107221283236,0.021207126378682436,1.1770567134183976,0.15458196952180636,0.1830134373031871,4282,catboost_tuned,0.19649911091387212,False,,,1337
first-order-theorem-proving,gbdt_ensemble,gbdt,label_noise,0.2,2394217885,train_only,False,high,True,ok,,0.5686274509803921,0.8083806945810644,1.1993084787965818,0.6693468065293835,0.057954470360049366,0.5699628863914746,0.0745261596379301,0.03206214327883678,1.358376181040476,0.2908142720470121,0.1558324247196064,4282,catboost_tuned,0.19649911091387212,True,utility_gap,,1337
first-order-theorem-proving,gbdt_ensemble,gbdt,label_noise,0.3,2686248714,train_only,False,high,True,ok,,0.5620915032679739,0.797419020532871,1.2443028181453042,0.6944586254545584,0.10375605146222384,0.5895679310751456,0.10357252212287939,0.042944255139944064,1.5992762567629235,0.566611912227263,0.13432158474788863,4282,catboost_tuned,0.19649911091387212,True,utility_gap;ece,,1337
first-order-theorem-proving,gbdt_ensemble,gbdt,label_noise,0.4,319721771,train_only,False,high,True,ok,,0.5185185185185185,0.7655900551478664,1.3374184435189416,0.7464274454735503,0.09474263164444882,0.6340096542884323,0.10050687393231049,0.04646410903602769,1.7546736301314663,0.6739286955233469,0.10285753710857615,4282,catboost_tuned,0.19649911091387212,True,utility_gap,,1337
first-order-theorem-proving,lightgbm,gbdt,label_noise,0.0,1524096981,train_only,False,high,True,ok,,0.6111111111111112,0.8358416715705271,1.2065376309144857,0.6733814731473412,0.11857869188661858,0.5468530210454711,0.11742814612018145,0.047948585756686916,0.7570566001875288,-0.479845009247896,0.15848107139482512,4282,catboost_tuned,0.19649911091387212,True,utility_gap;ece,,1337
first-order-theorem-proving,lightgbm,gbdt,label_noise,0.05,2279285858,train_only,False,high,True,ok,,0.5985838779956427,0.8260507751233349,1.198844486599431,0.6690878475535168,0.09934331633634796,0.5500152532732285,0.09934287835246376,0.04147135137335598,0.8966953956599026,-0.47453243071932305,0.15831033545918896,4282,catboost_tuned,0.19649911091387212,True,utility_gap,,1337
first-order-theorem-proving,lightgbm,gbdt,label_noise,0.1,3867469777,train_only,False,high,True,ok,,0.5876906318082789,0.8139004186556255,1.21986255017836,0.6808182521864468,0.0835658434993924,0.5632472273695107,0.08356584349939249,0.03807628640960275,0.8672744249685602,-0.35861307768169837,0.15206009694489817,4282,catboost_tuned,0.19649911091387212,True,utility_gap,,1337
first-order-theorem-proving,lightgbm,gbdt,label_noise,0.2,2394217885,train_only,False,high,True,ok,,0.5495642701525054,0.7919326918307297,1.2656575335653228,0.7063769190574486,0.060772828038042334,0.5965911337889718,0.06077282803804232,0.0381663158531401,0.9311644683432215,-0.26994898462844047,0.13554344133878812,4282,catboost_tuned,0.19649911091387212,True,utility_gap,,1337
first-order-theorem-proving,lightgbm,gbdt,label_noise,0.3,2686248714,train_only,False,high,True,ok,,0.539760348583878,0.761911812759846,1.3410337823566203,0.7484452044974423,0.03693117633032246,0.625978129536897,0.042222331546899944,0.04380249290988644,0.81893417812501,-0.0735553187154807,0.11571339013823059,4282,catboost_tuned,0.19649911091387212,True,utility_gap,,1337
first-order-theorem-proving,lightgbm,gbdt,label_noise,0.4,319721771,train_only,False,high,True,ok,,0.4874727668845316,0.7423070203206795,1.420060529314157,0.7925508717562201,0.03171017406576005,0.6671344805890347,0.04855137631546911,0.05233517857225084,0.8327050235470389,-0.13249351972677506,0.08882107580489954,4282,catboost_tuned,0.19649911091387212,True,utility_gap;nll,,1337
first-order-theorem-proving,lightgbm_tuned,gbdt,label_noise,0.0,1524096981,train_only,False,high,True,ok,,0.6127450980392157,0.8362879510054403,1.1220255289991856,0.6262143709962301,0.04100828246679061,0.5288311383996049,0.04005299187708623,0.029216333363618268,0.9164591712897276,-0.1607495976858582,0.1885465797655593,4282,catboost_tuned,0.19649911091387212,False,,,1337
first-order-theorem-proving,lightgbm_tuned,gbdt,label_noise,0.05,2279285858,train_only,False,high,True,ok,,0.5669934640522876,0.8153885793962526,1.187173831968897,0.6625743311854062,0.05418089554673891,0.5654135428383947,0.057647100446313874,0.025735526193459247,1.2958888608627464,0.2117850419508441,0.1608265439315619,4282,catboost_tuned,0.19649911091387212,True,utility_gap,,1337
first-order-theorem-proving,lightgbm_tuned,gbdt,label_noise,0.1,3867469777,train_only,False,high,True,ok,,0.5697167755991286,0.8096380714997528,1.2104204817261495,0.6755485334466438,0.06901829242679185,0.5763990926582819,0.06894976841468207,0.028745517176082574,1.287048910723312,0.35571651816078936,0.15236262284543123,4282,catboost_tuned,0.19649911091387212,True,utility_gap,,1337
first-order-theorem-proving,lightgbm_tuned,gbdt,label_noise,0.2,2394217885,train_only,False,high,True,ok,,0.5615468409586056,0.7956824590908931,1.25578205174926,0.7008653077135902,0.10048216636473611,0.5942768139685253,0.1004821663647361,0.03850875278314352,1.4181080288878813,0.5586794005170828,0.1323648612385791,4282,catboost_tuned,0.19649911091387212,True,utility_gap;ece,,1337
first-order-theorem-proving,lightgbm_tuned,gbdt,label_noise,0.3,2686248714,train_only,False,high,True,ok,,0.5473856209150327,0.7725740575779314,1.3217257445733541,0.7376691834327485,0.13941234033593752,0.623409027166847,0.1368002764396635,0.05017852895716037,1.727256105405255,0.9202834037887653,0.10332554019251883,4282,catboost_tuned,0.19649911091387212,True,utility_gap;ece,,1337
first-order-theorem-proving,lightgbm_tuned,gbdt,label_noise,0.4,319721771,train_only,False,high,True,ok,,0.5185185185185185,0.7663825562524669,1.3726510432990289,0.7660911338118442,0.1467078449159232,0.6529693678495458,0.14694673110680107,0.057013428101462794,2.0529711130490016,1.2502903054764105,0.08684276333940326,4282,catboost_tuned,0.19649911091387212,True,utility_gap;ece;nll,,1337
first-order-theorem-proving,xgboost_tuned,gbdt,label_noise,0.0,1524096981,train_only,False,high,True,ok,,0.5985838779956427,0.8364772984618121,1.1118047311896648,0.6205100351269048,0.030171348222998166,0.5301534640344637,0.03133860285812105,0.023603571994442994,1.0547081663574012,-0.10204785858497661,0.19036735597830953,4282,catboost_tuned,0.19649911091387212,False,,,1337
first-order-theorem-proving,xgboost_tuned,gbdt,label_noise,0.05,2279285858,train_only,False,high,True,ok,,0.590958605664488,0.8281865483843524,1.1355449939157347,0.633759728031443,0.034805728629938505,0.5395545265260456,0.04810000861851362,0.017291988632931837,1.1546676466841213,0.009125150970515434,0.1814200186487759,4282,catboost_tuned,0.19649911091387212,False,,,1337
first-order-theorem-proving,xgboost_tuned,gbdt,label_noise,0.1,3867469777,train_only,False,high,True,ok,,0.5996732026143791,0.8227562791996185,1.1526382447960735,0.6432996529900665,0.03915679466659108,0.5480137129887033,0.05068764265043561,0.022532637746166834,1.1017616586631165,0.1585427731691515,0.17709442328168515,4282,catboost_tuned,0.19649911091387212,False,,,1337
first-order-theorem-proving,xgboost_tuned,gbdt,label_noise,0.2,2394217885,train_only,False,high,True,ok,,0.5484749455337691,0.7882792936139792,1.2907111423544206,0.7203596043561018,0.11482216417822268,0.6106322172222378,0.1148221641782227,0.0443596138981418,1.4833561437883405,0.6849502632799227,0.11909668045248298,4282,catboost_tuned,0.19649911091387212,True,utility_gap;ece,,1337
first-order-theorem-proving,xgboost_tuned,gbdt,label_noise,0.3,2686248714,train_only,False,high,True,ok,,0.528322440087146,0.7719368638792927,1.3514602959722937,0.7542643525442309,0.1413314995595007,0.6385239373462125,0.1423412341527942,0.055119931974339974,1.9574750079183714,1.130053955044493,0.09488066269565493,4282,catboost_tuned,0.19649911091387212,True,utility_gap;ece;nll,,1337
first-order-theorem-proving,xgboost_tuned,gbdt,label_noise,0.4,319721771,train_only,False,high,True,ok,,0.5223311546840959,0.7654689904973124,1.3927157778000552,0.7772894753557965,0.1699737470095841,0.6622978223785532,0.1705519090645224,0.059931753044403124,2.219591228656096,1.542550272515363,0.07908222786801794,4282,catboost_tuned,0.19649911091387212,True,utility_gap;ece;nll,,1337
ilpd,catboost_tuned,gbdt,covariate_shift,0.0,2176554461,test_only,True,medium,True,ok,,0.7257142857142858,0.7660799999999999,0.49151233170548103,0.7091024034872687,0.08310237415770126,0.3397584344885566,0.11169917140687777,0.08706641676595382,1.234950340383672,-0.2834357683314457,0.14763394697942195,408,catboost_tuned,0.14763394697942195,False,,,1337
ilpd,catboost_tuned,gbdt,covariate_shift,0.05,1321729287,test_only,True,low,True,ok,,0.72,0.79392,0.4985023993972415,0.7191869394816497,0.11140850680200322,0.34440689624315424,0.11360317864366379,0.11009978338560424,1.1769871500543359,-0.7888013811017783,0.1478342167951044,408,catboost_tuned,0.14763394697942195,True,ece,,1337
ilpd,catboost_tuned,gbdt,covariate_shift,0.1,2616447351,test_only,True,low,True,ok,,0.7142857142857143,0.78816,0.6145667244262546,0.8866323656251317,0.1765547617223087,0.4216512280174015,0.18993329459215058,0.17655476172230866,1.4723325882958913,-2.24086634159054,0.08169819511085591,408,catboost_tuned,0.14763394697942195,True,utility_gap;ece;nll,,1337
ilpd,catboost_tuned,gbdt,covariate_shift,0.2,2128243163,test_only,True,low,True,ok,,0.7142857142857143,0.65552,0.8799728469182989,1.2695324623659727,0.23855268490489534,0.512105334779623,0.24234584264451917,0.23855268490489528,1.0213055482758004,-2.2416420465849973,-0.09199541854791374,408,catboost_tuned,0.14763394697942195,True,utility_gap;ece;nll,,1337
ilpd,catboost_tuned,gbdt,covariate_shift,0.3,360136962,test_only,True,low,True,ok,,0.7142857142857143,0.66736,0.8986774340688028,1.2965174774898802,0.24326328036317824,0.5181365370159428,0.24663525520295232,0.2432632803631783,1.245089486328855,-3.0250920110221395,-0.09688904217674262,408,catboost_tuned,0.14763394697942195,True,utility_gap;ece;nll,,1337
ilpd,catboost_tuned,gbdt,covariate_shift,0.4,2749792471,test_only,True,low,True,ok,,0.7142857142857143,0.6722400000000001,0.9060897255241857,1.3072111536141846,0.2454062269255614,0.5191507073305079,0.2483171443463916,0.24540622692556138,1.3167330162165944,-3.3193283938187723,-0.09881773432651049,408,catboost_tuned,0.14763394697942195,True,utility_gap;ece;nll,,1337
ilpd,gbdt_ensemble,gbdt,covariate_shift,0.0,2176554461,test_only,True,medium,True,ok,,0.7428571428571429,0.7752,0.49140157216650404,0.7089426112496555,0.06545657238403615,0.33934522820427226,0.1108501779389379,0.0689739237683227,0.9883102418927678,-0.03685155770923268,0.15697447357686756,408,catboost_tuned,0.14763394697942195,False,,,1337
ilpd,gbdt_ensemble,gbdt,covariate_shift,0.05,1321729287,test_only,True,low,True,ok,,0.7085714285714285,0.7913600000000001,0.4990529892165319,0.719981272683504,0.11106029920407973,0.34690257663835145,0.11029842841076257,0.11269246752910428,1.2192091165806542,-0.8896129122818227,0.14505527263984713,408,catboost_tuned,0.14763394697942195,True,ece,,1337
ilpd,gbdt_ensemble,gbdt,covariate_shift,0.1,2616447351,test_only,True,low,True,ok,,0.7142857142857143,0.77584,0.6601623194668055,0.9524129044765159,0.19779127813226038,0.4403477381046038,0.19826568208949727,0.19779127813226038,1.290151856219621,-2.115621482550437,0.05340473017345023,408,catboost_tuned,0.14763394697942195,True,utility_gap;ece;nll,,1337
ilpd,gbdt_ensemble,gbdt,covariate_shift,0.2,2128243163,test_only,True,low,True,ok,,0.7142857142857143,0.61424,0.9314038544125693,1.34373172182588,0.243858049834627,0.5213107043852452,0.24385804983462706,0.243858049834627,0.734809450072865,-1.4632616579896212,-0.12976426937183225,408,catboost_tuned,0.14763394697942195,True,utility_gap;ece;nll,,1337
ilpd,gbdt_ensemble,gbdt,covariate_shift,0.3,360136962,test_only,True,low,True,ok,,0.7142857142857143,0.6072,0.9626813255023073,1.3888555742585929,0.24855776177566358,0.5284968925194505,0.2520758045273626,0.24855776177566358,0.7312877425265921,-1.533169289733312,-0.14670536748985344,408,catboost_tuned,0.14763394697942195,True,utility_gap;ece;nll,,1337
ilpd,gbdt_ensemble,gbdt,covariate_shift,0.4,2749792471,test_only,True,low,True,ok,,0.7142857142857143,0.59904,0.9738433914069482,1.404959031385294,0.2500056651248614,0.5301934110693411,0.25290451685187954,0.25000566512486133,0.7042508934142976,-1.481697710077823,-0.15468198529770333,408,catboost_tuned,0.14763394697942195,True,utility_gap;ece;nll,,1337
ilpd,lightgbm,gbdt,covariate_shift,0.0,2176554461,test_only,True,medium,True,ok,,0.7028571428571428,0.73056,0.6952820040275628,1.0030798992299053,0.17254958554025832,0.4278721682663916,0.1641188520956887,0.18574264709797794,0.4606250133471906,-0.2790900903466224,0.025690684551548174,408,catboost_tuned,0.14763394697942195,True,utility_gap;ece;nll,,1337
ilpd,lightgbm,gbdt,covariate_shift,0.05,1321729287,test_only,True,low,True,ok,,0.72,0.75152,0.6968226472590883,1.0053025775798061,0.16299080360509305,0.40313676157392203,0.1697394331966606,0.1781361991212375,0.46552357409213424,-0.35973139176456675,0.03684306600503951,408,catboost_tuned,0.14763394697942195,True,utility_gap;ece;nll,,1337
ilpd,lightgbm,gbdt,covariate_shift,0.1,2616447351,test_only,True,low,True,ok,,0.7257142857142858,0.62576,1.0624337297046809,1.5327678731181085,0.21372689049075927,0.4739185224734512,0.21243183086595632,0.21403959656588006,0.18776483855776332,0.2160096853798673,-0.17470259717644152,408,catboost_tuned,0.14763394697942195,True,utility_gap;ece;nll,,1337
ilpd,lightgbm,gbdt,covariate_shift,0.2,2128243163,test_only,True,low,True,ok,,0.7142857142857143,0.53552,1.533698925595087,2.2126598341727632,0.2757747080965784,0.5565305585321824,0.27006951239833715,0.27577470809657834,0.05642372757443519,0.6120106655420563,-0.4243780347282875,408,catboost_tuned,0.14763394697942195,True,utility_gap;ece;nll,,1337
ilpd,lightgbm,gbdt,covariate_shift,0.3,360136962,test_only,True,low,True,ok,,0.7142857142857143,0.5439200000000001,1.5468626842148052,2.23165112345289,0.2774662341686269,0.5581821939369731,0.27552230547312945,0.2774662341686269,0.11871357321813886,0.26100087559403595,-0.4274737267267352,408,catboost_tuned,0.14763394697942195,True,utility_gap;ece;nll,,1337
ilpd,lightgbm,gbdt,covariate_shift,0.4,2749792471,test_only,True,low,True,ok,,0.7142857142857143,0.57584,1.443654989452553,2.082753894037807,0.27574611190830095,0.556638600457286,0.27257152283327707,0.2757461119083009,0.19032710420856458,-0.07947976928525127,-0.37128853345014523,408,catboost_tuned,0.14763394697942195,True,utility_gap;ece;nll,,1337
ilpd,lightgbm_tuned,gbdt,covariate_shift,0.0,2176554461,test_only,True,medium,True,ok,,0.7028571428571428,0.72656,0.5469668470670098,0.7891063577942472,0.10339975850254288,0.3760192119885921,0.10891449424418449,0.13306130932558816,0.8644836398525151,-0.34526255164435726,0.10231271238978867,408,catboost_tuned,0.14763394697942195,True,utility_gap;ece;nll,,1337
ilpd,lightgbm_tuned,gbdt,covariate_shift,0.05,1321729287,test_only,True,low,True,ok,,0.7142857142857143,0.77216,0.5173156688227694,0.7463287499847667,0.10192500011444362,0.35083020904915935,0.10263150859688534,0.10541930214862216,0.9656398350442006,-0.5612901048985373,0.13311523212453835,408,catboost_tuned,0.14763394697942195,True,ece,,1337
ilpd,lightgbm_tuned,gbdt,covariate_shift,0.1,2616447351,test_only,True,low,True,ok,,0.72,0.7212,0.6777375189551942,0.9777685576210485,0.17403514442789636,0.42400221454059617,0.17590361841154542,0.1764334000322112,0.6994557500667415,-0.7614591564462396,0.03228240382810612,408,catboost_tuned,0.14763394697942195,True,utility_gap;ece;nll,,1337
ilpd,lightgbm_tuned,gbdt,covariate_shift,0.2,2128243163,test_only,True,low,True,ok,,0.7142857142857143,0.46224000000000004,1.1247523957502945,1.6226747035769307,0.255971356859579,0.5404269471653026,0.2612250956173973,0.25597135685957906,-0.17490763861376063,1.574704905699698,-0.26906982530213785,408,catboost_tuned,0.14763394697942195,True,utility_gap;ece;nll,,1337
ilpd,lightgbm_tuned,gbdt,covariate_shift,0.3,360136962,test_only,True,low,True,ok,,0.7142857142857143,0.51568,1.0682712518004671,1.541189637296779,0.25443291470502855,0.5358609400439425,0.25443291470502855,0.25443291470502855,0.14311601448443972,0.3912771896446807,-0.22561261698718224,408,catboost_tuned,0.14763394697942195,True,utility_gap;ece;nll,,1337
ilpd,lightgbm_tuned,gbdt,covariate_shift,0.4,2749792471,test_only,True,low,True,ok,,0.7142857142857143,0.5112,1.064785210070017,1.5361603421799268,0.2565708213600497,0.5382462356603136,0.2547316893221572,0.2565708213600497,0.17889545659266037,0.2607692770815656,-0.22609940978313084,408,catboost_tuned,0.14763394697942195,True,utility_gap;ece;nll,,1337
ilpd,xgboost_tuned,gbdt,covariate_shift,0.0,2176554461,test_only,True,medium,True,ok,,0.7257142857142858,0.75152,0.5144967131693086,0.7422618566430329,0.09921839632187404,0.3567283238284005,0.10993036867732825,0.11559809483152708,0.8501657988609294,-0.1340147442185085,0.1293669065998582,408,catboost_tuned,0.14763394697942195,False,,,1337
ilpd,xgboost_tuned,gbdt,covariate_shift,0.05,1321729287,test_only,True,low,True,ok,,0.7142857142857143,0.7664,0.5162107872359595,0.7447347427987066,0.10040589700877377,0.3557657200415235,0.1041132485912878,0.1085699382212493,0.9328851705343245,-0.500983416188615,0.1318812549014904,408,catboost_tuned,0.14763394697942195,True,ece,,1337
ilpd,xgboost_tuned,gbdt,covariate_shift,0.1,2616447351,test_only,True,low,True,ok,,0.7257142857142858,0.73152,0.6716822312201971,0.9690326240346124,0.17314251525219318,0.4289925426095555,0.1745662573825613,0.17518799340171165,0.6526293868428379,-0.6121759624418172,0.03955085259632051,408,catboost_tuned,0.14763394697942195,True,utility_gap;ece;nll,,1337
ilpd,xgboost_tuned,gbdt,covariate_shift,0.2,2128243163,test_only,True,low,True,ok,,0.7142857142857143,0.5108,1.099272563467279,1.585915075899542,0.2579270496865246,0.539659945867664,0.2557640920899981,0.2579270496865246,0.06351008348896538,0.67758116232569,-0.24143707556431032,408,catboost_tuned,0.14763394697942195,True,utility_gap;ece;nll,,1337
ilpd,xgboost_tuned,gbdt,covariate_shift,0.3,360136962,test_only,True,low,True,ok,,0.7142857142857143,0.5544800000000001,1.014032787017818,1.4629400731294206,0.248786610574837,0.5315357313140581,0.2473825969476666,0.248786610574837,0.2320915956701827,0.10474627569228441,-0.18742848691093644,408,catboost_tuned,0.14763394697942195,True,utility_gap;ece;nll,,1337
ilpd,xgboost_tuned,gbdt,covariate_shift,0.4,2749792471,test_only,True,low,True,ok,,0.7142857142857143,0.66728,0.8989440578352063,1.2969021342754536,0.23903372592224664,0.5096776275125696,0.24108213881540666,0.23903372592224667,0.7155840731582048,-1.4115908162173452,-0.0961865283242283,408,catboost_tuned,0.14763394697942195,True,utility_gap;ece;nll,,1337
ilpd,catboost_tuned,gbdt,label_noise,0.0,1663754236,train_only,True,medium,True,ok,,0.7257142857142858,0.7660799999999999,0.49151233170548103,0.7091024034872687,0.08310237415770126,0.3397584344885566,0.11169917140687777,0.08706641676595382,1.234950340383672,-0.2834357683314457,0.14763394697942195,408,catboost_tuned,0.14763394697942195,False,,,1337
ilpd,catboost_tuned,gbdt,label_noise,0.05,1123155166,train_only,True,medium,True,ok,,0.7314285714285714,0.78432,0.4895073281530186,0.7062097948051664,0.06852847265283551,0.3320677014975418,0.07615848356669028,0.08492343099508437,1.587352668940666,-0.2631030343944289,0.15865765274216864,408,catboost_tuned,0.14763394697942195,False,,,1337
ilpd,catboost_tuned,gbdt,label_noise,0.1,1636455668,train_only,True,medium,True,ok,,0.6628571428571428,0.73456,0.5343209988550045,0.7708622552909525,0.10249585933906329,0.3629857732342861,0.12026366008198489,0.0954963445066841,2.310967354185968,-0.9223897620760589,0.104766722973473,408,catboost_tuned,0.14763394697942195,True,utility_gap;ece;nll,,1337
ilpd,catboost_tuned,gbdt,label_noise,0.2,938216023,train_only,True,medium,True,ok,,0.7257142857142858,0.70896,0.550704332852254,0.7944984100020118,0.10398865975792705,0.3736693167073685,0.15692743355064787,0.10261946736533306,1.5701327089878019,0.0880875221686978,0.09784588790495391,408,catboost_tuned,0.14763394697942195,True,utility_gap;ece;nll,,1337
ilpd,catboost_tuned,gbdt,label_noise,0.3,1531420365,train_only,True,medium,True,ok,,0.6742857142857143,0.64208,0.622001724460735,0.8973588033038858,0.053103444985317355,0.4325329825262318,0.131062536984331,0.13526296161193013,0.879429321981574,0.28545379024718887,0.04604252715462793,408,catboost_tuned,0.14763394697942195,True,utility_gap;nll,,1337
ilpd,catboost_tuned,gbdt,label_noise,0.4,995240719,train_only,True,medium,True,ok,,0.6457142857142857,0.5875199999999999,0.6361265928878705,0.9177366809369234,0.06257043343554348,0.44441690091858715,0.09900863842550787,0.150343178968475,1.1194459998695798,0.08120331232416134,0.014654051888957062,408,catboost_tuned,0.14763394697942195,True,utility_gap;nll,,1337
ilpd,gbdt_ensemble,gbdt,label_noise,0.0,1663754236,train_only,True,medium,True,ok,,0.7428571428571429,0.7752,0.49140157216650404,0.7089426112496555,0.06545657238403615,0.33934522820427226,0.1108501779389379,0.0689739237683227,0.9883102418927678,-0.03685155770923268,0.15697447357686756,408,catboost_tuned,0.14763394697942195,False,,,1337
ilpd,gbdt_ensemble,gbdt,label_noise,0.05,1123155166,train_only,True,medium,True,ok,,0.7371428571428571,0.7696,0.4955733613977749,0.714961230885244,0.0636706756328132,0.33806401756691157,0.07787880915452369,0.055609577696353385,1.2320401021281175,-0.08293686170280945,0.15270892417929272,408,catboost_tuned,0.14763394697942195,False,,,1337
ilpd,gbdt_ensemble,gbdt,label_noise,0.1,1636455668,train_only,True,medium,True,ok,,0.6914285714285714,0.7334400000000001,0.5334690343720379,0.769633130356363,0.07442873944377765,0.36298767868531934,0.1229894605886654,0.08526233981928896,1.7395266472776276,-0.5837066558650685,0.1146425987186213,408,catboost_tuned,0.14763394697942195,True,utility_gap;nll,,1337
ilpd,gbdt_ensemble,gbdt,label_noise,0.2,938216023,train_only,True,medium,True,ok,,0.68,0.69232,0.5500297301011021,0.793525163958355,0.06773656881508454,0.3759119691930429,0.09599949032420987,0.109261885138751,1.7396612839725272,-0.38142879725931417,0.09270713704947661,408,catboost_tuned,0.14763394697942195,True,utility_gap;nll,,1337
ilpd,gbdt_ensemble,gbdt,label_noise,0.3,1531420365,train_only,True,medium,True,ok,,0.6914285714285714,0.65456,0.6031101037724407,0.8701039558225283,0.06369674431114071,0.4171178533539357,0.12257889941423589,0.12805215794778865,0.9850594924373911,0.2506112752622429,0.059039750105299126,408,catboost_tuned,0.14763394697942195,True,utility_gap;nll,,1337
ilpd,gbdt_ensemble,gbdt,label_noise,0.4,995240719,train_only,True,medium,True,ok,,0.64,0.57824,0.6596587361909048,0.9516863873816993,0.04803406729612643,0.46275293150461666,0.11766343149412446,0.16233163678357787,0.36255657054413376,0.35453413362552577,0.0032712703262649263,408,catboost_tuned,0.14763394697942195,True,utility_gap;nll,,1337
ilpd,lightgbm,gbdt,label_noise,0.0,1663754236,train_only,True,medium,True,ok,,0.7028571428571428,0.73056,0.6952820040275628,1.0030798992299053,0.17254958554025832,0.4278721682663916,0.1641188520956887,0.18574264709797794,0.4606250133471906,-0.2790900903466224,0.025690684551548174,408,catboost_tuned,0.14763394697942195,True,utility_gap;ece;nll,,1337
ilpd,lightgbm,gbdt,label_noise,0.05,1123155166,train_only,True,medium,True,ok,,0.7028571428571428,0.74416,0.6057595438299189,0.8739262898545848,0.15801517414195115,0.4055656480338926,0.1529979193585749,0.16238933661144306,0.6232562795995293,-0.3699325398704132,0.07210364964380582,408,catboost_tuned,0.14763394697942195,True,utility_gap;ece;nll,,1337
ilpd,lightgbm,gbdt,label_noise,0.1,1636455668,train_only,True,medium,True,ok,,0.6571428571428571,0.64432,0.7422647817708935,1.0708617196873966,0.20750456880916396,0.4844432588649296,0.18235756779695436,0.22279070825540592,0.41272932422958936,-0.141951411010213,-0.03867600109662317,408,catboost_tuned,0.14763394697942195,True,utility_gap;ece;nll,,1337
ilpd,lightgbm,gbdt,label_noise,0.2,938216023,train_only,True,medium,True,ok,,0.6685714285714286,0.64784,0.6750752624307574,0.9739277333356693,0.12650480234804848,0.45112987136985955,0.1430310105600389,0.18169554146466363,0.5079868242718237,-0.10975403504869566,0.009550433815403797,408,catboost_tuned,0.14763394697942195,True,utility_gap;ece;nll,,1337
ilpd,lightgbm,gbdt,label_noise,0.3,1531420365,train_only,True,medium,True,ok,,0.6,0.62976,0.7472314376249531,1.0780270894578508,0.1802915747285972,0.5036811565153315,0.18170506421294574,0.22112325765304386,0.5626393357136078,-0.4213250540989927,-0.049050441783074675,408,catboost_tuned,0.14763394697942195,True,utility_gap;ece;nll,,1337
ilpd,lightgbm,gbdt,label_noise,0.4,995240719,train_only,True,medium,True,ok,,0.5942857142857143,0.58864,0.8751472882560052,1.262570652814363,0.19421973955619565,0.5531176054449473,0.19519323045174214,0.2484226213914124,0.11748805990990038,0.19449722664082528,-0.12244828661269086,408,catboost_tuned,0.14763394697942195,True,utility_gap;ece;nll,,1337
ilpd,lightgbm_tuned,gbdt,label_noise,0.0,1663754236,train_only,True,medium,True,ok,,0.7028571428571428,0.72656,0.5469668470670098,0.7891063577942472,0.10339975850254288,0.3760192119885921,0.10891449424418449,0.13306130932558816,0.8644836398525151,-0.34526255164435726,0.10231271238978867,408,catboost_tuned,0.14763394697942195,True,utility_gap;ece;nll,,1337
ilpd,lightgbm_tuned,gbdt,label_noise,0.05,1123155166,train_only,True,medium,True,ok,,0.7142857142857143,0.72592,0.5382290239786964,0.7765003437565723,0.0924628711982039,0.37259472168463803,0.08390979354922647,0.1281280683487658,0.8878595044772598,-0.09481341027456806,0.10977217977624466,408,catboost_tuned,0.14763394697942195,True,utility_gap;nll,,1337
ilpd,lightgbm_tuned,gbdt,label_noise,0.1,1636455668,train_only,True,medium,True,ok,,0.6685714285714286,0.67728,0.577425297880311,0.8330486137357572,0.11160161177810833,0.40219467901228395,0.09245000210952808,0.1149547514882113,1.010118088761687,-0.31352111967272767,0.06509880780936542,408,catboost_tuned,0.14763394697942195,True,utility_gap;ece;nll,,1337
ilpd,lightgbm_tuned,gbdt,label_noise,0.2,938216023,train_only,True,medium,True,ok,,0.6742857142857143,0.67744,0.5798949998344535,0.8366116404974723,0.031348443581390315,0.40022139342749774,0.13065279300816732,0.10356871916467897,1.1386149853596463,-0.17905973583209142,0.08099367627733742,408,catboost_tuned,0.14763394697942195,True,utility_gap;nll,,1337
ilpd,lightgbm_tuned,gbdt,label_noise,0.3,1531420365,train_only,True,medium,True,ok,,0.6057142857142858,0.5883199999999998,0.6525039641328302,0.9413642332148242,0.06354423572907418,0.4596305104999671,0.10714843671415948,0.13898901551162274,0.9226262590273122,-0.2396828048708664,0.001651025746880688,408,catboost_tuned,0.14763394697942195,True,utility_gap;nll,,1337
ilpd,lightgbm_tuned,gbdt,label_noise,0.4,995240719,train_only,True,medium,True,ok,,0.6,0.5472,0.7017982325655125,1.0124808298269043,0.09922643233730238,0.4938259618251235,0.13039052121270037,0.18553436513722268,0.27304779732817197,0.194085974802374,-0.04206953541553177,408,catboost_tuned,0.14763394697942195,True,utility_gap;nll,,1337
ilpd,xgboost_tuned,gbdt,label_noise,0.0,1663754236,train_only,True,medium,True,ok,,0.7257142857142858,0.75152,0.5144967131693086,0.7422618566430329,0.09921839632187404,0.3567283238284005,0.10993036867732825,0.11559809483152708,0.8501657988609294,-0.1340147442185085,0.1293669065998582,408,catboost_tuned,0.14763394697942195,False,,,1337
ilpd,xgboost_tuned,gbdt,label_noise,0.05,1123155166,train_only,True,medium,True,ok,,0.7371428571428571,0.7168,0.5383442607121283,0.7766665952204227,0.0920458616178924,0.37017492331535784,0.12898505595357176,0.10019829065362411,0.7366883086670802,0.17789144922069838,0.11004227768172324,408,catboost_tuned,0.14763394697942195,True,utility_gap;nll,,1337
ilpd,xgboost_tuned,gbdt,label_noise,0.1,1636455668,train_only,True,medium,True,ok,,0.6857142857142857,0.68624,0.571970277303132,0.8251786826011138,0.05871956666747606,0.39480707724749486,0.07419009239937663,0.12895356536388314,0.9050859284370287,-0.1425261714941441,0.08374362474331347,408,catboost_tuned,0.14763394697942195,True,utility_gap;nll,,1337
ilpd,xgboost_tuned,gbdt,label_noise,0.2,938216023,train_only,True,medium,True,ok,,0.7028571428571428,0.6513599999999999,0.5993306556636961,0.8646513647787454,0.08908322446078652,0.4149278881807146,0.09227603691030767,0.14681622548857493,0.5730283022302072,0.32261934024814115,0.056192517102790475,408,catboost_tuned,0.14763394697942195,True,utility_gap;nll,,1337
ilpd,xgboost_tuned,gbdt,label_noise,0.3,1531420365,train_only,True,medium,True,ok,,0.6057142857142858,0.60384,0.6572823892271182,0.9482580434016129,0.0998562895540579,0.46439101957599926,0.10445752166416938,0.159669754598227,0.7848396681111168,-0.10612698244615207,-0.002247528074152596,408,catboost_tuned,0.14763394697942195,True,utility_gap;nll,,1337
ilpd,xgboost_tuned,gbdt,label_noise,0.4,995240719,train_only,True,medium,True,ok,,0.6,0.53008,0.6868128325620806,0.9908614675562156,0.08738841636403846,0.4891641724669228,0.12242790556249648,0.15312618985559356,0.43126733319526445,0.0897639002929687,-0.03920812353967235,408,catboost_tuned,0.14763394697942195,True,utility_gap;nll,,1337
kc1,catboost_tuned,gbdt,covariate_shift,0.0,187152577,test_only,False,high,True,ok,,0.8688783570300158,0.8105950791531567,0.34052133087280184,0.49126843536710113,0.026210417492945226,0.2055142222367034,0.03437236869178697,0.03196332259464351,0.8921998660143485,0.1935792817632948,0.26141741714938777,1476,catboost_tuned,0.26141741714938777,False,,,1337
kc1,catboost_tuned,gbdt,covariate_shift,0.05,2876541583,test_only,False,low,True,ok,,0.8704581358609794,0.7549208468434103,0.3873673406258909,0.5588529413233188,0.08794076918851104,0.22720473819541245,0.08630824733962941,0.09166771657953077,1.4500258358847016,0.07404151609960659,0.20954698053964266,1476,catboost_tuned,0.26141741714938777,True,utility_gap,,1337
kc1,catboost_tuned,gbdt,covariate_shift,0.1,4043747683,test_only,False,low,True,ok,,0.8641390205371248,0.7755578867060844,0.3920982432505238,0.5656781910788051,0.09665552101289748,0.2300823530566019,0.09741470957333057,0.09863488743117725,1.880061460833225,-0.27804996690220724,0.21203155190147718,1476,catboost_tuned,0.26141741714938777,True,utility_gap,,1337
kc1,catboost_tuned,gbdt,covariate_shift,0.2,3725042208,test_only,False,low,True,ok,,0.8641390205371248,0.6861338928094602,0.44259509113860684,0.6385297431074669,0.14508071834493566,0.26602350455083107,0.1444945290419059,0.14788301039719437,1.8403469252544091,0.18952677432151108,0.14919264896265258,1476,catboost_tuned,0.26141741714938777,True,utility_gap;ece,,1337
kc1,catboost_tuned,gbdt,covariate_shift,0.3,3476880230,test_only,False,low,True,ok,,0.8593996840442338,0.6463379744421133,0.4366900081410889,0.6300105091509101,0.1360379776463444,0.2610827325582016,0.12782318880412677,0.1355839563255842,2.046944515713969,-0.16065445202591716,0.1389174953868328,1476,catboost_tuned,0.26141741714938777,True,utility_gap;ece,,1337
kc1,catboost_tuned,gbdt,covariate_shift,0.4,260422293,test_only,False,low,True,ok,,0.8546603475513428,0.7860385275605569,0.38621769391055805,0.5571943517083338,0.0758156344531496,0.2288745849149055,0.0864630183509063,0.0919152081875687,1.628045986879633,-0.14510447349123665,0.22099110437576627,1476,catboost_tuned,0.26141741714938777,True,utility_gap,,1337
kc1,gbdt_ensemble,gbdt,covariate_shift,0.0,187152577,test_only,False,high,True,ok,,0.8783570300157978,0.8202078962426093,0.3270787644817099,0.47187491149785216,0.025862916437448327,0.1940232238505285,0.03071443150539671,0.034664171079752365,0.7855782026909465,0.3662751484803024,0.2720912614504376,1476,catboost_tuned,0.26141741714938777,False,,,1337
kc1,gbdt_ensemble,gbdt,covariate_shift,0.05,2876541583,test_only,False,low,True,ok,,0.8704581358609794,0.7352374594697693,0.3851896824299835,0.5557112446433319,0.09339923157705206,0.22432568287034185,0.0875333083757525,0.09789508678206948,1.4796343468491013,0.07947384398717733,0.20250861148515617,1476,catboost_tuned,0.26141741714938777,True,utility_gap,,1337
kc1,gbdt_ensemble,gbdt,covariate_shift,0.1,4043747683,test_only,False,low,True,ok,,0.8625592417061612,0.6950505435819188,0.41998385433265345,0.6059086238991519,0.11809568313321044,0.24967426952612576,0.11553281934054663,0.12016336670158852,1.5710178670450399,0.20704091678612613,0.16725985271320803,1476,catboost_tuned,0.26141741714938777,True,utility_gap;ece,,1337
kc1,gbdt_ensemble,gbdt,covariate_shift,0.2,3725042208,test_only,False,low,True,ok,,0.8625592417061612,0.7048731642189586,0.4216648864083709,0.6083338405383648,0.12416569046170234,0.25001160941355727,0.12119235866417623,0.12552840146050748,2.025268846047956,-0.20697633718500386,0.16875620347870976,1476,catboost_tuned,0.26141741714938777,True,utility_gap;ece,,1337
kc1,gbdt_ensemble,gbdt,covariate_shift,0.3,3476880230,test_only,False,low,True,ok,,0.8641390205371248,0.6256818615296587,0.4184394911536623,0.6036805787994899,0.10471820500909546,0.2476162458254182,0.10345023285899964,0.1077704231681347,1.0777513387931534,0.5852127961223128,0.14656168997428315,1476,catboost_tuned,0.26141741714938777,True,utility_gap;ece,,1337
kc1,gbdt_ensemble,gbdt,covariate_shift,0.4,260422293,test_only,False,low,True,ok,,0.8530805687203792,0.7475681861529658,0.40540711189768913,0.5848788298759132,0.10640214833987055,0.23969561004510867,0.10243932908146665,0.12026401899291791,2.010398350911607,-0.361720764614096,0.1928668718308468,1476,catboost_tuned,0.26141741714938777,True,utility_gap;ece,,1337
kc1,lightgbm,gbdt,covariate_shift,0.0,187152577,test_only,False,high,True,ok,,0.8688783570300158,0.7910070570284189,0.3677339004204422,0.5305278745033278,0.05224739611061126,0.20888901971646404,0.05289230904291074,0.06292210749150211,0.5735880596896608,0.3407031977861505,0.23757638194132835,1476,catboost_tuned,0.26141741714938777,False,,,1337
kc1,lightgbm,gbdt,covariate_shift,0.05,2876541583,test_only,False,low,True,ok,,0.8515007898894155,0.711329391569712,0.3981866406342007,0.5744618917911971,0.047677728428285354,0.23007002454633718,0.040853114334689244,0.0593756942818837,0.6490304262976311,0.28948985708386876,0.19481629230979533,1476,catboost_tuned,0.26141741714938777,True,utility_gap,,1337
kc1,lightgbm,gbdt,covariate_shift,0.1,4043747683,test_only,False,low,True,ok,,0.8451816745655608,0.6470722868586687,0.43308489654636967,0.6248094325313573,0.0493297844154652,0.2544451402717333,0.06125774993890777,0.0573176710271578,0.5044480273810883,0.6269006590961805,0.1559437649428679,1476,catboost_tuned,0.26141741714938777,True,utility_gap,,1337
kc1,lightgbm,gbdt,covariate_shift,0.2,3725042208,test_only,False,low,True,ok,,0.8499210110584519,0.6923230974632844,0.40869490453891677,0.5896221120148836,0.04168881866270388,0.24383251158334251,0.04060674092545179,0.051200254459833255,0.6085960081050936,0.5107548278178955,0.18457683843391143,1476,catboost_tuned,0.26141741714938777,True,utility_gap,,1337
kc1,lightgbm,gbdt,covariate_shift,0.3,3476880230,test_only,False,low,True,ok,,0.8499210110584519,0.5685771504863628,0.45871556750579523,0.6617866744191774,0.09249686706965576,0.26608762101639877,0.09393015964671622,0.11194301517567543,0.0730607897673699,1.6004468668074432,0.10945477858931038,1476,catboost_tuned,0.26141741714938777,True,utility_gap,,1337
kc1,lightgbm,gbdt,covariate_shift,0.4,260422293,test_only,False,low,True,ok,,0.8388625592417062,0.7251287430860194,0.42047818635377326,0.6066217942545741,0.0460830419630128,0.25350718468420275,0.053527949418046596,0.059370122535036915,0.7020011390863502,0.22494634233221933,0.18842129729738794,1476,catboost_tuned,0.26141741714938777,True,utility_gap,,1337
kc1,lightgbm_tuned,gbdt,covariate_shift,0.0,187152577,test_only,False,high,True,ok,,0.8672985781990521,0.8088212855235553,0.3387032473273515,0.4886454952521581,0.0457917243162424,0.20329444393145168,0.02883024687776521,0.04750915023162652,0.808208579248314,0.27745325580598873,0.2574302432242062,1476,catboost_tuned,0.26141741714938777,False,,,1337
kc1,lightgbm_tuned,gbdt,covariate_shift,0.05,2876541583,test_only,False,low,True,ok,,0.8625592417061612,0.704882700743849,0.41273249963504466,0.5954471304371849,0.11399757230265432,0.24575320104163775,0.11113356914379405,0.11365905213588694,1.21971460244807,0.4984714004580842,0.17465917792458494,1476,catboost_tuned,0.26141741714938777,True,utility_gap;ece,,1337
kc1,lightgbm_tuned,gbdt,covariate_shift,0.1,4043747683,test_only,False,low,True,ok,,0.8625592417061612,0.6256055693305359,0.4300937933489092,0.620494182781594,0.10361012365148481,0.25864259312398113,0.12461343736868684,0.1069494280607407,0.5769598437034392,1.1554640038439958,0.14147555595683653,1476,catboost_tuned,0.26141741714938777,True,utility_gap;ece,,1337
kc1,lightgbm_tuned,gbdt,covariate_shift,0.2,3725042208,test_only,False,low,True,ok,,0.8483412322274881,0.70491131031852,0.44168683182602536,0.6372194019013644,0.13021593084289584,0.26798334675391433,0.13907715977608892,0.14686868334640305,1.9077071651810273,-0.04078340032564368,0.1567611367066167,1476,catboost_tuned,0.26141741714938777,True,utility_gap;ece,,1337
kc1,lightgbm_tuned,gbdt,covariate_shift,0.3,3476880230,test_only,False,low,True,ok,,0.8325434439178515,0.619769216097654,0.4578240070615182,0.6605004245875661,0.14473988406007085,0.2797558348025372,0.14718043315488985,0.15448471780161743,1.8873255265743165,-0.18380909059139605,0.11470263803357264,1476,catboost_tuned,0.26141741714938777,True,utility_gap;ece,,1337
kc1,lightgbm_tuned,gbdt,covariate_shift,0.4,260422293,test_only,False,low,True,ok,,0.8341232227488151,0.7460804882700744,0.41625712398813175,0.60053208851238,0.09160472355020433,0.2519090695512476,0.08015877628332524,0.11427898348036555,1.9031329081321822,-0.6601150059389661,0.18776608304309347,1476,catboost_tuned,0.26141741714938777,True,utility_gap,,1337
kc1,xgboost_tuned,gbdt,covariate_shift,0.0,187152577,test_only,False,high,True,ok,,0.8720379146919431,0.8057409879839788,0.33596982510742324,0.48470200057081186,0.04220830981535163,0.19989545743021847,0.03206790858677443,0.05227490550303711,0.7996509808671746,0.3457507651855878,0.25896277086387015,1476,catboost_tuned,0.26141741714938777,False,,,1337
kc1,xgboost_tuned,gbdt,covariate_shift,0.05,2876541583,test_only,False,low,True,ok,,0.8720379146919431,0.7741560175472058,0.3634149849944828,0.5242969966362775,0.06480007140214453,0.21438943588115414,0.07103299724452083,0.06955418331718768,1.2748872988540036,0.10954170661096148,0.23151118007400134,1476,catboost_tuned,0.26141741714938777,False,,,1337
kc1,xgboost_tuned,gbdt,covariate_shift,0.1,4043747683,test_only,False,low,True,ok,,0.8625592417061612,0.6206370398626742,0.42904626076500824,0.6189829127176304,0.09872361594447922,0.258035654461268,0.1022583142718491,0.09924692142106409,0.6046219727963019,1.1221915305926176,0.14116725320367512,1476,catboost_tuned,0.26141741714938777,True,utility_gap,,1337
kc1,xgboost_tuned,gbdt,covariate_shift,0.2,3725042208,test_only,False,low,True,ok,,0.8578199052132701,0.7529658592408925,0.4086596371402955,0.5895712319137876,0.10715118085106665,0.24699108831162128,0.10754193464088836,0.11909289450363689,1.4625926225649377,0.27375592991947345,0.19390943077195325,1476,catboost_tuned,0.26141741714938777,True,utility_gap;ece,,1337
kc1,xgboost_tuned,gbdt,covariate_shift,0.3,3476880230,test_only,False,low,True,ok,,0.8436018957345972,0.6567423230974634,0.5198540339614116,0.7499908367822513,0.19666134607240046,0.33323277245380956,0.19510635209410393,0.22209413943156997,0.737452535537054,1.2104638432139534,0.09207057719514625,1476,catboost_tuned,0.26141741714938777,True,utility_gap;ece,,1337
kc1,xgboost_tuned,gbdt,covariate_shift,0.4,260422293,test_only,False,low,True,ok,,0.8246445497630331,0.7046347510967004,0.5092943861317829,0.7347564852249121,0.16534278987620923,0.3232322733239118,0.16046978596161937,0.21269138279637945,0.9212325809073898,0.8365133370781663,0.11682334180558457,1476,catboost_tuned,0.26141741714938777,True,utility_gap;ece,,1337
kc1,catboost_tuned,gbdt,label_noise,0.0,2282695859,train_only,False,high,True,ok,,0.8688783570300158,0.8105950791531567,0.34052133087280184,0.49126843536710113,0.026210417492945226,0.2055142222367034,0.03437236869178697,0.03196332259464351,0.8921998660143485,0.1935792817632948,0.26141741714938777,1476,catboost_tuned,0.26141741714938777,False,,,1337
kc1,catboost_tuned,gbdt,label_noise,0.05,1277226697,train_only,False,high,True,ok,,0.8672985781990521,0.8041197787526225,0.34941660260442436,0.5041015997816727,0.0467895701447467,0.2082014813390515,0.0423728195482425,0.05351933203411635,1.2419120907239407,0.02457177043052998,0.25094831532982453,1476,catboost_tuned,0.26141741714938777,False,,,1337
kc1,catboost_tuned,gbdt,label_noise,0.1,1264135803,train_only,False,high,True,ok,,0.8641390205371248,0.8057123784093077,0.3645366689640349,0.5259152445365949,0.06532679564707261,0.21557562206407893,0.06472036176301846,0.06830410489690289,1.5207245202615707,-0.1040056011555266,0.2407802530334333,1476,catboost_tuned,0.26141741714938777,False,,,1337
kc1,catboost_tuned,gbdt,label_noise,0.2,3238862808,train_only,False,high,True,ok,,0.8609794628751974,0.7940968910928858,0.4220992105112836,0.6089604377677754,0.13281720540497302,0.25231181854891765,0.13281720540497305,0.13461338608433923,2.356239244083414,-0.28021396182765296,0.19782925890246245,1476,catboost_tuned,0.26141741714938777,True,utility_gap;ece,,1337
kc1,catboost_tuned,gbdt,label_noise,0.3,76282360,train_only,False,high,True,ok,,0.8530805687203792,0.7582586305550257,0.5114997614870427,0.7379381693132441,0.2168963812057707,0.32516516170301113,0.21429282701409053,0.21821690442984903,3.004900069555655,0.2410447246330349,0.1285918789671885,1476,catboost_tuned,0.26141741714938777,True,utility_gap;ece,,1337
kc1,catboost_tuned,gbdt,label_noise,0.4,826098999,train_only,False,high,True,ok,,0.7883096366508688,0.6810318519931335,0.6019633707155208,0.8684495697280865,0.24893637414750597,0.40994849610588674,0.25502700221409125,0.28868438638942234,6.567688548118214,-0.2640498789986781,0.046285447947299926,1476,catboost_tuned,0.26141741714938777,True,utility_gap;ece;nll,,1337
kc1,gbdt_ensemble,gbdt,label_noise,0.0,2282695859,train_only,False,high,True,ok,,0.8783570300157978,0.8202078962426093,0.3270787644817099,0.47187491149785216,0.025862916437448327,0.1940232238505285,0.03071443150539671,0.034664171079752365,0.7855782026909465,0.3662751484803024,0.2720912614504376,1476,catboost_tuned,0.26141741714938777,False,,,1337
kc1,gbdt_ensemble,gbdt,label_noise,0.05,1277226697,train_only,False,high,True,ok,,0.8704581358609794,0.7985599847415601,0.34691066489577665,0.50048629587663,0.037114214209262995,0.20732354196814337,0.037615313458377396,0.03661087711667365,1.0921124768089132,0.1862776719710008,0.2524959834338514,1476,catboost_tuned,0.26141741714938777,False,,,1337
kc1,gbdt_ensemble,gbdt,label_noise,0.1,1264135803,train_only,False,high,True,ok,,0.8672985781990521,0.8003337783711615,0.3574873487070011,0.5157452251601341,0.06879525817200141,0.21107765170133277,0.06699698072780103,0.07065922535363503,1.3858287027649383,0.015067599935109215,0.24172898997732378,1476,catboost_tuned,0.26141741714938777,False,,,1337
kc1,gbdt_ensemble,gbdt,label_noise,0.2,3238862808,train_only,False,high,True,ok,,0.8483412322274881,0.758411214953271,0.4244613910669208,0.6123683439410776,0.11611774151268073,0.2566457978267819,0.11611774151268078,0.13171292319124117,1.9998458815803513,-0.08655150851154492,0.1857610585829086,1476,catboost_tuned,0.26141741714938777,True,utility_gap;ece,,1337
kc1,gbdt_ensemble,gbdt,label_noise,0.3,76282360,train_only,False,high,True,ok,,0.8246445497630331,0.6912168605760061,0.516424333169401,0.7450428244578846,0.17407478696625828,0.3304578445766928,0.17120088603334604,0.21505059714034086,2.103013269580725,0.320917558659532,0.10729477893544001,1476,catboost_tuned,0.26141741714938777,True,utility_gap;ece,,1337
kc1,gbdt_ensemble,gbdt,label_noise,0.4,826098999,train_only,False,high,True,ok,,0.7567140600315956,0.5989986648865153,0.6115989250271788,0.8823507361497318,0.17447186378324772,0.419082937605446,0.21478076744169186,0.2893111188509706,0.7943719940307779,0.841529337052131,0.023557048113450586,1476,catboost_tuned,0.26141741714938777,True,utility_gap;ece;nll,,1337
kc1,lightgbm,gbdt,label_noise,0.0,2282695859,train_only,False,high,True,ok,,0.8688783570300158,0.7910070570284189,0.3677339004204422,0.5305278745033278,0.05224739611061126,0.20888901971646404,0.05289230904291074,0.06292210749150211,0.5735880596896608,0.3407031977861505,0.23757638194132835,1476,catboost_tuned,0.26141741714938777,False,,,1337
kc1,lightgbm,gbdt,label_noise,0.05,1277226697,train_only,False,high,True,ok,,0.8546603475513428,0.7190921228304405,0.39093954789522495,0.5640065470358144,0.027075915819832905,0.23070213755952335,0.04207372518928602,0.05302580004995604,0.6804760367104161,0.43443205995387485,0.20526414784864466,1476,catboost_tuned,0.26141741714938777,True,utility_gap,,1337
kc1,lightgbm,gbdt,label_noise,0.1,1264135803,train_only,False,high,True,ok,,0.8499210110584519,0.7256151058554262,0.3926236978234102,0.5664362617853208,0.031214821405120784,0.23499933525023034,0.057260964304364906,0.05359271026129299,0.8189264992317088,0.3886878790572938,0.20527959589154654,1476,catboost_tuned,0.26141741714938777,True,utility_gap,,1337
kc1,lightgbm,gbdt,label_noise,0.2,3238862808,train_only,False,high,True,ok,,0.8120063191153238,0.6497997329773031,0.47247815732955084,0.6816418945076984,0.056292344895028976,0.29619511091968986,0.061148549032897785,0.13652773030410553,0.694713752323208,0.588176215471038,0.13347981707803933,1476,catboost_tuned,0.26141741714938777,True,utility_gap,,1337
kc1,lightgbm,gbdt,label_noise,0.3,76282360,train_only,False,high,True,ok,,0.740916271721959,0.5755388136563037,0.5874008130187695,0.847440239956324,0.09903706676774339,0.38660276868364235,0.11639030569779085,0.22486211694342295,0.3220796836553469,0.7520259003423437,0.038536540197554266,1476,catboost_tuned,0.26141741714938777,True,utility_gap;nll,,1337
kc1,lightgbm,gbdt,label_noise,0.4,826098999,train_only,False,high,True,ok,,0.6777251184834123,0.5642094220865916,0.6609491160296739,0.9535480119759546,0.13116719191356654,0.4592918068768577,0.15734192893931714,0.29457253413822715,0.020004473459118068,0.7291564530145238,-0.013165776472680808,1476,catboost_tuned,0.26141741714938777,True,utility_gap;ece;nll,,1337
kc1,lightgbm_tuned,gbdt,label_noise,0.0,2282695859,train_only,False,high,True,ok,,0.8672985781990521,0.8088212855235553,0.3387032473273515,0.4886454952521581,0.0457917243162424,0.20329444393145168,0.02883024687776521,0.04750915023162652,0.808208579248314,0.27745325580598873,0.2574302432242062,1476,catboost_tuned,0.26141741714938777,False,,,1337
kc1,lightgbm_tuned,gbdt,label_noise,0.05,1277226697,train_only,False,high,True,ok,,0.8672985781990521,0.7743372115201221,0.35861553599449986,0.5173728553650025,0.041087495865144485,0.21441348667766108,0.05478218891189884,0.043182186901077724,0.9928767022154636,0.3612749701567385,0.23768345497937088,1476,catboost_tuned,0.26141741714938777,False,,,1337
kc1,lightgbm_tuned,gbdt,label_noise,0.1,1264135803,train_only,False,high,True,ok,,0.8688783570300158,0.7863818424566088,0.3654928433876449,0.5272947126357619,0.06650022723341806,0.2168561548439626,0.06628608364458348,0.06733349713584266,1.261194993781806,0.2189767301843986,0.2340769391769032,1476,catboost_tuned,0.26141741714938777,False,,,1337
kc1,lightgbm_tuned,gbdt,label_noise,0.2,3238862808,train_only,False,high,True,ok,,0.8483412322274881,0.7507343124165553,0.4278929604368109,0.6173190520534846,0.12048237382021436,0.25942124056373045,0.1222738494867913,0.13348414977260242,1.962712605005312,-0.02014419652953643,0.18071600379982927,1476,catboost_tuned,0.26141741714938777,True,utility_gap;ece,,1337
kc1,lightgbm_tuned,gbdt,label_noise,0.3,76282360,train_only,False,high,True,ok,,0.8120063191153238,0.6934484074003433,0.5142112894305314,0.7418500772305471,0.1598162480693813,0.32965824839791147,0.15905800193611994,0.21042851531843357,2.243855117487395,0.10455044945820356,0.10998961767437834,1476,catboost_tuned,0.26141741714938777,True,utility_gap;ece,,1337
kc1,lightgbm_tuned,gbdt,label_noise,0.4,826098999,train_only,False,high,True,ok,,0.7298578199052133,0.6153919511729925,0.6130790684197701,0.8844861316820278,0.14022106008526547,0.42182137947355297,0.18287273865886483,0.2898048778702702,1.7828867939507267,0.37389416800533526,0.031475804374667904,1476,catboost_tuned,0.26141741714938777,True,utility_gap;ece;nll,,1337
kc1,xgboost_tuned,gbdt,label_noise,0.0,2282695859,train_only,False,high,True,ok,,0.8720379146919431,0.8057409879839788,0.33596982510742324,0.48470200057081186,0.04220830981535163,0.19989545743021847,0.03206790858677443,0.05227490550303711,0.7996509808671746,0.3457507651855878,0.25896277086387015,1476,catboost_tuned,0.26141741714938777,False,,,1337
kc1,xgboost_tuned,gbdt,label_noise,0.05,1277226697,train_only,False,high,True,ok,,0.8720379146919431,0.7925138279610909,0.3501144961926632,0.5051084474004931,0.04593925534090815,0.20880546206842568,0.05063906312421392,0.04735988186070036,1.0591699995387165,0.31524669583492726,0.24746514170184378,1476,catboost_tuned,0.26141741714938777,False,,,1337
kc1,xgboost_tuned,gbdt,label_noise,0.1,1264135803,train_only,False,high,True,ok,,0.8562401263823065,0.7794773984360099,0.3717544404751941,0.5363282877020139,0.0550345694897829,0.2224270936142708,0.05446597226612667,0.06216054507450308,1.4512665114464707,-0.11858602202169957,0.2293477082013887,1476,catboost_tuned,0.26141741714938777,True,utility_gap,,1337
kc1,xgboost_tuned,gbdt,label_noise,0.2,3238862808,train_only,False,high,True,ok,,0.8467614533965245,0.7392237268739272,0.43223166379837547,0.623578477877102,0.11881645329021287,0.26285810979970436,0.12270368573352855,0.1299115240161465,1.7693624235261272,0.1311745297936311,0.17490568839418005,1476,catboost_tuned,0.26141741714938777,True,utility_gap;ece,,1337
kc1,xgboost_tuned,gbdt,label_noise,0.3,76282360,train_only,False,high,True,ok,,0.8199052132701422,0.676530612244898,0.5195695891589723,0.7495804696763655,0.1677168017326342,0.33385568208716104,0.16677779936079515,0.21399563758218526,1.8318287182632722,0.43398524398950455,0.10135399502679913,1476,catboost_tuned,0.26141741714938777,True,utility_gap;ece,,1337
kc1,xgboost_tuned,gbdt,label_noise,0.4,826098999,train_only,False,high,True,ok,,0.7598736176935229,0.6171371352279229,0.6129154130415501,0.884250026879455,0.18309050235975116,0.4200794707172859,0.20327395818825605,0.2908695876793761,0.7282557853914471,0.8905641387811811,0.028085931448014752,1476,catboost_tuned,0.26141741714938777,True,utility_gap;ece;nll,,1337
kr-vs-kp,catboost_tuned,gbdt,covariate_shift,0.0,232154995,test_only,True,low,True,ok,,0.9937434827945777,0.9995249675321844,0.02183623540451334,0.0315030285297754,0.0043398207895413606,0.009743737223971864,0.0027277655097091764,0.008124960988317779,1.144002315120248,-0.25654033461312176,0.48857638833861033,2237,catboost_tuned,0.48857638833861033,False,,,1337
kr-vs-kp,catboost_tuned,gbdt,covariate_shift,0.05,1889076102,test_only,True,low,True,ok,,0.9937434827945777,0.9995075351480445,0.020248999339190898,0.029213130929614608,0.004015866399440393,0.008647818388182755,0.0028481281602492727,0.00620527318844942,1.1472978507890046,-0.28119216981335465,0.48932204716222977,2237,catboost_tuned,0.48857638833861033,False,,,1337
kr-vs-kp,catboost_tuned,gbdt,covariate_shift,0.1,2892468033,test_only,True,low,True,ok,,0.9947862356621481,0.9995554742044296,0.01960276307252376,0.02828080907245133,0.005221252042986714,0.008099237563570085,0.004988404493719925,0.006426126561993711,1.052734656087477,0.28946408997714573,0.4895338581905398,2237,catboost_tuned,0.48857638833861033,False,,,1337
kr-vs-kp,catboost_tuned,gbdt,covariate_shift,0.2,1542303910,test_only,True,low,True,ok,,0.9937434827945777,0.9995249675321844,0.02137522180908155,0.030837926501863573,0.0033909324261115663,0.009523763186284392,0.0026864152681031965,0.006266846655485221,1.075603966125114,-0.15660164571236268,0.4889656966196698,2237,catboost_tuned,0.48857638833861033,False,,,1337
kr-vs-kp,catboost_tuned,gbdt,covariate_shift,0.3,31932265,test_only,True,low,True,ok,,0.9947862356621481,0.9994813865718345,0.02122514466656065,0.03062141095259788,0.004034221721409826,0.009054777915649672,0.0038003566498542225,0.006584752416674342,0.9835253579420492,0.36410128502127787,0.48904315301940293,2237,catboost_tuned,0.48857638833861033,False,,,1337
kr-vs-kp,catboost_tuned,gbdt,covariate_shift,0.4,3808183478,test_only,True,low,True,ok,,0.9947862356621481,0.9995118932440795,0.01936181075897096,0.02793318836459798,0.0029349647772010322,0.007940142610322934,0.003788816148827372,0.005835689141872581,1.0452789329837,0.14933000282212688,0.4900801485199304,2237,catboost_tuned,0.48857638833861033,False,,,1337
kr-vs-kp,gbdt_ensemble,gbdt,covariate_shift,0.0,232154995,test_only,True,low,True,ok,,0.9937434827945777,0.9995859808766746,0.032196215916389194,0.046449321037965,0.01739444114443249,0.011991547942929667,0.01563411169272391,0.01912280927689803,1.5262726768287147,0.42134919662334197,0.4815029311857468,2237,catboost_tuned,0.48857638833861033,False,,,1337
kr-vs-kp,gbdt_ensemble,gbdt,covariate_shift,0.05,1889076102,test_only,True,low,True,ok,,0.9927007299270073,0.9995249675321846,0.03299713749480585,0.04760480662728768,0.017515568066079523,0.012716681941456087,0.014128885801711722,0.017754368784902785,1.6072333979332534,0.05790973617748839,0.4809542925239134,2237,catboost_tuned,0.48857638833861033,False,,,1337
kr-vs-kp,gbdt_ensemble,gbdt,covariate_shift,0.1,2892468033,test_only,True,low,True,ok,,0.9937434827945777,0.9995336837242546,0.03308900502781739,0.04773734346158213,0.016120177914834152,0.012684913696186923,0.015611026802138613,0.018275606601058685,1.4327915265382125,0.555016987785392,0.48135307310123426,2237,catboost_tuned,0.48857638833861033,False,,,1337
kr-vs-kp,gbdt_ensemble,gbdt,covariate_shift,0.2,1542303910,test_only,True,low,True,ok,,0.9937434827945777,0.9995729065885696,0.03266115500414925,0.04712008635419187,0.016772100600446465,0.012509577082465813,0.015423384204701697,0.018290601251794145,1.4628827012205345,0.5041314940894379,0.4814215936988391,2237,catboost_tuned,0.48857638833861033,False,,,1337
kr-vs-kp,gbdt_ensemble,gbdt,covariate_shift,0.3,31932265,test_only,True,low,True,ok,,0.9937434827945777,0.9995511161083945,0.03240395933019993,0.046749031430847104,0.015972542148576734,0.012283115238435446,0.015328725579251226,0.01807745566096759,1.4971492950664724,0.4291853676443164,0.4816851951981552,2237,catboost_tuned,0.48857638833861033,False,,,1337
kr-vs-kp,gbdt_ensemble,gbdt,covariate_shift,0.4,3808183478,test_only,True,low,True,ok,,0.9937434827945777,0.9995946970687446,0.032203497019512466,0.04645982544933315,0.01649234303948928,0.012218880200889307,0.015108300057616006,0.017893543450151386,1.4934705264828858,0.41187316195252144,0.48168325015054947,2237,catboost_tuned,0.48857638833861033,False,,,1337
kr-vs-kp,lightgbm,gbdt,covariate_shift,0.0,232154995,test_only,True,low,True,ok,,0.9927007299270073,0.9995816227806396,0.021731867030981712,0.031352456794855675,0.005133224854408234,0.010522147406332713,0.0033443133796948717,0.007170955526074168,1.1449186834441214,-1.0194165026763813,0.4883262954529365,2237,catboost_tuned,0.48857638833861033,False,,,1337
kr-vs-kp,lightgbm,gbdt,covariate_shift,0.05,1889076102,test_only,True,low,True,ok,,0.9927007299270073,0.9995816227806396,0.021731867030981712,0.031352456794855675,0.005133224854408234,0.010522147406332713,0.0033443133796948717,0.007170955526074168,1.1449186834441214,-1.0194165026763813,0.4883262954529365,2237,catboost_tuned,0.48857638833861033,False,,,1337
kr-vs-kp,lightgbm,gbdt,covariate_shift,0.1,2892468033,test_only,True,low,True,ok,,0.9927007299270073,0.9995816227806396,0.021731867030981712,0.031352456794855675,0.005133224854408234,0.010522147406332713,0.0033443133796948717,0.007170955526074168,1.1449186834441214,-1.0194165026763813,0.4883262954529365,2237,catboost_tuned,0.48857638833861033,False,,,1337
kr-vs-kp,lightgbm,gbdt,covariate_shift,0.2,1542303910,test_only,True,low,True,ok,,0.9927007299270073,0.9995816227806396,0.021731867030981712,0.031352456794855675,0.005133224854408234,0.010522147406332713,0.0033443133796948717,0.007170955526074168,1.1449186834441214,-1.0194165026763813,0.4883262954529365,2237,catboost_tuned,0.48857638833861033,False,,,1337
kr-vs-kp,lightgbm,gbdt,covariate_shift,0.3,31932265,test_only,True,low,True,ok,,0.9927007299270073,0.9995816227806396,0.021731867030981712,0.031352456794855675,0.005133224854408234,0.010522147406332713,0.0033443133796948717,0.007170955526074168,1.1449186834441214,-1.0194165026763813,0.4883262954529365,2237,catboost_tuned,0.48857638833861033,False,,,1337
kr-vs-kp,lightgbm,gbdt,covariate_shift,0.4,3808183478,test_only,True,low,True,ok,,0.9927007299270073,0.9995816227806396,0.021731867030981712,0.031352456794855675,0.005133224854408234,0.010522147406332713,0.0033443133796948717,0.007170955526074168,1.1449186834441214,-1.0194165026763813,0.4883262954529365,2237,catboost_tuned,0.48857638833861033,False,,,1337
kr-vs-kp,lightgbm_tuned,gbdt,covariate_shift,0.0,232154995,test_only,True,low,True,ok,,0.9937434827945777,0.9995816227806397,0.025901726237771358,0.03736829199369629,0.008517517324804819,0.01216775496423939,0.006434100659816727,0.009365961352373811,1.066443610119786,0.6277020087466243,0.4860010993293407,2237,catboost_tuned,0.48857638833861033,False,,,1337
kr-vs-kp,lightgbm_tuned,gbdt,covariate_shift,0.05,1889076102,test_only,True,low,True,ok,,0.9947862356621481,0.9995336837242547,0.024923830866099474,0.03595748719047699,0.005289473641936859,0.010451886960061722,0.002647035109129245,0.0063072793280386065,0.6234870934178286,0.46519178245556997,0.48720958376728085,2237,catboost_tuned,0.48857638833861033,False,,,1337
kr-vs-kp,lightgbm_tuned,gbdt,covariate_shift,0.1,2892468033,test_only,True,low,True,ok,,0.9947862356621481,0.9995336837242547,0.024923830866099474,0.03595748719047699,0.005289473641936859,0.010451886960061722,0.002647035109129245,0.0063072793280386065,0.6234870934178286,0.46519178245556997,0.48720958376728085,2237,catboost_tuned,0.48857638833861033,False,,,1337
kr-vs-kp,lightgbm_tuned,gbdt,covariate_shift,0.2,1542303910,test_only,True,low,True,ok,,0.9937434827945777,0.9996034132608146,0.02674379153615713,0.038583135423782125,0.009776405650041183,0.011512656519539685,0.008853581009479755,0.012702255782303898,1.2928709484096943,0.40001116464563263,0.48539249530332884,2237,catboost_tuned,0.48857638833861033,False,,,1337
kr-vs-kp,lightgbm_tuned,gbdt,covariate_shift,0.3,31932265,test_only,True,low,True,ok,,0.9947862356621481,0.9995336837242547,0.024923830866099474,0.03595748719047699,0.005289473641936859,0.010451886960061722,0.002647035109129245,0.0063072793280386065,0.6234870934178286,0.46519178245556997,0.48720958376728085,2237,catboost_tuned,0.48857638833861033,False,,,1337
kr-vs-kp,lightgbm_tuned,gbdt,covariate_shift,0.4,3808183478,test_only,True,low,True,ok,,0.9947862356621481,0.9995336837242547,0.024923830866099474,0.03595748719047699,0.005289473641936859,0.010451886960061722,0.002647035109129245,0.0063072793280386065,0.6234870934178286,0.46519178245556997,0.48720958376728085,2237,catboost_tuned,0.48857638833861033,False,,,1337
kr-vs-kp,xgboost_tuned,gbdt,covariate_shift,0.0,232154995,test_only,True,low,True,ok,,0.9906152241918665,0.9996295618370248,0.026456036694653354,0.03816799294095284,0.005626694664852977,0.0130944341670872,0.0021200745694202453,0.008658296727411804,1.4316090435251432,-0.6661558172133718,0.4858868934564821,2237,catboost_tuned,0.48857638833861033,False,,,1337
kr-vs-kp,xgboost_tuned,gbdt,covariate_shift,0.05,1889076102,test_only,True,low,True,ok,,0.9906152241918665,0.9996295618370248,0.026456036694653354,0.03816799294095284,0.005626694664852977,0.0130944341670872,0.0021200745694202453,0.008658296727411804,1.4316090435251432,-0.6661558172133718,0.4858868934564821,2237,catboost_tuned,0.48857638833861033,False,,,1337
kr-vs-kp,xgboost_tuned,gbdt,covariate_shift,0.1,2892468033,test_only,True,low,True,ok,,0.9906152241918665,0.9996295618370248,0.026456036694653354,0.03816799294095284,0.005626694664852977,0.0130944341670872,0.0021200745694202453,0.008658296727411804,1.4316090435251432,-0.6661558172133718,0.4858868934564821,2237,catboost_tuned,0.48857638833861033,False,,,1337
kr-vs-kp,xgboost_tuned,gbdt,covariate_shift,0.2,1542303910,test_only,True,low,True,ok,,0.9906152241918665,0.9996295618370248,0.026456036694653354,0.03816799294095284,0.005626694664852977,0.0130944341670872,0.0021200745694202453,0.008658296727411804,1.4316090435251432,-0.6661558172133718,0.4858868934564821,2237,catboost_tuned,0.48857638833861033,False,,,1337
kr-vs-kp,xgboost_tuned,gbdt,covariate_shift,0.3,31932265,test_only,True,low,True,ok,,0.9906152241918665,0.9996295618370248,0.026456036694653354,0.03816799294095284,0.005626694664852977,0.0130944341670872,0.0021200745694202453,0.008658296727411804,1.4316090435251432,-0.6661558172133718,0.4858868934564821,2237,catboost_tuned,0.48857638833861033,False,,,1337
kr-vs-kp,xgboost_tuned,gbdt,covariate_shift,0.4,3808183478,test_only,True,low,True,ok,,0.9906152241918665,0.9996295618370248,0.026456036694653354,0.03816799294095284,0.005626694664852977,0.0130944341670872,0.0021200745694202453,0.008658296727411804,1.4316090435251432,-0.6661558172133718,0.4858868934564821,2237,catboost_tuned,0.48857638833861033,False,,,1337
kr-vs-kp,catboost_tuned,gbdt,label_noise,0.0,1811224245,train_only,True,low,True,ok,,0.9937434827945777,0.9995249675321844,0.02183623540451334,0.0315030285297754,0.0043398207895413606,0.009743737223971864,0.0027277655097091764,0.008124960988317779,1.144002315120248,-0.25654033461312176,0.48857638833861033,2237,catboost_tuned,0.48857638833861033,False,,,1337
kr-vs-kp,catboost_tuned,gbdt,label_noise,0.05,1499698908,train_only,True,low,True,ok,,0.9843587069864442,0.997942978671478,0.09926450649462643,0.14320841125608785,0.06309870096896783,0.03866182775201522,0.0626658905092814,0.06747690366849199,2.2236639552409825,0.3438231432544024,0.44135158501236393,2237,catboost_tuned,0.48857638833861033,True,utility_gap,,1337
kr-vs-kp,catboost_tuned,gbdt,label_noise,0.1,2638221512,train_only,True,low,True,ok,,0.9791449426485923,0.9977381481578328,0.17982369999749312,0.259430760220688,0.1330751782197918,0.07103807227477558,0.12917482356269322,0.13739390613671895,4.309952703805682,-0.9066731425813968,0.3916358295423656,2237,catboost_tuned,0.48857638833861033,True,utility_gap;ece,,1337
kr-vs-kp,catboost_tuned,gbdt,label_noise,0.2,1959317618,train_only,True,low,True,ok,,0.9666319082377477,0.9956113972927507,0.3219179361194467,0.46442941001273585,0.23587761504253363,0.16037063565281107,0.2291654216035208,0.23890322925620167,5.976113612905811,-0.8385791758676673,0.30695442927579736,2237,catboost_tuned,0.48857638833861033,True,utility_gap;ece,,1337
kr-vs-kp,catboost_tuned,gbdt,label_noise,0.3,3054208711,train_only,True,low,True,ok,,0.9624608967674662,0.988621011252604,0.459216790728695,0.6625097866772331,0.3221278166695866,0.27433442072842223,0.3221278166695866,0.3186564560694688,7.011899724418951,0.3019148037690812,0.22720798911644405,2237,catboost_tuned,0.48857638833861033,True,utility_gap;ece,,1337
kr-vs-kp,catboost_tuned,gbdt,label_noise,0.4,3645307799,train_only,True,low,True,ok,,0.8988529718456726,0.9492412554803056,0.5833535854922652,0.841601324874487,0.3308610989618824,0.391947101244931,0.3308610989618823,0.3067284613056872,6.456430306463783,0.8759118260612361,0.14840976794023525,2237,catboost_tuned,0.48857638833861033,True,utility_gap;ece;nll,,1337
kr-vs-kp,gbdt_ensemble,gbdt,label_noise,0.0,1811224245,train_only,True,low,True,ok,,0.9937434827945777,0.9995859808766746,0.032196215916389194,0.046449321037965,0.01739444114443249,0.011991547942929667,0.01563411169272391,0.01912280927689803,1.5262726768287147,0.42134919662334197,0.4815029311857468,2237,catboost_tuned,0.48857638833861033,False,,,1337
kr-vs-kp,gbdt_ensemble,gbdt,label_noise,0.05,1499698908,train_only,True,low,True,ok,,0.986444212721585,0.998932266471424,0.10144604791969944,0.14635571025153452,0.07260077088813432,0.03706077280068179,0.07036506707473486,0.07260077088813432,2.8278199512472373,0.0451383798083596,0.43916605792014896,2237,catboost_tuned,0.48857638833861033,True,utility_gap,,1337
kr-vs-kp,gbdt_ensemble,gbdt,label_noise,0.1,2638221512,train_only,True,low,True,ok,,0.9833159541188738,0.9973241290345074,0.1582028747408122,0.22823850284294764,0.12089130948955754,0.06129651967219829,0.1155125203546114,0.12089130948955754,3.3154406713308044,0.0032658975070773803,0.40391102552911284,2237,catboost_tuned,0.48857638833861033,True,utility_gap;ece,,1337
kr-vs-kp,gbdt_ensemble,gbdt,label_noise,0.2,1959317618,train_only,True,low,True,ok,,0.9760166840458812,0.9954196410672106,0.276945016181379,0.39954720144378925,0.2035160800249443,0.13343219865340136,0.20351608002494437,0.20161505908819677,4.128467664480193,0.5344928877697932,0.33423200054228025,2237,catboost_tuned,0.48857638833861033,True,utility_gap;ece,,1337
kr-vs-kp,gbdt_ensemble,gbdt,label_noise,0.3,3054208711,train_only,True,low,True,ok,,0.9176225234619395,0.9615136539148776,0.4245222895503254,0.6124562018810831,0.2362267004664642,0.25132415782269824,0.23622670046646424,0.23363056565850354,3.264942046946387,0.5587898093525474,0.2431909567318803,2237,catboost_tuned,0.48857638833861033,True,utility_gap;ece,,1337
kr-vs-kp,gbdt_ensemble,gbdt,label_noise,0.4,3645307799,train_only,True,low,True,ok,,0.7747653806047967,0.8419057082341865,0.5649331626241543,0.8150262721515857,0.15648233341881712,0.378275670723876,0.1564823334188171,0.1764344307654926,1.8280878913646554,0.4531891447455426,0.13507745664344564,2237,catboost_tuned,0.48857638833861033,True,utility_gap;ece;nll,,1337
kr-vs-kp,lightgbm,gbdt,label_noise,0.0,1811224245,train_only,True,low,True,ok,,0.9927007299270073,0.9995816227806396,0.021731867030981712,0.031352456794855675,0.005133224854408234,0.010522147406332713,0.0033443133796948717,0.007170955526074168,1.1449186834441214,-1.0194165026763813,0.4883262954529365,2237,catboost_tuned,0.48857638833861033,False,,,1337
kr-vs-kp,lightgbm,gbdt,label_noise,0.05,1499698908,train_only,True,low,True,ok,,0.9791449426485923,0.9971367309050022,0.08884141358976251,0.12817106681151574,0.040498821202331794,0.04011387798667618,0.04049882120233183,0.042116950801321135,1.7893249745684427,0.20750258626558243,0.44931851293011843,2237,catboost_tuned,0.48857638833861033,True,utility_gap,,1337
kr-vs-kp,lightgbm,gbdt,label_noise,0.1,2638221512,train_only,True,low,True,ok,,0.9760166840458812,0.9964481517314716,0.1389708330943882,0.20049253173348172,0.09218146406757043,0.05967456092069859,0.0866689392635528,0.09107316641850127,2.911834504715142,-0.028573142676656622,0.4165753033793386,2237,catboost_tuned,0.48857638833861033,True,utility_gap,,1337
kr-vs-kp,lightgbm,gbdt,label_noise,0.2,1959317618,train_only,True,low,True,ok,,0.9416058394160584,0.9850255820237256,0.26948413224821255,0.3887834211927618,0.14636422320907358,0.14034627323289128,0.14636422320907364,0.1462855526052279,3.016431046273168,0.08694215158613391,0.3400919586210694,2237,catboost_tuned,0.48857638833861033,True,utility_gap;ece,,1337
kr-vs-kp,lightgbm,gbdt,label_noise,0.3,3054208711,train_only,True,low,True,ok,,0.8602711157455682,0.924835917684282,0.4225904532217359,0.6096691511900179,0.14892990353723629,0.25792515288903956,0.1489299035372363,0.1477165824639854,2.1099255523451164,0.2700332640734141,0.2400465124868813,2237,catboost_tuned,0.48857638833861033,True,utility_gap;ece,,1337
kr-vs-kp,lightgbm,gbdt,label_noise,0.4,3645307799,train_only,True,low,True,ok,,0.7236704900938478,0.7888633213921502,0.5694986699883013,0.8216129069849827,0.06369702708815901,0.38602305154619215,0.06695707793458842,0.07105603831333644,1.057509234922999,0.28249988491505246,0.1254294584882031,2237,catboost_tuned,0.48857638833861033,True,utility_gap;nll,,1337
kr-vs-kp,lightgbm_tuned,gbdt,label_noise,0.0,1811224245,train_only,True,low,True,ok,,0.9937434827945777,0.9995816227806397,0.025901726237771358,0.03736829199369629,0.008517517324804819,0.01216775496423939,0.006434100659816727,0.009365961352373811,1.066443610119786,0.6277020087466243,0.4860010993293407,2237,catboost_tuned,0.48857638833861033,False,,,1337
kr-vs-kp,lightgbm_tuned,gbdt,label_noise,0.05,1499698908,train_only,True,low,True,ok,,0.9843587069864442,0.9989409826634941,0.09146189100135654,0.131951616577984,0.0654233237602806,0.033326173880329255,0.057946113037425764,0.06483318756352444,3.4302438430364877,-1.1441516611164577,0.4446130002547382,2237,catboost_tuned,0.48857638833861033,True,utility_gap,,1337
kr-vs-kp,lightgbm_tuned,gbdt,label_noise,0.1,2638221512,train_only,True,low,True,ok,,0.9781021897810219,0.9968425594226394,0.1886943800068549,0.27222844627950715,0.13397828600391004,0.0778972786218341,0.13368716427399635,0.13487621733628208,3.252281743013496,0.05535976985487386,0.3871460331804429,2237,catboost_tuned,0.48857638833861033,True,utility_gap;ece,,1337
kr-vs-kp,lightgbm_tuned,gbdt,label_noise,0.2,1959317618,train_only,True,low,True,ok,,0.97288842544317,0.9964721212596641,0.300664062616233,0.4337665521099682,0.22437445250719437,0.14600423877677793,0.2207589974331758,0.22831955361303202,5.500791311717038,-0.2948236990323486,0.31969365012292855,2237,catboost_tuned,0.48857638833861033,True,utility_gap;ece,,1337
kr-vs-kp,lightgbm_tuned,gbdt,label_noise,0.3,3054208711,train_only,True,low,True,ok,,0.9520333680917622,0.9853611554184208,0.44052312731293375,0.635540531171267,0.29563241939570034,0.25905334466185664,0.2956324193957004,0.29712455892454204,6.08209331504444,0.13108402419664328,0.23789276637969145,2237,catboost_tuned,0.48857638833861033,True,utility_gap;ece,,1337
kr-vs-kp,lightgbm_tuned,gbdt,label_noise,0.4,3645307799,train_only,True,low,True,ok,,0.8508863399374348,0.9166318018983866,0.566185246291052,0.8168326470485971,0.26395170051858713,0.3769743025994472,0.2639517005185872,0.25336893866748844,4.713704191822687,0.49017762596428593,0.15061394743675394,2237,catboost_tuned,0.48857638833861033,True,utility_gap;ece;nll,,1337
kr-vs-kp,xgboost_tuned,gbdt,label_noise,0.0,1811224245,train_only,True,low,True,ok,,0.9906152241918665,0.9996295618370248,0.026456036694653354,0.03816799294095284,0.005626694664852977,0.0130944341670872,0.0021200745694202453,0.008658296727411804,1.4316090435251432,-0.6661558172133718,0.4858868934564821,2237,catboost_tuned,0.48857638833861033,False,,,1337
kr-vs-kp,xgboost_tuned,gbdt,label_noise,0.05,1499698908,train_only,True,low,True,ok,,0.986444212721585,0.998914834087284,0.09356242437574669,0.13498204566043842,0.06277077687465263,0.0337216680932502,0.06219586056750455,0.06499489119233598,2.548367272798393,-0.06675169697349062,0.4445380547657251,2237,catboost_tuned,0.48857638833861033,True,utility_gap,,1337
kr-vs-kp,xgboost_tuned,gbdt,label_noise,0.1,2638221512,train_only,True,low,True,ok,,0.9801876955161627,0.9968556337107445,0.1898998615282498,0.27396758849230685,0.13709354452000025,0.07720668349280166,0.13701424660003572,0.13915167525266686,3.1267821526095942,0.14674872652583698,0.38631864067449284,2237,catboost_tuned,0.48857638833861033,True,utility_gap;ece,,1337
kr-vs-kp,xgboost_tuned,gbdt,label_noise,0.2,1959317618,train_only,True,low,True,ok,,0.9676746611053181,0.9959970887918486,0.30884737563380527,0.4455725772184617,0.2264270282595905,0.15216126875870353,0.22081730902581925,0.2283605808096666,5.913941379801343,-0.6317263255339504,0.31479300142548805,2237,catboost_tuned,0.48857638833861033,True,utility_gap;ece,,1337
kr-vs-kp,xgboost_tuned,gbdt,label_noise,0.3,3054208711,train_only,True,low,True,ok,,0.9520333680917622,0.9859603936232338,0.44188150615982896,0.6375002575973312,0.2965265415682585,0.2600160121053058,0.2965265415682585,0.30210792908301487,6.635905988314251,-0.1196136105075484,0.23733575738904514,2237,catboost_tuned,0.48857638833861033,True,utility_gap;ece,,1337
kr-vs-kp,xgboost_tuned,gbdt,label_noise,0.4,3645307799,train_only,True,low,True,ok,,0.8592283628779979,0.9166753828587368,0.5705565919173385,0.8231391657056524,0.274479072841297,0.38057435021941605,0.2744790728412971,0.27074814925606155,3.7474495611060563,0.7880080799945008,0.14788307415230242,2237,catboost_tuned,0.48857638833861033,True,utility_gap;ece;nll,,1337
mfeat-factors,catboost_tuned,gbdt,covariate_shift,0.0,3769815243,test_only,True,medium,True,ok,,0.9716666666666667,0.9979722222222221,0.1189070592574343,0.05164067969484669,0.026228497903301222,0.04760427184241268,0.028213174255084406,0.009593884782978575,1.0160854396332468,0.7647956887524715,0.47430237428866345,1400,catboost_tuned,0.47430237428866345,False,,,1337
mfeat-factors,catboost_tuned,gbdt,covariate_shift,0.05,2576633588,test_only,True,low,True,ok,,0.965,0.9977314814814815,0.13702783880742175,0.05951043426119153,0.03186282742740281,0.05610677290027816,0.030750685965587204,0.011178764432720454,1.184845720833254,0.5438031242836495,0.4697303227546805,1400,catboost_tuned,0.47430237428866345,False,,,1337
mfeat-factors,catboost_tuned,gbdt,covariate_shift,0.1,2192661572,test_only,True,low,True,ok,,0.955,0.9978456790123458,0.17909908796323099,0.07778174561633631,0.03958719439975762,0.07503266366459489,0.03955383506363169,0.014891946845121734,1.2957383419140127,0.49109374593281113,0.4612440250894686,1400,catboost_tuned,0.47430237428866345,False,,,1337
mfeat-factors,catboost_tuned,gbdt,covariate_shift,0.2,3610309175,test_only,True,low,True,ok,,0.8983333333333333,0.9944351851851853,0.38313382078954344,0.16639290419940808,0.0781564113571796,0.17430181789419,0.07995685991913375,0.03307556861399803,1.0214488327510294,0.8017472653622609,0.41725316128355644,1400,catboost_tuned,0.47430237428866345,True,utility_gap,,1337
mfeat-factors,catboost_tuned,gbdt,covariate_shift,0.3,690061831,test_only,True,low,True,ok,,0.6683333333333333,0.9674722222222222,1.0096016196096824,0.4384644123170709,0.11485774714484058,0.4929349932908849,0.1278415535884551,0.0662741888973464,0.41905361423780846,0.3808903896218461,0.2843544046536884,1400,catboost_tuned,0.47430237428866345,True,utility_gap;ece,,1337
mfeat-factors,catboost_tuned,gbdt,covariate_shift,0.4,2391154685,test_only,True,low,True,ok,,0.39666666666666667,0.9222500000000002,1.5794936258718102,0.6859653659174865,0.151624616608984,0.7481519395140905,0.14933056821729987,0.0865974596791376,0.47547471660849766,-0.5281007820864576,0.14617296690295734,1400,catboost_tuned,0.47430237428866345,True,utility_gap;ece,,1337
mfeat-factors,gbdt_ensemble,gbdt,covariate_shift,0.0,3769815243,test_only,True,medium,True,ok,,0.9716666666666667,0.998033950617284,0.12603910500002877,0.054738087805537045,0.03157425426583838,0.05019122957382752,0.033792534440683905,0.009939081574922733,1.031570845775223,0.8824880994908263,0.47232560552122055,1400,catboost_tuned,0.47430237428866345,False,,,1337
mfeat-factors,gbdt_ensemble,gbdt,covariate_shift,0.05,2576633588,test_only,True,low,True,ok,,0.9633333333333334,0.9980648148148147,0.13728736583423506,0.05962314541684131,0.03388659334555788,0.05641560284008451,0.033607996797888125,0.010960157730872336,1.3122748441428682,0.4830663919710128,0.46915842289102117,1400,catboost_tuned,0.47430237428866345,False,,,1337
mfeat-factors,gbdt_ensemble,gbdt,covariate_shift,0.1,2192661572,test_only,True,low,True,ok,,0.9516666666666667,0.9972716049382717,0.17999493479377288,0.07817080695147118,0.04836335691506429,0.07513062825180446,0.04395250791265315,0.01592461954497671,1.469740348540284,0.35182742578364673,0.4586711482599408,1400,catboost_tuned,0.47430237428866345,False,,,1337
mfeat-factors,gbdt_ensemble,gbdt,covariate_shift,0.2,3610309175,test_only,True,low,True,ok,,0.8883333333333333,0.9946481481481483,0.39269935114486293,0.17054716124920138,0.08493049203890662,0.1805273864181646,0.08604134197155351,0.03522690161386178,1.2627304533324353,0.6559134684618189,0.41322660506931014,1400,catboost_tuned,0.47430237428866345,True,utility_gap,,1337
mfeat-factors,gbdt_ensemble,gbdt,covariate_shift,0.3,690061831,test_only,True,low,True,ok,,0.7066666666666667,0.9768086419753086,0.8915853615869453,0.38721060268292584,0.10637060097107427,0.4397150708283214,0.1022029642111976,0.0646160470842204,0.523011074409022,0.5275242672607815,0.31044572369226536,1400,catboost_tuned,0.47430237428866345,True,utility_gap;ece,,1337
mfeat-factors,gbdt_ensemble,gbdt,covariate_shift,0.4,2391154685,test_only,True,low,True,ok,,0.42,0.9274259259259259,1.5418250139442058,0.6696060956163729,0.1302051965726967,0.7293856932040228,0.14891167919766063,0.08312340116154224,0.4926933282972073,-0.4103274290971554,0.1606762060746228,1400,catboost_tuned,0.47430237428866345,True,utility_gap;ece,,1337
mfeat-factors,lightgbm,gbdt,covariate_shift,0.0,3769815243,test_only,True,medium,True,ok,,0.9633333333333334,0.9981172839506174,0.17197137409510443,0.07468621881482368,0.03164152896170308,0.06069604574529552,0.026493302863684128,0.006960322566079343,0.5121113111153777,-0.5835350318119534,0.46510687794592825,1400,catboost_tuned,0.47430237428866345,False,,,1337
mfeat-factors,lightgbm,gbdt,covariate_shift,0.05,2576633588,test_only,True,low,True,ok,,0.9616666666666667,0.9975617283950617,0.1986537115179909,0.0862742107218639,0.03370439897336011,0.06948182743608522,0.024079440551660197,0.008064818027185922,0.4670805707957434,-0.15964133915247788,0.4607734619270404,1400,catboost_tuned,0.47430237428866345,False,,,1337
mfeat-factors,lightgbm,gbdt,covariate_shift,0.1,2192661572,test_only,True,low,True,ok,,0.94,0.9965432098765433,0.24773244724287277,0.1075888348259681,0.038529150341578104,0.09388482572213386,0.03666089940806385,0.011312280255614305,0.5523004238541295,-0.5391922711237787,0.44980764294068415,1400,catboost_tuned,0.47430237428866345,False,,,1337
mfeat-factors,lightgbm,gbdt,covariate_shift,0.2,3610309175,test_only,True,low,True,ok,,0.8366666666666667,0.9910555555555554,0.6401644319256458,0.2780198802960378,0.10731134315723673,0.2649685145433569,0.10081155193995119,0.0316027837019554,0.46931907004747614,-0.5655086435617086,0.36750121172418565,1400,catboost_tuned,0.47430237428866345,True,utility_gap;ece,,1337
mfeat-factors,lightgbm,gbdt,covariate_shift,0.3,690061831,test_only,True,low,True,ok,,0.6183333333333333,0.9652222222222221,1.6663396461175435,0.7236821132854665,0.2713713996418108,0.6236272055686419,0.2713945206415434,0.07108948543065322,0.43877586554144227,-1.1852631576084323,0.15919886386377563,1400,catboost_tuned,0.47430237428866345,True,utility_gap;ece,,1337
mfeat-factors,lightgbm,gbdt,covariate_shift,0.4,2391154685,test_only,True,low,True,ok,,0.43166666666666664,0.9132932098765432,2.9618385494882657,1.286310138331085,0.4305932688040426,0.9553377793887451,0.4305932688040426,0.10426963366186456,0.30465110706443344,-1.293280196232905,-0.08760907180334399,1400,catboost_tuned,0.47430237428866345,True,utility_gap;ece;nll,,1337
mfeat-factors,lightgbm_tuned,gbdt,covariate_shift,0.0,3769815243,test_only,True,medium,True,ok,,0.9616666666666667,0.9984043209876543,0.17881275507387284,0.07765739282250066,0.029244515257084235,0.06388842814702808,0.02757319646742639,0.007375043056459277,0.5109549068078233,-0.6386154499067502,0.46454539144751195,1400,catboost_tuned,0.47430237428866345,False,,,1337
mfeat-factors,lightgbm_tuned,gbdt,covariate_shift,0.05,2576633588,test_only,True,low,True,ok,,0.9616666666666667,0.9982469135802472,0.1593708021302121,0.06921385994164612,0.022548141757536402,0.061311477445938324,0.02055133748393224,0.007617370559445011,0.5913897456070671,-0.3095000621248147,0.4683626334190854,1400,catboost_tuned,0.47430237428866345,False,,,1337
mfeat-factors,lightgbm_tuned,gbdt,covariate_shift,0.1,2192661572,test_only,True,low,True,ok,,0.94,0.9976851851851851,0.2104837112299641,0.09141191431769091,0.04125228707760514,0.08979041209485651,0.03437020904421456,0.010639826315953626,0.7467062136784778,-0.9232448270115784,0.4545157831039864,1400,catboost_tuned,0.47430237428866345,False,,,1337
mfeat-factors,lightgbm_tuned,gbdt,covariate_shift,0.2,3610309175,test_only,True,low,True,ok,,0.8383333333333334,0.9915771604938272,0.5972307883447595,0.25937403580085794,0.09906749002204074,0.26503679385712986,0.09391129582609876,0.031041403853364884,0.4520343265461005,-0.317373455451908,0.37517629742817404,1400,catboost_tuned,0.47430237428866345,True,utility_gap,,1337
mfeat-factors,lightgbm_tuned,gbdt,covariate_shift,0.3,690061831,test_only,True,low,True,ok,,0.6333333333333333,0.9666697530864197,1.685197525212363,0.7318719861167453,0.2603618532677461,0.592108117333431,0.26039559880989244,0.06730262919172583,0.42686860685225503,-1.1473826728920775,0.16170044709167403,1400,catboost_tuned,0.47430237428866345,True,utility_gap;ece,,1337
mfeat-factors,lightgbm_tuned,gbdt,covariate_shift,0.4,2391154685,test_only,True,low,True,ok,,0.44333333333333336,0.9110648148148147,3.151571921013753,1.3687102946175038,0.42673627073323583,0.9512918507771305,0.4267362707332359,0.10298053717734076,0.249421428075827,-1.0945230438838014,-0.11058765734671316,1400,catboost_tuned,0.47430237428866345,True,utility_gap;ece;nll,,1337
mfeat-factors,xgboost_tuned,gbdt,covariate_shift,0.0,3769815243,test_only,True,medium,True,ok,,0.96,0.9977438271604939,0.14255903863567454,0.06191260382490593,0.022855954055468218,0.0638505548100234,0.0097103353939677,0.008395106158634272,0.8327660731620048,0.03928728729475524,0.47006536754760747,1400,catboost_tuned,0.47430237428866345,False,,,1337
mfeat-factors,xgboost_tuned,gbdt,covariate_shift,0.05,2576633588,test_only,True,low,True,ok,,0.9533333333333334,0.9977314814814815,0.14553524147610256,0.0632051522955286,0.0167648391503473,0.06273258077447916,0.014877100011488637,0.007906536130676633,1.0206894031830904,-0.46550910668987594,0.4698915049997905,1400,catboost_tuned,0.47430237428866345,False,,,1337
mfeat-factors,xgboost_tuned,gbdt,covariate_shift,0.1,2192661572,test_only,True,low,True,ok,,0.9416666666666667,0.99704012345679,0.19836216527707826,0.0861475937982159,0.023901013471576575,0.08678694180952959,0.010994905717432333,0.01106725978089836,0.9285761920514328,-0.09614895942381856,0.4595895623760964,1400,catboost_tuned,0.47430237428866345,False,,,1337
mfeat-factors,xgboost_tuned,gbdt,covariate_shift,0.2,3610309175,test_only,True,low,True,ok,,0.8383333333333334,0.992074074074074,0.486966635246593,0.2114869225585889,0.05309058904477769,0.23657474696299877,0.05401515980493881,0.03202222243275695,0.7737789723067151,-0.1505983270954389,0.3989117313493937,1400,catboost_tuned,0.47430237428866345,True,utility_gap,,1337
mfeat-factors,xgboost_tuned,gbdt,covariate_shift,0.3,690061831,test_only,True,low,True,ok,,0.6566666666666666,0.9763734567901234,1.1263835057850975,0.48918214106930735,0.13478096914314877,0.48530351451829207,0.13645824695641529,0.05834751073387805,0.8646260777068033,-0.814336416445328,0.2665198737271212,1400,catboost_tuned,0.47430237428866345,True,utility_gap;ece,,1337
mfeat-factors,xgboost_tuned,gbdt,covariate_shift,0.4,2391154685,test_only,True,low,True,ok,,0.45666666666666667,0.9348703703703706,1.9187230393785046,0.8332908283027203,0.2589765202375157,0.7634909133167319,0.2589765202375157,0.08815632613975147,0.7284047693191323,-1.1032009155373672,0.09392207709131048,1400,catboost_tuned,0.47430237428866345,True,utility_gap;ece;nll,,1337
mfeat-factors,catboost_tuned,gbdt,label_noise,0.0,608186885,train_only,True,medium,True,ok,,0.9716666666666667,0.9979722222222221,0.1189070592574343,0.05164067969484669,0.026228497903301222,0.04760427184241268,0.028213174255084406,0.009593884782978575,1.0160854396332468,0.7647956887524715,0.47430237428866345,1400,catboost_tuned,0.47430237428866345,False,,,1337
mfeat-factors,catboost_tuned,gbdt,label_noise,0.05,2906359786,train_only,True,medium,True,ok,,0.965,0.9981327160493827,0.18773893463490843,0.08153398335033601,0.07148368694851012,0.07220199289114111,0.071892852301756,0.017317106442494005,1.3554456830115416,1.1578524265606098,0.4553395182224811,1400,catboost_tuned,0.47430237428866345,False,,,1337
mfeat-factors,catboost_tuned,gbdt,label_noise,0.1,1571176902,train_only,True,medium,True,ok,,0.965,0.9982469135802468,0.30509197633791313,0.13249976179651313,0.17551154614935313,0.10746937984070219,0.17551154614935313,0.0368123298185359,2.137986464605238,2.033538065136197,0.41928418198426176,1400,catboost_tuned,0.47430237428866345,True,utility_gap;ece,,1337
mfeat-factors,catboost_tuned,gbdt,label_noise,0.2,1943494657,train_only,True,medium,True,ok,,0.96,0.9973734567901233,0.47215264183102323,0.20505328696325584,0.2917083666380524,0.17543139735606086,0.28959498796936406,0.059882579600352225,2.597288790778913,2.9469444911265157,0.37322305045995596,1400,catboost_tuned,0.47430237428866345,True,utility_gap;ece,,1337
mfeat-factors,catboost_tuned,gbdt,label_noise,0.3,2346535371,train_only,True,medium,True,ok,,0.965,0.9958055555555557,0.6183291334714066,0.26853693066665113,0.3830532374035527,0.24203780610026163,0.3830532374035526,0.07639452182108052,2.3308611793154395,3.7210003552239397,0.33611021776373856,1400,catboost_tuned,0.47430237428866345,True,utility_gap;ece,,1337
mfeat-factors,catboost_tuned,gbdt,label_noise,0.4,475509894,train_only,True,medium,True,ok,,0.9616666666666667,0.9970925925925925,0.7923203944502345,0.34410037520914466,0.4757572444482349,0.33201257918711635,0.47575724444823486,0.09497268240542675,3.073847224082229,4.780793796312176,0.294850845955017,1400,catboost_tuned,0.47430237428866345,True,utility_gap;ece,,1337
mfeat-factors,gbdt_ensemble,gbdt,label_noise,0.0,608186885,train_only,True,medium,True,ok,,0.9716666666666667,0.998033950617284,0.12603910500002877,0.054738087805537045,0.03157425426583838,0.05019122957382752,0.033792534440683905,0.009939081574922733,1.031570845775223,0.8824880994908263,0.47232560552122055,1400,catboost_tuned,0.47430237428866345,False,,,1337
mfeat-factors,gbdt_ensemble,gbdt,label_noise,0.05,2906359786,train_only,True,medium,True,ok,,0.9683333333333334,0.9979783950617284,0.19274234927025224,0.0837069387171398,0.08412871166618804,0.0743811819288551,0.0825082759699363,0.01816863240048106,1.2471291166765566,1.4526551167376842,0.4526046143232253,1400,catboost_tuned,0.47430237428866345,False,,,1337
mfeat-factors,gbdt_ensemble,gbdt,label_noise,0.1,1571176902,train_only,True,medium,True,ok,,0.955,0.9983641975308641,0.24465325176893746,0.10625155722293651,0.11757542988336848,0.08958398086629335,0.11598060434485105,0.026812439206031248,2.4555662508299276,1.2219498491443863,0.4372869159922478,1400,catboost_tuned,0.47430237428866345,True,utility_gap;ece,,1337
mfeat-factors,gbdt_ensemble,gbdt,label_noise,0.2,1943494657,train_only,True,medium,True,ok,,0.95,0.9969814814814815,0.389101586246063,0.16898467180646737,0.21454722517858885,0.14543294063639664,0.21321712809173657,0.044085061942068134,2.134792753333172,2.119639806320896,0.3978386719408606,1400,catboost_tuned,0.47430237428866345,True,utility_gap;ece,,1337
mfeat-factors,gbdt_ensemble,gbdt,label_noise,0.3,2346535371,train_only,True,medium,True,ok,,0.9533333333333334,0.9948148148148148,0.5098786875826785,0.22143750045722935,0.29772282544534434,0.19409754190360423,0.29706914792023964,0.06017556608380013,2.5428890551261043,2.9651138903358407,0.36520936995894754,1400,catboost_tuned,0.47430237428866345,True,utility_gap;ece,,1337
mfeat-factors,gbdt_ensemble,gbdt,label_noise,0.4,475509894,train_only,True,medium,True,ok,,0.9416666666666667,0.9950709876543209,0.6651181085584267,0.2888571243608527,0.3759275539731673,0.2719905702851769,0.3759275539731673,0.07456325710541431,2.836406242854383,3.582006385347971,0.327682197576123,1400,catboost_tuned,0.47430237428866345,True,utility_gap;ece,,1337
mfeat-factors,lightgbm,gbdt,label_noise,0.0,608186885,train_only,True,medium,True,ok,,0.9633333333333334,0.9981172839506174,0.17197137409510443,0.07468621881482368,0.03164152896170308,0.06069604574529552,0.026493302863684128,0.006960322566079343,0.5121113111153777,-0.5835350318119534,0.46510687794592825,1400,catboost_tuned,0.47430237428866345,False,,,1337
mfeat-factors,lightgbm,gbdt,label_noise,0.05,2906359786,train_only,True,medium,True,ok,,0.965,0.9977191358024692,0.15708626066018638,0.0682216961875348,0.02438290167981977,0.05768337613218384,0.015656711352589413,0.007450044056112402,0.48125987523138075,0.1971016836138767,0.4686086083386398,1400,catboost_tuned,0.47430237428866345,False,,,1337
mfeat-factors,lightgbm,gbdt,label_noise,0.1,1571176902,train_only,True,medium,True,ok,,0.95,0.9978672839506173,0.20492377915340076,0.08899726649708257,0.02965462132803063,0.08067100378034506,0.027979081475049013,0.009539746553639577,0.6794549772175704,-0.536090258118169,0.45912344516798503,1400,catboost_tuned,0.47430237428866345,False,,,1337
mfeat-factors,lightgbm,gbdt,label_noise,0.2,1943494657,train_only,True,medium,True,ok,,0.945,0.9966111111111111,0.20810093636295576,0.09037708834133144,0.026172885759610454,0.08865696728072116,0.01969135263424976,0.010277916200492962,0.6117632684097877,0.2921865843923171,0.4582161852345673,1400,catboost_tuned,0.47430237428866345,False,,,1337
mfeat-factors,lightgbm,gbdt,label_noise,0.3,2346535371,train_only,True,medium,True,ok,,0.9183333333333333,0.993533950617284,0.27980143190962836,0.12151621790698003,0.022633269674347964,0.12009010971198743,0.017945329781571713,0.013618735532156489,0.9525095319113935,-0.13972701455138903,0.4445053634090857,1400,catboost_tuned,0.47430237428866345,False,,,1337
mfeat-factors,lightgbm,gbdt,label_noise,0.4,475509894,train_only,True,medium,True,ok,,0.8716666666666667,0.9881512345679013,0.40313556141346796,0.17507954978083862,0.03428813842051441,0.1825729331238766,0.03024369350229067,0.016829816282395986,1.1513085277298862,-0.0019302875227568427,0.417221439480411,1400,catboost_tuned,0.47430237428866345,True,utility_gap,,1337
mfeat-factors,lightgbm_tuned,gbdt,label_noise,0.0,608186885,train_only,True,medium,True,ok,,0.9616666666666667,0.9984043209876543,0.17881275507387284,0.07765739282250066,0.029244515257084235,0.06388842814702808,0.02757319646742639,0.007375043056459277,0.5109549068078233,-0.6386154499067502,0.46454539144751195,1400,catboost_tuned,0.47430237428866345,False,,,1337
mfeat-factors,lightgbm_tuned,gbdt,label_noise,0.05,2906359786,train_only,True,medium,True,ok,,0.9483333333333334,0.9967901234567902,0.17220305700774774,0.07478683742533594,0.017734787728873623,0.07292436420110171,0.016029188512868924,0.008878292027330615,1.0538857096444105,-0.25613926768224876,0.465143534436501,1400,catboost_tuned,0.47430237428866345,False,,,1337
mfeat-factors,lightgbm_tuned,gbdt,label_noise,0.1,1571176902,train_only,True,medium,True,ok,,0.95,0.9976944444444446,0.1861650279216914,0.08085044434975537,0.03997853526423757,0.08126125467655033,0.036982841565404,0.01276869024535432,1.2226230686890787,0.5099626595256123,0.4594422151977814,1400,catboost_tuned,0.47430237428866345,False,,,1337
mfeat-factors,lightgbm_tuned,gbdt,label_noise,0.2,1943494657,train_only,True,medium,True,ok,,0.9333333333333333,0.9952314814814814,0.3237540118277939,0.140604580830851,0.12380005918069778,0.12645569721690744,0.11996344994210059,0.03006378369683409,1.602610109910427,1.0361397005064086,0.4213896324331236,1400,catboost_tuned,0.47430237428866345,True,utility_gap;ece,,1337
mfeat-factors,lightgbm_tuned,gbdt,label_noise,0.3,2346535371,train_only,True,medium,True,ok,,0.9316666666666666,0.9910524691358024,0.4968904502784528,0.21579678066635416,0.23487487991097983,0.1926740744216046,0.2348748799109799,0.046556767002203375,1.7297233805021917,2.022838841682793,0.3749043540154286,1400,catboost_tuned,0.47430237428866345,True,utility_gap;ece,,1337
mfeat-factors,lightgbm_tuned,gbdt,label_noise,0.4,475509894,train_only,True,medium,True,ok,,0.8916666666666667,0.9852283950617284,0.7038875975900613,0.30569449951350025,0.3065716970074306,0.2918159146808861,0.30657169700743053,0.060674480793133354,2.1188636705003305,2.3354819040332973,0.32555724901606875,1400,catboost_tuned,0.47430237428866345,True,utility_gap;ece,,1337
mfeat-factors,xgboost_tuned,gbdt,label_noise,0.0,608186885,train_only,True,medium,True,ok,,0.96,0.9977438271604939,0.14255903863567454,0.06191260382490593,0.022855954055468218,0.0638505548100234,0.0097103353939677,0.008395106158634272,0.8327660731620048,0.03928728729475524,0.47006536754760747,1400,catboost_tuned,0.47430237428866345,False,,,1337
mfeat-factors,xgboost_tuned,gbdt,label_noise,0.05,2906359786,train_only,True,medium,True,ok,,0.9583333333333334,0.9974567901234568,0.179629870348835,0.0780122614774956,0.04287817569321202,0.07457493354648313,0.04459431093216142,0.013398569041925193,1.0859936050096277,0.8670307668666273,0.46088056296131874,1400,catboost_tuned,0.47430237428866345,False,,,1337
mfeat-factors,xgboost_tuned,gbdt,label_noise,0.1,1571176902,train_only,True,medium,True,ok,,0.95,0.9976018518518519,0.23194694287560016,0.10073327738520191,0.08497194854613876,0.09039467047213476,0.0818627452856935,0.02071245000783765,1.6818122591869897,0.8359647322555042,0.44444627522335983,1400,catboost_tuned,0.47430237428866345,False,,,1337
mfeat-factors,xgboost_tuned,gbdt,label_noise,0.2,1943494657,train_only,True,medium,True,ok,,0.94,0.9949598765432098,0.38182869903775546,0.16582609702439466,0.17842812013816156,0.14051293235666243,0.1771957831447375,0.03891512180200033,1.7155170748207003,1.6249427634428226,0.40380250365517273,1400,catboost_tuned,0.47430237428866345,True,utility_gap;ece,,1337
mfeat-factors,xgboost_tuned,gbdt,label_noise,0.3,2346535371,train_only,True,medium,True,ok,,0.9233333333333333,0.9914166666666666,0.566163014373383,0.24588147300007168,0.28139549383460793,0.21823928625939495,0.2789491369057796,0.05898944441838859,2.3312503551894364,2.420593573295182,0.3554522926663901,1400,catboost_tuned,0.47430237428866345,True,utility_gap;ece,,1337
mfeat-factors,xgboost_tuned,gbdt,label_noise,0.4,475509894,train_only,True,medium,True,ok,,0.9066666666666666,0.9889475308641975,0.7514291724523458,0.3263415431371807,0.362123784936786,0.3083547581782622,0.36212378493678593,0.0734484606550848,2.258969500096237,2.9226803343833447,0.3118044158739577,1400,catboost_tuned,0.47430237428866345,True,utility_gap;ece,,1337
mfeat-fourier,catboost_tuned,gbdt,covariate_shift,0.0,658848855,test_only,True,medium,True,ok,,0.8316666666666667,0.9830864197530863,0.4269677400425697,0.1854297334511901,0.030790356591609135,0.22722326902717857,0.031198828739256952,0.016260258422122576,1.062374050027889,-0.24661713841449606,0.4070432555599014,1400,catboost_tuned,0.4070432555599014,False,,,1337
mfeat-fourier,catboost_tuned,gbdt,covariate_shift,0.05,707709813,test_only,True,low,True,ok,,0.815,0.9809876543209877,0.46321944036639423,0.20117364686143743,0.02491829102935421,0.24072838360456103,0.026573274412195584,0.01926508917627248,1.0535962883571395,-0.26342747287110013,0.40025992674804356,1400,catboost_tuned,0.4070432555599014,False,,,1337
mfeat-fourier,catboost_tuned,gbdt,covariate_shift,0.1,3358277931,test_only,True,low,True,ok,,0.8033333333333333,0.9806944444444445,0.5144923012717878,0.22344116742404282,0.033129582748107796,0.26197792515571805,0.019251534431930256,0.025705439868042846,1.0110516463254173,-0.013741260255367038,0.39008478877872116,1400,catboost_tuned,0.4070432555599014,False,,,1337
mfeat-fourier,catboost_tuned,gbdt,covariate_shift,0.2,3786371880,test_only,True,low,True,ok,,0.6333333333333333,0.9543919753086421,1.005449809172327,0.4366613039542191,0.08200579818644212,0.48189749055364284,0.08304024665140475,0.052287659281112134,0.8642218130316293,-0.4149870109943402,0.2816376405344705,1400,catboost_tuned,0.4070432555599014,True,utility_gap,,1337
mfeat-fourier,catboost_tuned,gbdt,covariate_shift,0.3,2619961808,test_only,True,low,True,ok,,0.43833333333333335,0.8947283950617283,1.8436161387178778,0.8006723157929543,0.19771027629346904,0.7716010454987544,0.1949683595736415,0.08756045683228722,0.7232873899995574,-0.7888630706272335,0.09916118827502479,1400,catboost_tuned,0.4070432555599014,True,utility_gap;ece;nll,,1337
mfeat-fourier,catboost_tuned,gbdt,covariate_shift,0.4,4262658322,test_only,True,low,True,ok,,0.2783333333333333,0.8095740740740741,3.0435570194949277,1.321800018924555,0.3934206732444131,1.0415265462548533,0.3934206732444131,0.11051955699449087,0.5168097565106192,-1.5152450862495161,-0.15012321440032317,1400,catboost_tuned,0.4070432555599014,True,utility_gap;ece;nll,,1337
mfeat-fourier,gbdt_ensemble,gbdt,covariate_shift,0.0,658848855,test_only,True,medium,True,ok,,0.825,0.9823827160493828,0.4340379525607052,0.18850028773369965,0.022759324570388394,0.2291362938024442,0.035131352598722354,0.015721341716335935,1.1117987639067244,-0.2275934901029547,0.40648199938309637,1400,catboost_tuned,0.4070432555599014,False,,,1337
mfeat-fourier,gbdt_ensemble,gbdt,covariate_shift,0.05,707709813,test_only,True,low,True,ok,,0.8166666666666667,0.9814290123456789,0.4583148447434858,0.19904360804644144,0.029892712373243452,0.2383210014618847,0.04082578454686555,0.019934278469042166,1.1545261434133465,-0.2867298132271045,0.4003085294324065,1400,catboost_tuned,0.4070432555599014,False,,,1337
mfeat-fourier,gbdt_ensemble,gbdt,covariate_shift,0.1,3358277931,test_only,True,low,True,ok,,0.8016666666666666,0.9787561728395062,0.5287964521862227,0.22965338123449325,0.032893325732267366,0.26743123391807955,0.04663097844789029,0.02578700480943686,1.0253140162427168,0.061392721313012454,0.38733998097702566,1400,catboost_tuned,0.4070432555599014,False,,,1337
mfeat-fourier,gbdt_ensemble,gbdt,covariate_shift,0.2,3786371880,test_only,True,low,True,ok,,0.6233333333333333,0.9522067901234568,1.0341896342365098,0.4491428513904585,0.07756936526760522,0.49003813482187875,0.07324663058960545,0.055028903367485914,0.9165377737130729,-0.3928966749888433,0.27651564807255125,1400,catboost_tuned,0.4070432555599014,True,utility_gap,,1337
mfeat-fourier,gbdt_ensemble,gbdt,covariate_shift,0.3,2619961808,test_only,True,low,True,ok,,0.415,0.9070493827160494,1.7910788520000611,0.7778556620772376,0.19780745269579755,0.756824393754902,0.19638938942767817,0.08802265097712066,0.9408137203518157,-0.9585209918965022,0.10679909478828649,1400,catboost_tuned,0.4070432555599014,True,utility_gap;ece;nll,,1337
mfeat-fourier,gbdt_ensemble,gbdt,covariate_shift,0.4,4262658322,test_only,True,low,True,ok,,0.26,0.775145061728395,2.6619283839874766,1.1560608083874013,0.3136873246765807,0.9912171086564998,0.3136873246765807,0.10339556172347938,0.40991836961905,-1.218668760359176,-0.09925493584659831,1400,catboost_tuned,0.4070432555599014,True,utility_gap;ece;nll,,1337
mfeat-fourier,lightgbm,gbdt,covariate_shift,0.0,658848855,test_only,True,medium,True,ok,,0.8333333333333334,0.9782500000000001,0.7711914052186102,0.33492417177765704,0.12042717370176217,0.26809926212716684,0.12042761826890344,0.02684384995856977,0.35281676586837907,-0.4884322365885636,0.34282481372635043,1400,catboost_tuned,0.4070432555599014,True,utility_gap;ece,,1337
mfeat-fourier,lightgbm,gbdt,covariate_shift,0.05,707709813,test_only,True,low,True,ok,,0.835,0.9762222222222222,0.8235501713076873,0.3576632949694063,0.12237275124865848,0.28199425181341836,0.1189693800178484,0.027651818972062613,0.31657904644007956,-0.2721629499488721,0.33515423903722413,1400,catboost_tuned,0.4070432555599014,True,utility_gap;ece,,1337
mfeat-fourier,lightgbm,gbdt,covariate_shift,0.1,3358277931,test_only,True,low,True,ok,,0.8033333333333333,0.9711851851851853,1.0311447220852488,0.44782046284528565,0.1459467276335362,0.3401099120307002,0.14112784292771394,0.03412028209892848,0.3148132961752029,-0.3885257097838235,0.29687933043452186,1400,catboost_tuned,0.4070432555599014,True,utility_gap;ece,,1337
mfeat-fourier,lightgbm,gbdt,covariate_shift,0.2,3786371880,test_only,True,low,True,ok,,0.6116666666666667,0.9196234567901236,2.3513728015895854,1.0211882326277466,0.2854225689816202,0.6589234425402535,0.28542256898162005,0.0676566693678059,0.2197047027251547,-0.691680159576359,0.050177226291895215,1400,catboost_tuned,0.4070432555599014,True,utility_gap;ece;nll,,1337
mfeat-fourier,lightgbm,gbdt,covariate_shift,0.3,2619961808,test_only,True,low,True,ok,,0.41,0.8326604938271606,4.717694031113681,2.0488684850205794,0.4800171352054983,1.0307950693454286,0.48001713520549816,0.10769948820615143,0.11926238633958723,-0.9989506925219431,-0.3577327997077672,1400,catboost_tuned,0.4070432555599014,True,utility_gap;ece;nll,,1337
mfeat-fourier,lightgbm,gbdt,covariate_shift,0.4,4262658322,test_only,True,low,True,ok,,0.24833333333333332,0.735824074074074,7.415370044222855,3.220454291476658,0.6426149493438417,1.353368174222516,0.6426149493438416,0.1392058077398478,0.09533238220404268,-1.6401233295803737,-0.7998708513858398,1400,catboost_tuned,0.4070432555599014,True,utility_gap;ece;nll,,1337
mfeat-fourier,lightgbm_tuned,gbdt,covariate_shift,0.0,658848855,test_only,True,medium,True,ok,,0.8183333333333334,0.9791728395061728,0.5260750610108125,0.22847149606391237,0.0684984811703499,0.2535198827966798,0.06257326828293082,0.017757641615407386,0.6805525852634112,-0.24588216593402315,0.38321934877391683,1400,catboost_tuned,0.4070432555599014,False,,,1337
mfeat-fourier,lightgbm_tuned,gbdt,covariate_shift,0.05,707709813,test_only,True,low,True,ok,,0.8166666666666667,0.9771666666666666,0.558971484764374,0.2427582313744352,0.07009449698506175,0.2680721158074174,0.0657330424340421,0.020900178755180965,0.6019836018922037,-0.16661060953019086,0.3776619645239904,1400,catboost_tuned,0.4070432555599014,False,,,1337
mfeat-fourier,lightgbm_tuned,gbdt,covariate_shift,0.1,3358277931,test_only,True,low,True,ok,,0.79,0.9739537037037037,0.6723135995185149,0.2919820863794037,0.09091790841901366,0.3068193058746826,0.08442089228734961,0.02546414448477698,0.6246007140666777,-0.31614009732412307,0.3536055886986724,1400,catboost_tuned,0.4070432555599014,True,utility_gap,,1337
mfeat-fourier,lightgbm_tuned,gbdt,covariate_shift,0.2,3786371880,test_only,True,low,True,ok,,0.6116666666666667,0.9312716049382717,1.5373149514583717,0.6676474003657362,0.2183261338797404,0.5962467865170119,0.21832613387974037,0.0575402977338933,0.4377133524681056,-0.7943071009932219,0.1737356148427261,1400,catboost_tuned,0.4070432555599014,True,utility_gap;ece,,1337
mfeat-fourier,lightgbm_tuned,gbdt,covariate_shift,0.3,2619961808,test_only,True,low,True,ok,,0.43166666666666664,0.8590339506172839,3.0034878646119307,1.3043982060643424,0.39644162590523285,0.917136435634138,0.39644162590523285,0.09312535128612956,0.29975662534043457,-1.2027215698138272,-0.10519590428429994,1400,catboost_tuned,0.4070432555599014,True,utility_gap;ece;nll,,1337
mfeat-fourier,lightgbm_tuned,gbdt,covariate_shift,0.4,4262658322,test_only,True,low,True,ok,,0.26,0.7642376543209877,4.686725951714534,2.0354192190223883,0.5661789617750612,1.223994297788794,0.566178961775061,0.12539479425299066,0.23039054983401938,-1.8215293884933053,-0.4173783790493831,1400,catboost_tuned,0.4070432555599014,True,utility_gap;ece;nll,,1337
mfeat-fourier,xgboost_tuned,gbdt,covariate_shift,0.0,658848855,test_only,True,medium,True,ok,,0.8266666666666667,0.9782314814814814,0.5051601792638868,0.21938827833156352,0.03764274335211106,0.25386675072569903,0.04271019889293172,0.017761527278610693,0.8229422039230405,0.1307187279118001,0.39303598634862724,1400,catboost_tuned,0.4070432555599014,False,,,1337
mfeat-fourier,xgboost_tuned,gbdt,covariate_shift,0.05,707709813,test_only,True,low,True,ok,,0.83,0.9768055555555554,0.5190823174066986,0.2254345861032815,0.055336446680815825,0.26210162778174,0.04704886969316907,0.017805545150445145,0.7513303616268497,0.28345767954222784,0.38768427927729676,1400,catboost_tuned,0.4070432555599014,False,,,1337
mfeat-fourier,xgboost_tuned,gbdt,covariate_shift,0.1,3358277931,test_only,True,low,True,ok,,0.7816666666666666,0.974,0.6126160927046995,0.26605578858678197,0.05098584176467422,0.304958168151115,0.05000862127220212,0.024689235130033814,0.8951022774165882,-0.0859148995234161,0.3681360950710305,1400,catboost_tuned,0.4070432555599014,True,utility_gap,,1337
mfeat-fourier,xgboost_tuned,gbdt,covariate_shift,0.2,3786371880,test_only,True,low,True,ok,,0.58,0.9321172839506173,1.2520032521913678,0.5437381037516363,0.15006560725055146,0.5719775343328807,0.14664616722615292,0.05388533933035298,0.6648744299751774,-0.5841627908337028,0.22010649680711478,1400,catboost_tuned,0.4070432555599014,True,utility_gap;ece,,1337
mfeat-fourier,xgboost_tuned,gbdt,covariate_shift,0.3,2619961808,test_only,True,low,True,ok,,0.36,0.8608456790123457,2.2369803782302586,0.9715082343912504,0.36038132129285616,0.9036180942342609,0.36038132129285627,0.09199693254166616,0.6085966373287331,-1.5248213641272983,-0.008232746921625414,1400,catboost_tuned,0.4070432555599014,True,utility_gap;ece;nll,,1337
mfeat-fourier,xgboost_tuned,gbdt,covariate_shift,0.4,4262658322,test_only,True,low,True,ok,,0.25666666666666665,0.7717283950617284,3.2040260112723877,1.3914908165700839,0.48402232443850546,1.1325900897051333,0.48402232443850557,0.11395561343016296,0.33628812834002214,-1.6096788269190927,-0.20564677158712136,1400,catboost_tuned,0.4070432555599014,True,utility_gap;ece;nll,,1337
mfeat-fourier,catboost_tuned,gbdt,label_noise,0.0,4133957971,train_only,True,medium,True,ok,,0.8316666666666667,0.9830864197530863,0.4269677400425697,0.1854297334511901,0.030790356591609135,0.22722326902717857,0.031198828739256952,0.016260258422122576,1.062374050027889,-0.24661713841449606,0.4070432555599014,1400,catboost_tuned,0.4070432555599014,False,,,1337
mfeat-fourier,catboost_tuned,gbdt,label_noise,0.05,1895573682,train_only,True,medium,True,ok,,0.835,0.9824166666666667,0.4722929566939675,0.20511422493396153,0.05627284120843259,0.2344501348240677,0.05652993052946255,0.022224953691177114,1.2392629907193766,0.29255266525141793,0.3963069976114584,1400,catboost_tuned,0.4070432555599014,False,,,1337
mfeat-fourier,catboost_tuned,gbdt,label_noise,0.1,958974539,train_only,True,medium,True,ok,,0.82,0.9795154320987655,0.6021950836094341,0.2615300018408446,0.13851114975166506,0.2752193764908376,0.1385111497516651,0.03677225882391556,1.5582702362812437,0.7892782112950343,0.3596691707319815,1400,catboost_tuned,0.4070432555599014,True,utility_gap;ece,,1337
mfeat-fourier,catboost_tuned,gbdt,label_noise,0.2,1861176723,train_only,True,medium,True,ok,,0.82,0.9790679012345679,0.7367024377054227,0.3199458035001392,0.235862339074176,0.32432777298941734,0.23464145247412643,0.05198896664994498,1.756536307294603,1.4395811907878897,0.3225175565672218,1400,catboost_tuned,0.4070432555599014,True,utility_gap;ece,,1337
mfeat-fourier,catboost_tuned,gbdt,label_noise,0.3,3512684032,train_only,True,medium,True,ok,,0.8016666666666666,0.9752592592592592,0.891966307629228,0.38737604544699206,0.298548951431566,0.388596727375182,0.298548951431566,0.07128477561401056,1.8218261886749596,1.8733200283526648,0.2856681368203299,1400,catboost_tuned,0.4070432555599014,True,utility_gap;ece,,1337
mfeat-fourier,catboost_tuned,gbdt,label_noise,0.4,827801031,train_only,True,medium,True,ok,,0.7933333333333333,0.9679783950617283,1.0755256934224193,0.4670948737985252,0.3784792768803281,0.4725016052035045,0.37847927688032806,0.08373212142402373,2.1516338891235636,2.5567243281304504,0.2419681207559817,1400,catboost_tuned,0.4070432555599014,True,utility_gap;ece,,1337
mfeat-fourier,gbdt_ensemble,gbdt,label_noise,0.0,4133957971,train_only,True,medium,True,ok,,0.825,0.9823827160493828,0.4340379525607052,0.18850028773369965,0.022759324570388394,0.2291362938024442,0.035131352598722354,0.015721341716335935,1.1117987639067244,-0.2275934901029547,0.40648199938309637,1400,catboost_tuned,0.4070432555599014,False,,,1337
mfeat-fourier,gbdt_ensemble,gbdt,label_noise,0.05,1895573682,train_only,True,medium,True,ok,,0.8266666666666667,0.9813179012345679,0.4801080691084273,0.20850828513101505,0.05225714736945762,0.23779897029771813,0.0493137982183156,0.023485769469677287,1.3149610170288075,0.16836595479170066,0.3944573504189026,1400,catboost_tuned,0.4070432555599014,False,,,1337
mfeat-fourier,gbdt_ensemble,gbdt,label_noise,0.1,958974539,train_only,True,medium,True,ok,,0.8116666666666666,0.9774043209876544,0.5547411486187015,0.24092101972977376,0.062372839910821105,0.2695139479746346,0.0661621953316481,0.027301983798097607,1.2611543646568553,0.2931346861386603,0.3790906384445827,1400,catboost_tuned,0.4070432555599014,False,,,1337
mfeat-fourier,gbdt_ensemble,gbdt,label_noise,0.2,1861176723,train_only,True,medium,True,ok,,0.8216666666666667,0.975820987654321,0.6545675928325057,0.2842750935998517,0.16312538650119326,0.2963816217082706,0.16246951569596652,0.039134843922607146,1.3544548516271502,0.9686809026367532,0.3468797402988182,1400,catboost_tuned,0.4070432555599014,True,utility_gap;ece,,1337
mfeat-fourier,gbdt_ensemble,gbdt,label_noise,0.3,3512684032,train_only,True,medium,True,ok,,0.78,0.9719969135802469,0.8023261641991262,0.3484458257982828,0.20511194929854318,0.35810234715812783,0.20394795875769084,0.05335842101010503,1.6349734061920684,1.2027699966334784,0.31164278215389285,1400,catboost_tuned,0.4070432555599014,True,utility_gap;ece,,1337
mfeat-fourier,gbdt_ensemble,gbdt,label_noise,0.4,827801031,train_only,True,medium,True,ok,,0.7633333333333333,0.9614228395061728,0.9660168308836533,0.4195357790784374,0.2609989296489171,0.4266166271382066,0.25690494073127285,0.061238513264221715,1.5670858105503005,1.4857673393902584,0.2729374741738458,1400,catboost_tuned,0.4070432555599014,True,utility_gap;ece,,1337
mfeat-fourier,lightgbm,gbdt,label_noise,0.0,4133957971,train_only,True,medium,True,ok,,0.8333333333333334,0.9782500000000001,0.7711914052186102,0.33492417177765704,0.12042717370176217,0.26809926212716684,0.12042761826890344,0.02684384995856977,0.35281676586837907,-0.4884322365885636,0.34282481372635043,1400,catboost_tuned,0.4070432555599014,True,utility_gap;ece,,1337
mfeat-fourier,lightgbm,gbdt,label_noise,0.05,1895573682,train_only,True,medium,True,ok,,0.83,0.9780802469135802,0.7353757511774351,0.3193696308618188,0.11124444975489081,0.27489467194679484,0.11089180726040751,0.0274024406205202,0.4013635853866565,-0.44653481899177844,0.3487683072102292,1400,catboost_tuned,0.4070432555599014,True,utility_gap;ece,,1337
mfeat-fourier,lightgbm,gbdt,label_noise,0.1,958974539,train_only,True,medium,True,ok,,0.815,0.9732222222222223,0.825797255435254,0.3586391912063809,0.12576440968690678,0.3128067354911811,0.11740933353606647,0.03026379074832001,0.3878471406535222,-0.3527130420432101,0.3301331384784822,1400,catboost_tuned,0.4070432555599014,True,utility_gap;ece,,1337
mfeat-fourier,lightgbm,gbdt,label_noise,0.2,1861176723,train_only,True,medium,True,ok,,0.785,0.9677870370370372,0.8046812224303465,0.3494686145926626,0.11486040644567808,0.3422333307510535,0.1143699563982505,0.03194891258559159,0.47868343017826226,-0.3353464541024055,0.32866279729602854,1400,catboost_tuned,0.4070432555599014,True,utility_gap;ece,,1337
mfeat-fourier,lightgbm,gbdt,label_noise,0.3,3512684032,train_only,True,medium,True,ok,,0.7566666666666667,0.9631604938271604,0.8152351867163649,0.3540521430442844,0.1126021582527631,0.3568079656694625,0.11300574372003751,0.029335370251950488,0.6411684053838611,-0.5403745873180491,0.32187009827566815,1400,catboost_tuned,0.4070432555599014,True,utility_gap;ece,,1337
mfeat-fourier,lightgbm,gbdt,label_noise,0.4,827801031,train_only,True,medium,True,ok,,0.7033333333333334,0.9416141975308641,1.0095695644396527,0.43845049093361055,0.09677930984305355,0.4314666935113714,0.08939280375968126,0.032517365705697354,0.5768250507182354,-0.21185218006298942,0.2841739598871085,1400,catboost_tuned,0.4070432555599014,True,utility_gap,,1337
mfeat-fourier,lightgbm_tuned,gbdt,label_noise,0.0,4133957971,train_only,True,medium,True,ok,,0.8183333333333334,0.9791728395061728,0.5260750610108125,0.22847149606391237,0.0684984811703499,0.2535198827966798,0.06257326828293082,0.017757641615407386,0.6805525852634112,-0.24588216593402315,0.38321934877391683,1400,catboost_tuned,0.4070432555599014,False,,,1337
mfeat-fourier,lightgbm_tuned,gbdt,label_noise,0.05,1895573682,train_only,True,medium,True,ok,,0.82,0.9777067901234568,0.5124993881894241,0.22257565626945947,0.04168287833644648,0.2527982298879338,0.03475614403685049,0.017861930951510136,0.9388790771188905,-0.09811620716178396,0.39008810399508276,1400,catboost_tuned,0.4070432555599014,False,,,1337
mfeat-fourier,lightgbm_tuned,gbdt,label_noise,0.1,958974539,train_only,True,medium,True,ok,,0.7833333333333333,0.9694691358024692,0.6275482952279979,0.2725407617453123,0.028789753821967946,0.2984369234020975,0.027156924232957014,0.021266779016872496,0.9853383205793165,-0.0971013419701148,0.3692940182428769,1400,catboost_tuned,0.4070432555599014,True,utility_gap,,1337
mfeat-fourier,lightgbm_tuned,gbdt,label_noise,0.2,1861176723,train_only,True,medium,True,ok,,0.7766666666666666,0.9653148148148147,0.7305173153378826,0.3172596389860201,0.09046378731228395,0.3379603770755898,0.09493194794942976,0.03261587331386479,1.1640290733739123,0.504859863980608,0.34108953602692227,1400,catboost_tuned,0.4070432555599014,True,utility_gap,,1337
mfeat-fourier,lightgbm_tuned,gbdt,label_noise,0.3,3512684032,train_only,True,medium,True,ok,,0.765,0.9576018518518519,0.8600495814499743,0.3735147873869252,0.1702305664247045,0.37675972941797903,0.17023056642470447,0.0433023192180844,1.4224334460735863,0.9426647689860005,0.3038100986471296,1400,catboost_tuned,0.4070432555599014,True,utility_gap;ece,,1337
mfeat-fourier,lightgbm_tuned,gbdt,label_noise,0.4,827801031,train_only,True,medium,True,ok,,0.7066666666666667,0.9479043209876542,1.0547931077224555,0.45809082623344466,0.20677446730677582,0.4732129427862958,0.20346797210656623,0.05448908920407084,1.2312491952696722,1.0523677895450003,0.25898437101429034,1400,catboost_tuned,0.4070432555599014,True,utility_gap;ece,,1337
mfeat-fourier,xgboost_tuned,gbdt,label_noise,0.0,4133957971,train_only,True,medium,True,ok,,0.8266666666666667,0.9782314814814814,0.5051601792638868,0.21938827833156352,0.03764274335211106,0.25386675072569903,0.04271019889293172,0.017761527278610693,0.8229422039230405,0.1307187279118001,0.39303598634862724,1400,catboost_tuned,0.4070432555599014,False,,,1337
mfeat-fourier,xgboost_tuned,gbdt,label_noise,0.05,1895573682,train_only,True,medium,True,ok,,0.8133333333333334,0.9760030864197532,0.5562370932814731,0.24157070024204808,0.053510033778296204,0.26954285675659034,0.043521664998114974,0.021541758402640263,1.0862483410840231,0.2244908227891675,0.38042786341863993,1400,catboost_tuned,0.4070432555599014,False,,,1337
mfeat-fourier,xgboost_tuned,gbdt,label_noise,0.1,958974539,train_only,True,medium,True,ok,,0.7916666666666666,0.9720246913580246,0.6242071569379338,0.2710897238226618,0.06072300547035359,0.29066940463445146,0.07110795671071483,0.028314212483821783,1.2408853044600792,0.2815853765804465,0.3654871237344393,1400,catboost_tuned,0.4070432555599014,True,utility_gap,,1337
mfeat-fourier,xgboost_tuned,gbdt,label_noise,0.2,1861176723,train_only,True,medium,True,ok,,0.7783333333333333,0.968145061728395,0.7629913963239684,0.3313629531631565,0.15120978097283044,0.34486108889787637,0.15057856153322577,0.04143257983437158,1.365074908757833,0.8232768139821396,0.32594992946142515,1400,catboost_tuned,0.4070432555599014,True,utility_gap;ece,,1337
mfeat-fourier,xgboost_tuned,gbdt,label_noise,0.3,3512684032,train_only,True,medium,True,ok,,0.7583333333333333,0.9590617283950618,0.9183712440110696,0.3988435636126323,0.2216219372423445,0.3983904020357982,0.22200014921900812,0.053310647560322014,1.697791003645201,1.3019330294108307,0.28544414840601295,1400,catboost_tuned,0.4070432555599014,True,utility_gap;ece,,1337
mfeat-fourier,xgboost_tuned,gbdt,label_noise,0.4,827801031,train_only,True,medium,True,ok,,0.73,0.9567592592592593,1.0704466333839906,0.4648890660505803,0.27421462238432903,0.472276717830804,0.27421462238432903,0.06739553397482617,1.6992417451809119,1.635819152507254,0.25005609644870086,1400,catboost_tuned,0.4070432555599014,True,utility_gap;ece,,1337
mfeat-karhunen,catboost_tuned,gbdt,covariate_shift,0.0,3768613981,test_only,True,medium,True,ok,,0.9633333333333334,0.9990555555555556,0.1353264946518943,0.05877154988262761,0.04203352885523709,0.056231126647479354,0.03371533190735314,0.012395451611222085,1.5304939785092186,0.44455515542123497,0.46813127370860874,1400,xgboost_tuned,0.47399879162174585,False,,,1337
mfeat-karhunen,catboost_tuned,gbdt,covariate_shift,0.05,2286937281,test_only,True,low,True,ok,,0.9683333333333334,0.9990802469135802,0.140630256688146,0.061074944468299676,0.052364284833410414,0.05727391353582193,0.044058237671700334,0.012980176657731005,1.4584397555461264,0.8256435941787165,0.46613274611258104,1400,xgboost_tuned,0.47399879162174585,False,,,1337
mfeat-karhunen,catboost_tuned,gbdt,covariate_shift,0.1,3521650412,test_only,True,low,True,ok,,0.9466666666666667,0.9987654320987653,0.1880486525264218,0.08166849212156697,0.05059759843778316,0.08450887604765536,0.04635676729550234,0.016346708048899733,1.3738540148357155,0.5870817905234158,0.4569478339105411,1400,xgboost_tuned,0.47399879162174585,False,,,1337
mfeat-karhunen,catboost_tuned,gbdt,covariate_shift,0.2,1792715657,test_only,True,low,True,ok,,0.8783333333333333,0.9953148148148147,0.4109904795924051,0.17849089740175256,0.06973933953397257,0.199424599511228,0.0759427700105029,0.032447508238618326,1.020864470904428,0.6010678266290498,0.4126150480578648,1400,xgboost_tuned,0.47399879162174585,True,utility_gap,,1337
mfeat-karhunen,catboost_tuned,gbdt,covariate_shift,0.3,543024026,test_only,True,low,True,ok,,0.6516666666666666,0.976716049382716,0.9433537278231263,0.40969331847644586,0.06450995897235964,0.47631305974784227,0.06614174738078729,0.062274160597839856,0.6057781654156673,0.13446127673094824,0.3037906299465449,1400,xgboost_tuned,0.47399879162174585,True,utility_gap,,1337
mfeat-karhunen,catboost_tuned,gbdt,covariate_shift,0.4,4226602511,test_only,True,low,True,ok,,0.4083333333333333,0.9369845679012345,1.567234105356999,0.6806411238071242,0.17628422640950578,0.7534809846581174,0.1711024499222327,0.08298690284451272,0.41818391887971185,-0.5969452219835077,0.14974541634139366,1400,xgboost_tuned,0.47399879162174585,True,utility_gap;ece,,1337
mfeat-karhunen,gbdt_ensemble,gbdt,covariate_shift,0.0,3768613981,test_only,True,medium,True,ok,,0.97,0.9991574074074074,0.1387716101078683,0.060267744514676716,0.04565469870776791,0.057531219338429446,0.045654698707767956,0.01250147475033191,1.3588864871298734,0.9862008177645814,0.467993829496636,1400,xgboost_tuned,0.47399879162174585,False,,,1337
mfeat-karhunen,gbdt_ensemble,gbdt,covariate_shift,0.05,2286937281,test_only,True,low,True,ok,,0.9666666666666667,0.9991358024691358,0.1410895619337151,0.06127441820195956,0.05272211981742376,0.05846086829887665,0.04915705720422388,0.01386282690330681,1.51629255578085,0.8721610813508449,0.4657707814401249,1400,xgboost_tuned,0.47399879162174585,False,,,1337
mfeat-karhunen,gbdt_ensemble,gbdt,covariate_shift,0.1,3521650412,test_only,True,low,True,ok,,0.9516666666666667,0.9989012345679011,0.19102617303869734,0.08296161284980198,0.05906729683994731,0.08454757948374064,0.05906729683994724,0.018067555743173782,1.3383663433126876,0.875317530894665,0.45566348887583535,1400,xgboost_tuned,0.47399879162174585,False,,,1337
mfeat-karhunen,gbdt_ensemble,gbdt,covariate_shift,0.2,1792715657,test_only,True,low,True,ok,,0.8816666666666667,0.9952222222222223,0.42212447003988535,0.18332632801465673,0.0834936180460861,0.20433273361713217,0.08732756054777409,0.03535819085512078,0.9555277794697228,0.8257555186886958,0.40888115576416356,1400,xgboost_tuned,0.47399879162174585,True,utility_gap,,1337
mfeat-karhunen,gbdt_ensemble,gbdt,covariate_shift,0.3,543024026,test_only,True,low,True,ok,,0.6966666666666667,0.982962962962963,0.8410011639305461,0.36524216476924826,0.06944036952104062,0.42526797717730436,0.0755640970647388,0.05996717817277245,0.7669022236720233,0.25359664579528424,0.3250763137020544,1400,xgboost_tuned,0.47399879162174585,True,utility_gap,,1337
mfeat-karhunen,gbdt_ensemble,gbdt,covariate_shift,0.4,4226602511,test_only,True,low,True,ok,,0.43166666666666664,0.9435462962962964,1.527583973931347,0.6634212905222249,0.15325751896306108,0.7307259532752549,0.14155686218271044,0.08445526410796234,0.3681072220391338,-0.4281226919172239,0.16531331275442399,1400,xgboost_tuned,0.47399879162174585,True,utility_gap;ece,,1337
mfeat-karhunen,lightgbm,gbdt,covariate_shift,0.0,3768613981,test_only,True,medium,True,ok,,0.9683333333333334,0.9988117283950617,0.13940448820461573,0.06054259997981157,0.024079739476246705,0.05323145921878952,0.014192832494309165,0.006804953459459059,0.5394810649941421,0.10564201173578239,0.47185537704907876,1400,xgboost_tuned,0.47399879162174585,False,,,1337
mfeat-karhunen,lightgbm,gbdt,covariate_shift,0.05,2286937281,test_only,True,low,True,ok,,0.9633333333333334,0.9985679012345677,0.15971501271649513,0.06936334869988152,0.02484154798084424,0.059934731761834496,0.01993692109379637,0.0073045505919743835,0.5832301672842272,-0.2092208201455685,0.46822145122596537,1400,xgboost_tuned,0.47399879162174585,False,,,1337
mfeat-karhunen,lightgbm,gbdt,covariate_shift,0.1,3521650412,test_only,True,low,True,ok,,0.9466666666666667,0.997435185185185,0.2485076513399268,0.10792550168766744,0.037128189021263636,0.09334612929362686,0.02820980560919242,0.01054910130317453,0.5060402471585117,0.005298032951335512,0.45129902650426174,1400,xgboost_tuned,0.47399879162174585,False,,,1337
mfeat-karhunen,lightgbm,gbdt,covariate_shift,0.2,1792715657,test_only,True,low,True,ok,,0.8433333333333334,0.9897932098765434,0.6018004390761004,0.26135860989770443,0.09783651125371692,0.2552851828734804,0.08813406607857277,0.028056469645852573,0.4203681164947923,-0.08723768095985668,0.37495273823673547,1400,xgboost_tuned,0.47399879162174585,True,utility_gap,,1337
mfeat-karhunen,lightgbm,gbdt,covariate_shift,0.3,543024026,test_only,True,low,True,ok,,0.615,0.9504135802469135,1.5417293283816533,0.6695645399045584,0.24333421864758709,0.5990612900930908,0.2308580632465138,0.06301434208750002,0.2560541101138611,-0.3827890165508819,0.17535854738553475,1400,xgboost_tuned,0.47399879162174585,True,utility_gap;ece,,1337
mfeat-karhunen,lightgbm,gbdt,covariate_shift,0.4,4226602511,test_only,True,low,True,ok,,0.37333333333333335,0.8795833333333333,2.815493330126556,1.2227532171093736,0.43336871762161444,1.0000271149941404,0.43336871762161444,0.10401272292252188,0.1402517539870323,-0.9178239656795141,-0.08964554199046831,1400,xgboost_tuned,0.47399879162174585,True,utility_gap;ece;nll,,1337
mfeat-karhunen,lightgbm_tuned,gbdt,covariate_shift,0.0,3768613981,test_only,True,medium,True,ok,,0.9583333333333334,0.9991296296296296,0.1226341499335904,0.05325933460905434,0.015126214222150875,0.05778506491684427,0.013602530767582928,0.007532263560982434,1.1108402290331392,-0.7492483860228729,0.4744423271432239,1400,xgboost_tuned,0.47399879162174585,False,,,1337
mfeat-karhunen,lightgbm_tuned,gbdt,covariate_shift,0.05,2286937281,test_only,True,low,True,ok,,0.96,0.998783950617284,0.14974467348703488,0.06503328538982342,0.01818113874291722,0.06648062787263223,0.010932838083746527,0.008055700625036046,0.802458724078559,-0.04010344457531223,0.4704281693505189,1400,xgboost_tuned,0.47399879162174585,False,,,1337
mfeat-karhunen,lightgbm_tuned,gbdt,covariate_shift,0.1,3521650412,test_only,True,low,True,ok,,0.9383333333333334,0.9974814814814813,0.2227327579948289,0.09673160773624657,0.03292770224646427,0.09857365178276802,0.018384667008826763,0.012072450105079235,0.749772028058704,0.004910065917327515,0.45426349574835156,1400,xgboost_tuned,0.47399879162174585,False,,,1337
mfeat-karhunen,lightgbm_tuned,gbdt,covariate_shift,0.2,1792715657,test_only,True,low,True,ok,,0.835,0.9907962962962964,0.514209635879486,0.22331840740394113,0.0639314354792334,0.2534390356852243,0.06275683901695318,0.029631726629398815,0.5991282588793707,0.012101335697453785,0.39224689438667476,1400,xgboost_tuned,0.47399879162174585,True,utility_gap,,1337
mfeat-karhunen,lightgbm_tuned,gbdt,covariate_shift,0.3,543024026,test_only,True,low,True,ok,,0.5883333333333334,0.9549413580246913,1.3357953967828091,0.5801285697745387,0.21168791352286015,0.6126942631827155,0.21168791352286012,0.0656581723115987,0.3178192327449095,-0.3713062899050667,0.2061033216717083,1400,xgboost_tuned,0.47399879162174585,True,utility_gap;ece,,1337
mfeat-karhunen,lightgbm_tuned,gbdt,covariate_shift,0.4,4226602511,test_only,True,low,True,ok,,0.34,0.8909876543209878,2.40470976451216,1.044352181306499,0.4294767050176619,0.9965388774817943,0.4287225955137615,0.10251093626721215,0.1823434344784702,-1.0463126857446385,-0.03635531638313641,1400,xgboost_tuned,0.47399879162174585,True,utility_gap;ece;nll,,1337
mfeat-karhunen,xgboost_tuned,gbdt,covariate_shift,0.0,3768613981,test_only,True,medium,True,ok,,0.96,0.9988487654320988,0.12809078398180485,0.05562912066595928,0.014547700398504724,0.0598642647700724,0.008394073895949084,0.0076634375407867135,1.0701613152589144,0.019416234801509637,0.47399879162174585,1400,xgboost_tuned,0.47399879162174585,False,,,1337
mfeat-karhunen,xgboost_tuned,gbdt,covariate_shift,0.05,2286937281,test_only,True,low,True,ok,,0.9533333333333334,0.9983981481481482,0.15069296849729016,0.06544512467999368,0.014011682570386572,0.07029962676515603,0.010801306705128149,0.009815261435125882,1.0694641823452258,-0.03373085790160695,0.47000347793377645,1400,xgboost_tuned,0.47399879162174585,False,,,1337
mfeat-karhunen,xgboost_tuned,gbdt,covariate_shift,0.1,3521650412,test_only,True,low,True,ok,,0.9333333333333333,0.9974135802469135,0.21085416140066485,0.09157279878264638,0.02577383528905561,0.09898441370144193,0.013863711213400817,0.011579601627428191,0.9239783768082519,0.0642142468297315,0.4564681463938146,1400,xgboost_tuned,0.47399879162174585,False,,,1337
mfeat-karhunen,xgboost_tuned,gbdt,covariate_shift,0.2,1792715657,test_only,True,low,True,ok,,0.8333333333333334,0.9912623456790122,0.4845491168428879,0.2104370076559602,0.03462678099196245,0.24432794548431241,0.027930043585194082,0.028532827748945076,0.7891965467011163,0.08066033377955356,0.40188536249247364,1400,xgboost_tuned,0.47399879162174585,True,utility_gap,,1337
mfeat-karhunen,xgboost_tuned,gbdt,covariate_shift,0.3,543024026,test_only,True,low,True,ok,,0.6233333333333333,0.9626913580246914,1.0985969762870536,0.4771146046370649,0.13845953055070007,0.5232369977263748,0.13842380878618563,0.05558744178560513,0.4604399478823358,-0.25999942565032474,0.2596156878073825,1400,xgboost_tuned,0.47399879162174585,True,utility_gap;ece,,1337
mfeat-karhunen,xgboost_tuned,gbdt,covariate_shift,0.4,4226602511,test_only,True,low,True,ok,,0.3933333333333333,0.8989938271604938,1.8119860727664763,0.7869355526880247,0.2662535181744856,0.8316184059303584,0.2735180434788188,0.080390713700728,0.2399655706837858,-0.6925540049493769,0.08431647006486828,1400,xgboost_tuned,0.47399879162174585,True,utility_gap;ece;nll,,1337
mfeat-karhunen,catboost_tuned,gbdt,label_noise,0.0,2233865914,train_only,True,medium,True,ok,,0.9633333333333334,0.9990555555555556,0.1353264946518943,0.05877154988262761,0.04203352885523709,0.056231126647479354,0.03371533190735314,0.012395451611222085,1.5304939785092186,0.44455515542123497,0.46813127370860874,1400,xgboost_tuned,0.47399879162174585,False,,,1337
mfeat-karhunen,catboost_tuned,gbdt,label_noise,0.05,1807895314,train_only,True,medium,True,ok,,0.9633333333333334,0.9990401234567902,0.19808306799738942,0.08602638338973283,0.09235749137540901,0.07375476116622676,0.09007403460548545,0.021841202560745766,1.9935783665657152,1.4217254906384427,0.4498846299178748,1400,xgboost_tuned,0.47399879162174585,False,,,1337
mfeat-karhunen,catboost_tuned,gbdt,label_noise,0.1,3900671763,train_only,True,medium,True,ok,,0.9616666666666667,0.9982808641975309,0.2725587558094343,0.11837076364245318,0.1392965442558519,0.10037453309286967,0.13929654425585192,0.029358108167710596,1.8473780411743201,1.8789124782335176,0.4302777645252294,1400,xgboost_tuned,0.47399879162174585,True,utility_gap;ece,,1337
mfeat-karhunen,catboost_tuned,gbdt,label_noise,0.2,1398016626,train_only,True,medium,True,ok,,0.9583333333333334,0.9979753086419754,0.5180089013451893,0.22496840743098165,0.31452202731685625,0.19658458510277307,0.3118229884978756,0.06371455025319492,3.1949242237924675,3.812208374817563,0.3626464303320256,1400,xgboost_tuned,0.47399879162174585,True,utility_gap;ece,,1337
mfeat-karhunen,catboost_tuned,gbdt,label_noise,0.3,1255212101,train_only,True,medium,True,ok,,0.95,0.9972283950617283,0.67012573458513,0.29103190871168505,0.3889996668564522,0.2687601224125787,0.3889996668564522,0.07653356292242629,3.18559311551327,4.466597836860617,0.3264204322868089,1400,xgboost_tuned,0.47399879162174585,True,utility_gap;ece,,1337
mfeat-karhunen,catboost_tuned,gbdt,label_noise,0.4,2645509463,train_only,True,medium,True,ok,,0.9483333333333334,0.9964166666666667,0.8512676342208281,0.36970083616494137,0.4847807807562289,0.36069766731210284,0.4847807807562288,0.09518509065720801,4.303414555250406,6.115750266051986,0.28312942633260507,1400,xgboost_tuned,0.47399879162174585,True,utility_gap;ece,,1337
mfeat-karhunen,gbdt_ensemble,gbdt,label_noise,0.0,2233865914,train_only,True,medium,True,ok,,0.97,0.9991574074074074,0.1387716101078683,0.060267744514676716,0.04565469870776791,0.057531219338429446,0.045654698707767956,0.01250147475033191,1.3588864871298734,0.9862008177645814,0.467993829496636,1400,xgboost_tuned,0.47399879162174585,False,,,1337
mfeat-karhunen,gbdt_ensemble,gbdt,label_noise,0.05,1807895314,train_only,True,medium,True,ok,,0.9666666666666667,0.9990802469135802,0.19682471683283936,0.0854798884226722,0.09699805557256368,0.07109360172934179,0.09699805557256369,0.022704108229237876,2.2998554032576264,1.4075052462209858,0.4496345087784387,1400,xgboost_tuned,0.47399879162174585,False,,,1337
mfeat-karhunen,gbdt_ensemble,gbdt,label_noise,0.1,3900671763,train_only,True,medium,True,ok,,0.9616666666666667,0.9984907407407407,0.2710346028197164,0.11770883240944237,0.1486407881477764,0.09805072828874153,0.14299199601363222,0.030244172752721794,2.1434170706877063,1.9185541821446033,0.4286809519068712,1400,xgboost_tuned,0.47399879162174585,True,utility_gap;ece,,1337
mfeat-karhunen,gbdt_ensemble,gbdt,label_noise,0.2,1398016626,train_only,True,medium,True,ok,,0.9516666666666667,0.9978148148148147,0.4051376894412158,0.17594906293535334,0.22795734156792216,0.15212920440603478,0.22679534223735753,0.047457405684043615,2.955445203515087,2.619797549250486,0.3936089979909947,1400,xgboost_tuned,0.47399879162174585,True,utility_gap;ece,,1337
mfeat-karhunen,gbdt_ensemble,gbdt,label_noise,0.3,1255212101,train_only,True,medium,True,ok,,0.94,0.9952006172839507,0.5565659997417399,0.2417135425028043,0.29947359252730615,0.22052144450712655,0.29947359252730615,0.05897673554154594,2.33310308107697,2.964353083122409,0.3569114347930802,1400,xgboost_tuned,0.47399879162174585,True,utility_gap;ece,,1337
mfeat-karhunen,gbdt_ensemble,gbdt,label_noise,0.4,2645509463,train_only,True,medium,True,ok,,0.8983333333333333,0.992141975308642,0.7216369076505847,0.31340292693037547,0.3470596172073445,0.30384607165520366,0.3470596172073445,0.07138000587143678,3.1219103548609,3.2730234970059553,0.31856688983744313,1400,xgboost_tuned,0.47399879162174585,True,utility_gap;ece,,1337
mfeat-karhunen,lightgbm,gbdt,label_noise,0.0,2233865914,train_only,True,medium,True,ok,,0.9683333333333334,0.9988117283950617,0.13940448820461573,0.06054259997981157,0.024079739476246705,0.05323145921878952,0.014192832494309165,0.006804953459459059,0.5394810649941421,0.10564201173578239,0.47185537704907876,1400,xgboost_tuned,0.47399879162174585,False,,,1337
mfeat-karhunen,lightgbm,gbdt,label_noise,0.05,1807895314,train_only,True,medium,True,ok,,0.9666666666666667,0.9987901234567902,0.12955607984620351,0.056265490574223274,0.011972102620404153,0.04795201838507643,0.008671061314556054,0.006206881669875227,0.8472440160893273,-0.2144412350185548,0.4753024755135287,1400,xgboost_tuned,0.47399879162174585,False,,,1337
mfeat-karhunen,lightgbm,gbdt,label_noise,0.1,3900671763,train_only,True,medium,True,ok,,0.96,0.9981882716049382,0.16762789164724418,0.07279986835547433,0.01667150780733922,0.0649071558138289,0.013568455995720352,0.008291293131621944,0.8395974239785152,-0.2341649436076661,0.4681916329936182,1400,xgboost_tuned,0.47399879162174585,False,,,1337
mfeat-karhunen,lightgbm,gbdt,label_noise,0.2,1398016626,train_only,True,medium,True,ok,,0.9333333333333333,0.9961790123456791,0.22811804536756464,0.09907040832568897,0.021356865490037374,0.09936394950851245,0.007672433439551292,0.012555776405884511,0.8473675481545127,0.06759243005483531,0.4546701587252735,1400,xgboost_tuned,0.47399879162174585,False,,,1337
mfeat-karhunen,lightgbm,gbdt,label_noise,0.3,1255212101,train_only,True,medium,True,ok,,0.8933333333333333,0.9922777777777778,0.34360936949749327,0.14922765310301683,0.028096931711493592,0.15513417244486075,0.02028050649371007,0.014922040727007544,0.931572237645238,-0.14984690346603238,0.4309095399490184,1400,xgboost_tuned,0.47399879162174585,True,utility_gap,,1337
mfeat-karhunen,lightgbm,gbdt,label_noise,0.4,2645509463,train_only,True,medium,True,ok,,0.8333333333333334,0.9817808641975307,0.5440764998770569,0.23628942162984104,0.03373209936208772,0.24155151083015666,0.029692580647172576,0.018317795749000533,0.9735711392183057,-0.06749178317694232,0.39099005610776594,1400,xgboost_tuned,0.47399879162174585,True,utility_gap,,1337
mfeat-karhunen,lightgbm_tuned,gbdt,label_noise,0.0,2233865914,train_only,True,medium,True,ok,,0.9583333333333334,0.9991296296296296,0.1226341499335904,0.05325933460905434,0.015126214222150875,0.05778506491684427,0.013602530767582928,0.007532263560982434,1.1108402290331392,-0.7492483860228729,0.4744423271432239,1400,xgboost_tuned,0.47399879162174585,False,,,1337
mfeat-karhunen,lightgbm_tuned,gbdt,label_noise,0.05,1807895314,train_only,True,medium,True,ok,,0.96,0.9978518518518518,0.17056739462062448,0.07407647827635161,0.04572286890264315,0.06603340920086012,0.04060627257096201,0.012377451187920394,1.519139298887807,0.64195520934233,0.461880630884714,1400,xgboost_tuned,0.47399879162174585,False,,,1337
mfeat-karhunen,lightgbm_tuned,gbdt,label_noise,0.1,3900671763,train_only,True,medium,True,ok,,0.95,0.9971234567901236,0.23425382925301644,0.10173514540929159,0.07404753779680123,0.09373286802827095,0.0733766012983066,0.01867872566532685,1.4793023057732468,1.0487453635699124,0.4461631586943955,1400,xgboost_tuned,0.47399879162174585,False,,,1337
mfeat-karhunen,lightgbm_tuned,gbdt,label_noise,0.2,1398016626,train_only,True,medium,True,ok,,0.925,0.9936327160493826,0.43222867151413613,0.18771452695896257,0.18568909659521768,0.16998228936423987,0.18412757640044183,0.0387316926496709,1.9648292452953424,1.7377263576312636,0.39306927321055163,1400,xgboost_tuned,0.47399879162174585,True,utility_gap;ece,,1337
mfeat-karhunen,lightgbm_tuned,gbdt,label_noise,0.3,1255212101,train_only,True,medium,True,ok,,0.8783333333333333,0.9880493827160493,0.60005318866722,0.26059978868662453,0.2294835252398472,0.24596741042267353,0.22948352523984714,0.049057884077562584,2.2506666834474096,1.8459933533700497,0.3534906422966604,1400,xgboost_tuned,0.47399879162174585,True,utility_gap;ece,,1337
mfeat-karhunen,lightgbm_tuned,gbdt,label_noise,0.4,2645509463,train_only,True,medium,True,ok,,0.8483333333333334,0.9809999999999999,0.8179342149965144,0.3552243161328542,0.308724343824059,0.35277305614456583,0.3087243438240589,0.06229443950880457,1.9863951213439828,2.1897875714127975,0.30228783639533185,1400,xgboost_tuned,0.47399879162174585,True,utility_gap;ece,,1337
mfeat-karhunen,xgboost_tuned,gbdt,label_noise,0.0,2233865914,train_only,True,medium,True,ok,,0.96,0.9988487654320988,0.12809078398180485,0.05562912066595928,0.014547700398504724,0.0598642647700724,0.008394073895949084,0.0076634375407867135,1.0701613152589144,0.019416234801509637,0.47399879162174585,1400,xgboost_tuned,0.47399879162174585,False,,,1337
mfeat-karhunen,xgboost_tuned,gbdt,label_noise,0.05,1807895314,train_only,True,medium,True,ok,,0.9533333333333334,0.998246913580247,0.22791147253663424,0.09898069488510476,0.09605063419601581,0.08512964155301654,0.08836492983535979,0.021661533294627243,2.0537805621501484,1.0898981472568843,0.4434820844483518,1400,xgboost_tuned,0.47399879162174585,True,utility_gap,,1337
mfeat-karhunen,xgboost_tuned,gbdt,label_noise,0.1,3900671763,train_only,True,medium,True,ok,,0.9466666666666667,0.9974413580246914,0.30154535359554313,0.13095948311010927,0.1379068889759532,0.11272590325078023,0.13490034330954306,0.0303496291244786,1.8739294292839803,1.6395580799909524,0.42423525258041855,1400,xgboost_tuned,0.47399879162174585,True,utility_gap;ece,,1337
mfeat-karhunen,xgboost_tuned,gbdt,label_noise,0.2,1398016626,train_only,True,medium,True,ok,,0.9283333333333333,0.993895061728395,0.509770782160815,0.22139063772794657,0.25182605205589403,0.19686967756735568,0.2492075915689627,0.051104640736258214,2.8378171918849127,2.688276990370312,0.37033086987537545,1400,xgboost_tuned,0.47399879162174585,True,utility_gap;ece,,1337
mfeat-karhunen,xgboost_tuned,gbdt,label_noise,0.3,1255212101,train_only,True,medium,True,ok,,0.89,0.9892037037037037,0.6694357661466683,0.29073225922617374,0.2937929091834875,0.27200317013571795,0.2937929091834875,0.06167570950636607,2.4402207556193765,2.4837337026159214,0.33374303669174665,1400,xgboost_tuned,0.47399879162174585,True,utility_gap;ece,,1337
mfeat-karhunen,xgboost_tuned,gbdt,label_noise,0.4,2645509463,train_only,True,medium,True,ok,,0.865,0.9859444444444444,0.860446849285193,0.3736873186155983,0.36522576909922655,0.3649618738453573,0.3652257690992267,0.07505911866859256,2.641209343766922,3.095855057855131,0.2896792061510307,1400,xgboost_tuned,0.47399879162174585,True,utility_gap;ece,,1337
mfeat-morphological,catboost_tuned,gbdt,covariate_shift,0.0,2990676479,test_only,False,high,True,ok,,0.7466666666666667,0.9644722222222221,0.6041451832084003,0.26237691933583734,0.048317069525769495,0.3159251888201361,0.04895455975028815,0.02168421181415602,1.2503916716338956,-0.13043373725765192,0.3611887880718726,1400,catboost_tuned,0.3611887880718726,False,,,1337
mfeat-morphological,catboost_tuned,gbdt,covariate_shift,0.05,740486692,test_only,False,low,True,ok,,0.7483333333333333,0.9650185185185187,0.6393283955639126,0.27765679431746665,0.05294225212315322,0.3308267395365478,0.049555831139158624,0.019369619340413126,0.9983305223300252,-0.1315656573931423,0.35612099276161086,1400,catboost_tuned,0.3611887880718726,False,,,1337
mfeat-morphological,catboost_tuned,gbdt,covariate_shift,0.1,919210366,test_only,False,low,True,ok,,0.7116666666666667,0.958256172839506,0.7274224654543665,0.31591556275929017,0.048286902269169464,0.36917844757261004,0.05534114754470718,0.022772971015618225,1.1960498587680481,-0.13299619250723677,0.3377076112122061,1400,catboost_tuned,0.3611887880718726,False,,,1337
mfeat-morphological,catboost_tuned,gbdt,covariate_shift,0.2,2133199783,test_only,False,low,True,ok,,0.5783333333333334,0.9168117283950619,1.234932787509417,0.5363244951367407,0.09509913347598252,0.584889481919325,0.09417879059298934,0.05270052711443385,0.48332138681204084,0.2170242345447346,0.2277169297020529,1400,catboost_tuned,0.3611887880718726,True,utility_gap,,1337
mfeat-morphological,catboost_tuned,gbdt,covariate_shift,0.3,636645240,test_only,False,low,True,ok,,0.285,0.7624537037037037,2.2604573234333514,0.9817041421448985,0.2035861597657322,0.9066971017769799,0.21128609125346637,0.0908799041477702,0.46877747600279346,-0.9311040692486701,-0.02561967830031972,1400,catboost_tuned,0.3611887880718726,True,utility_gap;ece;nll,,1337
mfeat-morphological,catboost_tuned,gbdt,covariate_shift,0.4,2348730450,test_only,False,low,True,ok,,0.20166666666666666,0.6569845679012345,2.6033651425267528,1.1306271157786414,0.28539436463202783,0.9957697643225746,0.285236483804702,0.10843209926857991,0.3714202619673303,-1.331792547909188,-0.1360724088945659,1400,catboost_tuned,0.3611887880718726,True,utility_gap;ece;nll,,1337
mfeat-morphological,gbdt_ensemble,gbdt,covariate_shift,0.0,2990676479,test_only,False,high,True,ok,,0.7383333333333333,0.9643395061728395,0.6414652927465347,0.27858483697227404,0.08206999303038598,0.3418988098597639,0.07967493711728774,0.024883171178621762,0.9188528767806261,-0.3862444124673374,0.3482793774627344,1400,catboost_tuned,0.3611887880718726,False,,,1337
mfeat-morphological,gbdt_ensemble,gbdt,covariate_shift,0.05,740486692,test_only,False,low,True,ok,,0.7383333333333333,0.9644104938271605,0.6518160768092707,0.2830801253740924,0.06272793712225354,0.336433976824633,0.05959428158605419,0.022606246420097204,1.0076640139662287,-0.3648040721797358,0.3508240478028277,1400,catboost_tuned,0.3611887880718726,False,,,1337
mfeat-morphological,gbdt_ensemble,gbdt,covariate_shift,0.1,919210366,test_only,False,low,True,ok,,0.705,0.9579475308641975,0.7701250028123791,0.3344610390971425,0.06918841198469888,0.38603454406987375,0.07987022911408771,0.029280869630922034,0.9801678381193559,-0.37204821992966797,0.3268556416763866,1400,catboost_tuned,0.3611887880718726,True,utility_gap,,1337
mfeat-morphological,gbdt_ensemble,gbdt,covariate_shift,0.2,2133199783,test_only,False,low,True,ok,,0.4816666666666667,0.9021296296296295,1.417105481704376,0.6154410909790601,0.1156834829267582,0.6635532544334988,0.11673108771445763,0.059504789672221114,0.4825747954797827,-0.3250822724158704,0.18022634649130065,1400,catboost_tuned,0.3611887880718726,True,utility_gap;ece,,1337
mfeat-morphological,gbdt_ensemble,gbdt,covariate_shift,0.3,636645240,test_only,False,low,True,ok,,0.22833333333333333,0.7125493827160494,2.5342896863473983,1.100628026324998,0.2882612318783233,0.9541241927309287,0.2914882682990476,0.0961459357068807,0.43553814560773135,-1.27709541738242,-0.10419837032254678,1400,catboost_tuned,0.3611887880718726,True,utility_gap;ece;nll,,1337
mfeat-morphological,gbdt_ensemble,gbdt,covariate_shift,0.4,2348730450,test_only,False,low,True,ok,,0.17666666666666667,0.6273827160493828,3.215872078139533,1.3966354980427422,0.3711318559023945,1.1008967487468622,0.37113185590239456,0.12226975225139983,0.5171842893401073,-1.7349947433547421,-0.24713306997601764,1400,catboost_tuned,0.3611887880718726,True,utility_gap;ece;nll,,1337
mfeat-morphological,lightgbm,gbdt,covariate_shift,0.0,2990676479,test_only,False,high,True,ok,,0.7033333333333334,0.9587901234567899,1.1502643734918072,0.49955347013739293,0.2134925814509912,0.47886918476804036,0.21306006746051467,0.047407229729390064,0.4070775514112527,-0.9495850502747101,0.24851198587846032,1400,catboost_tuned,0.3611887880718726,True,utility_gap;ece,,1337
mfeat-morphological,lightgbm,gbdt,covariate_shift,0.05,740486692,test_only,False,low,True,ok,,0.715,0.9547345679012345,1.1879776403598863,0.5159321338327444,0.18609739058270341,0.4480304277994209,0.18379606181069744,0.041248386966329334,0.36747135077137155,-0.5351974452193907,0.24940798049906804,1400,catboost_tuned,0.3611887880718726,True,utility_gap;ece,,1337
mfeat-morphological,lightgbm,gbdt,covariate_shift,0.1,919210366,test_only,False,low,True,ok,,0.6866666666666666,0.947824074074074,1.33563527557777,0.5800590300187546,0.19791564405208187,0.48693752305486193,0.19791564405208187,0.04612689988059325,0.3838728461089652,-0.4685688626732375,0.22113758810988315,1400,catboost_tuned,0.3611887880718726,True,utility_gap;ece,,1337
mfeat-morphological,lightgbm,gbdt,covariate_shift,0.2,2133199783,test_only,False,low,True,ok,,0.44666666666666666,0.8810432098765434,2.570858772829504,1.116509778792419,0.36278487499318135,0.8567558826195748,0.3578878561226505,0.08542845663465237,0.14377807066890147,-0.5570395536539667,-0.03214478517957174,1400,catboost_tuned,0.3611887880718726,True,utility_gap;ece;nll,,1337
mfeat-morphological,lightgbm,gbdt,covariate_shift,0.3,636645240,test_only,False,low,True,ok,,0.245,0.7316172839506174,5.198405732390447,2.2576389242714034,0.4892291143468166,1.1546744205642454,0.48922911434681643,0.1162374553639511,0.15289495167509382,-1.4388744368045836,-0.48232145076806826,1400,catboost_tuned,0.3611887880718726,True,utility_gap;ece;nll,,1337
mfeat-morphological,lightgbm,gbdt,covariate_shift,0.4,2348730450,test_only,False,low,True,ok,,0.19833333333333333,0.6053641975308641,7.517421616275448,3.2647747260886515,0.5531628195673998,1.2772104335977073,0.5523928592861467,0.13121216872532265,0.1065532345217401,-1.624727217915197,-0.8484375126042729,1400,catboost_tuned,0.3611887880718726,True,utility_gap;ece;nll,,1337
mfeat-morphological,lightgbm_tuned,gbdt,covariate_shift,0.0,2990676479,test_only,False,high,True,ok,,0.7233333333333334,0.9625771604938272,0.6869986146632263,0.2983597074234176,0.09214445851568676,0.35543605104829723,0.09523252581010627,0.02822634988030041,0.8624552884431064,-0.5439865078379441,0.33746520224267684,1400,catboost_tuned,0.3611887880718726,False,,,1337
mfeat-morphological,lightgbm_tuned,gbdt,covariate_shift,0.05,740486692,test_only,False,low,True,ok,,0.72,0.9602253086419752,0.733142347357234,0.3183996759068438,0.07942057409738726,0.3578860579946934,0.07956912516863807,0.02301409049960263,0.8918220245157742,-0.48283257163684723,0.3326748404331607,1400,catboost_tuned,0.3611887880718726,False,,,1337
mfeat-morphological,lightgbm_tuned,gbdt,covariate_shift,0.1,919210366,test_only,False,low,True,ok,,0.695,0.9535956790123457,0.8364405440815684,0.3632615127347788,0.09569928834075872,0.3861098912110436,0.09895947174566999,0.026050825771293435,0.9052991988805785,-0.5505527401103671,0.3098901761657356,1400,catboost_tuned,0.3611887880718726,True,utility_gap,,1337
mfeat-morphological,lightgbm_tuned,gbdt,covariate_shift,0.2,2133199783,test_only,False,low,True,ok,,0.5,0.906861111111111,1.7895365275627133,0.7771858390847929,0.21663954875354263,0.7002848383136288,0.217762610051022,0.06378958688761946,0.6195522872518656,-0.7431885094163545,0.1159177274127425,1400,catboost_tuned,0.3611887880718726,True,utility_gap;ece;nll,,1337
mfeat-morphological,lightgbm_tuned,gbdt,covariate_shift,0.3,636645240,test_only,False,low,True,ok,,0.295,0.8017006172839505,3.4519766930049656,1.499174429430692,0.35912557224507946,0.9929977345031156,0.3566499960611741,0.09320313412561357,0.29184761914211793,-1.2108165726292701,-0.19673222722884082,1400,catboost_tuned,0.3611887880718726,True,utility_gap;ece;nll,,1337
mfeat-morphological,lightgbm_tuned,gbdt,covariate_shift,0.4,2348730450,test_only,False,low,True,ok,,0.25666666666666665,0.6994598765432098,4.675089749270739,2.0303656805107386,0.39638461150597326,1.0542293458212395,0.3963846115059731,0.10866780988946909,0.5120547826807316,-1.6472365949699166,-0.40507566966429276,1400,catboost_tuned,0.3611887880718726,True,utility_gap;ece;nll,,1337
mfeat-morphological,xgboost_tuned,gbdt,covariate_shift,0.0,2990676479,test_only,False,high,True,ok,,0.74,0.9645895061728395,0.6233031917564008,0.2706971367324893,0.03609678411160574,0.32378195117301534,0.039060857290350935,0.01796278597137734,1.185767719697454,-0.25220938566738316,0.3601778293184258,1400,catboost_tuned,0.3611887880718726,False,,,1337
mfeat-morphological,xgboost_tuned,gbdt,covariate_shift,0.05,740486692,test_only,False,low,True,ok,,0.7466666666666667,0.9618518518518518,0.6661639428681703,0.2893113244305594,0.05759107217198521,0.3328114386519961,0.060682765959364636,0.019084434649175,1.197409256532927,-0.10292667036868856,0.3503365363845833,1400,catboost_tuned,0.3611887880718726,False,,,1337
mfeat-morphological,xgboost_tuned,gbdt,covariate_shift,0.1,919210366,test_only,False,low,True,ok,,0.6966666666666667,0.9524814814814814,0.785265423538381,0.34103644027213875,0.05810926926679097,0.38240585615827594,0.06038899163612681,0.027981378249197553,1.3975687534527415,-0.36220508187857636,0.32393573258351865,1400,catboost_tuned,0.3611887880718726,True,utility_gap,,1337
mfeat-morphological,xgboost_tuned,gbdt,covariate_shift,0.2,2133199783,test_only,False,low,True,ok,,0.6266666666666667,0.9221697530864198,1.14187616562573,0.4959105177480981,0.11164722847476748,0.4966075100774598,0.12070616557747262,0.04076532279623092,1.1968886391926554,-0.45298880016756465,0.24565681256086402,1400,catboost_tuned,0.3611887880718726,True,utility_gap;ece,,1337
mfeat-morphological,xgboost_tuned,gbdt,covariate_shift,0.3,636645240,test_only,False,low,True,ok,,0.325,0.8057962962962962,2.305895710878667,1.0014377830789811,0.24432329113036827,0.8991729385565043,0.24432329113036824,0.0931213155026874,0.3069094934766709,-0.8462192348918228,-0.018517289446064338,1400,catboost_tuned,0.3611887880718726,True,utility_gap;ece;nll,,1337
mfeat-morphological,xgboost_tuned,gbdt,covariate_shift,0.4,2348730450,test_only,False,low,True,ok,,0.2966666666666667,0.7311419753086419,2.8220664571091363,1.2256078898867577,0.28780439516682615,0.9443730587501633,0.28455603891911385,0.09839203952565137,0.49628528383923876,-1.0858031147592249,-0.1248435546413679,1400,catboost_tuned,0.3611887880718726,True,utility_gap;ece;nll,,1337
mfeat-morphological,catboost_tuned,gbdt,label_noise,0.0,2722285425,train_only,False,high,True,ok,,0.7466666666666667,0.9644722222222221,0.6041451832084003,0.26237691933583734,0.048317069525769495,0.3159251888201361,0.04895455975028815,0.02168421181415602,1.2503916716338956,-0.13043373725765192,0.3611887880718726,1400,catboost_tuned,0.3611887880718726,False,,,1337
mfeat-morphological,catboost_tuned,gbdt,label_noise,0.05,83376503,train_only,False,high,True,ok,,0.7283333333333334,0.9654228395061729,0.647855073864902,0.28135988365255055,0.056638047504070865,0.326472875451981,0.06266175672182987,0.026468931981214538,1.6676399040109446,-0.010311894226871263,0.3514124192305812,1400,catboost_tuned,0.3611887880718726,False,,,1337
mfeat-morphological,catboost_tuned,gbdt,label_noise,0.1,3822759947,train_only,False,high,True,ok,,0.7266666666666667,0.963111111111111,0.7040978506998662,0.30578581127889154,0.08733942859250933,0.3397292215453862,0.09819042416578862,0.03389599682540257,1.8655901162600481,0.24936010069893944,0.33688525978671946,1400,catboost_tuned,0.3611887880718726,False,,,1337
mfeat-morphological,catboost_tuned,gbdt,label_noise,0.2,4164622411,train_only,False,high,True,ok,,0.6933333333333334,0.9612685185185186,0.8436704274042311,0.36640141116661556,0.16014363104995685,0.39202771653889745,0.17013118619971626,0.05008023419113643,2.708402070320261,0.786160101271874,0.29849483192150544,1400,catboost_tuned,0.3611887880718726,True,utility_gap;ece,,1337
mfeat-morphological,catboost_tuned,gbdt,label_noise,0.3,1551634872,train_only,False,high,True,ok,,0.73,0.9610277777777778,0.9015330399732704,0.39153082451385507,0.22451549239985902,0.4088583777236258,0.22544515146818128,0.059635032554271196,2.5196258234858555,1.4467802773463456,0.28349737638809386,1400,catboost_tuned,0.3611887880718726,True,utility_gap;ece,,1337
mfeat-morphological,catboost_tuned,gbdt,label_noise,0.4,2385141595,train_only,False,high,True,ok,,0.6733333333333333,0.9549382716049383,1.128336886976848,0.49003048374193814,0.26769199015881684,0.506492662169768,0.283441906572101,0.07672563963123105,3.7325708359393204,2.814562070031981,0.23468085190738358,1400,catboost_tuned,0.3611887880718726,True,utility_gap;ece,,1337
mfeat-morphological,gbdt_ensemble,gbdt,label_noise,0.0,2722285425,train_only,False,high,True,ok,,0.7383333333333333,0.9643395061728395,0.6414652927465347,0.27858483697227404,0.08206999303038598,0.3418988098597639,0.07967493711728774,0.024883171178621762,0.9188528767806261,-0.3862444124673374,0.3482793774627344,1400,catboost_tuned,0.3611887880718726,False,,,1337
mfeat-morphological,gbdt_ensemble,gbdt,label_noise,0.05,83376503,train_only,False,high,True,ok,,0.7183333333333334,0.9633981481481481,0.663002515086593,0.2879383337900848,0.060390525666861046,0.34567238615226253,0.061550845883257904,0.02659363401732212,1.2529983985625206,-0.48448376434249224,0.34647974658145414,1400,catboost_tuned,0.3611887880718726,False,,,1337
mfeat-morphological,gbdt_ensemble,gbdt,label_noise,0.1,3822759947,train_only,False,high,True,ok,,0.735,0.9609537037037038,0.7062506287028224,0.3067207508863381,0.05504548926456207,0.3516568006102133,0.08331115231690944,0.029323328252674707,1.1023004187023508,0.027058568767448006,0.3435584731774825,1400,catboost_tuned,0.3611887880718726,False,,,1337
mfeat-morphological,gbdt_ensemble,gbdt,label_noise,0.2,4164622411,train_only,False,high,True,ok,,0.7216666666666667,0.9584382716049383,0.796402537878588,0.3458732275744162,0.09834541448875486,0.37969128953489184,0.10739984634323427,0.041562948353507,1.3627985404696346,0.3489328821138118,0.32027234389165254,1400,catboost_tuned,0.3611887880718726,True,utility_gap,,1337
mfeat-morphological,gbdt_ensemble,gbdt,label_noise,0.3,1551634872,train_only,False,high,True,ok,,0.7466666666666667,0.9548796296296297,0.8728383036246604,0.3790688588579851,0.17338991753089966,0.40577273672609665,0.17338991753089966,0.05367129600316785,1.0519714104330973,0.8813630765859979,0.29780922920679487,1400,catboost_tuned,0.3611887880718726,True,utility_gap;ece,,1337
mfeat-morphological,gbdt_ensemble,gbdt,label_noise,0.4,2385141595,train_only,False,high,True,ok,,0.6916666666666667,0.9461697530864196,1.0531909922841123,0.4573950363392002,0.20909345072990196,0.480852901343625,0.2071954162859617,0.05931867369018563,1.4179473333282517,1.0823620808563108,0.25587221253250647,1400,catboost_tuned,0.3611887880718726,True,utility_gap;ece,,1337
mfeat-morphological,lightgbm,gbdt,label_noise,0.0,2722285425,train_only,False,high,True,ok,,0.7033333333333334,0.9587901234567899,1.1502643734918072,0.49955347013739293,0.2134925814509912,0.47886918476804036,0.21306006746051467,0.047407229729390064,0.4070775514112527,-0.9495850502747101,0.24851198587846032,1400,catboost_tuned,0.3611887880718726,True,utility_gap;ece,,1337
mfeat-morphological,lightgbm,gbdt,label_noise,0.05,83376503,train_only,False,high,True,ok,,0.7,0.9510493827160493,1.1118782705626218,0.48288259745347745,0.20480514901394642,0.4783659050510651,0.19799889213930624,0.04546108556719349,0.43560187009022816,-0.7290336578804719,0.25204147491178475,1400,catboost_tuned,0.3611887880718726,True,utility_gap;ece,,1337
mfeat-morphological,lightgbm,gbdt,label_noise,0.1,3822759947,train_only,False,high,True,ok,,0.6666666666666666,0.9452191358024692,1.0819051809205025,0.4698654500163135,0.20117363866819007,0.4992920109591563,0.19862851834050435,0.04390818529552393,0.5234610851807846,-0.7447099843593817,0.2496323347923321,1400,catboost_tuned,0.3611887880718726,True,utility_gap;ece,,1337
mfeat-morphological,lightgbm,gbdt,label_noise,0.2,4164622411,train_only,False,high,True,ok,,0.6516666666666666,0.9334228395061729,1.091773377578506,0.4741511533712205,0.15572935774230168,0.5175651419366362,0.15103698730331933,0.0423863922961021,0.5588472753242002,-0.4047589599717551,0.25105677626733397,1400,catboost_tuned,0.3611887880718726,True,utility_gap;ece,,1337
mfeat-morphological,lightgbm,gbdt,label_noise,0.3,1551634872,train_only,False,high,True,ok,,0.625,0.9248333333333333,1.1170736928417702,0.4851389406804688,0.11104756448499106,0.528194445582857,0.10740232565925044,0.03737554205825794,0.5505658519790039,-0.17342798693490877,0.24969047156552784,1400,catboost_tuned,0.3611887880718726,True,utility_gap;ece,,1337
mfeat-morphological,lightgbm,gbdt,label_noise,0.4,2385141595,train_only,False,high,True,ok,,0.5716666666666667,0.9072129629629628,1.231120123830203,0.5346686763395052,0.08395480742359382,0.5835964747218212,0.09008958498234915,0.03868125038196053,0.6762971535154046,-0.20044391931462602,0.22608297265046665,1400,catboost_tuned,0.3611887880718726,True,utility_gap,,1337
mfeat-morphological,lightgbm_tuned,gbdt,label_noise,0.0,2722285425,train_only,False,high,True,ok,,0.7233333333333334,0.9625771604938272,0.6869986146632263,0.2983597074234176,0.09214445851568676,0.35543605104829723,0.09523252581010627,0.02822634988030041,0.8624552884431064,-0.5439865078379441,0.33746520224267684,1400,catboost_tuned,0.3611887880718726,False,,,1337
mfeat-morphological,lightgbm_tuned,gbdt,label_noise,0.05,83376503,train_only,False,high,True,ok,,0.725,0.9563179012345678,0.72504830053692,0.31488447603651487,0.0556501500684069,0.36187204385881855,0.05485471604113778,0.024804335160109735,0.9775276571165894,-0.278276893327716,0.33786589260746286,1400,catboost_tuned,0.3611887880718726,False,,,1337
mfeat-morphological,lightgbm_tuned,gbdt,label_noise,0.1,3822759947,train_only,False,high,True,ok,,0.725,0.9559783950617284,0.7486656903214437,0.32514137809689175,0.04374379790246885,0.3684130886654054,0.034076563394056486,0.03278977641828678,1.091679194551069,-0.010672335402642064,0.3370512652620437,1400,catboost_tuned,0.3611887880718726,False,,,1337
mfeat-morphological,lightgbm_tuned,gbdt,label_noise,0.2,4164622411,train_only,False,high,True,ok,,0.7116666666666667,0.9537993827160495,0.8326948394921273,0.36163477390074483,0.0865884865535866,0.39304310261032716,0.08873557775030139,0.04051804535680266,1.4139790390166704,0.3510139248232052,0.3147716544696766,1400,catboost_tuned,0.3611887880718726,True,utility_gap,,1337
mfeat-morphological,lightgbm_tuned,gbdt,label_noise,0.3,1551634872,train_only,False,high,True,ok,,0.705,0.9457746913580248,0.9402205353591796,0.4083325902786129,0.14487385282966933,0.4295716818873753,0.14285477913806102,0.048924171950477505,1.3433921675477787,0.6968985922814003,0.2852965943257909,1400,catboost_tuned,0.3611887880718726,True,utility_gap;ece,,1337
mfeat-morphological,lightgbm_tuned,gbdt,label_noise,0.4,2385141595,train_only,False,high,True,ok,,0.7,0.94079012345679,1.0873354788343599,0.4722237984353925,0.22765628454380257,0.49275837125564315,0.2276562845438026,0.060373618194759296,1.3356476097396517,1.1690383009497598,0.24707814677049816,1400,catboost_tuned,0.3611887880718726,True,utility_gap;ece,,1337
mfeat-morphological,xgboost_tuned,gbdt,label_noise,0.0,2722285425,train_only,False,high,True,ok,,0.74,0.9645895061728395,0.6233031917564008,0.2706971367324893,0.03609678411160574,0.32378195117301534,0.039060857290350935,0.01796278597137734,1.185767719697454,-0.25220938566738316,0.3601778293184258,1400,catboost_tuned,0.3611887880718726,False,,,1337
mfeat-morphological,xgboost_tuned,gbdt,label_noise,0.05,83376503,train_only,False,high,True,ok,,0.7366666666666667,0.961111111111111,0.675742977021838,0.2934714461054601,0.06657907653529148,0.3351297867420564,0.05474948582465781,0.02520199661153071,1.2787363033289116,-0.10053738632681145,0.3455316397501925,1400,catboost_tuned,0.3611887880718726,False,,,1337
mfeat-morphological,xgboost_tuned,gbdt,label_noise,0.1,3822759947,train_only,False,high,True,ok,,0.7466666666666667,0.961824074074074,0.7112349849509456,0.30888542930073803,0.07294819709428628,0.34543333765769324,0.07285700196602365,0.02998440244898461,1.2786620218544498,0.2502064068739182,0.3413831577168472,1400,catboost_tuned,0.3611887880718726,False,,,1337
mfeat-morphological,xgboost_tuned,gbdt,label_noise,0.2,4164622411,train_only,False,high,True,ok,,0.7166666666666667,0.9596975308641975,0.8174263653228563,0.3550037598219481,0.13816515542582608,0.37780846027371584,0.14772804540608836,0.04597577067228264,1.9711203228398473,0.5350120650351373,0.3092599767707195,1400,catboost_tuned,0.3611887880718726,True,utility_gap;ece,,1337
mfeat-morphological,xgboost_tuned,gbdt,label_noise,0.3,1551634872,train_only,False,high,True,ok,,0.7266666666666667,0.952675925925926,0.9285557242438219,0.4032666271787694,0.1905097116867362,0.42003157130497243,0.1905097116867363,0.054734213929270095,1.6438988282531288,0.9725298443394019,0.283354643583096,1400,catboost_tuned,0.3611887880718726,True,utility_gap;ece,,1337
mfeat-morphological,xgboost_tuned,gbdt,label_noise,0.4,2385141595,train_only,False,high,True,ok,,0.73,0.9470586419753086,1.0898028035268175,0.4732953439343905,0.2826234993452155,0.48727987059810357,0.2826234993452155,0.07088502840733943,1.6357994466491281,1.5823606579096818,0.24245722164199776,1400,catboost_tuned,0.3611887880718726,True,utility_gap;ece,,1337
mfeat-zernike,catboost_tuned,gbdt,covariate_shift,0.0,274096823,test_only,True,medium,True,ok,,0.8066666666666666,0.9784567901234567,0.4428519177971751,0.1923281441995856,0.0653166949812107,0.25680639858919213,0.06936317669427484,0.029216015780424442,1.0486642732814884,-0.3580761188072713,0.392698094287092,1400,catboost_tuned,0.392698094287092,False,,,1337
mfeat-zernike,catboost_tuned,gbdt,covariate_shift,0.05,1709842897,test_only,True,low,True,ok,,0.8083333333333333,0.9801358024691359,0.4333053417554068,0.18818211890357586,0.07699126480585729,0.23896069834946568,0.05726031217186859,0.026759017391168177,1.3057209020690983,-0.35107797707906463,0.3924446422319533,1400,catboost_tuned,0.392698094287092,False,,,1337
mfeat-zernike,catboost_tuned,gbdt,covariate_shift,0.1,2131655123,test_only,True,low,True,ok,,0.795,0.9791882716049385,0.4882534571853454,0.2120457822257811,0.07275310427621444,0.2596545957721644,0.07193574034738227,0.02883209456112084,1.3532020626391585,-0.23919993922326985,0.38380153953875124,1400,catboost_tuned,0.392698094287092,False,,,1337
mfeat-zernike,catboost_tuned,gbdt,covariate_shift,0.2,566193921,test_only,True,low,True,ok,,0.6633333333333333,0.9652870370370369,0.8520253147930763,0.3700298926565141,0.07164171148037743,0.4051355067037362,0.07117116192231322,0.04517304226506454,1.353159180859615,-0.44924939138056075,0.31201315286993314,1400,catboost_tuned,0.392698094287092,True,utility_gap,,1337
mfeat-zernike,catboost_tuned,gbdt,covariate_shift,0.3,1452100088,test_only,True,low,True,ok,,0.51,0.9377561728395062,1.4235679834678066,0.6182477198342079,0.11826510341211374,0.6074353354868891,0.11776549531839024,0.06406508577730559,1.135743722493899,-0.6268548553526231,0.19558732386114203,1400,catboost_tuned,0.392698094287092,True,utility_gap;ece,,1337
mfeat-zernike,catboost_tuned,gbdt,covariate_shift,0.4,820017796,test_only,True,low,True,ok,,0.38666666666666666,0.8978703703703703,2.1820833709802816,0.9476667670695825,0.17109061133713438,0.7958918319516367,0.16773298888954746,0.08512791296209078,0.8891251517918485,-0.7844245518285797,0.05373647724132796,1400,catboost_tuned,0.392698094287092,True,utility_gap;ece;nll,,1337
mfeat-zernike,gbdt_ensemble,gbdt,covariate_shift,0.0,274096823,test_only,True,medium,True,ok,,0.8083333333333333,0.9760401234567901,0.4839550767118153,0.2101790193050063,0.06683254740805548,0.2735922378939934,0.0683400713202202,0.0292653405865691,0.7945942062919256,-0.1831177052355465,0.3864438279367635,1400,catboost_tuned,0.392698094287092,False,,,1337
mfeat-zernike,gbdt_ensemble,gbdt,covariate_shift,0.05,1709842897,test_only,True,low,True,ok,,0.8016666666666666,0.9788055555555555,0.44256194840866897,0.19220221209423655,0.06073595523811464,0.24905484933852354,0.06008710308332397,0.029131686416101633,1.182059835870858,-0.39465882114294853,0.3930240897685506,1400,catboost_tuned,0.392698094287092,False,,,1337
mfeat-zernike,gbdt_ensemble,gbdt,covariate_shift,0.1,2131655123,test_only,True,low,True,ok,,0.7933333333333333,0.9796172839506173,0.49208313108535057,0.21370898846804226,0.04797197913310171,0.2621512409351015,0.046184514116978596,0.03078058889941781,1.3106703247058913,-0.20770680694715013,0.388158957015683,1400,catboost_tuned,0.392698094287092,False,,,1337
mfeat-zernike,gbdt_ensemble,gbdt,covariate_shift,0.2,566193921,test_only,True,low,True,ok,,0.67,0.9660956790123457,0.833585295658035,0.36202149409997525,0.07125465841587247,0.40172776265253435,0.0659208701013107,0.045173555991018244,1.475946846113941,-0.3389693224330424,0.31577610774115394,1400,catboost_tuned,0.392698094287092,True,utility_gap,,1337
mfeat-zernike,gbdt_ensemble,gbdt,covariate_shift,0.3,1452100088,test_only,True,low,True,ok,,0.4716666666666667,0.9330987654320987,1.4544334505238283,0.6316524218580049,0.10906914839469055,0.6370370167093254,0.11105524575367129,0.06777331161973059,1.1508494611929174,-0.599313961410167,0.18602501166489493,1400,catboost_tuned,0.392698094287092,True,utility_gap;ece,,1337
mfeat-zernike,gbdt_ensemble,gbdt,covariate_shift,0.4,820017796,test_only,True,low,True,ok,,0.3416666666666667,0.8795123456790123,2.135686642017148,0.9275169237025329,0.14810419546049683,0.8180201639742267,0.14810419546049686,0.08222830513916916,0.9688704736148065,-0.7369950663860707,0.05120340478479504,1400,catboost_tuned,0.392698094287092,True,utility_gap;ece;nll,,1337
mfeat-zernike,lightgbm,gbdt,covariate_shift,0.0,274096823,test_only,True,medium,True,ok,,0.8183333333333334,0.9717962962962963,0.8534249715886546,0.37063775587939213,0.13446510569624726,0.3068665245651826,0.13447129607259567,0.03042795738071551,0.31966605363895245,-0.6324352766788992,0.32479435580063654,1400,catboost_tuned,0.392698094287092,True,utility_gap;ece,,1337
mfeat-zernike,lightgbm,gbdt,covariate_shift,0.05,1709842897,test_only,True,low,True,ok,,0.82,0.9789012345679012,0.5874481993519552,0.25512551138255557,0.11825501859806617,0.27324872193653493,0.11741771349917636,0.027574361045969574,0.48423380992211057,-0.9151262258751709,0.3654267749643856,1400,catboost_tuned,0.392698094287092,True,ece,,1337
mfeat-zernike,lightgbm,gbdt,covariate_shift,0.1,2131655123,test_only,True,low,True,ok,,0.79,0.9748364197530865,0.7105077547179706,0.3085695972234837,0.13534579250085596,0.3173366254975262,0.13330949688319677,0.03163196463896121,0.5286700801656249,-1.030063190779834,0.340052709246364,1400,catboost_tuned,0.392698094287092,True,utility_gap;ece,,1337
mfeat-zernike,lightgbm,gbdt,covariate_shift,0.2,566193921,test_only,True,low,True,ok,,0.7116666666666667,0.9622006172839506,1.1979421573865698,0.520259668592264,0.17826542835330092,0.44600664395271045,0.17531377621193944,0.04495111808983426,0.510048388481409,-0.9378967740730879,0.25178922980104335,1400,catboost_tuned,0.392698094287092,True,utility_gap;ece,,1337
mfeat-zernike,lightgbm,gbdt,covariate_shift,0.3,1452100088,test_only,True,low,True,ok,,0.55,0.9158672839506172,2.2302132301015822,0.9685692993007443,0.273908592490179,0.7118364216764429,0.27390859249017896,0.07058125570191681,0.38986421728667864,-0.9189619643028067,0.05770104109445696,1400,catboost_tuned,0.392698094287092,True,utility_gap;ece;nll,,1337
mfeat-zernike,lightgbm,gbdt,covariate_shift,0.4,820017796,test_only,True,low,True,ok,,0.40166666666666667,0.8562129629629629,3.343682991336756,1.4521430723713116,0.3697517660521623,0.9312365587620328,0.36975176605216226,0.0889772613681584,0.3110383288348633,-1.163971650857651,-0.14966873788478896,1400,catboost_tuned,0.392698094287092,True,utility_gap;ece;nll,,1337
mfeat-zernike,lightgbm_tuned,gbdt,covariate_shift,0.0,274096823,test_only,True,medium,True,ok,,0.8066666666666666,0.9771203703703705,0.4369072248770644,0.1897463968677722,0.0804783372577529,0.2606212405785114,0.08225102465161035,0.02436303105979046,0.8423616162352257,-0.7444709807028375,0.3899725431177474,1400,catboost_tuned,0.392698094287092,False,,,1337
mfeat-zernike,lightgbm_tuned,gbdt,covariate_shift,0.05,1709842897,test_only,True,low,True,ok,,0.8133333333333334,0.9799382716049383,0.41535335603469514,0.1803856705658648,0.054733924398823144,0.2349977932508578,0.05372753648884095,0.019240046927027347,0.9335390742439349,-0.5216446874088086,0.3999159090122043,1400,catboost_tuned,0.392698094287092,False,,,1337
mfeat-zernike,lightgbm_tuned,gbdt,covariate_shift,0.1,2131655123,test_only,True,low,True,ok,,0.7966666666666666,0.97829012345679,0.4952686990909166,0.21509246307458713,0.05105336149943127,0.2637882795226161,0.049662196047193165,0.021882303465641392,1.0504069067875532,-0.5037939767347894,0.3871631319876141,1400,catboost_tuned,0.392698094287092,False,,,1337
mfeat-zernike,lightgbm_tuned,gbdt,covariate_shift,0.2,566193921,test_only,True,low,True,ok,,0.7383333333333333,0.9649537037037035,0.8789771918100598,0.3817349441219251,0.0680253536503147,0.37765712013053787,0.06857241150931859,0.03522601553140774,0.8035624690562727,-0.24816195451235226,0.3203582423296557,1400,catboost_tuned,0.392698094287092,True,utility_gap,,1337
mfeat-zernike,lightgbm_tuned,gbdt,covariate_shift,0.3,1452100088,test_only,True,low,True,ok,,0.5583333333333333,0.9287777777777778,1.6171249885930459,0.7023084590938188,0.1603838284602539,0.6002004716684208,0.1603838284602539,0.058961865964575,0.7156596619873609,-0.7404546893010726,0.16605291880202577,1400,catboost_tuned,0.392698094287092,True,utility_gap;ece,,1337
mfeat-zernike,lightgbm_tuned,gbdt,covariate_shift,0.4,820017796,test_only,True,low,True,ok,,0.4033333333333333,0.8652037037037037,2.4277732580267144,1.0543685292732816,0.2571067199546032,0.8272473473191359,0.25549321979002165,0.0802926946626926,0.4496618546094643,-0.9508074588947706,-0.004410606476608861,1400,catboost_tuned,0.392698094287092,True,utility_gap;ece;nll,,1337
mfeat-zernike,xgboost_tuned,gbdt,covariate_shift,0.0,274096823,test_only,True,medium,True,ok,,0.7916666666666666,0.9758024691358026,0.4642985540654003,0.20164229998626199,0.06107723810741871,0.2580605242904911,0.059019032982289374,0.025596772037640277,1.2023423850174242,-0.5368891040355994,0.38757272658016856,1400,catboost_tuned,0.392698094287092,False,,,1337
mfeat-zernike,xgboost_tuned,gbdt,covariate_shift,0.05,1709842897,test_only,True,low,True,ok,,0.7966666666666666,0.9773302469135803,0.46862313636704983,0.2035204422164048,0.043538397781351254,0.25199199174482884,0.04840830556510088,0.02384204102511775,1.2586385322437206,-0.29185598214225705,0.3918017741985614,1400,catboost_tuned,0.392698094287092,False,,,1337
mfeat-zernike,xgboost_tuned,gbdt,covariate_shift,0.1,2131655123,test_only,True,low,True,ok,,0.7883333333333333,0.975074074074074,0.5474528573483561,0.23775575504855914,0.047299070989735674,0.2796257341428509,0.031205720716407825,0.025627833557418593,1.1777481305949247,-0.034438524886206336,0.37873938521341105,1400,catboost_tuned,0.392698094287092,False,,,1337
mfeat-zernike,xgboost_tuned,gbdt,covariate_shift,0.2,566193921,test_only,True,low,True,ok,,0.7016666666666667,0.9618425925925926,0.8394746130414427,0.3645791921417661,0.03881492570518739,0.3839911306353193,0.03633536827139523,0.0374061720473776,1.3063464370151079,-0.10768790814293211,0.3247581646238401,1400,catboost_tuned,0.392698094287092,True,utility_gap,,1337
mfeat-zernike,xgboost_tuned,gbdt,covariate_shift,0.3,1452100088,test_only,True,low,True,ok,,0.5433333333333333,0.9241358024691358,1.375579734635472,0.5974066881701249,0.08693069860210267,0.5788092656746423,0.06990114903902295,0.05381383275741414,1.1443824833783518,-0.3296161886763223,0.20833938469273958,1400,catboost_tuned,0.392698094287092,True,utility_gap,,1337
mfeat-zernike,xgboost_tuned,gbdt,covariate_shift,0.4,820017796,test_only,True,low,True,ok,,0.4116666666666667,0.8754907407407406,1.909445847172165,0.829261794919951,0.1037873775565476,0.7461530714054437,0.1181985891977532,0.06412768524796049,0.934755694845471,-0.480104637510615,0.09863574527196434,1400,catboost_tuned,0.392698094287092,True,utility_gap;ece;nll,,1337
mfeat-zernike,catboost_tuned,gbdt,label_noise,0.0,2716738813,train_only,True,medium,True,ok,,0.8066666666666666,0.9784567901234567,0.4428519177971751,0.1923281441995856,0.0653166949812107,0.25680639858919213,0.06936317669427484,0.029216015780424442,1.0486642732814884,-0.3580761188072713,0.392698094287092,1400,catboost_tuned,0.392698094287092,False,,,1337
mfeat-zernike,catboost_tuned,gbdt,label_noise,0.05,674362200,train_only,True,medium,True,ok,,0.8,0.9794814814814814,0.5274060390455044,0.22904953247991353,0.09037082230082934,0.2638819784894204,0.09635095072300058,0.04058008104711018,1.3985211252738188,0.3149317703511498,0.37602949431437854,1400,catboost_tuned,0.392698094287092,False,,,1337
mfeat-zernike,catboost_tuned,gbdt,label_noise,0.1,2404464138,train_only,True,medium,True,ok,,0.8,0.9787098765432098,0.5843366737487306,0.2537741929827744,0.1175291334154316,0.27734337285774757,0.11516806115366299,0.045780628289314784,1.5369102350650514,0.5912672626000299,0.3629103722122048,1400,catboost_tuned,0.392698094287092,True,ece,,1337
mfeat-zernike,catboost_tuned,gbdt,label_noise,0.2,693278117,train_only,True,medium,True,ok,,0.8033333333333333,0.9788302469135802,0.7298784921733577,0.31698220161075497,0.23398095101338698,0.322348478159772,0.2336057323025376,0.0624088886398846,1.9872603584371151,1.5061178563273052,0.32119973573384913,1400,catboost_tuned,0.392698094287092,True,utility_gap;ece,,1337
mfeat-zernike,catboost_tuned,gbdt,label_noise,0.3,988405826,train_only,True,medium,True,ok,,0.81,0.9773179012345679,0.8725132522972588,0.37892769086015926,0.31199777733557665,0.37946927481168735,0.3113653038659819,0.07716353559020976,2.5013476343643317,2.327526904772998,0.2874834027069356,1400,catboost_tuned,0.392698094287092,True,utility_gap;ece,,1337
mfeat-zernike,catboost_tuned,gbdt,label_noise,0.4,2902575411,train_only,True,medium,True,ok,,0.81,0.9748333333333334,1.0323289906955964,0.44833478416785083,0.3893992664139637,0.458044023979811,0.3893992664139638,0.09056352222659804,2.120887637513938,2.6553834966268366,0.2503113781335187,1400,catboost_tuned,0.392698094287092,True,utility_gap;ece,,1337
mfeat-zernike,gbdt_ensemble,gbdt,label_noise,0.0,2716738813,train_only,True,medium,True,ok,,0.8083333333333333,0.9760401234567901,0.4839550767118153,0.2101790193050063,0.06683254740805548,0.2735922378939934,0.0683400713202202,0.0292653405865691,0.7945942062919256,-0.1831177052355465,0.3864438279367635,1400,catboost_tuned,0.392698094287092,False,,,1337
mfeat-zernike,gbdt_ensemble,gbdt,label_noise,0.05,674362200,train_only,True,medium,True,ok,,0.8116666666666666,0.9761296296296296,0.5124472229475807,0.22255300119277974,0.06404724573745946,0.2777294557279919,0.0750300697334346,0.03345669731752284,0.7825051293715056,0.20462087680359245,0.3838200208650446,1400,catboost_tuned,0.392698094287092,False,,,1337
mfeat-zernike,gbdt_ensemble,gbdt,label_noise,0.1,2404464138,train_only,True,medium,True,ok,,0.8016666666666666,0.9734938271604937,0.5785189154810534,0.2512475726700752,0.05269753990968204,0.29740723947134345,0.06679579583346355,0.03715650863087094,0.8528187265660778,0.4006242750455146,0.37505905972321374,1400,catboost_tuned,0.392698094287092,False,,,1337
mfeat-zernike,gbdt_ensemble,gbdt,label_noise,0.2,693278117,train_only,True,medium,True,ok,,0.795,0.9746851851851852,0.6457447379996291,0.28044337643129996,0.10584637203092327,0.30852102165289746,0.10331183359497724,0.0466168990822697,1.1360582038543865,0.6016132853532041,0.3550875274792401,1400,catboost_tuned,0.392698094287092,True,utility_gap;ece,,1337
mfeat-zernike,gbdt_ensemble,gbdt,label_noise,0.3,988405826,train_only,True,medium,True,ok,,0.7966666666666666,0.9660123456790123,0.807210124269144,0.35056690270652735,0.19052027392434512,0.36444759788824377,0.18716861180493738,0.05857192062756598,0.9962132044839249,1.0743081421496425,0.31433019539082707,1400,catboost_tuned,0.392698094287092,True,utility_gap;ece,,1337
mfeat-zernike,gbdt_ensemble,gbdt,label_noise,0.4,2902575411,train_only,True,medium,True,ok,,0.7466666666666667,0.9558950617283951,0.9613510689392556,0.4175094644121113,0.2221818803756859,0.44114059465269445,0.22004168789131326,0.06470889362394171,0.819309101449195,1.0637463584192284,0.2768740562061677,1400,catboost_tuned,0.392698094287092,True,utility_gap;ece,,1337
mfeat-zernike,lightgbm,gbdt,label_noise,0.0,2716738813,train_only,True,medium,True,ok,,0.8183333333333334,0.9717962962962963,0.8534249715886546,0.37063775587939213,0.13446510569624726,0.3068665245651826,0.13447129607259567,0.03042795738071551,0.31966605363895245,-0.6324352766788992,0.32479435580063654,1400,catboost_tuned,0.392698094287092,True,utility_gap;ece,,1337
mfeat-zernike,lightgbm,gbdt,label_noise,0.05,674362200,train_only,True,medium,True,ok,,0.825,0.968138888888889,0.8689075522499543,0.37736175522621657,0.14190434892954742,0.322299074318375,0.14056112295045337,0.03292354360002035,0.2587419114985343,-0.03801026335669709,0.3210092147573367,1400,catboost_tuned,0.392698094287092,True,utility_gap;ece,,1337
mfeat-zernike,lightgbm,gbdt,label_noise,0.1,2404464138,train_only,True,medium,True,ok,,0.795,0.9604228395061727,0.9010628948930333,0.3913266430998141,0.1475673974748419,0.33637047506135226,0.1451096964834918,0.03325900976518107,0.31182525726368976,-0.28417000665885345,0.30848652140224775,1400,catboost_tuned,0.392698094287092,True,utility_gap;ece,,1337
mfeat-zernike,lightgbm,gbdt,label_noise,0.2,693278117,train_only,True,medium,True,ok,,0.78,0.9478456790123457,0.9558553876950558,0.41512272037345616,0.12673363053908923,0.35684012062690784,0.1261579666810986,0.032828104700281094,0.2782680790252091,0.14417483302535472,0.2988624454344663,1400,catboost_tuned,0.392698094287092,True,utility_gap;ece,,1337
mfeat-zernike,lightgbm,gbdt,label_noise,0.3,988405826,train_only,True,medium,True,ok,,0.775,0.9322839506172839,1.0474600600149826,0.4549061240785559,0.0914051297616966,0.367311598853611,0.0986847293963949,0.03422049223207661,0.1821543858382534,0.6868332131031848,0.2877965195401433,1400,catboost_tuned,0.392698094287092,True,utility_gap,,1337
mfeat-zernike,lightgbm,gbdt,label_noise,0.4,2902575411,train_only,True,medium,True,ok,,0.6916666666666667,0.9112870370370372,1.210027655185059,0.5255083335972018,0.0992651201183954,0.4678695302512949,0.10233562586380698,0.04005706119860084,0.16257433349899025,0.4687511780064785,0.24519493886012336,1400,catboost_tuned,0.392698094287092,True,utility_gap,,1337
mfeat-zernike,lightgbm_tuned,gbdt,label_noise,0.0,2716738813,train_only,True,medium,True,ok,,0.8066666666666666,0.9771203703703705,0.4369072248770644,0.1897463968677722,0.0804783372577529,0.2606212405785114,0.08225102465161035,0.02436303105979046,0.8423616162352257,-0.7444709807028375,0.3899725431177474,1400,catboost_tuned,0.392698094287092,False,,,1337
mfeat-zernike,lightgbm_tuned,gbdt,label_noise,0.05,674362200,train_only,True,medium,True,ok,,0.7983333333333333,0.9742777777777778,0.5235079417528342,0.22735661033578486,0.07552563272656403,0.29314871712105145,0.0751151534639463,0.03027912023989906,0.8303573321139811,-0.17970455921028183,0.3774351125761739,1400,catboost_tuned,0.392698094287092,False,,,1337
mfeat-zernike,lightgbm_tuned,gbdt,label_noise,0.1,2404464138,train_only,True,medium,True,ok,,0.7833333333333333,0.9703487654320988,0.572637939076234,0.2486934970692589,0.04676367337837721,0.2983093451276874,0.05530485417450558,0.0333749765286731,1.0643587995294188,-0.11786775253082943,0.37316128410478144,1400,catboost_tuned,0.392698094287092,False,,,1337
mfeat-zernike,lightgbm_tuned,gbdt,label_noise,0.2,693278117,train_only,True,medium,True,ok,,0.78,0.9663703703703705,0.6948549542124071,0.30177167233758506,0.08761740486416544,0.32745906138311437,0.09291304224712923,0.04013798401756853,1.1849554154575772,0.46145914881493233,0.3471746469555211,1400,catboost_tuned,0.392698094287092,True,utility_gap,,1337
mfeat-zernike,lightgbm_tuned,gbdt,label_noise,0.3,988405826,train_only,True,medium,True,ok,,0.7766666666666666,0.9602222222222222,0.8557695295607513,0.37165598446917597,0.1920374340278761,0.3799478737256577,0.1920374340278761,0.0541816934326636,1.311479605508262,1.0749811577222792,0.30267349563144974,1400,catboost_tuned,0.392698094287092,True,utility_gap;ece,,1337
mfeat-zernike,lightgbm_tuned,gbdt,label_noise,0.4,2902575411,train_only,True,medium,True,ok,,0.71,0.949462962962963,1.0420515578792415,0.4525572414456416,0.20980976078651292,0.47076686990240724,0.20980976078651287,0.05913951471195522,1.1962245589315084,1.070719309147786,0.2610829124460419,1400,catboost_tuned,0.392698094287092,True,utility_gap;ece,,1337
mfeat-zernike,xgboost_tuned,gbdt,label_noise,0.0,2716738813,train_only,True,medium,True,ok,,0.7916666666666666,0.9758024691358026,0.4642985540654003,0.20164229998626199,0.06107723810741871,0.2580605242904911,0.059019032982289374,0.025596772037640277,1.2023423850174242,-0.5368891040355994,0.38757272658016856,1400,catboost_tuned,0.392698094287092,False,,,1337
mfeat-zernike,xgboost_tuned,gbdt,label_noise,0.05,674362200,train_only,True,medium,True,ok,,0.7883333333333333,0.9743734567901235,0.5412366860221743,0.23505610614303316,0.04909359567381567,0.2800706868427323,0.04986127172447627,0.03331625841544312,1.2489581938625658,-0.08239659138152804,0.3789451588988702,1400,catboost_tuned,0.392698094287092,False,,,1337
mfeat-zernike,xgboost_tuned,gbdt,label_noise,0.1,2404464138,train_only,True,medium,True,ok,,0.7816666666666666,0.9730679012345679,0.59039606628523,0.25640575372506186,0.07409719861561166,0.2880333863359589,0.06842345371694614,0.03972302768193198,1.488904047181479,0.16517339754062038,0.3660825995914578,1400,catboost_tuned,0.392698094287092,False,,,1337
mfeat-zernike,xgboost_tuned,gbdt,label_noise,0.2,693278117,train_only,True,medium,True,ok,,0.765,0.969641975308642,0.7174625505857283,0.31159002669161445,0.12836490857149496,0.32551060220804817,0.12722240447150163,0.051123652933589246,1.7957063675608382,0.5890047564492299,0.3349747016362414,1400,catboost_tuned,0.392698094287092,True,utility_gap;ece,,1337
mfeat-zernike,xgboost_tuned,gbdt,label_noise,0.3,988405826,train_only,True,medium,True,ok,,0.7933333333333333,0.9640802469135803,0.8961397833571628,0.3891885629259913,0.2591513789660611,0.38990918953286563,0.259151378966061,0.06450395065268369,1.5482021595064042,1.5451647156083985,0.2878412417487435,1400,catboost_tuned,0.392698094287092,True,utility_gap;ece,,1337
mfeat-zernike,xgboost_tuned,gbdt,label_noise,0.4,2902575411,train_only,True,medium,True,ok,,0.7433333333333333,0.9589506172839505,1.0679081998120294,0.4637866383575996,0.2932720127422432,0.47528464226951644,0.2932720127422432,0.06984322194773718,1.5517211836513316,1.6873260262820267,0.24934232199365416,1400,catboost_tuned,0.392698094287092,True,utility_gap;ece,,1337
optdigits,catboost_tuned,gbdt,covariate_shift,0.0,270016883,test_only,True,low,True,ok,,0.9774614472123369,0.9996043959143546,0.07367935150600517,0.03199853578926809,0.0115072557155536,0.03405584717504626,0.009394571585198063,0.004741200182780341,1.2376095446292914,0.11547671373965286,0.48457974377198343,3934,catboost_tuned,0.48457974377198343,False,,,1337
optdigits,catboost_tuned,gbdt,covariate_shift,0.05,3592725043,test_only,True,low,True,ok,,0.9762752075919335,0.9994699782469736,0.09701317726880519,0.042132287559744075,0.02899614383274201,0.04226996606547465,0.02868992611299277,0.007723828651629809,1.2937351692550187,0.7041363198762366,0.4778168584907591,3934,catboost_tuned,0.48457974377198343,False,,,1337
optdigits,catboost_tuned,gbdt,covariate_shift,0.1,821228114,test_only,True,low,True,ok,,0.9608540925266904,0.9993278960782674,0.12997567879935412,0.05644772008418897,0.03047579309351605,0.05940426670006179,0.02880994610750879,0.010886521335471388,1.5863489170511094,0.1414983234908075,0.4708634028624372,3934,catboost_tuned,0.48457974377198343,False,,,1337
optdigits,catboost_tuned,gbdt,covariate_shift,0.2,2816676239,test_only,True,low,True,ok,,0.9110320284697508,0.9977302700509583,0.31956278727741116,0.13878435513620235,0.08737975247577902,0.1444247274728139,0.08737975247577894,0.0314412369948278,1.666931120197358,0.5229884976862054,0.42674914175228146,3934,catboost_tuned,0.48457974377198343,True,utility_gap,,1337
optdigits,catboost_tuned,gbdt,covariate_shift,0.3,4148601901,test_only,True,low,True,ok,,0.66073546856465,0.9900205096156605,0.822089514759787,0.35702893989069734,0.048871002569903496,0.4424109134415936,0.05316333618011708,0.07248822235513394,0.9603756793111493,-0.057782455798886176,0.32873461616898875,3934,catboost_tuned,0.48457974377198343,True,utility_gap,,1337
optdigits,catboost_tuned,gbdt,covariate_shift,0.4,959586755,test_only,True,low,True,ok,,0.4128113879003559,0.9672304876934721,1.4815252565204837,0.6434182437071457,0.21278843624174523,0.7562802922682212,0.21209634160811536,0.10027829756378626,0.5136270497901603,-0.7005587234973175,0.16486921851727582,3934,catboost_tuned,0.48457974377198343,True,utility_gap;ece,,1337
optdigits,gbdt_ensemble,gbdt,covariate_shift,0.0,270016883,test_only,True,low,True,ok,,0.9762752075919335,0.9996415441277611,0.07185641621525764,0.031206845051629736,0.014514446272489684,0.03478320555028766,0.009872942073562313,0.004765149549000276,1.3360419877482084,0.04763035413548526,0.4840508788135195,3934,catboost_tuned,0.48457974377198343,False,,,1337
optdigits,gbdt_ensemble,gbdt,covariate_shift,0.05,3592725043,test_only,True,low,True,ok,,0.9768683274021353,0.999533474813972,0.10344518676831761,0.044925673792931616,0.03626306903750501,0.04577335860523637,0.035877587008074585,0.008636074184315405,1.2796796133089896,0.889531306264039,0.4756366493498301,3934,catboost_tuned,0.48457974377198343,False,,,1337
optdigits,gbdt_ensemble,gbdt,covariate_shift,0.1,821228114,test_only,True,low,True,ok,,0.965005931198102,0.999227106478445,0.14126124324700756,0.061348978448968375,0.04692954148350728,0.061308721329522566,0.046571232734245495,0.013200391758006072,1.5933734970069116,0.5669533221030452,0.4666897751157791,3934,catboost_tuned,0.48457974377198343,False,,,1337
optdigits,gbdt_ensemble,gbdt,covariate_shift,0.2,2816676239,test_only,True,low,True,ok,,0.9151838671411625,0.9980576349018697,0.3156169673876506,0.13707070733149523,0.09841712960993663,0.14670831692968905,0.0981021534777123,0.032235462315445114,1.7044934044111515,0.6827507700090908,0.42579311416539284,3934,catboost_tuned,0.48457974377198343,True,utility_gap,,1337
optdigits,gbdt_ensemble,gbdt,covariate_shift,0.3,4148601901,test_only,True,low,True,ok,,0.6014234875444839,0.9904139597179963,0.9144190538755288,0.3971271492453345,0.08714986777811798,0.5080801210505912,0.0886979072848197,0.07836286283582834,0.7874162432076383,-0.2717011440724364,0.3002902907037473,3934,catboost_tuned,0.48457974377198343,True,utility_gap,,1337
optdigits,gbdt_ensemble,gbdt,covariate_shift,0.4,959586755,test_only,True,low,True,ok,,0.38908659549228947,0.972840127453886,1.3699748542970798,0.5949725195674331,0.21672073372368955,0.7326119250847812,0.21440656496907318,0.1006217009934254,0.6209725566104528,-0.798600296420747,0.17702113131773564,3934,catboost_tuned,0.48457974377198343,True,utility_gap;ece,,1337
optdigits,lightgbm,gbdt,covariate_shift,0.0,270016883,test_only,True,low,True,ok,,0.9792408066429419,0.9994822251009182,0.09995236980630075,0.04340876266002961,0.014693511537344512,0.035698625605643734,0.012623045692166726,0.0038416127301025465,0.4640674493527959,-0.02381652471040622,0.48074356867628487,3934,catboost_tuned,0.48457974377198343,False,,,1337
optdigits,lightgbm,gbdt,covariate_shift,0.05,3592725043,test_only,True,low,True,ok,,0.9727164887307236,0.9991033589473192,0.12609544410776843,0.05476255556914374,0.015658850262373965,0.04711380348527067,0.007945204745660262,0.005749879684375636,0.5312880663364785,0.4595774859048375,0.4760331122179523,3934,catboost_tuned,0.48457974377198343,False,,,1337
optdigits,lightgbm,gbdt,covariate_shift,0.1,821228114,test_only,True,low,True,ok,,0.9442467378410438,0.9985905136758888,0.1953281416011014,0.08482993405777534,0.026881887538852744,0.08342401173955978,0.025094342092328404,0.009648440769984007,0.7015650667069899,-0.39797405921742024,0.4603183327376145,3934,catboost_tuned,0.48457974377198343,False,,,1337
optdigits,lightgbm,gbdt,covariate_shift,0.2,2816676239,test_only,True,low,True,ok,,0.7253855278766311,0.9868736287184834,1.0315756155487539,0.4480075974987741,0.18328258133880398,0.4470320300897717,0.1812436983960829,0.04842248620076961,0.48650862214329327,-0.9090175800155326,0.28315480371557084,3934,catboost_tuned,0.48457974377198343,True,utility_gap;ece,,1337
optdigits,lightgbm,gbdt,covariate_shift,0.3,4148601901,test_only,True,low,True,ok,,0.5492289442467378,0.9572668217993539,1.7146832367453761,0.7446774679305239,0.28783232089486505,0.6902198903833485,0.2876767313228557,0.07605901729505667,0.43135825850541004,-1.1025059914946107,0.1364580247086543,3934,catboost_tuned,0.48457974377198343,True,utility_gap;ece,,1337
optdigits,lightgbm,gbdt,covariate_shift,0.4,959586755,test_only,True,low,True,ok,,0.37841043890865955,0.8867455183403731,3.2258242242791586,1.4009576601942764,0.46288045685266976,1.0332895206675725,0.46288045685266965,0.10846510691999764,0.33134929666759433,-1.5488861519187067,-0.14574089217338737,3934,catboost_tuned,0.48457974377198343,True,utility_gap;ece;nll,,1337
optdigits,lightgbm_tuned,gbdt,covariate_shift,0.0,270016883,test_only,True,low,True,ok,,0.9756820877817319,0.9994334031963433,0.08868385748213264,0.03851490993838461,0.012210675080603023,0.04059010347332407,0.005960365374540987,0.004274728174415922,0.8218942382390197,0.188725482095783,0.4821573962883439,3934,catboost_tuned,0.48457974377198343,False,,,1337
optdigits,lightgbm_tuned,gbdt,covariate_shift,0.05,3592725043,test_only,True,low,True,ok,,0.9537366548042705,0.9988844756090888,0.1478195662715997,0.06419722194908778,0.012863965320850504,0.06829963717655517,0.010937330544650256,0.010137450539852367,1.0671054291777147,0.09323809770034458,0.4708381050349252,3934,catboost_tuned,0.48457974377198343,False,,,1337
optdigits,lightgbm_tuned,gbdt,covariate_shift,0.1,821228114,test_only,True,low,True,ok,,0.9223013048635824,0.9982072315288404,0.23203499060761218,0.10077151602935883,0.012367761199868071,0.11140815789619748,0.01259594557211288,0.016355726170692263,1.0474244401134496,0.0067491728635254555,0.4550127197158502,3934,catboost_tuned,0.48457974377198343,False,,,1337
optdigits,lightgbm_tuned,gbdt,covariate_shift,0.2,2816676239,test_only,True,low,True,ok,,0.7894424673784104,0.9926215565866373,0.5693940909654096,0.2472847117345956,0.045851875738883933,0.2806059166146745,0.04838205531403611,0.03836731793548777,1.126416706143237,-0.5640619918953501,0.38247812624392913,3934,catboost_tuned,0.48457974377198343,True,utility_gap,,1337
optdigits,lightgbm_tuned,gbdt,covariate_shift,0.3,4148601901,test_only,True,low,True,ok,,0.5972716488730724,0.9721553599229343,1.1327532929457758,0.49194850448408806,0.13475591322376676,0.537829396635792,0.13475591322376676,0.06621493496137272,0.7472064119711019,-0.5809845053752031,0.25530938931400804,3934,catboost_tuned,0.48457974377198343,True,utility_gap;ece,,1337
optdigits,lightgbm_tuned,gbdt,covariate_shift,0.4,959586755,test_only,True,low,True,ok,,0.36595492289442466,0.9367871343178905,2.0634779014376785,0.8961570661236858,0.38011580052704674,0.9095797357642991,0.3801158005270467,0.10053475446634944,0.7077544700901899,-1.7249143818387063,0.037898455502910294,3934,catboost_tuned,0.48457974377198343,True,utility_gap;ece;nll,,1337
optdigits,xgboost_tuned,gbdt,covariate_shift,0.0,270016883,test_only,True,low,True,ok,,0.9744958481613286,0.9994733412439378,0.08740356521117335,0.03795888606988361,0.008208209696759663,0.040290946425932124,0.006907986897272001,0.0038542342591128278,0.814022427543375,-0.05627813004789218,0.4829607388992605,3934,catboost_tuned,0.48457974377198343,False,,,1337
optdigits,xgboost_tuned,gbdt,covariate_shift,0.05,3592725043,test_only,True,low,True,ok,,0.9744958481613286,0.9994790244629141,0.08751106021626197,0.03800557055742576,0.009051561982120582,0.040979714071269616,0.008747352720409565,0.0040790684435043426,0.8821702221357596,0.06846837844132182,0.48278005222256737,3934,catboost_tuned,0.48457974377198343,False,,,1337
optdigits,xgboost_tuned,gbdt,covariate_shift,0.1,821228114,test_only,True,low,True,ok,,0.9602609727164887,0.9991513923425627,0.13141863799329304,0.0570743892997282,0.01557279121095699,0.06100693250778428,0.013926108100413675,0.008708149145362434,1.0983907341101462,0.2811312675959882,0.47350525819526035,3934,catboost_tuned,0.48457974377198343,False,,,1337
optdigits,xgboost_tuned,gbdt,covariate_shift,0.2,2816676239,test_only,True,low,True,ok,,0.8926453143534994,0.9972080814343206,0.3183838103536053,0.13827233196390218,0.010780548808947734,0.15483688533660978,0.01195259731178746,0.021871842933194083,1.018405217188142,-0.061111072381650144,0.4392818163040769,3934,catboost_tuned,0.48457974377198343,True,utility_gap,,1337
optdigits,xgboost_tuned,gbdt,covariate_shift,0.3,4148601901,test_only,True,low,True,ok,,0.6880189798339265,0.9812528943836784,0.8534149819079879,0.3706334174162026,0.08572696011017159,0.43017137031251335,0.08503035593285213,0.05079535901938096,0.7484976392993862,-0.34416449404151084,0.3183059427624813,3934,catboost_tuned,0.48457974377198343,True,utility_gap,,1337
optdigits,xgboost_tuned,gbdt,covariate_shift,0.4,959586755,test_only,True,low,True,ok,,0.5213523131672598,0.9548590384339134,1.4184713303799177,0.6160342715219627,0.19393121409162473,0.6522617266586279,0.19161354777569306,0.0737879181015291,0.7031189416303711,-0.8157887064830043,0.18880698615204494,3934,catboost_tuned,0.48457974377198343,True,utility_gap;ece,,1337
optdigits,catboost_tuned,gbdt,label_noise,0.0,3489964384,train_only,True,low,True,ok,,0.9774614472123369,0.9996043959143546,0.07367935150600517,0.03199853578926809,0.0115072557155536,0.03405584717504626,0.009394571585198063,0.004741200182780341,1.2376095446292914,0.11547671373965286,0.48457974377198343,3934,catboost_tuned,0.48457974377198343,False,,,1337
optdigits,catboost_tuned,gbdt,label_noise,0.05,2828549642,train_only,True,low,True,ok,,0.9786476868327402,0.9994097938769823,0.11776122595185945,0.05114305061305457,0.05608352280928908,0.04204143610175989,0.0555514248760482,0.013160365037849875,1.6777228352418156,0.8952716259798345,0.4700309611360806,3934,catboost_tuned,0.48457974377198343,False,,,1337
optdigits,catboost_tuned,gbdt,label_noise,0.1,2339553086,train_only,True,low,True,ok,,0.9697508896797153,0.9992949721430813,0.24900013055995668,0.10813938269537844,0.1480345081322534,0.0844394629564754,0.14781178492699784,0.03129510366023601,2.094111476982322,1.9049422989615103,0.43316715726697147,3934,catboost_tuned,0.48457974377198343,True,utility_gap;ece,,1337
optdigits,catboost_tuned,gbdt,label_noise,0.2,4058853975,train_only,True,low,True,ok,,0.9727164887307236,0.9991565102142855,0.3767590889907666,0.16362439335558612,0.248743288319473,0.12976954458993514,0.24874328831947287,0.050473209456535675,2.396311297416252,2.8930203018962852,0.396776276214038,3934,catboost_tuned,0.48457974377198343,True,utility_gap;ece,,1337
optdigits,catboost_tuned,gbdt,label_noise,0.3,4110801411,train_only,True,low,True,ok,,0.968564650059312,0.9990928399485146,0.5249890466673395,0.22799984602727427,0.34179264389468655,0.1957518339904617,0.34179264389468644,0.06936211832716141,3.086169607166879,3.8624315010201213,0.3582087089037572,3934,catboost_tuned,0.48457974377198343,True,utility_gap;ece,,1337
optdigits,catboost_tuned,gbdt,label_noise,0.4,878059086,train_only,True,low,True,ok,,0.9549228944246738,0.9980573619706131,0.7784799749270178,0.33808955738298563,0.46114038545584385,0.3210030559379692,0.46114038545584385,0.09230563226459775,3.3462080721265397,5.0067827260122755,0.29890356654735123,3934,catboost_tuned,0.48457974377198343,True,utility_gap;ece,,1337
optdigits,gbdt_ensemble,gbdt,label_noise,0.0,3489964384,train_only,True,low,True,ok,,0.9762752075919335,0.9996415441277611,0.07185641621525764,0.031206845051629736,0.014514446272489684,0.03478320555028766,0.009872942073562313,0.004765149549000276,1.3360419877482084,0.04763035413548526,0.4840508788135195,3934,catboost_tuned,0.48457974377198343,False,,,1337
optdigits,gbdt_ensemble,gbdt,label_noise,0.05,2828549642,train_only,True,low,True,ok,,0.9774614472123369,0.9995614878219966,0.12156316758034218,0.05279421288282288,0.059190714683650836,0.04481457674020284,0.05895152369706425,0.013546264492023194,1.7440682155168938,0.9801389809604242,0.4687893310179722,3934,catboost_tuned,0.48457974377198343,False,,,1337
optdigits,gbdt_ensemble,gbdt,label_noise,0.1,2339553086,train_only,True,low,True,ok,,0.9697508896797153,0.9992421269187342,0.20920083914567167,0.090854770050495,0.11481207332404592,0.07376362184753293,0.11481207332404596,0.024851399636088036,1.9244850320923519,1.5427273453199204,0.44497853219355654,3934,catboost_tuned,0.48457974377198343,True,utility_gap;ece,,1337
optdigits,gbdt_ensemble,gbdt,label_noise,0.2,4058853975,train_only,True,low,True,ok,,0.9697508896797153,0.9991632800259558,0.30862862756708526,0.13403570990975894,0.19562205372558103,0.10664934247823683,0.1952978223696857,0.039864322614978596,2.5672642579339278,2.302094491133619,0.4158346577429979,3934,catboost_tuned,0.48457974377198343,True,utility_gap;ece,,1337
optdigits,gbdt_ensemble,gbdt,label_noise,0.3,4110801411,train_only,True,low,True,ok,,0.965005931198102,0.9985569367804266,0.4557928227250342,0.19794830780058942,0.29148133857440167,0.17065322996175222,0.2908035153150578,0.05827118559021084,2.8407241735941784,3.198496546602164,0.3765650574978074,3934,catboost_tuned,0.48457974377198343,True,utility_gap;ece,,1337
optdigits,gbdt_ensemble,gbdt,label_noise,0.4,878059086,train_only,True,low,True,ok,,0.9501779359430605,0.9977761379554956,0.6165416939919277,0.26776065556397743,0.3649522525707414,0.2499833652616487,0.36495225257074143,0.0724417538628859,3.1504225044108325,3.923344272666856,0.33842969149254104,3934,catboost_tuned,0.48457974377198343,True,utility_gap;ece,,1337
optdigits,lightgbm,gbdt,label_noise,0.0,3489964384,train_only,True,low,True,ok,,0.9792408066429419,0.9994822251009182,0.09995236980630075,0.04340876266002961,0.014693511537344512,0.035698625605643734,0.012623045692166726,0.0038416127301025465,0.4640674493527959,-0.02381652471040622,0.48074356867628487,3934,catboost_tuned,0.48457974377198343,False,,,1337
optdigits,lightgbm,gbdt,label_noise,0.05,2828549642,train_only,True,low,True,ok,,0.9816132858837485,0.9994433239281921,0.08182418078904417,0.03553579020293595,0.012306224827278134,0.03296647892120079,0.008674752018754808,0.003784871023777705,0.5643329494737265,0.23185692307206196,0.48392517423109305,3934,catboost_tuned,0.48457974377198343,False,,,1337
optdigits,lightgbm,gbdt,label_noise,0.1,2339553086,train_only,True,low,True,ok,,0.9715302491103203,0.9991391060564044,0.10556202931359822,0.04584500682940502,0.011712678363417422,0.04569958849526587,0.010195867703453626,0.004625333218708299,0.7713745782259714,-0.1638210587452595,0.47933218676478456,3934,catboost_tuned,0.48457974377198343,False,,,1337
optdigits,lightgbm,gbdt,label_noise,0.2,4058853975,train_only,True,low,True,ok,,0.9661921708185054,0.9988907974021093,0.12494125706388633,0.05426129850490151,0.02024440669863827,0.05443879318832883,0.017726395447297275,0.006621652663032798,1.247408344079731,0.29058390252590205,0.47421333382231595,3934,catboost_tuned,0.48457974377198343,False,,,1337
optdigits,lightgbm,gbdt,label_noise,0.3,4110801411,train_only,True,low,True,ok,,0.9377224199288257,0.9969013066883312,0.2343210661950094,0.10176434604217917,0.06099818030610593,0.09792698064399302,0.05951184334443249,0.014859874878187091,1.6533864436458576,0.47216953953264007,0.44684488045636483,3934,catboost_tuned,0.48457974377198343,True,utility_gap,,1337
optdigits,lightgbm,gbdt,label_noise,0.4,878059086,train_only,True,low,True,ok,,0.902135231316726,0.9938711125147467,0.3848553106882048,0.16714053776304888,0.1154605431048954,0.16398012717998214,0.11497547895367609,0.02586658985487365,1.8419542646517066,0.8517479255016975,0.4099409041277765,3934,catboost_tuned,0.48457974377198343,True,utility_gap;ece,,1337
optdigits,lightgbm_tuned,gbdt,label_noise,0.0,3489964384,train_only,True,low,True,ok,,0.9756820877817319,0.9994334031963433,0.08868385748213264,0.03851490993838461,0.012210675080603023,0.04059010347332407,0.005960365374540987,0.004274728174415922,0.8218942382390197,0.188725482095783,0.4821573962883439,3934,catboost_tuned,0.48457974377198343,False,,,1337
optdigits,lightgbm_tuned,gbdt,label_noise,0.05,2828549642,train_only,True,low,True,ok,,0.9679715302491103,0.999114082445532,0.1547178220746802,0.06719309637912274,0.060417358571969296,0.060987805836563415,0.060417358571969317,0.013872225492484805,1.4791653455753844,0.9573597009834874,0.4626442577651721,3934,catboost_tuned,0.48457974377198343,False,,,1337
optdigits,lightgbm_tuned,gbdt,label_noise,0.1,2339553086,train_only,True,low,True,ok,,0.9543297746144721,0.9985714101414752,0.24610422307422894,0.10688170605422456,0.11307893413413683,0.09036620774707614,0.11284900259544334,0.024986571517892246,2.157312227826512,1.099621243304577,0.43796916109859246,3934,catboost_tuned,0.48457974377198343,True,utility_gap;ece,,1337
optdigits,lightgbm_tuned,gbdt,label_noise,0.2,4058853975,train_only,True,low,True,ok,,0.9483985765124555,0.9975481441696724,0.388707403636132,0.1688134804741121,0.21078346194633887,0.1395561550080019,0.21073085283275605,0.04291057650637948,2.4615446062086814,2.0724412591285644,0.39860090040475227,3934,catboost_tuned,0.48457974377198343,True,utility_gap;ece,,1337
optdigits,lightgbm_tuned,gbdt,label_noise,0.3,4110801411,train_only,True,low,True,ok,,0.9436536180308422,0.9967597535164578,0.5450477596033941,0.23671123436948419,0.31083624080970984,0.20910682972021088,0.3108362408097098,0.06258414564477668,2.7685545970441234,3.103978530062048,0.3572333379625993,3934,catboost_tuned,0.48457974377198343,True,utility_gap;ece,,1337
optdigits,lightgbm_tuned,gbdt,label_noise,0.4,878059086,train_only,True,low,True,ok,,0.924673784104389,0.9945144065680335,0.7119533796335169,0.30919742414720736,0.3819567085984304,0.2908409149948806,0.38195670859843045,0.07649764068216679,3.123932325528295,3.765371474641784,0.3176305409506217,3934,catboost_tuned,0.48457974377198343,True,utility_gap;ece,,1337
optdigits,xgboost_tuned,gbdt,label_noise,0.0,3489964384,train_only,True,low,True,ok,,0.9744958481613286,0.9994733412439378,0.08740356521117335,0.03795888606988361,0.008208209696759663,0.040290946425932124,0.006907986897272001,0.0038542342591128278,0.814022427543375,-0.05627813004789218,0.4829607388992605,3934,catboost_tuned,0.48457974377198343,False,,,1337
optdigits,xgboost_tuned,gbdt,label_noise,0.05,2828549642,train_only,True,low,True,ok,,0.9608540925266904,0.9988835015370278,0.19483825749836628,0.08461718009518535,0.08320574079611989,0.0737558635993774,0.08299084545235501,0.019088914920776516,1.6408296210505442,1.0884235238879376,0.4517110372291837,3934,catboost_tuned,0.48457974377198343,True,utility_gap,,1337
optdigits,xgboost_tuned,gbdt,label_noise,0.1,2339553086,train_only,True,low,True,ok,,0.9567022538552787,0.9986250483870288,0.27211660129908666,0.11817873837846057,0.1379329766690848,0.09625168309077134,0.13773663914449524,0.029287534761625073,2.0412824547389654,1.4856445501137447,0.42998388816639677,3934,catboost_tuned,0.48457974377198343,True,utility_gap;ece,,1337
optdigits,xgboost_tuned,gbdt,label_noise,0.2,4058853975,train_only,True,low,True,ok,,0.9472123368920522,0.9980009991034692,0.4145237512517881,0.18002537778648772,0.23179955227543347,0.14778801430179006,0.23164546046518367,0.047641281332528866,2.6283547127922255,2.3426908703626026,0.39101467642898896,3934,catboost_tuned,0.48457974377198343,True,utility_gap;ece,,1337
optdigits,xgboost_tuned,gbdt,label_noise,0.3,4110801411,train_only,True,low,True,ok,,0.9383155397390273,0.9972813643840537,0.5761286995231921,0.25020951506901895,0.3254798186076085,0.2208451306493912,0.32547981860760844,0.06597151908603507,2.9136335874949406,3.1929196987566257,0.3496369902530454,3934,catboost_tuned,0.48457974377198343,True,utility_gap;ece,,1337
optdigits,xgboost_tuned,gbdt,label_noise,0.4,878059086,train_only,True,low,True,ok,,0.9288256227758007,0.9950965015148062,0.7384108153605723,0.32068774248877746,0.4034046142848282,0.30022720706325196,0.4034046142848282,0.08137883933719504,3.0525510864765284,3.879867622401702,0.3107203733429534,3934,catboost_tuned,0.48457974377198343,True,utility_gap;ece,,1337
ozone-level-8hr,catboost_tuned,gbdt,covariate_shift,0.0,954090622,test_only,True,medium,True,ok,,0.9474375821287779,0.897294296400187,0.16208445728843407,0.23383844273520285,0.020634339952825306,0.08966703210117517,0.020206544767510767,0.02380258300079032,0.8427328143031272,0.09015342003881734,0.38189024024825624,1773,catboost_tuned,0.38189024024825624,False,,,1337
ozone-level-8hr,catboost_tuned,gbdt,covariate_shift,0.05,1062211810,test_only,True,low,True,ok,,0.9395532194480947,0.8892589995324918,0.17415220812359233,0.2512485270197693,0.03257594534524067,0.09811090873313302,0.0291164448660632,0.032575945345240734,1.0006092678587144,-0.6830041950039195,0.3702838855786074,1773,catboost_tuned,0.38189024024825624,False,,,1337
ozone-level-8hr,catboost_tuned,gbdt,covariate_shift,0.1,3188726148,test_only,True,low,True,ok,,0.938239159001314,0.8858695652173912,0.18342773216806735,0.26463027956037977,0.03495870647204995,0.10229008306435049,0.032978372905565295,0.03584027803843445,0.9788228903575102,-0.7741366910284708,0.3644093965137601,1773,catboost_tuned,0.38189024024825624,False,,,1337
ozone-level-8hr,catboost_tuned,gbdt,covariate_shift,0.2,1185563456,test_only,True,low,True,ok,,0.9356110381077529,0.8700911640953716,0.1906810355679802,0.27509458440549706,0.03178426382463635,0.10506084383150753,0.03268278571652086,0.03178426382463631,0.9130152358416992,-0.546417691773565,0.35598833506296657,1773,catboost_tuned,0.38189024024825624,False,,,1337
ozone-level-8hr,catboost_tuned,gbdt,covariate_shift,0.3,4175043361,test_only,True,low,True,ok,,0.9369250985545335,0.8530271154745208,0.204914586447002,0.2956292576729026,0.03924691801942586,0.1110880656317078,0.0367832965403816,0.039246918019425814,0.8496457649540343,-0.48738095810159315,0.34256009429350637,1773,catboost_tuned,0.38189024024825624,True,utility_gap,,1337
ozone-level-8hr,catboost_tuned,gbdt,covariate_shift,0.4,2069189837,test_only,True,low,True,ok,,0.9369250985545335,0.8147791023842917,0.21928850253169252,0.3163664351264397,0.042314101043546826,0.11692469781641501,0.03597728008134912,0.0423141010435468,0.8013698850304468,-0.23466266562401497,0.32233869987104086,1773,catboost_tuned,0.38189024024825624,True,utility_gap,,1337
ozone-level-8hr,gbdt_ensemble,gbdt,covariate_shift,0.0,954090622,test_only,True,medium,True,ok,,0.9395532194480947,0.8989013557737261,0.16784357858730709,0.24214709847296495,0.028465402047949583,0.0911705525243782,0.02748573841022814,0.030546929830344995,0.8767109746376047,-0.42697054892251063,0.3772112474865389,1773,catboost_tuned,0.38189024024825624,False,,,1337
ozone-level-8hr,gbdt_ensemble,gbdt,covariate_shift,0.05,1062211810,test_only,True,low,True,ok,,0.9395532194480947,0.9014726507713886,0.18405828266822488,0.2655399716399871,0.0377149210292847,0.10113710195422099,0.03651953977563988,0.0385494148856686,0.8868432749075905,-0.7916984092962276,0.36924343498934714,1773,catboost_tuned,0.38189024024825624,False,,,1337
ozone-level-8hr,gbdt_ensemble,gbdt,covariate_shift,0.1,3188726148,test_only,True,low,True,ok,,0.9369250985545335,0.8921809256661991,0.19789597565733855,0.2855035426927254,0.04144236168974873,0.10478654134879467,0.04224165243951011,0.041442361689748665,0.9004126609995545,-1.0326477861520396,0.3588625536205824,1773,catboost_tuned,0.38189024024825624,False,,,1337
ozone-level-8hr,gbdt_ensemble,gbdt,covariate_shift,0.2,1185563456,test_only,True,low,True,ok,,0.9356110381077529,0.8588709677419355,0.21739480817491183,0.3136344116689528,0.045935317882097475,0.10952075031547448,0.04127976535621171,0.046629463277700844,0.7519936974016579,-0.544085298037346,0.337669107348735,1773,catboost_tuned,0.38189024024825624,True,utility_gap,,1337
ozone-level-8hr,gbdt_ensemble,gbdt,covariate_shift,0.3,4175043361,test_only,True,low,True,ok,,0.9342969776609724,0.8323106591865358,0.22817471564558484,0.32918653071813464,0.0439144545780171,0.11616867564544373,0.04134725811090468,0.04677797594982577,0.7066472381217931,-0.3097829708580514,0.3239144272333896,1773,catboost_tuned,0.38189024024825624,True,utility_gap,,1337
ozone-level-8hr,gbdt_ensemble,gbdt,covariate_shift,0.4,2069189837,test_only,True,low,True,ok,,0.9356110381077529,0.8044062646096306,0.24516171277619997,0.35369358723806815,0.05254308473156887,0.12075385266588597,0.043935355332996494,0.05254308473156884,0.6703486567198164,-0.22266448091255084,0.3052671552117994,1773,catboost_tuned,0.38189024024825624,True,utility_gap,,1337
ozone-level-8hr,lightgbm,gbdt,covariate_shift,0.0,954090622,test_only,True,medium,True,ok,,0.9395532194480947,0.8863955119214586,0.31364090813072676,0.4524881827801105,0.04971842038110079,0.10492832280388949,0.045184809108423825,0.05107627880746337,0.348507356169624,-0.19338191220311884,0.3054812731794714,1773,catboost_tuned,0.38189024024825624,True,utility_gap,,1337
ozone-level-8hr,lightgbm,gbdt,covariate_shift,0.05,1062211810,test_only,True,low,True,ok,,0.9356110381077529,0.8838534361851332,0.4279229907838252,0.6173623766861982,0.05735005906412728,0.11960998267258025,0.05716828547091734,0.05811829504431762,0.3554828655074348,-0.879932668003754,0.2530116335622747,1773,catboost_tuned,0.38189024024825624,True,utility_gap,,1337
ozone-level-8hr,lightgbm,gbdt,covariate_shift,0.1,3188726148,test_only,True,low,True,ok,,0.9395532194480947,0.8731884057971016,0.4799555972017573,0.6924295599298761,0.05844561279476756,0.11803134130483688,0.05665092518217299,0.05844561279476754,0.3247716558831632,-0.7689139585234874,0.22713093440828336,1773,catboost_tuned,0.38189024024825624,True,utility_gap,,1337
ozone-level-8hr,lightgbm,gbdt,covariate_shift,0.2,1185563456,test_only,True,low,True,ok,,0.9342969776609724,0.8546341748480598,0.5107994653868265,0.7369278556023083,0.06178491512752116,0.1256196341570685,0.06115877988675159,0.06285277084088359,0.31497377055434655,-0.7328512212636574,0.20583116813977004,1773,catboost_tuned,0.38189024024825624,True,utility_gap,,1337
ozone-level-8hr,lightgbm,gbdt,covariate_shift,0.3,4175043361,test_only,True,low,True,ok,,0.9369250985545335,0.8150128564749883,0.5920613036454362,0.8541639066715255,0.06385847377788663,0.12641794325203623,0.05993526856299715,0.06385847377788662,0.2463638879804307,-0.14099364805568804,0.15677239779239094,1773,catboost_tuned,0.38189024024825624,True,utility_gap;nll,,1337
ozone-level-8hr,lightgbm,gbdt,covariate_shift,0.4,2069189837,test_only,True,low,True,ok,,0.9369250985545335,0.770278167367929,0.6338094951418307,0.9143938155094568,0.0632190450309327,0.12616415970593006,0.061910025968246477,0.0632190450309327,0.23616373891728096,-0.06906141968489615,0.12317416970293162,1773,catboost_tuned,0.38189024024825624,True,utility_gap;nll,,1337
ozone-level-8hr,lightgbm_tuned,gbdt,covariate_shift,0.0,954090622,test_only,True,medium,True,ok,,0.9395532194480947,0.8816912108461898,0.17536771593137038,0.25300213410621253,0.02159082174808565,0.09207099925804671,0.021865490590677984,0.02888271590916644,0.7311965052530491,-0.0074699511146735734,0.36930610213189974,1773,catboost_tuned,0.38189024024825624,False,,,1337
ozone-level-8hr,lightgbm_tuned,gbdt,covariate_shift,0.05,1062211810,test_only,True,low,True,ok,,0.9342969776609724,0.8800257129499767,0.20394342501999216,0.29422816789825285,0.04315368847565705,0.10738163488566337,0.04118479454286435,0.043153688475657107,0.8006111031412935,-0.7366257092564747,0.3512543581170305,1773,catboost_tuned,0.38189024024825624,True,utility_gap,,1337
ozone-level-8hr,lightgbm_tuned,gbdt,covariate_shift,0.1,3188726148,test_only,True,low,True,ok,,0.9369250985545335,0.8692730247779337,0.22088234857234468,0.3186658689052291,0.046201069510029225,0.1101165763805695,0.04280797160232041,0.04620106951002919,0.7136159080407939,-0.5699915062788086,0.33994434888188224,1773,catboost_tuned,0.38189024024825624,True,utility_gap,,1337
ozone-level-8hr,lightgbm_tuned,gbdt,covariate_shift,0.2,1185563456,test_only,True,low,True,ok,,0.9303547963206308,0.8411056568489949,0.2496685718326158,0.36019561044874476,0.05063928380764098,0.11868183150973012,0.05196033482773168,0.053622801358942804,0.7101630803996558,-0.7712206953263185,0.3157536594490912,1773,catboost_tuned,0.38189024024825624,True,utility_gap,,1337
ozone-level-8hr,lightgbm_tuned,gbdt,covariate_shift,0.3,4175043361,test_only,True,low,True,ok,,0.9369250985545335,0.8160355306217859,0.27290890126131034,0.39372431846414824,0.052694634089713026,0.120971304438304,0.0487533712447432,0.05269463408971295,0.5565885885946401,-0.1437196322076116,0.2974949781436181,1773,catboost_tuned,0.38189024024825624,True,utility_gap,,1337
ozone-level-8hr,lightgbm_tuned,gbdt,covariate_shift,0.4,2069189837,test_only,True,low,True,ok,,0.9369250985545335,0.7557561944834035,0.291771829361587,0.42093777129106247,0.06059597949008916,0.12389300140410787,0.0504708631305082,0.060595979490089144,0.4887234108877431,0.2015787627198796,0.2666529055670347,1773,catboost_tuned,0.38189024024825624,True,utility_gap,,1337
ozone-level-8hr,xgboost_tuned,gbdt,covariate_shift,0.0,954090622,test_only,True,medium,True,ok,,0.938239159001314,0.889726507713885,0.16839179054886463,0.24293800115126002,0.023772912942730227,0.09080167612964628,0.021839487720478615,0.026142102643735364,0.8312372006051673,-0.18084167781957783,0.3745041686161328,1773,catboost_tuned,0.38189024024825624,False,,,1337
ozone-level-8hr,xgboost_tuned,gbdt,covariate_shift,0.05,1062211810,test_only,True,low,True,ok,,0.9395532194480947,0.8900187003272557,0.18777526829968505,0.27090244837755023,0.03837066695816535,0.10288981248430025,0.032813289545989104,0.038370666958165336,0.8028125668414857,-0.42912741486221395,0.36349466012685555,1773,catboost_tuned,0.38189024024825624,False,,,1337
ozone-level-8hr,xgboost_tuned,gbdt,covariate_shift,0.1,3188726148,test_only,True,low,True,ok,,0.9369250985545335,0.8786816269284712,0.2084358874094746,0.30070942110893933,0.04221471796060333,0.10863636742164169,0.04165930328449711,0.04349104890221339,0.8045067153549004,-0.7145764013320346,0.3494215642833424,1773,catboost_tuned,0.38189024024825624,True,utility_gap,,1337
ozone-level-8hr,xgboost_tuned,gbdt,covariate_shift,0.2,1185563456,test_only,True,low,True,ok,,0.9342969776609724,0.8566503038803179,0.24209214662099357,0.34926513936827125,0.0500299035757724,0.11696393409872209,0.04783559607243197,0.05002990357577238,0.7149958689691586,-0.6644144939249651,0.3251866304816213,1773,catboost_tuned,0.38189024024825624,True,utility_gap,,1337
ozone-level-8hr,xgboost_tuned,gbdt,covariate_shift,0.3,4175043361,test_only,True,low,True,ok,,0.9342969776609724,0.8141947171575503,0.27950452697751477,0.40323979497647605,0.05222766436585499,0.12088103808660974,0.0518598805827988,0.05299973135247715,0.6324687524619478,-0.5318912209520839,0.2936952262881747,1773,catboost_tuned,0.38189024024825624,True,utility_gap,,1337
ozone-level-8hr,xgboost_tuned,gbdt,covariate_shift,0.4,2069189837,test_only,True,low,True,ok,,0.9369250985545335,0.7429289387564284,0.3167841396016694,0.45702290723560557,0.06132936981170686,0.12511252203260229,0.05375445863182246,0.06132936981170682,0.4660614232780403,0.1966217433801011,0.251191147214907,1773,catboost_tuned,0.38189024024825624,True,utility_gap,,1337
ozone-level-8hr,catboost_tuned,gbdt,label_noise,0.0,1812350474,train_only,True,medium,True,ok,,0.9474375821287779,0.897294296400187,0.16208445728843407,0.23383844273520285,0.020634339952825306,0.08966703210117517,0.020206544767510767,0.02380258300079032,0.8427328143031272,0.09015342003881734,0.38189024024825624,1773,catboost_tuned,0.38189024024825624,False,,,1337
ozone-level-8hr,catboost_tuned,gbdt,label_noise,0.05,2558428290,train_only,True,medium,True,ok,,0.9421813403416557,0.8914212248714353,0.18084984873849566,0.26091117992054685,0.0425094204742982,0.0921806665186657,0.04444304336892017,0.04468641377484692,1.7923625730945287,-0.8847352148835693,0.36654939168522693,1773,catboost_tuned,0.38189024024825624,False,,,1337
ozone-level-8hr,catboost_tuned,gbdt,label_noise,0.1,434005281,train_only,True,medium,True,ok,,0.9369250985545335,0.8455469845722301,0.22954196236678912,0.33115905078248775,0.08658442356716003,0.11265402501835627,0.07605485755352083,0.08658442356716003,2.3256546548117565,-1.167593137514589,0.3198156094352822,1773,catboost_tuned,0.38189024024825624,True,utility_gap,,1337
ozone-level-8hr,catboost_tuned,gbdt,label_noise,0.2,761481587,train_only,True,medium,True,ok,,0.9369250985545335,0.8128506311360448,0.3170291868723757,0.45737643571783687,0.1678708331260734,0.16188795018480126,0.16746036629480254,0.16793599785302,3.206933952949977,-0.6828194219866335,0.2542493883402299,1773,catboost_tuned,0.38189024024825624,True,utility_gap;ece,,1337
ozone-level-8hr,catboost_tuned,gbdt,label_noise,0.3,3766762699,train_only,True,medium,True,ok,,0.938239159001314,0.7405621785881253,0.42664716183977025,0.6155217445955875,0.26069887660811736,0.24688028320942892,0.2606988766081174,0.25991781112163614,3.696327371325723,0.29211815066857755,0.1631363376557412,1773,catboost_tuned,0.38189024024825624,True,utility_gap;ece,,1337
ozone-level-8hr,catboost_tuned,gbdt,label_noise,0.4,3189520713,train_only,True,medium,True,ok,,0.9224704336399474,0.7533602150537635,0.5432670513803359,0.7837686809047804,0.33017151962315244,0.35293880801475447,0.3301715196231524,0.3476768786793575,7.017638000249769,0.39005615264499816,0.10088173211874472,1773,catboost_tuned,0.38189024024825624,True,utility_gap;ece;nll,,1337
ozone-level-8hr,gbdt_ensemble,gbdt,label_noise,0.0,1812350474,train_only,True,medium,True,ok,,0.9395532194480947,0.8989013557737261,0.16784357858730709,0.24214709847296495,0.028465402047949583,0.0911705525243782,0.02748573841022814,0.030546929830344995,0.8767109746376047,-0.42697054892251063,0.3772112474865389,1773,catboost_tuned,0.38189024024825624,False,,,1337
ozone-level-8hr,gbdt_ensemble,gbdt,label_noise,0.05,2558428290,train_only,True,medium,True,ok,,0.9448094612352168,0.8748831229546516,0.17607134062053037,0.2540172499559107,0.03626997213306378,0.09082205818511038,0.029508937034271113,0.03941502591288465,1.4766712249962746,-0.4294318731101549,0.36447134280602467,1773,catboost_tuned,0.38189024024825624,False,,,1337
ozone-level-8hr,gbdt_ensemble,gbdt,label_noise,0.1,434005281,train_only,True,medium,True,ok,,0.9395532194480947,0.8226390836839644,0.2138383958824068,0.30850359329119925,0.06813171762085579,0.10655282246493998,0.061433468520738596,0.0672349566448377,1.7071959959438645,-0.3013162881259031,0.32267924069507087,1773,catboost_tuned,0.38189024024825624,True,utility_gap,,1337
ozone-level-8hr,gbdt_ensemble,gbdt,label_noise,0.2,761481587,train_only,True,medium,True,ok,,0.9369250985545335,0.7926893408134643,0.30417228118356593,0.43882784163941396,0.15395588906643454,0.15695363651391814,0.15374454620465167,0.15715231006183153,2.1578197598489997,0.2910990141252027,0.2555405037627815,1773,catboost_tuned,0.38189024024825624,True,utility_gap;ece,,1337
ozone-level-8hr,gbdt_ensemble,gbdt,label_noise,0.3,3766762699,train_only,True,medium,True,ok,,0.9211563731931669,0.7125116877045349,0.4151830659468476,0.5989825503025925,0.24235364485992386,0.24103737473725664,0.23083688700026722,0.25102726580235674,3.1977091886428974,0.37595308460613264,0.15938705261279973,1773,catboost_tuned,0.38189024024825624,True,utility_gap;ece,,1337
ozone-level-8hr,gbdt_ensemble,gbdt,label_noise,0.4,3189520713,train_only,True,medium,True,ok,,0.8501971090670171,0.7052068723702665,0.5415216341527169,0.7812505761262123,0.24283990823115537,0.3538359509749735,0.24283990823115528,0.3434907162989381,3.880789634020022,0.3963413275493178,0.09140881720555102,1773,catboost_tuned,0.38189024024825624,True,utility_gap;ece;nll,,1337
ozone-level-8hr,lightgbm,gbdt,label_noise,0.0,1812350474,train_only,True,medium,True,ok,,0.9395532194480947,0.8863955119214586,0.31364090813072676,0.4524881827801105,0.04971842038110079,0.10492832280388949,0.045184809108423825,0.05107627880746337,0.348507356169624,-0.19338191220311884,0.3054812731794714,1773,catboost_tuned,0.38189024024825624,True,utility_gap,,1337
ozone-level-8hr,lightgbm,gbdt,label_noise,0.05,2558428290,train_only,True,medium,True,ok,,0.9369250985545335,0.8335086489013557,0.19475690887549252,0.2809748266135368,0.028084328619479088,0.096382069938327,0.028387443058659888,0.03153493935222753,0.7272307340924566,-0.06059809297348118,0.3423574781906976,1773,catboost_tuned,0.38189024024825624,True,utility_gap,,1337
ozone-level-8hr,lightgbm,gbdt,label_noise,0.1,434005281,train_only,True,medium,True,ok,,0.9369250985545335,0.7395979429640018,0.21998074892215908,0.31736513556103907,0.023690517698462407,0.112693707298672,0.025844656349301044,0.030986956361540093,0.5945123863310271,0.8718750863057884,0.2994504006125764,1773,catboost_tuned,0.38189024024825624,True,utility_gap,,1337
ozone-level-8hr,lightgbm,gbdt,label_noise,0.2,761481587,train_only,True,medium,True,ok,,0.9080157687253614,0.7546750818139317,0.27803954771782974,0.4011262766635233,0.0639234489524755,0.15990685137336866,0.06496075462364986,0.11364114671645842,1.1412419011567458,0.5104588654025645,0.26721607115412827,1773,catboost_tuned,0.38189024024825624,True,utility_gap,,1337
ozone-level-8hr,lightgbm,gbdt,label_noise,0.3,3766762699,train_only,True,medium,True,ok,,0.8160315374507228,0.5987611033193081,0.42996132207924537,0.6203030671377897,0.08099580272279798,0.27158206256008693,0.09646908428782286,0.22261201729907748,1.3268016861577312,0.1603421739397365,0.12968103609346976,1773,catboost_tuned,0.38189024024825624,True,utility_gap,,1337
ozone-level-8hr,lightgbm,gbdt,label_noise,0.4,3189520713,train_only,True,medium,True,ok,,0.7030223390275953,0.6036407199625994,0.5752157191685072,0.8298608654857841,0.014119811721467508,0.39216993158740304,0.04247756652967751,0.32764977318841837,0.9859729620396481,0.0699409603939642,0.06494538085102036,1773,catboost_tuned,0.38189024024825624,True,utility_gap;nll,,1337
ozone-level-8hr,lightgbm_tuned,gbdt,label_noise,0.0,1812350474,train_only,True,medium,True,ok,,0.9395532194480947,0.8816912108461898,0.17536771593137038,0.25300213410621253,0.02159082174808565,0.09207099925804671,0.021865490590677984,0.02888271590916644,0.7311965052530491,-0.0074699511146735734,0.36930610213189974,1773,catboost_tuned,0.38189024024825624,False,,,1337
ozone-level-8hr,lightgbm_tuned,gbdt,label_noise,0.05,2558428290,train_only,True,medium,True,ok,,0.9487516425755584,0.8461313697989715,0.18537960181695318,0.267446232223289,0.04114698758039055,0.09524256300855119,0.04114698758039042,0.042124697135725434,1.1288796526643272,0.46280704876314577,0.349995458632909,1773,catboost_tuned,0.38189024024825624,True,utility_gap,,1337
ozone-level-8hr,lightgbm_tuned,gbdt,label_noise,0.1,434005281,train_only,True,medium,True,ok,,0.9342969776609724,0.8356708742402992,0.2248823968069655,0.3244367186566332,0.07391374587797145,0.1155471321013359,0.06698798876497444,0.07676455431178472,1.8136848695562238,-0.3409050203902318,0.32051558786066625,1773,catboost_tuned,0.38189024024825624,True,utility_gap,,1337
ozone-level-8hr,lightgbm_tuned,gbdt,label_noise,0.2,761481587,train_only,True,medium,True,ok,,0.9211563731931669,0.7771446937821412,0.31857387453343344,0.45960494894616727,0.14757171762663443,0.1708485415404284,0.14757171762663443,0.16755109807605742,2.4223370459313722,0.03698486861855777,0.2427782705935474,1773,catboost_tuned,0.38189024024825624,True,utility_gap;ece,,1337
ozone-level-8hr,lightgbm_tuned,gbdt,label_noise,0.3,3766762699,train_only,True,medium,True,ok,,0.900131406044678,0.6695593735390369,0.43311402973686186,0.6248514628408056,0.21507003068670183,0.2587693393731265,0.21507003068670186,0.2617636604974123,2.704263037349472,0.48423645995047165,0.13889604665578253,1773,catboost_tuned,0.38189024024825624,True,utility_gap;ece,,1337
ozone-level-8hr,lightgbm_tuned,gbdt,label_noise,0.4,3189520713,train_only,True,medium,True,ok,,0.8304862023653088,0.6969086021505376,0.5476826801687456,0.7901390866602255,0.2189034352097642,0.3601113136806625,0.21890343520976424,0.34704320929866417,2.92228200861437,0.47195623964461036,0.087668528067464,1773,catboost_tuned,0.38189024024825624,True,utility_gap;ece;nll,,1337
ozone-level-8hr,xgboost_tuned,gbdt,label_noise,0.0,1812350474,train_only,True,medium,True,ok,,0.938239159001314,0.889726507713885,0.16839179054886463,0.24293800115126002,0.023772912942730227,0.09080167612964628,0.021839487720478615,0.026142102643735364,0.8312372006051673,-0.18084167781957783,0.3745041686161328,1773,catboost_tuned,0.38189024024825624,False,,,1337
ozone-level-8hr,xgboost_tuned,gbdt,label_noise,0.05,2558428290,train_only,True,medium,True,ok,,0.9434954007884363,0.836810425432445,0.18756416648104124,0.27059789283067015,0.04111670257629127,0.0964376860329519,0.036691922702843494,0.04036858098849647,1.311226405777404,0.0041220691398108685,0.34500525065516185,1773,catboost_tuned,0.38189024024825624,True,utility_gap,,1337
ozone-level-8hr,xgboost_tuned,gbdt,label_noise,0.1,434005281,train_only,True,medium,True,ok,,0.9329829172141918,0.8155972417017299,0.22967664800370238,0.3313533610829415,0.06979916939066821,0.11822704861097967,0.06714143574214962,0.07390954084198073,1.7141448982534038,-0.2236889244592745,0.3120406299747181,1773,catboost_tuned,0.38189024024825624,True,utility_gap,,1337
ozone-level-8hr,xgboost_tuned,gbdt,label_noise,0.2,761481587,train_only,True,medium,True,ok,,0.9277266754270697,0.7783426834969612,0.3182742402614147,0.45917266806784546,0.1581004742345179,0.1690705494889766,0.1549474307461451,0.16786768757261847,2.391053057908576,0.11585990876419519,0.24220704527073966,1773,catboost_tuned,0.38189024024825624,True,utility_gap;ece,,1337
ozone-level-8hr,xgboost_tuned,gbdt,label_noise,0.3,3766762699,train_only,True,medium,True,ok,,0.897503285151117,0.6908309957924264,0.4324769745649192,0.6239323865034713,0.2094712151490144,0.2578199589988761,0.2094712151490144,0.26060746602714663,2.6498350688770196,0.41930296615477636,0.14734238231917252,1773,catboost_tuned,0.38189024024825624,True,utility_gap;ece,,1337
ozone-level-8hr,xgboost_tuned,gbdt,label_noise,0.4,3189520713,train_only,True,medium,True,ok,,0.8291721419185283,0.665994623655914,0.5503595706313265,0.7940010232555939,0.21963201703806826,0.3621598735835186,0.2179170224717852,0.34655466966195436,2.698699012264552,0.5328850888357062,0.07534722918305732,1773,catboost_tuned,0.38189024024825624,True,utility_gap;ece;nll,,1337
pc1,catboost_tuned,gbdt,covariate_shift,0.0,3415159465,test_only,False,high,True,ok,,0.93993993993994,0.8631837307152875,0.1842102941650965,0.2657592778726819,0.02790817748496363,0.10055249552887588,0.028990907015331434,0.030943032895905997,0.9571210356264873,-0.058579524402883,0.3577958778825443,776,catboost_tuned,0.3577958778825443,False,,,1337
pc1,catboost_tuned,gbdt,covariate_shift,0.05,1421187473,test_only,False,low,True,ok,,0.9369369369369369,0.8269985974754558,0.1974502674281086,0.2848605216407319,0.01843250039562898,0.10668736361483241,0.02968352699571085,0.02143339483422843,1.1052517902289818,-0.2995561894657698,0.34084539308560463,776,catboost_tuned,0.3577958778825443,False,,,1337
pc1,catboost_tuned,gbdt,covariate_shift,0.1,3835151215,test_only,False,low,True,ok,,0.93993993993994,0.8069424964936887,0.2060036153787691,0.29720039431214756,0.036944426102766076,0.10598811758700578,0.04672855454337257,0.039377646191808426,1.2445603926491153,0.056040211568437595,0.3268718612495845,776,catboost_tuned,0.3577958778825443,True,utility_gap,,1337
pc1,catboost_tuned,gbdt,covariate_shift,0.2,1064202165,test_only,False,low,True,ok,,0.93993993993994,0.7561711079943899,0.24434931631930726,0.35252154689847326,0.07943911799890807,0.12301353695417774,0.07854673575443227,0.08567588999859177,1.2551890474947223,0.5493024855057176,0.28400659111970383,776,catboost_tuned,0.3577958778825443,True,utility_gap,,1337
pc1,catboost_tuned,gbdt,covariate_shift,0.3,1190422692,test_only,False,low,True,ok,,0.9369369369369369,0.7218092566619917,0.2303948128738128,0.33238945397959047,0.050120607947562436,0.11553777113035087,0.05624686152122004,0.057146323323044215,1.1635093114905963,0.37857710916746123,0.28343282258884794,776,catboost_tuned,0.3577958778825443,True,utility_gap,,1337
pc1,catboost_tuned,gbdt,covariate_shift,0.4,183885354,test_only,False,low,True,ok,,0.918918918918919,0.7046984572230013,0.2501318660716846,0.3608640027499217,0.047072301881626796,0.13069338681372283,0.042497523777706096,0.059064219130549475,0.7863823481067482,-0.048905057332233964,0.2668086366645864,776,catboost_tuned,0.3577958778825443,True,utility_gap,,1337
pc1,gbdt_ensemble,gbdt,covariate_shift,0.0,3415159465,test_only,False,high,True,ok,,0.93993993993994,0.8606591865357643,0.18442869287427416,0.266074360607349,0.02265351210791189,0.09970509508668046,0.028479626966946676,0.02332848553286026,0.9095887112839046,-0.08800217607524984,0.3578686956747214,776,catboost_tuned,0.3577958778825443,False,,,1337
pc1,gbdt_ensemble,gbdt,covariate_shift,0.05,1421187473,test_only,False,low,True,ok,,0.93993993993994,0.8126928471248247,0.20057658842150933,0.2893708494341382,0.014427470804154349,0.10683679316556735,0.02944430897148212,0.016271080843935602,0.868063591263914,0.20873976597224325,0.33573673849360725,776,catboost_tuned,0.3577958778825443,False,,,1337
pc1,gbdt_ensemble,gbdt,covariate_shift,0.1,3835151215,test_only,False,low,True,ok,,0.9369369369369369,0.7910939691444601,0.20385931678708327,0.29410682536773725,0.024797871281504277,0.10567828435766224,0.04412978052734737,0.027523527535776887,1.2389462082607632,-0.1791390016810984,0.32423180787447947,776,catboost_tuned,0.3577958778825443,True,utility_gap,,1337
pc1,gbdt_ensemble,gbdt,covariate_shift,0.2,1064202165,test_only,False,low,True,ok,,0.93993993993994,0.6931977559607293,0.2404653292073461,0.3469181379531702,0.07005812734655602,0.11958857319209572,0.07321901695400024,0.07005812734655598,1.0273795528473606,0.7898292096670761,0.26552313872198396,776,catboost_tuned,0.3577958778825443,True,utility_gap,,1337
pc1,gbdt_ensemble,gbdt,covariate_shift,0.3,1190422692,test_only,False,low,True,ok,,0.933933933933934,0.7376577840112203,0.2150575384876411,0.3102624442819072,0.022190589371234876,0.11080932983290223,0.04006171055189167,0.0263649807092195,1.1662188897903707,-0.14144938896954112,0.30075346333519803,776,catboost_tuned,0.3577958778825443,True,utility_gap,,1337
pc1,gbdt_ensemble,gbdt,covariate_shift,0.4,183885354,test_only,False,low,True,ok,,0.9309309309309309,0.7264375876577841,0.22871356420842673,0.3299639248675368,0.023952413970408717,0.12235123164013074,0.035895834656256974,0.02838339385133439,0.8437910524881319,0.5424234423651956,0.29011313506552133,776,catboost_tuned,0.3577958778825443,True,utility_gap,,1337
pc1,lightgbm,gbdt,covariate_shift,0.0,3415159465,test_only,False,high,True,ok,,0.933933933933934,0.8276998597475456,0.34695277347342696,0.500547045712785,0.05625801890507638,0.12140830369300193,0.047002249309946814,0.06047476863879958,0.3368029149797753,0.3958826778105012,0.2683693235068803,776,catboost_tuned,0.3577958778825443,True,utility_gap,,1337
pc1,lightgbm,gbdt,covariate_shift,0.05,1421187473,test_only,False,low,True,ok,,0.9309309309309309,0.7406030855539972,0.3921931188225176,0.5658150675960222,0.06402693809718818,0.1281635267085288,0.05168729951351102,0.06680998273581121,0.2663995087104493,0.8164248469166001,0.2163008116852944,776,catboost_tuned,0.3577958778825443,True,utility_gap,,1337
pc1,lightgbm,gbdt,covariate_shift,0.1,3835151215,test_only,False,low,True,ok,,0.9369369369369369,0.7251051893408135,0.34778628164168796,0.5017495438136755,0.05581047594911265,0.1198344403173759,0.04894282169815897,0.06208218429438237,0.2642386658676358,1.0813840017471326,0.23264039847590004,776,catboost_tuned,0.3577958778825443,True,utility_gap,,1337
pc1,lightgbm,gbdt,covariate_shift,0.2,1064202165,test_only,False,low,True,ok,,0.9309309309309309,0.6473352033660589,0.3987651839192789,0.5752965533195191,0.06401936016094043,0.1347627619723276,0.054072778588263565,0.06974109785954495,0.1905386371391233,1.4443839883674128,0.1808141227897164,776,catboost_tuned,0.3577958778825443,True,utility_gap,,1337
pc1,lightgbm,gbdt,covariate_shift,0.3,1190422692,test_only,False,low,True,ok,,0.9219219219219219,0.7023141654978962,0.4419122611415141,0.637544627656891,0.0694831753987902,0.1356295448435097,0.06780893786407963,0.07158473555043796,0.4066954873130215,-0.526103901012533,0.1789382228357266,776,catboost_tuned,0.3577958778825443,True,utility_gap,,1337
pc1,lightgbm,gbdt,covariate_shift,0.4,183885354,test_only,False,low,True,ok,,0.9129129129129129,0.7051192145862551,0.45844473013240944,0.6613959386837063,0.07444841622322063,0.1554960136127853,0.06992241153371716,0.08072815694504203,0.3489574685005343,-0.0625652006498062,0.1704201971923702,776,catboost_tuned,0.3577958778825443,True,utility_gap,,1337
pc1,lightgbm_tuned,gbdt,covariate_shift,0.0,3415159465,test_only,False,high,True,ok,,0.9369369369369369,0.8586956521739131,0.19799303248990346,0.28564356610375113,0.03327602027616275,0.1046128691715267,0.03484770150150002,0.03691753757953443,0.67191499624693,0.36452788946173664,0.3487357449150522,776,catboost_tuned,0.3577958778825443,False,,,1337
pc1,lightgbm_tuned,gbdt,covariate_shift,0.05,1421187473,test_only,False,low,True,ok,,0.9429429429429429,0.7713183730715287,0.22740734758913908,0.32807945262856375,0.047315760875871284,0.11293480873301286,0.05497927066362249,0.04978812536801022,0.40434840827443336,1.3216210213477513,0.3035158840527331,776,catboost_tuned,0.3577958778825443,True,utility_gap,,1337
pc1,lightgbm_tuned,gbdt,covariate_shift,0.1,3835151215,test_only,False,low,True,ok,,0.9369369369369369,0.7934081346423562,0.20499438899343286,0.2957443884108887,0.021040224251780416,0.10834194086820906,0.03810177687088445,0.02377630973855066,0.8284715542980021,0.391674637124184,0.32530202629174243,776,catboost_tuned,0.3577958778825443,True,utility_gap,,1337
pc1,lightgbm_tuned,gbdt,covariate_shift,0.2,1064202165,test_only,False,low,True,ok,,0.9309309309309309,0.714446002805049,0.2358711610276374,0.3402901543032946,0.022997993992840002,0.12540679407590563,0.0368024339418934,0.034827904448567655,0.8536257656608093,0.6074151426724983,0.28300909553185033,776,catboost_tuned,0.3577958778825443,True,utility_gap,,1337
pc1,lightgbm_tuned,gbdt,covariate_shift,0.3,1190422692,test_only,False,low,True,ok,,0.933933933933934,0.6923562412342216,0.2231571862922816,0.3219477660026092,0.024540292599492048,0.11598518312427998,0.03696939059223593,0.026558122475534955,0.8142973922970705,0.4374325329646227,0.2809223862013865,776,catboost_tuned,0.3577958778825443,True,utility_gap,,1337
pc1,lightgbm_tuned,gbdt,covariate_shift,0.4,183885354,test_only,False,low,True,ok,,0.9099099099099099,0.7490182328190743,0.2387728340573589,0.3444763835935551,0.026200266908571124,0.135171200838682,0.040804255620443375,0.04090284507367377,1.199024178078255,-0.6194848470894903,0.2900598995133817,776,catboost_tuned,0.3577958778825443,True,utility_gap,,1337
pc1,xgboost_tuned,gbdt,covariate_shift,0.0,3415159465,test_only,False,high,True,ok,,0.933933933933934,0.8403225806451613,0.20130161733445895,0.29041684505135174,0.02958769027645536,0.10627739204472238,0.031186618775623547,0.03527901275419436,0.74531961340165,0.1672652144206169,0.34116040174519996,776,catboost_tuned,0.3577958778825443,False,,,1337
pc1,xgboost_tuned,gbdt,covariate_shift,0.05,1421187473,test_only,False,low,True,ok,,0.9369369369369369,0.8021037868162693,0.21657664002676938,0.3124540445390144,0.053047349870404326,0.11259602393511069,0.04928028751048909,0.05489775727319898,0.6077535570687297,0.5932406761134091,0.31693118259044956,776,catboost_tuned,0.3577958778825443,True,utility_gap,,1337
pc1,xgboost_tuned,gbdt,covariate_shift,0.1,3835151215,test_only,False,low,True,ok,,0.933933933933934,0.841374474053296,0.19232156096644837,0.2774613622623195,0.0186069479589147,0.10544179390221586,0.019003816197946145,0.021789605448747515,1.0573737217591352,-0.3055174371241864,0.3476113577382649,776,catboost_tuned,0.3577958778825443,False,,,1337
pc1,xgboost_tuned,gbdt,covariate_shift,0.2,1064202165,test_only,False,low,True,ok,,0.933933933933934,0.7325385694249649,0.22620909806348405,0.3263507439801537,0.03230846544852346,0.11826312749980261,0.03960057571262282,0.04099209523100601,0.8334115166034718,0.6610903534575958,0.292111673105077,776,catboost_tuned,0.3577958778825443,True,utility_gap,,1337
pc1,xgboost_tuned,gbdt,covariate_shift,0.3,1190422692,test_only,False,low,True,ok,,0.9279279279279279,0.7023141654978962,0.22431281386941543,0.32361498417725476,0.03608791893872356,0.1165415790153109,0.03872498548429619,0.03471333666812131,1.1111302635992237,-0.12934456406437483,0.2806970680725317,776,catboost_tuned,0.3577958778825443,True,utility_gap,,1337
pc1,xgboost_tuned,gbdt,covariate_shift,0.4,183885354,test_only,False,low,True,ok,,0.9219219219219219,0.7948106591865358,0.2221917033590245,0.3205548685627363,0.022740702878711497,0.12177867414459838,0.028734745484561727,0.03737723798511665,0.9894355938812642,-0.2708112180839703,0.31575741785901257,776,catboost_tuned,0.3577958778825443,True,utility_gap,,1337
pc1,catboost_tuned,gbdt,label_noise,0.0,115987459,train_only,False,high,True,ok,,0.93993993993994,0.8631837307152875,0.1842102941650965,0.2657592778726819,0.02790817748496363,0.10055249552887588,0.028990907015331434,0.030943032895905997,0.9571210356264873,-0.058579524402883,0.3577958778825443,776,catboost_tuned,0.3577958778825443,False,,,1337
pc1,catboost_tuned,gbdt,label_noise,0.05,1787112117,train_only,False,high,True,ok,,0.9429429429429429,0.8185834502103787,0.20853062530486788,0.3008460990008075,0.04564094331518141,0.10801717144434614,0.054975271075997804,0.0463737385105107,1.071675100970331,0.5603424282487941,0.32856363065179545,776,catboost_tuned,0.3577958778825443,False,,,1337
pc1,catboost_tuned,gbdt,label_noise,0.1,3113296619,train_only,False,high,True,ok,,0.948948948948949,0.7606591865357644,0.24210182021383103,0.3492790954126854,0.0958600686466929,0.11852913592293836,0.09586006864669289,0.09586006864669293,0.8956613911852255,1.3754653183050591,0.28461731527671563,776,catboost_tuned,0.3577958778825443,True,utility_gap,,1337
pc1,catboost_tuned,gbdt,label_noise,0.2,4180342841,train_only,False,high,True,ok,,0.9369369369369369,0.7365357643758765,0.32836567649457055,0.4737315330768666,0.17539584039699732,0.1711621498238611,0.16960140635956406,0.17255478916696707,1.9625906542941578,0.5428843213465764,0.2211294300696378,776,catboost_tuned,0.3577958778825443,True,utility_gap;ece,,1337
pc1,catboost_tuned,gbdt,label_noise,0.3,2781926109,train_only,False,high,True,ok,,0.924924924924925,0.676086956521739,0.42694925428594177,0.6159575718695692,0.24528460744359845,0.24873344678735682,0.23723179040072792,0.2552272773804854,1.7328015499960745,1.2588746879849788,0.14152498047175688,776,catboost_tuned,0.3577958778825443,True,utility_gap;ece,,1337
pc1,catboost_tuned,gbdt,label_noise,0.4,69046723,train_only,False,high,True,ok,,0.8768768768768769,0.55617110799439,0.5647430131710992,0.8147519444786354,0.2852702265632565,0.37381132149116303,0.2849842752876029,0.34823456315937923,2.7724265437978652,1.0136363165562852,0.02471179067332606,776,catboost_tuned,0.3577958778825443,True,utility_gap;ece;nll,,1337
pc1,gbdt_ensemble,gbdt,label_noise,0.0,115987459,train_only,False,high,True,ok,,0.93993993993994,0.8606591865357643,0.18442869287427416,0.266074360607349,0.02265351210791189,0.09970509508668046,0.028479626966946676,0.02332848553286026,0.9095887112839046,-0.08800217607524984,0.3578686956747214,776,catboost_tuned,0.3577958778825443,False,,,1337
pc1,gbdt_ensemble,gbdt,label_noise,0.05,1787112117,train_only,False,high,True,ok,,0.9369369369369369,0.8276998597475456,0.2047313127094123,0.29536484956055675,0.03333805803548828,0.10951458706871374,0.05933993574835895,0.03977483721043511,1.1376677896642633,0.22544412271353723,0.33495842497691675,776,catboost_tuned,0.3577958778825443,False,,,1337
pc1,gbdt_ensemble,gbdt,label_noise,0.1,3113296619,train_only,False,high,True,ok,,0.9519519519519519,0.7760869565217391,0.2341257020845741,0.3377719893420619,0.0884574153356181,0.11817058211429228,0.08845741533561816,0.08546428283164556,0.6503559577862036,1.7675550750916107,0.29540014770565926,776,catboost_tuned,0.3577958778825443,True,utility_gap,,1337
pc1,gbdt_ensemble,gbdt,label_noise,0.2,4180342841,train_only,False,high,True,ok,,0.9279279279279279,0.7212482468443198,0.328453031217016,0.4738575593017369,0.15525316622407542,0.17598498248221126,0.1543206187820167,0.16847615528486198,1.570197963642711,0.815589253749514,0.21841817454936494,776,catboost_tuned,0.3577958778825443,True,utility_gap;ece,,1337
pc1,gbdt_ensemble,gbdt,label_noise,0.3,2781926109,train_only,False,high,True,ok,,0.8828828828828829,0.676647966339411,0.42350168524497567,0.6109837811110451,0.18592435214032194,0.2509595305775547,0.1804354982313407,0.24686226440102407,2.2123052236789817,0.42160474806364007,0.14877921588984835,776,catboost_tuned,0.3577958778825443,True,utility_gap;ece,,1337
pc1,gbdt_ensemble,gbdt,label_noise,0.4,69046723,train_only,False,high,True,ok,,0.7987987987987988,0.5010518934081346,0.5762664523474251,0.8313767530323064,0.1893584219289631,0.38674651344880057,0.19268418438289112,0.3464857891730724,1.2503330093669798,0.8516882087558668,0.007903272217182386,776,catboost_tuned,0.3577958778825443,True,utility_gap;ece;nll,,1337
pc1,lightgbm,gbdt,label_noise,0.0,115987459,train_only,False,high,True,ok,,0.933933933933934,0.8276998597475456,0.34695277347342696,0.500547045712785,0.05625801890507638,0.12140830369300193,0.047002249309946814,0.06047476863879958,0.3368029149797753,0.3958826778105012,0.2683693235068803,776,catboost_tuned,0.3577958778825443,True,utility_gap,,1337
pc1,lightgbm,gbdt,label_noise,0.05,1787112117,train_only,False,high,True,ok,,0.9129129129129129,0.7487377279102384,0.30112055652107933,0.434425133602686,0.05830632552734363,0.15386547535872094,0.05844069477539213,0.07557904087411571,0.4789002858169947,0.5110932392099546,0.25700633651924587,776,catboost_tuned,0.3577958778825443,True,utility_gap,,1337
pc1,lightgbm,gbdt,label_noise,0.1,3113296619,train_only,False,high,True,ok,,0.9039039039039038,0.7013323983169706,0.282105055076295,0.40699156396827874,0.03368758241135276,0.15328055706611057,0.03442451990869272,0.07819373329487007,0.6795249051708838,0.47192422281645374,0.25221693932377104,776,catboost_tuned,0.3577958778825443,True,utility_gap,,1337
pc1,lightgbm,gbdt,label_noise,0.2,4180342841,train_only,False,high,True,ok,,0.8678678678678678,0.6568723702664796,0.37519887365802396,0.5412975543735559,0.056049804931692274,0.2236576022359279,0.07314280590731023,0.15085822016622175,0.6509247379035561,0.8025337078965964,0.18648628247504279,776,catboost_tuned,0.3577958778825443,True,utility_gap,,1337
pc1,lightgbm,gbdt,label_noise,0.3,2781926109,train_only,False,high,True,ok,,0.7687687687687688,0.7061009817671808,0.47650258977882154,0.6874479232446539,0.04439522349205673,0.30571645901573147,0.06582233108536904,0.23687375344241873,1.0613817941187604,-0.13815496293711338,0.14733723726202103,776,catboost_tuned,0.3577958778825443,True,utility_gap,,1337
pc1,lightgbm,gbdt,label_noise,0.4,69046723,train_only,False,high,True,ok,,0.6156156156156156,0.45995792426367466,0.7184716072384109,1.0365354247823784,0.12892978970188734,0.5013240779430131,0.13208165758836093,0.3677518561374771,0.2764967424524695,0.1901143410736351,-0.08341896954046246,776,catboost_tuned,0.3577958778825443,True,utility_gap;ece;nll,,1337
pc1,lightgbm_tuned,gbdt,label_noise,0.0,115987459,train_only,False,high,True,ok,,0.9369369369369369,0.8586956521739131,0.19799303248990346,0.28564356610375113,0.03327602027616275,0.1046128691715267,0.03484770150150002,0.03691753757953443,0.67191499624693,0.36452788946173664,0.3487357449150522,776,catboost_tuned,0.3577958778825443,False,,,1337
pc1,lightgbm_tuned,gbdt,label_noise,0.05,1787112117,train_only,False,high,True,ok,,0.9279279279279279,0.8079242636746142,0.21751438745750584,0.3138069281069442,0.034196125679880535,0.12123386707871066,0.03496253899171496,0.0489923983428831,1.046062076474207,0.302197021202284,0.32098137790724474,776,catboost_tuned,0.3577958778825443,True,utility_gap,,1337
pc1,lightgbm_tuned,gbdt,label_noise,0.1,3113296619,train_only,False,high,True,ok,,0.9369369369369369,0.7641654978962132,0.24045299360600417,0.3469003414422879,0.06897069994588177,0.12612556397055447,0.07318264108548674,0.08233001116382102,0.9107046657218528,1.0254588040276398,0.2901342223823524,776,catboost_tuned,0.3577958778825443,True,utility_gap,,1337
pc1,lightgbm_tuned,gbdt,label_noise,0.2,4180342841,train_only,False,high,True,ok,,0.9219219219219219,0.6482468443197755,0.34739262341993754,0.5011816150493511,0.15016399454563867,0.1939423011474288,0.15158337554406948,0.1732279658532579,0.8788335209027394,1.4365044555293678,0.1847874003762766,776,catboost_tuned,0.3577958778825443,True,utility_gap;ece,,1337
pc1,lightgbm_tuned,gbdt,label_noise,0.3,2781926109,train_only,False,high,True,ok,,0.8528528528528528,0.6752454417952314,0.4408773134128049,0.6360515137011029,0.14572571969593878,0.27146005574104853,0.14572571969593878,0.25075183337514906,1.8282587971854616,0.35053620304614724,0.14430323450674024,776,catboost_tuned,0.3577958778825443,True,utility_gap;ece,,1337
pc1,lightgbm_tuned,gbdt,label_noise,0.4,69046723,train_only,False,high,True,ok,,0.7417417417417418,0.4974053295932679,0.5958108803484748,0.8595734023864322,0.12432316075696229,0.4062676425249475,0.1213704747576878,0.35437649341797295,0.8430349047155693,0.6499773015547188,0.002616473751582908,776,catboost_tuned,0.3577958778825443,True,utility_gap;ece;nll,,1337
pc1,xgboost_tuned,gbdt,label_noise,0.0,115987459,train_only,False,high,True,ok,,0.933933933933934,0.8403225806451613,0.20130161733445895,0.29041684505135174,0.02958769027645536,0.10627739204472238,0.031186618775623547,0.03527901275419436,0.74531961340165,0.1672652144206169,0.34116040174519996,776,catboost_tuned,0.3577958778825443,False,,,1337
pc1,xgboost_tuned,gbdt,label_noise,0.05,1787112117,train_only,False,high,True,ok,,0.9369369369369369,0.8112903225806452,0.21171102966615732,0.3054344526008614,0.0328442065439946,0.11623571874145805,0.043943904911947405,0.03746290603018579,0.9107609975462562,0.6623189956914121,0.326292976354709,776,catboost_tuned,0.3577958778825443,True,utility_gap,,1337
pc1,xgboost_tuned,gbdt,label_noise,0.1,3113296619,train_only,False,high,True,ok,,0.9279279279279279,0.749859747545582,0.24792468384274718,0.35767971189389547,0.06862397798232085,0.1310248675789444,0.07362103465742177,0.07973060393988306,1.1128616788426742,0.6302982033242455,0.2806113916655101,776,catboost_tuned,0.3577958778825443,True,utility_gap,,1337
pc1,xgboost_tuned,gbdt,label_noise,0.2,4180342841,train_only,False,high,True,ok,,0.9039039039039038,0.6142356241234223,0.35915746960422207,0.5181547002962398,0.1350258441392288,0.2029336840884791,0.1392799180893327,0.1732405333997174,1.0107600557395355,1.043064391036499,0.16811647511206565,776,catboost_tuned,0.3577958778825443,True,utility_gap;ece,,1337
pc1,xgboost_tuned,gbdt,label_noise,0.3,2781926109,train_only,False,high,True,ok,,0.8498498498498499,0.7167601683029453,0.4275202834530666,0.6167813928171831,0.14591698835351802,0.2595418998306959,0.14591698835351802,0.24523415615478544,2.4886878005548465,-0.023694118498810573,0.16412572086764984,776,catboost_tuned,0.3577958778825443,True,utility_gap;ece,,1337
pc1,xgboost_tuned,gbdt,label_noise,0.4,69046723,train_only,False,high,True,ok,,0.7327327327327328,0.5491584852734923,0.5927321463870058,0.8551317281680044,0.11088312107793226,0.4037751668187516,0.132309116768509,0.3523852331744267,1.1538974805110798,0.45719494587180504,0.023399237089644438,776,catboost_tuned,0.3577958778825443,True,utility_gap;ece;nll,,1337
pc3,catboost_tuned,gbdt,covariate_shift,0.0,2915379220,test_only,False,high,True,ok,,0.8997867803837953,0.8391231195566112,0.26103283444123304,0.37659077575755673,0.03863147018250716,0.15644428265858135,0.030812458467850055,0.041168704917361035,1.0270636855947988,-0.20157380596161445,0.30795758213861474,1094,catboost_tuned,0.30795758213861474,False,,,1337
pc3,catboost_tuned,gbdt,covariate_shift,0.05,3780002087,test_only,False,low,True,ok,,0.8955223880597015,0.8274445764053839,0.2712753802541393,0.39136764580791455,0.03823813022177441,0.15890016883788238,0.033707953387639863,0.038145321455555464,1.4612038249609947,-0.4314462446498385,0.2988760401641104,1094,catboost_tuned,0.30795758213861474,False,,,1337
pc3,catboost_tuned,gbdt,covariate_shift,0.1,877989125,test_only,False,low,True,ok,,0.8976545842217484,0.8013657957244656,0.3040389052783053,0.4386354208823203,0.07294650574787108,0.1730686460920769,0.07247675745819765,0.07802247569130491,1.5715977515156418,-0.020076322526198984,0.2689462887225549,1094,catboost_tuned,0.30795758213861474,True,utility_gap,,1337
pc3,catboost_tuned,gbdt,covariate_shift,0.2,3854617612,test_only,False,low,True,ok,,0.8976545842217484,0.7872624703087886,0.33090848547683976,0.4774000309855143,0.10622504605177212,0.18586521435243936,0.10165442411203092,0.10615892193688983,1.8743621766481595,-0.11565493069731266,0.2457250337353295,1094,catboost_tuned,0.30795758213861474,True,utility_gap;ece,,1337
pc3,catboost_tuned,gbdt,covariate_shift,0.3,676589074,test_only,False,low,True,ok,,0.8955223880597015,0.6464766429136976,0.4107145736731806,0.5925358786591225,0.17216118169064334,0.24121949157482522,0.17216118169064337,0.1764870281661057,1.4355080160750209,0.8682482606863813,0.14840218329288393,1094,catboost_tuned,0.30795758213861474,True,utility_gap;ece,,1337
pc3,catboost_tuned,gbdt,covariate_shift,0.4,1944146610,test_only,False,low,True,ok,,0.7953091684434968,0.5029691211401425,0.5591592338437753,0.8066962537336869,0.1812326481917415,0.3721330686926451,0.18631025686426825,0.2935339378759033,2.2524617047933138,0.45062807492292795,0.01708016190711996,1094,catboost_tuned,0.30795758213861474,True,utility_gap;ece;nll,,1337
pc3,gbdt_ensemble,gbdt,covariate_shift,0.0,2915379220,test_only,False,high,True,ok,,0.9019189765458422,0.8443685669041964,0.25754119436675166,0.3715534039375333,0.028948350969882932,0.15574302130833295,0.0400468715911306,0.03070461821684385,0.9731002092555097,-0.17963475083232608,0.3135611535231085,1094,catboost_tuned,0.30795758213861474,False,,,1337
pc3,gbdt_ensemble,gbdt,covariate_shift,0.05,3780002087,test_only,False,low,True,ok,,0.8976545842217484,0.8249703087885986,0.26738627679546234,0.3857568555345772,0.0362639540765473,0.1573142823280638,0.028538060144992876,0.03841055606102411,1.3186058058307548,-0.22897010688360522,0.30040794823358913,1094,catboost_tuned,0.30795758213861474,False,,,1337
pc3,gbdt_ensemble,gbdt,covariate_shift,0.1,877989125,test_only,False,low,True,ok,,0.8933901918976546,0.7831551860649247,0.300012694618623,0.43282682673002243,0.06436595949208666,0.169735002517536,0.0696909416905101,0.06770011429607897,1.6093415252172532,-0.24249563953102135,0.2653916039899477,1094,catboost_tuned,0.30795758213861474,True,utility_gap,,1337
pc3,gbdt_ensemble,gbdt,covariate_shift,0.2,3854617612,test_only,False,low,True,ok,,0.8827292110874201,0.7416369754552651,0.34186015512570567,0.49319995047738735,0.11160703458192942,0.1954334459950521,0.11935232115392196,0.11556622860717977,1.752776029164041,-0.0002596454588332641,0.2217009310128537,1094,catboost_tuned,0.30795758213861474,True,utility_gap;ece,,1337
pc3,gbdt_ensemble,gbdt,covariate_shift,0.3,676589074,test_only,False,low,True,ok,,0.8869936034115139,0.6189627870150437,0.41398077693959806,0.5972480139141183,0.15953502276027617,0.24642318242837233,0.15953502276027615,0.17364393817534815,1.1828629854809771,0.9789690745573109,0.13860460724070162,1094,catboost_tuned,0.30795758213861474,True,utility_gap;ece,,1337
pc3,gbdt_ensemble,gbdt,covariate_shift,0.4,1944146610,test_only,False,low,True,ok,,0.8400852878464818,0.5214766429136976,0.5057857381764717,0.7296945762195594,0.1803646193196529,0.32451761109333743,0.18595638826873231,0.2436868120493293,1.2120820199954123,0.9247044771681698,0.053548321466967995,1094,catboost_tuned,0.30795758213861474,True,utility_gap;ece,,1337
pc3,lightgbm,gbdt,covariate_shift,0.0,2915379220,test_only,False,high,True,ok,,0.9040511727078892,0.8092834520981791,0.36277071602664407,0.5233675129913778,0.06825603118470941,0.16835463159512706,0.05977509702475726,0.07815951719745398,0.3755854454453477,0.5045116177453232,0.24819542400619077,1094,catboost_tuned,0.30795758213861474,True,utility_gap,,1337
pc3,lightgbm,gbdt,covariate_shift,0.05,3780002087,test_only,False,low,True,ok,,0.8656716417910447,0.7287212984956453,0.3671781521892652,0.529726099286226,0.05717097183952885,0.20646050433304988,0.04970914634030729,0.0842466900130957,0.5693517005089821,0.19110857355469454,0.214551176588359,1094,catboost_tuned,0.30795758213861474,True,utility_gap,,1337
pc3,lightgbm,gbdt,covariate_shift,0.1,877989125,test_only,False,low,True,ok,,0.835820895522388,0.6448931116389548,0.4486855208730659,0.6473163758822537,0.06963193027011935,0.26094659093123046,0.0677672647429619,0.14546009312102026,0.4305381249006278,0.6708069626281483,0.14296442458329242,1094,catboost_tuned,0.30795758213861474,True,utility_gap,,1337
pc3,lightgbm,gbdt,covariate_shift,0.2,3854617612,test_only,False,low,True,ok,,0.7718550106609808,0.6998218527315914,0.502498754682066,0.7249524614326963,0.08026791456809337,0.3106447996679865,0.08125429018733961,0.17306617713647665,0.6629583560804188,-0.15707172317775037,0.12717657871177648,1094,catboost_tuned,0.30795758213861474,True,utility_gap,,1337
pc3,lightgbm,gbdt,covariate_shift,0.3,676589074,test_only,False,low,True,ok,,0.7356076759061834,0.6670625494853523,0.6269615591881685,0.9045143322687831,0.09509128122985713,0.4012804950293951,0.0963294201499275,0.2433446957124209,0.3196386701428367,0.4667048951179151,0.05344048777919446,1094,catboost_tuned,0.30795758213861474,True,utility_gap;nll,,1337
pc3,lightgbm,gbdt,covariate_shift,0.4,1944146610,test_only,False,low,True,ok,,0.5031982942430704,0.5899148851939825,0.9880950982384001,1.425519898155233,0.2786899768577138,0.6669141073546082,0.2786899768577137,0.4143750179548351,0.17099197521630402,-0.24997144783028544,-0.20144401086375827,1094,catboost_tuned,0.30795758213861474,True,utility_gap;ece;nll,,1337
pc3,lightgbm_tuned,gbdt,covariate_shift,0.0,2915379220,test_only,False,high,True,ok,,0.8955223880597015,0.8182897862232779,0.2705114831706611,0.39026557527383104,0.027610171341954516,0.16037524837814018,0.026269465218644098,0.03701912895179415,0.8099493086855407,0.15019564862547174,0.2981280765365622,1094,catboost_tuned,0.30795758213861474,False,,,1337
pc3,lightgbm_tuned,gbdt,covariate_shift,0.05,3780002087,test_only,False,low,True,ok,,0.8933901918976546,0.7989410134600159,0.27747723878780545,0.40031503635872967,0.02362094487327286,0.1647559345383971,0.035971643837457434,0.03198874168265323,1.028799303310172,0.04727344232618059,0.28881918361338016,1094,catboost_tuned,0.30795758213861474,False,,,1337
pc3,lightgbm_tuned,gbdt,covariate_shift,0.1,877989125,test_only,False,low,True,ok,,0.8912579957356077,0.7338182897862233,0.3197270474650516,0.46126862581590017,0.05572773873223926,0.18299187925138782,0.06699274245942731,0.06810513515371897,1.010121354292425,0.4848811272005121,0.2409989652943014,1094,catboost_tuned,0.30795758213861474,True,utility_gap,,1337
pc3,lightgbm_tuned,gbdt,covariate_shift,0.2,3854617612,test_only,False,low,True,ok,,0.8869936034115139,0.718576801266825,0.33389632543956055,0.48171057288270147,0.08255323790669966,0.19407281897908174,0.07646416775506541,0.09672766924925513,1.012858130568763,0.6051343434240922,0.2235271015089654,1094,catboost_tuned,0.30795758213861474,True,utility_gap,,1337
pc3,lightgbm_tuned,gbdt,covariate_shift,0.3,676589074,test_only,False,low,True,ok,,0.8678038379530917,0.6675821456848771,0.39386967298093095,0.5682338239661469,0.10437247629353485,0.23543462214539618,0.11971802776018839,0.15253961775204983,1.0408379056223158,0.7093889525103608,0.17247968423411972,1094,catboost_tuned,0.30795758213861474,True,utility_gap;ece,,1337
pc3,lightgbm_tuned,gbdt,covariate_shift,0.4,1944146610,test_only,False,low,True,ok,,0.7953091684434968,0.5824673396674585,0.4884811139266823,0.7047292806299413,0.09057113064513922,0.31478177750374464,0.09675385586642253,0.21806692730536348,1.0914352509043497,0.46649195539197924,0.09362693383212471,1094,catboost_tuned,0.30795758213861474,True,utility_gap,,1337
pc3,xgboost_tuned,gbdt,covariate_shift,0.0,2915379220,test_only,False,high,True,ok,,0.8869936034115139,0.8228919239904988,0.2685714816963767,0.38746674476756365,0.0288895633133449,0.16320028126880023,0.02793623317058763,0.03393584670666006,1.01962547979258,-0.29261636497638255,0.29904327781546364,1094,catboost_tuned,0.30795758213861474,False,,,1337
pc3,xgboost_tuned,gbdt,covariate_shift,0.05,3780002087,test_only,False,low,True,ok,,0.8976545842217484,0.7807304038004751,0.2861686290937712,0.4128540620515769,0.028451624376624678,0.16854073169024728,0.042622254352235094,0.037285149399851183,0.9475057373648372,0.31197665653605816,0.2783572854726305,1094,catboost_tuned,0.30795758213861474,False,,,1337
pc3,xgboost_tuned,gbdt,covariate_shift,0.1,877989125,test_only,False,low,True,ok,,0.8869936034115139,0.722634600158353,0.3180245496195053,0.45881244061700643,0.04849496115899994,0.18296247855427614,0.06263807306104666,0.05898316576768769,1.087544937581842,0.2541168583354279,0.23862842615024868,1094,catboost_tuned,0.30795758213861474,True,utility_gap,,1337
pc3,xgboost_tuned,gbdt,covariate_shift,0.2,3854617612,test_only,False,low,True,ok,,0.8955223880597015,0.7082838479809976,0.3034303513949635,0.4377574632127094,0.0357484047831883,0.16982290492616092,0.045189937217703174,0.03789957243316358,1.03578753019511,0.2059056145602234,0.24375078508185394,1094,catboost_tuned,0.30795758213861474,True,utility_gap,,1337
pc3,xgboost_tuned,gbdt,covariate_shift,0.3,676589074,test_only,False,low,True,ok,,0.8912579957356077,0.6500643309580363,0.3473451574580181,0.5011131361414789,0.09060186450059247,0.19712594915065457,0.09308451242854038,0.09429173006838334,0.9820155861160014,0.7378301468542854,0.19275690145309163,1094,catboost_tuned,0.30795758213861474,True,utility_gap,,1337
pc3,xgboost_tuned,gbdt,covariate_shift,0.4,1944146610,test_only,False,low,True,ok,,0.8933901918976546,0.5130393903404593,0.410096826383282,0.5916446577074631,0.15235093479455253,0.23815354289344054,0.14531251125080055,0.15217711500564374,0.15805894573346718,1.9246382749063589,0.10560873113265949,1094,catboost_tuned,0.30795758213861474,True,utility_gap;ece,,1337
pc3,catboost_tuned,gbdt,label_noise,0.0,2999008081,train_only,False,high,True,ok,,0.8997867803837953,0.8391231195566112,0.26103283444123304,0.37659077575755673,0.03863147018250716,0.15644428265858135,0.030812458467850055,0.041168704917361035,1.0270636855947988,-0.20157380596161445,0.30795758213861474,1094,catboost_tuned,0.30795758213861474,False,,,1337
pc3,catboost_tuned,gbdt,label_noise,0.05,1189021416,train_only,False,high,True,ok,,0.8997867803837953,0.8414984164687253,0.2800508618264644,0.4040279895537205,0.06160189031243909,0.1597685981544267,0.05225463135726337,0.0624198016853762,1.6458184971486347,-0.4696537308480424,0.29596368789301913,1094,catboost_tuned,0.30795758213861474,False,,,1337
pc3,catboost_tuned,gbdt,label_noise,0.1,1603268649,train_only,False,high,True,ok,,0.8955223880597015,0.8160134600158353,0.3104359518698334,0.4478644082762536,0.08074888746246112,0.17275038386826566,0.07432026131142899,0.0806875743775405,2.0160551947357073,-0.674176660000908,0.26942396923912926,1094,catboost_tuned,0.30795758213861474,True,utility_gap,,1337
pc3,catboost_tuned,gbdt,label_noise,0.2,2008566150,train_only,False,high,True,ok,,0.8955223880597015,0.7388163103721299,0.38714131572658267,0.5585268563219693,0.15824644123182346,0.22036044911772196,0.1537004042736514,0.1614719799941181,2.339985831148948,-0.11117626853087029,0.19370672169624517,1094,catboost_tuned,0.30795758213861474,True,utility_gap;ece,,1337
pc3,catboost_tuned,gbdt,label_noise,0.3,1904785312,train_only,False,high,True,ok,,0.8805970149253731,0.6827988915281077,0.47327613110238326,0.6827931273125233,0.2199084495244574,0.2898580454495171,0.22239683535851754,0.2384862051993484,2.4858982050817247,0.42829005079400284,0.1222495361749952,1094,catboost_tuned,0.30795758213861474,True,utility_gap;ece,,1337
pc3,catboost_tuned,gbdt,label_noise,0.4,330980090,train_only,False,high,True,ok,,0.7953091684434968,0.7063044338875692,0.5694508145049264,0.8215438661164384,0.19247399720658181,0.3801349695036516,0.19340994033714456,0.3208889421961163,2.9209497129131288,0.30048293236460466,0.08154496785092583,1094,catboost_tuned,0.30795758213861474,True,utility_gap;ece;nll,,1337
pc3,gbdt_ensemble,gbdt,label_noise,0.0,2999008081,train_only,False,high,True,ok,,0.9019189765458422,0.8443685669041964,0.25754119436675166,0.3715534039375333,0.028948350969882932,0.15574302130833295,0.0400468715911306,0.03070461821684385,0.9731002092555097,-0.17963475083232608,0.3135611535231085,1094,catboost_tuned,0.30795758213861474,False,,,1337
pc3,gbdt_ensemble,gbdt,label_noise,0.05,1189021416,train_only,False,high,True,ok,,0.9040511727078892,0.827098178939034,0.2744699599952856,0.3959764501581908,0.04469265515033976,0.15994487289628515,0.04878785087236827,0.04586352124121227,1.2448857056792846,0.025760838666700467,0.29736057245732,1094,catboost_tuned,0.30795758213861474,False,,,1337
pc3,gbdt_ensemble,gbdt,label_noise,0.1,1603268649,train_only,False,high,True,ok,,0.9019189765458422,0.8166072842438639,0.2954637846261252,0.4262641368423956,0.07572556114798555,0.16672412301013537,0.07687983634721757,0.07404683793422626,1.5709281023945567,-0.08421406820810395,0.2780760426849129,1094,catboost_tuned,0.30795758213861474,False,,,1337
pc3,gbdt_ensemble,gbdt,label_noise,0.2,2008566150,train_only,False,high,True,ok,,0.8933901918976546,0.6995249406175772,0.3831072009337821,0.5527068589160191,0.13835057334589385,0.22005664325289676,0.1376384619276345,0.15030979587061413,1.3524396905835905,0.6930256214246509,0.1853600856568157,1094,catboost_tuned,0.30795758213861474,True,utility_gap;ece,,1337
pc3,gbdt_ensemble,gbdt,label_noise,0.3,1904785312,train_only,False,high,True,ok,,0.8614072494669509,0.6047110055423595,0.4854201082004806,0.7003131828486174,0.19249058478170836,0.3022935274287446,0.18446646445244308,0.2390281898074903,0.8946675885977832,1.1814673032772607,0.09226786754894156,1094,catboost_tuned,0.30795758213861474,True,utility_gap;ece,,1337
pc3,gbdt_ensemble,gbdt,label_noise,0.4,330980090,train_only,False,high,True,ok,,0.7697228144989339,0.7143705463182898,0.5678705406177134,0.8192640128161097,0.15302738233368182,0.37977703224491527,0.16075703669929653,0.3194626765260392,2.295649871139078,0.23379407156768686,0.08910343307467222,1094,catboost_tuned,0.30795758213861474,True,utility_gap;ece;nll,,1337
pc3,lightgbm,gbdt,label_noise,0.0,2999008081,train_only,False,high,True,ok,,0.9040511727078892,0.8092834520981791,0.36277071602664407,0.5233675129913778,0.06825603118470941,0.16835463159512706,0.05977509702475726,0.07815951719745398,0.3755854454453477,0.5045116177453232,0.24819542400619077,1094,catboost_tuned,0.30795758213861474,True,utility_gap,,1337
pc3,lightgbm,gbdt,label_noise,0.05,1189021416,train_only,False,high,True,ok,,0.8763326226012793,0.7601939825811559,0.3280388066450797,0.47325995956599,0.051817865858834605,0.18493501849785057,0.050886922869228496,0.06536287121192949,0.7214616106310082,-0.08723944895000452,0.24517622625203253,1094,catboost_tuned,0.30795758213861474,True,utility_gap,,1337
pc3,lightgbm,gbdt,label_noise,0.1,1603268649,train_only,False,high,True,ok,,0.8827292110874201,0.7324326999208235,0.33035038130508376,0.4765948568646225,0.046296593956323004,0.18478354016733708,0.05203841128472898,0.08064251574712086,0.636228479974069,0.5928785600399186,0.2365230507847499,1094,catboost_tuned,0.30795758213861474,True,utility_gap,,1337
pc3,lightgbm,gbdt,label_noise,0.2,2008566150,train_only,False,high,True,ok,,0.8102345415778252,0.5619061757719715,0.4431471057071174,0.6393261317879556,0.06244003429155984,0.2740092266316051,0.06950171064398751,0.16481514004504305,0.7707428768527766,0.22807925239429086,0.11391649636216516,1094,catboost_tuned,0.30795758213861474,True,utility_gap,,1337
pc3,lightgbm,gbdt,label_noise,0.3,1904785312,train_only,False,high,True,ok,,0.7356076759061834,0.571159936658749,0.5592679483345294,0.8068530955903707,0.03650877652667887,0.36240619862541884,0.08189420666707783,0.24006747240922377,0.5961950801747744,0.28733223652362405,0.06088944523404266,1094,catboost_tuned,0.30795758213861474,True,utility_gap;nll,,1337
pc3,lightgbm,gbdt,label_noise,0.4,330980090,train_only,False,high,True,ok,,0.6460554371002132,0.6519695170229611,0.6433700607745341,0.9281867961358513,0.09545251474375535,0.4510996827436941,0.10599470804472705,0.31566362248417257,0.6582638341837777,-0.07544586938058245,0.027551104733561885,1094,catboost_tuned,0.30795758213861474,True,utility_gap;nll,,1337
pc3,lightgbm_tuned,gbdt,label_noise,0.0,2999008081,train_only,False,high,True,ok,,0.8955223880597015,0.8182897862232779,0.2705114831706611,0.39026557527383104,0.027610171341954516,0.16037524837814018,0.026269465218644098,0.03701912895179415,0.8099493086855407,0.15019564862547174,0.2981280765365622,1094,catboost_tuned,0.30795758213861474,False,,,1337
pc3,lightgbm_tuned,gbdt,label_noise,0.05,1189021416,train_only,False,high,True,ok,,0.8891257995735607,0.7973079968329375,0.2859455659505379,0.41253224996102905,0.04030214245441629,0.16831258394244078,0.032550631877075784,0.0548581807496039,1.248357298181632,-0.058617157331743455,0.28060656534837025,1094,catboost_tuned,0.30795758213861474,False,,,1337
pc3,lightgbm_tuned,gbdt,label_noise,0.1,1603268649,train_only,False,high,True,ok,,0.8955223880597015,0.7539093428345209,0.31763487854710243,0.45825026409327285,0.07044343945322995,0.1787497276533955,0.07919106886045449,0.0793878545886921,1.1573231330319753,0.4539585411511864,0.24663286108240967,1094,catboost_tuned,0.30795758213861474,True,utility_gap,,1337
pc3,lightgbm_tuned,gbdt,label_noise,0.2,2008566150,train_only,False,high,True,ok,,0.8827292110874201,0.6108471892319873,0.39601743217364305,0.5713323855024963,0.12362948530128677,0.2322120351410065,0.12445801979088165,0.1485568033389308,1.0410982088461638,0.8688828446470939,0.15008028518330233,1094,catboost_tuned,0.30795758213861474,True,utility_gap;ece,,1337
pc3,lightgbm_tuned,gbdt,label_noise,0.3,1904785312,train_only,False,high,True,ok,,0.8443496801705757,0.6048594615993665,0.48844571747466303,0.7046782143441481,0.16857619050608114,0.3060119551304794,0.1648534524518833,0.24117687688384415,0.9189462540542346,0.9959559057632955,0.09323456118090392,1094,catboost_tuned,0.30795758213861474,True,utility_gap;ece,,1337
pc3,lightgbm_tuned,gbdt,label_noise,0.4,330980090,train_only,False,high,True,ok,,0.7334754797441365,0.6613222486144101,0.5855371940335075,0.84475160608818,0.10668419302240477,0.39799662977387434,0.12295025847084275,0.32516450492187055,1.3656839465176984,0.3400352666835052,0.06672178854572905,1094,catboost_tuned,0.30795758213861474,True,utility_gap;ece;nll,,1337
pc3,xgboost_tuned,gbdt,label_noise,0.0,2999008081,train_only,False,high,True,ok,,0.8869936034115139,0.8228919239904988,0.2685714816963767,0.38746674476756365,0.0288895633133449,0.16320028126880023,0.02793623317058763,0.03393584670666006,1.01962547979258,-0.29261636497638255,0.29904327781546364,1094,catboost_tuned,0.30795758213861474,False,,,1337
pc3,xgboost_tuned,gbdt,label_noise,0.05,1189021416,train_only,False,high,True,ok,,0.8933901918976546,0.8155680918448139,0.27747772541150156,0.4003157384083228,0.04020101377042373,0.16217391303909534,0.03860072568265561,0.04665860895124625,1.3304905316212539,-0.16144719520941692,0.29132243665375146,1094,catboost_tuned,0.30795758213861474,False,,,1337
pc3,xgboost_tuned,gbdt,label_noise,0.1,1603268649,train_only,False,high,True,ok,,0.906183368869936,0.7366884402216946,0.32557383426051245,0.46970375613084664,0.08340953728419709,0.18263045244224993,0.0917268910926537,0.08407723149998206,0.7972213409698917,1.0487009392110418,0.23617542511199005,1094,catboost_tuned,0.30795758213861474,True,utility_gap,,1337
pc3,xgboost_tuned,gbdt,label_noise,0.2,2008566150,train_only,False,high,True,ok,,0.8869936034115139,0.6606294536817102,0.3860582764201228,0.5569643608854519,0.1264651768576407,0.22479344741160195,0.1264651768576407,0.1471335396154394,1.2039595892919357,0.7456513940706988,0.17188700566316192,1094,catboost_tuned,0.30795758213861474,True,utility_gap;ece,,1337
pc3,xgboost_tuned,gbdt,label_noise,0.3,1904785312,train_only,False,high,True,ok,,0.8443496801705757,0.5717537608867775,0.49373763919268304,0.7123128435635081,0.16982408823157535,0.30965757719219134,0.17194500294895387,0.24202245880577525,0.7916453373373334,1.0924235260421795,0.07910759762059097,1094,catboost_tuned,0.30795758213861474,True,utility_gap;ece,,1337
pc3,xgboost_tuned,gbdt,label_noise,0.4,330980090,train_only,False,high,True,ok,,0.7270788912579957,0.6292062549485352,0.5885160331190609,0.8490491624645141,0.11886846041153895,0.39882855852456744,0.11775172859739134,0.33099866638339304,1.6306426328769812,0.22051499880448142,0.05079558209902462,1094,catboost_tuned,0.30795758213861474,True,utility_gap;ece;nll,,1337
pc4,catboost_tuned,gbdt,covariate_shift,0.0,1358122978,test_only,False,high,True,ok,,0.8995433789954338,0.9375398186718942,0.20935421906370635,0.30203429363239087,0.033776340884990125,0.12767799542670732,0.03185131087092234,0.03675328090330557,0.848969585392819,-0.3556461582666604,0.3657048871177627,1020,xgboost_tuned,0.36601757149781156,False,,,1337
pc4,catboost_tuned,gbdt,covariate_shift,0.05,765167279,test_only,False,low,True,ok,,0.8926940639269406,0.8840235236461652,0.26438788028941246,0.38143108376468027,0.043520399551108584,0.1549035692934562,0.04703579015620543,0.050317746430281016,1.6197312630462546,-0.48871834893381466,0.3201789378255731,1020,xgboost_tuned,0.36601757149781156,True,utility_gap,,1337
pc4,catboost_tuned,gbdt,covariate_shift,0.1,796283993,test_only,False,low,True,ok,,0.8881278538812786,0.823156089193825,0.2994462699901013,0.4320096487274168,0.05772702297294229,0.17198847299708697,0.06035407824981737,0.06102204208726547,1.9002066931755763,-1.1338014598557897,0.28017551008721703,1020,xgboost_tuned,0.36601757149781156,True,utility_gap,,1337
pc4,catboost_tuned,gbdt,covariate_shift,0.2,2339534397,test_only,False,low,True,ok,,0.8858447488584474,0.7211712815486401,0.320681063065282,0.4626449793912833,0.03752348387384177,0.18468956688007654,0.051539115320489645,0.04181238580423852,1.141230247617786,-0.5625325041527977,0.23898847027863776,1020,xgboost_tuned,0.36601757149781156,True,utility_gap,,1337
pc4,catboost_tuned,gbdt,covariate_shift,0.3,3939647105,test_only,False,low,True,ok,,0.8812785388127854,0.7858123009066406,0.33745021343835724,0.48683774947444025,0.06304085287926744,0.19663517378147813,0.0680967224104739,0.06085494271313309,1.211986564388399,-1.3635218017771311,0.24856659072105644,1020,xgboost_tuned,0.36601757149781156,True,utility_gap,,1337
pc4,catboost_tuned,gbdt,covariate_shift,0.4,2566345939,test_only,False,low,True,ok,,0.8789954337899544,0.724895858858123,0.3428506746393736,0.49462896806765977,0.04138642058148276,0.20111937216687564,0.07140350929905405,0.04138642058148274,1.385676223464422,-1.3567803683193411,0.22889689113224176,1020,xgboost_tuned,0.36601757149781156,True,utility_gap,,1337
pc4,gbdt_ensemble,gbdt,covariate_shift,0.0,1358122978,test_only,False,high,True,ok,,0.9041095890410958,0.9421465327125704,0.19520989875769845,0.2816283528701682,0.02364499779146448,0.12232424549189998,0.024255976161259823,0.04169664649864856,0.9942335341632613,-0.2959762555599836,0.3761502193862206,1020,xgboost_tuned,0.36601757149781156,False,,,1337
pc4,gbdt_ensemble,gbdt,covariate_shift,0.05,765167279,test_only,False,low,True,ok,,0.8972602739726028,0.8674589561382015,0.270617044212578,0.3904178676655156,0.052845428685243626,0.15900090323864505,0.03393901371330239,0.05711808510947382,1.336769439758249,-0.10118170319415999,0.31050522970755745,1020,xgboost_tuned,0.36601757149781156,True,utility_gap,,1337
pc4,gbdt_ensemble,gbdt,covariate_shift,0.1,796283993,test_only,False,low,True,ok,,0.8904109589041096,0.7916442048517519,0.2989091647298053,0.43123476963195234,0.03131645309898346,0.17212153067410318,0.04035387533704084,0.04043393219838086,1.253723164310948,-0.5281341613483485,0.27500339402434726,1020,xgboost_tuned,0.36601757149781156,True,utility_gap,,1337
pc4,gbdt_ensemble,gbdt,covariate_shift,0.2,2339534397,test_only,False,low,True,ok,,0.8812785388127854,0.7558686596422445,0.3355278129570523,0.48406431183345905,0.0572426237802448,0.19248006904453743,0.06820295698958953,0.05928169416714567,1.172834306458455,-1.2361230225795277,0.2400779933906167,1020,xgboost_tuned,0.36601757149781156,True,utility_gap,,1337
pc4,gbdt_ensemble,gbdt,covariate_shift,0.3,3939647105,test_only,False,low,True,ok,,0.8789954337899544,0.7571428571428571,0.35582846166837045,0.5133519570561067,0.07017793859073337,0.20072826984024458,0.07803265938726979,0.0701779385907334,1.094290761656618,-1.3123033524663321,0.2288081402335144,1020,xgboost_tuned,0.36601757149781156,True,utility_gap,,1337
pc4,gbdt_ensemble,gbdt,covariate_shift,0.4,2566345939,test_only,False,low,True,ok,,0.8789954337899544,0.775520705709385,0.3775452561568046,0.5446826687685754,0.08157327638666875,0.21123951307288766,0.0879576734556795,0.08157327638666867,1.3074551461921142,-2.2208749773505,0.22356210615887154,1020,xgboost_tuned,0.36601757149781156,True,utility_gap,,1337
pc4,lightgbm,gbdt,covariate_shift,0.0,1358122978,test_only,False,high,True,ok,,0.9041095890410958,0.9272972310708159,0.32262755381731795,0.46545317194638175,0.06782476705228577,0.14826352084970124,0.06263741142266,0.06883965289044384,0.40439605618240926,-0.2698705261868543,0.30696956423657823,1020,xgboost_tuned,0.36601757149781156,True,utility_gap,,1337
pc4,lightgbm,gbdt,covariate_shift,0.05,765167279,test_only,False,low,True,ok,,0.8972602739726028,0.8290860083312913,0.3840547534100239,0.5540738881744752,0.0735846646998724,0.18087234229027352,0.06476500206197838,0.07643421573740596,0.41511023380780926,0.272464399139734,0.24383004461952526,1020,xgboost_tuned,0.36601757149781156,True,utility_gap,,1337
pc4,lightgbm,gbdt,covariate_shift,0.1,796283993,test_only,False,low,True,ok,,0.8904109589041096,0.6325655476598874,0.5496261290703746,0.7929428907528268,0.09048734202531467,0.2055258589303248,0.07996987870300686,0.0972299928488328,0.15662954541793012,1.2884918780185195,0.09897924988566609,1020,xgboost_tuned,0.36601757149781156,True,utility_gap;nll,,1337
pc4,lightgbm,gbdt,covariate_shift,0.2,2339534397,test_only,False,low,True,ok,,0.8858447488584474,0.7117128154864004,0.6833154102821123,0.9858157537770108,0.106364738446184,0.21586820626850423,0.1042523995758991,0.10773543895960107,0.32496912508831194,-0.179308485161445,0.06495852392666725,1020,xgboost_tuned,0.36601757149781156,True,utility_gap;ece;nll,,1337
pc4,lightgbm,gbdt,covariate_shift,0.3,3939647105,test_only,False,low,True,ok,,0.8858447488584474,0.6882381769174222,0.7559389758560897,1.0905894116822625,0.11411879487442915,0.22538682556486198,0.10747144833309102,0.1141187948744291,0.28431661509833556,-0.02170812525226359,0.02375949177030027,1020,xgboost_tuned,0.36601757149781156,True,utility_gap;ece;nll,,1337
pc4,lightgbm,gbdt,covariate_shift,0.4,2566345939,test_only,False,low,True,ok,,0.8812785388127854,0.7514089683901006,0.8737312538121491,1.2605277469444838,0.11775440112277917,0.23375247967111787,0.11626353012145631,0.11775440112277921,0.4578327130886587,-1.874096211637257,-0.006524284549447944,1020,xgboost_tuned,0.36601757149781156,True,utility_gap;ece;nll,,1337
pc4,lightgbm_tuned,gbdt,covariate_shift,0.0,1358122978,test_only,False,high,True,ok,,0.9041095890410958,0.9307277628032344,0.20910035208893107,0.3016680410068371,0.0266287583635022,0.12633718767225183,0.0242761004220819,0.028750288830399755,0.8129211914338296,-0.050302591683954304,0.3655449913625448,1020,xgboost_tuned,0.36601757149781156,False,,,1337
pc4,lightgbm_tuned,gbdt,covariate_shift,0.05,765167279,test_only,False,low,True,ok,,0.8858447488584474,0.8537858368047048,0.2863539262972842,0.4131213894081756,0.0297101777973668,0.17514996256608065,0.03787740577904987,0.051140689476747325,0.9285105813671609,0.2345323238025851,0.3018233028284877,1020,xgboost_tuned,0.36601757149781156,True,utility_gap,,1337
pc4,lightgbm_tuned,gbdt,covariate_shift,0.1,796283993,test_only,False,low,True,ok,,0.8698630136986302,0.6778485665278118,0.3541908305950201,0.5109893548277784,0.051037499858635836,0.20433510487464995,0.05253241585351527,0.056011497562989634,0.8256607092023904,0.3438643090227155,0.20422214391946797,1020,xgboost_tuned,0.36601757149781156,True,utility_gap,,1337
pc4,lightgbm_tuned,gbdt,covariate_shift,0.2,2339534397,test_only,False,low,True,ok,,0.8858447488584474,0.7135751041411418,0.3584399373847883,0.5171195201215847,0.061572602142703,0.19301190378692085,0.072101655364464,0.06300167010621194,0.7664807901735043,-0.25484527450552713,0.21517762231315074,1020,xgboost_tuned,0.36601757149781156,True,utility_gap,,1337
pc4,lightgbm_tuned,gbdt,covariate_shift,0.3,3939647105,test_only,False,low,True,ok,,0.8835616438356164,0.6469737809360451,0.4215012533347015,0.6080977679144566,0.08461063581207327,0.21388467513113182,0.08743155529463796,0.08461063581207327,0.508036659089275,0.2145731106763287,0.15962361236620662,1020,xgboost_tuned,0.36601757149781156,True,utility_gap,,1337
pc4,lightgbm_tuned,gbdt,covariate_shift,0.4,2566345939,test_only,False,low,True,ok,,0.8789954337899544,0.6712570448419506,0.4789881330577723,0.6910338042071111,0.10264686054342158,0.22497168587380992,0.10598345165101036,0.10264686054342156,0.8295479167412466,-1.4645365481377235,0.1389497673923582,1020,xgboost_tuned,0.36601757149781156,True,utility_gap;ece,,1337
pc4,xgboost_tuned,gbdt,covariate_shift,0.0,1358122978,test_only,False,high,True,ok,,0.906392694063927,0.929698603283509,0.20822544189155467,0.30040581240385894,0.02607050019923991,0.12562785304754642,0.023480862279255752,0.028364476327919053,0.8438719770877867,-0.01539532685815659,0.36601757149781156,1020,xgboost_tuned,0.36601757149781156,False,,,1337
pc4,xgboost_tuned,gbdt,covariate_shift,0.05,765167279,test_only,False,low,True,ok,,0.906392694063927,0.9337172261700563,0.2138538195110834,0.30852584488380347,0.035029076197180944,0.1344847115077494,0.03472685221128212,0.04266931185961624,0.8699904529739397,-0.2639597318646884,0.3631963645645315,1020,xgboost_tuned,0.36601757149781156,False,,,1337
pc4,xgboost_tuned,gbdt,covariate_shift,0.1,796283993,test_only,False,low,True,ok,,0.8789954337899544,0.7843910806174956,0.30958368637246775,0.44663484906968337,0.03650773985508318,0.18283081915143792,0.04149941125296437,0.03837666147180363,1.0856065356442015,-0.07418824322560075,0.26509419059269496,1020,xgboost_tuned,0.36601757149781156,True,utility_gap,,1337
pc4,xgboost_tuned,gbdt,covariate_shift,0.2,2339534397,test_only,False,low,True,ok,,0.8835616438356164,0.6337662337662338,0.352704683964406,0.5088452984537577,0.05856066001614266,0.19347625116141595,0.04948526503855976,0.05992164335303985,0.6304324700874532,0.5013178741433139,0.1899867068541684,1020,xgboost_tuned,0.36601757149781156,True,utility_gap,,1337
pc4,xgboost_tuned,gbdt,covariate_shift,0.3,3939647105,test_only,False,low,True,ok,,0.8812785388127854,0.6016417544719432,0.40205542604159694,0.5800433693127113,0.07062531838862741,0.2098863901419209,0.08783030884688467,0.07062531838862746,0.4888269930512353,0.4689241013612682,0.15462832041555907,1020,xgboost_tuned,0.36601757149781156,True,utility_gap,,1337
pc4,xgboost_tuned,gbdt,covariate_shift,0.4,2566345939,test_only,False,low,True,ok,,0.8789954337899544,0.7502817936780202,0.38688128780351067,0.5581517153268607,0.08413988870739292,0.21083283228562874,0.08829885136285584,0.08413988870739297,1.1495218293117817,-1.8507585623880705,0.2101744505162634,1020,xgboost_tuned,0.36601757149781156,True,utility_gap,,1337
pc4,catboost_tuned,gbdt,label_noise,0.0,1200056343,train_only,False,high,True,ok,,0.8995433789954338,0.9375398186718942,0.20935421906370635,0.30203429363239087,0.033776340884990125,0.12767799542670732,0.03185131087092234,0.03675328090330557,0.848969585392819,-0.3556461582666604,0.3657048871177627,1020,xgboost_tuned,0.36601757149781156,False,,,1337
pc4,catboost_tuned,gbdt,label_noise,0.05,3717623766,train_only,False,high,True,ok,,0.906392694063927,0.9353344768439109,0.23641312482904217,0.3410720427919226,0.06111784010072067,0.13525056150785847,0.05080801051358409,0.07194438020192476,1.7429158141848782,-0.2731341471457521,0.34878079014723695,1020,xgboost_tuned,0.36601757149781156,False,,,1337
pc4,catboost_tuned,gbdt,label_noise,0.1,3722239433,train_only,False,high,True,ok,,0.9018264840182648,0.9298946336682186,0.26865942865038034,0.387593625401966,0.09029056771354531,0.14937143296874722,0.09203745651810118,0.09876484430797776,2.502263266323961,-0.7477044214689677,0.3264008932233173,1020,xgboost_tuned,0.36601757149781156,True,utility_gap,,1337
pc4,catboost_tuned,gbdt,label_noise,0.2,819141658,train_only,False,high,True,ok,,0.8995433789954338,0.8876990933594707,0.36694244291261296,0.5293860426817083,0.15569311087637133,0.20498324178831454,0.15569311087637133,0.16503457839585225,2.8706860459639927,-0.41342524723182106,0.255671754545343,1020,xgboost_tuned,0.36601757149781156,True,utility_gap;ece,,1337
pc4,catboost_tuned,gbdt,label_noise,0.3,1526336046,train_only,False,high,True,ok,,0.8835616438356164,0.8537858368047047,0.47643812547109426,0.6873549209075814,0.2266543461138194,0.2936792183286083,0.22665434611381946,0.23847366358623892,3.4895214297131454,0.09601880208995311,0.17982194396195078,1020,xgboost_tuned,0.36601757149781156,True,utility_gap;ece,,1337
pc4,catboost_tuned,gbdt,label_noise,0.4,2750424457,train_only,False,high,True,ok,,0.860730593607306,0.7557216368537124,0.5633009783500359,0.8126715279934982,0.26893022596189775,0.3743264294546358,0.2689302259618978,0.2991161137895933,3.218917143650076,0.8401266849376249,0.09602465834946622,1020,xgboost_tuned,0.36601757149781156,True,utility_gap;ece;nll,,1337
pc4,gbdt_ensemble,gbdt,label_noise,0.0,1200056343,train_only,False,high,True,ok,,0.9041095890410958,0.9421465327125704,0.19520989875769845,0.2816283528701682,0.02364499779146448,0.12232424549189998,0.024255976161259823,0.04169664649864856,0.9942335341632613,-0.2959762555599836,0.3761502193862206,1020,xgboost_tuned,0.36601757149781156,False,,,1337
pc4,gbdt_ensemble,gbdt,label_noise,0.05,3717623766,train_only,False,high,True,ok,,0.906392694063927,0.9304337172261701,0.22711282638886152,0.3276545483534866,0.044073545983229746,0.13212018971098816,0.049333938961538204,0.0631983129949445,1.5088155128584784,-0.18611140661705056,0.3544996314360567,1020,xgboost_tuned,0.36601757149781156,False,,,1337
pc4,gbdt_ensemble,gbdt,label_noise,0.1,3722239433,train_only,False,high,True,ok,,0.91324200913242,0.9343543249203626,0.2498878064751658,0.3605118991803427,0.08008710281387837,0.14120754323477913,0.07571243282797524,0.08329308308609032,1.7346237320464435,0.03090726359306715,0.3398393247751115,1020,xgboost_tuned,0.36601757149781156,False,,,1337
pc4,gbdt_ensemble,gbdt,label_noise,0.2,819141658,train_only,False,high,True,ok,,0.8926940639269406,0.8838274932614556,0.36126308217858244,0.5211924571153029,0.14042356898948324,0.20402988280116505,0.14863267128813445,0.16027827460382293,2.422575071539578,-0.1347218968697721,0.258801281298063,1020,xgboost_tuned,0.36601757149781156,True,utility_gap;ece,,1337
pc4,gbdt_ensemble,gbdt,label_noise,0.3,1526336046,train_only,False,high,True,ok,,0.865296803652968,0.8375643224699828,0.4623941373573327,0.667093728901554,0.1980510862068888,0.28418530858598584,0.19662387012443508,0.22809539117048744,2.7193557593665414,0.2612355455210387,0.18320369750059523,1020,xgboost_tuned,0.36601757149781156,True,utility_gap;ece,,1337
pc4,gbdt_ensemble,gbdt,label_noise,0.4,2750424457,train_only,False,high,True,ok,,0.769406392694064,0.694952217593727,0.5674228645679167,0.8186181527991433,0.1509723490576107,0.38037047981077576,0.15665751853600896,0.297435151981135,1.9918391232764974,0.34500170429414106,0.08286431941064894,1020,xgboost_tuned,0.36601757149781156,True,utility_gap;ece;nll,,1337
pc4,lightgbm,gbdt,label_noise,0.0,1200056343,train_only,False,high,True,ok,,0.9041095890410958,0.9272972310708159,0.32262755381731795,0.46545317194638175,0.06782476705228577,0.14826352084970124,0.06263741142266,0.06883965289044384,0.40439605618240926,-0.2698705261868543,0.30696956423657823,1020,xgboost_tuned,0.36601757149781156,True,utility_gap,,1337
pc4,lightgbm,gbdt,label_noise,0.05,3717623766,train_only,False,high,True,ok,,0.8995433789954338,0.8939230580740014,0.2883068239430113,0.4159388251570299,0.05477020678278399,0.16104911936101132,0.04842089917964237,0.06068190719303106,0.5739555059122262,0.17338016538193515,0.3120688882715497,1020,xgboost_tuned,0.36601757149781156,True,utility_gap,,1337
pc4,lightgbm,gbdt,label_noise,0.1,3722239433,train_only,False,high,True,ok,,0.8904109589041096,0.9062239647145308,0.2573608831324718,0.37129326981402117,0.03635628364915071,0.16077145053212122,0.044759720746482774,0.05068583848645031,1.011720408010309,-0.27524627485978465,0.3320807938116657,1020,xgboost_tuned,0.36601757149781156,True,utility_gap,,1337
pc4,lightgbm,gbdt,label_noise,0.2,819141658,train_only,False,high,True,ok,,0.860730593607306,0.8058074001470228,0.37171104866579685,0.5362656865537813,0.057176382411279265,0.22124967902730586,0.05898862805955743,0.12852993581211836,0.8461686057114716,0.5013700834884824,0.2388271966441637,1020,xgboost_tuned,0.36601757149781156,True,utility_gap,,1337
pc4,lightgbm,gbdt,label_noise,0.3,1526336046,train_only,False,high,True,ok,,0.7397260273972602,0.6870619946091644,0.5255542918867674,0.7582145706229501,0.025014845245369968,0.3476507595499563,0.06123026268791223,0.21527728427296167,0.8819099307585446,0.03345613175733746,0.11896326198683754,1020,xgboost_tuned,0.36601757149781156,True,utility_gap;nll,,1337
pc4,lightgbm,gbdt,label_noise,0.4,2750424457,train_only,False,high,True,ok,,0.6438356164383562,0.6135015927468758,0.6842071202592944,0.9871022193390027,0.11057147048364184,0.4764680662784871,0.11181400987112515,0.30637507557636134,0.3717082284669809,0.17757498360573018,-0.00694405997126922,1020,xgboost_tuned,0.36601757149781156,True,utility_gap;ece;nll,,1337
pc4,lightgbm_tuned,gbdt,label_noise,0.0,1200056343,train_only,False,high,True,ok,,0.9041095890410958,0.9307277628032344,0.20910035208893107,0.3016680410068371,0.0266287583635022,0.12633718767225183,0.0242761004220819,0.028750288830399755,0.8129211914338296,-0.050302591683954304,0.3655449913625448,1020,xgboost_tuned,0.36601757149781156,False,,,1337
pc4,lightgbm_tuned,gbdt,label_noise,0.05,3717623766,train_only,False,high,True,ok,,0.91324200913242,0.9103896103896104,0.2397838372798299,0.3459349529289368,0.03670114240039109,0.13736334024227742,0.057778211121734036,0.06460894285221572,1.1132269094121334,0.3126964155001972,0.34450195064746736,1020,xgboost_tuned,0.36601757149781156,False,,,1337
pc4,lightgbm_tuned,gbdt,label_noise,0.1,3722239433,train_only,False,high,True,ok,,0.8904109589041096,0.920926243567753,0.2604530597677324,0.3757543377112644,0.05999999344621136,0.15167726170619475,0.06467763818588977,0.08271913969163763,1.8742105001563878,-0.4390680835900324,0.33115952908170837,1020,xgboost_tuned,0.36601757149781156,True,utility_gap,,1337
pc4,lightgbm_tuned,gbdt,label_noise,0.2,819141658,train_only,False,high,True,ok,,0.8904109589041096,0.8506983582455281,0.3592769410216803,0.5183270611177347,0.1247928635670436,0.20341863783287553,0.12479286356704358,0.1553627463003462,1.8922528056618175,0.12750033623823023,0.25084937817282205,1020,xgboost_tuned,0.36601757149781156,True,utility_gap;ece,,1337
pc4,lightgbm_tuned,gbdt,label_noise,0.3,1526336046,train_only,False,high,True,ok,,0.860730593607306,0.7835089438863023,0.47274241898306374,0.6820231434847186,0.1917219890893432,0.2928503242017695,0.18742874417380292,0.2285277309627405,1.8874914444334385,0.6412055721961765,0.1603863785380175,1020,xgboost_tuned,0.36601757149781156,True,utility_gap;ece,,1337
pc4,lightgbm_tuned,gbdt,label_noise,0.4,2750424457,train_only,False,high,True,ok,,0.7077625570776256,0.653099730458221,0.5856858166404668,0.8449660231862042,0.09633241581009012,0.39990074727195085,0.10132613316459393,0.3041028039993441,1.6446884871428111,0.10778873520292043,0.061992999104141897,1020,xgboost_tuned,0.36601757149781156,True,utility_gap;nll,,1337
pc4,xgboost_tuned,gbdt,label_noise,0.0,1200056343,train_only,False,high,True,ok,,0.906392694063927,0.929698603283509,0.20822544189155467,0.30040581240385894,0.02607050019923991,0.12562785304754642,0.023480862279255752,0.028364476327919053,0.8438719770877867,-0.01539532685815659,0.36601757149781156,1020,xgboost_tuned,0.36601757149781156,False,,,1337
pc4,xgboost_tuned,gbdt,label_noise,0.05,3717623766,train_only,False,high,True,ok,,0.910958904109589,0.919358000490076,0.23771984717810285,0.3429572446447312,0.0490702488909891,0.13660600491457048,0.04951179825188296,0.06382816289637439,1.227608582268003,0.18286427122296364,0.3457179126163477,1020,xgboost_tuned,0.36601757149781156,False,,,1337
pc4,xgboost_tuned,gbdt,label_noise,0.1,3722239433,train_only,False,high,True,ok,,0.906392694063927,0.9330311198235727,0.25265065141306287,0.364497841870992,0.06703278924189181,0.14324616167167922,0.066771408735907,0.08329723947145579,1.8792045318872728,-0.1995885789669009,0.33976388563816357,1020,xgboost_tuned,0.36601757149781156,False,,,1337
pc4,xgboost_tuned,gbdt,label_noise,0.2,819141658,train_only,False,high,True,ok,,0.8858447488584474,0.8784856652781181,0.35740585828587185,0.5156276593336909,0.12348514281454627,0.2028919539558479,0.12393597566726743,0.15362323885086898,2.240483491680548,-0.17540464298151867,0.26096136881309195,1020,xgboost_tuned,0.36601757149781156,True,utility_gap;ece,,1337
pc4,xgboost_tuned,gbdt,label_noise,0.3,1526336046,train_only,False,high,True,ok,,0.863013698630137,0.7715510904190149,0.4736387520072136,0.6833162786936446,0.19182494137815095,0.29421942782012617,0.18622696733834082,0.22606208288430168,1.5619121284569788,0.8021121572869098,0.15613506455745213,1020,xgboost_tuned,0.36601757149781156,True,utility_gap;ece,,1337
pc4,xgboost_tuned,gbdt,label_noise,0.4,2750424457,train_only,False,high,True,ok,,0.7100456621004566,0.65236461651556,0.5964661945449647,0.8605188209279323,0.08700717204967957,0.4083959183662544,0.11454236252646918,0.3111630065982291,1.1327309787630095,0.3420264960314792,0.059277384407198874,1020,xgboost_tuned,0.36601757149781156,True,utility_gap;nll,,1337
pendigits,catboost_tuned,gbdt,covariate_shift,0.0,4032075592,test_only,True,low,True,ok,,0.9915100060642814,0.9998846463461369,0.029251614079757397,0.012703814581602104,0.005525248356731148,0.012905452142464982,0.004432203554014886,0.0023611662054232735,1.4234553522649822,-0.2365343743207636,0.4937699330849632,7694,catboost_tuned,0.4937699330849632,False,,,1337
pendigits,catboost_tuned,gbdt,covariate_shift,0.05,2812746597,test_only,True,low,True,ok,,0.9848392965433597,0.9997993367722735,0.04930627866314692,0.02141344474658875,0.007233042030173361,0.02256266475316753,0.004884825286669761,0.0033280313973878825,1.391948607932143,-0.3082607762187049,0.4897850205217884,7694,catboost_tuned,0.4937699330849632,False,,,1337
pendigits,catboost_tuned,gbdt,covariate_shift,0.1,3305442257,test_only,True,low,True,ok,,0.9536082474226805,0.9991507897485917,0.13884225551899815,0.060298425426902204,0.010246946396898472,0.06949087806211582,0.005944368881763296,0.01021940032996516,1.1872081146843718,-0.08795259007155337,0.4726050966179588,7694,catboost_tuned,0.4937699330849632,False,,,1337
pendigits,catboost_tuned,gbdt,covariate_shift,0.2,2593721926,test_only,True,low,True,ok,,0.6931473620375985,0.9900702364340063,0.8051977133372519,0.3496929237434849,0.13005687725221518,0.4261691391158941,0.1271345162557753,0.05797217579490259,0.6961567587295909,-0.5961841240635439,0.3195774344840535,7694,catboost_tuned,0.4937699330849632,True,utility_gap;ece,,1337
pendigits,catboost_tuned,gbdt,covariate_shift,0.3,2790959065,test_only,True,low,True,ok,,0.43147362037598547,0.9314056501740001,2.0150386640460396,0.8751201726168955,0.3460504497978533,0.8543250773085033,0.3460504497978533,0.09836388217224443,0.5024314555585255,-1.210351477531578,0.05896687887265857,7694,catboost_tuned,0.4937699330849632,True,utility_gap;ece;nll,,1337
pendigits,catboost_tuned,gbdt,covariate_shift,0.4,241591760,test_only,True,low,True,ok,,0.35263796240145545,0.8200138701903734,2.831380801030315,1.2296530580542748,0.3952144377507193,1.025692110973009,0.3952144377507193,0.1098095470684104,0.19087777647045837,-0.8823926626420147,-0.10803825603957733,7694,catboost_tuned,0.4937699330849632,True,utility_gap;ece;nll,,1337
pendigits,gbdt_ensemble,gbdt,covariate_shift,0.0,4032075592,test_only,True,low,True,ok,,0.9930260764099454,0.9998925923995531,0.029216747675510985,0.012688672294634079,0.006292606342106556,0.012429429334967039,0.006178602438802476,0.0021576655058299418,1.229995097377748,0.3939259744741912,0.49385119584452386,7694,catboost_tuned,0.4937699330849632,False,,,1337
pendigits,gbdt_ensemble,gbdt,covariate_shift,0.05,2812746597,test_only,True,low,True,ok,,0.9851425106124925,0.9998328468617462,0.05006255354394895,0.02174189075412311,0.011950077211155801,0.022785316291754756,0.009898905242194073,0.0039907094643277085,1.4313516806347417,0.021469008301617715,0.4888002903250169,7694,catboost_tuned,0.4937699330849632,False,,,1337
pendigits,gbdt_ensemble,gbdt,covariate_shift,0.1,3305442257,test_only,True,low,True,ok,,0.9624014554275319,0.9993533814755395,0.11950784755584296,0.05190159873763761,0.01797738646649389,0.05988905820827432,0.01687000048813726,0.009566406106727682,1.226013566747995,0.2262737683374455,0.47496794491597855,7694,catboost_tuned,0.4937699330849632,False,,,1337
pendigits,gbdt_ensemble,gbdt,covariate_shift,0.2,2593721926,test_only,True,low,True,ok,,0.6704063068526379,0.9900219254848915,0.838960537190291,0.3643559318363312,0.13529025234680284,0.43561855011046885,0.1349306775020444,0.059046898976911066,0.7832709148327248,-0.7845661611256787,0.3107037899273478,7694,catboost_tuned,0.4937699330849632,True,utility_gap;ece,,1337
pendigits,gbdt_ensemble,gbdt,covariate_shift,0.3,2790959065,test_only,True,low,True,ok,,0.4520921770770164,0.9288808563923612,1.931904130804341,0.8390153035744232,0.2926593148436414,0.7936266127503973,0.29265931484364144,0.09490833939039475,0.6976199448780318,-1.2225140031251325,0.08268567225782361,7694,catboost_tuned,0.4937699330849632,True,utility_gap;ece;nll,,1337
pendigits,gbdt_ensemble,gbdt,covariate_shift,0.4,241591760,test_only,True,low,True,ok,,0.3338386901152213,0.82777364733001,2.809568804985078,1.2201802285325327,0.3662788737950059,1.0112131939070528,0.36627887379500595,0.10821824927608552,0.25009323162628305,-0.9923004804207977,-0.0995132632359743,7694,catboost_tuned,0.4937699330849632,True,utility_gap;ece;nll,,1337
pendigits,lightgbm,gbdt,covariate_shift,0.0,4032075592,test_only,True,low,True,ok,,0.9912067919951486,0.9998434403245021,0.048618068346180855,0.0211145588035415,0.0072594196827154255,0.01579681620134428,0.005400920006750865,0.0017176887961436568,0.4951875477577657,-0.194899585469871,0.49083997133524243,7694,catboost_tuned,0.4937699330849632,False,,,1337
pendigits,lightgbm,gbdt,covariate_shift,0.05,2812746597,test_only,True,low,True,ok,,0.9705882352941176,0.9992418584686973,0.13114549759061186,0.05695576593005894,0.01659800542872835,0.04862460187489087,0.015748841724541007,0.0059789990040839515,0.44508974540898577,0.2939879868204397,0.47491655489339824,7694,catboost_tuned,0.4937699330849632,False,,,1337
pendigits,lightgbm,gbdt,covariate_shift,0.1,3305442257,test_only,True,low,True,ok,,0.9096422073984233,0.9969482687116692,0.3881930008378682,0.16859007817735056,0.058530893743442114,0.14673096264044014,0.058531264120434134,0.016720409702800493,0.38646647862337496,-0.19766535741457497,0.4230950229569541,7694,catboost_tuned,0.4937699330849632,True,utility_gap,,1337
pendigits,lightgbm,gbdt,covariate_shift,0.2,2593721926,test_only,True,low,True,ok,,0.6064281382656155,0.9525535326277943,2.231749256074385,0.9692363869047926,0.31048982202335973,0.6764925161436836,0.3103801270988878,0.07235844176832519,0.26196325398848047,-1.0990558539085868,0.07148907668346058,7694,catboost_tuned,0.4937699330849632,True,utility_gap;ece;nll,,1337
pendigits,lightgbm,gbdt,covariate_shift,0.3,2790959065,test_only,True,low,True,ok,,0.36901152213462707,0.8370300201379969,4.964152981194702,2.155904247056436,0.5377513574245648,1.1228568306157543,0.5377513574245648,0.116711502307518,0.2176357458003803,-1.6676544103812316,-0.4060093102333507,7694,catboost_tuned,0.4937699330849632,True,utility_gap;ece;nll,,1337
pendigits,lightgbm,gbdt,covariate_shift,0.4,241591760,test_only,True,low,True,ok,,0.21437234687689508,0.7627123388992461,6.840269878234337,2.9706914628462004,0.6746150396459789,1.3796130179024926,0.6746150396459789,0.14582384619913827,0.3776146176080069,-3.0141979290319787,-0.7270252761367856,7694,catboost_tuned,0.4937699330849632,True,utility_gap;ece;nll,,1337
pendigits,lightgbm_tuned,gbdt,covariate_shift,0.0,4032075592,test_only,True,low,True,ok,,0.9902971497877502,0.9997159891768582,0.043334223991669404,0.01881981435714153,0.005939553504446171,0.016696432832484388,0.005431136735320146,0.002607018565583801,1.2640757305329082,0.0825861173627623,0.49161131367203115,7694,catboost_tuned,0.4937699330849632,False,,,1337
pendigits,lightgbm_tuned,gbdt,covariate_shift,0.05,2812746597,test_only,True,low,True,ok,,0.9102486355366889,0.998914636652275,0.272438484552932,0.11831853049942267,0.028377810298900817,0.12898323288554414,0.026923477511502782,0.01843452631423828,0.8558563583745402,-0.20110771965435606,0.44498629694919256,7694,catboost_tuned,0.4937699330849632,True,utility_gap,,1337
pendigits,lightgbm_tuned,gbdt,covariate_shift,0.1,3305442257,test_only,True,low,True,ok,,0.916312916919345,0.9974610039807299,0.3651650427776122,0.15858916306228185,0.0492219547704819,0.13298382168965045,0.04922244846857945,0.015854755634694694,0.4265151669573712,-0.14919110263488236,0.4291371490583762,7694,catboost_tuned,0.4937699330849632,True,utility_gap,,1337
pendigits,lightgbm_tuned,gbdt,covariate_shift,0.2,2593721926,test_only,True,low,True,ok,,0.6328077622801698,0.9586322687555541,2.709333204829579,1.1766484604947387,0.298473844321529,0.648008254591481,0.2984738443215289,0.06923486544393247,0.20114131466834667,-0.7651034903544335,0.017753151393742006,7694,catboost_tuned,0.4937699330849632,True,utility_gap;ece;nll,,1337
pendigits,lightgbm_tuned,gbdt,covariate_shift,0.3,2790959065,test_only,True,low,True,ok,,0.3696179502728927,0.8252062851032524,3.4060966888541926,1.479248996798313,0.44646478825466573,1.0246811929873247,0.44612279264902654,0.10741878456681879,0.37499049462440653,-1.433735049509871,-0.18880276436335475,7694,catboost_tuned,0.4937699330849632,True,utility_gap;ece;nll,,1337
pendigits,lightgbm_tuned,gbdt,covariate_shift,0.4,241591760,test_only,True,low,True,ok,,0.23226197695573075,0.6957437112323396,8.83812438424729,3.8383486504531734,0.6300665526935438,1.3555735225915484,0.6300665526935438,0.14200923253602155,0.04514159450311955,-1.3625850439493385,-0.9991683101999823,7694,catboost_tuned,0.4937699330849632,True,utility_gap;ece;nll,,1337
pendigits,xgboost_tuned,gbdt,covariate_shift,0.0,4032075592,test_only,True,low,True,ok,,0.990600363856883,0.9998023225901012,0.03370295467094406,0.01463700723742643,0.002892489451511788,0.013145906676670408,0.0028136192924537624,0.0016380176477799435,1.0769348841629998,-0.6042108162077594,0.49355126742353755,7694,catboost_tuned,0.4937699330849632,False,,,1337
pendigits,xgboost_tuned,gbdt,covariate_shift,0.05,2812746597,test_only,True,low,True,ok,,0.969981807155852,0.9994793601700648,0.10201944664896867,0.04430648272647029,0.008919123423972237,0.047808231367851235,0.005667936513778648,0.006571761062475164,0.8217809156060891,0.1306717952749855,0.4802392776301649,7694,catboost_tuned,0.4937699330849632,False,,,1337
pendigits,xgboost_tuned,gbdt,covariate_shift,0.1,3305442257,test_only,True,low,True,ok,,0.9078229229836264,0.9977293631893887,0.2921871391518346,0.12689526221673933,0.03697348182474047,0.13847979985538883,0.03672696438323201,0.01785592315521412,0.6269115790425236,-0.11621559277396638,0.43991544053386006,7694,catboost_tuned,0.4937699330849632,True,utility_gap,,1337
pendigits,xgboost_tuned,gbdt,covariate_shift,0.2,2593721926,test_only,True,low,True,ok,,0.6112795633717405,0.9533327135598034,1.9349885286190052,0.8403548405253264,0.27471579100313354,0.655201871415056,0.2737222586480963,0.07193806850300313,0.28729495972250474,-0.6242534388575657,0.11830877389346764,7694,catboost_tuned,0.4937699330849632,True,utility_gap;ece;nll,,1337
pendigits,xgboost_tuned,gbdt,covariate_shift,0.3,2790959065,test_only,True,low,True,ok,,0.35688295936931475,0.834770618676175,4.2726160636888375,1.8555735797512547,0.5004756957562586,1.1034495428068205,0.4995805004305888,0.1131033569865949,0.1624819828495738,-1.138792445693952,-0.31106505263456974,7694,catboost_tuned,0.4937699330849632,True,utility_gap;ece;nll,,1337
pendigits,xgboost_tuned,gbdt,covariate_shift,0.4,241591760,test_only,True,low,True,ok,,0.2107337780473014,0.7390291875251149,6.034058842004859,2.6205584585622357,0.6286612728377821,1.324204663249255,0.6286612728377821,0.13922947053775847,0.2422496825657633,-2.087554620377453,-0.6216295097953416,7694,catboost_tuned,0.4937699330849632,True,utility_gap;ece;nll,,1337
pendigits,catboost_tuned,gbdt,label_noise,0.0,540448728,train_only,True,low,True,ok,,0.9915100060642814,0.9998846463461369,0.029251614079757397,0.012703814581602104,0.005525248356731148,0.012905452142464982,0.004432203554014886,0.0023611662054232735,1.4234553522649822,-0.2365343743207636,0.4937699330849632,7694,catboost_tuned,0.4937699330849632,False,,,1337
pendigits,catboost_tuned,gbdt,label_noise,0.05,325471649,train_only,True,low,True,ok,,0.9884778653729533,0.9996960186990862,0.11015550398489107,0.047839927531909854,0.07564310985970762,0.028664814934882644,0.07477812083603073,0.015873662001781863,2.4081039765812737,0.7733963596005683,0.4686846861191087,7694,catboost_tuned,0.4937699330849632,False,,,1337
pendigits,catboost_tuned,gbdt,label_noise,0.1,1921590214,train_only,True,low,True,ok,,0.9857489387507581,0.9998486125171603,0.1706714799204766,0.07412168194772463,0.12422628926765028,0.044054812198454626,0.1233915434792233,0.025902113808024985,2.9133050464608687,1.18444441897529,0.4507275927557724,7694,catboost_tuned,0.4937699330849632,True,utility_gap;ece,,1337
pendigits,catboost_tuned,gbdt,label_noise,0.2,2711070651,train_only,True,low,True,ok,,0.9857489387507581,0.9997109205037399,0.29557956931544555,0.12836857591703774,0.2230753991226415,0.08617068919760196,0.22307539912264152,0.04535170055753337,3.3425439149778877,2.4530584031460863,0.4146355103892831,7694,catboost_tuned,0.4937699330849632,True,utility_gap;ece,,1337
pendigits,catboost_tuned,gbdt,label_noise,0.3,3311091555,train_only,True,low,True,ok,,0.9687689508793208,0.9992195503553333,0.5054532216719393,0.21951554503234436,0.341565157683178,0.1838161269593817,0.3410965340330142,0.0698942581981359,3.3068754078002955,3.2323776027332936,0.36087449020992585,7694,catboost_tuned,0.4937699330849632,True,utility_gap;ece,,1337
pendigits,catboost_tuned,gbdt,label_noise,0.4,345363945,train_only,True,low,True,ok,,0.9796846573681018,0.9991468576801132,0.6666100437217011,0.2895050635696202,0.4467937096938548,0.26528021106975336,0.44679370969385485,0.08926673945535103,3.3381971831228423,4.789384313839481,0.32044383778359786,7694,catboost_tuned,0.4937699330849632,True,utility_gap;ece,,1337
pendigits,gbdt_ensemble,gbdt,label_noise,0.0,540448728,train_only,True,low,True,ok,,0.9930260764099454,0.9998925923995531,0.029216747675510985,0.012688672294634079,0.006292606342106556,0.012429429334967039,0.006178602438802476,0.0021576655058299418,1.229995097377748,0.3939259744741912,0.49385119584452386,7694,catboost_tuned,0.4937699330849632,False,,,1337
pendigits,gbdt_ensemble,gbdt,label_noise,0.05,325471649,train_only,True,low,True,ok,,0.9909035779260158,0.9997969591508914,0.08207047934793474,0.03564275630796284,0.055877221655111664,0.021247804155738285,0.05470101921097603,0.011872497757906818,2.3460953336881727,0.6216435200759175,0.4766962011683031,7694,catboost_tuned,0.4937699330849632,False,,,1337
pendigits,gbdt_ensemble,gbdt,label_noise,0.1,1921590214,train_only,True,low,True,ok,,0.9902971497877502,0.9997670362667044,0.14015025437003273,0.060866482110242315,0.10455012539775323,0.03567119536632722,0.10455012539775309,0.021516062000138125,2.5803906858817665,1.5730382004574481,0.4592930654488857,7694,catboost_tuned,0.4937699330849632,True,utility_gap;ece,,1337
pendigits,gbdt_ensemble,gbdt,label_noise,0.2,2711070651,train_only,True,low,True,ok,,0.9896907216494846,0.9997236566005767,0.26064111992538225,0.1131950001406772,0.19966981323192667,0.07739677074126781,0.1996698132319267,0.040163747679787504,3.0107063465429422,2.776561570692761,0.424464425369036,7694,catboost_tuned,0.4937699330849632,True,utility_gap;ece,,1337
pendigits,gbdt_ensemble,gbdt,label_noise,0.3,3311091555,train_only,True,low,True,ok,,0.9845360824742269,0.9993024718740718,0.4064270193462572,0.17650901179846565,0.2957018009707976,0.1415190475737998,0.2957018009707976,0.058620020011984485,3.529850809696304,3.6924375312635997,0.3853432137933599,7694,catboost_tuned,0.4937699330849632,True,utility_gap;ece,,1337
pendigits,gbdt_ensemble,gbdt,label_noise,0.4,345363945,train_only,True,low,True,ok,,0.9748332322619769,0.9989105932506579,0.5640660931095531,0.24497079166620475,0.37896187361439015,0.22146076294567119,0.3789618736143901,0.07548156928968022,4.356444287703398,4.791871833452347,0.3465600802542873,7694,catboost_tuned,0.4937699330849632,True,utility_gap;ece,,1337
pendigits,lightgbm,gbdt,label_noise,0.0,540448728,train_only,True,low,True,ok,,0.9912067919951486,0.9998434403245021,0.048618068346180855,0.0211145588035415,0.0072594196827154255,0.01579681620134428,0.005400920006750865,0.0017176887961436568,0.4951875477577657,-0.194899585469871,0.49083997133524243,7694,catboost_tuned,0.4937699330849632,False,,,1337
pendigits,lightgbm,gbdt,label_noise,0.05,325471649,train_only,True,low,True,ok,,0.9918132201334142,0.9996440699733314,0.03618955672693408,0.015716924789032177,0.0033867126774825194,0.013426884939900586,0.0034293303634155394,0.0016836873097209285,0.8502849632599156,0.48148439955334355,0.493254987538472,7694,catboost_tuned,0.4937699330849632,False,,,1337
pendigits,lightgbm,gbdt,label_noise,0.1,1921590214,train_only,True,low,True,ok,,0.9887810794420862,0.999673073696447,0.051680963042704725,0.02244475706889255,0.01602609611109147,0.019869498344085895,0.01624827764279843,0.004202239322511711,1.2916763562791516,0.6609674417559996,0.48826409136718324,7694,catboost_tuned,0.4937699330849632,False,,,1337
pendigits,lightgbm,gbdt,label_noise,0.2,2711070651,train_only,True,low,True,ok,,0.9754396604002425,0.9990177649256818,0.14747822096374177,0.06404897756546152,0.0760573627137021,0.05187154213427654,0.07496073739072633,0.015622809169152294,1.84786465728486,0.9275870824461598,0.46154600097164616,7694,catboost_tuned,0.4937699330849632,True,utility_gap,,1337
pendigits,lightgbm,gbdt,label_noise,0.3,3311091555,train_only,True,low,True,ok,,0.9560339599757429,0.9978948489595876,0.3074431080260722,0.13352084531490852,0.1675294235320879,0.11521584388970602,0.16752942353208797,0.03311352327353439,2.212273216120652,1.612102878620307,0.4191061528313269,7694,catboost_tuned,0.4937699330849632,True,utility_gap;ece,,1337
pendigits,lightgbm,gbdt,label_noise,0.4,345363945,train_only,True,low,True,ok,,0.9345057610673135,0.9967150400736526,0.47172038864897436,0.2048655617915069,0.25476293137013245,0.191991536896764,0.25404324494753716,0.05078724545172101,2.4283351662306574,2.1655474063993214,0.3766138733743969,7694,catboost_tuned,0.4937699330849632,True,utility_gap;ece,,1337
pendigits,lightgbm_tuned,gbdt,label_noise,0.0,540448728,train_only,True,low,True,ok,,0.9902971497877502,0.9997159891768582,0.043334223991669404,0.01881981435714153,0.005939553504446171,0.016696432832484388,0.005431136735320146,0.002607018565583801,1.2640757305329082,0.0825861173627623,0.49161131367203115,7694,catboost_tuned,0.4937699330849632,False,,,1337
pendigits,lightgbm_tuned,gbdt,label_noise,0.05,325471649,train_only,True,low,True,ok,,0.9872650090964221,0.9994493948417578,0.1089223568687092,0.04730437854397716,0.07011135864278736,0.03107291604706439,0.06996880737146513,0.014631355979936474,2.2911147435104073,0.9712121173329602,0.4696834542673279,7694,catboost_tuned,0.4937699330849632,False,,,1337
pendigits,lightgbm_tuned,gbdt,label_noise,0.1,1921590214,train_only,True,low,True,ok,,0.9815039417828987,0.9993029391626355,0.17964736134614312,0.07801985772110949,0.11799530612193466,0.051775723005988525,0.11799530612193473,0.024526991310276407,2.127198271136673,1.4993376182147655,0.44997660143363744,7694,catboost_tuned,0.4937699330849632,True,utility_gap;ece,,1337
pendigits,lightgbm_tuned,gbdt,label_noise,0.2,2711070651,train_only,True,low,True,ok,,0.9787750151607034,0.9993064375494903,0.3169573375090521,0.1376528226789279,0.22472566325834228,0.09987629832176391,0.22472566325834215,0.045667653936691796,2.8691747170059596,2.494439501422378,0.4103325259610803,7694,catboost_tuned,0.4937699330849632,True,utility_gap;ece,,1337
pendigits,lightgbm_tuned,gbdt,label_noise,0.3,3311091555,train_only,True,low,True,ok,,0.9708914493632504,0.9987884011663718,0.4703395177653332,0.20426585718652068,0.3163525250980206,0.16793336567498063,0.3163525250980207,0.06316509328470199,2.9773396892415334,3.2625671605642235,0.37065939563715733,7694,catboost_tuned,0.4937699330849632,True,utility_gap;ece,,1337
pendigits,lightgbm_tuned,gbdt,label_noise,0.4,345363945,train_only,True,low,True,ok,,0.9666464523953912,0.998457136549191,0.6363713834083715,0.2763725802553943,0.40930297916240344,0.25138698046263086,0.4093029791624035,0.08223878287106678,3.3156854443254193,4.253640199439007,0.32968459574242653,7694,catboost_tuned,0.4937699330849632,True,utility_gap;ece,,1337
pendigits,xgboost_tuned,gbdt,label_noise,0.0,540448728,train_only,True,low,True,ok,,0.990600363856883,0.9998023225901012,0.03370295467094406,0.01463700723742643,0.002892489451511788,0.013145906676670408,0.0028136192924537624,0.0016380176477799435,1.0769348841629998,-0.6042108162077594,0.49355126742353755,7694,catboost_tuned,0.4937699330849632,False,,,1337
pendigits,xgboost_tuned,gbdt,label_noise,0.05,325471649,train_only,True,low,True,ok,,0.9851425106124925,0.9994615795312491,0.08706077455654433,0.03781001398013022,0.042044021535275325,0.02691147207570817,0.041844317652221574,0.009575731860421023,1.745302348811969,0.6229494075713727,0.4778311209267169,7694,catboost_tuned,0.4937699330849632,False,,,1337
pendigits,xgboost_tuned,gbdt,label_noise,0.1,1921590214,train_only,True,low,True,ok,,0.9805942995755003,0.9995721290245821,0.2013696950136373,0.08745374736696343,0.13379145454737104,0.05945425189797978,0.133791454547371,0.027202403450818684,2.102061784136159,1.692163128185305,0.44394497497536556,7694,catboost_tuned,0.4937699330849632,True,utility_gap;ece,,1337
pendigits,xgboost_tuned,gbdt,label_noise,0.2,2711070651,train_only,True,low,True,ok,,0.9757428744693754,0.9991500470626777,0.3415240272709192,0.1483220004811359,0.23572611445565864,0.11008556842272127,0.2357261144556587,0.04787580685883273,2.433160956443144,2.4286609768175618,0.404422124606871,7694,catboost_tuned,0.4937699330849632,True,utility_gap;ece,,1337
pendigits,xgboost_tuned,gbdt,label_noise,0.3,3311091555,train_only,True,low,True,ok,,0.9705882352941176,0.9988421394746693,0.4913539436305599,0.2133923063801536,0.3293578345289337,0.17680788835581082,0.3293578345289338,0.06558199542222222,2.6463862627123182,3.2552873220406346,0.36529372529041904,7694,catboost_tuned,0.4937699330849632,True,utility_gap;ece,,1337
pendigits,xgboost_tuned,gbdt,label_noise,0.4,345363945,train_only,True,low,True,ok,,0.9666464523953912,0.9985335823045801,0.6573316094871703,0.28547549078086126,0.42160505251483965,0.2602181050772276,0.4216050525148397,0.08446189906070185,3.1616934880981375,4.219113448329229,0.3245200639286854,7694,catboost_tuned,0.4937699330849632,True,utility_gap;ece,,1337
phoneme,catboost_tuned,gbdt,covariate_shift,0.0,21912965,test_only,True,medium,True,ok,,0.8958076448828607,0.952298458650476,0.25258015687344176,0.36439613974827084,0.02513345157654541,0.15323065192619112,0.01926768393019084,0.027999293130416526,1.0714768832420103,0.12027687536107945,0.3533300750203054,3782,catboost_tuned,0.3533300750203054,False,,,1337
phoneme,catboost_tuned,gbdt,covariate_shift,0.05,3705760449,test_only,True,low,True,ok,,0.842786683107275,0.9141551908721604,0.3569482512405276,0.514967471918697,0.035931167125443586,0.2296910718944024,0.03917310424612953,0.06155550664404412,0.784501602506714,0.0358152092370957,0.28469584427064953,3782,catboost_tuned,0.3533300750203054,True,utility_gap,,1337
phoneme,catboost_tuned,gbdt,covariate_shift,0.1,2340225794,test_only,True,low,True,ok,,0.781750924784217,0.8871100796339478,0.4728010562308154,0.6821077391512613,0.08856633030490746,0.30215101934020766,0.08860005753553962,0.12213051661367805,0.7281665651950908,-0.36264363299611524,0.20540557878315438,3782,catboost_tuned,0.3533300750203054,True,utility_gap,,1337
phoneme,catboost_tuned,gbdt,covariate_shift,0.2,3089395357,test_only,True,low,True,ok,,0.7213316892725031,0.8385671022335637,0.7306687014533344,1.0541321121195042,0.16690972086282596,0.43906304007369007,0.16275803685422374,0.2077277328115323,0.4053873658834581,-0.1083128529507006,0.052076661364206286,3782,catboost_tuned,0.3533300750203054,True,utility_gap;ece;nll,,1337
phoneme,catboost_tuned,gbdt,covariate_shift,0.3,387605570,test_only,True,low,True,ok,,0.6787916152897657,0.8131095370085206,1.0086655332478898,1.4551967627323525,0.23048432598878038,0.5427409347524861,0.2237923347785058,0.27097161031160855,0.12807273129361219,0.37497564195034655,-0.09624881377101474,3782,catboost_tuned,0.3533300750203054,True,utility_gap;ece;nll,,1337
phoneme,catboost_tuned,gbdt,covariate_shift,0.4,3037866856,test_only,True,low,True,ok,,0.6196054254007398,0.7712888820449646,1.0850107539661724,1.5653396340581922,0.23937358590293045,0.606786170832145,0.2405582594346813,0.3224014542617202,0.01852390697574742,0.4428798877974198,-0.15458468487219515,3782,catboost_tuned,0.3533300750203054,True,utility_gap;ece;nll,,1337
phoneme,gbdt_ensemble,gbdt,covariate_shift,0.0,21912965,test_only,True,medium,True,ok,,0.8970406905055487,0.9519758165046123,0.25458361173194893,0.3672865141372841,0.024692946888200208,0.15469206114890713,0.026085355838612066,0.033404241662038536,1.075932860416297,0.1843020963434714,0.35262309573362133,3782,catboost_tuned,0.3533300750203054,False,,,1337
phoneme,gbdt_ensemble,gbdt,covariate_shift,0.05,3705760449,test_only,True,low,True,ok,,0.844019728729963,0.9191341458049187,0.34235631034025515,0.4939157511449291,0.028927596344959297,0.2210215419952211,0.027855486192820786,0.06202269327106019,0.9164968812571019,-0.07017541199282622,0.29433966572874537,3782,catboost_tuned,0.3533300750203054,True,utility_gap,,1337
phoneme,gbdt_ensemble,gbdt,covariate_shift,0.1,2340225794,test_only,True,low,True,ok,,0.7916152897657214,0.887621540762902,0.46389358311314727,0.6692569718575497,0.0821345479658256,0.3003656374428145,0.08470758505793155,0.12111414867007025,0.6954094773079735,-0.18355909115567554,0.21220583158144385,3782,catboost_tuned,0.3533300750203054,True,utility_gap,,1337
phoneme,gbdt_ensemble,gbdt,covariate_shift,0.2,3089395357,test_only,True,low,True,ok,,0.718249075215783,0.8355349993400502,0.7288406338454432,1.0514947680471898,0.16663334712436328,0.4423835508981249,0.15877615751084778,0.21321359388177957,0.3900627105731801,-0.035406389405499755,0.05139951121235537,3782,catboost_tuned,0.3533300750203054,True,utility_gap;ece;nll,,1337
phoneme,gbdt_ensemble,gbdt,covariate_shift,0.3,387605570,test_only,True,low,True,ok,,0.687422934648582,0.8155330194905187,0.9291438973840764,1.340471293028251,0.21871065860242894,0.5283006712681244,0.22075827329031944,0.2748098497082515,0.10961336509533443,0.500250181430704,-0.05733352260999224,3782,catboost_tuned,0.3533300750203054,True,utility_gap;ece;nll,,1337
phoneme,gbdt_ensemble,gbdt,covariate_shift,0.4,3037866856,test_only,True,low,True,ok,,0.6103575832305795,0.7554042559432149,1.10856035055781,1.5993145202758836,0.2418496252722968,0.6319534170465138,0.23969848664769078,0.34300339892747733,-0.08325606121162182,0.6402584391186654,-0.17221915407251226,3782,catboost_tuned,0.3533300750203054,True,utility_gap;ece;nll,,1337
phoneme,lightgbm,gbdt,covariate_shift,0.0,21912965,test_only,True,medium,True,ok,,0.8982737361282368,0.9534790355932949,0.2502130576199378,0.3609811373939487,0.012440616524689039,0.15152889063364205,0.019872024933390343,0.019543592877051062,0.8306562451003775,0.14458521553818668,0.3576762583537663,3782,catboost_tuned,0.3533300750203054,False,,,1337
phoneme,lightgbm,gbdt,covariate_shift,0.05,3705760449,test_only,True,low,True,ok,,0.8255240443896424,0.9090442459706396,0.39044075001842965,0.5632869338125559,0.06750592239037684,0.24537712773297315,0.0680199037194176,0.07298827603511658,0.7119468457718394,-0.27230292244912824,0.2595068281263281,3782,catboost_tuned,0.3533300750203054,True,utility_gap,,1337
phoneme,lightgbm,gbdt,covariate_shift,0.1,2340225794,test_only,True,low,True,ok,,0.782367447595561,0.877254828633024,0.5460158411127531,0.7877343462201851,0.1206007130360994,0.32946326172433976,0.12068090053613105,0.14123736105256873,0.5374011241423988,-0.34941092099690024,0.16395386068761714,3782,catboost_tuned,0.3533300750203054,True,utility_gap;ece;nll,,1337
phoneme,lightgbm,gbdt,covariate_shift,0.2,3089395357,test_only,True,low,True,ok,,0.7133168927250308,0.8194166410019504,0.8269534297953359,1.1930416122118508,0.19682519925539577,0.45340744702018143,0.1968251992553958,0.2093191188436574,0.41855316816028815,-0.5452028054369092,-0.0034841652551971386,3782,catboost_tuned,0.3533300750203054,True,utility_gap;ece;nll,,1337
phoneme,lightgbm,gbdt,covariate_shift,0.3,387605570,test_only,True,low,True,ok,,0.6757090012330457,0.7830717365480223,1.0728458458624899,1.5477893814641395,0.2408605797473587,0.5296440374470452,0.24084748424268748,0.2523107997805073,0.3436717623625099,-0.5897216232185327,-0.1370774724119489,3782,catboost_tuned,0.3533300750203054,True,utility_gap;ece;nll,,1337
phoneme,lightgbm,gbdt,covariate_shift,0.4,3037866856,test_only,True,low,True,ok,,0.6430332922318126,0.723470932875768,1.2501500881010796,1.8035853324703284,0.2776702806865932,0.60232456488995,0.27468972277932574,0.28475803035890057,0.2513039223147266,-0.3596689750389503,-0.2469398355371265,3782,catboost_tuned,0.3533300750203054,True,utility_gap;ece;nll,,1337
phoneme,lightgbm_tuned,gbdt,covariate_shift,0.0,21912965,test_only,True,medium,True,ok,,0.8958076448828607,0.9521939665918724,0.253383409415518,0.36555498820730575,0.01786811535532482,0.1556325382305905,0.02079292037324278,0.01735520387373117,1.0147428621354209,0.17940838500734807,0.3543989155063277,3782,catboost_tuned,0.3533300750203054,False,,,1337
phoneme,lightgbm_tuned,gbdt,covariate_shift,0.05,3705760449,test_only,True,low,True,ok,,0.8341553637484587,0.9132514262249403,0.3544506319773867,0.5113641689937348,0.03427172423544499,0.22964360342314755,0.03511397026007555,0.05921110040997414,0.8733347594739095,-0.1692108955336828,0.2844977081957884,3782,catboost_tuned,0.3533300750203054,True,utility_gap,,1337
phoneme,lightgbm_tuned,gbdt,covariate_shift,0.1,2340225794,test_only,True,low,True,ok,,0.781750924784217,0.8797791367856043,0.46838587947526134,0.6757379855413752,0.09467058852415165,0.3032111787329074,0.0949441656007227,0.11272370081296718,0.7336399361663394,-0.4412003519236266,0.2035298232253511,3782,catboost_tuned,0.3533300750203054,True,utility_gap,,1337
phoneme,lightgbm_tuned,gbdt,covariate_shift,0.2,3089395357,test_only,True,low,True,ok,,0.717016029593095,0.8212525848035549,0.6512563098719991,0.9395642485999792,0.16329563265463323,0.40795753098847515,0.16350938332347476,0.17260295670166645,0.5953066621331232,-0.6082258454007509,0.08046240800928803,3782,catboost_tuned,0.3533300750203054,True,utility_gap;ece;nll,,1337
phoneme,lightgbm_tuned,gbdt,covariate_shift,0.3,387605570,test_only,True,low,True,ok,,0.6763255240443896,0.7719460820977605,0.7811111808122969,1.1269052269408233,0.2085263156016706,0.4815827429433422,0.20460727417221658,0.21758974217929655,0.5276171336396569,-0.6632515793193989,-0.008146873861706483,3782,catboost_tuned,0.3533300750203054,True,utility_gap;ece;nll,,1337
phoneme,lightgbm_tuned,gbdt,covariate_shift,0.4,3037866856,test_only,True,low,True,ok,,0.627003699136868,0.694256236526024,0.8873507354522617,1.2801765055661525,0.24060530737464592,0.5459951185191685,0.24060530737464586,0.24103419093124623,0.487621998709362,-0.7084428133934515,-0.09513377549013631,3782,catboost_tuned,0.3533300750203054,True,utility_gap;ece;nll,,1337
phoneme,xgboost_tuned,gbdt,covariate_shift,0.0,21912965,test_only,True,medium,True,ok,,0.8933415536374846,0.9504780969979614,0.2576253715198076,0.3716748458988032,0.01941458068324577,0.15922827446075716,0.021603766386345622,0.021192886587488365,1.0503226043119571,0.12594326170725142,0.351283197088619,3782,catboost_tuned,0.3533300750203054,False,,,1337
phoneme,xgboost_tuned,gbdt,covariate_shift,0.05,3705760449,test_only,True,low,True,ok,,0.8316892725030827,0.9149746285948934,0.3480127304060918,0.5020762403230965,0.03142755320411324,0.2254387703815258,0.03480085415700689,0.05308839196707883,0.9738639862068093,-0.2702312166572681,0.28808612814592344,3782,catboost_tuned,0.3533300750203054,True,utility_gap,,1337
phoneme,xgboost_tuned,gbdt,covariate_shift,0.1,2340225794,test_only,True,low,True,ok,,0.7891491985203453,0.8835545998504114,0.4463841981584539,0.6439962690143979,0.08056682992641408,0.2909539826378983,0.07646394631626166,0.10194477736776736,0.7649811495545477,-0.33151977923210924,0.21830424303609358,3782,catboost_tuned,0.3533300750203054,True,utility_gap,,1337
phoneme,xgboost_tuned,gbdt,covariate_shift,0.2,3089395357,test_only,True,low,True,ok,,0.717016029593095,0.8268108290436593,0.5956760050756671,0.8593788184992139,0.1497690202256803,0.389316668884755,0.14800472182139401,0.16875441435565205,0.7025004232221945,-0.6745295528670201,0.10916874500934479,3782,catboost_tuned,0.3533300750203054,True,utility_gap;ece;nll,,1337
phoneme,xgboost_tuned,gbdt,covariate_shift,0.3,387605570,test_only,True,low,True,ok,,0.6707768187422934,0.7786638215495624,0.6959445776447738,1.0040357909016793,0.19041425190216354,0.45688743566345547,0.18941085445301087,0.19938277129598583,0.6871365564664071,-0.8459710175895119,0.03385527270275432,3782,catboost_tuned,0.3533300750203054,True,utility_gap;ece;nll,,1337
phoneme,xgboost_tuned,gbdt,covariate_shift,0.4,3037866856,test_only,True,low,True,ok,,0.6300863131935882,0.7039364174989368,0.7957196379396597,1.1479807755935085,0.22549340439268917,0.5249157397991395,0.22549340439268908,0.22571711535537003,0.6304321432505128,-0.8611989472322805,-0.04860222045292432,3782,catboost_tuned,0.3533300750203054,True,utility_gap;ece;nll,,1337
phoneme,catboost_tuned,gbdt,label_noise,0.0,4155929864,train_only,True,medium,True,ok,,0.8958076448828607,0.952298458650476,0.25258015687344176,0.36439613974827084,0.02513345157654541,0.15323065192619112,0.01926768393019084,0.027999293130416526,1.0714768832420103,0.12027687536107945,0.3533300750203054,3782,catboost_tuned,0.3533300750203054,False,,,1337
phoneme,catboost_tuned,gbdt,label_noise,0.05,1127500620,train_only,True,medium,True,ok,,0.8896424167694205,0.9458327833751301,0.28280172410012155,0.4079966449140942,0.05793382519070255,0.1659230415201905,0.05231631757341926,0.05558880784502311,1.461625046491318,-0.0109729119069578,0.33050207818433985,3782,catboost_tuned,0.3533300750203054,False,,,1337
phoneme,catboost_tuned,gbdt,label_noise,0.1,2198741701,train_only,True,medium,True,ok,,0.8717632552404438,0.9362470118937627,0.3444273225942342,0.4969035902533649,0.09866099320516594,0.2019057850178587,0.09866099320516589,0.10763022358649116,2.0973575759762704,-0.12892281787128576,0.28964766673184084,3782,catboost_tuned,0.3533300750203054,True,utility_gap,,1337
phoneme,catboost_tuned,gbdt,label_noise,0.2,2104540607,train_only,True,medium,True,ok,,0.8569667077681874,0.9295558537551146,0.42769215540130867,0.61702935162458,0.16292185210210758,0.25621247400979963,0.1636218385530485,0.1697931515678156,3.422676137924875,-0.37198789029162455,0.23619637907172275,3782,catboost_tuned,0.3533300750203054,True,utility_gap;ece,,1337
phoneme,catboost_tuned,gbdt,label_noise,0.3,1710895624,train_only,True,medium,True,ok,,0.8292231812577066,0.9026042354114421,0.5149973978954383,0.7429841920144692,0.2013183930125128,0.3294958797978085,0.20131839301251284,0.19786305810929702,4.805882811525863,-0.36024685582813704,0.1771360233758173,3782,catboost_tuned,0.3533300750203054,True,utility_gap;ece,,1337
phoneme,catboost_tuned,gbdt,label_noise,0.4,2916748228,train_only,True,medium,True,ok,,0.8181257706535142,0.8680375291477845,0.5926210148037355,0.8549713991839343,0.24768325283972803,0.4010037902687546,0.24768325283972809,0.22495958396332477,6.222020936374666,0.08423527108791257,0.12050393047662587,3782,catboost_tuned,0.3533300750203054,True,utility_gap;ece;nll,,1337
phoneme,gbdt_ensemble,gbdt,label_noise,0.0,4155929864,train_only,True,medium,True,ok,,0.8970406905055487,0.9519758165046123,0.25458361173194893,0.3672865141372841,0.024692946888200208,0.15469206114890713,0.026085355838612066,0.033404241662038536,1.075932860416297,0.1843020963434714,0.35262309573362133,3782,catboost_tuned,0.3533300750203054,False,,,1337
phoneme,gbdt_ensemble,gbdt,label_noise,0.05,1127500620,train_only,True,medium,True,ok,,0.8945745992601726,0.9464945664129525,0.28346573889331994,0.40895461576331843,0.059201006544794314,0.16578379201537533,0.0592010065447943,0.0634787228767362,1.4345065355522142,0.11620445669121326,0.3309327020956048,3782,catboost_tuned,0.3533300750203054,False,,,1337
phoneme,gbdt_ensemble,gbdt,label_noise,0.1,2198741701,train_only,True,medium,True,ok,,0.8853267570900123,0.9412241336325107,0.32206905849828754,0.4646474335192569,0.09069704550914892,0.18671041851566203,0.08893739758277876,0.0920027666359892,1.8225330226439054,-0.028382018350787058,0.3046938211772738,3782,catboost_tuned,0.3533300750203054,True,utility_gap,,1337
phoneme,gbdt_ensemble,gbdt,label_noise,0.2,2104540607,train_only,True,medium,True,ok,,0.8618988902589396,0.9276749967002509,0.4052871400124927,0.5847057470320942,0.15213583882649073,0.23989121830900678,0.15078026495730548,0.14864104241682854,2.9473240935658382,-0.3449243904617338,0.24813219050900231,3782,catboost_tuned,0.3533300750203054,True,utility_gap;ece,,1337
phoneme,gbdt_ensemble,gbdt,label_noise,0.3,1710895624,train_only,True,medium,True,ok,,0.8347718865598027,0.897881927640166,0.48650479350151926,0.701878052953351,0.17780842069849542,0.3067385481171644,0.17560217576083564,0.1777823285804327,2.9561244581167956,-0.022400767027810672,0.1933493576323241,3782,catboost_tuned,0.3533300750203054,True,utility_gap;ece,,1337
phoneme,gbdt_ensemble,gbdt,label_noise,0.4,2916748228,train_only,True,medium,True,ok,,0.7688039457459926,0.8015365832196754,0.5874984679757539,0.8475811262784837,0.1726256996172238,0.3973001386688126,0.17211241941958097,0.18567153159820418,2.421824360427515,0.3473824629449156,0.1070589181817954,3782,catboost_tuned,0.3533300750203054,True,utility_gap;ece;nll,,1337
phoneme,lightgbm,gbdt,label_noise,0.0,4155929864,train_only,True,medium,True,ok,,0.8982737361282368,0.9534790355932949,0.2502130576199378,0.3609811373939487,0.012440616524689039,0.15152889063364205,0.019872024933390343,0.019543592877051062,0.8306562451003775,0.14458521553818668,0.3576762583537663,3782,catboost_tuned,0.3533300750203054,False,,,1337
phoneme,lightgbm,gbdt,label_noise,0.05,1127500620,train_only,True,medium,True,ok,,0.8976572133168927,0.9480637804860165,0.2707184433980779,0.3905641557675865,0.038014245127436126,0.16127950025088544,0.03836044054238197,0.0430002316571538,1.1617591562470593,0.21989983129690654,0.34169880941187647,3782,catboost_tuned,0.3533300750203054,False,,,1337
phoneme,lightgbm,gbdt,label_noise,0.1,2198741701,train_only,True,medium,True,ok,,0.8674475955610358,0.9275393403434672,0.32583466667963756,0.4700800577684215,0.04486478259004419,0.1977563509035492,0.042558063511639724,0.06241750751530087,1.4237390795914033,-0.10398256379881153,0.3047589346058336,3782,catboost_tuned,0.3533300750203054,True,utility_gap,,1337
phoneme,lightgbm,gbdt,label_noise,0.2,2104540607,train_only,True,medium,True,ok,,0.8360049321824907,0.8912604308739202,0.4126692155984963,0.595355830871489,0.08910475042708088,0.2531404823856327,0.09152851704514268,0.1025896942939855,1.6406286790586049,0.061751674746976626,0.24091419128638275,3782,catboost_tuned,0.3533300750203054,True,utility_gap,,1337
phoneme,lightgbm,gbdt,label_noise,0.3,1710895624,train_only,True,medium,True,ok,,0.7743526510480888,0.8407156056139734,0.5004906612869372,0.7220553950499022,0.0779927284741732,0.32557472468707027,0.08117502694652177,0.13406528120328265,1.4667918175994736,0.0775729440340605,0.1781881954122987,3782,catboost_tuned,0.3533300750203054,True,utility_gap,,1337
phoneme,lightgbm,gbdt,label_noise,0.4,2916748228,train_only,True,medium,True,ok,,0.6769420468557337,0.7036531890243007,0.6073428601040906,0.8762105323914909,0.035067393616203216,0.4191425545878232,0.045520630341856674,0.1553829961478389,1.1138581230234792,0.09246426008898143,0.07794328474617736,3782,catboost_tuned,0.3533300750203054,True,utility_gap;nll,,1337
phoneme,lightgbm_tuned,gbdt,label_noise,0.0,4155929864,train_only,True,medium,True,ok,,0.8958076448828607,0.9521939665918724,0.253383409415518,0.36555498820730575,0.01786811535532482,0.1556325382305905,0.02079292037324278,0.01735520387373117,1.0147428621354209,0.17940838500734807,0.3543989155063277,3782,catboost_tuned,0.3533300750203054,False,,,1337
phoneme,lightgbm_tuned,gbdt,label_noise,0.05,1127500620,train_only,True,medium,True,ok,,0.8908754623921085,0.9476843093258246,0.2832543334355486,0.4086496221577749,0.05543358539455995,0.16824248483481394,0.05453609574982577,0.05239047941123974,1.4696816872677776,0.043396989091002494,0.3316392238966104,3782,catboost_tuned,0.3533300750203054,False,,,1337
phoneme,lightgbm_tuned,gbdt,label_noise,0.1,2198741701,train_only,True,medium,True,ok,,0.8803945745992602,0.9336493759807587,0.32717458221001205,0.4720131472593029,0.07501834876668581,0.19332491977836572,0.07501834876668584,0.07309413473611376,1.5823049622846692,0.03557227320264877,0.3022288538520265,3782,catboost_tuned,0.3533300750203054,True,utility_gap,,1337
phoneme,lightgbm_tuned,gbdt,label_noise,0.2,2104540607,train_only,True,medium,True,ok,,0.8520345252774353,0.9153861806502707,0.4379637601919192,0.631848144917965,0.1581786853035196,0.266199733890925,0.1581786853035197,0.1577072151489155,2.732579492673921,-0.04724149119117259,0.22700016148311658,3782,catboost_tuned,0.3533300750203054,True,utility_gap;ece,,1337
phoneme,lightgbm_tuned,gbdt,label_noise,0.3,1710895624,train_only,True,medium,True,ok,,0.8273736128236745,0.8881889143091791,0.5103287889739541,0.7362488130755939,0.18578110168817694,0.32673111050602877,0.1857811016881769,0.18251827969832712,3.058512568359174,0.08953135518540793,0.1769412976714503,3782,catboost_tuned,0.3533300750203054,True,utility_gap;ece,,1337
phoneme,lightgbm_tuned,gbdt,label_noise,0.4,2916748228,train_only,True,medium,True,ok,,0.7620221948212084,0.8065072887793862,0.592217982235117,0.8543899460958716,0.17564793083247066,0.4015863629238678,0.17564793083247066,0.1887529637793087,3.702840512792833,0.05086859313515554,0.1051343103007108,3782,catboost_tuned,0.3533300750203054,True,utility_gap;ece;nll,,1337
phoneme,xgboost_tuned,gbdt,label_noise,0.0,4155929864,train_only,True,medium,True,ok,,0.8933415536374846,0.9504780969979614,0.2576253715198076,0.3716748458988032,0.01941458068324577,0.15922827446075716,0.021603766386345622,0.021192886587488365,1.0503226043119571,0.12594326170725142,0.351283197088619,3782,catboost_tuned,0.3533300750203054,False,,,1337
phoneme,xgboost_tuned,gbdt,label_noise,0.05,1127500620,train_only,True,medium,True,ok,,0.8933415536374846,0.9488355551644742,0.2780866575224599,0.4011942417450405,0.053198688107543565,0.16358394396265083,0.05319868810754351,0.0551978886190088,1.4754690589718322,0.020867640987094534,0.33509566720816775,3782,catboost_tuned,0.3533300750203054,False,,,1337
phoneme,xgboost_tuned,gbdt,label_noise,0.1,2198741701,train_only,True,medium,True,ok,,0.8791615289765722,0.932784108407761,0.3256317229567574,0.46978727186584274,0.06950162220491869,0.19287582567271996,0.06950162220491866,0.0764126977912907,1.5628759578334122,0.000517636296395929,0.30351216128846564,3782,catboost_tuned,0.3533300750203054,True,utility_gap,,1337
phoneme,xgboost_tuned,gbdt,label_noise,0.2,2104540607,train_only,True,medium,True,ok,,0.8489519112207151,0.9139232918298209,0.4405765751785428,0.6356176401419273,0.15765999064576378,0.26831736873431944,0.15765999064576378,0.15948645782156953,2.780841709851218,-0.06706224458545972,0.22499864865181363,3782,catboost_tuned,0.3533300750203054,True,utility_gap;ece,,1337
phoneme,xgboost_tuned,gbdt,label_noise,0.3,1710895624,train_only,True,medium,True,ok,,0.8267570900123304,0.8942714520363119,0.5078709126596223,0.7327028471057889,0.18687143956661476,0.32433896266277784,0.18687143956661467,0.18573940950076,3.5944681505397114,-0.10513339565529234,0.17982342966949907,3782,catboost_tuned,0.3533300750203054,True,utility_gap;ece,,1337
phoneme,xgboost_tuned,gbdt,label_noise,0.4,2916748228,train_only,True,medium,True,ok,,0.782983970406905,0.8274524469473654,0.5933932016014896,0.8560854292476939,0.20421808119240356,0.40218527251178177,0.20454189506656678,0.2063751599537978,3.6687235526747695,0.24243940414020826,0.10938670697982478,3782,catboost_tuned,0.3533300750203054,True,utility_gap;ece;nll,,1337
qsar-biodeg,catboost_tuned,gbdt,covariate_shift,0.0,759559443,test_only,True,medium,True,ok,,0.8422712933753943,0.9082777036048064,0.35919853830611703,0.5182139499087994,0.04693423240274407,0.2172049987584645,0.04467635281905561,0.06379123764419843,0.9799095130234275,-0.21145619919525224,0.2793868588148027,738,catboost_tuned,0.2793868588148027,False,,,1337
qsar-biodeg,catboost_tuned,gbdt,covariate_shift,0.05,323638482,test_only,True,low,True,ok,,0.8170347003154574,0.900489541611037,0.41193811633927074,0.5943010775958067,0.054772256061893204,0.2531932731946715,0.05957021557198562,0.09902963313131004,0.8183967489490097,-0.23099224385049574,0.24848177012006084,738,catboost_tuned,0.2793868588148027,True,utility_gap,,1337
qsar-biodeg,catboost_tuned,gbdt,covariate_shift,0.1,1097304971,test_only,True,low,True,ok,,0.7665615141955836,0.8836671117044949,0.5665692300112656,0.8173866184575314,0.12437562962437482,0.34703506942923523,0.1250063002073171,0.1789375185383081,0.6350081265367038,-0.4511662103125838,0.15417660476377631,738,catboost_tuned,0.2793868588148027,True,utility_gap;ece;nll,,1337
qsar-biodeg,catboost_tuned,gbdt,covariate_shift,0.2,1523222245,test_only,True,low,True,ok,,0.6908517350157729,0.860925678682688,0.9356535944613583,1.349862800719335,0.25366720303748574,0.5160904880595558,0.2512357959875172,0.27281854011506046,0.7388591877229135,-1.863944911693651,-0.050740533031990914,738,catboost_tuned,0.2793868588148027,True,utility_gap;ece;nll,,1337
qsar-biodeg,catboost_tuned,gbdt,covariate_shift,0.3,2202653803,test_only,True,low,True,ok,,0.6624605678233438,0.7934134401424121,1.1546361250406831,1.6657878116274427,0.3101076781194163,0.6102410805296945,0.3080225414040409,0.3101076781194163,1.4043539558563876,-4.769481361346019,-0.1846940898887703,738,catboost_tuned,0.2793868588148027,True,utility_gap;ece;nll,,1337
qsar-biodeg,catboost_tuned,gbdt,covariate_shift,0.4,546921930,test_only,True,low,True,ok,,0.6624605678233438,0.7731419670672008,1.2493854705228495,1.8024822224820392,0.3159226116040031,0.6278627309237493,0.3150463203530377,0.3159226116040031,1.3097164185867003,-4.633141169154549,-0.23396041541839052,738,catboost_tuned,0.2793868588148027,True,utility_gap;ece;nll,,1337
qsar-biodeg,gbdt_ensemble,gbdt,covariate_shift,0.0,759559443,test_only,True,medium,True,ok,,0.8422712933753943,0.9057854917668002,0.36777756253066646,0.5305908656132231,0.040535480028028655,0.22014456689910197,0.06164408994084977,0.06569128967556506,0.859465373717406,-0.141060504516418,0.27608126043511655,738,catboost_tuned,0.2793868588148027,False,,,1337
qsar-biodeg,gbdt_ensemble,gbdt,covariate_shift,0.05,323638482,test_only,True,low,True,ok,,0.8107255520504731,0.8999554962171784,0.4193705476503797,0.6050238093900915,0.07242870235054297,0.2555024786416138,0.07962164543295726,0.1055734943387949,0.8450303422130633,-0.44859861257896555,0.2406003731964474,738,catboost_tuned,0.2793868588148027,True,utility_gap,,1337
qsar-biodeg,gbdt_ensemble,gbdt,covariate_shift,0.1,1097304971,test_only,True,low,True,ok,,0.7634069400630915,0.8876724521584335,0.5685832503485008,0.8202922356103101,0.13758512408723442,0.34304255153822116,0.14026217622828296,0.18024449113135635,0.6914293801910575,-0.7126734353429522,0.15159170376437547,738,catboost_tuned,0.2793868588148027,True,utility_gap;ece;nll,,1337
qsar-biodeg,gbdt_ensemble,gbdt,covariate_shift,0.2,1523222245,test_only,True,low,True,ok,,0.6813880126182965,0.8597240765465064,0.9922023776151263,1.4314454497435813,0.27429811668631865,0.5383986061632127,0.2676262115122048,0.28385772312076585,0.8663038415353161,-2.5298553818483644,-0.08118162957631642,738,catboost_tuned,0.2793868588148027,True,utility_gap;ece;nll,,1337
qsar-biodeg,gbdt_ensemble,gbdt,covariate_shift,0.3,2202653803,test_only,True,low,True,ok,,0.6624605678233438,0.8347574543836226,1.1630744633365133,1.6779617604401804,0.3100025282832356,0.6040822440189654,0.3083187643346559,0.31000252828323555,1.3556082902943416,-4.795355621618154,-0.17385483958093179,738,catboost_tuned,0.2793868588148027,True,utility_gap;ece;nll,,1337
qsar-biodeg,gbdt_ensemble,gbdt,covariate_shift,0.4,546921930,test_only,True,low,True,ok,,0.6624605678233438,0.7945260347129506,1.3169292633655052,1.8999273174589701,0.3207977737548269,0.6381444457626976,0.3190844220233045,0.3207977737548269,1.508637520246005,-5.77037539645771,-0.2566845526656222,738,catboost_tuned,0.2793868588148027,True,utility_gap;ece;nll,,1337
qsar-biodeg,lightgbm,gbdt,covariate_shift,0.0,759559443,test_only,True,medium,True,ok,,0.8454258675078864,0.9014241210502894,0.5997688803112744,0.8652835893046018,0.1117353735601685,0.2485331823129617,0.11201422380732165,0.1117353735601685,0.360965578748359,-0.12884648176397456,0.16038017099036997,738,catboost_tuned,0.2793868588148027,True,utility_gap;ece;nll,,1337
qsar-biodeg,lightgbm,gbdt,covariate_shift,0.05,323638482,test_only,True,low,True,ok,,0.804416403785489,0.8959056519804183,0.8472623943362383,1.2223412546406003,0.16474382520062178,0.3379998145896188,0.1589839274112244,0.1684220369534571,0.343248225475186,-0.6002478380325414,0.03457829732866533,738,catboost_tuned,0.2793868588148027,True,utility_gap;ece;nll,,1337
qsar-biodeg,lightgbm,gbdt,covariate_shift,0.1,1097304971,test_only,True,low,True,ok,,0.7318611987381703,0.8705384957721406,1.3423408253253055,1.9365884518796166,0.2489385381246223,0.494588698318957,0.2300691308362056,0.26083220534947993,0.3013987436988424,-0.8920110778028488,-0.21629658985783468,738,catboost_tuned,0.2793868588148027,True,utility_gap;ece;nll,,1337
qsar-biodeg,lightgbm,gbdt,covariate_shift,0.2,1523222245,test_only,True,low,True,ok,,0.6750788643533123,0.7789942145082333,2.1584855730288566,3.114036432039104,0.3143552066768934,0.6216534660632469,0.3143552066768933,0.31840275343495533,0.44733824267665967,-2.842983906963552,-0.6231721662162314,738,catboost_tuned,0.2793868588148027,True,utility_gap;ece;nll,,1337
qsar-biodeg,lightgbm,gbdt,covariate_shift,0.3,2202653803,test_only,True,low,True,ok,,0.6624605678233438,0.7000445037828215,2.8164075688975347,4.063217232770615,0.33753615473904064,0.6743520579016778,0.3368105092319321,0.33753615473904064,0.5158449881271047,-3.894795713405228,-0.9420877392815036,738,catboost_tuned,0.2793868588148027,True,utility_gap;ece;nll,,1337
qsar-biodeg,lightgbm,gbdt,covariate_shift,0.4,546921930,test_only,True,low,True,ok,,0.6624605678233438,0.6090565198041834,2.8306095788520147,4.083706402102599,0.3374972160331503,0.6745306036458134,0.3369458464456909,0.3374972160331503,0.3259419218102903,-2.135856435594978,-0.9800724967324437,738,catboost_tuned,0.2793868588148027,True,utility_gap;ece;nll,,1337
qsar-biodeg,lightgbm_tuned,gbdt,covariate_shift,0.0,759559443,test_only,True,medium,True,ok,,0.8454258675078864,0.8989986648865154,0.39041504520641035,0.5632498496077287,0.05425095016679122,0.22505587738365218,0.053785454796028566,0.07516158302835099,0.6677470313362136,0.1255701758975493,0.2616382679207864,738,catboost_tuned,0.2793868588148027,False,,,1337
qsar-biodeg,lightgbm_tuned,gbdt,covariate_shift,0.05,323638482,test_only,True,low,True,ok,,0.804416403785489,0.8879617267467735,0.47318107698503187,0.6826559932088043,0.09475818287666929,0.2769842536575488,0.09902000274313484,0.1186802433768322,0.6777171656209735,-0.3687837114566524,0.20770063039121894,738,catboost_tuned,0.2793868588148027,True,utility_gap,,1337
qsar-biodeg,lightgbm_tuned,gbdt,covariate_shift,0.1,1097304971,test_only,True,low,True,ok,,0.6782334384858044,0.8689363595905653,0.9170436393150451,1.3230143107185828,0.2598780859643519,0.5044101820848901,0.26004719948309724,0.2713552968380187,0.8398516708883828,-2.449590995557676,-0.04301716877887671,738,catboost_tuned,0.2793868588148027,True,utility_gap;ece;nll,,1337
qsar-biodeg,lightgbm_tuned,gbdt,covariate_shift,0.2,1523222245,test_only,True,low,True,ok,,0.6593059936908517,0.828816199376947,1.3185465934034148,1.902260631484143,0.31055346217670815,0.5914413966525174,0.31082567466782113,0.3105534621767081,0.9939249334285875,-4.287246029168318,-0.2438073130450253,738,catboost_tuned,0.2793868588148027,True,utility_gap;ece;nll,,1337
qsar-biodeg,lightgbm_tuned,gbdt,covariate_shift,0.3,2202653803,test_only,True,low,True,ok,,0.6624605678233438,0.7757899421450823,1.775153802621523,2.5610055878572573,0.33359629430365134,0.6638868433492389,0.3318161228388117,0.3335962943036513,1.0820168571000468,-5.570980519772476,-0.46412537029362705,738,catboost_tuned,0.2793868588148027,True,utility_gap;ece;nll,,1337
qsar-biodeg,lightgbm_tuned,gbdt,covariate_shift,0.4,546921930,test_only,True,low,True,ok,,0.6624605678233438,0.7407432131731198,1.9006760515811452,2.742095913952534,0.33471732242689445,0.6676316524300909,0.33316629764192973,0.33471732242689445,0.9017055669393659,-4.7661916115723955,-0.5309430288870456,738,catboost_tuned,0.2793868588148027,True,utility_gap;ece;nll,,1337
qsar-biodeg,xgboost_tuned,gbdt,covariate_shift,0.0,759559443,test_only,True,medium,True,ok,,0.8454258675078864,0.8965287049399199,0.3900689475417405,0.5627505362232462,0.048604340492273475,0.22411134614987396,0.06532032703587191,0.0717361354530632,0.7006361846170279,0.0864570983390669,0.26205289788972636,738,catboost_tuned,0.2793868588148027,False,,,1337
qsar-biodeg,xgboost_tuned,gbdt,covariate_shift,0.05,323638482,test_only,True,low,True,ok,,0.804416403785489,0.889074321317312,0.47902203757788464,0.6910827180901409,0.10326298548139876,0.28135307941092574,0.09984515835865873,0.12438403651202912,0.6790612048150614,-0.3507993409350676,0.20386106050556055,738,catboost_tuned,0.2793868588148027,True,utility_gap;ece,,1337
qsar-biodeg,xgboost_tuned,gbdt,covariate_shift,0.1,1097304971,test_only,True,low,True,ok,,0.7854889589905363,0.8764129951045839,0.5832211095884927,0.8414102025450771,0.13505529996416213,0.33929313186327814,0.13015014529890745,0.1553853429216177,0.5574932339959137,-0.3379415855979689,0.14513377137882927,738,catboost_tuned,0.2793868588148027,True,utility_gap;ece;nll,,1337
qsar-biodeg,xgboost_tuned,gbdt,covariate_shift,0.2,1523222245,test_only,True,low,True,ok,,0.7192429022082019,0.8545393858477971,0.8736623605200454,1.2604283549336153,0.22470047187291764,0.47195055733057023,0.22076421309690988,0.25066175805108737,0.564321778187988,-1.1034226329007129,-0.016093380476708843,738,catboost_tuned,0.2793868588148027,True,utility_gap;ece;nll,,1337
qsar-biodeg,xgboost_tuned,gbdt,covariate_shift,0.3,2202653803,test_only,True,low,True,ok,,0.6624605678233438,0.7774588340008901,1.6149428492480935,2.3298700399293173,0.3301422204881061,0.6549315693589208,0.32873004167237874,0.33014222048810604,1.1536466278110393,-5.44403726248882,-0.39350977900260325,738,catboost_tuned,0.2793868588148027,True,utility_gap;ece;nll,,1337
qsar-biodeg,xgboost_tuned,gbdt,covariate_shift,0.4,546921930,test_only,True,low,True,ok,,0.6624605678233438,0.7773475745438362,1.6608279284764103,2.3960682161828073,0.3322888289340288,0.6618224133530808,0.3296141064129418,0.3322888289340287,1.3009474250219417,-6.227884902167506,-0.4138374943778037,738,catboost_tuned,0.2793868588148027,True,utility_gap;ece;nll,,1337
qsar-biodeg,catboost_tuned,gbdt,label_noise,0.0,3006243686,train_only,True,medium,True,ok,,0.8422712933753943,0.9082777036048064,0.35919853830611703,0.5182139499087994,0.04693423240274407,0.2172049987584645,0.04467635281905561,0.06379123764419843,0.9799095130234275,-0.21145619919525224,0.2793868588148027,738,catboost_tuned,0.2793868588148027,False,,,1337
qsar-biodeg,catboost_tuned,gbdt,label_noise,0.05,460110561,train_only,True,medium,True,ok,,0.8485804416403786,0.9021806853582555,0.3683518113943984,0.5314193316011653,0.08115102411251808,0.2232248919324556,0.0840816438231164,0.08730523826153803,1.07515054515375,0.12389920177440561,0.267394301818593,738,catboost_tuned,0.2793868588148027,False,,,1337
qsar-biodeg,catboost_tuned,gbdt,label_noise,0.1,1126735554,train_only,True,medium,True,ok,,0.8454258675078864,0.8794837561192702,0.40132903142059023,0.5789954033952566,0.05074140575436172,0.2491674684169788,0.07760120794079653,0.05847557657659788,0.9498176302529412,0.43606121359750105,0.2507862925984782,738,catboost_tuned,0.2793868588148027,False,,,1337
qsar-biodeg,catboost_tuned,gbdt,label_noise,0.2,3838396088,train_only,True,medium,True,ok,,0.8170347003154574,0.8875389408099689,0.46124081620396673,0.6654298381930407,0.1371675083502408,0.29064319904121827,0.14462597702324834,0.1301326427634839,2.146249658007182,0.022068079600493874,0.2061313812028473,738,catboost_tuned,0.2793868588148027,True,utility_gap;ece,,1337
qsar-biodeg,catboost_tuned,gbdt,label_noise,0.3,898420563,train_only,True,medium,True,ok,,0.7949526813880127,0.8453938584779707,0.5303283204096271,0.7651020378979423,0.15894970538620842,0.34547058085977994,0.16448241375212877,0.17533419044378204,3.000483181861509,-0.11520698119643742,0.1538102002288672,738,catboost_tuned,0.2793868588148027,True,utility_gap;ece;nll,,1337
qsar-biodeg,catboost_tuned,gbdt,label_noise,0.4,382681775,train_only,True,medium,True,ok,,0.7255520504731862,0.7426346239430351,0.61665346834804,0.8896429007326967,0.1387474221897362,0.42565485360512845,0.1394039288039373,0.1257036779870995,1.6513256689425582,0.42424531649465685,0.07411257129328395,738,catboost_tuned,0.2793868588148027,True,utility_gap;ece;nll,,1337
qsar-biodeg,gbdt_ensemble,gbdt,label_noise,0.0,3006243686,train_only,True,medium,True,ok,,0.8422712933753943,0.9057854917668002,0.36777756253066646,0.5305908656132231,0.040535480028028655,0.22014456689910197,0.06164408994084977,0.06569128967556506,0.859465373717406,-0.141060504516418,0.27608126043511655,738,catboost_tuned,0.2793868588148027,False,,,1337
qsar-biodeg,gbdt_ensemble,gbdt,label_noise,0.05,460110561,train_only,True,medium,True,ok,,0.8548895899053628,0.8984868713840676,0.37180276923925426,0.5363980113702558,0.059430915226795535,0.22240689465165256,0.07134490738487757,0.0727917585988209,0.8558571922865893,0.36521956915782405,0.2698982570137923,738,catboost_tuned,0.2793868588148027,False,,,1337
qsar-biodeg,gbdt_ensemble,gbdt,label_noise,0.1,1126735554,train_only,True,medium,True,ok,,0.8359621451104101,0.8757454383622608,0.4013924542571822,0.5790869032070868,0.03773867775371402,0.25001618150605975,0.05424857228236512,0.0509638118643803,1.0056752761309216,0.2216622277342796,0.25063141868048394,738,catboost_tuned,0.2793868588148027,False,,,1337
qsar-biodeg,gbdt_ensemble,gbdt,label_noise,0.2,3838396088,train_only,True,medium,True,ok,,0.8422712933753943,0.8838451268357812,0.44095918596238903,0.6361696308223729,0.12143076204190233,0.27709003351789085,0.1214307620419023,0.10711427768154744,1.353858353177585,0.5189945129824661,0.22054944674374022,738,catboost_tuned,0.2793868588148027,True,utility_gap;ece,,1337
qsar-biodeg,gbdt_ensemble,gbdt,label_noise,0.3,898420563,train_only,True,medium,True,ok,,0.7791798107255521,0.8192701379617268,0.5227971454824923,0.7542368491784976,0.11359545955648064,0.34141700229247257,0.11890832583649896,0.1530259120766415,1.8056861426916424,0.1352664575571083,0.15463137323059176,738,catboost_tuned,0.2793868588148027,True,utility_gap;ece;nll,,1337
qsar-biodeg,gbdt_ensemble,gbdt,label_noise,0.4,382681775,train_only,True,medium,True,ok,,0.6719242902208202,0.6963951935914553,0.6183008022232022,0.8920195011450816,0.09131116187367858,0.4283548660918258,0.13587595383276568,0.13090495930765553,1.3579080731456272,0.08361617172423592,0.0586588785718722,738,catboost_tuned,0.2793868588148027,True,utility_gap;nll,,1337
qsar-biodeg,lightgbm,gbdt,label_noise,0.0,3006243686,train_only,True,medium,True,ok,,0.8454258675078864,0.9014241210502894,0.5997688803112744,0.8652835893046018,0.1117353735601685,0.2485331823129617,0.11201422380732165,0.1117353735601685,0.360965578748359,-0.12884648176397456,0.16038017099036997,738,catboost_tuned,0.2793868588148027,True,utility_gap;ece;nll,,1337
qsar-biodeg,lightgbm,gbdt,label_noise,0.05,460110561,train_only,True,medium,True,ok,,0.832807570977918,0.8789497107254117,0.5086886006893634,0.7338825215712907,0.09070367574301082,0.25776166410656287,0.08687154599801225,0.10878989190226471,0.4049951234146295,0.25636842063457804,0.19424804278059238,738,catboost_tuned,0.2793868588148027,True,utility_gap,,1337
qsar-biodeg,lightgbm,gbdt,label_noise,0.1,1126735554,train_only,True,medium,True,ok,,0.8359621451104101,0.8631508678237652,0.5242007198800829,0.7562617790014202,0.08193313664948415,0.27192172986470764,0.07844417309871758,0.09379567947880448,0.3007466797654826,0.7196866975604634,0.18423196447455642,738,catboost_tuned,0.2793868588148027,True,utility_gap;nll,,1337
qsar-biodeg,lightgbm,gbdt,label_noise,0.2,3838396088,train_only,True,medium,True,ok,,0.7886435331230284,0.849221183800623,0.4591369873214256,0.6623946546973196,0.06682975548450969,0.29416365156920526,0.08195826541468969,0.07172466541612936,0.780970503909753,0.014889304296429312,0.2034395967925744,738,catboost_tuned,0.2793868588148027,True,utility_gap,,1337
qsar-biodeg,lightgbm,gbdt,label_noise,0.3,898420563,train_only,True,medium,True,ok,,0.7097791798107256,0.751535380507343,0.5808881259308973,0.8380444185917892,0.0724468695229031,0.3892954805469953,0.08614057834101058,0.11214400016923315,0.6672084083923244,0.07498363713063694,0.10360156066706148,738,catboost_tuned,0.2793868588148027,True,utility_gap;nll,,1337
qsar-biodeg,lightgbm,gbdt,label_noise,0.4,382681775,train_only,True,medium,True,ok,,0.6403785488958991,0.6593235425011126,0.6892478342776261,0.9943744324557894,0.11916264588994335,0.478475070801797,0.12809453004436636,0.1684280309627248,0.3986975752536855,0.11710079561840923,0.004675163295048745,738,catboost_tuned,0.2793868588148027,True,utility_gap;ece;nll,,1337
qsar-biodeg,lightgbm_tuned,gbdt,label_noise,0.0,3006243686,train_only,True,medium,True,ok,,0.8454258675078864,0.8989986648865154,0.39041504520641035,0.5632498496077287,0.05425095016679122,0.22505587738365218,0.053785454796028566,0.07516158302835099,0.6677470313362136,0.1255701758975493,0.2616382679207864,738,catboost_tuned,0.2793868588148027,False,,,1337
qsar-biodeg,lightgbm_tuned,gbdt,label_noise,0.05,460110561,train_only,True,medium,True,ok,,0.8485804416403786,0.8899866488651536,0.38396740222372844,0.5539478670511909,0.05849559540442196,0.228480283963,0.04912504627771931,0.06595178633355199,0.7760758262939197,0.3685996959039792,0.2608989141526188,738,catboost_tuned,0.2793868588148027,False,,,1337
qsar-biodeg,lightgbm_tuned,gbdt,label_noise,0.1,1126735554,train_only,True,medium,True,ok,,0.832807570977918,0.868469069870939,0.416108101155053,0.6003170940101181,0.05668107569901251,0.25757462908995177,0.06727394326699437,0.05359136815023954,0.8076285147605228,0.40394900807107914,0.23745396675867836,738,catboost_tuned,0.2793868588148027,True,utility_gap,,1337
qsar-biodeg,lightgbm_tuned,gbdt,label_noise,0.2,3838396088,train_only,True,medium,True,ok,,0.8107255520504731,0.8609256786826881,0.4514781496649569,0.6513452875913586,0.0750350682815036,0.28684494195837545,0.08305202973053483,0.08189662295972804,1.3673670930094088,0.16964183664081361,0.21252222041280347,738,catboost_tuned,0.2793868588148027,True,utility_gap,,1337
qsar-biodeg,lightgbm_tuned,gbdt,label_noise,0.3,898420563,train_only,True,medium,True,ok,,0.7476340694006309,0.7651090342679128,0.5594356977924683,0.8070951069014508,0.08935884852074652,0.3718979334209616,0.10204436823357846,0.13291015642604342,0.9311736907080558,0.442371849480813,0.11993297062927952,738,catboost_tuned,0.2793868588148027,True,utility_gap;nll,,1337
qsar-biodeg,lightgbm_tuned,gbdt,label_noise,0.4,382681775,train_only,True,medium,True,ok,,0.6498422712933754,0.669448153093013,0.6342509154623518,0.9150306504168201,0.06147298104298166,0.4432060081228466,0.08068339598021934,0.11865465453371186,0.8680540601125942,0.1341582814162396,0.04497940294291849,738,catboost_tuned,0.2793868588148027,True,utility_gap;nll,,1337
qsar-biodeg,xgboost_tuned,gbdt,label_noise,0.0,3006243686,train_only,True,medium,True,ok,,0.8454258675078864,0.8965287049399199,0.3900689475417405,0.5627505362232462,0.048604340492273475,0.22411134614987396,0.06532032703587191,0.0717361354530632,0.7006361846170279,0.0864570983390669,0.26205289788972636,738,catboost_tuned,0.2793868588148027,False,,,1337
qsar-biodeg,xgboost_tuned,gbdt,label_noise,0.05,460110561,train_only,True,medium,True,ok,,0.8580441640378549,0.8949043168669337,0.37583896592143506,0.5422210123076905,0.046986661006302076,0.22301657870626676,0.043091465603603316,0.05397192203637892,0.7354148846528082,0.5224319026085373,0.2698594996155374,738,catboost_tuned,0.2793868588148027,False,,,1337
qsar-biodeg,xgboost_tuned,gbdt,label_noise,0.1,1126735554,train_only,True,medium,True,ok,,0.8296529968454258,0.8673787271918113,0.415974345734091,0.6001241257276042,0.048292754915197245,0.2583109256859904,0.05213128989615532,0.0647149773784907,0.8599673063546653,0.34218778516064263,0.23833471534262712,738,catboost_tuned,0.2793868588148027,True,utility_gap,,1337
qsar-biodeg,xgboost_tuned,gbdt,label_noise,0.2,3838396088,train_only,True,medium,True,ok,,0.804416403785489,0.8554517133956387,0.45256454753707437,0.6529126284138947,0.08294573543473714,0.2877744962197289,0.10017512137742411,0.07946319826928838,1.5073635755736492,0.007642962398090829,0.207607624645181,738,catboost_tuned,0.2793868588148027,True,utility_gap,,1337
qsar-biodeg,xgboost_tuned,gbdt,label_noise,0.3,898420563,train_only,True,medium,True,ok,,0.750788643533123,0.7836226079216734,0.5458698673665313,0.7875237506204109,0.08780397023276078,0.3615833608008026,0.10488672367922466,0.13706819844819937,1.3566540864846106,0.20886195574062605,0.1330682900698787,738,catboost_tuned,0.2793868588148027,True,utility_gap;nll,,1337
qsar-biodeg,xgboost_tuned,gbdt,label_noise,0.4,382681775,train_only,True,medium,True,ok,,0.6624605678233438,0.6791054739652871,0.6327500719043311,0.9128653908585135,0.05013782597131766,0.44030799841965573,0.06469663759980296,0.11453704518281904,0.7748104487262427,0.2830817442376015,0.053168818609534464,738,catboost_tuned,0.2793868588148027,True,utility_gap;nll,,1337
satimage,catboost_tuned,gbdt,covariate_shift,0.0,2220480639,test_only,True,low,True,ok,,0.9118714359771902,0.9903013206122129,0.22860447144467058,0.1275865847904018,0.01296700313880162,0.12831967770723246,0.015987555076873296,0.009390991114642493,1.0109599283426434,-0.21402112944032867,0.44251680154597217,4501,catboost_tuned,0.44251680154597217,False,,,1337
satimage,catboost_tuned,gbdt,covariate_shift,0.05,62107709,test_only,True,low,True,ok,,0.8859512700881286,0.9846094469941681,0.30382962832338406,0.16957054422839646,0.03229133583083211,0.1644470978531228,0.031162885175597156,0.017321504237260373,0.8866206940400703,-0.30452139703298614,0.4201765665264927,4501,catboost_tuned,0.44251680154597217,False,,,1337
satimage,catboost_tuned,gbdt,covariate_shift,0.1,3701586200,test_only,True,low,True,ok,,0.8392949714878175,0.9714913556249201,0.4837140591707434,0.2699659566354307,0.07321586321230845,0.2468467488349288,0.07329310885139942,0.03341097405950652,0.6549494641212901,-0.3254484223839642,0.37028326055880373,4501,catboost_tuned,0.44251680154597217,True,utility_gap,,1337
satimage,catboost_tuned,gbdt,covariate_shift,0.2,878341555,test_only,True,low,True,ok,,0.7169517884914464,0.9387136007259155,0.9652142548722277,0.5386963325429343,0.1824807896459471,0.4453757919737163,0.18068097349391407,0.073824564606926,0.5235384440916613,-0.7879077342077754,0.23798747083571764,4501,catboost_tuned,0.44251680154597217,True,utility_gap;ece,,1337
satimage,catboost_tuned,gbdt,covariate_shift,0.3,1228582524,test_only,True,low,True,ok,,0.5977190254017626,0.8941819601046878,1.7113649596480685,0.9551309698870335,0.2918236268447626,0.6651653206997763,0.2869426364522421,0.11625999484920639,0.3695668264568596,-0.8469896142139349,0.057717523511842526,4501,catboost_tuned,0.44251680154597217,True,utility_gap;ece;nll,,1337
satimage,catboost_tuned,gbdt,covariate_shift,0.4,2711537997,test_only,True,low,True,ok,,0.4738206324520477,0.8309354896844954,2.7579192258622665,1.5392240271237203,0.39850692461294657,0.894703926423477,0.3985069246129467,0.1587222600436382,0.26851939353798615,-1.0728059896260822,-0.1795680768023249,4501,catboost_tuned,0.44251680154597217,True,utility_gap;ece;nll,,1337
satimage,gbdt_ensemble,gbdt,covariate_shift,0.0,2220480639,test_only,True,low,True,ok,,0.9134266459305339,0.9902096359834672,0.22774195133670355,0.1271052031525313,0.016911990879521804,0.12687274439410268,0.01222583605323284,0.011234445125998601,0.9826229169740801,-0.1419634544265469,0.4420734103621298,4501,catboost_tuned,0.44251680154597217,False,,,1337
satimage,gbdt_ensemble,gbdt,covariate_shift,0.05,62107709,test_only,True,low,True,ok,,0.8880248833592534,0.9843752472513122,0.3074619005273472,0.171597753943955,0.02971169486146614,0.16499917071493148,0.028291882043902317,0.01824765162090481,0.8284278293139848,-0.1741409936456218,0.4203134038863675,4501,catboost_tuned,0.44251680154597217,False,,,1337
satimage,gbdt_ensemble,gbdt,covariate_shift,0.1,3701586200,test_only,True,low,True,ok,,0.8398133748055988,0.9709149781822983,0.48324936194325374,0.2697066041746398,0.06926037157565432,0.2477475690131012,0.06619124261285621,0.034182901811820036,0.5955890615321153,-0.1528118528109465,0.37102819301712137,4501,catboost_tuned,0.44251680154597217,True,utility_gap,,1337
satimage,gbdt_ensemble,gbdt,covariate_shift,0.2,878341555,test_only,True,low,True,ok,,0.7122861586314152,0.9374167470265661,0.972261826437425,0.5426296571248512,0.18387139423394688,0.4455517585614765,0.18258125509787337,0.07479910658498844,0.5160274182292214,-0.7816417816141977,0.2353756092697656,4501,catboost_tuned,0.44251680154597217,True,utility_gap;ece,,1337
satimage,gbdt_ensemble,gbdt,covariate_shift,0.3,1228582524,test_only,True,low,True,ok,,0.5982374287195438,0.8935776856941526,1.7141391278164344,0.9566792626216387,0.27764838510594814,0.6590875113869213,0.2744430115401581,0.11559715285377552,0.3275473383041126,-0.6723532178609892,0.05995434849320372,4501,catboost_tuned,0.44251680154597217,True,utility_gap;ece;nll,,1337
satimage,gbdt_ensemble,gbdt,covariate_shift,0.4,2711537997,test_only,True,low,True,ok,,0.46863659927423534,0.8327970637015846,2.7768435451232927,1.5497858908035476,0.3924905228225728,0.8950434682655442,0.3913030551576958,0.16073712780790597,0.25179023616683016,-1.0119556473542797,-0.18165940961888893,4501,catboost_tuned,0.44251680154597217,True,utility_gap;ece;nll,,1337
satimage,lightgbm,gbdt,covariate_shift,0.0,2220480639,test_only,True,low,True,ok,,0.9191290824261276,0.9899456857323162,0.36199021407224424,0.20203058518128036,0.058133915935110705,0.13650987964203398,0.055181723222849276,0.020926132385336277,0.3678348600541983,-0.17637643821850565,0.41211439362882357,4501,catboost_tuned,0.44251680154597217,True,utility_gap,,1337
satimage,lightgbm,gbdt,covariate_shift,0.05,62107709,test_only,True,low,True,ok,,0.8864696734059098,0.9842048468602598,0.5366857050075164,0.2995299950828429,0.08371111394591751,0.187721085951889,0.083711172792336,0.029015305355056652,0.3587245903331441,-0.5130358502867056,0.37084092609794095,4501,catboost_tuned,0.44251680154597217,True,utility_gap,,1337
satimage,lightgbm,gbdt,covariate_shift,0.1,3701586200,test_only,True,low,True,ok,,0.8325557283566615,0.9686993116848157,0.986761196058502,0.5507219093886687,0.1338373095709345,0.28912856181972235,0.13361717287637956,0.04638857377959648,0.2732972055643793,-0.5576055882435963,0.2719440836123972,4501,catboost_tuned,0.44251680154597217,True,utility_gap;ece,,1337
satimage,lightgbm,gbdt,covariate_shift,0.2,878341555,test_only,True,low,True,ok,,0.7153965785381027,0.9293095615108907,2.0964855996115586,1.1700708915548743,0.24502435149112062,0.5159730182295683,0.2450243514911206,0.08698371545076139,0.2203148001151556,-0.926068432408404,0.03254169554484073,4501,catboost_tuned,0.44251680154597217,True,utility_gap;ece;nll,,1337
satimage,lightgbm,gbdt,covariate_shift,0.3,1228582524,test_only,True,low,True,ok,,0.5956454121306376,0.8730608982812468,3.791441992877216,2.1160440661774125,0.36382682054767135,0.7546508521572677,0.36382682054767107,0.12862813763361267,0.15079310048637298,-0.8755394767737026,-0.31266045774472595,4501,catboost_tuned,0.44251680154597217,True,utility_gap;ece;nll,,1337
satimage,lightgbm,gbdt,covariate_shift,0.4,2711537997,test_only,True,low,True,ok,,0.4867807153965785,0.7946000220498352,5.713057660301766,3.1885181903144213,0.4672150392399037,0.9697683431602784,0.46705228537416366,0.16545383579209602,0.08686249435663035,-0.794106146324205,-0.698871349915378,4501,catboost_tuned,0.44251680154597217,True,utility_gap;ece;nll,,1337
satimage,lightgbm_tuned,gbdt,covariate_shift,0.0,2220480639,test_only,True,low,True,ok,,0.9056505961638155,0.9877835130805916,0.24718518404427064,0.13795667794113325,0.014737677328164058,0.13440385194218585,0.012340796586467912,0.009429292233845445,0.9783875676924239,-0.06665888257455407,0.43723728015480656,4501,catboost_tuned,0.44251680154597217,False,,,1337
satimage,lightgbm_tuned,gbdt,covariate_shift,0.05,62107709,test_only,True,low,True,ok,,0.8838776568170036,0.9826271798542637,0.31518939434810295,0.1759105503619279,0.026205726393519806,0.169611480665723,0.025199870698456542,0.016436119161627145,0.8528133382132191,-0.12458384361792114,0.41848685108426054,4501,catboost_tuned,0.44251680154597217,False,,,1337
satimage,lightgbm_tuned,gbdt,covariate_shift,0.1,3701586200,test_only,True,low,True,ok,,0.8299637117677553,0.9687455483444319,0.48684900881322146,0.2717156053446007,0.0685911542034755,0.24995291626295685,0.06872122106375163,0.03413917184052399,0.6805831149319387,-0.3369024620312013,0.3683225862416391,4501,catboost_tuned,0.44251680154597217,True,utility_gap,,1337
satimage,lightgbm_tuned,gbdt,covariate_shift,0.2,878341555,test_only,True,low,True,ok,,0.6977708657335407,0.9281871740561751,0.9854314072774215,0.5499797401388791,0.18865892421372604,0.45144910995351584,0.18821050406967615,0.07609961463397337,0.563906048834953,-0.9255379047416148,0.2268054338952834,4501,catboost_tuned,0.44251680154597217,True,utility_gap;ece,,1337
satimage,lightgbm_tuned,gbdt,covariate_shift,0.3,1228582524,test_only,True,low,True,ok,,0.5800933125972006,0.8780751825961645,1.7553206441448326,0.9796631045020114,0.2915216153905533,0.6638652330417463,0.2915216153905533,0.11757359155652798,0.4436116196525324,-1.0947800880570198,0.04213705636952359,4501,catboost_tuned,0.44251680154597217,True,utility_gap;ece;nll,,1337
satimage,lightgbm_tuned,gbdt,covariate_shift,0.4,2711537997,test_only,True,low,True,ok,,0.4784862623120788,0.8199630581219998,2.6383281659898827,1.4724789857684166,0.39146923933316957,0.8625192985641986,0.3914171612230857,0.15637700955701947,0.35581229666190356,-1.2715370791132148,-0.16127753390764715,4501,catboost_tuned,0.44251680154597217,True,utility_gap;ece;nll,,1337
satimage,xgboost_tuned,gbdt,covariate_shift,0.0,2220480639,test_only,True,low,True,ok,,0.9108346293416277,0.989630631478145,0.23896234613483958,0.13336742472347132,0.025380726734706243,0.1309022918945171,0.024879753108346406,0.011682455983904418,0.9087267344422146,-0.30385119652961873,0.43790954265461224,4501,catboost_tuned,0.44251680154597217,False,,,1337
satimage,xgboost_tuned,gbdt,covariate_shift,0.05,62107709,test_only,True,low,True,ok,,0.8885432866770347,0.985037118022606,0.29895219553235164,0.16684839715743174,0.040065629588736926,0.16148795047252806,0.03952909571332098,0.016649824283376517,0.7473543064243258,-0.2747012666268939,0.4199768392444903,4501,catboost_tuned,0.44251680154597217,False,,,1337
satimage,xgboost_tuned,gbdt,covariate_shift,0.1,3701586200,test_only,True,low,True,ok,,0.8439606013478487,0.9724269990227316,0.4771091643770579,0.26627969466382184,0.07481965839137089,0.23859676035822447,0.07524575870413691,0.03346527174345161,0.6590618413047545,-0.4282642772196509,0.3720956997827126,4501,catboost_tuned,0.44251680154597217,True,utility_gap,,1337
satimage,xgboost_tuned,gbdt,covariate_shift,0.2,878341555,test_only,True,low,True,ok,,0.720580611715915,0.9343565930861267,0.974610978202772,0.5439407436884731,0.1874264700928964,0.43868943361326335,0.1873939959959464,0.07309514379423195,0.5571022037340292,-0.99550105914007,0.23444438221241035,4501,catboost_tuned,0.44251680154597217,True,utility_gap;ece,,1337
satimage,xgboost_tuned,gbdt,covariate_shift,0.3,1228582524,test_only,True,low,True,ok,,0.589942975635044,0.8819958303951013,1.9642329852706994,1.096259302102057,0.30506116361607105,0.6684220587489131,0.30506116361607094,0.11670633111385682,0.3470547356440448,-0.9739370815995865,0.007299963629710693,4501,catboost_tuned,0.44251680154597217,True,utility_gap;ece;nll,,1337
satimage,xgboost_tuned,gbdt,covariate_shift,0.4,2711537997,test_only,True,low,True,ok,,0.49300155520995337,0.7988543124398543,2.521130198999918,1.407069554981115,0.39482972891781454,0.8599135721348791,0.39482972891781454,0.15194620091050273,0.3665951303245228,-1.2981568477095575,-0.14753756964245546,4501,catboost_tuned,0.44251680154597217,True,utility_gap;ece;nll,,1337
satimage,catboost_tuned,gbdt,label_noise,0.0,2923076406,train_only,True,low,True,ok,,0.9118714359771902,0.9903013206122129,0.22860447144467058,0.1275865847904018,0.01296700313880162,0.12831967770723246,0.015987555076873296,0.009390991114642493,1.0109599283426434,-0.21402112944032867,0.44251680154597217,4501,catboost_tuned,0.44251680154597217,False,,,1337
satimage,catboost_tuned,gbdt,label_noise,0.05,3462374988,train_only,True,low,True,ok,,0.902540176257128,0.9880404084722777,0.28423322459384825,0.15863358306475403,0.04529468501236009,0.14078470722608538,0.040599860752310556,0.019986730624737697,1.5727359736358426,-0.12897157073361307,0.42454615748196817,4501,catboost_tuned,0.44251680154597217,False,,,1337
satimage,catboost_tuned,gbdt,label_noise,0.1,4286775935,train_only,True,low,True,ok,,0.9015033696215656,0.9865274338958968,0.33191253457815056,0.18524391263362414,0.08350172285870132,0.15165953702305532,0.08343171960818158,0.034641143668608994,1.7512919565186476,0.16444684597456802,0.40823658894497117,4501,catboost_tuned,0.44251680154597217,True,utility_gap,,1337
satimage,catboost_tuned,gbdt,label_noise,0.2,742681363,train_only,True,low,True,ok,,0.8869880767236911,0.982630188795873,0.4977936138516023,0.27782390571992743,0.1953835284316284,0.21460739848616134,0.1948587778026572,0.06913786457256799,2.1213496826234497,1.0012008103576409,0.35454490018480533,4501,catboost_tuned,0.44251680154597217,True,utility_gap;ece,,1337
satimage,catboost_tuned,gbdt,label_noise,0.3,3059574983,train_only,True,low,True,ok,,0.8843960601347849,0.9820664350817828,0.6121655683933958,0.3416561089291385,0.2788293369100408,0.26655333361110795,0.2781144465081042,0.09742579266466718,2.626656054388555,1.607816310973943,0.318119961238092,4501,catboost_tuned,0.44251680154597217,True,utility_gap;ece,,1337
satimage,catboost_tuned,gbdt,label_noise,0.4,3536860119,train_only,True,low,True,ok,,0.8833592534992224,0.9786487115149006,0.7580580708166859,0.4230802648657303,0.36617354688579246,0.34217293682135314,0.36617354688579234,0.12668649779151717,2.901850441935694,2.4928046474314294,0.27487214821822104,4501,catboost_tuned,0.44251680154597217,True,utility_gap;ece,,1337
satimage,gbdt_ensemble,gbdt,label_noise,0.0,2923076406,train_only,True,low,True,ok,,0.9134266459305339,0.9902096359834672,0.22774195133670355,0.1271052031525313,0.016911990879521804,0.12687274439410268,0.01222583605323284,0.011234445125998601,0.9826229169740801,-0.1419634544265469,0.4420734103621298,4501,catboost_tuned,0.44251680154597217,False,,,1337
satimage,gbdt_ensemble,gbdt,label_noise,0.05,3462374988,train_only,True,low,True,ok,,0.9066874027993779,0.9884989271021155,0.27713941456056035,0.1546744523024402,0.04751008392077724,0.13710991833223565,0.04658655848997682,0.021410883398519723,1.5358707602656492,0.01462912051140419,0.4260733824307596,4501,catboost_tuned,0.44251680154597217,False,,,1337
satimage,gbdt_ensemble,gbdt,label_noise,0.1,4286775935,train_only,True,low,True,ok,,0.8983929497148782,0.9869576722840313,0.3261565492225798,0.18203143604040672,0.08352170319713265,0.1485235199419516,0.08267064843195324,0.03510978595598511,1.9278462571642123,-0.020310347926636555,0.40888035630509406,4501,catboost_tuned,0.44251680154597217,True,utility_gap,,1337
satimage,gbdt_ensemble,gbdt,label_noise,0.2,742681363,train_only,True,low,True,ok,,0.8968377397615345,0.9849279908103643,0.4435393388167078,0.24754401828711875,0.1747132532756086,0.19035806968277508,0.1741765094438293,0.06254931008265677,2.068918816625706,0.8832695052183983,0.37004460160660035,4501,catboost_tuned,0.44251680154597217,True,utility_gap;ece,,1337
satimage,gbdt_ensemble,gbdt,label_noise,0.3,3059574983,train_only,True,low,True,ok,,0.8895800933125972,0.9789525187306073,0.5756255189790608,0.3212627190562905,0.25454002774528806,0.25182970578120867,0.2545263337923686,0.08818021957074584,2.2809208496788633,1.44074669013939,0.32878357428665733,4501,catboost_tuned,0.44251680154597217,True,utility_gap;ece,,1337
satimage,gbdt_ensemble,gbdt,label_noise,0.4,3536860119,train_only,True,low,True,ok,,0.8911353032659409,0.9760438911819485,0.7082251441204147,0.395267978924392,0.3427238918538193,0.318931328962155,0.3427238918538193,0.11620431457455449,2.652792980435261,2.2475597760101196,0.28816048535549155,4501,catboost_tuned,0.44251680154597217,True,utility_gap;ece,,1337
satimage,lightgbm,gbdt,label_noise,0.0,2923076406,train_only,True,low,True,ok,,0.9191290824261276,0.9899456857323162,0.36199021407224424,0.20203058518128036,0.058133915935110705,0.13650987964203398,0.055181723222849276,0.020926132385336277,0.3678348600541983,-0.17637643821850565,0.41211439362882357,4501,catboost_tuned,0.44251680154597217,True,utility_gap,,1337
satimage,lightgbm,gbdt,label_noise,0.05,3462374988,train_only,True,low,True,ok,,0.9170554691550026,0.9877581803101186,0.27121632608337326,0.15136871368131885,0.032729460698166686,0.13163643202504338,0.030740688662077763,0.01480514898802767,0.6692067058076402,-0.05718408311077001,0.43131717723776286,4501,catboost_tuned,0.44251680154597217,False,,,1337
satimage,lightgbm,gbdt,label_noise,0.1,4286775935,train_only,True,low,True,ok,,0.9087610160705029,0.9849506343646238,0.2799571756964376,0.1562470747354564,0.018095766333981182,0.14021827475698923,0.020474270008276358,0.011535502054211577,0.8991026801107713,-0.02519524424103059,0.4305535987507606,4501,catboost_tuned,0.44251680154597217,False,,,1337
satimage,lightgbm,gbdt,label_noise,0.2,742681363,train_only,True,low,True,ok,,0.8895800933125972,0.9786942928719918,0.36830445886358526,0.20555463229797363,0.05794828001641254,0.17481945965104853,0.05773010242313932,0.024135894453392846,1.2189975218466855,0.36459651235700435,0.4027239708094122,4501,catboost_tuned,0.44251680154597217,True,utility_gap,,1337
satimage,lightgbm,gbdt,label_noise,0.3,3059574983,train_only,True,low,True,ok,,0.8678071539657853,0.9699917472664774,0.5078153637440289,0.2834171508315295,0.13580591784220647,0.23596743929467592,0.13531431859834678,0.04679687049214223,1.3094160585449703,0.8291414055977575,0.35748185582023473,4501,catboost_tuned,0.44251680154597217,True,utility_gap;ece,,1337
satimage,lightgbm,gbdt,label_noise,0.4,3536860119,train_only,True,low,True,ok,,0.831518921721099,0.9604500650920929,0.6672783403894577,0.37241513263883663,0.2065394577999119,0.3132292450313005,0.20653945779991192,0.07303100918358009,1.6293992654574794,1.1282835370791855,0.307852929688764,4501,catboost_tuned,0.44251680154597217,True,utility_gap;ece,,1337
satimage,lightgbm_tuned,gbdt,label_noise,0.0,2923076406,train_only,True,low,True,ok,,0.9056505961638155,0.9877835130805916,0.24718518404427064,0.13795667794113325,0.014737677328164058,0.13440385194218585,0.012340796586467912,0.009429292233845445,0.9783875676924239,-0.06665888257455407,0.43723728015480656,4501,catboost_tuned,0.44251680154597217,False,,,1337
satimage,lightgbm_tuned,gbdt,label_noise,0.05,3462374988,train_only,True,low,True,ok,,0.895800933125972,0.9851859421849457,0.3063806394294802,0.17099429063515895,0.04760473352060208,0.1507028958999019,0.04836976221240013,0.020839337346529357,1.5207194311605345,-0.030854797695388514,0.4183659858389587,4501,catboost_tuned,0.44251680154597217,False,,,1337
satimage,lightgbm_tuned,gbdt,label_noise,0.1,4286775935,train_only,True,low,True,ok,,0.8983929497148782,0.9848685124226408,0.35973946887968355,0.2007744203716531,0.09933788660458008,0.16402829444494768,0.09826997579667675,0.036909406159357325,1.669386104511936,0.40188771718746347,0.39936301837274407,4501,catboost_tuned,0.44251680154597217,True,utility_gap,,1337
satimage,lightgbm_tuned,gbdt,label_noise,0.2,742681363,train_only,True,low,True,ok,,0.8916537065837221,0.9818592817278141,0.4767436783098921,0.2660757130058802,0.18578056723674916,0.20606773019065439,0.18578056723674916,0.06560380601419608,2.1074596375256336,0.9393825925246871,0.36041997724317937,4501,catboost_tuned,0.44251680154597217,True,utility_gap;ece,,1337
satimage,lightgbm_tuned,gbdt,label_noise,0.3,3059574983,train_only,True,low,True,ok,,0.8797304302747537,0.978921852858904,0.6124860513987963,0.34183497390008166,0.2690989121439965,0.26952669674556834,0.26707934634914265,0.09243473075576265,2.49430947001571,1.5129787461988624,0.3182119384430056,4501,catboost_tuned,0.44251680154597217,True,utility_gap;ece,,1337
satimage,lightgbm_tuned,gbdt,label_noise,0.4,3536860119,train_only,True,low,True,ok,,0.8755832037325039,0.9721794399105012,0.7572578601771707,0.4226336588043375,0.347228125431746,0.34205752980878434,0.347228125431746,0.11852730449365757,2.7542737198409566,2.2892750790020013,0.2753645618009005,4501,catboost_tuned,0.44251680154597217,True,utility_gap;ece,,1337
satimage,xgboost_tuned,gbdt,label_noise,0.0,2923076406,train_only,True,low,True,ok,,0.9108346293416277,0.989630631478145,0.23896234613483958,0.13336742472347132,0.025380726734706243,0.1309022918945171,0.024879753108346406,0.011682455983904418,0.9087267344422146,-0.30385119652961873,0.43790954265461224,4501,catboost_tuned,0.44251680154597217,False,,,1337
satimage,xgboost_tuned,gbdt,label_noise,0.05,3462374988,train_only,True,low,True,ok,,0.8926905132192846,0.9847087122572099,0.32199761190110315,0.17971028892613003,0.058208226630298024,0.1564739249502736,0.05815841940605975,0.024933735210624104,1.5957848002142487,0.0669305206904721,0.41299689426901753,4501,catboost_tuned,0.44251680154597217,False,,,1337
satimage,xgboost_tuned,gbdt,label_noise,0.1,4286775935,train_only,True,low,True,ok,,0.8942457231726283,0.9844039421946755,0.3790964912109624,0.21157778023312962,0.10790654072447703,0.1705310960701676,0.10715386097101375,0.03967130664668014,1.8159330846792379,0.3680848584115362,0.3936235960291964,4501,catboost_tuned,0.44251680154597217,True,utility_gap;ece,,1337
satimage,xgboost_tuned,gbdt,label_noise,0.2,742681363,train_only,True,low,True,ok,,0.8906168999481596,0.9814698011132648,0.4964764755191321,0.2770887968199378,0.19724750976068584,0.2136647405739544,0.19724750976068584,0.0687208580115901,2.0919842440590637,1.030385296313411,0.35453082438374806,4501,catboost_tuned,0.44251680154597217,True,utility_gap;ece,,1337
satimage,xgboost_tuned,gbdt,label_noise,0.3,3059574983,train_only,True,low,True,ok,,0.880248833592535,0.9793847814459156,0.628198243272626,0.35060411515127815,0.27773112627379254,0.27470254329279536,0.2777311262737926,0.09593178770935899,2.618910677921128,1.6018289937958552,0.31409453874480875,4501,catboost_tuned,0.44251680154597217,True,utility_gap;ece,,1337
satimage,xgboost_tuned,gbdt,label_noise,0.4,3536860119,train_only,True,low,True,ok,,0.8724727838258165,0.9730966425779514,0.7754087835243786,0.4327638820061314,0.3547841758397583,0.349579078336841,0.3547841758397583,0.12151841667388008,3.04493286622741,2.4138136851920518,0.2706687427063644,4501,catboost_tuned,0.44251680154597217,True,utility_gap;ece,,1337
segment,catboost_tuned,gbdt,covariate_shift,0.0,700182584,test_only,False,high,True,ok,,0.974025974025974,0.9993635246160499,0.06991320093242766,0.035928278068937884,0.014815406588483416,0.03467055213437378,0.004231596672933634,0.006714378894105255,1.280951684085959,-0.3720095096336762,0.4821395649811355,1617,xgboost_tuned,0.48455308885615256,False,,,1337
segment,catboost_tuned,gbdt,covariate_shift,0.05,2569701885,test_only,False,low,True,ok,,0.7763347763347763,0.9821228154561489,0.5037011334774315,0.2588511775438166,0.07841367870322191,0.2898034565382774,0.08097439497085798,0.048352048655169774,0.9016709080894454,-0.5848859125983237,0.3668551128560792,1617,xgboost_tuned,0.48455308885615256,True,utility_gap,,1337
segment,catboost_tuned,gbdt,covariate_shift,0.1,2066474845,test_only,False,low,True,ok,,0.6132756132756133,0.9490163783093076,1.0416715183650158,0.535313266581563,0.19820106657144798,0.5498074150320947,0.20011186668389097,0.08230769629454589,0.76116064240458,-1.0437185166971028,0.22391288111084115,1617,xgboost_tuned,0.48455308885615256,True,utility_gap;ece,,1337
segment,catboost_tuned,gbdt,covariate_shift,0.2,2725027529,test_only,False,low,True,ok,,0.44155844155844154,0.8470005490207511,1.5681715216655132,0.8058807455353568,0.2224784654356586,0.7564574693673107,0.22247846543565866,0.10218386102577925,0.5993503434121321,-0.7503744923079142,0.07642404164329031,1617,xgboost_tuned,0.48455308885615256,True,utility_gap;ece;nll,,1337
segment,catboost_tuned,gbdt,covariate_shift,0.3,3725864057,test_only,False,low,True,ok,,0.40404040404040403,0.8138892532831926,1.7134648517907884,0.8805467470441167,0.16603437114808908,0.7681822697460832,0.1814107531951178,0.10615836676642842,1.1642756465147535,-0.499649701961159,0.04809640091232515,1617,xgboost_tuned,0.48455308885615256,True,utility_gap;ece;nll,,1337
segment,catboost_tuned,gbdt,covariate_shift,0.4,3467747087,test_only,False,low,True,ok,,0.341991341991342,0.7753533410099066,1.9771195134286392,1.0160384406178657,0.1378738378788767,0.8610082612604834,0.1562334716012265,0.1189319182654373,1.006777390398552,-0.5297632110813797,-0.009713929108966481,1617,xgboost_tuned,0.48455308885615256,True,utility_gap;ece;nll,,1337
segment,gbdt_ensemble,gbdt,covariate_shift,0.0,700182584,test_only,False,high,True,ok,,0.976911976911977,0.9993222265949538,0.07176655932793233,0.03688071587620479,0.012576376269148974,0.03649451395108388,0.00468325861823543,0.006352281503255844,1.1527540834062364,-0.08228630919947687,0.48272008582833914,1617,xgboost_tuned,0.48455308885615256,False,,,1337
segment,gbdt_ensemble,gbdt,covariate_shift,0.05,2569701885,test_only,False,low,True,ok,,0.7734487734487735,0.9815300673886532,0.49199897325777764,0.25283745680479125,0.06625858970024022,0.278499796487792,0.07525420397587915,0.04774020532204542,0.9975638194253424,-0.6121937948568089,0.37044988462185924,1617,xgboost_tuned,0.48455308885615256,True,utility_gap,,1337
segment,gbdt_ensemble,gbdt,covariate_shift,0.1,2066474845,test_only,False,low,True,ok,,0.6031746031746031,0.9529372610180691,1.0126014410100816,0.5203742020163019,0.18318972494641386,0.5431407171758365,0.18100228882448782,0.08075065667949691,0.8841579273546829,-1.0470764872807024,0.23125402623834132,1617,xgboost_tuned,0.48455308885615256,True,utility_gap;ece,,1337
segment,gbdt_ensemble,gbdt,covariate_shift,0.2,2725027529,test_only,False,low,True,ok,,0.4906204906204906,0.8767764222309677,1.4339629759541874,0.7369111963624516,0.18623459127349792,0.6890865178160421,0.18526687260629787,0.0887259418027818,0.9160471541478169,-0.8402480522967132,0.12214454421047724,1617,xgboost_tuned,0.48455308885615256,True,utility_gap;ece,,1337
segment,gbdt_ensemble,gbdt,covariate_shift,0.3,3725864057,test_only,False,low,True,ok,,0.3246753246753247,0.8098201835575572,1.7853109723984437,0.917468349330088,0.18915993339735931,0.8070684544165834,0.18782803743350818,0.10454573631121053,1.3142712271383512,-0.9146080142484205,0.01906587146794546,1617,xgboost_tuned,0.48455308885615256,True,utility_gap;ece;nll,,1337
segment,gbdt_ensemble,gbdt,covariate_shift,0.4,3467747087,test_only,False,low,True,ok,,0.2178932178932179,0.7502004168670835,2.0613831698028076,1.0593413939505651,0.27080250089947655,0.9052136315603361,0.2696431119640612,0.12946170080921462,1.5721537990597894,-1.3580357774642922,-0.07670878977760293,1617,xgboost_tuned,0.48455308885615256,True,utility_gap;ece;nll,,1337
segment,lightgbm,gbdt,covariate_shift,0.0,700182584,test_only,False,high,True,ok,,0.9841269841269841,0.9996015955611915,0.09451957580748467,0.04857345332895836,0.01569598007307157,0.030726582521895994,0.011005795312009613,0.005021075192963405,0.4636612242365387,-0.2416882631443964,0.47976837405216277,1617,xgboost_tuned,0.48455308885615256,False,,,1337
segment,lightgbm,gbdt,covariate_shift,0.05,2569701885,test_only,False,low,True,ok,,0.8946608946608947,0.9875037046754219,0.549360724051404,0.2823155654530626,0.08084381978355201,0.18401891356278,0.07162544137244073,0.027980098796080894,0.3593552715188904,-0.21253124740998108,0.3789619972429027,1617,xgboost_tuned,0.48455308885615256,True,utility_gap,,1337
segment,lightgbm,gbdt,covariate_shift,0.1,2066474845,test_only,False,low,True,ok,,0.7922077922077922,0.9579343215706853,1.0481307046519053,0.5386326317074529,0.14023182689363317,0.3477445737870331,0.13594885502811452,0.04636360937194874,0.32654917288629026,-0.2674823451962408,0.26447202648994617,1617,xgboost_tuned,0.48455308885615256,True,utility_gap;ece,,1337
segment,lightgbm,gbdt,covariate_shift,0.2,2725027529,test_only,False,low,True,ok,,0.6017316017316018,0.8554374918011282,3.607633478933378,1.85395686470148,0.34693514365339456,0.7333916713214239,0.34970818362448197,0.10591369676233753,-0.02451793558218519,0.556453336272077,-0.23591122575098783,1617,xgboost_tuned,0.48455308885615256,True,utility_gap;ece;nll,,1337
segment,lightgbm,gbdt,covariate_shift,0.3,3725864057,test_only,False,low,True,ok,,0.4733044733044733,0.7408184781922155,5.8832300632627845,3.0233821772906286,0.44648635387176483,0.922250697987291,0.4456991395811575,0.13729545858031383,-0.08295320034573167,0.45847583225022437,-0.6660297855985952,1617,xgboost_tuned,0.48455308885615256,True,utility_gap;ece;nll,,1337
segment,lightgbm,gbdt,covariate_shift,0.4,3467747087,test_only,False,low,True,ok,,0.3347763347763348,0.6946885886279824,7.49486903153194,3.851600771582643,0.5293303226543504,1.0895423072482588,0.5386539751700429,0.16229517578756894,-0.05532141371574037,-0.3597604312286893,-0.9679888397694191,1617,xgboost_tuned,0.48455308885615256,True,utility_gap;ece;nll,,1337
segment,lightgbm_tuned,gbdt,covariate_shift,0.0,700182584,test_only,False,high,True,ok,,0.9826839826839827,0.9993076508228024,0.07778449940065224,0.039973325304056055,0.01260442786955077,0.03189058701995988,0.005490478778905332,0.005710708223230813,0.7232669447798118,0.17283425162154115,0.48264739202545126,1617,xgboost_tuned,0.48455308885615256,False,,,1337
segment,lightgbm_tuned,gbdt,covariate_shift,0.05,2569701885,test_only,False,low,True,ok,,0.8831168831168831,0.984287317620651,0.4309214935898805,0.22144984124733677,0.053789393818476,0.18585820684618834,0.05512269206323164,0.024256603966345696,0.44988833017587565,0.03492453376061975,0.39977526249686407,1617,xgboost_tuned,0.48455308885615256,True,utility_gap,,1337
segment,lightgbm_tuned,gbdt,covariate_shift,0.1,2066474845,test_only,False,low,True,ok,,0.7272727272727273,0.9453287079549705,1.0080432387228262,0.5180317494166953,0.16076569642971786,0.4135562361358335,0.16083177869221163,0.058831443767944906,0.4341076486841914,-0.6019845124029441,0.25239329276419653,1617,xgboost_tuned,0.48455308885615256,True,utility_gap;ece,,1337
segment,lightgbm_tuned,gbdt,covariate_shift,0.2,2725027529,test_only,False,low,True,ok,,0.6046176046176046,0.8511327804257097,2.5389605398741955,1.3047676127835564,0.31862427751365835,0.7161147552067497,0.31228998843835903,0.10752988042517786,0.16913873242597838,-0.39674889912943856,-0.06656602549615949,1617,xgboost_tuned,0.48455308885615256,True,utility_gap;ece;nll,,1337
segment,lightgbm_tuned,gbdt,covariate_shift,0.3,3725864057,test_only,False,low,True,ok,,0.5050505050505051,0.7873929288070701,3.8106801328396482,1.9583022035676367,0.4347209037807001,0.8962146620192724,0.43227360965486955,0.1319680842698923,0.08967275921089585,-0.4756311054066961,-0.32308974098638077,1617,xgboost_tuned,0.48455308885615256,True,utility_gap;ece;nll,,1337
segment,lightgbm_tuned,gbdt,covariate_shift,0.4,3467747087,test_only,False,low,True,ok,,0.35064935064935066,0.7317304842557368,5.398911572611401,2.774491707765863,0.5851122020773716,1.1594071103992205,0.5878311631303144,0.17188110415684446,0.09073417397018195,-1.0918645589360756,-0.6406668806583227,1617,xgboost_tuned,0.48455308885615256,True,utility_gap;ece;nll,,1337
segment,xgboost_tuned,gbdt,covariate_shift,0.0,700182584,test_only,False,high,True,ok,,0.9812409812409812,0.9993100801181608,0.06801171029604725,0.03495110518287039,0.009531274082448839,0.02926815466142447,0.004042935601137727,0.005136002703915491,0.8901744037906337,-0.04420595436484017,0.48455308885615256,1617,xgboost_tuned,0.48455308885615256,False,,,1337
segment,xgboost_tuned,gbdt,covariate_shift,0.05,2569701885,test_only,False,low,True,ok,,0.8874458874458875,0.9855918492282127,0.38312117999541456,0.19688533932638644,0.04987874312508526,0.17328741249549903,0.04230974416146574,0.02474655796342276,0.6576737036080772,0.013015273229105322,0.4090326799238246,1617,xgboost_tuned,0.48455308885615256,True,utility_gap,,1337
segment,xgboost_tuned,gbdt,covariate_shift,0.1,2066474845,test_only,False,low,True,ok,,0.7503607503607503,0.9579173165031751,0.8548390802671044,0.43930038634214724,0.09222302284627965,0.3554787195681267,0.09220182778718523,0.052639287289824185,0.7047924424942362,-0.47913251397036627,0.29759045285832375,1617,xgboost_tuned,0.48455308885615256,True,utility_gap,,1337
segment,xgboost_tuned,gbdt,covariate_shift,0.2,2725027529,test_only,False,low,True,ok,,0.6262626262626263,0.8607649365225123,2.000602329351313,1.0281062207947018,0.2577009443053621,0.6597601378913979,0.25577629202790564,0.09499256436307228,0.16359685076898783,0.05901676857664888,0.0352350666227903,1617,xgboost_tuned,0.48455308885615256,True,utility_gap;ece;nll,,1337
segment,xgboost_tuned,gbdt,covariate_shift,0.3,3725864057,test_only,False,low,True,ok,,0.5108225108225108,0.7395503860150325,3.230330120756371,1.6600612943637758,0.43690863012969733,0.9265319386570361,0.4076852039719124,0.13854889901718856,-0.37690489539110006,1.2816657491095984,-0.24993410260643417,1617,xgboost_tuned,0.48455308885615256,True,utility_gap;ece;nll,,1337
segment,xgboost_tuned,gbdt,covariate_shift,0.4,3467747087,test_only,False,low,True,ok,,0.4444444444444444,0.7008905796784585,3.780697578461882,1.9428942185728917,0.4724008705505699,1.0759834680316325,0.5121697685884905,0.1619767747422197,-0.700841352569958,1.6305855370539715,-0.36537007012785433,1617,xgboost_tuned,0.48455308885615256,True,utility_gap;ece;nll,,1337
segment,catboost_tuned,gbdt,label_noise,0.0,3903513450,train_only,False,high,True,ok,,0.974025974025974,0.9993635246160499,0.06991320093242766,0.035928278068937884,0.014815406588483416,0.03467055213437378,0.004231596672933634,0.006714378894105255,1.280951684085959,-0.3720095096336762,0.4821395649811355,1617,xgboost_tuned,0.48455308885615256,False,,,1337
segment,catboost_tuned,gbdt,label_noise,0.05,3853600052,train_only,False,high,True,ok,,0.9595959595959596,0.998088144552791,0.16656340935855202,0.0855966599688141,0.06601492067441324,0.0629192947582692,0.06123310052938951,0.023865776826476528,2.182532836051326,-0.17545527479525239,0.4543882624073439,1617,xgboost_tuned,0.48455308885615256,True,utility_gap,,1337
segment,catboost_tuned,gbdt,label_noise,0.1,2633739697,train_only,False,high,True,ok,,0.9696969696969697,0.9986104430548874,0.21444734923978076,0.11020413729991035,0.13159683751576012,0.07166617785512266,0.1272333462540399,0.03895451513304355,2.27815178309475,1.0431865145914798,0.4355875918306309,1617,xgboost_tuned,0.48455308885615256,True,utility_gap;ece,,1337
segment,catboost_tuned,gbdt,label_noise,0.2,3019105613,train_only,False,high,True,ok,,0.9624819624819625,0.998182887071776,0.34121486412489377,0.17534975306570263,0.21902363397908958,0.11839789432945418,0.2184608257228316,0.06638919654832279,3.074239759831736,1.5800362111215194,0.3973266521318873,1617,xgboost_tuned,0.48455308885615256,True,utility_gap;ece,,1337
segment,catboost_tuned,gbdt,label_noise,0.3,1890180338,train_only,False,high,True,ok,,0.937950937950938,0.9954742227469501,0.5529207302151525,0.284145046719439,0.329038318178592,0.21915306642436527,0.32414088688939635,0.0953366855928086,4.504709268527941,2.6493122657377706,0.3380574410025231,1617,xgboost_tuned,0.48455308885615256,True,utility_gap;ece,,1337
segment,catboost_tuned,gbdt,label_noise,0.4,1503163608,train_only,False,high,True,ok,,0.937950937950938,0.9906180613251321,0.7499110951844674,0.38537806873998215,0.4301376678534511,0.3222921800732946,0.43013766785345114,0.12443263524674726,3.419836710309326,3.8175040819282833,0.28576800796375207,1617,xgboost_tuned,0.48455308885615256,True,utility_gap;ece,,1337
segment,gbdt_ensemble,gbdt,label_noise,0.0,3903513450,train_only,False,high,True,ok,,0.976911976911977,0.9993222265949538,0.07176655932793233,0.03688071587620479,0.012576376269148974,0.03649451395108388,0.00468325861823543,0.006352281503255844,1.1527540834062364,-0.08228630919947687,0.48272008582833914,1617,xgboost_tuned,0.48455308885615256,False,,,1337
segment,gbdt_ensemble,gbdt,label_noise,0.05,3853600052,train_only,False,high,True,ok,,0.963924963924964,0.9983796599958216,0.13073218388906105,0.0671830525949659,0.048405963967890195,0.05422424887588021,0.037419501962621615,0.0162845329159983,1.8142021916716529,-0.0961884362244423,0.4641855170152143,1617,xgboost_tuned,0.48455308885615256,False,,,1337
segment,gbdt_ensemble,gbdt,label_noise,0.1,2633739697,train_only,False,high,True,ok,,0.963924963924964,0.9987173320506653,0.1699689510460811,0.08734676219690637,0.08978744642703174,0.06151049127789723,0.08498968532027612,0.02904420602057151,2.467931218479431,0.5322187262415197,0.44997829286199914,1617,xgboost_tuned,0.48455308885615256,True,utility_gap,,1337
segment,gbdt_ensemble,gbdt,label_noise,0.2,3019105613,train_only,False,high,True,ok,,0.9552669552669553,0.9980006899198818,0.29173337484421025,0.14992129774637278,0.1655108571752415,0.11043054196580605,0.1648217634268048,0.05096237467001408,2.2484993690198185,1.3679340772945745,0.4145117240030417,1617,xgboost_tuned,0.48455308885615256,True,utility_gap;ece,,1337
segment,gbdt_ensemble,gbdt,label_noise,0.3,1890180338,train_only,False,high,True,ok,,0.9163059163059163,0.9932125487681044,0.45821256353805323,0.23547467685519963,0.2165050716579107,0.19012378864760607,0.21650507165791064,0.06633194961641344,2.2381411308275654,1.4358718120168272,0.3711268621265819,1617,xgboost_tuned,0.48455308885615256,True,utility_gap;ece,,1337
segment,gbdt_ensemble,gbdt,label_noise,0.4,1503163608,train_only,False,high,True,ok,,0.8759018759018758,0.9853732126459399,0.6244575315095818,0.3209076903230805,0.2594020628175538,0.27787616221321404,0.2594020628175538,0.07664505369593029,1.9909534598035272,1.6719246405485182,0.32811318615092544,1617,xgboost_tuned,0.48455308885615256,True,utility_gap;ece,,1337
segment,lightgbm,gbdt,label_noise,0.0,3903513450,train_only,False,high,True,ok,,0.9841269841269841,0.9996015955611915,0.09451957580748467,0.04857345332895836,0.01569598007307157,0.030726582521895994,0.011005795312009613,0.005021075192963405,0.4636612242365387,-0.2416882631443964,0.47976837405216277,1617,xgboost_tuned,0.48455308885615256,False,,,1337
segment,lightgbm,gbdt,label_noise,0.05,3853600052,train_only,False,high,True,ok,,0.9567099567099567,0.9978719372658766,0.20812583970979007,0.10695552403117356,0.035536345878239006,0.07061436621904683,0.03244307975095544,0.01092413225766114,0.5677163191147697,-0.9665389215680574,0.45356774516455045,1617,xgboost_tuned,0.48455308885615256,True,utility_gap,,1337
segment,lightgbm,gbdt,label_noise,0.1,2633739697,train_only,False,high,True,ok,,0.950937950937951,0.9963269054178144,0.2041867316020725,0.10493122290420226,0.027928511648263033,0.0851009132663198,0.02527130405487619,0.012439071421756083,0.5483159577234463,0.2550520947159962,0.45429004033601444,1617,xgboost_tuned,0.48455308885615256,True,utility_gap,,1337
segment,lightgbm,gbdt,label_noise,0.2,3019105613,train_only,False,high,True,ok,,0.9278499278499278,0.9919274515234112,0.26807218710274183,0.1377618525875327,0.038237564452339154,0.12552209090024855,0.034001662114636545,0.015415131150778161,0.5949279884431516,0.6815262676609013,0.4373760285439554,1617,xgboost_tuned,0.48455308885615256,True,utility_gap,,1337
segment,lightgbm,gbdt,label_noise,0.3,1890180338,train_only,False,high,True,ok,,0.8542568542568543,0.9767394969415172,0.4849176294816359,0.24919836597648165,0.06396649434728406,0.23334520250388469,0.06019302691934915,0.023862608379059267,0.6404130055205252,0.4691251766261032,0.38244454340565787,1617,xgboost_tuned,0.48455308885615256,True,utility_gap,,1337
segment,lightgbm,gbdt,label_noise,0.4,1503163608,train_only,False,high,True,ok,,0.8181818181818182,0.960927213452466,0.6504527509992426,0.334266590528355,0.090762804763647,0.3103620636626623,0.0945135261885754,0.027934153030898638,0.5522199249287759,0.706410364692005,0.34061925932439996,1617,xgboost_tuned,0.48455308885615256,True,utility_gap,,1337
segment,lightgbm_tuned,gbdt,label_noise,0.0,3903513450,train_only,False,high,True,ok,,0.9826839826839827,0.9993076508228024,0.07778449940065224,0.039973325304056055,0.01260442786955077,0.03189058701995988,0.005490478778905332,0.005710708223230813,0.7232669447798118,0.17283425162154115,0.48264739202545126,1617,xgboost_tuned,0.48455308885615256,False,,,1337
segment,lightgbm_tuned,gbdt,label_noise,0.05,3853600052,train_only,False,high,True,ok,,0.9581529581529582,0.9980978617342254,0.13859185993862305,0.07122212708839905,0.03888125967767605,0.06246355874009267,0.025513652659921216,0.014712246743061623,1.6988526818115046,-0.37954879263589514,0.4639143052678677,1617,xgboost_tuned,0.48455308885615256,False,,,1337
segment,lightgbm_tuned,gbdt,label_noise,0.1,2633739697,train_only,False,high,True,ok,,0.9552669552669553,0.9970192545950123,0.208119996852284,0.10695252139638649,0.09084892917485782,0.08167366959217247,0.08899302554362508,0.02924080595319478,1.9333278454063247,0.6962955932794711,0.44199124014441005,1617,xgboost_tuned,0.48455308885615256,True,utility_gap,,1337
segment,lightgbm_tuned,gbdt,label_noise,0.2,3019105613,train_only,False,high,True,ok,,0.9422799422799423,0.9960815465865972,0.3437730130139796,0.17666438153933886,0.18199909389310792,0.1330964805544056,0.179669569537319,0.056706864120228455,2.452344492064566,1.1493277734235905,0.4005713994068771,1617,xgboost_tuned,0.48455308885615256,True,utility_gap;ece,,1337
segment,lightgbm_tuned,gbdt,label_noise,0.3,1890180338,train_only,False,high,True,ok,,0.9163059163059163,0.9882154882154882,0.5257764304515902,0.2701956360661567,0.258795279357951,0.21736336806603643,0.2539683931341708,0.07468322771557902,2.4009925476497918,1.7479856629268755,0.35050356162987106,1617,xgboost_tuned,0.48455308885615256,True,utility_gap;ece,,1337
segment,lightgbm_tuned,gbdt,label_noise,0.4,1503163608,train_only,False,high,True,ok,,0.8787878787878788,0.9829512051734274,0.6796690110023114,0.3492807781141757,0.3027174389861968,0.29551035504962675,0.30271743898619685,0.09163776137987402,2.9000884249397174,2.2598640645326173,0.3105233823973893,1617,xgboost_tuned,0.48455308885615256,True,utility_gap;ece,,1337
segment,xgboost_tuned,gbdt,label_noise,0.0,3903513450,train_only,False,high,True,ok,,0.9812409812409812,0.9993100801181608,0.06801171029604725,0.03495110518287039,0.009531274082448839,0.02926815466142447,0.004042935601137727,0.005136002703915491,0.8901744037906337,-0.04420595436484017,0.48455308885615256,1617,xgboost_tuned,0.48455308885615256,False,,,1337
segment,xgboost_tuned,gbdt,label_noise,0.05,3853600052,train_only,False,high,True,ok,,0.9624819624819625,0.9980322707595436,0.15622782458299528,0.08028522008523346,0.059038951395477185,0.061344902605980106,0.0529235199304179,0.020216172449971488,2.0967275098952847,-0.11995704333232296,0.4577902328334691,1617,xgboost_tuned,0.48455308885615256,False,,,1337
segment,xgboost_tuned,gbdt,label_noise,0.1,2633739697,train_only,False,high,True,ok,,0.9581529581529582,0.9977820533376089,0.22706568703669266,0.11668868017720495,0.11241933953295259,0.08390491514304776,0.11241933953295252,0.03754363025323077,1.921833573634789,0.9683346801672353,0.43545619043135486,1617,xgboost_tuned,0.48455308885615256,True,utility_gap;ece,,1337
segment,xgboost_tuned,gbdt,label_noise,0.2,3019105613,train_only,False,high,True,ok,,0.9538239538239538,0.9970921334557697,0.359146719877085,0.1845649040123672,0.21432953972318347,0.13218079228476537,0.2129126568731723,0.06349669378774517,2.675542885859296,1.5242787769043598,0.3938204606347656,1617,xgboost_tuned,0.48455308885615256,True,utility_gap;ece,,1337
segment,xgboost_tuned,gbdt,label_noise,0.3,1890180338,train_only,False,high,True,ok,,0.9307359307359307,0.9908755666331425,0.5277025573065705,0.2711854694641249,0.2840556781391489,0.2102114951510281,0.28363082051096494,0.08312502364310963,2.945238855040377,1.9692509327091252,0.34825006146492216,1617,xgboost_tuned,0.48455308885615256,True,utility_gap;ece,,1337
segment,xgboost_tuned,gbdt,label_noise,0.4,1503163608,train_only,False,high,True,ok,,0.9134199134199135,0.9876251694433513,0.6902169540029535,0.35470134853761626,0.35930420410835406,0.2948887484712027,0.35872900305203614,0.10477033129611338,3.2791610997066423,3.051903455850309,0.3044105509352043,1617,xgboost_tuned,0.48455308885615256,True,utility_gap;ece,,1337
spambase,catboost_tuned,gbdt,covariate_shift,0.0,1825767378,test_only,False,high,True,ok,,0.9514844315713251,0.9854061248155176,0.1474290838953738,0.21269520821865873,0.00869530784069087,0.07806555349291386,0.013938974822102726,0.014971716996331305,0.8596546887524193,0.4289302641248849,0.4220671843873941,3220,catboost_tuned,0.4220671843873941,False,,,1337
spambase,catboost_tuned,gbdt,covariate_shift,0.05,107084802,test_only,False,low,True,ok,,0.9167270094134685,0.9696976684939208,0.2410241520653444,0.3477243489191398,0.056209829962135006,0.13554433070060629,0.05804734052634969,0.06189384138962104,1.404305135920858,0.18640661508247797,0.3613439647167236,3220,catboost_tuned,0.4220671843873941,True,utility_gap,,1337
spambase,catboost_tuned,gbdt,covariate_shift,0.1,594118314,test_only,False,low,True,ok,,0.8682114409847936,0.954940174994729,0.40690312103166815,0.5870371148346293,0.14587115921450483,0.24512305833489764,0.14773679450070445,0.19108107384376197,2.0192896025001614,0.2809710594314171,0.25917541110258446,3220,catboost_tuned,0.4220671843873941,True,utility_gap;ece,,1337
spambase,catboost_tuned,gbdt,covariate_shift,0.2,998943320,test_only,False,low,True,ok,,0.42939898624185374,0.9000379945885164,0.7260857766367177,1.0475203492138043,0.28841247278982735,0.538471441018435,0.289873421330231,0.32060628379811335,2.709366575124909,-2.7878575928492255,0.007484546720152037,3220,catboost_tuned,0.4220671843873941,True,utility_gap;ece;nll,,1337
spambase,catboost_tuned,gbdt,covariate_shift,0.3,1789088455,test_only,False,low,True,ok,,0.6900796524257784,0.826664514372057,0.5983089943419717,0.8631774190564255,0.05077029436018319,0.4106074595286029,0.061681100928237746,0.19667758079010333,0.6606446133452439,0.22889745362903516,0.12373724330512242,3220,catboost_tuned,0.4220671843873941,True,utility_gap;nll,,1337
spambase,catboost_tuned,gbdt,covariate_shift,0.4,3507937929,test_only,False,low,True,ok,,0.41346850108616945,0.5950765162695902,1.0366685594783356,1.4955965898049002,0.3555717866480539,0.7404384832745455,0.3555717866480538,0.3595338619653591,0.34062805988981293,-0.8378054159517373,-0.24949627841379884,3220,catboost_tuned,0.4220671843873941,True,utility_gap;ece;nll,,1337
spambase,gbdt_ensemble,gbdt,covariate_shift,0.0,1825767378,test_only,False,high,True,ok,,0.9493120926864591,0.9854610302902523,0.14809108396845141,0.21365027244115595,0.012021193585542787,0.08018979722000524,0.01646129674971055,0.02435188131469689,0.9766808447329416,0.2847646309664193,0.42080885405510177,3220,catboost_tuned,0.4220671843873941,False,,,1337
spambase,gbdt_ensemble,gbdt,covariate_shift,0.05,107084802,test_only,False,low,True,ok,,0.9123823316437364,0.9741142648815799,0.275538971483395,0.3975187077307395,0.10800297860213989,0.14908359514076408,0.11015741742738838,0.11285808255736263,2.353507330860554,-0.24516795053367618,0.3369411344154636,3220,catboost_tuned,0.4220671843873941,True,utility_gap;ece,,1337
spambase,gbdt_ensemble,gbdt,covariate_shift,0.1,594118314,test_only,False,low,True,ok,,0.8913830557566981,0.9549017411624148,0.4565892094712308,0.6587189882275568,0.22224900158842134,0.28178038938337335,0.22224900158842134,0.22605676411830533,2.281247637560844,0.8348408358037085,0.22585757098439854,3220,catboost_tuned,0.4220671843873941,True,utility_gap;ece,,1337
spambase,gbdt_ensemble,gbdt,covariate_shift,0.2,998943320,test_only,False,low,True,ok,,0.7545257060101376,0.9251934868929651,0.5668649882679928,0.8178133074278137,0.14075288695083238,0.38149390257707827,0.14702794814994408,0.25897208448413783,2.2795277951355364,0.23078687157544733,0.16350200669554787,3220,catboost_tuned,0.4220671843873941,True,utility_gap;ece;nll,,1337
spambase,gbdt_ensemble,gbdt,covariate_shift,0.3,1789088455,test_only,False,low,True,ok,,0.3953656770456191,0.8585063953896972,0.7608586884877605,1.0976870566985728,0.32972150149516616,0.569363031520741,0.332380784486311,0.33103597363137355,4.875557418913314,-4.48826946776384,-0.035468327365368243,3220,catboost_tuned,0.4220671843873941,True,utility_gap;ece;nll,,1337
spambase,gbdt_ensemble,gbdt,covariate_shift,0.4,3507937929,test_only,False,low,True,ok,,0.3939174511223751,0.8183781801250967,0.7947813685691401,1.146627139025642,0.3156175289928107,0.5992203674242512,0.31820020778941727,0.3156175289928107,5.942676891619824,-5.1921678173710175,-0.061591666794114666,3220,catboost_tuned,0.4220671843873941,True,utility_gap;ece;nll,,1337
spambase,lightgbm,gbdt,covariate_shift,0.0,1825767378,test_only,False,high,True,ok,,0.9507603186097031,0.9861275827535316,0.15313788280471405,0.22093126409459624,0.02359101573432256,0.07990193280726149,0.016835314040068876,0.026352411243048414,0.6673459099007306,0.20651383343503713,0.41676111937994814,3220,catboost_tuned,0.4220671843873941,False,,,1337
spambase,lightgbm,gbdt,covariate_shift,0.05,107084802,test_only,False,low,True,ok,,0.7871107892831282,0.9539233256026424,0.6259380788870675,0.9030377623139372,0.15056316088337554,0.33356891493450735,0.15065312952093227,0.1930534225511107,0.5444803142676354,-0.9282443325108545,0.15091582148253777,3220,catboost_tuned,0.4220671843873941,True,utility_gap;ece;nll,,1337
spambase,lightgbm,gbdt,covariate_shift,0.1,594118314,test_only,False,low,True,ok,,0.7581462708182476,0.8869825708061001,0.6130041673493014,0.8843780722791054,0.155173018942794,0.37533191501880747,0.1500497824011062,0.18370016223322463,0.6335093930946418,-0.6426506337359406,0.12781781493258174,3220,catboost_tuned,0.4220671843873941,True,utility_gap;ece;nll,,1337
spambase,lightgbm,gbdt,covariate_shift,0.2,998943320,test_only,False,low,True,ok,,0.8225923244026068,0.8981843857614731,0.43038634746932086,0.6209162491603035,0.04669347204142541,0.262345425671109,0.04886098935021009,0.06493857552318419,0.6731622304782232,0.43213559756241954,0.24213981452053043,3220,catboost_tuned,0.4220671843873941,True,utility_gap,,1337
spambase,lightgbm,gbdt,covariate_shift,0.3,1789088455,test_only,False,low,True,ok,,0.7538015930485156,0.8441606929510155,0.517594643345573,0.74673122514535,0.07477131943390758,0.3453123299392724,0.0863011444149701,0.1031662810423832,1.0056009227484608,-0.5122268267907376,0.1695528500597462,3220,catboost_tuned,0.4220671843873941,True,utility_gap,,1337
spambase,lightgbm,gbdt,covariate_shift,0.4,3507937929,test_only,False,low,True,ok,,0.7465604634322954,0.810146751352871,0.5652093332633179,0.8154247021631462,0.09338406425232604,0.36619260744977683,0.09248030078135988,0.10586964333339341,0.45519765281827507,0.5609132184291752,0.13223120898894003,3220,catboost_tuned,0.4220671843873941,True,utility_gap;nll,,1337
spambase,lightgbm_tuned,gbdt,covariate_shift,0.0,1825767378,test_only,False,high,True,ok,,0.9471397538015931,0.9861286808630262,0.14270861984010452,0.20588501813542714,0.009098108530580058,0.07901552756539842,0.014405768991462809,0.01436123341881402,1.015049868962478,-0.14565298555662962,0.423630874225554,3220,catboost_tuned,0.4220671843873941,False,,,1337
spambase,lightgbm_tuned,gbdt,covariate_shift,0.05,107084802,test_only,False,low,True,ok,,0.7349746560463433,0.9565763581418231,0.6046162219343718,0.8722768250257391,0.17627932370826968,0.3817459162152769,0.1764849476348397,0.22823883305778056,0.8105632390023126,-1.4488500727572255,0.1481090115072139,3220,catboost_tuned,0.4220671843873941,True,utility_gap;ece;nll,,1337
spambase,lightgbm_tuned,gbdt,covariate_shift,0.1,594118314,test_only,False,low,True,ok,,0.6705286024619841,0.8917340905896409,1.3119670107065493,1.8927683001562563,0.2894129673222101,0.5802769416904849,0.28807391902003776,0.31000259674967495,0.4804220606235033,-1.7425474844808388,-0.21302686143564697,3220,catboost_tuned,0.4220671843873941,True,utility_gap;ece;nll,,1337
spambase,lightgbm_tuned,gbdt,covariate_shift,0.2,998943320,test_only,False,low,True,ok,,0.7096307023895728,0.8900430019678123,0.520653747187564,0.7511445790877547,0.14594825222531826,0.35775371585384036,0.1528093356259659,0.16345217144877516,1.890446769269008,-2.055778763697156,0.1634266318757801,3220,catboost_tuned,0.4220671843873941,True,utility_gap;ece;nll,,1337
spambase,lightgbm_tuned,gbdt,covariate_shift,0.3,1789088455,test_only,False,low,True,ok,,0.6973207820419985,0.8334123972169514,0.6377466417672949,0.9200739174212667,0.16407010588461565,0.43740984124173754,0.1678456813874195,0.20083447423219028,0.8593835924144185,-0.6396162549655654,0.08745625992892961,3220,catboost_tuned,0.4220671843873941,True,utility_gap;ece;nll,,1337
spambase,lightgbm_tuned,gbdt,covariate_shift,0.4,3507937929,test_only,False,low,True,ok,,0.6828385228095583,0.798156493780308,0.6080308408125227,0.8772030787477733,0.12072332805963151,0.4183607821134366,0.13540299877934106,0.1491624221552263,1.548011681355375,-1.36404445114783,0.09447496200828326,3220,catboost_tuned,0.4220671843873941,True,utility_gap;ece;nll,,1337
spambase,xgboost_tuned,gbdt,covariate_shift,0.0,1825767378,test_only,False,high,True,ok,,0.943519188993483,0.9847922816079839,0.15258371693085004,0.22013177173654272,0.010243104426096638,0.08377265047497419,0.0165304583090345,0.016372771506666967,0.9611665759453819,-0.09356295925990471,0.4181170245056346,3220,catboost_tuned,0.4220671843873941,False,,,1337
spambase,xgboost_tuned,gbdt,covariate_shift,0.05,107084802,test_only,False,low,True,ok,,0.7936278059377263,0.9597301286105839,0.5081445854922266,0.7330976735442133,0.11962073364319259,0.31016297255065794,0.12099934867862319,0.1886014686663462,0.6234307971267519,-0.528737230688544,0.2110962671124608,3220,catboost_tuned,0.4220671843873941,True,utility_gap;ece,,1337
spambase,xgboost_tuned,gbdt,covariate_shift,0.1,594118314,test_only,False,low,True,ok,,0.7081824764663287,0.9188870440649378,0.6570884956296733,0.947978314070119,0.18266545326194994,0.41992136730970925,0.18266545326194986,0.24240869712596808,0.7655187118825094,-1.1322166365139565,0.1069112520192518,3220,catboost_tuned,0.4220671843873941,True,utility_gap;ece;nll,,1337
spambase,xgboost_tuned,gbdt,covariate_shift,0.2,998943320,test_only,False,low,True,ok,,0.77697320782042,0.9045951489914963,0.5560759216888738,0.8022479745782978,0.15295881207577453,0.3744208760390948,0.15295881207577453,0.23298706202752487,1.5789168422404503,0.5543679924467708,0.16188812853144244,3220,catboost_tuned,0.4220671843873941,True,utility_gap;ece;nll,,1337
spambase,xgboost_tuned,gbdt,covariate_shift,0.3,1789088455,test_only,False,low,True,ok,,0.6183924692251991,0.8660602906036966,0.9431681992984207,1.360704083852005,0.30672538129431204,0.589163642197341,0.30674884083654996,0.3162103846053572,1.2919390030036606,-3.451956968989826,-0.07367632931939025,3220,catboost_tuned,0.4220671843873941,True,utility_gap;ece;nll,,1337
spambase,xgboost_tuned,gbdt,covariate_shift,0.4,3507937929,test_only,False,low,True,ok,,0.720492396813903,0.7761053570173589,0.6245532238204347,0.9010398387769559,0.14875949084657933,0.4333402684408081,0.15321166392679136,0.17074680298108613,2.463330036592752,0.29848503695868783,0.07964688467575845,3220,catboost_tuned,0.4220671843873941,True,utility_gap;ece;nll,,1337
spambase,catboost_tuned,gbdt,label_noise,0.0,194270041,train_only,False,high,True,ok,,0.9514844315713251,0.9854061248155176,0.1474290838953738,0.21269520821865873,0.00869530784069087,0.07806555349291386,0.013938974822102726,0.014971716996331305,0.8596546887524193,0.4289302641248849,0.4220671843873941,3220,catboost_tuned,0.4220671843873941,False,,,1337
spambase,catboost_tuned,gbdt,label_noise,0.05,4221258498,train_only,False,high,True,ok,,0.944967414916727,0.9818504462716986,0.19612733573798952,0.2829519346519622,0.06803534494781192,0.10099779632359286,0.06803534494781192,0.06479174232387713,1.4724133417978555,0.3829791212041448,0.3869001190474524,3220,catboost_tuned,0.4220671843873941,True,utility_gap,,1337
spambase,catboost_tuned,gbdt,label_noise,0.1,4129367927,train_only,False,high,True,ok,,0.9348298334540188,0.9796948573336144,0.2474546873172286,0.3570016502372948,0.10885879112848428,0.1253004320913998,0.10816929876242884,0.1106823651683626,2.2169445373910905,-0.058366973449220975,0.35424542178798246,3220,catboost_tuned,0.4220671843873941,True,utility_gap;ece,,1337
spambase,catboost_tuned,gbdt,label_noise,0.2,2697480714,train_only,False,high,True,ok,,0.9268645908761767,0.9745491162414787,0.3582292733177952,0.5168155961168402,0.19743985012771728,0.19552673475833074,0.19743985012771734,0.19942405441617106,3.2074192979212395,0.0947338683806,0.2855892304553485,3220,catboost_tuned,0.4220671843873941,True,utility_gap;ece,,1337
spambase,catboost_tuned,gbdt,label_noise,0.3,1337986748,train_only,False,high,True,ok,,0.9181752353367125,0.9732368753953194,0.46423330466744095,0.6697470864592123,0.2723772546904725,0.2807240399648592,0.27237725469047247,0.26562583426134445,5.946393596428654,-0.1909968197666042,0.2229596148130105,3220,catboost_tuned,0.4220671843873941,True,utility_gap;ece,,1337
spambase,catboost_tuned,gbdt,label_noise,0.4,188953274,train_only,False,high,True,ok,,0.8754525706010138,0.9480429492585564,0.5733784715444773,0.8272102774497111,0.3010267756054382,0.38216942295511297,0.3010267756054382,0.2942378452508335,9.927824399206683,-0.1464917740567537,0.15476447947464578,3220,catboost_tuned,0.4220671843873941,True,utility_gap;ece;nll,,1337
spambase,gbdt_ensemble,gbdt,label_noise,0.0,194270041,train_only,False,high,True,ok,,0.9493120926864591,0.9854610302902523,0.14809108396845141,0.21365027244115595,0.012021193585542787,0.08018979722000524,0.01646129674971055,0.02435188131469689,0.9766808447329416,0.2847646309664193,0.42080885405510177,3220,catboost_tuned,0.4220671843873941,False,,,1337
spambase,gbdt_ensemble,gbdt,label_noise,0.05,4221258498,train_only,False,high,True,ok,,0.942795076031861,0.9826015531660692,0.18905723882176906,0.2727519408923266,0.06178325280675013,0.09746699844100946,0.05905767632583436,0.06714252338258084,1.6196737334925213,0.0585596932739188,0.3911475721838553,3220,catboost_tuned,0.4220671843873941,True,utility_gap,,1337
spambase,gbdt_ensemble,gbdt,label_noise,0.1,4129367927,train_only,False,high,True,ok,,0.9384503982621288,0.9794126431934783,0.23207207503047164,0.3348092317752729,0.09607105956076704,0.11828761772961909,0.09607105956076702,0.09345935952459733,1.8659922578241164,0.19501068020828696,0.3639050034123015,3220,catboost_tuned,0.4220671843873941,True,utility_gap,,1337
spambase,gbdt_ensemble,gbdt,label_noise,0.2,2697480714,train_only,False,high,True,ok,,0.9217958001448225,0.9725187117857895,0.3335005790713031,0.48113963155976663,0.1697219765063929,0.18020390088401853,0.16972197650639284,0.17226358833265487,3.0042966162772764,-0.03795089236089672,0.3003646343775412,3220,catboost_tuned,0.4220671843873941,True,utility_gap;ece,,1337
spambase,gbdt_ensemble,gbdt,label_noise,0.3,1337986748,train_only,False,high,True,ok,,0.9196234612599565,0.9678451577763721,0.4305077030115395,0.6210913281992467,0.2472351606034374,0.25446021897441795,0.24723516060343734,0.24408338834853388,4.234516613675938,0.2782926326935931,0.2409148938302623,3220,catboost_tuned,0.4220671843873941,True,utility_gap;ece,,1337
spambase,gbdt_ensemble,gbdt,label_noise,0.4,188953274,train_only,False,high,True,ok,,0.8044895003620565,0.8709216213367067,0.5630682088037356,0.8123357125233808,0.19936193841511865,0.3747642584911679,0.19936193841511862,0.20760770377455562,2.7558478719575743,0.41693850814857913,0.1419228910821178,3220,catboost_tuned,0.4220671843873941,True,utility_gap;ece;nll,,1337
spambase,lightgbm,gbdt,label_noise,0.0,194270041,train_only,False,high,True,ok,,0.9507603186097031,0.9861275827535316,0.15313788280471405,0.22093126409459624,0.02359101573432256,0.07990193280726149,0.016835314040068876,0.026352411243048414,0.6673459099007306,0.20651383343503713,0.41676111937994814,3220,catboost_tuned,0.4220671843873941,False,,,1337
spambase,lightgbm,gbdt,label_noise,0.05,4221258498,train_only,False,high,True,ok,,0.9341057204923968,0.9810587093260243,0.17293344430271207,0.24949022249937047,0.02351676407934941,0.09734508564475611,0.02284715305226158,0.030441866518486106,1.2786177608122764,-0.13646847932857034,0.40393598677228704,3220,catboost_tuned,0.4220671843873941,False,,,1337
spambase,lightgbm,gbdt,label_noise,0.1,4129367927,train_only,False,high,True,ok,,0.9326574945691528,0.9729722310070982,0.21939848664890227,0.31652510866691475,0.05891564116320088,0.1191664933293907,0.059855356607370666,0.059142867998986756,1.2189994269041486,0.5090049385740185,0.37369824420514264,3220,catboost_tuned,0.4220671843873941,True,utility_gap,,1337
spambase,lightgbm,gbdt,label_noise,0.2,2697480714,train_only,False,high,True,ok,,0.8899348298334541,0.9414444093049407,0.3396544303361535,0.49001776226193455,0.10432570909474037,0.19877373962808922,0.10432570909474038,0.10114487414574727,1.580055397580759,0.31680357645637286,0.29512529723421893,3220,catboost_tuned,0.4220671843873941,True,utility_gap;ece,,1337
spambase,lightgbm,gbdt,label_noise,0.3,1337986748,train_only,False,high,True,ok,,0.8443157132512672,0.9061270117365944,0.439030605574638,0.6333872774610088,0.13351165449503813,0.2717440205772709,0.1335116544950381,0.13428392670316996,1.8319177396412485,0.2905848550732859,0.2270732969581878,3220,catboost_tuned,0.4220671843873941,True,utility_gap;ece,,1337
spambase,lightgbm,gbdt,label_noise,0.4,188953274,train_only,False,high,True,ok,,0.7038377986965967,0.7730844577974558,0.5805796313986563,0.8375993550599838,0.07090637894972837,0.39384718086179665,0.06621620704976151,0.1039701942193857,1.1624477569528515,0.10895220308820369,0.1106941477256582,3220,catboost_tuned,0.4220671843873941,True,utility_gap;nll,,1337
spambase,lightgbm_tuned,gbdt,label_noise,0.0,194270041,train_only,False,high,True,ok,,0.9471397538015931,0.9861286808630262,0.14270861984010452,0.20588501813542714,0.009098108530580058,0.07901552756539842,0.014405768991462809,0.01436123341881402,1.015049868962478,-0.14565298555662962,0.423630874225554,3220,catboost_tuned,0.4220671843873941,False,,,1337
spambase,lightgbm_tuned,gbdt,label_noise,0.05,4221258498,train_only,False,high,True,ok,,0.9341057204923968,0.9804448661184904,0.20385497304930772,0.29410055867878954,0.06753564486966214,0.10587066083818257,0.062445517254420005,0.06564901170512545,1.8285827624306081,-0.27676521535878124,0.3815342646377618,3220,catboost_tuned,0.4220671843873941,True,utility_gap,,1337
spambase,lightgbm_tuned,gbdt,label_noise,0.1,4129367927,train_only,False,high,True,ok,,0.9341057204923968,0.9778862709958535,0.24452185222156958,0.3527704635890424,0.10034065520018878,0.12520078385204503,0.10009404356723961,0.10090984072926243,2.0582216001583484,-0.02695210961912284,0.35647678280565775,3220,catboost_tuned,0.4220671843873941,True,utility_gap;ece,,1337
spambase,lightgbm_tuned,gbdt,label_noise,0.2,2697480714,train_only,False,high,True,ok,,0.9254163649529327,0.9722716371494834,0.34736707551743623,0.5011447572171073,0.18605547605814743,0.18943422158192844,0.185296090973255,0.18571298835264238,3.0766730221333582,0.06326314339759631,0.2915530053684974,3220,catboost_tuned,0.4220671843873941,True,utility_gap;ece,,1337
spambase,lightgbm_tuned,gbdt,label_noise,0.3,1337986748,train_only,False,high,True,ok,,0.9022447501810282,0.9589186256940052,0.452059365442488,0.6521838047112891,0.2434888526852042,0.2719457636809992,0.2424794030409129,0.24609909606416944,4.8306042256194095,-0.13164134493162583,0.22660531956962848,3220,catboost_tuned,0.4220671843873941,True,utility_gap;ece,,1337
spambase,lightgbm_tuned,gbdt,label_noise,0.4,188953274,train_only,False,high,True,ok,,0.8225923244026068,0.8898837760910816,0.5656486680103002,0.8160585282239078,0.22754577659343073,0.37645931391399984,0.22754577659343075,0.23339045520746887,3.7334913919911745,0.3623785907744152,0.1445214565064111,3220,catboost_tuned,0.4220671843873941,True,utility_gap;ece;nll,,1337
spambase,xgboost_tuned,gbdt,label_noise,0.0,194270041,train_only,False,high,True,ok,,0.943519188993483,0.9847922816079839,0.15258371693085004,0.22013177173654272,0.010243104426096638,0.08377265047497419,0.0165304583090345,0.016372771506666967,0.9611665759453819,-0.09356295925990471,0.4181170245056346,3220,catboost_tuned,0.4220671843873941,False,,,1337
spambase,xgboost_tuned,gbdt,label_noise,0.05,4221258498,train_only,False,high,True,ok,,0.9304851556842868,0.9813705724225174,0.20144063265694678,0.2906174017677125,0.06420969067513614,0.10439530209437632,0.06799099845900826,0.06310578353182428,2.0354040542891427,-0.608356433144328,0.3830253150351831,3220,catboost_tuned,0.4220671843873941,True,utility_gap,,1337
spambase,xgboost_tuned,gbdt,label_noise,0.1,4129367927,train_only,False,high,True,ok,,0.9312092686459088,0.9772427788319631,0.24673715389714732,0.3559664683304714,0.09695558382600747,0.12650845573662073,0.09695558382600747,0.10057800922043207,2.091041024240891,-0.1339092991805187,0.3555353056237304,3220,catboost_tuned,0.4220671843873941,True,utility_gap,,1337
spambase,xgboost_tuned,gbdt,label_noise,0.2,2697480714,train_only,False,high,True,ok,,0.9232440260680667,0.9727602958746222,0.3484155179896765,0.5026573399724658,0.1835051758304647,0.1899642871433586,0.18350517583046475,0.1860571851949095,3.236005688193635,-0.08917234610782507,0.29145447030849514,3220,catboost_tuned,0.4220671843873941,True,utility_gap;ece,,1337
spambase,xgboost_tuned,gbdt,label_noise,0.3,1337986748,train_only,False,high,True,ok,,0.9022447501810282,0.963235294117647,0.45260324220226983,0.6529684530154811,0.2435429780434342,0.27197970799215504,0.2433391914281265,0.24490052754493113,5.230726854143781,-0.3177052096192174,0.2278699339549995,3220,catboost_tuned,0.4220671843873941,True,utility_gap;ece,,1337
spambase,xgboost_tuned,gbdt,label_noise,0.4,188953274,train_only,False,high,True,ok,,0.8291093410572049,0.8989102361374657,0.5678371981651675,0.8192159098251708,0.23838044792647398,0.3783516786499884,0.24072728146382152,0.24756134173861952,4.410482576144114,0.28733647933203366,0.1455441212738477,3220,catboost_tuned,0.4220671843873941,True,utility_gap;ece;nll,,1337
splice,catboost_tuned,gbdt,covariate_shift,0.0,3743988243,test_only,False,high,True,ok,,0.9582027168234065,0.9928519946503575,0.1306155576518444,0.11889140418244794,0.017452373340294886,0.064364576145488,0.015075427079133303,0.013967804365259415,0.9640259543531838,-0.35873493477716484,0.45207070972834273,2233,catboost_tuned,0.45207070972834273,False,,,1337
splice,catboost_tuned,gbdt,covariate_shift,0.05,12445223,test_only,False,high,True,ok,,0.9582027168234065,0.9929714563119804,0.12870897894649516,0.11715596145618765,0.016034413786842883,0.06487632995299944,0.0184837516750224,0.016488136165627734,0.9605411111876235,-0.33416656040819775,0.4529167460384792,2233,catboost_tuned,0.45207070972834273,False,,,1337
splice,catboost_tuned,gbdt,covariate_shift,0.1,2970821499,test_only,False,high,True,ok,,0.955067920585162,0.9934882103256863,0.13050460018161344,0.11879040634055643,0.01574661783251109,0.06601269997519944,0.01998704273804693,0.014287648104638557,1.110249198406788,-0.8198427390952312,0.4521946162330953,2233,catboost_tuned,0.45207070972834273,False,,,1337
splice,catboost_tuned,gbdt,covariate_shift,0.2,2041984416,test_only,False,high,True,ok,,0.9571577847439916,0.99241120626837,0.12901470459906952,0.11743424493774691,0.014779903747401086,0.0626840327283794,0.019012746702440787,0.013296112869612025,0.9965609408652535,-0.44954793048920294,0.4527313356747239,2233,catboost_tuned,0.45207070972834273,False,,,1337
splice,catboost_tuned,gbdt,covariate_shift,0.3,1859723882,test_only,False,high,True,ok,,0.9540229885057471,0.9929880942253003,0.1326409733354759,0.12073501698791453,0.017153907251317255,0.06686720782571061,0.021995329363380875,0.015892027383765762,1.064771534502834,-0.698366112931762,0.4509979947080794,2233,catboost_tuned,0.45207070972834273,False,,,1337
splice,catboost_tuned,gbdt,covariate_shift,0.4,725870409,test_only,False,high,True,ok,,0.9540229885057471,0.9924877394663216,0.13405864142666563,0.12202543409485261,0.015560462623682476,0.06627137456363869,0.019041204594783864,0.01526089015779908,1.0417673228200135,-0.6424036324691486,0.4507544343358823,2233,catboost_tuned,0.45207070972834273,False,,,1337
splice,gbdt_ensemble,gbdt,covariate_shift,0.0,3743988243,test_only,False,high,True,ok,,0.9582027168234065,0.992647458219805,0.13398686852219877,0.12196010358179794,0.019320365181772117,0.0665188742860914,0.019664796211118232,0.016534632631846166,0.8937323497721966,-0.36484395660722174,0.45070491378954886,2233,catboost_tuned,0.45207070972834273,False,,,1337
splice,gbdt_ensemble,gbdt,covariate_shift,0.05,12445223,test_only,False,high,True,ok,,0.9571577847439916,0.9931831605224514,0.1302177942493823,0.11852934433061035,0.01800797195094987,0.06557588640696056,0.018272986187368882,0.01802234992544459,0.9642328978285227,-0.5642423270707025,0.45202737620508365,2233,catboost_tuned,0.45207070972834273,False,,,1337
splice,gbdt_ensemble,gbdt,covariate_shift,0.1,2970821499,test_only,False,high,True,ok,,0.9571577847439916,0.9929353667205874,0.13278750406686132,0.12086839500752787,0.018431395595112282,0.06653367421385532,0.018250205767927522,0.015912850178114394,0.9202726534291609,-0.428734566506329,0.45115424844252344,2233,catboost_tuned,0.45207070972834273,False,,,1337
splice,gbdt_ensemble,gbdt,covariate_shift,0.2,2041984416,test_only,False,high,True,ok,,0.9561128526645768,0.9929465535914287,0.13155022268876046,0.11974217296280555,0.02225199656185254,0.06583993784423318,0.01981944541030874,0.016693416562806405,0.9620193520676231,-0.5810220453729295,0.4505751704554744,2233,catboost_tuned,0.45207070972834273,False,,,1337
splice,gbdt_ensemble,gbdt,covariate_shift,0.3,1859723882,test_only,False,high,True,ok,,0.9571577847439916,0.9932726033452876,0.13137326368435143,0.11958109793548762,0.01801535705461108,0.066844446151606,0.01932952228090495,0.018134281652591597,0.936021237256502,-0.46120556127304224,0.4517416780908809,2233,catboost_tuned,0.45207070972834273,False,,,1337
splice,gbdt_ensemble,gbdt,covariate_shift,0.4,725870409,test_only,False,high,True,ok,,0.9582027168234065,0.9926238069527145,0.13599025054014954,0.12378366048045557,0.017866251448436357,0.06740821179281371,0.01912087169756629,0.016983233393859966,0.8602049629303624,-0.27609435482113875,0.4504403915231371,2233,catboost_tuned,0.45207070972834273,False,,,1337
splice,lightgbm,gbdt,covariate_shift,0.0,3743988243,test_only,False,high,True,ok,,0.9582027168234065,0.9932809323296196,0.2388201822161816,0.2173834979633375,0.0353139413715008,0.07278928654705231,0.03432123013403729,0.025272659211725123,0.402671593834028,-0.5167792872042254,0.4191008961755764,2233,catboost_tuned,0.45207070972834273,True,utility_gap,,1337
splice,lightgbm,gbdt,covariate_shift,0.05,12445223,test_only,False,high,True,ok,,0.9582027168234065,0.9932809323296196,0.2388201822161816,0.2173834979633375,0.0353139413715008,0.07278928654705231,0.03432123013403729,0.025272659211725123,0.402671593834028,-0.5167792872042254,0.4191008961755764,2233,catboost_tuned,0.45207070972834273,True,utility_gap,,1337
splice,lightgbm,gbdt,covariate_shift,0.1,2970821499,test_only,False,high,True,ok,,0.9582027168234065,0.9932809323296196,0.2388201822161816,0.2173834979633375,0.0353139413715008,0.07278928654705231,0.03432123013403729,0.025272659211725123,0.402671593834028,-0.5167792872042254,0.4191008961755764,2233,catboost_tuned,0.45207070972834273,True,utility_gap,,1337
splice,lightgbm,gbdt,covariate_shift,0.2,2041984416,test_only,False,high,True,ok,,0.9582027168234065,0.9932809323296196,0.2388201822161816,0.2173834979633375,0.0353139413715008,0.07278928654705231,0.03432123013403729,0.025272659211725123,0.402671593834028,-0.5167792872042254,0.4191008961755764,2233,catboost_tuned,0.45207070972834273,True,utility_gap,,1337
splice,lightgbm,gbdt,covariate_shift,0.3,1859723882,test_only,False,high,True,ok,,0.9582027168234065,0.9932809323296196,0.2388201822161816,0.2173834979633375,0.0353139413715008,0.07278928654705231,0.03432123013403729,0.025272659211725123,0.402671593834028,-0.5167792872042254,0.4191008961755764,2233,catboost_tuned,0.45207070972834273,True,utility_gap,,1337
splice,lightgbm,gbdt,covariate_shift,0.4,725870409,test_only,False,high,True,ok,,0.9582027168234065,0.9932809323296196,0.2388201822161816,0.2173834979633375,0.0353139413715008,0.07278928654705231,0.03432123013403729,0.025272659211725123,0.402671593834028,-0.5167792872042254,0.4191008961755764,2233,catboost_tuned,0.45207070972834273,True,utility_gap,,1337
splice,lightgbm_tuned,gbdt,covariate_shift,0.0,3743988243,test_only,False,high,True,ok,,0.9561128526645768,0.9925412671792572,0.13231365616467644,0.12043708005950435,0.014638176603674911,0.06628092209244668,0.01681567494687912,0.014706172595048658,1.0511168819967784,-0.2860029257411822,0.45174761207384023,2233,catboost_tuned,0.45207070972834273,False,,,1337
splice,lightgbm_tuned,gbdt,covariate_shift,0.05,12445223,test_only,False,high,True,ok,,0.9561128526645768,0.9925412671792572,0.13231365616467644,0.12043708005950435,0.014638176603674911,0.06628092209244668,0.01681567494687912,0.014706172595048658,1.0511168819967784,-0.2860029257411822,0.45174761207384023,2233,catboost_tuned,0.45207070972834273,False,,,1337
splice,lightgbm_tuned,gbdt,covariate_shift,0.1,2970821499,test_only,False,high,True,ok,,0.9561128526645768,0.9925412671792572,0.13231365616467644,0.12043708005950435,0.014638176603674911,0.06628092209244668,0.01681567494687912,0.014706172595048658,1.0511168819967784,-0.2860029257411822,0.45174761207384023,2233,catboost_tuned,0.45207070972834273,False,,,1337
splice,lightgbm_tuned,gbdt,covariate_shift,0.2,2041984416,test_only,False,high,True,ok,,0.9561128526645768,0.9925412671792572,0.13231365616467644,0.12043708005950435,0.014638176603674911,0.06628092209244668,0.01681567494687912,0.014706172595048658,1.0511168819967784,-0.2860029257411822,0.45174761207384023,2233,catboost_tuned,0.45207070972834273,False,,,1337
splice,lightgbm_tuned,gbdt,covariate_shift,0.3,1859723882,test_only,False,high,True,ok,,0.9561128526645768,0.9925412671792572,0.13231365616467644,0.12043708005950435,0.014638176603674911,0.06628092209244668,0.01681567494687912,0.014706172595048658,1.0511168819967784,-0.2860029257411822,0.45174761207384023,2233,catboost_tuned,0.45207070972834273,False,,,1337
splice,lightgbm_tuned,gbdt,covariate_shift,0.4,725870409,test_only,False,high,True,ok,,0.9561128526645768,0.9925412671792572,0.13231365616467644,0.12043708005950435,0.014638176603674911,0.06628092209244668,0.01681567494687912,0.014706172595048658,1.0511168819967784,-0.2860029257411822,0.45174761207384023,2233,catboost_tuned,0.45207070972834273,False,,,1337
splice,xgboost_tuned,gbdt,covariate_shift,0.0,3743988243,test_only,False,high,True,ok,,0.9540229885057471,0.992589221512116,0.14669351941381217,0.13352619566239735,0.02409803466309772,0.07137329680618112,0.024476193599209165,0.018464417919666774,0.9162472027247943,-0.6733415860269568,0.44563221017376387,2233,catboost_tuned,0.45207070972834273,False,,,1337
splice,xgboost_tuned,gbdt,covariate_shift,0.05,12445223,test_only,False,high,True,ok,,0.9540229885057471,0.992589221512116,0.14669351941381217,0.13352619566239735,0.02409803466309772,0.07137329680618112,0.024476193599209165,0.018464417919666774,0.9162472027247943,-0.6733415860269568,0.44563221017376387,2233,catboost_tuned,0.45207070972834273,False,,,1337
splice,xgboost_tuned,gbdt,covariate_shift,0.1,2970821499,test_only,False,high,True,ok,,0.9540229885057471,0.992589221512116,0.14669351941381217,0.13352619566239735,0.02409803466309772,0.07137329680618112,0.024476193599209165,0.018464417919666774,0.9162472027247943,-0.6733415860269568,0.44563221017376387,2233,catboost_tuned,0.45207070972834273,False,,,1337
splice,xgboost_tuned,gbdt,covariate_shift,0.2,2041984416,test_only,False,high,True,ok,,0.9561128526645768,0.9926085749190033,0.14436749985906694,0.13140896142176714,0.024029012538175624,0.0682178392133309,0.020589571090673796,0.020177216031748126,0.7724000583362506,-0.2421149870212848,0.4466014381871724,2233,catboost_tuned,0.45207070972834273,False,,,1337
splice,xgboost_tuned,gbdt,covariate_shift,0.3,1859723882,test_only,False,high,True,ok,,0.9540229885057471,0.992589221512116,0.14669351941381217,0.13352619566239735,0.02409803466309772,0.07137329680618112,0.024476193599209165,0.018464417919666774,0.9162472027247943,-0.6733415860269568,0.44563221017376387,2233,catboost_tuned,0.45207070972834273,False,,,1337
splice,xgboost_tuned,gbdt,covariate_shift,0.4,725870409,test_only,False,high,True,ok,,0.9540229885057471,0.992589221512116,0.14669351941381217,0.13352619566239735,0.02409803466309772,0.07137329680618112,0.024476193599209165,0.018464417919666774,0.9162472027247943,-0.6733415860269568,0.44563221017376387,2233,catboost_tuned,0.45207070972834273,False,,,1337
splice,catboost_tuned,gbdt,label_noise,0.0,2601880426,train_only,False,high,True,ok,,0.9582027168234065,0.9928519946503575,0.1306155576518444,0.11889140418244794,0.017452373340294886,0.064364576145488,0.015075427079133303,0.013967804365259415,0.9640259543531838,-0.35873493477716484,0.45207070972834273,2233,catboost_tuned,0.45207070972834273,False,,,1337
splice,catboost_tuned,gbdt,label_noise,0.05,4175070971,train_only,False,high,True,ok,,0.9529780564263323,0.9919681135273656,0.18224217868226414,0.165883979782534,0.06526178122582198,0.08076268698115124,0.06317676534555541,0.04848190125948987,1.776019222460813,-0.01771477390728984,0.4273179980186032,2233,catboost_tuned,0.45207070972834273,False,,,1337
splice,catboost_tuned,gbdt,label_noise,0.1,1032804691,train_only,False,high,True,ok,,0.9487983281086729,0.9893575334750766,0.24414568568257797,0.22223098011998868,0.11171856386700846,0.10565702783599512,0.11050239371028497,0.0805330755350336,1.745792238994727,0.5822174425298378,0.39958187912317944,2233,catboost_tuned,0.45207070972834273,True,utility_gap;ece,,1337
splice,catboost_tuned,gbdt,label_noise,0.2,3273239136,train_only,False,high,True,ok,,0.9446185997910136,0.9895512781250627,0.3668855890347316,0.33395365482350575,0.2140412834453836,0.163514107522651,0.21404128344538356,0.14557684689011194,2.582541393033592,1.056125024925388,0.3450413841762955,2233,catboost_tuned,0.45207070972834273,True,utility_gap;ece,,1337
splice,catboost_tuned,gbdt,label_noise,0.3,2416687004,train_only,False,high,True,ok,,0.9341692789968652,0.9878999391560978,0.5534075520694562,0.503733262205153,0.337026175377942,0.2791279438863876,0.33702617537794205,0.2285292878957216,4.651002892398868,1.9263762202331305,0.26736515681702966,2233,catboost_tuned,0.45207070972834273,True,utility_gap;ece,,1337
splice,catboost_tuned,gbdt,label_noise,0.4,1164650923,train_only,False,high,True,ok,,0.9477533960292581,0.989675667384688,0.6910500179682936,0.6290208339159216,0.4361939419722872,0.37666229106328614,0.4361939419722873,0.2827791919344958,7.221513872111751,3.903980007815716,0.21260445441979556,2233,catboost_tuned,0.45207070972834273,True,utility_gap;ece,,1337
splice,gbdt_ensemble,gbdt,label_noise,0.0,2601880426,train_only,False,high,True,ok,,0.9582027168234065,0.992647458219805,0.13398686852219877,0.12196010358179794,0.019320365181772117,0.0665188742860914,0.019664796211118232,0.016534632631846166,0.8937323497721966,-0.36484395660722174,0.45070491378954886,2233,catboost_tuned,0.45207070972834273,False,,,1337
splice,gbdt_ensemble,gbdt,label_noise,0.05,4175070971,train_only,False,high,True,ok,,0.9519331243469175,0.9935229120872796,0.14108157861900422,0.12841798701345575,0.026878925895523088,0.07240029710514266,0.018742264923967963,0.02347652730020809,1.36394249876154,-0.1929503165898641,0.44662180659944406,2233,catboost_tuned,0.45207070972834273,False,,,1337
splice,gbdt_ensemble,gbdt,label_noise,0.1,1032804691,train_only,False,high,True,ok,,0.9404388714733543,0.9892778315327847,0.19771400525912114,0.17996704324035687,0.04707990737702806,0.09510633792276646,0.044324228738098805,0.04126728192905741,1.4562506607431156,0.05739325995948037,0.42390697730996507,2233,catboost_tuned,0.45207070972834273,False,,,1337
splice,gbdt_ensemble,gbdt,label_noise,0.2,3273239136,train_only,False,high,True,ok,,0.9331243469174504,0.98275351729619,0.3095281469278946,0.28174466107888485,0.13280868726497225,0.14700162352331153,0.13280868726497227,0.08768747266245265,1.4248350993736716,1.0030702426837963,0.3728472473146241,2233,catboost_tuned,0.45207070972834273,True,utility_gap;ece,,1337
splice,gbdt_ensemble,gbdt,label_noise,0.3,2416687004,train_only,False,high,True,ok,,0.9049111807732497,0.9689889772219827,0.42454572842958316,0.3864381755134711,0.18507429562110417,0.21235709763286323,0.18253704421087139,0.12393076542114505,1.751683866026083,0.9885226588600742,0.32193650736541923,2233,catboost_tuned,0.45207070972834273,True,utility_gap;ece,,1337
splice,gbdt_ensemble,gbdt,label_noise,0.4,1164650923,train_only,False,high,True,ok,,0.8432601880877743,0.9145002342664724,0.6055043373749605,0.5511537997713796,0.20738484518160685,0.3272757878932125,0.2073848451816069,0.13310646766850895,1.2819673395500615,1.1125066979936868,0.23974100123869624,2233,catboost_tuned,0.45207070972834273,True,utility_gap;ece,,1337
splice,lightgbm,gbdt,label_noise,0.0,2601880426,train_only,False,high,True,ok,,0.9582027168234065,0.9932809323296196,0.2388201822161816,0.2173834979633375,0.0353139413715008,0.07278928654705231,0.03432123013403729,0.025272659211725123,0.402671593834028,-0.5167792872042254,0.4191008961755764,2233,catboost_tuned,0.45207070972834273,True,utility_gap,,1337
splice,lightgbm,gbdt,label_noise,0.05,4175070971,train_only,False,high,True,ok,,0.9529780564263323,0.9913775678812223,0.19097846295483048,0.173836088422387,0.03529073451975406,0.0820959716624494,0.026107570742467726,0.024283589082445347,0.533463665845386,0.06655860843572586,0.4307198837917108,2233,catboost_tuned,0.45207070972834273,False,,,1337
splice,lightgbm,gbdt,label_noise,0.1,1032804691,train_only,False,high,True,ok,,0.9435736677115988,0.9871248021189354,0.20638469905772477,0.18785944885791597,0.02610406981308728,0.09858583633915735,0.023129423024955006,0.023891417147237064,0.6440870480313101,0.31581663352901357,0.42545108227837486,2233,catboost_tuned,0.45207070972834273,False,,,1337
splice,lightgbm,gbdt,label_noise,0.2,3273239136,train_only,False,high,True,ok,,0.9153605015673981,0.9750130690648687,0.2719378584581242,0.2475285059734813,0.028028613054901143,0.1406165977932058,0.032932114657466406,0.02790224773282766,0.8435775504161324,0.5391903117106752,0.39869437500478916,2233,catboost_tuned,0.45207070972834273,True,utility_gap,,1337
splice,lightgbm,gbdt,label_noise,0.3,2416687004,train_only,False,high,True,ok,,0.8787878787878788,0.9568509937282528,0.3850803929609014,0.3505152790778895,0.0686606544136845,0.20397347993497514,0.06980175584241657,0.04992713196641002,0.9984696141208297,0.6199469987733462,0.3478293150169665,2233,catboost_tuned,0.45207070972834273,True,utility_gap,,1337
splice,lightgbm,gbdt,label_noise,0.4,1164650923,train_only,False,high,True,ok,,0.8056426332288401,0.8985690552220286,0.569376921256837,0.5182692084639929,0.07908173838440316,0.31379757471504555,0.08952601654835027,0.06402118854288655,0.8723501497446305,0.5433545182887404,0.2640484540959575,2233,catboost_tuned,0.45207070972834273,True,utility_gap,,1337
splice,lightgbm_tuned,gbdt,label_noise,0.0,2601880426,train_only,False,high,True,ok,,0.9561128526645768,0.9925412671792572,0.13231365616467644,0.12043708005950435,0.014638176603674911,0.06628092209244668,0.01681567494687912,0.014706172595048658,1.0511168819967784,-0.2860029257411822,0.45174761207384023,2233,catboost_tuned,0.45207070972834273,False,,,1337
splice,lightgbm_tuned,gbdt,label_noise,0.05,4175070971,train_only,False,high,True,ok,,0.9519331243469175,0.9910011050093397,0.17802044372335124,0.16204119101850964,0.05810315461546317,0.0799884176901092,0.04911047622715723,0.04162701894538758,1.6055914845210788,-0.011775592454045641,0.42940736717666095,2233,catboost_tuned,0.45207070972834273,False,,,1337
splice,lightgbm_tuned,gbdt,label_noise,0.1,1032804691,train_only,False,high,True,ok,,0.9467084639498433,0.9898780819598532,0.24412966524962196,0.22221639769348459,0.10942395830333235,0.10674655841826322,0.10624814040107519,0.07843874449762268,1.9116812944185446,0.3752988462038142,0.3999138873097133,2233,catboost_tuned,0.45207070972834273,True,utility_gap;ece,,1337
splice,lightgbm_tuned,gbdt,label_noise,0.2,3273239136,train_only,False,high,True,ok,,0.9341692789968652,0.9853487951210642,0.3746293602692698,0.34100233916320694,0.20060311790832436,0.17142488968064679,0.20060311790832439,0.1400387757974899,2.368373032146895,0.9651950050181825,0.3425761448112752,2233,catboost_tuned,0.45207070972834273,True,utility_gap;ece,,1337
splice,lightgbm_tuned,gbdt,label_noise,0.3,2416687004,train_only,False,high,True,ok,,0.910135841170324,0.9762956183365367,0.499158365897693,0.45435352493903197,0.25962389221691823,0.24911947331501166,0.2596238922169183,0.1762242394833906,3.024527032265049,1.3035803886668051,0.2899930066682431,2233,catboost_tuned,0.45207070972834273,True,utility_gap;ece,,1337
splice,lightgbm_tuned,gbdt,label_noise,0.4,1164650923,train_only,False,high,True,ok,,0.8798328108672936,0.9681446372150733,0.6172829310587996,0.5618751377769091,0.30714074173048833,0.3308760047459587,0.30714074173048833,0.20082500075838902,3.756134783397176,1.7594965997660421,0.24083485497619928,2233,catboost_tuned,0.45207070972834273,True,utility_gap;ece,,1337
splice,xgboost_tuned,gbdt,label_noise,0.0,2601880426,train_only,False,high,True,ok,,0.9540229885057471,0.992589221512116,0.14669351941381217,0.13352619566239735,0.02409803466309772,0.07137329680618112,0.024476193599209165,0.018464417919666774,0.9162472027247943,-0.6733415860269568,0.44563221017376387,2233,catboost_tuned,0.45207070972834273,False,,,1337
splice,xgboost_tuned,gbdt,label_noise,0.05,4175070971,train_only,False,high,True,ok,,0.9508881922675027,0.9912937947041137,0.18619343142227357,0.16948056502080736,0.06705625377325082,0.08208269963721922,0.061894940030760945,0.046349772719577575,1.8277531590896332,-0.1845193052541297,0.42533063672567284,2233,catboost_tuned,0.45207070972834273,False,,,1337
splice,xgboost_tuned,gbdt,label_noise,0.1,1032804691,train_only,False,high,True,ok,,0.9508881922675027,0.989954661285096,0.251859630188956,0.22925251500171656,0.11987018782421648,0.10828888461504321,0.11955406082127207,0.08283613743028304,1.8434897373031074,0.590721920983237,0.39636756822455066,2233,catboost_tuned,0.45207070972834273,True,utility_gap;ece,,1337
splice,xgboost_tuned,gbdt,label_noise,0.2,3273239136,train_only,False,high,True,ok,,0.93521421107628,0.9856325100494322,0.3815965947755208,0.3473441893119047,0.2090928220664587,0.1727002042632199,0.20909282206645874,0.14854573901518328,2.565182765668625,0.9214153199802,0.3392316889718801,2233,catboost_tuned,0.45207070972834273,True,utility_gap;ece,,1337
splice,xgboost_tuned,gbdt,label_noise,0.3,2416687004,train_only,False,high,True,ok,,0.9258098223615465,0.9808648072875986,0.4994705261729737,0.4546376654665871,0.28290114319504356,0.24642807627519964,0.28290114319504356,0.18683581225883086,3.109323990080884,1.5599080199375184,0.28920262762590665,2233,catboost_tuned,0.45207070972834273,True,utility_gap;ece,,1337
splice,xgboost_tuned,gbdt,label_noise,0.4,1164650923,train_only,False,high,True,ok,,0.910135841170324,0.9770499379267049,0.6240252090883766,0.5680122237162544,0.34956856923119967,0.3334677010623629,0.3495685692311996,0.22231898388511948,4.134136071788741,2.2561949130898897,0.238170473488779,2233,catboost_tuned,0.45207070972834273,True,utility_gap;ece,,1337
steel-plates-fault,catboost_tuned,gbdt,covariate_shift,0.0,86817811,test_only,True,low,True,ok,,1.0,1.0,0.0007004003716047983,0.0010104641427510297,0.0006998995920026729,1.9977032883771787e-06,0.0006998995920026643,0.0006998995920026103,,,0.49955688083877414,1358,catboost_tuned,0.49955688083877414,False,,,1337
steel-plates-fault,catboost_tuned,gbdt,covariate_shift,0.05,3121906520,test_only,True,low,True,ok,,1.0,1.0,0.0012952512360568614,0.0018686525349645342,0.0012936640588971926,6.326878029213918e-06,0.001293664058897156,0.001293664058897088,,,0.4991806714277312,1358,catboost_tuned,0.49955688083877414,False,,,1337
steel-plates-fault,catboost_tuned,gbdt,covariate_shift,0.1,4280151257,test_only,True,low,True,ok,,1.0,1.0,0.0022044317120835178,0.0031803226990012585,0.0021832645954344976,8.241397983841819e-05,0.002183264595434428,0.002183264595434403,,,0.4986092502712127,1358,catboost_tuned,0.49955688083877414,False,,,1337
steel-plates-fault,catboost_tuned,gbdt,covariate_shift,0.2,831851922,test_only,True,low,True,ok,,1.0,1.0,0.0013190223111472922,0.0019029469471140978,0.0013150160840343927,1.589728490571331e-05,0.0013150160840342902,0.0013150160840342856,,,0.49916611269905886,1358,catboost_tuned,0.49955688083877414,False,,,1337
steel-plates-fault,catboost_tuned,gbdt,covariate_shift,0.3,22531608,test_only,True,low,True,ok,,1.0,1.0,0.0029801355054377447,0.004299426714872159,0.00295986779147972,7.971254053877997e-05,0.0029598677914797413,0.0029598677914797404,,,0.4981181984272424,1358,catboost_tuned,0.49955688083877414,False,,,1337
steel-plates-fault,catboost_tuned,gbdt,covariate_shift,0.4,1242730205,test_only,True,low,True,ok,,1.0,0.9999999999999999,0.002229952235503246,0.003217141031579791,0.00222374498009259,2.4665200611458992e-05,0.002223744980092681,0.0022237449800926548,,,0.49859010869450743,1358,catboost_tuned,0.49955688083877414,False,,,1337
steel-plates-fault,gbdt_ensemble,gbdt,covariate_shift,0.0,86817811,test_only,True,low,True,ok,,1.0,1.0,0.0009613377088968584,0.0013869171452450554,0.0009600275639569666,5.204784169880605e-06,0.0009600275639571498,0.000960027563957179,,,0.4993919193436351,1358,catboost_tuned,0.49955688083877414,False,,,1337
steel-plates-fault,gbdt_ensemble,gbdt,covariate_shift,0.05,3121906520,test_only,True,low,True,ok,,1.0,1.0,0.0013812888545546482,0.0019927785805011877,0.0013777198270278346,1.4126176998063982e-05,0.001377719827027895,0.001377719827027861,,,0.4991266224604441,1358,catboost_tuned,0.49955688083877414,False,,,1337
steel-plates-fault,gbdt_ensemble,gbdt,covariate_shift,0.1,4280151257,test_only,True,low,True,ok,,1.0,1.0,0.0012758858974366892,0.0018407142569720762,0.0012728804840536068,1.1939162422494864e-05,0.0012728804840536386,0.0012728804840536618,,,0.49919320962609764,1358,catboost_tuned,0.49955688083877414,False,,,1337
steel-plates-fault,gbdt_ensemble,gbdt,covariate_shift,0.2,831851922,test_only,True,low,True,ok,,1.0,1.0,0.002102737154063356,0.003033608464460176,0.002089657332640771,5.1532509769539014e-05,0.002089657332640819,0.0020896573326407847,,,0.4986719859941338,1358,catboost_tuned,0.49955688083877414,False,,,1337
steel-plates-fault,gbdt_ensemble,gbdt,covariate_shift,0.3,22531608,test_only,True,low,True,ok,,1.0,1.0,0.002684296843967296,0.0038726217450655133,0.002666553588515308,6.986198831666992e-05,0.0026665535885151952,0.0026665535885152746,,,0.49830490275877726,1358,catboost_tuned,0.49955688083877414,False,,,1337
steel-plates-fault,gbdt_ensemble,gbdt,covariate_shift,0.4,1242730205,test_only,True,low,True,ok,,1.0,1.0,0.004339131976585141,0.00626004418438211,0.004269602972697916,0.0002689482130642871,0.004269602972698033,0.004269602972698058,,,0.4972680661501458,1358,catboost_tuned,0.49955688083877414,False,,,1337
steel-plates-fault,lightgbm,gbdt,covariate_shift,0.0,86817811,test_only,True,low,True,ok,,1.0,1.0,6.9844623813564675e-06,1.0076449240858496e-05,6.9842535816988516e-06,8.350106357579669e-10,6.984253581637341e-06,6.984253581699089e-06,,,0.4999955802145114,1358,catboost_tuned,0.49955688083877414,False,,,1337
steel-plates-fault,lightgbm,gbdt,covariate_shift,0.05,3121906520,test_only,True,low,True,ok,,1.0,1.0,1.2262615175260418e-05,1.7691214101677953e-05,1.2262126540818485e-05,1.954190012410434e-09,1.2262126540909128e-05,1.2262126540941234e-05,,,0.49999224021046135,1358,catboost_tuned,0.49955688083877414,False,,,1337
steel-plates-fault,lightgbm,gbdt,covariate_shift,0.1,4280151257,test_only,True,low,True,ok,,0.6535162950257289,0.9700241677711079,3.336908731495763,4.814141678828019,0.34645011640149714,0.692861349730122,0.3464529146481106,0.3464501164014971,2.9321776325680635,-30.42591712790599,-1.0759966239549579,1358,catboost_tuned,0.49955688083877414,True,utility_gap;ece;nll,,1337
steel-plates-fault,lightgbm,gbdt,covariate_shift,0.2,831851922,test_only,True,low,True,ok,,0.6535162950257289,0.6863387126114187,4.201348433502654,6.061264550060893,0.3464788751341251,0.6929592812660131,0.3464788751341252,0.3464788751341251,1.4034572773817295,-16.644119679964856,-1.549429146377237,1358,catboost_tuned,0.49955688083877414,True,utility_gap;ece;nll,,1337
steel-plates-fault,lightgbm,gbdt,covariate_shift,0.3,22531608,test_only,True,low,True,ok,,0.6535162950257289,0.6692523583066968,4.184322466859199,6.036701272418041,0.346478464402152,0.692959034411774,0.3464784644021518,0.3464784644021519,1.544962229692269,-18.218698399517184,-1.5480403049446394,1358,catboost_tuned,0.49955688083877414,True,utility_gap;ece;nll,,1337
steel-plates-fault,lightgbm,gbdt,covariate_shift,0.4,1242730205,test_only,True,low,True,ok,,0.6535162950257289,0.6306553883734829,4.157235051967773,5.997622393283678,0.34647780826404784,0.6929583567948177,0.34647780826404784,0.34647780826404784,1.2748331795502788,-14.764944894889922,-1.5498254494533348,1358,catboost_tuned,0.49955688083877414,True,utility_gap;ece;nll,,1337
steel-plates-fault,lightgbm_tuned,gbdt,covariate_shift,0.0,86817811,test_only,True,low,True,ok,,1.0,1.0,5.65946949404447e-06,8.164888573120328e-06,5.6594382762398254e-06,1.2486853713246854e-10,5.659438276337326e-06,5.659438276348393e-06,,,0.49999641864577277,1358,catboost_tuned,0.49955688083877414,False,,,1337
steel-plates-fault,lightgbm_tuned,gbdt,covariate_shift,0.05,3121906520,test_only,True,low,True,ok,,1.0,1.0,7.194005447365671e-06,1.0378755983042642e-05,7.193941002792137e-06,2.5776922095510944e-10,7.193941002928868e-06,7.193941002931857e-06,,,0.4999954475850045,1358,catboost_tuned,0.49955688083877414,False,,,1337
steel-plates-fault,lightgbm_tuned,gbdt,covariate_shift,0.1,4280151257,test_only,True,low,True,ok,,0.6535162950257289,0.9770536108728983,9.573698568470224,13.81192744769776,0.3464837049732713,0.6929674099471561,0.3464837049732713,0.3464837049732712,0.022934376069967566,0.0008300220832404058,-3.7728787672446087,1358,catboost_tuned,0.49955688083877414,True,utility_gap;ece;nll,,1337
steel-plates-fault,lightgbm_tuned,gbdt,covariate_shift,0.2,831851922,test_only,True,low,True,ok,,0.6535162950257289,0.6611184740521295,9.57369856847024,13.811927447697784,0.3464837049732713,0.6929674099471561,0.3464837049732713,0.3464837049732712,0.022934376069967566,0.0008300220832404058,-3.8834560651318846,1358,catboost_tuned,0.49955688083877414,True,utility_gap;ece;nll,,1337
steel-plates-fault,lightgbm_tuned,gbdt,covariate_shift,0.3,22531608,test_only,True,low,True,ok,,0.6535162950257289,0.6131012707569969,9.57369856847024,13.811927447697784,0.3464837049732713,0.6929674099471561,0.3464837049732713,0.3464837049732712,0.022934376069967566,0.0008300220832404058,-3.900262086285181,1358,catboost_tuned,0.49955688083877414,True,utility_gap;ece;nll,,1337
steel-plates-fault,lightgbm_tuned,gbdt,covariate_shift,0.4,1242730205,test_only,True,low,True,ok,,0.6535162950257289,0.5789155687222265,9.57369856847024,13.811927447697784,0.3464837049732713,0.6929674099471561,0.3464837049732713,0.3464837049732712,0.022934376069967566,0.0008300220832404058,-3.912227081997351,1358,catboost_tuned,0.49955688083877414,True,utility_gap;ece;nll,,1337
steel-plates-fault,xgboost_tuned,gbdt,covariate_shift,0.0,86817811,test_only,True,low,True,ok,,1.0,1.0,0.005708596355463551,0.008235763652464076,0.005640819478360159,0.0002502400685988922,0.005640819478360252,0.005640819478360206,,,0.49640110700858875,1358,catboost_tuned,0.49955688083877414,False,,,1337
steel-plates-fault,xgboost_tuned,gbdt,covariate_shift,0.05,3121906520,test_only,True,low,True,ok,,1.0,1.0,0.009640325561702894,0.013908049880423877,0.009413757119452809,0.0008263784913916691,0.009413757119452882,0.009413757119452786,,,0.49394483361198227,1358,catboost_tuned,0.49955688083877414,False,,,1337
steel-plates-fault,xgboost_tuned,gbdt,covariate_shift,0.1,4280151257,test_only,True,low,True,ok,,1.0,1.0,0.008481782253604558,0.012236625195175313,0.008373681912964524,0.0004123158904867153,0.008373681912964542,0.008373681912964576,,,0.4946542760588545,1358,catboost_tuned,0.49955688083877414,False,,,1337
steel-plates-fault,xgboost_tuned,gbdt,covariate_shift,0.2,831851922,test_only,True,low,True,ok,,1.0,1.0,0.013292863756700302,0.01917754862100416,0.012870142485590302,0.0015573398238357804,0.01287014248559042,0.012870142485590427,,,0.49167270691658066,1358,catboost_tuned,0.49955688083877414,False,,,1337
steel-plates-fault,xgboost_tuned,gbdt,covariate_shift,0.3,22531608,test_only,True,low,True,ok,,1.0,1.0,0.010320065471747727,0.014888707277739867,0.010182826239030593,0.0005301980948463084,0.010182826239030678,0.010182826239030577,,,0.49349682256887195,1358,catboost_tuned,0.49955688083877414,False,,,1337
steel-plates-fault,xgboost_tuned,gbdt,covariate_shift,0.4,1242730205,test_only,True,low,True,ok,,1.0,1.0,0.015156450199338362,0.021866135540065997,0.014798271363300362,0.0013509863801552558,0.014798271363300452,0.014798271363300478,,,0.4904805050653201,1358,catboost_tuned,0.49955688083877414,False,,,1337
steel-plates-fault,catboost_tuned,gbdt,label_noise,0.0,2624551516,train_only,True,low,True,ok,,1.0,1.0,0.0007004003716047983,0.0010104641427510297,0.0006998995920026729,1.9977032883771787e-06,0.0006998995920026643,0.0006998995920026103,,,0.49955688083877414,1358,catboost_tuned,0.49955688083877414,False,,,1337
steel-plates-fault,catboost_tuned,gbdt,label_noise,0.05,2572011518,train_only,True,low,True,ok,,0.9965694682675815,0.9999870065746732,0.07618439628782774,0.10991085071756863,0.06691002556216046,0.017893001197380357,0.06677102895200046,0.06934660799463999,5.302763141386153,-0.9178672568505555,0.4531256122135701,1358,catboost_tuned,0.49955688083877414,True,utility_gap,,1337
steel-plates-fault,catboost_tuned,gbdt,label_noise,0.1,176476089,train_only,True,low,True,ok,,0.9965694682675815,0.9999480262986928,0.13909717844480513,0.20067480954396757,0.12085024972645667,0.04562408433367291,0.12085024972645673,0.12085024972645676,4.823151119056668,0.5105822453483275,0.4150947366361981,1358,catboost_tuned,0.49955688083877414,True,utility_gap;ece,,1337
steel-plates-fault,catboost_tuned,gbdt,label_noise,0.2,2161537959,train_only,True,low,True,ok,,0.9777015437392796,0.9984797692367662,0.3546548813266318,0.5116588385169956,0.26916770286304903,0.18435601591000142,0.26916770286304903,0.2812244781680803,7.5064227428596295,-0.2934944023049286,0.28879195866605156,1358,catboost_tuned,0.49955688083877414,True,utility_gap;ece,,1337
steel-plates-fault,catboost_tuned,gbdt,label_noise,0.3,4087749214,train_only,True,low,True,ok,,0.9159519725557461,0.9769756503209377,0.4866463582066637,0.7020822876514278,0.28819132218801735,0.3017100404681812,0.2881913221880174,0.2998209968912077,7.432324035188926,-0.027773788719472194,0.21107132276265836,1358,catboost_tuned,0.49955688083877414,True,utility_gap;ece,,1337
steel-plates-fault,catboost_tuned,gbdt,label_noise,0.4,1255314253,train_only,True,low,True,ok,,0.7152658662092625,0.7390660325875107,0.6191641305940709,0.8932650207043927,0.14079102092204132,0.4281871740768785,0.1437991350441323,0.14796459851042593,2.7903077585033595,0.1690407436923219,0.069825280941292,1358,catboost_tuned,0.49955688083877414,True,utility_gap;ece;nll,,1337
steel-plates-fault,gbdt_ensemble,gbdt,label_noise,0.0,2624551516,train_only,True,low,True,ok,,1.0,1.0,0.0009613377088968584,0.0013869171452450554,0.0009600275639569666,5.204784169880605e-06,0.0009600275639571498,0.000960027563957179,,,0.4993919193436351,1358,catboost_tuned,0.49955688083877414,False,,,1337
steel-plates-fault,gbdt_ensemble,gbdt,label_noise,0.05,2572011518,train_only,True,low,True,ok,,0.9982847341337907,1.0,0.08222415464374798,0.11862438014582244,0.07447236840899998,0.01912934375676532,0.07447236840900005,0.07649747983329672,4.639254057596047,0.1659337073742066,0.44926092239452187,1358,catboost_tuned,0.49955688083877414,True,utility_gap,,1337
steel-plates-fault,gbdt_ensemble,gbdt,label_noise,0.1,176476089,train_only,True,low,True,ok,,0.9965694682675815,0.9999740131493464,0.14685080915920093,0.21186093412451076,0.12777519512395943,0.04823698792750974,0.12777519512395946,0.129304191506737,4.27909425086874,0.7008843822811535,0.41036300558026334,1358,catboost_tuned,0.49955688083877414,True,utility_gap;ece,,1337
steel-plates-fault,gbdt_ensemble,gbdt,label_noise,0.2,2161537959,train_only,True,low,True,ok,,0.967409948542024,0.9936722018658559,0.3000318569450769,0.43285447212336936,0.21122804778815474,0.1464682947544734,0.2106671332699217,0.22217960586161362,4.194280221043526,0.0044002987978146325,0.3207948117397114,1358,catboost_tuned,0.49955688083877414,True,utility_gap;ece,,1337
steel-plates-fault,gbdt_ensemble,gbdt,label_noise,0.3,4087749214,train_only,True,low,True,ok,,0.8936535162950258,0.9619032769418674,0.44205995556272865,0.6377577056659441,0.22726559700496013,0.26615201544185974,0.2305240333342385,0.24235382611304696,5.198330711428708,-0.20690563505192977,0.23393374327313218,1358,catboost_tuned,0.49955688083877414,True,utility_gap;ece,,1337
steel-plates-fault,gbdt_ensemble,gbdt,label_noise,0.4,1255314253,train_only,True,low,True,ok,,0.7084048027444254,0.7352069852654557,0.604104421379415,0.8715384529031788,0.09274897686879721,0.41588366464249626,0.10375069437587843,0.13025093393609205,1.257829961160437,0.32016390981006665,0.08357183400986024,1358,catboost_tuned,0.49955688083877414,True,utility_gap;nll,,1337
steel-plates-fault,lightgbm,gbdt,label_noise,0.0,2624551516,train_only,True,low,True,ok,,1.0,1.0,6.9844623813564675e-06,1.0076449240858496e-05,6.9842535816988516e-06,8.350106357579669e-10,6.984253581637341e-06,6.984253581699089e-06,,,0.4999955802145114,1358,catboost_tuned,0.49955688083877414,False,,,1337
steel-plates-fault,lightgbm,gbdt,label_noise,0.05,2572011518,train_only,True,low,True,ok,,0.9914236706689536,0.9996621709415036,0.03424070016956234,0.049398888331193484,0.018176454694345354,0.01406563743416931,0.016151899828930807,0.019981804990981025,2.4477911760017252,-0.7798649734939082,0.48014035299164215,1358,catboost_tuned,0.49955688083877414,False,,,1337
steel-plates-fault,lightgbm,gbdt,label_noise,0.1,176476089,train_only,True,low,True,ok,,0.9845626072041166,0.9990644733764715,0.08507119286940977,0.12273178807520603,0.05636492267618662,0.03526007493163754,0.05253160709636334,0.05540406693017962,2.9009783160398976,-0.1440181081089509,0.44926443580458336,1358,catboost_tuned,0.49955688083877414,True,utility_gap,,1337
steel-plates-fault,lightgbm,gbdt,label_noise,0.2,2161537959,train_only,True,low,True,ok,,0.9262435677530018,0.9698942335178401,0.2674671248463163,0.3858734946166098,0.09041996906376647,0.1468529867016334,0.09225067647734542,0.10029078690752438,1.2702365211267872,0.6634930789553218,0.34455347469645803,1358,catboost_tuned,0.49955688083877414,True,utility_gap,,1337
steel-plates-fault,lightgbm,gbdt,label_noise,0.3,4087749214,train_only,True,low,True,ok,,0.8250428816466552,0.8879836802577896,0.4242031471637921,0.611995776742694,0.07957976721911159,0.26952449343196955,0.07957976721911164,0.07027034480781572,1.3766189954784633,0.23119287876330108,0.23503603387059416,1358,catboost_tuned,0.49955688083877414,True,utility_gap,,1337
steel-plates-fault,lightgbm,gbdt,label_noise,0.4,1255314253,train_only,True,low,True,ok,,0.6312178387650086,0.6920168394792237,0.6447866604234023,0.9302305174241985,0.07759090940268439,0.45187139418541944,0.07759090940268437,0.14127086070551964,0.7571361412769592,-0.17717651535275733,0.042301232524683104,1358,catboost_tuned,0.49955688083877414,True,utility_gap;nll,,1337
steel-plates-fault,lightgbm_tuned,gbdt,label_noise,0.0,2624551516,train_only,True,low,True,ok,,1.0,1.0,5.65946949404447e-06,8.164888573120328e-06,5.6594382762398254e-06,1.2486853713246854e-10,5.659438276337326e-06,5.659438276348393e-06,,,0.49999641864577277,1358,catboost_tuned,0.49955688083877414,False,,,1337
steel-plates-fault,lightgbm_tuned,gbdt,label_noise,0.05,2572011518,train_only,True,low,True,ok,,1.0,1.0,0.08348967471588747,0.12045013967804354,0.07906278087193389,0.01604323931157954,0.07906278087193391,0.07906278087193393,,,0.4480524019222002,1358,catboost_tuned,0.49955688083877414,True,utility_gap,,1337
steel-plates-fault,lightgbm_tuned,gbdt,label_noise,0.1,176476089,train_only,True,low,True,ok,,1.0,1.0,0.14624840162813987,0.21099184376685481,0.13318651759136318,0.044758464303861184,0.13318651759136313,0.13318651759136318,,,0.4100651433516709,1358,catboost_tuned,0.49955688083877414,True,utility_gap;ece,,1337
steel-plates-fault,lightgbm_tuned,gbdt,label_noise,0.2,2161537959,train_only,True,low,True,ok,,0.967409948542024,0.9983108547075181,0.294111056642691,0.4243125628890233,0.2075040529001375,0.14105042579213747,0.20724915137204153,0.2222633666517458,4.665180242335398,-0.4090500831624049,0.32572571198220046,1358,catboost_tuned,0.49955688083877414,True,utility_gap;ece,,1337
steel-plates-fault,lightgbm_tuned,gbdt,label_noise,0.3,4087749214,train_only,True,low,True,ok,,0.9245283018867925,0.9715314051090148,0.4338686346413164,0.6259401275942927,0.2576329226528932,0.25793271757814445,0.2576329226528932,0.2639681507781836,5.138147125839622,0.19110899978613347,0.23940661426230755,1358,catboost_tuned,0.49955688083877414,True,utility_gap;ece,,1337
steel-plates-fault,lightgbm_tuned,gbdt,label_noise,0.4,1255314253,train_only,True,low,True,ok,,0.6723842195540308,0.7230971128608924,0.6136538816626588,0.8853154118969806,0.0641061909770797,0.42521023398894225,0.06661595152725822,0.13814595027359644,1.6754753977354682,0.02602018701301668,0.07552576066990682,1358,catboost_tuned,0.49955688083877414,True,utility_gap;nll,,1337
steel-plates-fault,xgboost_tuned,gbdt,label_noise,0.0,2624551516,train_only,True,low,True,ok,,1.0,1.0,0.005708596355463551,0.008235763652464076,0.005640819478360159,0.0002502400685988922,0.005640819478360252,0.005640819478360206,,,0.49640110700858875,1358,catboost_tuned,0.49955688083877414,False,,,1337
steel-plates-fault,xgboost_tuned,gbdt,label_noise,0.05,2572011518,train_only,True,low,True,ok,,1.0,1.0,0.08526473222613384,0.12301100634536868,0.08060913329554018,0.016737144804130542,0.08060913329554009,0.08060913329554015,,,0.4469748714372814,1358,catboost_tuned,0.49955688083877414,True,utility_gap,,1337
steel-plates-fault,xgboost_tuned,gbdt,label_noise,0.1,176476089,train_only,True,low,True,ok,,0.9982847341337907,1.0,0.1521970191788534,0.21957388480741424,0.13796455639397837,0.04813879784002268,0.13615223044690222,0.13796455639397837,27.431909680913805,-5.387128154032397,0.4062776333990486,1358,catboost_tuned,0.49955688083877414,True,utility_gap;ece,,1337
steel-plates-fault,xgboost_tuned,gbdt,label_noise,0.2,2161537959,train_only,True,low,True,ok,,0.9605488850771869,0.9910995036511525,0.30048508323641726,0.4335083394462866,0.20007747571883255,0.14623418733223062,0.1978869305942094,0.2165274608467478,3.53618797767882,-0.1480132866230147,0.32089916206182895,1358,catboost_tuned,0.49955688083877414,True,utility_gap;ece,,1337
steel-plates-fault,xgboost_tuned,gbdt,label_noise,0.3,4087749214,train_only,True,low,True,ok,,0.9433962264150944,0.9783269665549232,0.43073599777783,0.6214206879264349,0.2771626014445755,0.2534996711119609,0.2771626014445754,0.2731585579565797,4.960867476945894,0.45430763111645645,0.24206514558964165,1358,catboost_tuned,0.49955688083877414,True,utility_gap;ece,,1337
steel-plates-fault,xgboost_tuned,gbdt,label_noise,0.4,1255314253,train_only,True,low,True,ok,,0.660377358490566,0.7115719445960343,0.616586173125405,0.8895458142487256,0.05173029464781693,0.4282683556668629,0.06303794952974084,0.12658320341219803,1.710535330007041,-0.04740831168084682,0.07089698117801582,1358,catboost_tuned,0.49955688083877414,True,utility_gap;nll,,1337
texture,catboost_tuned,gbdt,covariate_shift,0.0,3495881788,test_only,True,medium,True,ok,,0.9854545454545455,0.999830707070707,0.05996905714972152,0.02500903931460566,0.021802867666830678,0.02565857455369919,0.02117560622201067,0.005449628025958681,1.5942331724927314,0.2595720037595764,0.48589564396518137,3850,xgboost_tuned,0.49160945917121374,False,,,1337
texture,catboost_tuned,gbdt,covariate_shift,0.05,3893973703,test_only,True,low,True,ok,,0.9709090909090909,0.9995826262626261,0.09426886106893641,0.039313168568418586,0.01852298157581074,0.044630686513027436,0.01659963797353997,0.006976341824463939,1.6190538679120317,-0.23071633115745932,0.4799917359425951,3850,xgboost_tuned,0.49160945917121374,False,,,1337
texture,catboost_tuned,gbdt,covariate_shift,0.1,2149180802,test_only,True,low,True,ok,,0.9321212121212121,0.9976040404040404,0.22124646485170646,0.0922669423312676,0.022236911243470468,0.10552998781800836,0.01914437329593745,0.011995813006928912,1.2171013838552596,0.07828266760376164,0.45685213101152156,3850,xgboost_tuned,0.49160945917121374,True,utility_gap,,1337
texture,catboost_tuned,gbdt,covariate_shift,0.2,3147625541,test_only,True,low,True,ok,,0.64,0.9630238383838384,1.0851655660554804,0.45254919110336295,0.1190296874686403,0.5020458131341563,0.11902622534792566,0.04741856134444258,0.807272673243032,-0.5638256698369766,0.2734876486096065,3850,xgboost_tuned,0.49160945917121374,True,utility_gap;ece,,1337
texture,catboost_tuned,gbdt,covariate_shift,0.3,4272755883,test_only,True,low,True,ok,,0.2824242424242424,0.8692327272727273,2.8156930379520015,1.1742352011337243,0.4469712659616757,1.0625002497844844,0.4469712659616757,0.09949347864353929,0.45858228390188754,-1.6527901936307405,-0.09506972262336151,3850,xgboost_tuned,0.49160945917121374,True,utility_gap;ece;nll,,1337
texture,catboost_tuned,gbdt,covariate_shift,0.4,3542364231,test_only,True,low,True,ok,,0.15515151515151515,0.758659393939394,4.284712348890185,1.7868638374226735,0.5735507054141471,1.3023465730839392,0.5735507054141471,0.12391893079613613,0.32046144028044254,-2.227995751110669,-0.3619657771581163,3850,xgboost_tuned,0.49160945917121374,True,utility_gap;ece;nll,,1337
texture,gbdt_ensemble,gbdt,covariate_shift,0.0,3495881788,test_only,True,medium,True,ok,,0.9848484848484849,0.9998690909090908,0.057237804861623456,0.023870018641317183,0.02415357304221559,0.024272014578387385,0.022145962961262873,0.005712324828854665,1.936351886309471,0.058555216663801674,0.48568973434461626,3850,xgboost_tuned,0.49160945917121374,False,,,1337
texture,gbdt_ensemble,gbdt,covariate_shift,0.05,3893973703,test_only,True,low,True,ok,,0.9757575757575757,0.9995777777777778,0.09297920224767636,0.03877533906606713,0.027142616946292664,0.04132234340722927,0.02589784864810344,0.0074423499628802955,1.6096297582454284,0.222872076316429,0.47915473347677995,3850,xgboost_tuned,0.49160945917121374,False,,,1337
texture,gbdt_ensemble,gbdt,covariate_shift,0.1,2149180802,test_only,True,low,True,ok,,0.9363636363636364,0.9978755555555555,0.20704825616259692,0.08634582940770774,0.029187106356587673,0.09748485423919358,0.025083210621397612,0.012005837327793905,1.3083094071130772,0.12972125170776103,0.45796981980536,3850,xgboost_tuned,0.49160945917121374,True,utility_gap,,1337
texture,gbdt_ensemble,gbdt,covariate_shift,0.2,3147625541,test_only,True,low,True,ok,,0.649090909090909,0.9634872727272726,1.0487740485894277,0.4373727495469377,0.11113494129746444,0.4952231286907775,0.11035946437036888,0.046301416462720325,0.7570697967630572,-0.4034402436352936,0.2811453686946076,3850,xgboost_tuned,0.49160945917121374,True,utility_gap;ece,,1337
texture,gbdt_ensemble,gbdt,covariate_shift,0.3,4272755883,test_only,True,low,True,ok,,0.27090909090909093,0.8681426262626263,2.823805301701134,1.1776182778848892,0.43500957698246967,1.060475191223598,0.4350095769824698,0.09999724406171918,0.4584962651636117,-1.6596564537986087,-0.09580111593367785,3850,xgboost_tuned,0.49160945917121374,True,utility_gap;ece;nll,,1337
texture,gbdt_ensemble,gbdt,covariate_shift,0.4,3542364231,test_only,True,low,True,ok,,0.16484848484848486,0.7532456565656566,4.211290116693153,1.756244388345839,0.5395075280890475,1.261501004083155,0.5389548330651014,0.12019725064279271,0.2857943115016233,-2.051996929464281,-0.3464115695963087,3850,xgboost_tuned,0.49160945917121374,True,utility_gap;ece;nll,,1337
texture,lightgbm,gbdt,covariate_shift,0.0,3495881788,test_only,True,medium,True,ok,,0.9848484848484849,0.9997987878787878,0.05678663511778602,0.02368186624410639,0.010338770780413033,0.022624411286793284,0.008730314691518094,0.002544910586518532,0.5579990364488369,-0.23660913190518598,0.4884845344555339,3850,xgboost_tuned,0.49160945917121374,False,,,1337
texture,lightgbm,gbdt,covariate_shift,0.05,3893973703,test_only,True,low,True,ok,,0.9684848484848485,0.9993232323232324,0.14637989305175853,0.061045156855800274,0.020690512501573555,0.049734681907118675,0.02069770706265743,0.00488322892943134,0.5258389767878031,-0.5064862698443263,0.47258420902880377,3850,xgboost_tuned,0.49160945917121374,False,,,1337
texture,lightgbm,gbdt,covariate_shift,0.1,2149180802,test_only,True,low,True,ok,,0.9115151515151515,0.995050505050505,0.4612209810388217,0.19234408869765676,0.06259603327719096,0.14952868011918058,0.06100331679909226,0.014402455925666241,0.42834614942192917,-0.5611631712184585,0.4147725162302142,3850,xgboost_tuned,0.49160945917121374,True,utility_gap,,1337
texture,lightgbm,gbdt,covariate_shift,0.2,3147625541,test_only,True,low,True,ok,,0.6084848484848485,0.9169260606060606,2.5744891333074174,1.0736453599589275,0.31659528514295093,0.6927680887021122,0.3165953260944171,0.06519280688840794,0.23386233960460004,-0.9241816364190684,0.026784183468580094,3850,xgboost_tuned,0.49160945917121374,True,utility_gap;ece;nll,,1337
texture,lightgbm,gbdt,covariate_shift,0.3,4272755883,test_only,True,low,True,ok,,0.3327272727272727,0.7544650505050505,5.529913875692596,2.3061532079502056,0.5815763845736255,1.2182665351858133,0.5815763845736255,0.1138618075431279,0.12137185074395383,-1.4166456310497477,-0.4941893807139282,3850,xgboost_tuned,0.49160945917121374,True,utility_gap;ece;nll,,1337
texture,lightgbm,gbdt,covariate_shift,0.4,3542364231,test_only,True,low,True,ok,,0.21212121212121213,0.6534529292929293,7.3974503020725235,3.0849763899153175,0.7066866676238421,1.4578825783232738,0.7060731988038879,0.13433701546752427,0.0859283167510065,-1.8267724315064895,-0.8063035434286566,3850,xgboost_tuned,0.49160945917121374,True,utility_gap;ece;nll,,1337
texture,lightgbm_tuned,gbdt,covariate_shift,0.0,3495881788,test_only,True,medium,True,ok,,0.990909090909091,0.999860606060606,0.03886916773265628,0.016209701972219798,0.004802502041115811,0.015694141660427104,0.003450546535174107,0.0019399123015735693,0.5104629475211525,0.5202063191240242,0.49276416475768664,3850,xgboost_tuned,0.49160945917121374,False,,,1337
texture,lightgbm_tuned,gbdt,covariate_shift,0.05,3893973703,test_only,True,low,True,ok,,0.9715151515151516,0.9994626262626263,0.15203635581608674,0.06340408504941027,0.020684316914854204,0.047059421711006105,0.020687527605554937,0.004712059178728322,0.5496429301830181,-0.8634968815316346,0.47238110302139796,3850,xgboost_tuned,0.49160945917121374,False,,,1337
texture,lightgbm_tuned,gbdt,covariate_shift,0.1,2149180802,test_only,True,low,True,ok,,0.9145454545454546,0.9953422222222222,0.5557367247166082,0.23176021531084515,0.0620798442948239,0.15133866000524668,0.0620821620979299,0.014785101970667201,0.3893344265586478,-0.4035038760619337,0.4036075625073776,3850,xgboost_tuned,0.49160945917121374,True,utility_gap,,1337
texture,lightgbm_tuned,gbdt,covariate_shift,0.2,3147625541,test_only,True,low,True,ok,,0.5951515151515151,0.9311357575757576,3.1001380592928713,1.292857988612228,0.33445017607033556,0.7137818281617688,0.3330422080625332,0.06732363237747895,0.2885631245232725,-1.3494635833759985,-0.03957718937349308,3850,xgboost_tuned,0.49160945917121374,True,utility_gap;ece;nll,,1337
texture,lightgbm_tuned,gbdt,covariate_shift,0.3,4272755883,test_only,True,low,True,ok,,0.3321212121212121,0.7842008080808079,6.707921772116121,2.797420658112354,0.5892277857150087,1.2273697622765631,0.5892277857150086,0.11440858958333182,0.12681729704067538,-1.5012471977583264,-0.6327832899302432,3850,xgboost_tuned,0.49160945917121374,True,utility_gap;ece;nll,,1337
texture,lightgbm_tuned,gbdt,covariate_shift,0.4,3542364231,test_only,True,low,True,ok,,0.18181818181818182,0.7022937373737373,9.04542109882288,3.7722335922814394,0.7287707463910292,1.5133658984036946,0.728770746391029,0.14198606603593292,0.10552278880524317,-2.1800618652313974,-1.0043486916091022,3850,xgboost_tuned,0.49160945917121374,True,utility_gap;ece;nll,,1337
texture,xgboost_tuned,gbdt,covariate_shift,0.0,3495881788,test_only,True,medium,True,ok,,0.9872727272727273,0.99984,0.04287643197705391,0.017880860963129817,0.0053059581537819485,0.020476957108828894,0.005885057336744693,0.0030940011158936483,0.9467297995896359,0.4784464271311009,0.49160945917121374,3850,xgboost_tuned,0.49160945917121374,False,,,1337
texture,xgboost_tuned,gbdt,covariate_shift,0.05,3893973703,test_only,True,low,True,ok,,0.9715151515151516,0.9992383838383838,0.09966584682976365,0.041563886446738973,0.010938597920311167,0.041844489793670975,0.0039562801133176334,0.004561524741490461,0.9043789747012531,-0.018088104077105094,0.4808038215526231,3850,xgboost_tuned,0.49160945917121374,False,,,1337
texture,xgboost_tuned,gbdt,covariate_shift,0.1,2149180802,test_only,True,low,True,ok,,0.916969696969697,0.9956638383838384,0.3235988903539947,0.13495121910655888,0.0329710423943155,0.1306866639308762,0.030706965515250054,0.013036152338717683,0.7466910476156127,-0.27633708574306404,0.43894822376896725,3850,xgboost_tuned,0.49160945917121374,True,utility_gap,,1337
texture,xgboost_tuned,gbdt,covariate_shift,0.2,3147625541,test_only,True,low,True,ok,,0.5963636363636363,0.9332129292929291,1.7408355865189846,0.7259848277224425,0.25508931482059094,0.6336231820576053,0.25508931482059083,0.058498316733012784,0.4906478268729227,-1.0562787023470601,0.14726575942621967,3850,xgboost_tuned,0.49160945917121374,True,utility_gap;ece,,1337
texture,xgboost_tuned,gbdt,covariate_shift,0.3,4272755883,test_only,True,low,True,ok,,0.3278787878787879,0.7900456565656565,3.576286259419694,1.4914272111834674,0.5063811887183262,1.1131228051014237,0.5063811887183263,0.10447310648973279,0.2811880420740753,-1.5538047793729,-0.22300660311890752,3850,xgboost_tuned,0.49160945917121374,True,utility_gap;ece;nll,,1337
texture,xgboost_tuned,gbdt,covariate_shift,0.4,3542364231,test_only,True,low,True,ok,,0.1896969696969697,0.6987785858585858,4.7427945491877965,1.977898952881667,0.6351303821906937,1.3632673537602238,0.6351303821906935,0.1257826241454665,0.13871507346702205,-1.864265770850095,-0.4473687117975884,3850,xgboost_tuned,0.49160945917121374,True,utility_gap;ece;nll,,1337
texture,catboost_tuned,gbdt,label_noise,0.0,554677962,train_only,True,medium,True,ok,,0.9854545454545455,0.999830707070707,0.05996905714972152,0.02500903931460566,0.021802867666830678,0.02565857455369919,0.02117560622201067,0.005449628025958681,1.5942331724927314,0.2595720037595764,0.48589564396518137,3850,xgboost_tuned,0.49160945917121374,False,,,1337
texture,catboost_tuned,gbdt,label_noise,0.05,1332815366,train_only,True,medium,True,ok,,0.9836363636363636,0.9997660606060605,0.11734458309080743,0.048936492107040604,0.07174500736306207,0.038423319723477956,0.071415295527269,0.013892778561956691,1.9619378539976744,1.0235034761612614,0.4684336266528511,3850,xgboost_tuned,0.49160945917121374,False,,,1337
texture,catboost_tuned,gbdt,label_noise,0.1,1233024897,train_only,True,medium,True,ok,,0.9836363636363636,0.9997927272727272,0.17617692935935725,0.07347148616451327,0.12189090283311804,0.052371223921272546,0.12189090283311801,0.023272639941642536,2.4897819563188137,1.6598282389805674,0.45105328267493144,3850,xgboost_tuned,0.49160945917121374,True,utility_gap;ece,,1337
texture,catboost_tuned,gbdt,label_noise,0.2,2134613745,train_only,True,medium,True,ok,,0.9727272727272728,0.9991842424242424,0.39306492149687267,0.16392080419682445,0.266708594575466,0.13557910809304724,0.26670859457546603,0.048840884646501076,2.80149030815127,2.7862312623767798,0.3931056155834352,3850,xgboost_tuned,0.49160945917121374,True,utility_gap;ece,,1337
texture,catboost_tuned,gbdt,label_noise,0.3,2367338198,train_only,True,medium,True,ok,,0.9660606060606061,0.9990226262626262,0.5443249331599433,0.2270011285875342,0.3530642580243354,0.2052029376095683,0.3530642580243354,0.06464796255524928,3.1543636276533977,3.712041181119551,0.3558538199198827,3850,xgboost_tuned,0.49160945917121374,True,utility_gap;ece,,1337
texture,catboost_tuned,gbdt,label_noise,0.4,4115342232,train_only,True,medium,True,ok,,0.9678787878787879,0.9986832323232324,0.7188958523508788,0.29980285649085886,0.4533210696680533,0.29205018689289425,0.45332106966805324,0.08211993288014342,3.1163597952149686,4.669978273667652,0.31411587861408113,3850,xgboost_tuned,0.49160945917121374,True,utility_gap;ece,,1337
texture,gbdt_ensemble,gbdt,label_noise,0.0,554677962,train_only,True,medium,True,ok,,0.9848484848484849,0.9998690909090908,0.057237804861623456,0.023870018641317183,0.02415357304221559,0.024272014578387385,0.022145962961262873,0.005712324828854665,1.936351886309471,0.058555216663801674,0.48568973434461626,3850,xgboost_tuned,0.49160945917121374,False,,,1337
texture,gbdt_ensemble,gbdt,label_noise,0.05,1332815366,train_only,True,medium,True,ok,,0.983030303030303,0.9998157575757577,0.11780569315511098,0.0491287899398669,0.07395014338171044,0.03774327337145432,0.07286273075369336,0.014406160214713876,2.4248182513990497,0.8345311796335477,0.4678613949477584,3850,xgboost_tuned,0.49160945917121374,False,,,1337
texture,gbdt_ensemble,gbdt,label_noise,0.1,1233024897,train_only,True,medium,True,ok,,0.9818181818181818,0.9997191919191919,0.18029825058560486,0.07519021061132282,0.12204957258602327,0.05523366933172886,0.1218220056186056,0.022917621530677793,2.4713673647219547,1.5964436911355315,0.45020746674384293,3850,xgboost_tuned,0.49160945917121374,True,utility_gap;ece,,1337
texture,gbdt_ensemble,gbdt,label_noise,0.2,2134613745,train_only,True,medium,True,ok,,0.9787878787878788,0.9996092929292929,0.3149447638833668,0.13134216804882504,0.2215893217369513,0.10371384856340078,0.22158932173695137,0.04114940010595389,3.006243199853101,2.6843269435585335,0.4129609195813966,3850,xgboost_tuned,0.49160945917121374,True,utility_gap;ece,,1337
texture,gbdt_ensemble,gbdt,label_noise,0.3,2367338198,train_only,True,medium,True,ok,,0.973939393939394,0.9994731313131314,0.4512090694123818,0.18816879724935434,0.30479675317504495,0.16457601213648532,0.30479675317504495,0.056166623446264996,3.031436547150366,3.6371525998075858,0.3784965152406898,3850,xgboost_tuned,0.49160945917121374,True,utility_gap;ece,,1337
texture,gbdt_ensemble,gbdt,label_noise,0.4,4115342232,train_only,True,medium,True,ok,,0.9678787878787879,0.9984181818181818,0.6263058702780356,0.261189834845093,0.40014004220761884,0.24889801361733782,0.400140042207619,0.07182954227525838,3.6297777520632937,4.686995142239534,0.33624322292313014,3850,xgboost_tuned,0.49160945917121374,True,utility_gap;ece,,1337
texture,lightgbm,gbdt,label_noise,0.0,554677962,train_only,True,medium,True,ok,,0.9848484848484849,0.9997987878787878,0.05678663511778602,0.02368186624410639,0.010338770780413033,0.022624411286793284,0.008730314691518094,0.002544910586518532,0.5579990364488369,-0.23660913190518598,0.4884845344555339,3850,xgboost_tuned,0.49160945917121374,False,,,1337
texture,lightgbm,gbdt,label_noise,0.05,1332815366,train_only,True,medium,True,ok,,0.9818181818181818,0.9997692929292928,0.05793597757168262,0.0241611792762203,0.008981759075750185,0.02812371717144613,0.008559034363622833,0.0031201028616496514,0.807482192842096,-0.49079324280393616,0.4881472741999636,3850,xgboost_tuned,0.49160945917121374,False,,,1337
texture,lightgbm,gbdt,label_noise,0.1,1233024897,train_only,True,medium,True,ok,,0.9793939393939394,0.9995143434343435,0.06829392287183521,0.028480777974984467,0.007924141623058862,0.030920508769157733,0.006182817915736575,0.0037077902835278382,0.9256068436952992,0.20757328316490967,0.48661004939400404,3850,xgboost_tuned,0.49160945917121374,False,,,1337
texture,lightgbm,gbdt,label_noise,0.2,2134613745,train_only,True,medium,True,ok,,0.9606060606060606,0.9987616161616163,0.1409731773271036,0.05879038126739635,0.03203989784409521,0.06165382558847196,0.030128034837875572,0.00826871004349683,1.3043239309657435,0.4037623706290976,0.4696123807984368,3850,xgboost_tuned,0.49160945917121374,False,,,1337
texture,lightgbm,gbdt,label_noise,0.3,2367338198,train_only,True,medium,True,ok,,0.9375757575757576,0.9972359595959598,0.25962193366679437,0.1082707558632503,0.07930244021646604,0.10903201980715414,0.07853698675760008,0.016583689638404935,1.5050464698929462,0.7913885856506528,0.44132723469268126,3850,xgboost_tuned,0.49160945917121374,True,utility_gap,,1337
texture,lightgbm,gbdt,label_noise,0.4,4115342232,train_only,True,medium,True,ok,,0.8957575757575758,0.9927236363636364,0.4538091961990262,0.1892531343411949,0.16136403882368758,0.19216574511436765,0.1588025635065675,0.030948854431820657,1.8314528871928943,1.2063188135586882,0.39276816102381307,3850,xgboost_tuned,0.49160945917121374,True,utility_gap;ece,,1337
texture,lightgbm_tuned,gbdt,label_noise,0.0,554677962,train_only,True,medium,True,ok,,0.990909090909091,0.999860606060606,0.03886916773265628,0.016209701972219798,0.004802502041115811,0.015694141660427104,0.003450546535174107,0.0019399123015735693,0.5104629475211525,0.5202063191240242,0.49276416475768664,3850,xgboost_tuned,0.49160945917121374,False,,,1337
texture,lightgbm_tuned,gbdt,label_noise,0.05,1332815366,train_only,True,medium,True,ok,,0.9751515151515151,0.9995191919191918,0.11766671789700628,0.04907083275563069,0.05302768215360439,0.0442011653239307,0.05062770839321548,0.011475440131255048,1.8013081493003924,0.504129130103073,0.47077765818703426,3850,xgboost_tuned,0.49160945917121374,False,,,1337
texture,lightgbm_tuned,gbdt,label_noise,0.1,1233024897,train_only,True,medium,True,ok,,0.9733333333333334,0.9992161616161617,0.1934903833673403,0.08069175729327614,0.11102585154150511,0.06571654573293699,0.11102585154150504,0.020986503283605157,1.7595649704464267,1.4429801962751996,0.4493129590693727,3850,xgboost_tuned,0.49160945917121374,True,utility_gap;ece,,1337
texture,lightgbm_tuned,gbdt,label_noise,0.2,2134613745,train_only,True,medium,True,ok,,0.9684848484848485,0.9990622222222221,0.35024552992875607,0.14606373093184158,0.2246212844092176,0.12302061770876196,0.2246212844092176,0.04127191632459198,2.161616528876967,2.3831236455345484,0.406201128889109,3850,xgboost_tuned,0.49160945917121374,True,utility_gap;ece,,1337
texture,lightgbm_tuned,gbdt,label_noise,0.3,2367338198,train_only,True,medium,True,ok,,0.9496969696969697,0.9976864646464645,0.5060379186288132,0.21103420335712214,0.2977010677906158,0.19108681471109507,0.2977010677906158,0.05449204958742913,2.5786865758678497,2.786304584087323,0.3687943335155482,3850,xgboost_tuned,0.49160945917121374,True,utility_gap;ece,,1337
texture,lightgbm_tuned,gbdt,label_noise,0.4,4115342232,train_only,True,medium,True,ok,,0.9466666666666667,0.995500606060606,0.6969536388642863,0.29065224272740386,0.4035508791850009,0.28260085677485847,0.4035508791850008,0.0722040759436699,2.5521779245044214,3.64759418256531,0.3225193634659907,3850,xgboost_tuned,0.49160945917121374,True,utility_gap;ece,,1337
texture,xgboost_tuned,gbdt,label_noise,0.0,554677962,train_only,True,medium,True,ok,,0.9872727272727273,0.99984,0.04287643197705391,0.017880860963129817,0.0053059581537819485,0.020476957108828894,0.005885057336744693,0.0030940011158936483,0.9467297995896359,0.4784464271311009,0.49160945917121374,3850,xgboost_tuned,0.49160945917121374,False,,,1337
texture,xgboost_tuned,gbdt,label_noise,0.05,1332815366,train_only,True,medium,True,ok,,0.973939393939394,0.9992852525252526,0.16677560079621462,0.06955082763126082,0.0899614188977796,0.05859003873924813,0.08996141889777953,0.017536674246201023,1.7403053207837504,1.2316895905407237,0.4569832154058133,3850,xgboost_tuned,0.49160945917121374,True,utility_gap,,1337
texture,xgboost_tuned,gbdt,label_noise,0.1,1233024897,train_only,True,medium,True,ok,,0.9660606060606061,0.9991240404040405,0.23616800039844713,0.09848970598404676,0.1366290122231452,0.07963683599859017,0.1361385172487105,0.026207224058927694,2.0932726006205242,1.3225209060428909,0.437729790810662,3850,xgboost_tuned,0.49160945917121374,True,utility_gap;ece,,1337
texture,xgboost_tuned,gbdt,label_noise,0.2,2134613745,train_only,True,medium,True,ok,,0.9660606060606061,0.9988860606060606,0.38762039372365426,0.16165025975938344,0.2484427684024296,0.13540388749783736,0.24844276840242968,0.0452378018036186,2.3965727645585186,2.536083754199999,0.3963355805129111,3850,xgboost_tuned,0.49160945917121374,True,utility_gap;ece,,1337
texture,xgboost_tuned,gbdt,label_noise,0.3,2367338198,train_only,True,medium,True,ok,,0.9533333333333334,0.998159191919192,0.5446390971130951,0.22713214513221638,0.33046226281424557,0.20584019817674468,0.3304622628142457,0.060503471501937287,2.8758780079820445,3.235534486293476,0.3581236210692032,3850,xgboost_tuned,0.49160945917121374,True,utility_gap;ece,,1337
texture,xgboost_tuned,gbdt,label_noise,0.4,4115342232,train_only,True,medium,True,ok,,0.9533333333333334,0.9968274747474747,0.7327342772855668,0.3055739279349167,0.4346670873116815,0.2973585052012679,0.4345112391687767,0.07788505572183835,2.7363549113203,4.178595134372683,0.31328402031880476,3850,xgboost_tuned,0.49160945917121374,True,utility_gap;ece,,1337
tic-tac-toe,catboost_tuned,gbdt,covariate_shift,0.0,541406498,test_only,True,low,True,ok,,0.9895833333333334,0.9998936170212767,0.021694438068460335,0.031298458216240464,0.015709074759144313,0.010049470150774217,0.005236302148104156,0.015709074759144365,3.634028918752018,-3.1334162855720527,0.4858689135407458,670,catboost_tuned,0.4858689135407458,False,,,1337
tic-tac-toe,catboost_tuned,gbdt,covariate_shift,0.05,3875828498,test_only,True,low,True,ok,,0.9930555555555556,0.9998404255319149,0.021359358284421717,0.03081504027350581,0.013388306647832469,0.009615460928467259,0.007875955348646142,0.01694990938051929,2.2029370352292967,-0.7667721936300695,0.4869803088578853,670,catboost_tuned,0.4858689135407458,False,,,1337
tic-tac-toe,catboost_tuned,gbdt,covariate_shift,0.1,411048569,test_only,True,low,True,ok,,0.9965277777777778,0.9998936170212765,0.02004187103604667,0.02891430795384068,0.012430774433274045,0.008460521648664046,0.01050153482170461,0.014234432038427421,1.4476693641794405,0.7299546388610648,0.48828148535130644,670,catboost_tuned,0.4858689135407458,False,,,1337
tic-tac-toe,catboost_tuned,gbdt,covariate_shift,0.2,1393926847,test_only,True,low,True,ok,,0.9930555555555556,0.9999468085106382,0.018880370283705046,0.027238616578448623,0.013205352844422476,0.007426104151645956,0.008862645257652008,0.013205352844422483,31.272894932187775,-6.9961096775433695,0.4881270607696376,670,catboost_tuned,0.4858689135407458,False,,,1337
tic-tac-toe,catboost_tuned,gbdt,covariate_shift,0.3,2199827629,test_only,True,low,True,ok,,0.9965277777777778,0.9998936170212765,0.019665290075989193,0.028371016470272556,0.01414653534905606,0.008084886229204797,0.011286000086623126,0.01414653534905594,1.6732998974407836,0.5944845847001171,0.4881013206132205,670,catboost_tuned,0.4858689135407458,False,,,1337
tic-tac-toe,catboost_tuned,gbdt,covariate_shift,0.4,3896321736,test_only,True,low,True,ok,,0.9930555555555556,0.9997872340425532,0.023135294024282847,0.03337717395834094,0.009062480115658982,0.01065202521345814,0.007193764964952942,0.013485622099339947,1.6961035558488269,-0.44053467125600476,0.4870582170375929,670,catboost_tuned,0.4858689135407458,False,,,1337
tic-tac-toe,gbdt_ensemble,gbdt,covariate_shift,0.0,541406498,test_only,True,low,True,ok,,0.9930555555555556,0.9998936170212765,0.07311274861454134,0.10547939985196023,0.06326481754695804,0.021950021851098997,0.056750099879409516,0.06561106139384701,3.6527430910881837,-0.7406620809443583,0.45462431582580043,670,catboost_tuned,0.4858689135407458,True,utility_gap,,1337
tic-tac-toe,gbdt_ensemble,gbdt,covariate_shift,0.05,3875828498,test_only,True,low,True,ok,,0.9930555555555556,0.9998936170212765,0.071432415826276,0.1030551920712867,0.06174970267933533,0.020249526713438534,0.056289083399696724,0.06174970267933522,6.077806720706181,-2.6089164388717734,0.455654601133527,670,catboost_tuned,0.4858689135407458,True,utility_gap,,1337
tic-tac-toe,gbdt_ensemble,gbdt,covariate_shift,0.1,411048569,test_only,True,low,True,ok,,0.9930555555555556,0.9998936170212765,0.07125169718642073,0.1027944701857713,0.06463206888932861,0.020182654053899886,0.056517791496590745,0.06463206888932857,4.65300724488575,-1.2862090866413713,0.45515634445718295,670,catboost_tuned,0.4858689135407458,True,utility_gap,,1337
tic-tac-toe,gbdt_ensemble,gbdt,covariate_shift,0.2,1393926847,test_only,True,low,True,ok,,0.9930555555555556,0.9998936170212765,0.07046796689808797,0.10166378638539915,0.06366016720476306,0.020327720643474836,0.055255111828594314,0.06366016720476306,4.097463750520239,-1.0434622921010075,0.45568992993420776,670,catboost_tuned,0.4858689135407458,True,utility_gap,,1337
tic-tac-toe,gbdt_ensemble,gbdt,covariate_shift,0.3,2199827629,test_only,True,low,True,ok,,0.9895833333333334,0.9998936170212765,0.07174399528386939,0.10350470620959955,0.06453954108134045,0.021050118160418345,0.052123746523160736,0.06453954108134055,35.91825502114283,-24.70942831377358,0.45444094587829886,670,catboost_tuned,0.4858689135407458,True,utility_gap,,1337
tic-tac-toe,gbdt_ensemble,gbdt,covariate_shift,0.4,3896321736,test_only,True,low,True,ok,,0.9930555555555556,0.9998936170212765,0.06959277192750939,0.10040114694153446,0.05745637066690717,0.019832443796184554,0.054596043862134486,0.05982024743203167,5.354852723069938,-1.8983797719669455,0.45730948107493835,670,catboost_tuned,0.4858689135407458,False,,,1337
tic-tac-toe,lightgbm,gbdt,covariate_shift,0.0,541406498,test_only,True,low,True,ok,,1.0,1.0,0.00676079061492052,0.00975375909263448,0.006401512280432273,0.001284745931819276,0.006401512280432196,0.00640151228043224,,,0.4957935698161232,670,catboost_tuned,0.4858689135407458,False,,,1337
tic-tac-toe,lightgbm,gbdt,covariate_shift,0.05,3875828498,test_only,True,low,True,ok,,1.0,1.0,0.00676079061492052,0.00975375909263448,0.006401512280432273,0.001284745931819276,0.006401512280432196,0.00640151228043224,,,0.4957935698161232,670,catboost_tuned,0.4858689135407458,False,,,1337
tic-tac-toe,lightgbm,gbdt,covariate_shift,0.1,411048569,test_only,True,low,True,ok,,1.0,1.0,0.00676079061492052,0.00975375909263448,0.006401512280432273,0.001284745931819276,0.006401512280432196,0.00640151228043224,,,0.4957935698161232,670,catboost_tuned,0.4858689135407458,False,,,1337
tic-tac-toe,lightgbm,gbdt,covariate_shift,0.2,1393926847,test_only,True,low,True,ok,,1.0,1.0,0.00676079061492052,0.00975375909263448,0.006401512280432273,0.001284745931819276,0.006401512280432196,0.00640151228043224,,,0.4957935698161232,670,catboost_tuned,0.4858689135407458,False,,,1337
tic-tac-toe,lightgbm,gbdt,covariate_shift,0.3,2199827629,test_only,True,low,True,ok,,1.0,1.0,0.00676079061492052,0.00975375909263448,0.006401512280432273,0.001284745931819276,0.006401512280432196,0.00640151228043224,,,0.4957935698161232,670,catboost_tuned,0.4858689135407458,False,,,1337
tic-tac-toe,lightgbm,gbdt,covariate_shift,0.4,3896321736,test_only,True,low,True,ok,,1.0,1.0,0.00676079061492052,0.00975375909263448,0.006401512280432273,0.001284745931819276,0.006401512280432196,0.00640151228043224,,,0.4957935698161232,670,catboost_tuned,0.4858689135407458,False,,,1337
tic-tac-toe,lightgbm_tuned,gbdt,covariate_shift,0.0,541406498,test_only,True,low,True,ok,,0.9965277777777778,1.0,0.0043807217666420204,0.006320045568248782,0.002844607424304579,0.003148635871765013,0.0018812279468608398,0.002844607424304612,4.816109408217246,-10.010669889708424,0.49701423151133106,670,catboost_tuned,0.4858689135407458,False,,,1337
tic-tac-toe,lightgbm_tuned,gbdt,covariate_shift,0.05,3875828498,test_only,True,low,True,ok,,1.0,1.0,0.003666385613535358,0.0052894763426341,0.0032928972152588797,0.0011971392028601116,0.003292897215259079,0.00329289721525904,,,0.49775457765415804,670,catboost_tuned,0.4858689135407458,False,,,1337
tic-tac-toe,lightgbm_tuned,gbdt,covariate_shift,0.1,411048569,test_only,True,low,True,ok,,0.9965277777777778,1.0,0.0043807217666420204,0.006320045568248782,0.002844607424304579,0.003148635871765013,0.0018812279468608398,0.002844607424304612,4.816109408217246,-10.010669889708424,0.49701423151133106,670,catboost_tuned,0.4858689135407458,False,,,1337
tic-tac-toe,lightgbm_tuned,gbdt,covariate_shift,0.2,1393926847,test_only,True,low,True,ok,,0.9965277777777778,1.0,0.0043807217666420204,0.006320045568248782,0.002844607424304579,0.003148635871765013,0.0018812279468608398,0.002844607424304612,4.816109408217246,-10.010669889708424,0.49701423151133106,670,catboost_tuned,0.4858689135407458,False,,,1337
tic-tac-toe,lightgbm_tuned,gbdt,covariate_shift,0.3,2199827629,test_only,True,low,True,ok,,0.9965277777777778,0.9999468085106382,0.010476859231105636,0.01511491285680786,0.005949003395419266,0.005914493716495025,0.0020496839062411087,0.007442846301462249,1.7187282804268722,-0.540423378998568,0.49373627510926377,670,catboost_tuned,0.4858689135407458,False,,,1337
tic-tac-toe,lightgbm_tuned,gbdt,covariate_shift,0.4,3896321736,test_only,True,low,True,ok,,0.9965277777777778,1.0,0.0043807217666420204,0.006320045568248782,0.002844607424304579,0.003148635871765013,0.0018812279468608398,0.002844607424304612,4.816109408217246,-10.010669889708424,0.49701423151133106,670,catboost_tuned,0.4858689135407458,False,,,1337
tic-tac-toe,xgboost_tuned,gbdt,covariate_shift,0.0,541406498,test_only,True,low,True,ok,,1.0,1.0,0.023598777220867877,0.03404583886758952,0.021654986340981904,0.0061901371298329995,0.021654986340981983,0.02165498634098198,,,0.48545525107152676,670,catboost_tuned,0.4858689135407458,False,,,1337
tic-tac-toe,xgboost_tuned,gbdt,covariate_shift,0.05,3875828498,test_only,True,low,True,ok,,1.0,1.0,0.023598777220867877,0.03404583886758952,0.021654986340981904,0.0061901371298329995,0.021654986340981983,0.02165498634098198,,,0.48545525107152676,670,catboost_tuned,0.4858689135407458,False,,,1337
tic-tac-toe,xgboost_tuned,gbdt,covariate_shift,0.1,411048569,test_only,True,low,True,ok,,1.0,1.0,0.023598777220867877,0.03404583886758952,0.021654986340981904,0.0061901371298329995,0.021654986340981983,0.02165498634098198,,,0.48545525107152676,670,catboost_tuned,0.4858689135407458,False,,,1337
tic-tac-toe,xgboost_tuned,gbdt,covariate_shift,0.2,1393926847,test_only,True,low,True,ok,,1.0,1.0,0.023598777220867877,0.03404583886758952,0.021654986340981904,0.0061901371298329995,0.021654986340981983,0.02165498634098198,,,0.48545525107152676,670,catboost_tuned,0.4858689135407458,False,,,1337
tic-tac-toe,xgboost_tuned,gbdt,covariate_shift,0.3,2199827629,test_only,True,low,True,ok,,1.0,1.0,0.023598777220867877,0.03404583886758952,0.021654986340981904,0.0061901371298329995,0.021654986340981983,0.02165498634098198,,,0.48545525107152676,670,catboost_tuned,0.4858689135407458,False,,,1337
tic-tac-toe,xgboost_tuned,gbdt,covariate_shift,0.4,3896321736,test_only,True,low,True,ok,,1.0,1.0,0.023598777220867877,0.03404583886758952,0.021654986340981904,0.0061901371298329995,0.021654986340981983,0.02165498634098198,,,0.48545525107152676,670,catboost_tuned,0.4858689135407458,False,,,1337
tic-tac-toe,catboost_tuned,gbdt,label_noise,0.0,206959428,train_only,True,low,True,ok,,0.9895833333333334,0.9998936170212767,0.021694438068460335,0.031298458216240464,0.015709074759144313,0.010049470150774217,0.005236302148104156,0.015709074759144365,3.634028918752018,-3.1334162855720527,0.4858689135407458,670,catboost_tuned,0.4858689135407458,False,,,1337
tic-tac-toe,catboost_tuned,gbdt,label_noise,0.05,1644567891,train_only,True,low,True,ok,,0.9791666666666666,0.999095744680851,0.17603699260855774,0.2539676962493734,0.1357740939367996,0.0737807174769512,0.12814445364421365,0.13924447349348446,6.633365608861881,-1.0990733916805082,0.39321338297612585,670,catboost_tuned,0.4858689135407458,True,utility_gap;ece,,1337
tic-tac-toe,catboost_tuned,gbdt,label_noise,0.1,2752088913,train_only,True,low,True,ok,,0.9652777777777778,0.9955851063829787,0.2514151113701588,0.3627153343782746,0.17343377691614315,0.12073710350778771,0.17114681400571613,0.17380770628683334,4.925658460291944,-0.11561893592867176,0.3497450982039982,670,catboost_tuned,0.4858689135407458,True,utility_gap;ece,,1337
tic-tac-toe,catboost_tuned,gbdt,label_noise,0.2,2412622427,train_only,True,low,True,ok,,0.8854166666666666,0.9466489361702127,0.45259132143814196,0.6529512549881902,0.2182553168945231,0.27626681503528816,0.21825531689452304,0.2089567290550767,3.63955701977805,0.15883368356906152,0.2246031877842128,670,catboost_tuned,0.4858689135407458,True,utility_gap;ece,,1337
tic-tac-toe,catboost_tuned,gbdt,label_noise,0.3,1360297274,train_only,True,low,True,ok,,0.7326388888888888,0.7832446808510639,0.5765810698664288,0.8318306501667497,0.11864812676395665,0.38919559924268127,0.14554766841907654,0.12551143705425927,2.486127718582466,-0.03642431927428895,0.11075265122838943,670,catboost_tuned,0.4858689135407458,True,utility_gap;ece;nll,,1337
tic-tac-toe,catboost_tuned,gbdt,label_noise,0.4,3116259143,train_only,True,low,True,ok,,0.6979166666666666,0.6829787234042553,0.6199092058938138,0.8943399371444206,0.09292114581959957,0.429067255095921,0.11231958090953169,0.10443243670334956,1.186648553115172,0.34459156771596106,0.05684384288424324,670,catboost_tuned,0.4858689135407458,True,utility_gap;nll,,1337
tic-tac-toe,gbdt_ensemble,gbdt,label_noise,0.0,206959428,train_only,True,low,True,ok,,0.9930555555555556,0.9998936170212765,0.07311274861454134,0.10547939985196023,0.06326481754695804,0.021950021851098997,0.056750099879409516,0.06561106139384701,3.6527430910881837,-0.7406620809443583,0.45462431582580043,670,catboost_tuned,0.4858689135407458,True,utility_gap,,1337
tic-tac-toe,gbdt_ensemble,gbdt,label_noise,0.05,1644567891,train_only,True,low,True,ok,,0.9791666666666666,0.9989361702127659,0.15335299408414554,0.22124160407067134,0.12162931599220206,0.06203695771829413,0.10894080794727624,0.12141207654373962,7.222124618720264,-1.9138737296145214,0.4058043151548262,670,catboost_tuned,0.4858689135407458,True,utility_gap;ece,,1337
tic-tac-toe,gbdt_ensemble,gbdt,label_noise,0.1,2752088913,train_only,True,low,True,ok,,0.9722222222222222,0.9958510638297873,0.22475037544877235,0.3242462520978765,0.1560000165600173,0.10417076788344404,0.15600001656001736,0.1596608022731466,3.8470927267809696,0.20646983134085473,0.3659073267323924,670,catboost_tuned,0.4858689135407458,True,utility_gap;ece,,1337
tic-tac-toe,gbdt_ensemble,gbdt,label_noise,0.2,2412622427,train_only,True,low,True,ok,,0.8784722222222222,0.9463829787234043,0.3781816781481123,0.5456008316193477,0.14366755623588442,0.22270477632866287,0.14366755623588437,0.15143955118671337,2.8542438058981725,-0.20355615779354597,0.27059111515354367,670,catboost_tuned,0.4858689135407458,True,utility_gap;ece,,1337
tic-tac-toe,gbdt_ensemble,gbdt,label_noise,0.3,1360297274,train_only,True,low,True,ok,,0.7743055555555556,0.8199468085106383,0.5182433694973514,0.7476671391474156,0.10149033021194505,0.3405013988013543,0.10303483195822133,0.1038564492787375,1.6984388218532807,0.13053582673242692,0.15852900852544305,670,catboost_tuned,0.4858689135407458,True,utility_gap;ece,,1337
tic-tac-toe,gbdt_ensemble,gbdt,label_noise,0.4,3116259143,train_only,True,low,True,ok,,0.6805555555555556,0.7002659574468085,0.6064374787540039,0.8749043432076076,0.032251568943058605,0.41705170241340245,0.06988225255067552,0.08527666901694636,0.9045754140145775,0.13764483952336504,0.07825480168882232,670,catboost_tuned,0.4858689135407458,True,utility_gap;nll,,1337
tic-tac-toe,lightgbm,gbdt,label_noise,0.0,206959428,train_only,True,low,True,ok,,1.0,1.0,0.00676079061492052,0.00975375909263448,0.006401512280432273,0.001284745931819276,0.006401512280432196,0.00640151228043224,,,0.4957935698161232,670,catboost_tuned,0.4858689135407458,False,,,1337
tic-tac-toe,lightgbm,gbdt,label_noise,0.05,1644567891,train_only,True,low,True,ok,,0.96875,0.9969148936170213,0.09261311398510366,0.13361248026759337,0.027483840741086785,0.04885208310407996,0.027349661043415466,0.04322632291737514,1.8638367399821447,-0.3089681126158341,0.4486522005374621,670,catboost_tuned,0.4858689135407458,True,utility_gap,,1337
tic-tac-toe,lightgbm,gbdt,label_noise,0.1,2752088913,train_only,True,low,True,ok,,0.9166666666666666,0.9827127659574468,0.18475298732836565,0.2665422186080546,0.05584755239382985,0.10499159982105423,0.053780736894694446,0.06694384367652013,2.0860370838639906,-1.0054979895944192,0.390317292023924,670,catboost_tuned,0.4858689135407458,True,utility_gap,,1337
tic-tac-toe,lightgbm,gbdt,label_noise,0.2,2412622427,train_only,True,low,True,ok,,0.8576388888888888,0.9238297872340425,0.34642319296837254,0.4997830225443915,0.045115988129433446,0.2195485781891817,0.06283511461431004,0.07560027820836675,1.1082602236367503,0.1720702325474952,0.2930281544760441,670,catboost_tuned,0.4858689135407458,True,utility_gap,,1337
tic-tac-toe,lightgbm,gbdt,label_noise,0.3,1360297274,train_only,True,low,True,ok,,0.7395833333333334,0.7726063829787234,0.5384181297700628,0.7767731657439799,0.06726516866437754,0.3652220022196272,0.08052436662073235,0.10113970422733808,0.7541747597492747,0.1195631647559227,0.1348647505864837,670,catboost_tuned,0.4858689135407458,True,utility_gap;nll,,1337
tic-tac-toe,lightgbm,gbdt,label_noise,0.4,3116259143,train_only,True,low,True,ok,,0.6979166666666666,0.7186170212765957,0.6359340753549003,0.9174589368468231,0.0911330234368013,0.4269378651722974,0.11127433407263015,0.11963256386515173,0.38561091476580706,0.3468491400924776,0.06273917170540128,670,catboost_tuned,0.4858689135407458,True,utility_gap;nll,,1337
tic-tac-toe,lightgbm_tuned,gbdt,label_noise,0.0,206959428,train_only,True,low,True,ok,,0.9965277777777778,1.0,0.0043807217666420204,0.006320045568248782,0.002844607424304579,0.003148635871765013,0.0018812279468608398,0.002844607424304612,4.816109408217246,-10.010669889708424,0.49701423151133106,670,catboost_tuned,0.4858689135407458,False,,,1337
tic-tac-toe,lightgbm_tuned,gbdt,label_noise,0.05,1644567891,train_only,True,low,True,ok,,0.96875,0.9973936170212766,0.12341436462060945,0.17804929181261558,0.07318208559341578,0.05498596838999433,0.06575271720199054,0.08053524055596119,3.7373897501377216,-1.0042994942534587,0.42634906129497896,670,catboost_tuned,0.4858689135407458,True,utility_gap,,1337
tic-tac-toe,lightgbm_tuned,gbdt,label_noise,0.1,2752088913,train_only,True,low,True,ok,,0.9340277777777778,0.9880851063829786,0.1968210991989147,0.283952823756589,0.0895308590326156,0.09888252428030181,0.09372039307785895,0.09040350396648578,2.7796854988560162,-0.8317569524532922,0.38284193496720936,670,catboost_tuned,0.4858689135407458,True,utility_gap,,1337
tic-tac-toe,lightgbm_tuned,gbdt,label_noise,0.2,2412622427,train_only,True,low,True,ok,,0.8715277777777778,0.9338297872340425,0.410471694714662,0.5921854783901314,0.16390788935683606,0.24562170759028723,0.16390788935683612,0.164941872491374,2.977344684349513,-0.06408464520139964,0.24713237081017497,670,catboost_tuned,0.4858689135407458,True,utility_gap;ece,,1337
tic-tac-toe,lightgbm_tuned,gbdt,label_noise,0.3,1360297274,train_only,True,low,True,ok,,0.75,0.8148936170212767,0.5413236352450846,0.7809649240840697,0.12101542782378547,0.3579669290702809,0.11492986969536655,0.12233663406666832,2.376187951070887,-0.12811004745316887,0.13922020316746883,670,catboost_tuned,0.4858689135407458,True,utility_gap;ece;nll,,1337
tic-tac-toe,lightgbm_tuned,gbdt,label_noise,0.4,3116259143,train_only,True,low,True,ok,,0.6840277777777778,0.7159574468085106,0.5972627469881518,0.8616680031875263,0.05013598904738856,0.40989981609633985,0.06058751227511763,0.10745021928859258,1.463181941369643,-0.02872115345930444,0.08466167428390979,670,catboost_tuned,0.4858689135407458,True,utility_gap;nll,,1337
tic-tac-toe,xgboost_tuned,gbdt,label_noise,0.0,206959428,train_only,True,low,True,ok,,1.0,1.0,0.023598777220867877,0.03404583886758952,0.021654986340981904,0.0061901371298329995,0.021654986340981983,0.02165498634098198,,,0.48545525107152676,670,catboost_tuned,0.4858689135407458,False,,,1337
tic-tac-toe,xgboost_tuned,gbdt,label_noise,0.05,1644567891,train_only,True,low,True,ok,,0.9652777777777778,0.9917553191489362,0.14005402049238785,0.2020552408209292,0.06009310987950048,0.06950770042797917,0.060093109879500374,0.060315037012371786,1.7791123062740635,0.20387035290750916,0.4192708341466155,670,catboost_tuned,0.4858689135407458,True,utility_gap,,1337
tic-tac-toe,xgboost_tuned,gbdt,label_noise,0.1,2752088913,train_only,True,low,True,ok,,0.9305555555555556,0.9838829787234042,0.20190815293478218,0.29129189095406066,0.08956954684068487,0.10667610846209799,0.08956954684068481,0.08736421803179437,2.4215636109212144,-0.47687163740277055,0.3786408992321696,670,catboost_tuned,0.4858689135407458,True,utility_gap,,1337
tic-tac-toe,xgboost_tuned,gbdt,label_noise,0.2,2412622427,train_only,True,low,True,ok,,0.8541666666666666,0.9274468085106383,0.41814040683297865,0.6032490913332319,0.17040460353358816,0.25162662144411907,0.17785335128768517,0.1623613728137117,3.1041562373795024,-0.2964928307778628,0.2376757348720362,670,catboost_tuned,0.4858689135407458,True,utility_gap;ece,,1337
tic-tac-toe,xgboost_tuned,gbdt,label_noise,0.3,1360297274,train_only,True,low,True,ok,,0.7465277777777778,0.7865957446808511,0.554549962596847,0.8000464809636313,0.10331292189884958,0.3705022845821977,0.11546941304563306,0.11483255554631791,1.9127803026860608,0.05631916543336522,0.12661114863610526,670,catboost_tuned,0.4858689135407458,True,utility_gap;ece;nll,,1337
tic-tac-toe,xgboost_tuned,gbdt,label_noise,0.4,3116259143,train_only,True,low,True,ok,,0.6631944444444444,0.7200531914893616,0.6020751956442,0.8686108989981398,0.07069050835433814,0.4126669274648824,0.11097282663859542,0.10006529098998317,1.7722250568814606,-0.28065291617341537,0.07677641231763363,670,catboost_tuned,0.4858689135407458,True,utility_gap;nll,,1337
vehicle,catboost_tuned,gbdt,covariate_shift,0.0,3470424581,test_only,True,low,True,ok,,0.7204724409448819,0.9159920947713864,0.5559422186361753,0.401027540923609,0.10853981881675168,0.3491390354853731,0.1087271967906987,0.07868982215790232,1.0540780943004922,-0.7512070661847822,0.2866518732712845,592,xgboost_tuned,0.2979230221868142,True,ece,,1337
vehicle,catboost_tuned,gbdt,covariate_shift,0.05,3553204091,test_only,True,low,True,ok,,0.6929133858267716,0.8972080454255407,0.6597011735929026,0.4758738058055549,0.10540372797564813,0.40520436700103724,0.12646461591075445,0.0810758583209201,0.8961174520158488,-0.514655099790455,0.25411693643615885,592,xgboost_tuned,0.2979230221868142,True,utility_gap;ece,,1337
vehicle,catboost_tuned,gbdt,covariate_shift,0.1,1908264912,test_only,True,low,True,ok,,0.6653543307086615,0.8827086202128593,0.7319835843966703,0.5280145436106022,0.10139450005919333,0.4423245212010598,0.10876844250387498,0.07686735332766073,0.7068962522713492,-0.19695469901464513,0.23006790358578064,592,xgboost_tuned,0.2979230221868142,True,utility_gap;ece,,1337
vehicle,catboost_tuned,gbdt,covariate_shift,0.2,1096574387,test_only,True,low,True,ok,,0.43700787401574803,0.777506736838075,1.2071224116782908,0.8707547585370979,0.21757625991075552,0.6878152185515725,0.21719926227019276,0.13743469296404096,0.6556664007001438,-0.7837126623323527,0.03293685945240799,592,xgboost_tuned,0.2979230221868142,True,utility_gap;ece;nll,,1337
vehicle,catboost_tuned,gbdt,covariate_shift,0.3,4141116249,test_only,True,low,True,ok,,0.37401574803149606,0.6994131022523928,1.4391687665269453,1.0381408212353551,0.2463790275203868,0.7941762651813795,0.2504046534465932,0.15744913877064362,0.3424917758254053,-0.7388160844452418,-0.059821103881622005,592,xgboost_tuned,0.2979230221868142,True,utility_gap;ece;nll,,1337
vehicle,catboost_tuned,gbdt,covariate_shift,0.4,2751810767,test_only,True,low,True,ok,,0.3228346456692913,0.6310572377654751,1.6569746467409538,1.1952545528659582,0.3004558239321087,0.8785080588885195,0.30244049629705666,0.1856192295031961,0.23625036744309602,-0.8880226820003385,-0.1493723005778992,592,xgboost_tuned,0.2979230221868142,True,utility_gap;ece;nll,,1337
vehicle,gbdt_ensemble,gbdt,covariate_shift,0.0,3470424581,test_only,True,low,True,ok,,0.7598425196850394,0.9179398332753087,0.5576468922759715,0.4022572030268431,0.09480889282192485,0.3435898156277114,0.10362076335548191,0.06715287812123485,0.7548840398737222,-0.17957891698126807,0.295616380126676,592,xgboost_tuned,0.2979230221868142,False,,,1337
vehicle,gbdt_ensemble,gbdt,covariate_shift,0.05,3553204091,test_only,True,low,True,ok,,0.6732283464566929,0.8948750358961717,0.6725531250591805,0.4851445291286273,0.12185417200423526,0.40878758222325384,0.12725999677451721,0.09063276892908831,0.9529873867556882,-0.7531551629105423,0.24427632139272878,592,xgboost_tuned,0.2979230221868142,True,utility_gap;ece,,1337
vehicle,gbdt_ensemble,gbdt,covariate_shift,0.1,1908264912,test_only,True,low,True,ok,,0.6692913385826772,0.8776583897955302,0.749798583504879,0.5408653490440292,0.10251638419662383,0.4493432665561193,0.11214044679681102,0.08190005053481517,0.6088478781497434,-0.03514617098772492,0.22481125566330362,592,xgboost_tuned,0.2979230221868142,True,utility_gap;ece,,1337
vehicle,gbdt_ensemble,gbdt,covariate_shift,0.2,1096574387,test_only,True,low,True,ok,,0.4448818897637795,0.7724935611177473,1.240071617522317,0.8945225864733011,0.19775703878088627,0.702025486551628,0.198194559002271,0.12718058998215037,0.5133009540711475,-0.5825690917830443,0.02919684615761088,592,xgboost_tuned,0.2979230221868142,True,utility_gap;ece;nll,,1337
vehicle,gbdt_ensemble,gbdt,covariate_shift,0.3,4141116249,test_only,True,low,True,ok,,0.35039370078740156,0.688996683767226,1.394258361717406,1.0057448120838361,0.22592831579025638,0.7773892081682571,0.22592831579025638,0.1423855661233756,0.44693284754836327,-0.8027147037550021,-0.05320121234656283,592,xgboost_tuned,0.2979230221868142,True,utility_gap;ece;nll,,1337
vehicle,gbdt_ensemble,gbdt,covariate_shift,0.4,2751810767,test_only,True,low,True,ok,,0.3228346456692913,0.6433595061212651,1.6374690443774076,1.181184234966238,0.30103328531857876,0.8816028680612834,0.30103328531857876,0.1890388950812534,0.28282225766650965,-0.9162388738069468,-0.1409609035607507,592,xgboost_tuned,0.2979230221868142,True,utility_gap;ece;nll,,1337
vehicle,lightgbm,gbdt,covariate_shift,0.0,3470424581,test_only,True,low,True,ok,,0.7204724409448819,0.9108197212724902,0.9887455827753943,0.7132291744854647,0.2030783246960424,0.44069078970832315,0.20309009727685134,0.10668341586561972,0.37064496688522885,-0.8358254829692702,0.17227335130225593,592,xgboost_tuned,0.2979230221868142,True,utility_gap;ece,,1337
vehicle,lightgbm,gbdt,covariate_shift,0.05,3553204091,test_only,True,low,True,ok,,0.6968503937007874,0.8992216719338769,1.060226909932136,0.7647920525880612,0.20908458333814883,0.48112686463128906,0.20807382460296514,0.11491746903835713,0.3359253042478513,-0.6158288363520655,0.14800061178792692,592,xgboost_tuned,0.2979230221868142,True,utility_gap;ece;nll,,1337
vehicle,lightgbm,gbdt,covariate_shift,0.1,1908264912,test_only,True,low,True,ok,,0.6732283464566929,0.8870943400491437,1.2939075677283236,0.9333570156651766,0.24606010106523793,0.5513965598870073,0.23838056891404166,0.13662997844109023,0.28830664702801434,-0.5507050133209501,0.08224814607310367,592,xgboost_tuned,0.2979230221868142,True,utility_gap;ece;nll,,1337
vehicle,lightgbm,gbdt,covariate_shift,0.2,1096574387,test_only,True,low,True,ok,,0.468503937007874,0.7774557988144871,2.5322654010761836,1.826643368173656,0.43525783904005627,0.9177563577000906,0.43168520306838376,0.22988738400973982,0.17775191393245843,-0.8348356405601467,-0.2926594581238565,592,xgboost_tuned,0.2979230221868142,True,utility_gap;ece;nll,,1337
vehicle,lightgbm,gbdt,covariate_shift,0.3,4141116249,test_only,True,low,True,ok,,0.3779527559055118,0.6675740641226602,3.653387066129785,2.6353617013766604,0.5600096712265776,1.1331586511804055,0.5453101101734542,0.28683931633738824,0.095219846278618,-0.8983742628476923,-0.6122666088295559,592,xgboost_tuned,0.2979230221868142,True,utility_gap;ece;nll,,1337
vehicle,lightgbm,gbdt,covariate_shift,0.4,2751810767,test_only,True,low,True,ok,,0.32677165354330706,0.5998230019058407,4.278992638571768,3.086640729833935,0.6112283027144148,1.2462330909298258,0.6112283027144148,0.31352143942623933,0.04667792163308141,-0.9248983457892321,-0.7892840807945232,592,xgboost_tuned,0.2979230221868142,True,utility_gap;ece;nll,,1337
vehicle,lightgbm_tuned,gbdt,covariate_shift,0.0,3470424581,test_only,True,low,True,ok,,0.7047244094488189,0.9120595302862242,0.5687803005558564,0.41028825948363407,0.11284728495770423,0.35859922705398417,0.11496680495545662,0.06832370779124539,0.9584923081977412,-0.8090821234368056,0.27927356218087024,592,xgboost_tuned,0.2979230221868142,True,ece,,1337
vehicle,lightgbm_tuned,gbdt,covariate_shift,0.05,3553204091,test_only,True,low,True,ok,,0.6968503937007874,0.9009583070124646,0.651316546388987,0.469825575762159,0.11425240850289455,0.40521880933951326,0.11688082877921653,0.07329894485174328,0.809000419742205,-0.5178243449322584,0.2560648120802541,592,xgboost_tuned,0.2979230221868142,True,utility_gap;ece,,1337
vehicle,lightgbm_tuned,gbdt,covariate_shift,0.1,1908264912,test_only,True,low,True,ok,,0.6535433070866141,0.8934256832825742,0.7373692178413603,0.5318994569419522,0.15015531204319568,0.44927082522416795,0.1606329036680335,0.08236989590853044,0.8601408884834407,-0.8059111143598164,0.22112958572066824,592,xgboost_tuned,0.2979230221868142,True,utility_gap;ece,,1337
vehicle,lightgbm_tuned,gbdt,covariate_shift,0.2,1096574387,test_only,True,low,True,ok,,0.43700787401574803,0.7959276621440045,1.352082518027657,0.9753213718155817,0.29892992440802024,0.7437851742005306,0.2989299244080203,0.1628300038956248,0.6157284824069276,-1.082004380314794,-0.008256533573514774,592,xgboost_tuned,0.2979230221868142,True,utility_gap;ece;nll,,1337
vehicle,lightgbm_tuned,gbdt,covariate_shift,0.3,4141116249,test_only,True,low,True,ok,,0.36220472440944884,0.7187477915555862,1.7807563324877713,1.2845441649558629,0.40837664232219745,0.9178176333851288,0.4067382598256405,0.21733582218011252,0.5880370934189205,-1.4620493054356023,-0.16114614224532586,592,xgboost_tuned,0.2979230221868142,True,utility_gap;ece;nll,,1337
vehicle,lightgbm_tuned,gbdt,covariate_shift,0.4,2751810767,test_only,True,low,True,ok,,0.3188976377952756,0.6156504212215435,2.1806139618188896,1.5729804744046738,0.4880114403933622,1.0565687483123236,0.4835183123594014,0.24947933967194916,0.23668726252189098,-1.1525130920898896,-0.30618413730324306,592,xgboost_tuned,0.2979230221868142,True,utility_gap;ece;nll,,1337
vehicle,xgboost_tuned,gbdt,covariate_shift,0.0,3470424581,test_only,True,low,True,ok,,0.7283464566929134,0.9177650838245827,0.5474512468308405,0.3949025994656667,0.07037972908013349,0.33593543466746134,0.07760424755460824,0.05731648635645373,1.0616134301534061,-0.34620905059818485,0.2979230221868142,592,xgboost_tuned,0.2979230221868142,False,,,1337
vehicle,xgboost_tuned,gbdt,covariate_shift,0.05,3553204091,test_only,True,low,True,ok,,0.6811023622047244,0.9080508119504914,0.5895017285999995,0.42523561022334544,0.1081055288182816,0.367353288451931,0.09848035806643454,0.06625829761059457,1.191463222831682,-0.7379179872723417,0.27079134968272073,592,xgboost_tuned,0.2979230221868142,True,ece,,1337
vehicle,xgboost_tuned,gbdt,covariate_shift,0.1,1908264912,test_only,True,low,True,ok,,0.6496062992125984,0.8895069540749563,0.7125133834430094,0.513969762430123,0.10536201864108512,0.43044687250771907,0.1110773233416793,0.07284163600659177,1.0271933759794394,-0.5670567407035579,0.23350504635087047,592,xgboost_tuned,0.2979230221868142,True,utility_gap;ece,,1337
vehicle,xgboost_tuned,gbdt,covariate_shift,0.2,1096574387,test_only,True,low,True,ok,,0.5433070866141733,0.8064619861647466,1.1502056982374689,0.829698028424712,0.17623148660487664,0.620702973763123,0.17568592448878548,0.10758072621654585,0.45686250739145595,-0.26441969200861215,0.07960205230139836,592,xgboost_tuned,0.2979230221868142,True,utility_gap;ece;nll,,1337
vehicle,xgboost_tuned,gbdt,covariate_shift,0.3,4141116249,test_only,True,low,True,ok,,0.38188976377952755,0.7103470163445832,1.6444538974253835,1.1862227413930644,0.3437833818441358,0.8492899107704401,0.3457070794712445,0.18427815135502648,0.3122204984213084,-0.805669198019438,-0.1187185784992132,592,xgboost_tuned,0.2979230221868142,True,utility_gap;ece;nll,,1337
vehicle,xgboost_tuned,gbdt,covariate_shift,0.4,2751810767,test_only,True,low,True,ok,,0.31496062992125984,0.6182710597814836,2.0736737172407094,1.495839394142477,0.44523671295820083,1.0169457330338305,0.4482091184240193,0.2379365112824689,0.08505483926381635,-0.8909517263951845,-0.27416019542267506,592,xgboost_tuned,0.2979230221868142,True,utility_gap;ece;nll,,1337
vehicle,catboost_tuned,gbdt,label_noise,0.0,3155466066,train_only,True,low,True,ok,,0.7204724409448819,0.9159920947713864,0.5559422186361753,0.401027540923609,0.10853981881675168,0.3491390354853731,0.1087271967906987,0.07868982215790232,1.0540780943004922,-0.7512070661847822,0.2866518732712845,592,xgboost_tuned,0.2979230221868142,True,ece,,1337
vehicle,catboost_tuned,gbdt,label_noise,0.05,3138516533,train_only,True,low,True,ok,,0.7401574803149606,0.9091048744937614,0.5987310202499759,0.4318931368705149,0.10913646842561996,0.3527079228849096,0.10872609833055691,0.07073529234726825,1.1231919505170507,0.08776056172068882,0.27781509337378213,592,xgboost_tuned,0.2979230221868142,True,ece,,1337
vehicle,catboost_tuned,gbdt,label_noise,0.1,490820170,train_only,True,low,True,ok,,0.7165354330708661,0.9098832415512081,0.6244381104767479,0.45043688266343945,0.0782527245846172,0.35011355015899603,0.09473771963507237,0.08184424628700704,1.8299404170496307,-0.09660543855084033,0.27515783978759756,592,xgboost_tuned,0.2979230221868142,False,,,1337
vehicle,catboost_tuned,gbdt,label_noise,0.2,3601492056,train_only,True,low,True,ok,,0.7204724409448819,0.9100829282824925,0.7300040069226525,0.5265865803081917,0.1253974865478195,0.3877209881028259,0.12845846889004903,0.10114534218512426,1.8493960663888924,0.4058550389975171,0.24354441963858323,592,xgboost_tuned,0.2979230221868142,True,utility_gap;ece,,1337
vehicle,catboost_tuned,gbdt,label_noise,0.3,131445175,train_only,True,low,True,ok,,0.6771653543307087,0.8898977238259318,0.8537127373559684,0.6158235662635989,0.15875279844528378,0.45988792921572147,0.16974238389186685,0.11832863102535318,1.957689011242213,0.8399850385430462,0.196541376920546,592,xgboost_tuned,0.2979230221868142,True,utility_gap;ece,,1337
vehicle,catboost_tuned,gbdt,label_noise,0.4,1293278575,train_only,True,low,True,ok,,0.65748031496063,0.8835912230689345,1.0287562265740722,0.7420907531810284,0.2609419657537962,0.5530292730870433,0.26773020535817904,0.16127835795670606,3.0216735363497667,2.0615629677193024,0.1330633562131538,592,xgboost_tuned,0.2979230221868142,True,utility_gap;ece,,1337
vehicle,gbdt_ensemble,gbdt,label_noise,0.0,3155466066,train_only,True,low,True,ok,,0.7598425196850394,0.9179398332753087,0.5576468922759715,0.4022572030268431,0.09480889282192485,0.3435898156277114,0.10362076335548191,0.06715287812123485,0.7548840398737222,-0.17957891698126807,0.295616380126676,592,xgboost_tuned,0.2979230221868142,False,,,1337
vehicle,gbdt_ensemble,gbdt,label_noise,0.05,3138516533,train_only,True,low,True,ok,,0.7244094488188977,0.9089399918319733,0.5870019293364489,0.4234323862229743,0.0989075873859362,0.36022324034754644,0.09211582573251755,0.0707340127469024,1.0122633391840146,-0.41923087479965626,0.2799791811199457,592,xgboost_tuned,0.2979230221868142,False,,,1337
vehicle,gbdt_ensemble,gbdt,label_noise,0.1,490820170,train_only,True,low,True,ok,,0.7362204724409449,0.912231106429806,0.5859322616706175,0.4226607841045272,0.05723788743525516,0.3422620364951986,0.059135846661716854,0.07333099491226773,1.2242329642001597,-0.30553206131095295,0.2914681453981646,592,xgboost_tuned,0.2979230221868142,False,,,1337
vehicle,gbdt_ensemble,gbdt,label_noise,0.2,3601492056,train_only,True,low,True,ok,,0.7440944881889764,0.898895926857301,0.7020516772468823,0.5064232366059281,0.060307625031626094,0.37676256623082965,0.0654966873570451,0.08743624488395878,0.936510519024097,0.2145529421178143,0.2622392516402981,592,xgboost_tuned,0.2979230221868142,True,utility_gap,,1337
vehicle,gbdt_ensemble,gbdt,label_noise,0.3,131445175,train_only,True,low,True,ok,,0.610236220472441,0.8638371618085825,0.8492514254645024,0.6126054099927604,0.07591418936705366,0.47056470480797197,0.07944265633551832,0.08524239426255753,1.46173148168325,-0.16894729426223473,0.19491397883263115,592,xgboost_tuned,0.2979230221868142,True,utility_gap,,1337
vehicle,gbdt_ensemble,gbdt,label_noise,0.4,1293278575,train_only,True,low,True,ok,,0.6377952755905512,0.8532228617523907,0.8949664958421668,0.6455818626566336,0.06724033906234463,0.4893058612617089,0.09263360432220535,0.08815473188688454,1.2458215835599753,0.2660561418711184,0.18717466634246038,592,xgboost_tuned,0.2979230221868142,True,utility_gap,,1337
vehicle,lightgbm,gbdt,label_noise,0.0,3155466066,train_only,True,low,True,ok,,0.7204724409448819,0.9108197212724902,0.9887455827753943,0.7132291744854647,0.2030783246960424,0.44069078970832315,0.20309009727685134,0.10668341586561972,0.37064496688522885,-0.8358254829692702,0.17227335130225593,592,xgboost_tuned,0.2979230221868142,True,utility_gap;ece,,1337
vehicle,lightgbm,gbdt,label_noise,0.05,3138516533,train_only,True,low,True,ok,,0.7165354330708661,0.8968330099675902,0.9287968431960993,0.6699852998361684,0.2013768838141714,0.45799025663148285,0.20287375069623131,0.10503928579598167,0.39711699756227953,-0.5221073190667791,0.18010090173560167,592,xgboost_tuned,0.2979230221868142,True,utility_gap;ece,,1337
vehicle,lightgbm,gbdt,label_noise,0.1,490820170,train_only,True,low,True,ok,,0.6850393700787402,0.8896294797373203,0.8566666411438579,0.6179543574366245,0.1886964581936191,0.45478411990826884,0.18743297302958767,0.10844127174215239,0.5595701293090984,-0.7535749399575314,0.19100062455016192,592,xgboost_tuned,0.2979230221868142,True,utility_gap;ece,,1337
vehicle,lightgbm,gbdt,label_noise,0.2,3601492056,train_only,True,low,True,ok,,0.6614173228346457,0.8719102363383512,0.9454259565057003,0.6819806694892393,0.1734046006784062,0.48751988810073893,0.1615311220865221,0.09571749243245933,0.5524687166723922,-0.48461280010638325,0.16510606016116672,592,xgboost_tuned,0.2979230221868142,True,utility_gap;ece,,1337
vehicle,lightgbm,gbdt,label_noise,0.3,131445175,train_only,True,low,True,ok,,0.5748031496062992,0.8176472931063782,1.1007514566670047,0.7940243338923952,0.19774563636212888,0.5931415814915789,0.19513397060095053,0.11545909576674311,0.5706878210827423,-0.5068311587548311,0.09464059758803288,592,xgboost_tuned,0.2979230221868142,True,utility_gap;ece;nll,,1337
vehicle,lightgbm,gbdt,label_noise,0.4,1293278575,train_only,True,low,True,ok,,0.6062992125984252,0.8239951672807835,1.0069406856778416,0.7263541668483773,0.16640722567400185,0.5519918090453427,0.13803286928124697,0.10469878136457572,0.7105321024086638,-0.18415819661724883,0.12815549524872444,592,xgboost_tuned,0.2979230221868142,True,utility_gap;ece,,1337
vehicle,lightgbm_tuned,gbdt,label_noise,0.0,3155466066,train_only,True,low,True,ok,,0.7047244094488189,0.9120595302862242,0.5687803005558564,0.41028825948363407,0.11284728495770423,0.35859922705398417,0.11496680495545662,0.06832370779124539,0.9584923081977412,-0.8090821234368056,0.27927356218087024,592,xgboost_tuned,0.2979230221868142,True,ece,,1337
vehicle,lightgbm_tuned,gbdt,label_noise,0.05,3138516533,train_only,True,low,True,ok,,0.7125984251968503,0.9057690001855848,0.5867646444200166,0.423261221336867,0.07379631017853071,0.3575462424358488,0.08746918369505625,0.06651353465472809,1.07129781066316,-0.384480770548276,0.282171285407716,592,xgboost_tuned,0.2979230221868142,False,,,1337
vehicle,lightgbm_tuned,gbdt,label_noise,0.1,490820170,train_only,True,low,True,ok,,0.6889763779527559,0.8971587486606307,0.6499546237431828,0.468843156238571,0.06470927439541524,0.37836251538700005,0.08012719253856203,0.08446173458262844,1.2372322997570981,-0.2922787520247399,0.26375721697347976,592,xgboost_tuned,0.2979230221868142,True,utility_gap,,1337
vehicle,lightgbm_tuned,gbdt,label_noise,0.2,3601492056,train_only,True,low,True,ok,,0.7007874015748031,0.8971138952675934,0.7321345237610203,0.5281234233468135,0.05578842827637317,0.39697335993747407,0.06851892336727404,0.0813922775830136,1.293341996555827,0.043782171115086074,0.24951326092055948,592,xgboost_tuned,0.2979230221868142,True,utility_gap,,1337
vehicle,lightgbm_tuned,gbdt,label_noise,0.3,131445175,train_only,True,low,True,ok,,0.6496062992125984,0.8663565537465514,0.8557218793287252,0.6172728558438679,0.09521460939583808,0.4697860366473069,0.08617647835593202,0.08950745975946256,1.3983911737873769,0.30394232555007095,0.19644096006085474,592,xgboost_tuned,0.2979230221868142,True,utility_gap,,1337
vehicle,lightgbm_tuned,gbdt,label_noise,0.4,1293278575,train_only,True,low,True,ok,,0.6338582677165354,0.8516714598735251,0.929357817625399,0.6703899573497765,0.10674237417975117,0.5049410526811268,0.15508819061621987,0.09306731895302393,1.6852789528016716,0.4563701280523108,0.1706982890723309,592,xgboost_tuned,0.2979230221868142,True,utility_gap;ece,,1337
vehicle,xgboost_tuned,gbdt,label_noise,0.0,3155466066,train_only,True,low,True,ok,,0.7283464566929134,0.9177650838245827,0.5474512468308405,0.3949025994656667,0.07037972908013349,0.33593543466746134,0.07760424755460824,0.05731648635645373,1.0616134301534061,-0.34620905059818485,0.2979230221868142,592,xgboost_tuned,0.2979230221868142,False,,,1337
vehicle,xgboost_tuned,gbdt,label_noise,0.05,3138516533,train_only,True,low,True,ok,,0.7165354330708661,0.9119383287761103,0.5828576726307273,0.4204429369242166,0.05731370375670637,0.3479970576431029,0.0709399129242477,0.0654684739676756,1.3167652202790319,-0.3017621132662084,0.28906310820366227,592,xgboost_tuned,0.2979230221868142,False,,,1337
vehicle,xgboost_tuned,gbdt,label_noise,0.1,490820170,train_only,True,low,True,ok,,0.7244094488188977,0.908422008660877,0.635064102839774,0.4581019159067703,0.0898893480672746,0.3584486168935363,0.10690341748209564,0.07376355786991755,1.3720655969647224,0.10535109456699374,0.27120067596865555,592,xgboost_tuned,0.2979230221868142,False,,,1337
vehicle,xgboost_tuned,gbdt,label_noise,0.2,3601492056,train_only,True,low,True,ok,,0.7007874015748031,0.9035701167549292,0.7330112963246271,0.528755881061565,0.09802724761468691,0.392634804983236,0.09733342062113692,0.08814307027343382,2.0010606142364433,0.05770212766486623,0.24313543725903877,592,xgboost_tuned,0.2979230221868142,True,utility_gap,,1337
vehicle,xgboost_tuned,gbdt,label_noise,0.3,131445175,train_only,True,low,True,ok,,0.6377952755905512,0.8720581249940651,0.8600238715557408,0.6203760872697971,0.09497844833843776,0.46808913447537837,0.12437747227459887,0.09346533415604252,1.8311082967836652,0.45707917052163755,0.19578111923787875,592,xgboost_tuned,0.2979230221868142,True,utility_gap,,1337
vehicle,xgboost_tuned,gbdt,label_noise,0.4,1293278575,train_only,True,low,True,ok,,0.6417322834645669,0.861113247266301,0.939302238170071,0.6775633404519327,0.144998122938754,0.5070606554380472,0.1560345714153551,0.1016430347167878,1.7490056501864215,0.7281646684521443,0.1653808523395598,592,xgboost_tuned,0.2979230221868142,True,utility_gap;ece,,1337
vowel,catboost_tuned,gbdt,covariate_shift,0.0,1866258606,test_only,True,low,True,ok,,0.9494949494949495,0.9986282578875172,0.18990251312995401,0.07919549918805906,0.06897956255078003,0.08425689517632112,0.05936909693840919,0.019112176692957644,1.6945131566989546,0.15546730037923795,0.45438957041829975,693,catboost_tuned,0.45438957041829975,False,,,1337
vowel,catboost_tuned,gbdt,covariate_shift,0.05,1931949521,test_only,True,low,True,ok,,0.9225589225589226,0.9979299164484352,0.2508289258548954,0.104603786787642,0.07455142342226868,0.11860276536151124,0.07130519062674816,0.025274014216352503,1.823322339893095,-0.0014732548648894138,0.4413678884200444,693,catboost_tuned,0.45438957041829975,False,,,1337
vowel,catboost_tuned,gbdt,covariate_shift,0.1,1364977509,test_only,True,low,True,ok,,0.8417508417508418,0.9887392442947999,0.489425696144714,0.2041063684877066,0.08690141115322025,0.2606554229629391,0.09661577290609322,0.03588654610025184,0.8930176353963392,0.6990453870685627,0.39370916898885017,693,catboost_tuned,0.45438957041829975,True,utility_gap,,1337
vowel,catboost_tuned,gbdt,covariate_shift,0.2,746878529,test_only,True,low,True,ok,,0.4983164983164983,0.9437835141538847,1.1598443626719965,0.48369266824503354,0.10446480210761239,0.6334098808328774,0.11549094084870157,0.0572292072081178,0.4908312656973135,-0.22521952956250102,0.23907094380630187,693,catboost_tuned,0.45438957041829975,True,utility_gap;ece,,1337
vowel,catboost_tuned,gbdt,covariate_shift,0.3,4185163611,test_only,True,low,True,ok,,0.24242424242424243,0.8635989524878412,1.8300731400615147,0.7631997780811332,0.2609909974791893,0.8940275426361165,0.2774073372591841,0.07599142072216578,-0.11667730333661973,-1.1415593139786246,0.05746513681420299,693,catboost_tuned,0.45438957041829975,True,utility_gap;ece;nll,,1337
vowel,catboost_tuned,gbdt,covariate_shift,0.4,2043120963,test_only,True,low,True,ok,,0.15151515151515152,0.8001122334455666,2.0869890542508767,0.8703420361704692,0.2135557375172459,0.9145572294590103,0.21640252568397392,0.07155764315467265,-0.028872172821638155,-1.738896611647792,-0.0010472039213689846,693,catboost_tuned,0.45438957041829975,True,utility_gap;ece;nll,,1337
vowel,gbdt_ensemble,gbdt,covariate_shift,0.0,1866258606,test_only,True,low,True,ok,,0.9595959595959596,0.9986781394188803,0.18735961300909457,0.07813502746950404,0.07329784404165725,0.08164843298448599,0.07092461595632583,0.020441537702514116,1.4305599648275913,0.6959424321100027,0.45537666568681934,693,catboost_tuned,0.45438957041829975,False,,,1337
vowel,gbdt_ensemble,gbdt,covariate_shift,0.05,1931949521,test_only,True,low,True,ok,,0.9259259259259259,0.9973936899862825,0.26706603754508956,0.11137518830562625,0.10800594488497325,0.12417100682967923,0.0862427154404207,0.024796334318208955,1.568406810477072,0.39902818996890504,0.4329629349154052,693,catboost_tuned,0.45438957041829975,True,ece,,1337
vowel,gbdt_ensemble,gbdt,covariate_shift,0.1,1364977509,test_only,True,low,True,ok,,0.8316498316498316,0.988926300037411,0.4850780898785253,0.2022932758495469,0.09559275880823243,0.2570531700094319,0.10460309908331672,0.03334352704100545,1.2094818203338016,0.434755325503638,0.39106514524405794,693,catboost_tuned,0.45438957041829975,True,utility_gap,,1337
vowel,gbdt_ensemble,gbdt,covariate_shift,0.2,746878529,test_only,True,low,True,ok,,0.49158249158249157,0.9419129567277715,1.1624629124862558,0.4847846883361376,0.11066279999677751,0.6324988883643173,0.12246387991338228,0.054640840412803454,0.5233464524259915,-0.2125933656689823,0.2358389420918969,693,catboost_tuned,0.45438957041829975,True,utility_gap;ece,,1337
vowel,gbdt_ensemble,gbdt,covariate_shift,0.3,4185163611,test_only,True,low,True,ok,,0.2996632996632997,0.8855218855218854,1.6389848114248091,0.6835097554165055,0.14622946347530308,0.8042845800556219,0.16537544108435975,0.06166244277031325,0.009139284573082397,-0.8467420491103754,0.12058333556214254,693,catboost_tuned,0.45438957041829975,True,utility_gap;ece,,1337
vowel,gbdt_ensemble,gbdt,covariate_shift,0.4,2043120963,test_only,True,low,True,ok,,0.15824915824915825,0.8032298291557551,2.081481836456677,0.86804534796366,0.21930208767655637,0.9051986444663797,0.24198893025973905,0.06991600087200903,-0.29305881019672336,-1.8470432520197346,0.0005937920174787226,693,catboost_tuned,0.45438957041829975,True,utility_gap;ece;nll,,1337
vowel,lightgbm,gbdt,covariate_shift,0.0,1866258606,test_only,True,low,True,ok,,0.9259259259259259,0.9960468886394813,0.32433930207198874,0.13525999477595246,0.060673124175457595,0.12458350778976093,0.04757057203378946,0.013746369600181383,0.5287653785188324,-0.3319709918191815,0.43479267664483007,693,catboost_tuned,0.45438957041829975,False,,,1337
vowel,lightgbm,gbdt,covariate_shift,0.05,1931949521,test_only,True,low,True,ok,,0.8451178451178452,0.9899364010475122,0.5646900799402512,0.23549405445103178,0.10040693086837194,0.25080254135650076,0.09644074625870296,0.025622494234774397,0.508546172368853,-0.47859892294819983,0.3825158146253221,693,catboost_tuned,0.45438957041829975,True,utility_gap;ece,,1337
vowel,lightgbm,gbdt,covariate_shift,0.1,1364977509,test_only,True,low,True,ok,,0.6902356902356902,0.9558922558922558,1.4583564737305825,0.6081818877888959,0.2219698625977663,0.5337421698627812,0.2146031179682721,0.05165438265216236,0.18666014475160825,-0.0004580558287485308,0.21124910424142104,693,catboost_tuned,0.45438957041829975,True,utility_gap;ece,,1337
vowel,lightgbm,gbdt,covariate_shift,0.2,746878529,test_only,True,low,True,ok,,0.3872053872053872,0.8450305524379599,3.5482479868812704,1.479734343335364,0.47951813393311965,1.060557980747645,0.4795181339331196,0.10088424890338538,0.014737142453377577,-0.5128257898127341,-0.18598242835313916,693,catboost_tuned,0.45438957041829975,True,utility_gap;ece;nll,,1337
vowel,lightgbm,gbdt,covariate_shift,0.3,4185163611,test_only,True,low,True,ok,,0.23232323232323232,0.7286818805337323,5.2975470356161996,2.2092487089454504,0.6432889375797153,1.3558419140769151,0.6432889375797153,0.12727016968533142,-0.08187979069385823,-0.9212923002811929,-0.5015452571642871,693,catboost_tuned,0.45438957041829975,True,utility_gap;ece;nll,,1337
vowel,lightgbm,gbdt,covariate_shift,0.4,2043120963,test_only,True,low,True,ok,,0.18855218855218855,0.660543708691857,5.678716224657735,2.3682086073886826,0.6480349804694064,1.396447193532407,0.6480349804694063,0.1334289499305519,-0.04790465102043854,-1.324213259699719,-0.5805964519855078,693,catboost_tuned,0.45438957041829975,True,utility_gap;ece;nll,,1337
vowel,lightgbm_tuned,gbdt,covariate_shift,0.0,1866258606,test_only,True,low,True,ok,,0.9292929292929293,0.9963586482105,0.3237751341398966,0.13502471847406722,0.05758300090606941,0.12866275131417906,0.05347299234626446,0.01337448789605896,0.4407923266243271,0.0742509848735153,0.43609545054418036,693,catboost_tuned,0.45438957041829975,False,,,1337
vowel,lightgbm_tuned,gbdt,covariate_shift,0.05,1931949521,test_only,True,low,True,ok,,0.8114478114478114,0.9841626137922436,0.5945688953453713,0.24795448829235262,0.0707026274808707,0.28830260943051755,0.07910870174471875,0.02691244712072656,0.6959354117466691,-0.0033801325335507245,0.3776472145605771,693,catboost_tuned,0.45438957041829975,True,utility_gap,,1337
vowel,lightgbm_tuned,gbdt,covariate_shift,0.1,1364977509,test_only,True,low,True,ok,,0.6397306397306397,0.9488090784387082,1.2832192514049323,0.53514399313503,0.2068681755628375,0.5717287822568605,0.20566095367795503,0.05071689701654312,0.2696235468769307,-0.040452208336547744,0.2261259403600673,693,catboost_tuned,0.45438957041829975,True,utility_gap;ece,,1337
vowel,lightgbm_tuned,gbdt,covariate_shift,0.2,746878529,test_only,True,low,True,ok,,0.37373737373737376,0.8356403541588727,3.3283876466177134,1.3880454598559042,0.4797267101136437,1.0527416276586676,0.47972671011364365,0.10127225635299086,0.008669198749695082,-0.5431337930275931,-0.16382424996328854,693,catboost_tuned,0.45438957041829975,True,utility_gap;ece;nll,,1337
vowel,lightgbm_tuned,gbdt,covariate_shift,0.3,4185163611,test_only,True,low,True,ok,,0.20875420875420875,0.7338196782641226,5.682726312564579,2.3698809439382953,0.6687622155261923,1.399682317370071,0.6687622155261924,0.13260345745795069,-0.046860232055625076,-1.1649984696049056,-0.5565667075811528,693,catboost_tuned,0.45438957041829975,True,utility_gap;ece;nll,,1337
vowel,lightgbm_tuned,gbdt,covariate_shift,0.4,2043120963,test_only,True,low,True,ok,,0.1919191919191919,0.64850978925053,5.63512771844476,2.350030788404075,0.6402374440143337,1.401362939221741,0.6376138606934368,0.13430000453555868,-0.05172375158463118,-1.2960259738677997,-0.577290420298525,693,catboost_tuned,0.45438957041829975,True,utility_gap;ece;nll,,1337
vowel,xgboost_tuned,gbdt,covariate_shift,0.0,1866258606,test_only,True,low,True,ok,,0.8956228956228957,0.9960219478737997,0.27941274184002207,0.11652416392394997,0.029252456963922972,0.14526104625570435,0.03029438355775107,0.018921930459584894,1.3440382056106381,-0.5393629365743977,0.4421433755292946,693,catboost_tuned,0.45438957041829975,False,,,1337
vowel,xgboost_tuned,gbdt,covariate_shift,0.05,1931949521,test_only,True,low,True,ok,,0.8316498316498316,0.985945878538471,0.5080802813572272,0.21188593476990836,0.06763479258648174,0.26893659937221537,0.059451529193474704,0.025429984231447867,0.7018193680740046,0.2800086804047354,0.3927357932876707,693,catboost_tuned,0.45438957041829975,True,utility_gap,,1337
vowel,xgboost_tuned,gbdt,covariate_shift,0.1,1364977509,test_only,True,low,True,ok,,0.6363636363636364,0.953298416261379,1.0919598350689241,0.455382621358019,0.16409360859850533,0.533522296893303,0.16379605921514762,0.04657733965118557,0.5031585615937431,-0.3006876239231315,0.25967548301892135,693,catboost_tuned,0.45438957041829975,True,utility_gap;ece,,1337
vowel,xgboost_tuned,gbdt,covariate_shift,0.2,746878529,test_only,True,low,True,ok,,0.3400673400673401,0.858461154757451,2.2549466197808905,0.9403857813812454,0.38581214741535896,0.956577562533845,0.3828861955532778,0.08795570405389824,0.2219126201338832,-0.975977872300929,-0.007806658722236584,693,catboost_tuned,0.45438957041829975,True,utility_gap;ece;nll,,1337
vowel,xgboost_tuned,gbdt,covariate_shift,0.3,4185163611,test_only,True,low,True,ok,,0.1919191919191919,0.7542336949744357,3.149456801800787,1.3134255017423406,0.5104699758537785,1.1890645650681115,0.5104699758537785,0.107316568214253,0.03314322520104593,-1.4762781278201949,-0.2033519736645266,693,catboost_tuned,0.45438957041829975,True,utility_gap;ece;nll,,1337
vowel,xgboost_tuned,gbdt,covariate_shift,0.4,2043120963,test_only,True,low,True,ok,,0.17845117845117844,0.6774535478239182,3.5462679554176852,1.4789086060790098,0.4934195547927859,1.2154233920859956,0.4934195547927858,0.10967651945107669,-0.09717509307326616,-1.4374891923705633,-0.27848007427621196,693,catboost_tuned,0.45438957041829975,True,utility_gap;ece;nll,,1337
vowel,catboost_tuned,gbdt,label_noise,0.0,475510805,train_only,True,low,True,ok,,0.9494949494949495,0.9986282578875172,0.18990251312995401,0.07919549918805906,0.06897956255078003,0.08425689517632112,0.05936909693840919,0.019112176692957644,1.6945131566989546,0.15546730037923795,0.45438957041829975,693,catboost_tuned,0.45438957041829975,False,,,1337
vowel,catboost_tuned,gbdt,label_noise,0.05,1595424126,train_only,True,low,True,ok,,0.9427609427609428,0.9983289686993391,0.2608668005877336,0.10878990569229452,0.11717570399301022,0.11077327830879774,0.10910284079594168,0.027326149451780298,1.9161426731660465,0.7215722832133462,0.43475716795261965,693,catboost_tuned,0.45438957041829975,True,ece,,1337
vowel,catboost_tuned,gbdt,label_noise,0.1,3172477238,train_only,True,low,True,ok,,0.9259259259259259,0.9958847736625515,0.3617494736117894,0.1508612480767868,0.14817923194589333,0.15817401036336623,0.14817923194589333,0.03417479322568233,1.343108942859721,1.259854902521483,0.4125543388585672,693,catboost_tuned,0.45438957041829975,True,utility_gap;ece,,1337
vowel,catboost_tuned,gbdt,label_noise,0.2,2336268415,train_only,True,low,True,ok,,0.9191919191919192,0.9950866691607433,0.668538004877044,0.2788020029318681,0.3505091136774108,0.28652173908534384,0.3493037887971724,0.06571405302079934,2.2798273664739495,2.746292326688084,0.33241669847000543,693,catboost_tuned,0.45438957041829975,True,utility_gap;ece,,1337
vowel,catboost_tuned,gbdt,label_noise,0.3,2229530654,train_only,True,low,True,ok,,0.8282828282828283,0.9850230702082553,0.8928334596854729,0.3723404728362162,0.3384697875704896,0.39178927344009673,0.3384697875704895,0.06537641686166368,2.310208747527113,2.528467129508532,0.28960439945035077,693,catboost_tuned,0.45438957041829975,True,utility_gap;ece,,1337
vowel,catboost_tuned,gbdt,label_noise,0.4,999828588,train_only,True,low,True,ok,,0.7441077441077442,0.9685995760069833,1.1367722788244103,0.47407086194293396,0.32550360317157195,0.49986735228967427,0.32550360317157195,0.07010107587537587,2.006556614662452,2.252413560870731,0.2433040340014112,693,catboost_tuned,0.45438957041829975,True,utility_gap;ece,,1337
vowel,gbdt_ensemble,gbdt,label_noise,0.0,475510805,train_only,True,low,True,ok,,0.9595959595959596,0.9986781394188803,0.18735961300909457,0.07813502746950404,0.07329784404165725,0.08164843298448599,0.07092461595632583,0.020441537702514116,1.4305599648275913,0.6959424321100027,0.45537666568681934,693,catboost_tuned,0.45438957041829975,False,,,1337
vowel,gbdt_ensemble,gbdt,label_noise,0.05,1595424126,train_only,True,low,True,ok,,0.9461279461279462,0.9980920314253647,0.26393292710692046,0.11006857976700032,0.11742687989810992,0.11226863770166115,0.11259520798496024,0.026395787221348013,1.762257777519202,0.8672963302392886,0.4347454530083475,693,catboost_tuned,0.45438957041829975,True,ece,,1337
vowel,gbdt_ensemble,gbdt,label_noise,0.1,3172477238,train_only,True,low,True,ok,,0.9124579124579124,0.9957850105998254,0.3689137484080087,0.15384898272787462,0.14458485547778233,0.1607106533273362,0.14301474802357125,0.03441506195668021,1.5782199992603265,0.9989929494664499,0.4103217746647069,693,catboost_tuned,0.45438957041829975,True,utility_gap;ece,,1337
vowel,gbdt_ensemble,gbdt,label_noise,0.2,2336268415,train_only,True,low,True,ok,,0.8787878787878788,0.9938645716423496,0.4739220866184446,0.19764086113125875,0.16681593330958092,0.20699471495848962,0.16164598400987953,0.040097508748531824,2.0738490561095597,0.9473697508400754,0.38701533689171036,693,catboost_tuned,0.45438957041829975,True,utility_gap;ece,,1337
vowel,gbdt_ensemble,gbdt,label_noise,0.3,2229530654,train_only,True,low,True,ok,,0.7710437710437711,0.979685746352413,0.7501883002112343,0.31285282085558147,0.1570796639822567,0.34311468376413634,0.1555469223562159,0.04255959727320463,1.8333934413389108,0.9017243393278417,0.33327479782678443,693,catboost_tuned,0.45438957041829975,True,utility_gap;ece,,1337
vowel,gbdt_ensemble,gbdt,label_noise,0.4,999828588,train_only,True,low,True,ok,,0.6902356902356902,0.9593465519391446,1.004241072318813,0.4188010559555641,0.1388649175032998,0.4581240722011088,0.13350291482882748,0.040694355662839604,1.3559545633188632,0.6611954982053531,0.2858933464267249,693,catboost_tuned,0.45438957041829975,True,utility_gap;ece,,1337
vowel,lightgbm,gbdt,label_noise,0.0,475510805,train_only,True,low,True,ok,,0.9259259259259259,0.9960468886394813,0.32433930207198874,0.13525999477595246,0.060673124175457595,0.12458350778976093,0.04757057203378946,0.013746369600181383,0.5287653785188324,-0.3319709918191815,0.43479267664483007,693,catboost_tuned,0.45438957041829975,False,,,1337
vowel,lightgbm,gbdt,label_noise,0.05,1595424126,train_only,True,low,True,ok,,0.9124579124579124,0.9946876169098392,0.3673648218808854,0.15320303019412793,0.06178211603178763,0.13778616452760287,0.05902515730308657,0.01525194789982971,0.5570276891592427,-0.4302061709447199,0.4266920205225347,693,catboost_tuned,0.45438957041829975,False,,,1337
vowel,lightgbm,gbdt,label_noise,0.1,3172477238,train_only,True,low,True,ok,,0.8787878787878788,0.9909090909090907,0.4759196294321975,0.19847390118785044,0.08054217227245959,0.19306896736044257,0.06587922339548555,0.021010803370831877,0.45588228756056326,-0.08020204913195564,0.4029857588255165,693,catboost_tuned,0.45438957041829975,True,utility_gap,,1337
vowel,lightgbm,gbdt,label_noise,0.2,2336268415,train_only,True,low,True,ok,,0.8282828282828283,0.9861454046639232,0.6020696435541629,0.25108254325533613,0.09090951774855932,0.263857719925766,0.09263358388210775,0.02452937971718182,0.5543781959218118,-0.4040156930281218,0.37588664934848465,693,catboost_tuned,0.45438957041829975,True,utility_gap,,1337
vowel,lightgbm,gbdt,label_noise,0.3,2229530654,train_only,True,low,True,ok,,0.7373737373737373,0.9665294924554183,0.9698261939753017,0.40444893693939504,0.14339489575746311,0.4110341379799769,0.13724172896351491,0.03771022427118895,0.5030666282572992,-0.38624633360984606,0.29887772273214586,693,catboost_tuned,0.45438957041829975,True,utility_gap;ece,,1337
vowel,lightgbm,gbdt,label_noise,0.4,999828588,train_only,True,low,True,ok,,0.6094276094276094,0.9194912083800972,1.5266558348705632,0.6366649336978503,0.21131794696991338,0.603586157834206,0.20941823329108192,0.056718623183829656,0.41594935342028355,-0.4984537809271282,0.17997299484383766,693,catboost_tuned,0.45438957041829975,True,utility_gap;ece,,1337
vowel,lightgbm_tuned,gbdt,label_noise,0.0,475510805,train_only,True,low,True,ok,,0.9292929292929293,0.9963586482105,0.3237751341398966,0.13502471847406722,0.05758300090606941,0.12866275131417906,0.05347299234626446,0.01337448789605896,0.4407923266243271,0.0742509848735153,0.43609545054418036,693,catboost_tuned,0.45438957041829975,False,,,1337
vowel,lightgbm_tuned,gbdt,label_noise,0.05,1595424126,train_only,True,low,True,ok,,0.8956228956228957,0.9927921187180448,0.3681157765036192,0.1535162025962977,0.058388916426432694,0.171441615966927,0.05907793873381512,0.023903534531223337,1.1928077903773486,0.3435484211120492,0.42408803183057414,693,catboost_tuned,0.45438957041829975,True,utility_gap,,1337
vowel,lightgbm_tuned,gbdt,label_noise,0.1,3172477238,train_only,True,low,True,ok,,0.8754208754208754,0.9903105125327347,0.45727613295957953,0.19069895926936506,0.09988794600744488,0.2104906926583038,0.10316471704449007,0.02838834570847483,1.055920825994567,0.7967851157139214,0.4007345337172899,693,catboost_tuned,0.45438957041829975,True,utility_gap,,1337
vowel,lightgbm_tuned,gbdt,label_noise,0.2,2336268415,train_only,True,low,True,ok,,0.835016835016835,0.986307519640853,0.604263636111374,0.2519975092182369,0.15496736803160124,0.27780779312013465,0.15496736803160122,0.04136260636608312,1.5615543871116233,0.9024866259424773,0.3638674307550324,693,catboost_tuned,0.45438957041829975,True,utility_gap;ece,,1337
vowel,lightgbm_tuned,gbdt,label_noise,0.3,2229530654,train_only,True,low,True,ok,,0.7138047138047138,0.9636238932535228,0.9070840794522143,0.378283442876818,0.11972682828276512,0.4152800032538225,0.13421347726699767,0.041491643585778996,1.2610041254821125,0.6341864880714444,0.3069086711898416,693,catboost_tuned,0.45438957041829975,True,utility_gap;ece,,1337
vowel,lightgbm_tuned,gbdt,label_noise,0.4,999828588,train_only,True,low,True,ok,,0.6127946127946128,0.930727023319616,1.204412439388195,0.502278999859169,0.13432710493133046,0.532802507683744,0.12988345943232177,0.04410025060010383,1.308250459599645,0.5561075345454186,0.24012452913704074,693,catboost_tuned,0.45438957041829975,True,utility_gap;ece,,1337
vowel,xgboost_tuned,gbdt,label_noise,0.0,475510805,train_only,True,low,True,ok,,0.8956228956228957,0.9960219478737997,0.27941274184002207,0.11652416392394997,0.029252456963922972,0.14526104625570435,0.03029438355775107,0.018921930459584894,1.3440382056106381,-0.5393629365743977,0.4421433755292946,693,catboost_tuned,0.45438957041829975,False,,,1337
vowel,xgboost_tuned,gbdt,label_noise,0.05,1595424126,train_only,True,low,True,ok,,0.8922558922558923,0.9927547075695223,0.37364015917459764,0.1558200491127185,0.06288635037368259,0.1667337233099141,0.06020876600177096,0.02443385896754178,1.29908367124539,0.2633544882011189,0.42197924667916453,693,catboost_tuned,0.45438957041829975,True,utility_gap,,1337
vowel,xgboost_tuned,gbdt,label_noise,0.1,3172477238,train_only,True,low,True,ok,,0.8552188552188552,0.991270732011473,0.44483560201324307,0.18551085489822702,0.0697523785889795,0.2101829067320463,0.06748628241631718,0.03038499280128589,1.2182249899176278,0.38134841638544276,0.4056238522995798,693,catboost_tuned,0.45438957041829975,True,utility_gap,,1337
vowel,xgboost_tuned,gbdt,label_noise,0.2,2336268415,train_only,True,low,True,ok,,0.8047138047138047,0.9863698715550566,0.7187562073456063,0.2997446200003596,0.20861455988340344,0.32214453159952594,0.2032248230699499,0.052286594646637846,2.0777742953121248,1.195968573300115,0.3342902277745519,693,catboost_tuned,0.45438957041829975,True,utility_gap;ece,,1337
vowel,xgboost_tuned,gbdt,label_noise,0.3,2229530654,train_only,True,low,True,ok,,0.7407407407407407,0.9670283077690485,0.98177085465674,0.40943024734812644,0.2527376334978682,0.436230260529969,0.2526885917850366,0.05365788703522782,2.481881399178938,1.8235942381734278,0.27619441792626653,693,catboost_tuned,0.45438957041829975,True,utility_gap;ece,,1337
vowel,xgboost_tuned,gbdt,label_noise,0.4,999828588,train_only,True,low,True,ok,,0.6127946127946128,0.9342312008978676,1.2631093858859945,0.5267575278264475,0.1815860378193329,0.5523161581462148,0.1961897527671107,0.0544193644371896,1.530031001931855,1.1096413105372913,0.2245556463216447,693,catboost_tuned,0.45438957041829975,True,utility_gap;ece,,1337
wall-robot-navigation,catboost_tuned,gbdt,covariate_shift,0.0,2513726313,test_only,True,low,True,ok,,0.9957238851557727,0.9999830900255154,0.010509168189578475,0.0075807624154864564,0.004857411666499542,0.005003230635173486,0.001371292648847228,0.002867058113792024,3.3302553992562154,-2.7642743581349976,0.49610695322435044,3819,xgboost_tuned,0.4980859974378506,False,,,1337
wall-robot-navigation,catboost_tuned,gbdt,covariate_shift,0.05,2655183544,test_only,True,low,True,ok,,0.46426389737324375,0.8473652599479793,3.486001010219614,2.514618184988877,0.5019195801412832,1.0263045829384199,0.5019195801412832,0.2630557062334907,0.3325492533713861,-2.132772127658545,-0.48855194593714046,3819,xgboost_tuned,0.4980859974378506,True,utility_gap;ece;nll,,1337
wall-robot-navigation,catboost_tuned,gbdt,covariate_shift,0.1,4223478959,test_only,True,low,True,ok,,0.3622480146609652,0.6917444940630912,4.282665287988334,3.089289986384037,0.5637774079630935,1.2052588993466338,0.5637774079630936,0.30833595693976834,-0.07967328162430344,-0.23570232965342058,-0.7430947023866031,3819,xgboost_tuned,0.4980859974378506,True,utility_gap;ece;nll,,1337
wall-robot-navigation,catboost_tuned,gbdt,covariate_shift,0.2,1067186599,test_only,True,low,True,ok,,0.06414172266340867,0.6644052760543683,5.534092384470688,3.9920038194486205,0.8430094375185021,1.6625964065681464,0.8430094375185022,0.42910421815419064,1.2219746587636005,-7.390588111572254,-1.1240399283197462,3819,xgboost_tuned,0.4980859974378506,True,utility_gap;ece;nll,,1337
wall-robot-navigation,catboost_tuned,gbdt,covariate_shift,0.3,1236715989,test_only,True,low,True,ok,,0.05986560781918143,0.6122926738859946,7.395013262446849,5.334374480520092,0.9342282003515439,1.8639487154971661,0.9342282003515435,0.46711410017577193,3.25930180082619,-21.48174984531023,-1.5638757071933607,3819,xgboost_tuned,0.4980859974378506,True,utility_gap;ece;nll,,1337
wall-robot-navigation,catboost_tuned,gbdt,covariate_shift,0.4,1240163210,test_only,True,low,True,ok,,0.05986560781918143,0.5880116637612283,7.005810755488467,5.053624217174887,0.9323880435411149,1.8592675738221078,0.9323880435411148,0.46619402177055747,2.966435909182609,-17.679978177623777,-1.487780950371382,3819,xgboost_tuned,0.4980859974378506,True,utility_gap;ece;nll,,1337
wall-robot-navigation,gbdt_ensemble,gbdt,covariate_shift,0.0,2513726313,test_only,True,low,True,ok,,0.996334758704948,0.9999933215496217,0.009014016079586755,0.006502238148256594,0.005378782445043955,0.004074758331710839,0.0013597124886258148,0.0029826368121941534,4.054576111350568,-2.821042645022323,0.496421448414624,3819,xgboost_tuned,0.4980859974378506,False,,,1337
wall-robot-navigation,gbdt_ensemble,gbdt,covariate_shift,0.05,2655183544,test_only,True,low,True,ok,,0.4599877825290165,0.8527882130036133,3.6264739576451,2.6159479973037794,0.5022443056021314,1.0287313762998438,0.5022443056021313,0.26302687229308275,0.32460730013248784,-2.109697951629467,-0.517759218380943,3819,xgboost_tuned,0.4980859974378506,True,utility_gap;ece;nll,,1337
wall-robot-navigation,gbdt_ensemble,gbdt,covariate_shift,0.1,4223478959,test_only,True,low,True,ok,,0.36469150885766644,0.6750197838197786,4.365330784558799,3.148920537361454,0.5512988374676315,1.1762237843658097,0.5512988374676315,0.3003695338659309,-0.08140886729967779,-0.2276253882103069,-0.76397527803639,3819,xgboost_tuned,0.4980859974378506,True,utility_gap;ece;nll,,1337
wall-robot-navigation,gbdt_ensemble,gbdt,covariate_shift,0.2,1067186599,test_only,True,low,True,ok,,0.06169822846670739,0.684948410625965,5.854662685023616,4.223246410880617,0.8681043287365262,1.718937669722591,0.8681043287365262,0.44006461419644793,2.656097914813489,-15.916698658378886,-1.1916081110223964,3819,xgboost_tuned,0.4980859974378506,True,utility_gap;ece;nll,,1337
wall-robot-navigation,gbdt_ensemble,gbdt,covariate_shift,0.3,1236715989,test_only,True,low,True,ok,,0.05986560781918143,0.6391788373742093,6.64593697488872,4.794030157866278,0.9233338275585871,1.836603653963622,0.9233338275585871,0.46171850184523255,2.681606271438433,-16.019244281618402,-1.3901833786177502,3819,xgboost_tuned,0.4980859974378506,True,utility_gap;ece;nll,,1337
wall-robot-navigation,gbdt_ensemble,gbdt,covariate_shift,0.4,1240163210,test_only,True,low,True,ok,,0.05986560781918143,0.590963219148248,6.598827517295165,4.760047867441682,0.9244227526180218,1.8383348503670416,0.924422752618022,0.4622113763090109,1.1980726894855438,-8.090409720039856,-1.397081942881345,3819,xgboost_tuned,0.4980859974378506,True,utility_gap;ece;nll,,1337
wall-robot-navigation,lightgbm,gbdt,covariate_shift,0.0,2513726313,test_only,True,low,True,ok,,0.996334758704948,0.9999389633243577,0.02917730874864935,0.021046979319081293,0.003607472971525753,0.0071410930666233035,0.003502934367895112,0.001807417355016687,0.5979997895688205,-1.9985238351099837,0.4923932625792378,3819,xgboost_tuned,0.4980859974378506,False,,,1337
wall-robot-navigation,lightgbm,gbdt,covariate_shift,0.05,2655183544,test_only,True,low,True,ok,,0.4202810018326206,0.7571107972485412,8.009335339893473,5.777514187840517,0.5778103967575289,1.1537684347137007,0.5778103967575291,0.2889365639469654,0.27004377311145156,-3.884668452053314,-1.5207854063917783,3819,xgboost_tuned,0.4980859974378506,True,utility_gap;ece;nll,,1337
wall-robot-navigation,lightgbm,gbdt,covariate_shift,0.1,4223478959,test_only,True,low,True,ok,,0.2211362248014661,0.6396273191206097,10.692073812567113,7.712700933104663,0.7775700831969057,1.5548330857403698,0.7775700831969057,0.3891707205079038,0.019092089034928903,-1.4703562365145637,-2.2122843011583466,3819,xgboost_tuned,0.4980859974378506,True,utility_gap;ece;nll,,1337
wall-robot-navigation,lightgbm,gbdt,covariate_shift,0.2,1067186599,test_only,True,low,True,ok,,0.05986560781918143,0.6476690602807943,15.322425298346849,11.052793496158298,0.9399847039564038,1.8799802693078345,0.9399847039564038,0.47006145986983516,2.0456716347400996,-30.470894555171952,-3.2681709773676153,3819,xgboost_tuned,0.4980859974378506,True,utility_gap;ece;nll,,1337
wall-robot-navigation,lightgbm,gbdt,covariate_shift,0.3,1236715989,test_only,True,low,True,ok,,0.05986560781918143,0.42588516947315225,16.020664101868196,11.556466325756542,0.9401333966064305,1.8802661023023475,0.9401333966064304,0.47006669830321524,-1.0638545740837342,11.955920972477418,-3.4969269265597682,3819,xgboost_tuned,0.4980859974378506,True,utility_gap;ece;nll,,1337
wall-robot-navigation,lightgbm,gbdt,covariate_shift,0.4,1240163210,test_only,True,low,True,ok,,0.05986560781918143,0.3648301048367171,16.07852065203215,11.598201004758783,0.9401335114740172,1.880266454386927,0.9401335114740174,0.4700667557370087,-4.0703914023207055,53.64979672987455,-3.53081662585671,3819,xgboost_tuned,0.4980859974378506,True,utility_gap;ece;nll,,1337
wall-robot-navigation,lightgbm_tuned,gbdt,covariate_shift,0.0,2513726313,test_only,True,low,True,ok,,0.9969456322541234,0.9999775137620708,0.01405640399393997,0.010139552167394508,0.0027573971418091313,0.005989090428833665,0.0023013317051825024,0.0016101462258860477,0.9562396757258049,-0.8174638380288285,0.49594062957626306,3819,xgboost_tuned,0.4980859974378506,False,,,1337
wall-robot-navigation,lightgbm_tuned,gbdt,covariate_shift,0.05,2655183544,test_only,True,low,True,ok,,0.4202810018326206,0.7981513256012222,4.492612082218257,3.24073458582706,0.5685171448164046,1.1329920204384616,0.5685171448164044,0.28503149981900944,0.5029799705224263,-3.815326527294065,-0.743528690476078,3819,xgboost_tuned,0.4980859974378506,True,utility_gap;ece;nll,,1337
wall-robot-navigation,lightgbm_tuned,gbdt,covariate_shift,0.1,4223478959,test_only,True,low,True,ok,,0.2211362248014661,0.6704441046437769,6.240113451999214,4.501290365891888,0.764711520204484,1.5201979636235312,0.764711520204484,0.3838237745235208,0.15672134753316247,-2.186039676163757,-1.2355035434629213,3819,xgboost_tuned,0.4980859974378506,True,utility_gap;ece;nll,,1337
wall-robot-navigation,lightgbm_tuned,gbdt,covariate_shift,0.2,1067186599,test_only,True,low,True,ok,,0.05986560781918143,0.6317019904210763,9.336476635008879,6.734844270351493,0.9359550630420083,1.8694572937779856,0.9359550630420082,0.46808703508900407,5.875570288168771,-42.96183193989545,-1.9775687558935955,3819,xgboost_tuned,0.4980859974378506,True,utility_gap;ece;nll,,1337
wall-robot-navigation,lightgbm_tuned,gbdt,covariate_shift,0.3,1236715989,test_only,True,low,True,ok,,0.05986560781918143,0.5164720981485997,10.213471397994363,7.367462268073868,0.9391613166704968,1.8776312378878106,0.9391613166704966,0.46958065833524837,2.6585992843312414,-21.26067499098084,-2.2083258682313724,3819,xgboost_tuned,0.4980859974378506,True,utility_gap;ece;nll,,1337
wall-robot-navigation,lightgbm_tuned,gbdt,covariate_shift,0.4,1240163210,test_only,True,low,True,ok,,0.05986560781918143,0.47355597040360414,10.235024605083979,7.383009620565589,0.9391944457112935,1.8777309947239902,0.9391944457112935,0.46959722285564676,-0.3870502636829883,-0.055598359492255896,-2.228017344497797,3819,xgboost_tuned,0.4980859974378506,True,utility_gap;ece;nll,,1337
wall-robot-navigation,xgboost_tuned,gbdt,covariate_shift,0.0,2513726313,test_only,True,low,True,ok,,0.9975565058032987,0.9999917544507417,0.006091002029782374,0.004393729211205821,0.001132368635210131,0.003087794804430107,0.0004078100761237385,0.0014708001592684732,1.2519617699254746,-0.2515337840823111,0.4980859974378506,3819,xgboost_tuned,0.4980859974378506,False,,,1337
wall-robot-navigation,xgboost_tuned,gbdt,covariate_shift,0.05,2655183544,test_only,True,low,True,ok,,0.437996334758705,0.7815008590374117,4.268142953885942,3.07881433668821,0.5321832866646505,1.0805638126176156,0.5321832866646504,0.2733687655771149,0.27838526065606667,-2.2019207347835508,-0.6908562074624933,3819,xgboost_tuned,0.4980859974378506,True,utility_gap;ece;nll,,1337
wall-robot-navigation,xgboost_tuned,gbdt,covariate_shift,0.1,4223478959,test_only,True,low,True,ok,,0.22602321319486865,0.6412358940782215,5.8568178728249976,4.224801050257236,0.7357315771735728,1.463092371534791,0.735731577173573,0.3742128202649715,0.05959545502453215,-1.5459543070472967,-1.1562505856052776,3819,xgboost_tuned,0.4980859974378506,True,utility_gap;ece;nll,,1337
wall-robot-navigation,xgboost_tuned,gbdt,covariate_shift,0.2,1067186599,test_only,True,low,True,ok,,0.05986560781918143,0.6318348446050936,9.453764551722077,6.819449618250657,0.9364518785378617,1.8716442170301217,0.9364518785378616,0.4687432904095131,0.8932354285000751,-9.69578846767966,-2.0030032243981095,3819,xgboost_tuned,0.4980859974378506,True,utility_gap;ece;nll,,1337
wall-robot-navigation,xgboost_tuned,gbdt,covariate_shift,0.3,1236715989,test_only,True,low,True,ok,,0.05986560781918143,0.47343570534537105,10.368550186608973,7.479327967714551,0.939739576309861,1.879199502787682,0.9397395763098609,0.46986978815493047,-1.0887853235814384,5.7853127131460536,-2.2570639675325803,3819,xgboost_tuned,0.4980859974378506,True,utility_gap;ece;nll,,1337
wall-robot-navigation,xgboost_tuned,gbdt,covariate_shift,0.4,1240163210,test_only,True,low,True,ok,,0.05986560781918143,0.4344915934096446,10.375616207045388,7.484425024035769,0.9397683492339,1.8792673092888326,0.9397683492338998,0.46988417461695,-1.5357459676539247,9.376055836594869,-2.272229278191258,3819,xgboost_tuned,0.4980859974378506,True,utility_gap;ece;nll,,1337
wall-robot-navigation,catboost_tuned,gbdt,label_noise,0.0,4267616574,train_only,True,low,True,ok,,0.9957238851557727,0.9999830900255154,0.010509168189578475,0.0075807624154864564,0.004857411666499542,0.005003230635173486,0.001371292648847228,0.002867058113792024,3.3302553992562154,-2.7642743581349976,0.49610695322435044,3819,xgboost_tuned,0.4980859974378506,False,,,1337
wall-robot-navigation,catboost_tuned,gbdt,label_noise,0.05,2030284251,train_only,True,low,True,ok,,0.9908368967623702,0.9999244447904562,0.08670126192076574,0.06254174030595193,0.07073791763258006,0.019970307310819897,0.0665100609131066,0.03575024344199751,5.5445285628859775,-0.7783654084973086,0.4656889845727136,3819,xgboost_tuned,0.4980859974378506,True,utility_gap,,1337
wall-robot-navigation,catboost_tuned,gbdt,label_noise,0.1,2439228137,train_only,True,low,True,ok,,0.9908368967623702,0.99986600450423,0.15321718168933995,0.11052283410109702,0.12420581610701105,0.03985102789102067,0.12400242118834186,0.06341739892324359,4.6505137318009,0.7015842383917537,0.44058062263910464,3819,xgboost_tuned,0.4980859974378506,True,utility_gap;ece,,1337
wall-robot-navigation,catboost_tuned,gbdt,label_noise,0.2,514055260,train_only,True,low,True,ok,,0.9841172877214417,0.9994962526741159,0.2964579079092214,0.21384917678647536,0.22958174949879487,0.10032906336052057,0.22782231889418209,0.11654955073256956,6.059962137383435,1.2906141378257858,0.38737017865845524,3819,xgboost_tuned,0.4980859974378506,True,utility_gap;ece,,1337
wall-robot-navigation,catboost_tuned,gbdt,label_noise,0.3,2328665803,train_only,True,low,True,ok,,0.9822846670739157,0.9991741316736122,0.44194120855653707,0.3187931949744956,0.32858068705218324,0.17972782023658995,0.32858068705218335,0.16427880239352496,5.894056152465363,3.0782029835276177,0.3356995502440663,3819,xgboost_tuned,0.4980859974378506,True,utility_gap;ece,,1337
wall-robot-navigation,catboost_tuned,gbdt,label_noise,0.4,1509544406,train_only,True,low,True,ok,,0.9706780696395846,0.998695341843975,0.6585903762076861,0.47507253486601275,0.44329574760876755,0.3137833339061484,0.44329574760876755,0.22372885630042513,7.43194998866121,5.196521008719589,0.2639641701097715,3819,xgboost_tuned,0.4980859974378506,True,utility_gap;ece,,1337
wall-robot-navigation,gbdt_ensemble,gbdt,label_noise,0.0,4267616574,train_only,True,low,True,ok,,0.996334758704948,0.9999933215496217,0.009014016079586755,0.006502238148256594,0.005378782445043955,0.004074758331710839,0.0013597124886258148,0.0029826368121941534,4.054576111350568,-2.821042645022323,0.496421448414624,3819,xgboost_tuned,0.4980859974378506,False,,,1337
wall-robot-navigation,gbdt_ensemble,gbdt,label_noise,0.05,2030284251,train_only,True,low,True,ok,,0.9920586438607208,0.9998129702789584,0.07381609747231234,0.05324705888054068,0.05374008762501001,0.020922395063867096,0.05318188501364721,0.027425047723313077,3.0759767226971673,0.20688236461874193,0.4720212009875794,3819,xgboost_tuned,0.4980859974378506,False,,,1337
wall-robot-navigation,gbdt_ensemble,gbdt,label_noise,0.1,2439228137,train_only,True,low,True,ok,,0.9853390348197923,0.9990806022299002,0.14122992154504838,0.10187585371908933,0.10055539638584149,0.04446388438486053,0.10038744020247904,0.05130673305600285,3.1712760174178927,0.7101722066899769,0.44680523061053884,3819,xgboost_tuned,0.4980859974378506,True,utility_gap;ece,,1337
wall-robot-navigation,gbdt_ensemble,gbdt,label_noise,0.2,514055260,train_only,True,low,True,ok,,0.9737324373854612,0.9981162807922647,0.26036035978351724,0.18781029995187332,0.17918160666500021,0.09701894560231338,0.17918160666500024,0.09085305540698843,3.3386769479419387,1.3526073595748227,0.4032211525665498,3819,xgboost_tuned,0.4980859974378506,True,utility_gap;ece,,1337
wall-robot-navigation,gbdt_ensemble,gbdt,label_noise,0.3,2328665803,train_only,True,low,True,ok,,0.9560171044593769,0.9934734478720535,0.4098188207833413,0.2956217902035447,0.25953560931168557,0.178005588058189,0.2595356093116856,0.13029003005332332,3.1011001376811995,1.9516412357298472,0.3505246135007247,3819,xgboost_tuned,0.4980859974378506,True,utility_gap;ece,,1337
wall-robot-navigation,gbdt_ensemble,gbdt,label_noise,0.4,1509544406,train_only,True,low,True,ok,,0.8967623701893708,0.9833456139640087,0.5839647980538265,0.42124155910299027,0.29863532243289137,0.28512531792497353,0.2976036984496135,0.15577695711409562,3.102704688089984,1.904079724564064,0.29258578819833325,3819,xgboost_tuned,0.4980859974378506,True,utility_gap;ece,,1337
wall-robot-navigation,lightgbm,gbdt,label_noise,0.0,4267616574,train_only,True,low,True,ok,,0.996334758704948,0.9999389633243577,0.02917730874864935,0.021046979319081293,0.003607472971525753,0.0071410930666233035,0.003502934367895112,0.001807417355016687,0.5979997895688205,-1.9985238351099837,0.4923932625792378,3819,xgboost_tuned,0.4980859974378506,False,,,1337
wall-robot-navigation,lightgbm,gbdt,label_noise,0.05,2030284251,train_only,True,low,True,ok,,0.9883934025656689,0.9992707956265694,0.03825765875472155,0.02759706728072951,0.009855759060447321,0.017983596191469376,0.006467383675075955,0.006704785576801254,1.2695554240995246,-0.0637606645718213,0.48775351685784124,3819,xgboost_tuned,0.4980859974378506,False,,,1337
wall-robot-navigation,lightgbm,gbdt,label_noise,0.1,2439228137,train_only,True,low,True,ok,,0.9718998167379352,0.9974710109596229,0.09351157517375767,0.06745434288444785,0.03383601362940159,0.042665489772471206,0.026923278268048176,0.018867185837608085,1.6393612821984809,0.09317534063379436,0.4678963207553436,3819,xgboost_tuned,0.4980859974378506,True,utility_gap,,1337
wall-robot-navigation,lightgbm,gbdt,label_noise,0.2,514055260,train_only,True,low,True,ok,,0.9444105070250458,0.9946968559456737,0.2126653817619466,0.15340564581835928,0.08869717536017549,0.09481551909145502,0.08715933375769429,0.05149591457228136,2.102482615164635,0.3204698118363821,0.4260443468171997,3819,xgboost_tuned,0.4980859974378506,True,utility_gap,,1337
wall-robot-navigation,lightgbm,gbdt,label_noise,0.3,2328665803,train_only,True,low,True,ok,,0.9059254734270006,0.9864425848696754,0.3794108340707866,0.27368706438673457,0.15543731022054333,0.18007983281655138,0.15543731022054344,0.08677946633605912,2.133794080407209,0.7767945758828432,0.3679501443583074,3819,xgboost_tuned,0.4980859974378506,True,utility_gap;ece,,1337
wall-robot-navigation,lightgbm,gbdt,label_noise,0.4,1509544406,train_only,True,low,True,ok,,0.8393402565668907,0.9600368349561956,0.5713361154086777,0.4121318901904319,0.18907139739527679,0.2930365393432116,0.18907139739527679,0.10927357803136667,1.7339713391672047,0.9561999972951122,0.3004600841835171,3819,xgboost_tuned,0.4980859974378506,True,utility_gap;ece,,1337
wall-robot-navigation,lightgbm_tuned,gbdt,label_noise,0.0,4267616574,train_only,True,low,True,ok,,0.9969456322541234,0.9999775137620708,0.01405640399393997,0.010139552167394508,0.0027573971418091313,0.005989090428833665,0.0023013317051825024,0.0016101462258860477,0.9562396757258049,-0.8174638380288285,0.49594062957626306,3819,xgboost_tuned,0.4980859974378506,False,,,1337
wall-robot-navigation,lightgbm_tuned,gbdt,label_noise,0.05,2030284251,train_only,True,low,True,ok,,0.9945021380574222,0.9999169287602689,0.07747760230645216,0.05588827631374293,0.0623137480414696,0.017361916757231838,0.06231374804146969,0.03249747181170888,2.811364891567852,0.34324258201241786,0.4699170132722907,3819,xgboost_tuned,0.4980859974378506,False,,,1337
wall-robot-navigation,lightgbm_tuned,gbdt,label_noise,0.1,2439228137,train_only,True,low,True,ok,,0.9938912645082468,0.9996206266959886,0.14233817177657082,0.10267528727563008,0.11709141174246293,0.03613884045112565,0.11709141174246292,0.05895926629957079,3.2074357499627695,0.9652114043829366,0.44473004048865145,3819,xgboost_tuned,0.4980859974378506,True,utility_gap;ece,,1337
wall-robot-navigation,lightgbm_tuned,gbdt,label_noise,0.2,514055260,train_only,True,low,True,ok,,0.9877825290164935,0.996365459414837,0.2697831754365648,0.19460742465880465,0.2112530297675798,0.0874241506061418,0.20969094012607759,0.10705419338759217,4.529392426968696,1.19552460841404,0.3962624567965096,3819,xgboost_tuned,0.4980859974378506,True,utility_gap;ece,,1337
wall-robot-navigation,lightgbm_tuned,gbdt,label_noise,0.3,2328665803,train_only,True,low,True,ok,,0.9798411728772144,0.9988572216818562,0.4211854152044023,0.3038210549050751,0.3094623642826417,0.1696835509168786,0.30872608803694357,0.15454071406317457,5.666541940709299,2.6224787356670896,0.3435374141921809,3819,xgboost_tuned,0.4980859974378506,True,utility_gap;ece,,1337
wall-robot-navigation,lightgbm_tuned,gbdt,label_noise,0.4,1509544406,train_only,True,low,True,ok,,0.9755650580329872,0.9964976635186105,0.5858230164682963,0.4225819803487123,0.40445207606096073,0.2699099825980851,0.4044520760609607,0.2002105948189146,4.968261113320831,3.9642762978622423,0.2874439316196559,3819,xgboost_tuned,0.4980859974378506,True,utility_gap;ece,,1337
wall-robot-navigation,xgboost_tuned,gbdt,label_noise,0.0,4267616574,train_only,True,low,True,ok,,0.9975565058032987,0.9999917544507417,0.006091002029782374,0.004393729211205821,0.001132368635210131,0.003087794804430107,0.0004078100761237385,0.0014708001592684732,1.2519617699254746,-0.2515337840823111,0.4980859974378506,3819,xgboost_tuned,0.4980859974378506,False,,,1337
wall-robot-navigation,xgboost_tuned,gbdt,label_noise,0.05,2030284251,train_only,True,low,True,ok,,0.9957238851557727,0.9999673451718986,0.08134792881559949,0.0586801267444269,0.0695943848713027,0.016369477118331748,0.06936673132243171,0.03609394840271447,3.0745265119584406,0.6558793792850572,0.4678242385859418,3819,xgboost_tuned,0.4980859974378506,True,utility_gap,,1337
wall-robot-navigation,xgboost_tuned,gbdt,label_noise,0.1,2439228137,train_only,True,low,True,ok,,0.9926695174098962,0.9998280911364019,0.14875829819282949,0.10730642954693838,0.12295739111681803,0.03663022153062871,0.12295739111681803,0.06363012264230013,3.6171694014195244,0.561290810563026,0.44205685242177994,3819,xgboost_tuned,0.4980859974378506,True,utility_gap;ece,,1337
wall-robot-navigation,xgboost_tuned,gbdt,label_noise,0.2,514055260,train_only,True,low,True,ok,,0.9883934025656689,0.9979742701958845,0.2772749095067179,0.200011568454139,0.21914207623885013,0.08911872605739186,0.21831535972257174,0.11065077530973937,5.140473813227768,1.0255770306441858,0.3937181191693981,3819,xgboost_tuned,0.4980859974378506,True,utility_gap;ece,,1337
wall-robot-navigation,xgboost_tuned,gbdt,label_noise,0.3,2328665803,train_only,True,low,True,ok,,0.982895540623091,0.9994423264161345,0.4241334443576966,0.305947608425002,0.31841982602998364,0.1692678706553692,0.31693204686221593,0.15963098380737817,6.307424736916799,2.606250770581295,0.3417708976056134,3819,xgboost_tuned,0.4980859974378506,True,utility_gap;ece,,1337
wall-robot-navigation,xgboost_tuned,gbdt,label_noise,0.4,1509544406,train_only,True,low,True,ok,,0.9743433109346366,0.9977434942797823,0.5945030105569117,0.42884327256200777,0.41023160836453076,0.273617651739193,0.4102316083645308,0.2049513620940592,6.455541776234025,4.254585963600966,0.2846624161966108,3819,xgboost_tuned,0.4980859974378506,True,utility_gap;ece,,1337
wdbc,catboost_tuned,gbdt,covariate_shift,0.0,2421628157,test_only,True,low,True,ok,,0.9590643274853801,0.9937207943925234,0.11225899072743034,0.1619554892176639,0.027921898597705552,0.06483190312539298,0.013266630355286376,0.03560251836118018,0.9690022636407966,0.0491285223743695,0.4374909006753499,398,xgboost_tuned,0.4408110869003241,False,,,1337
wdbc,catboost_tuned,gbdt,covariate_shift,0.05,4138892912,test_only,True,low,True,ok,,0.9298245614035088,0.9941588785046729,0.10726428614531588,0.15474965368634197,0.04678108647828067,0.06872160109877158,0.03265269586659245,0.05175290851116602,2.2484942172234215,-1.8657849176223045,0.4316481782856031,398,xgboost_tuned,0.4408110869003241,False,,,1337
wdbc,catboost_tuned,gbdt,covariate_shift,0.1,2774966920,test_only,True,low,True,ok,,0.8888888888888888,0.990946261682243,0.3241544271420448,0.4676559845200308,0.08005345794790342,0.17938328800376296,0.07039442496937584,0.11600634170218259,0.6015950845398357,-0.30070488346893787,0.32385703797652843,398,xgboost_tuned,0.4408110869003241,True,utility_gap,,1337
wdbc,catboost_tuned,gbdt,covariate_shift,0.2,1272434646,test_only,True,low,True,ok,,0.6900584795321637,0.9870035046728972,0.8939467568580124,1.2896925529378265,0.2104120798016741,0.4914213948123889,0.20925866800009807,0.31530269505952935,0.37804617074721997,-0.47649168723194024,0.019969816723655803,398,xgboost_tuned,0.4408110869003241,True,utility_gap;ece;nll,,1337
wdbc,catboost_tuned,gbdt,covariate_shift,0.3,1100465042,test_only,True,low,True,ok,,0.45614035087719296,0.9611565420560748,2.244728449390379,3.2384586020778725,0.5026575730564289,0.9760792560736948,0.49482323176478854,0.5242432670259265,0.48889831902852804,-2.633780914484333,-0.6672432528834424,398,xgboost_tuned,0.4408110869003241,True,utility_gap;ece;nll,,1337
wdbc,catboost_tuned,gbdt,covariate_shift,0.4,701486470,test_only,True,low,True,ok,,0.38011695906432746,0.8773364485981309,3.383891460790969,4.881923429389642,0.6040272296415954,1.196348747087541,0.6040272296415956,0.6093021907827507,1.801282326334675,-11.836988847531513,-1.2212971738762164,398,xgboost_tuned,0.4408110869003241,True,utility_gap;ece;nll,,1337
wdbc,gbdt_ensemble,gbdt,covariate_shift,0.0,2421628157,test_only,True,low,True,ok,,0.9590643274853801,0.9953271028037383,0.10255891692769231,0.14796124085052487,0.02814316872019036,0.06019992147354697,0.01563691963926476,0.03485553249565952,1.064164700250631,-0.051826528024430836,0.4422071291049198,398,xgboost_tuned,0.4408110869003241,False,,,1337
wdbc,gbdt_ensemble,gbdt,covariate_shift,0.05,4138892912,test_only,True,low,True,ok,,0.9532163742690059,0.9941588785046729,0.10305158502431573,0.14867201067032768,0.023027673805504027,0.06448715042581693,0.02835715231161429,0.04824406230062411,1.417552715395803,-0.40038058211839983,0.4417309256547873,398,xgboost_tuned,0.4408110869003241,False,,,1337
wdbc,gbdt_ensemble,gbdt,covariate_shift,0.1,2774966920,test_only,True,low,True,ok,,0.8830409356725146,0.9921144859813085,0.25238244991628966,0.3641109089016383,0.0605388513193766,0.1580390504739176,0.06514244335247536,0.11052263550951424,1.090031873764655,-1.1428442696234744,0.35835516750996826,398,xgboost_tuned,0.4408110869003241,True,utility_gap,,1337
wdbc,gbdt_ensemble,gbdt,covariate_shift,0.2,1272434646,test_only,True,low,True,ok,,0.6608187134502924,0.985251168224299,1.0305143604486435,1.4867179573841198,0.26607406419294394,0.5464211692497201,0.2440400446447905,0.3383421032774957,0.3664737461934407,-0.6584968133679732,-0.05526948415777625,398,xgboost_tuned,0.4408110869003241,True,utility_gap;ece;nll,,1337
wdbc,gbdt_ensemble,gbdt,covariate_shift,0.3,1100465042,test_only,True,low,True,ok,,0.45614035087719296,0.9656834112149533,2.275363512732953,3.2826556560395233,0.5022110288030459,0.9909534676829514,0.4967466898928018,0.530650424996443,0.46458331993688007,-2.4936281229778423,-0.6788286560156536,398,xgboost_tuned,0.4408110869003241,True,utility_gap;ece;nll,,1337
wdbc,gbdt_ensemble,gbdt,covariate_shift,0.4,701486470,test_only,True,low,True,ok,,0.38011695906432746,0.8507593457943925,3.3224964530119747,4.793349156131547,0.6089720331142077,1.1946792956595969,0.6034071597969403,0.6089720331142078,1.569667717671159,-10.190352774532972,-1.2050158385746192,398,xgboost_tuned,0.4408110869003241,True,utility_gap;ece;nll,,1337
wdbc,lightgbm,gbdt,covariate_shift,0.0,2421628157,test_only,True,low,True,ok,,0.9532163742690059,0.9910922897196262,0.25449610899248376,0.36716027436899346,0.04402158521530488,0.08830819415990795,0.04137358479733305,0.048166519131385505,0.4362374875981974,-1.1766830485317856,0.370912358188461,398,xgboost_tuned,0.4408110869003241,True,utility_gap,,1337
wdbc,lightgbm,gbdt,covariate_shift,0.05,4138892912,test_only,True,low,True,ok,,0.9532163742690059,0.9950350467289719,0.18211901444440015,0.2627421989905216,0.043456378454650176,0.08030182962550245,0.03638965159430514,0.04558121800493738,0.5036937858134444,-0.7773550465401671,0.4037307871074045,398,xgboost_tuned,0.4408110869003241,True,utility_gap,,1337
wdbc,lightgbm,gbdt,covariate_shift,0.1,2774966920,test_only,True,low,True,ok,,0.8888888888888888,0.9871495327102804,0.6506980188143793,0.9387588048597785,0.11024620771910337,0.20241834316498272,0.09330671742736808,0.11024620771910329,0.2605286953127591,-0.16789429132237055,0.1751587867801773,398,xgboost_tuned,0.4408110869003241,True,utility_gap;ece;nll,,1337
wdbc,lightgbm,gbdt,covariate_shift,0.2,1272434646,test_only,True,low,True,ok,,0.6198830409356725,0.9767815420560748,3.0080196433939697,4.339655022421068,0.3610106757529372,0.7070486189384129,0.351376073337713,0.37488203283775967,0.13989375206629803,-0.9193057826348459,-0.9392426460169309,398,xgboost_tuned,0.4408110869003241,True,utility_gap;ece;nll,,1337
wdbc,lightgbm,gbdt,covariate_shift,0.3,1100465042,test_only,True,low,True,ok,,0.4269005847953216,0.9684579439252335,6.462017564363527,9.322720694244639,0.5578208140061104,1.1084824572526844,0.5578208304324941,0.5654089727623639,0.2346811570550467,-3.501092622849781,-2.505385002981484,398,xgboost_tuned,0.4408110869003241,True,utility_gap;ece;nll,,1337
wdbc,lightgbm,gbdt,covariate_shift,0.4,701486470,test_only,True,low,True,ok,,0.38011695906432746,0.8852219626168223,8.932396993865678,12.8867248463015,0.6218489587012979,1.239444504475591,0.6163857749231371,0.6218489587012979,0.8900007695921303,-14.73945000826645,-3.6235420148551722,398,xgboost_tuned,0.4408110869003241,True,utility_gap;ece;nll,,1337
wdbc,lightgbm_tuned,gbdt,covariate_shift,0.0,2421628157,test_only,True,low,True,ok,,0.9473684210526315,0.9905081775700935,0.1452958619594884,0.2096176195106413,0.04278688578587911,0.07876169004391069,0.03820797920576694,0.04555400451796715,0.8431884732804257,-1.0706014411449627,0.4173404622970592,398,xgboost_tuned,0.4408110869003241,False,,,1337
wdbc,lightgbm_tuned,gbdt,covariate_shift,0.05,4138892912,test_only,True,low,True,ok,,0.9532163742690059,0.9956191588785047,0.10710896474682095,0.1545255722749894,0.027696604908370004,0.0695670867003261,0.01876040365988097,0.04244518925176048,1.0309940831708548,-0.5760708796678706,0.4395521690836567,398,xgboost_tuned,0.4408110869003241,False,,,1337
wdbc,lightgbm_tuned,gbdt,covariate_shift,0.1,2774966920,test_only,True,low,True,ok,,0.8830409356725146,0.9827686915887851,0.3774309843691005,0.5445178094271411,0.08080668964349849,0.19388180136894587,0.07260602792571039,0.11176846457485881,0.4922728482107856,-0.08762307238254756,0.29690850165010996,398,xgboost_tuned,0.4408110869003241,True,utility_gap,,1337
wdbc,lightgbm_tuned,gbdt,covariate_shift,0.2,1272434646,test_only,True,low,True,ok,,0.6257309941520468,0.9813084112149533,1.5385987511866541,2.219728788254938,0.30636732379369835,0.6312426871968916,0.30204968155805717,0.3626577114288809,0.26704815148725036,-0.8768664430388025,-0.28987450818718047,398,xgboost_tuned,0.4408110869003241,True,utility_gap;ece;nll,,1337
wdbc,lightgbm_tuned,gbdt,covariate_shift,0.3,1100465042,test_only,True,low,True,ok,,0.4327485380116959,0.9721816588785046,3.2709149898436136,4.718932835016756,0.5361429361185771,1.060751805858408,0.5309504082117573,0.5561152194385327,0.39871630686996307,-3.1229904468881635,-1.1177325764195114,398,xgboost_tuned,0.4408110869003241,True,utility_gap;ece;nll,,1337
wdbc,lightgbm_tuned,gbdt,covariate_shift,0.4,701486470,test_only,True,low,True,ok,,0.3742690058479532,0.8965391355140186,4.663948136198328,6.728654847056651,0.6192311450613167,1.2293962437170516,0.6192311450613168,0.6192311450613167,2.8131339118097842,-25.34864259100755,-1.7725136348221588,398,xgboost_tuned,0.4408110869003241,True,utility_gap;ece;nll,,1337
wdbc,xgboost_tuned,gbdt,covariate_shift,0.0,2421628157,test_only,True,low,True,ok,,0.9590643274853801,0.9886098130841121,0.10209560116949198,0.14729281750380355,0.024370757753905264,0.05451029242438952,0.02073323448799123,0.03573410420713891,1.0684470711821756,-0.4869934480068627,0.4408110869003241,398,xgboost_tuned,0.4408110869003241,False,,,1337
wdbc,xgboost_tuned,gbdt,covariate_shift,0.05,4138892912,test_only,True,low,True,ok,,0.935672514619883,0.9957651869158879,0.13970295141543063,0.20154875520459356,0.05049835326378022,0.0924033060216666,0.031227698114807936,0.06813182901917052,1.028364167173758,-0.8253131100323475,0.4183043953994091,398,xgboost_tuned,0.4408110869003241,False,,,1337
wdbc,xgboost_tuned,gbdt,covariate_shift,0.1,2774966920,test_only,True,low,True,ok,,0.8771929824561403,0.986857476635514,0.3539459413221299,0.5106360542882129,0.08099188166836865,0.19144492193015678,0.07280417031576605,0.12506224401597704,0.6729023562888123,-0.41650171044062795,0.3075898715707133,398,xgboost_tuned,0.4408110869003241,True,utility_gap,,1337
wdbc,xgboost_tuned,gbdt,covariate_shift,0.2,1272434646,test_only,True,low,True,ok,,0.6140350877192983,0.9744450934579441,1.3374823876548303,1.929579207945954,0.3018853488383244,0.6348871918518904,0.30248413912213534,0.37384463942643564,0.3159485994054753,-0.7941237877408153,-0.2060897862832759,398,xgboost_tuned,0.4408110869003241,True,utility_gap;ece;nll,,1337
wdbc,xgboost_tuned,gbdt,covariate_shift,0.3,1100465042,test_only,True,low,True,ok,,0.43859649122807015,0.9304906542056075,2.736921202163648,3.9485426456653556,0.5528440975050136,1.0754675543624974,0.524067347275061,0.5640219140912013,0.2699687488046209,-1.6604638215852168,-0.9036704105444362,398,xgboost_tuned,0.4408110869003241,True,utility_gap;ece;nll,,1337
wdbc,xgboost_tuned,gbdt,covariate_shift,0.4,701486470,test_only,True,low,True,ok,,0.3742690058479532,0.7911068925233644,3.616792092041545,5.217928015114756,0.6198112100815483,1.2315701418995504,0.6198303960750136,0.6198112100815483,4.885073793523654,-31.12610005030562,-1.356312883290366,398,xgboost_tuned,0.4408110869003241,True,utility_gap;ece;nll,,1337
wdbc,catboost_tuned,gbdt,label_noise,0.0,1243199950,train_only,True,low,True,ok,,0.9590643274853801,0.9937207943925234,0.11225899072743034,0.1619554892176639,0.027921898597705552,0.06483190312539298,0.013266630355286376,0.03560251836118018,0.9690022636407966,0.0491285223743695,0.4374909006753499,398,xgboost_tuned,0.4408110869003241,False,,,1337
wdbc,catboost_tuned,gbdt,label_noise,0.05,3522993677,train_only,True,low,True,ok,,0.9590643274853801,0.9899240654205608,0.1575115193945682,0.22724108791342934,0.06258632982456638,0.07606420152963529,0.06119055875664294,0.07769182610950147,1.619867109916639,0.21796353660531168,0.40964347968106113,398,xgboost_tuned,0.4408110869003241,True,utility_gap,,1337
wdbc,catboost_tuned,gbdt,label_noise,0.1,2670448769,train_only,True,low,True,ok,,0.9532163742690059,0.9855432242990654,0.2014078752468205,0.29057014281457094,0.10202280722396365,0.09785780193028992,0.09430905559620635,0.10665664355995051,1.9599819207763112,0.18016310320226947,0.38034698035585973,398,xgboost_tuned,0.4408110869003241,True,utility_gap;ece,,1337
wdbc,catboost_tuned,gbdt,label_noise,0.2,3273237588,train_only,True,low,True,ok,,0.9122807017543859,0.9742990654205608,0.3162655776682037,0.4562747805058008,0.18246057616859454,0.1679793838852959,0.17954292315864084,0.18246057616859457,4.329457849911213,-0.8555609853394305,0.304472228774895,398,xgboost_tuned,0.4408110869003241,True,utility_gap;ece,,1337
wdbc,catboost_tuned,gbdt,label_noise,0.3,3655081713,train_only,True,low,True,ok,,0.8830409356725146,0.9652453271028038,0.3989124474494052,0.5755090096841361,0.21510513517640248,0.22938400751708085,0.20891246771452368,0.208001146549328,5.239593833756809,-0.9446732257863616,0.2546182748963372,398,xgboost_tuned,0.4408110869003241,True,utility_gap;ece,,1337
wdbc,catboost_tuned,gbdt,label_noise,0.4,3566490672,train_only,True,low,True,ok,,0.7192982456140351,0.814106308411215,0.5614716014892202,0.8100322950684823,0.1136593687652623,0.3768035289273217,0.11898345396097912,0.14376671029798718,3.047615698095188,-0.3779374823069735,0.12709038251243338,398,xgboost_tuned,0.4408110869003241,True,utility_gap;ece;nll,,1337
wdbc,gbdt_ensemble,gbdt,label_noise,0.0,1243199950,train_only,True,low,True,ok,,0.9590643274853801,0.9953271028037383,0.10255891692769231,0.14796124085052487,0.02814316872019036,0.06019992147354697,0.01563691963926476,0.03485553249565952,1.064164700250631,-0.051826528024430836,0.4422071291049198,398,xgboost_tuned,0.4408110869003241,False,,,1337
wdbc,gbdt_ensemble,gbdt,label_noise,0.05,3522993677,train_only,True,low,True,ok,,0.9649122807017544,0.990946261682243,0.14160946552249976,0.20429927365224704,0.06406652099958796,0.06928042354240467,0.056906410435150746,0.06358516115343942,1.3433430071606822,0.6244470930581036,0.41746494739845647,398,xgboost_tuned,0.4408110869003241,False,,,1337
wdbc,gbdt_ensemble,gbdt,label_noise,0.1,2670448769,train_only,True,low,True,ok,,0.9532163742690059,0.9921144859813085,0.17393336187322128,0.25093279861964185,0.08302483401750169,0.0832720560726823,0.07802498452435394,0.0854770041202551,2.2953070430968565,-0.2419824535681694,0.3983377198444159,398,xgboost_tuned,0.4408110869003241,True,utility_gap,,1337
wdbc,gbdt_ensemble,gbdt,label_noise,0.2,3273237588,train_only,True,low,True,ok,,0.9298245614035088,0.9707943925233645,0.3060621877360908,0.4415544004504851,0.15397655532568127,0.16272581635311742,0.15397655532568125,0.1544080517116223,2.481047333649928,0.19550514827850024,0.3159900903934221,398,xgboost_tuned,0.4408110869003241,True,utility_gap;ece,,1337
wdbc,gbdt_ensemble,gbdt,label_noise,0.3,3655081713,train_only,True,low,True,ok,,0.8830409356725146,0.9583820093457944,0.37978598534124297,0.5479153576509398,0.1827743390150284,0.21731418598917243,0.17481825216425098,0.18873180359119499,3.8441986064044693,-0.6752934215518703,0.2669603685236176,398,xgboost_tuned,0.4408110869003241,True,utility_gap;ece,,1337
wdbc,gbdt_ensemble,gbdt,label_noise,0.4,3566490672,train_only,True,low,True,ok,,0.7368421052631579,0.7958528037383177,0.5536413271580675,0.7987355971221282,0.08923250562581281,0.37031107963249627,0.09843428417139347,0.1321579140156603,1.869200135593414,0.0006734050547598609,0.13160761683608385,398,xgboost_tuned,0.4408110869003241,True,utility_gap;nll,,1337
wdbc,lightgbm,gbdt,label_noise,0.0,1243199950,train_only,True,low,True,ok,,0.9532163742690059,0.9910922897196262,0.25449610899248376,0.36716027436899346,0.04402158521530488,0.08830819415990795,0.04137358479733305,0.048166519131385505,0.4362374875981974,-1.1766830485317856,0.370912358188461,398,xgboost_tuned,0.4408110869003241,True,utility_gap,,1337
wdbc,lightgbm,gbdt,label_noise,0.05,3522993677,train_only,True,low,True,ok,,0.9532163742690059,0.982768691588785,0.18965833739445548,0.27361914282222677,0.03716383020287277,0.07853201808081135,0.022934127792808862,0.04917959788023057,0.4149391817476601,0.6345389057421246,0.39743298930918297,398,xgboost_tuned,0.4408110869003241,True,utility_gap,,1337
wdbc,lightgbm,gbdt,label_noise,0.1,2670448769,train_only,True,low,True,ok,,0.9649122807017544,0.9890478971962616,0.11893270414001661,0.17158362246231626,0.03462468342816427,0.06617117225713183,0.028443772963858492,0.04935667817600371,0.7329319258177459,0.7805047694175238,0.43250358269962697,398,xgboost_tuned,0.4408110869003241,False,,,1337
wdbc,lightgbm,gbdt,label_noise,0.2,3273237588,train_only,True,low,True,ok,,0.8304093567251462,0.9332651869158879,0.3353234085681688,0.48376941863528083,0.05767124883590873,0.22121222679235733,0.06731868470018987,0.08861007805617555,1.1565356049044069,-0.7709224200899922,0.29453914357156663,398,xgboost_tuned,0.4408110869003241,True,utility_gap,,1337
wdbc,lightgbm,gbdt,label_noise,0.3,3655081713,train_only,True,low,True,ok,,0.8187134502923976,0.8958820093457944,0.39647099379985923,0.5719867366113759,0.06432223904591104,0.24651303200691277,0.10500067260802139,0.08383315642843626,0.944889323867976,-0.04084199059416261,0.2519052520222927,398,xgboost_tuned,0.4408110869003241,True,utility_gap,,1337
wdbc,lightgbm,gbdt,label_noise,0.4,3566490672,train_only,True,low,True,ok,,0.6257309941520468,0.6950934579439253,0.7108636240510326,1.0255594251667812,0.1768176388789766,0.4860853924329935,0.18018992917724636,0.1834757876272762,0.6650801093500153,-0.580322065096286,-0.005888995922648799,398,xgboost_tuned,0.4408110869003241,True,utility_gap;ece;nll,,1337
wdbc,lightgbm_tuned,gbdt,label_noise,0.0,1243199950,train_only,True,low,True,ok,,0.9473684210526315,0.9905081775700935,0.1452958619594884,0.2096176195106413,0.04278688578587911,0.07876169004391069,0.03820797920576694,0.04555400451796715,0.8431884732804257,-1.0706014411449627,0.4173404622970592,398,xgboost_tuned,0.4408110869003241,False,,,1337
wdbc,lightgbm_tuned,gbdt,label_noise,0.05,3522993677,train_only,True,low,True,ok,,0.9473684210526315,0.9836448598130841,0.15757893392518812,0.22733834652243856,0.04126279632516582,0.08693534914816464,0.03376945815711367,0.04975331038475429,1.100641801598927,0.3374477264900121,0.40992690087070943,398,xgboost_tuned,0.4408110869003241,True,utility_gap,,1337
wdbc,lightgbm_tuned,gbdt,label_noise,0.1,2670448769,train_only,True,low,True,ok,,0.935672514619883,0.9722546728971962,0.20248934504883098,0.2921303739348026,0.06289825716238419,0.10883079480688707,0.06115010838338762,0.06289825716238417,1.4575063751996393,0.07370202191764491,0.3804212490940835,398,xgboost_tuned,0.4408110869003241,True,utility_gap,,1337
wdbc,lightgbm_tuned,gbdt,label_noise,0.2,3273237588,train_only,True,low,True,ok,,0.8421052631578947,0.9385221962616822,0.35089610960728757,0.506236077197664,0.0999258729039831,0.2105243561694114,0.11291179607627866,0.12924375886222994,2.3904649355937915,-0.8352654094706233,0.2829425604251771,398,xgboost_tuned,0.4408110869003241,True,utility_gap,,1337
wdbc,lightgbm_tuned,gbdt,label_noise,0.3,3655081713,train_only,True,low,True,ok,,0.8245614035087719,0.900554906542056,0.41966314618979406,0.605445939851876,0.11683178951038561,0.25866185388755936,0.12791357333616624,0.11094800898707566,2.164338106077549,-0.2792540145144824,0.23387828795839544,398,xgboost_tuned,0.4408110869003241,True,utility_gap;ece,,1337
wdbc,lightgbm_tuned,gbdt,label_noise,0.4,3566490672,train_only,True,low,True,ok,,0.6783625730994152,0.742552570093458,0.5722422494562983,0.8255710554777467,0.09306732423508048,0.392592424694917,0.1229906655420403,0.0868552771515181,1.537567323008356,-0.36878657953571914,0.09536300400728248,398,xgboost_tuned,0.4408110869003241,True,utility_gap;nll,,1337
wdbc,xgboost_tuned,gbdt,label_noise,0.0,1243199950,train_only,True,low,True,ok,,0.9590643274853801,0.9886098130841121,0.10209560116949198,0.14729281750380355,0.024370757753905264,0.05451029242438952,0.02073323448799123,0.03573410420713891,1.0684470711821756,-0.4869934480068627,0.4408110869003241,398,xgboost_tuned,0.4408110869003241,False,,,1337
wdbc,xgboost_tuned,gbdt,label_noise,0.05,3522993677,train_only,True,low,True,ok,,0.9532163742690059,0.9880257009345794,0.1561098894635356,0.22521896336276706,0.04626979278211826,0.08670962569100975,0.04871377759310811,0.051298775844149005,1.093601217619928,0.5839950735807141,0.4119718039021999,398,xgboost_tuned,0.4408110869003241,False,,,1337
wdbc,xgboost_tuned,gbdt,label_noise,0.1,2670448769,train_only,True,low,True,ok,,0.9415204678362573,0.9715245327102804,0.20306069291946938,0.29295465467439513,0.059874837090465864,0.10842177803503966,0.0569922634352167,0.0740873933316564,1.239569661860073,0.40601798325949245,0.381400292803625,398,xgboost_tuned,0.4408110869003241,True,utility_gap,,1337
wdbc,xgboost_tuned,gbdt,label_noise,0.2,3273237588,train_only,True,low,True,ok,,0.8771929824561403,0.949036214953271,0.3366814985306607,0.485728728289249,0.10118053246776824,0.1983595432601814,0.10878578609737186,0.14006380949600128,2.2184045936416097,-0.25294820988885347,0.2977868976217375,398,xgboost_tuned,0.4408110869003241,True,utility_gap;ece,,1337
wdbc,xgboost_tuned,gbdt,label_noise,0.3,3655081713,train_only,True,low,True,ok,,0.8654970760233918,0.9341413551401869,0.39597109971702266,0.5712655418970978,0.14054049483395553,0.23685598963528992,0.14193918139194583,0.1417378588527451,2.448029097580076,-0.10931153369961542,0.25728627416665373,398,xgboost_tuned,0.4408110869003241,True,utility_gap;ece,,1337
wdbc,xgboost_tuned,gbdt,label_noise,0.4,3566490672,train_only,True,low,True,ok,,0.6842105263157895,0.7238609813084111,0.5889823898718326,0.849721973039023,0.0387407860727632,0.4057258813315689,0.11431886852727195,0.0850072477082494,1.089835457844167,-0.04910719009443307,0.09331817327905277,398,xgboost_tuned,0.4408110869003241,True,utility_gap;nll,,1337
