dataset_id,model,family,shift_axis,shift_lambda,seed,split_policy,clean_split_passed,leakage_risk_level,applicable,status,error_message,accuracy,auc,nll,nll_norm,ece,utility,n_train,best_gbdt,reference_utility,failed,failure_reason,metric_notes
GesturePhaseSegmentation,tabpfn_client,icl,covariate_shift,0.0,3769533927,test_only,True,low,True,ok,,0.5790006752194463,0.8377845962847547,1.0655004100354635,0.6620326275426243,0.04153058211821776,0.17315880529615021,1000,,,False,,
GesturePhaseSegmentation,tabpfn_client,icl,covariate_shift,0.05,576091290,test_only,True,low,True,ok,,0.37677245104659013,0.7604968715601595,1.3460731189329107,0.8363622532646326,0.08345326971751378,0.05509044278015181,1000,,,True,nll,
GesturePhaseSegmentation,tabpfn_client,icl,covariate_shift,0.1,1248011282,test_only,True,low,True,ok,,0.3149898717083052,0.6919743426679825,1.8321296466701502,1.1383661541185226,0.2389522952325507,-0.09986080459202723,1000,,,True,ece;nll,
GesturePhaseSegmentation,tabpfn_client,icl,covariate_shift,0.2,1130171545,test_only,True,low,True,ok,,0.28933153274814316,0.6098318690131224,2.9769152877445326,1.8496614655002572,0.5044336658209424,-0.39894428874745136,1000,,,True,ece;nll,
GesturePhaseSegmentation,tabpfn_client,icl,covariate_shift,0.3,895557003,test_only,True,low,True,ok,,0.30722484807562456,0.6156772563066379,2.570982290776333,1.5974411133934339,0.2813545966376011,-0.27393248642688334,1000,,,True,ece;nll,
GesturePhaseSegmentation,tabpfn_client,icl,covariate_shift,0.4,1723381249,test_only,True,low,True,ok,,0.28190411883862254,0.5954778601350046,3.133577312822892,1.9470010546002958,0.4073004577437979,-0.41485753905580336,1000,,,True,ece;nll,
GesturePhaseSegmentation,tabpfn_client,icl,label_noise,0.0,21559019,train_only,True,low,True,ok,,0.5790006752194463,0.8377845962847547,1.0655004100354635,0.6620326275426243,0.04153058211821776,0.17315880529615021,1000,,,False,,
GesturePhaseSegmentation,tabpfn_client,icl,label_noise,0.05,1868621072,train_only,True,low,True,ok,,0.5776502363268062,0.8339993664951244,1.0775959860246243,0.6695480314583103,0.05172256035356812,0.1673383922141077,1000,,,False,,
GesturePhaseSegmentation,tabpfn_client,icl,label_noise,0.1,4024946937,train_only,True,low,True,ok,,0.5317353139770425,0.8067610371495695,1.1683784327469886,0.725954337051712,0.04472788724965179,0.13539478153346177,1001,,,False,,
GesturePhaseSegmentation,tabpfn_client,icl,label_noise,0.2,948246684,train_only,True,low,True,ok,,0.5391627278865632,0.7926408953656807,1.2059102076735388,0.7492741399696062,0.09916072046647079,0.1136843364767967,1000,,,False,,
GesturePhaseSegmentation,tabpfn_client,icl,label_noise,0.3,1420310000,train_only,True,low,True,ok,,0.5006752194463201,0.7761047083170329,1.2774321959892945,0.7937132498993495,0.09075168519219597,0.09047361881966544,1000,,,True,nll,
GesturePhaseSegmentation,tabpfn_client,icl,label_noise,0.4,2189272610,train_only,True,low,True,ok,,0.46455097906819715,0.7472568597606533,1.381084248900426,0.8581158914118568,0.13268220404410225,0.04725133954408073,999,,,True,ece;nll,
MiceProtein,tabpfn_client,icl,covariate_shift,0.0,1840962595,test_only,True,low,True,ok,,1.0,1.0,0.0020213198633379447,0.00097204938096267,0.0015634744503534275,0.4993956902956405,756,,,False,,
MiceProtein,tabpfn_client,icl,covariate_shift,0.05,2751999018,test_only,True,low,True,ok,,1.0,1.0,0.0018772282846350357,0.0009027559789531539,0.0015803833674752881,0.499413096532819,756,,,False,,
MiceProtein,tabpfn_client,icl,covariate_shift,0.1,3829923467,test_only,True,low,True,ok,,0.9969135802469136,0.9999800876144962,0.014200701098383029,0.0068290936839278844,0.009754266252053377,0.49553048634652164,756,,,False,,
MiceProtein,tabpfn_client,icl,covariate_shift,0.2,192904173,test_only,True,low,True,ok,,0.9722222222222222,0.9996311037771832,0.0907696365016931,0.0436509681480955,0.03092756133849483,0.4764234169432198,756,,,False,,
MiceProtein,tabpfn_client,icl,covariate_shift,0.3,4159115833,test_only,True,low,True,ok,,0.9259259259259259,0.9978791025263694,0.31818410225103805,0.1530142088024265,0.14851359307937387,0.4125395935165154,756,,,True,ece,
MiceProtein,tabpfn_client,icl,covariate_shift,0.4,1313214229,test_only,True,low,True,ok,,0.7561728395061729,0.9903169989305118,0.6170644940453877,0.29674529515597936,0.11466765858149598,0.34807975528851204,756,,,True,ece,
MiceProtein,tabpfn_client,icl,label_noise,0.0,1806994671,train_only,True,low,True,ok,,1.0,1.0,0.0020213198633379447,0.00097204938096267,0.0015634744503534275,0.4993956902956405,756,,,False,,
MiceProtein,tabpfn_client,icl,label_noise,0.05,180589592,train_only,True,low,True,ok,,0.9969135802469136,1.0,0.04698032852136561,0.022592762325702835,0.0434015289213517,0.4840789025550558,756,,,False,,
MiceProtein,tabpfn_client,icl,label_noise,0.1,2534801200,train_only,True,low,True,ok,,0.9938271604938271,0.9999900438072481,0.11076067109343113,0.053264623637342225,0.08869003125460796,0.4653531960644866,756,,,False,,
MiceProtein,tabpfn_client,icl,label_noise,0.2,3311274085,train_only,True,low,True,ok,,0.9938271604938271,0.9999701314217444,0.2188189535200131,0.10522967303194516,0.1796860175035559,0.43155751466138986,756,,,True,ece,
MiceProtein,tabpfn_client,icl,label_noise,0.3,2581586098,train_only,True,low,True,ok,,0.9722222222222222,0.9998920594454821,0.3747186072004871,0.18020155877898741,0.271456982008766,0.38744369010380264,756,,,True,ece,
MiceProtein,tabpfn_client,icl,label_noise,0.4,3498261245,train_only,True,low,True,ok,,0.9783950617283951,0.9997754404717853,0.5769925290988464,0.2774747534536289,0.39469211608830806,0.3344998141706338,756,,,True,ece,
PhishingWebsites,tabpfn_client,icl,covariate_shift,0.0,244430498,test_only,False,high,True,ok,,0.9487488694603557,0.991231229903981,0.1196614987633446,0.17263505085121808,0.010670905511273556,0.4353185645278265,1000,,,False,,
PhishingWebsites,tabpfn_client,icl,covariate_shift,0.05,2225126729,test_only,False,high,True,ok,,0.9493518239372928,0.9912319665278131,0.1220879818936582,0.17613572603012226,0.0095667357025475,0.43457989692578236,1000,,,False,,
PhishingWebsites,tabpfn_client,icl,covariate_shift,0.1,3147618039,test_only,False,high,True,ok,,0.9544769369912571,0.9917958520712019,0.11613971209355105,0.16755418668763808,0.006397312170696847,0.43875437033317843,1000,,,False,,
PhishingWebsites,tabpfn_client,icl,covariate_shift,0.2,2063309081,test_only,False,high,True,ok,,0.9490503466988243,0.9914459557510064,0.12418403902609777,0.17915969726051276,0.01461030412939597,0.4326936665136428,1000,,,False,,
PhishingWebsites,tabpfn_client,icl,covariate_shift,0.3,2757184592,test_only,False,high,True,ok,,0.9508592101296353,0.9903627504060639,0.12847193005416602,0.1853458163825791,0.011147497478942427,0.43142259975100544,1000,,,False,,
PhishingWebsites,tabpfn_client,icl,covariate_shift,0.4,712995845,test_only,False,high,True,ok,,0.9541754597527886,0.9907439532391191,0.12816800972924622,0.18490735203699193,0.013444924162624033,0.43172551215298755,1000,,,False,,
PhishingWebsites,tabpfn_client,icl,label_noise,0.0,3617682713,train_only,False,high,True,ok,,0.9487488694603557,0.991231229903981,0.1196614987633446,0.17263505085121808,0.010670905511273556,0.4353185645278265,1000,,,False,,
PhishingWebsites,tabpfn_client,icl,label_noise,0.05,2717091300,train_only,False,high,True,ok,,0.9445281881217968,0.9888681406509545,0.15271140782938386,0.22031599076262412,0.03996897071572145,0.4136944860741721,1000,,,False,,
PhishingWebsites,tabpfn_client,icl,label_noise,0.1,2527007331,train_only,False,high,True,ok,,0.9430208019294544,0.9867433492075769,0.18713797007717822,0.26998302139237224,0.07142892970522557,0.39153260015331326,1000,,,False,,
PhishingWebsites,tabpfn_client,icl,label_noise,0.2,218607294,train_only,False,high,True,ok,,0.93186614410612,0.9856579339911384,0.31705970063880956,0.45742045777734985,0.1760761643827857,0.31231882830305424,1000,,,True,ece,
PhishingWebsites,tabpfn_client,icl,label_noise,0.3,234636267,train_only,False,high,True,ok,,0.8917696713898101,0.9468330699903135,0.4297327703216228,0.6199733366504812,0.19634954552284214,0.23989511510536846,1000,,,True,ece,
PhishingWebsites,tabpfn_client,icl,label_noise,0.4,1195819797,train_only,False,high,True,ok,,0.9068435333132349,0.9670850690032374,0.5276088508345926,0.7611786726281916,0.30395627019575155,0.1853614483205105,1000,,,True,ece;nll,
analcatdata_authorship,tabpfn_client,icl,covariate_shift,0.0,99980782,test_only,True,low,True,ok,,1.0,1.0,0.000671447395389438,0.00048434691377307666,0.0006450015476127806,0.4997256956163455,588,,,False,,
analcatdata_authorship,tabpfn_client,icl,covariate_shift,0.05,636561137,test_only,True,low,True,ok,,1.0,1.0,0.005826959415163248,0.004203262725858636,0.004818127923777996,0.4977753955974868,588,,,False,,
analcatdata_authorship,tabpfn_client,icl,covariate_shift,0.1,703370884,test_only,True,low,True,ok,,0.9920948616600791,1.0,0.020010547147042267,0.014434558567256337,0.009467219874063841,0.4925904177040222,588,,,False,,
analcatdata_authorship,tabpfn_client,icl,covariate_shift,0.2,2894873727,test_only,True,low,True,ok,,0.8656126482213439,0.9974515332338816,0.29138572111732775,0.21019036742091163,0.06693352451079651,0.40250611873662734,588,,,False,,
analcatdata_authorship,tabpfn_client,icl,covariate_shift,0.3,759147327,test_only,True,low,True,ok,,0.6521739130434783,0.9883650439433838,0.8027879047645983,0.5790890645447637,0.18876236307573568,0.23227466035812971,588,,,True,ece,
analcatdata_authorship,tabpfn_client,icl,covariate_shift,0.4,885557397,test_only,True,low,True,ok,,0.42292490118577075,0.9419166652863162,1.7235140050411664,1.2432525539877832,0.48175199417247927,-0.07621659700275452,588,,,True,ece;nll,
analcatdata_authorship,tabpfn_client,icl,label_noise,0.0,1839906189,train_only,True,low,True,ok,,1.0,1.0,0.000671447395389438,0.00048434691377307666,0.0006450015476127806,0.4997256956163455,588,,,False,,
analcatdata_authorship,tabpfn_client,icl,label_noise,0.05,1402218481,train_only,True,low,True,ok,,1.0,1.0,0.037128175606770085,0.02678231741257089,0.03620396051229744,0.48472451267376926,588,,,False,,
analcatdata_authorship,tabpfn_client,icl,label_noise,0.1,2972687607,train_only,True,low,True,ok,,1.0,1.0,0.08290471407464005,0.05980310993090032,0.07927542867981992,0.4662039812847659,588,,,False,,
analcatdata_authorship,tabpfn_client,icl,label_noise,0.2,1146108378,train_only,True,low,True,ok,,1.0,1.0,0.1890650922122191,0.13638163546989154,0.17179244091700047,0.42472702117563244,588,,,True,ece,
analcatdata_authorship,tabpfn_client,icl,label_noise,0.3,713224853,train_only,True,low,True,ok,,0.9960474308300395,0.9999662164567734,0.33098847755943084,0.23875771758318942,0.27434042530674957,0.37289989004806984,588,,,True,ece,
analcatdata_authorship,tabpfn_client,icl,label_noise,0.4,1975910066,train_only,True,low,True,ok,,0.9960474308300395,0.9998995942049413,0.5092961768482787,0.36737953434136006,0.3899332467135789,0.3111714629511116,588,,,True,ece,
breast-w,tabpfn_client,icl,covariate_shift,0.0,3826421487,test_only,False,high,True,ok,,0.9714285714285714,0.9961755233494364,0.07525877842217309,0.10857546641303044,0.015146004279421619,0.45877387810679493,489,,,False,,
breast-w,tabpfn_client,icl,covariate_shift,0.05,999118941,test_only,False,low,True,ok,,0.9714285714285714,0.9961755233494364,0.12658798004738092,0.1826278510505075,0.04126613594157245,0.4313341363831216,489,,,False,,
breast-w,tabpfn_client,icl,covariate_shift,0.1,2352483183,test_only,False,low,True,ok,,0.9619047619047619,0.9960748792270531,0.1732422277342357,0.2499357028247383,0.07047738848133572,0.40383573347149426,489,,,False,,
breast-w,tabpfn_client,icl,covariate_shift,0.2,992300627,test_only,False,low,True,ok,,0.7047619047619048,0.9953703703703703,0.5593998420743734,0.8070433780347679,0.09040228968821312,0.19390044399584233,489,,,True,nll,
breast-w,tabpfn_client,icl,covariate_shift,0.3,2354626838,test_only,False,low,True,ok,,0.3523809523809524,0.995269726247987,1.3306686823061629,1.9197491090293528,0.5463589826773556,-0.28399498220033864,489,,,True,ece;nll,
breast-w,tabpfn_client,icl,covariate_shift,0.4,1968129939,test_only,False,low,True,ok,,0.34285714285714286,0.9906400966183575,2.0462110781260514,2.952058575024514,0.6198073453774208,-0.6114264363378419,489,,,True,ece;nll,
breast-w,tabpfn_client,icl,label_noise,0.0,2144635367,train_only,False,high,True,ok,,0.9714285714285714,0.9961755233494364,0.07525877842217309,0.10857546641303044,0.015146004279421619,0.45877387810679493,489,,,False,,
breast-w,tabpfn_client,icl,label_noise,0.05,609278436,train_only,False,high,True,ok,,0.9714285714285714,0.9949677938808373,0.10821186417572866,0.15611671981167383,0.05088889948271423,0.43694021773253383,489,,,False,,
breast-w,tabpfn_client,icl,label_noise,0.1,813760628,train_only,False,high,True,ok,,0.9571428571428572,0.9957729468599034,0.14945559301916578,0.21561884288186967,0.088974903315828,0.40961132644466824,489,,,False,,
breast-w,tabpfn_client,icl,label_noise,0.2,770577942,train_only,False,high,True,ok,,0.9809523809523809,0.9917471819645733,0.27368354005531154,0.39484188601073394,0.20239509071054074,0.33532278688512945,489,,,True,ece,
breast-w,tabpfn_client,icl,label_noise,0.3,3341230416,train_only,False,high,True,ok,,0.9476190476190476,0.9940619967793881,0.3830476347383478,0.5526209230612614,0.26123966096227264,0.27203034690481004,489,,,True,ece,
breast-w,tabpfn_client,icl,label_noise,0.4,3784559266,train_only,False,high,True,ok,,0.8857142857142857,0.963365539452496,0.5815964437442928,0.8390663051885482,0.3188194568476256,0.15455129873942688,489,,,True,ece;nll,
car,tabpfn_client,icl,covariate_shift,0.0,753924289,test_only,True,low,True,ok,,0.9807321772639692,0.9996442404760468,0.03875670495921741,0.027957053022929827,0.017540583943387728,0.4850900780606552,1000,,,False,,
car,tabpfn_client,icl,covariate_shift,0.05,721500663,test_only,True,low,True,ok,,0.976878612716763,0.9995384196172812,0.04337065842700534,0.031285316916364866,0.014173960512390577,0.48414985159617524,1000,,,False,,
car,tabpfn_client,icl,covariate_shift,0.1,3859582947,test_only,True,low,True,ok,,0.9884393063583815,0.9999178703496718,0.030045346611336024,0.021673136278982253,0.015596489948924595,0.4886159117026627,1000,,,False,,
car,tabpfn_client,icl,covariate_shift,0.2,1810657330,test_only,True,low,True,ok,,0.9865125240847784,0.9989361347986325,0.0498532792197737,0.035961539351210166,0.010594771869445428,0.484697109612986,1000,,,False,,
car,tabpfn_client,icl,covariate_shift,0.3,2876542023,test_only,True,low,True,ok,,0.9903660886319846,0.9998011864123475,0.03369580702633736,0.0243063868478242,0.0133148614557352,0.488530440193625,1000,,,False,,
car,tabpfn_client,icl,covariate_shift,0.4,1149131185,test_only,True,low,True,ok,,0.9826589595375722,0.999227282747692,0.04929763182576024,0.035560724481297115,0.007065862851700931,0.48504700297759873,1000,,,False,,
car,tabpfn_client,icl,label_noise,0.0,1378653968,train_only,True,low,True,ok,,0.9807321772639692,0.9996442404760468,0.03875670495921741,0.027957053022929827,0.017540583943387728,0.4850900780606552,1000,,,False,,
car,tabpfn_client,icl,label_noise,0.05,2251075837,train_only,True,low,True,ok,,0.976878612716763,0.9967552503887684,0.11470262410695108,0.0827404534880246,0.05280950164417675,0.46001209316834063,1001,,,False,,
car,tabpfn_client,icl,label_noise,0.1,719645287,train_only,True,low,True,ok,,0.9633911368015414,0.9974143965695516,0.16765126342845374,0.12093482317349973,0.0839606644106997,0.44053112948538437,1000,,,False,,
car,tabpfn_client,icl,label_noise,0.2,68887170,train_only,True,low,True,ok,,0.9518304431599229,0.9955301168919382,0.2926711883124803,0.21111763599474764,0.17341835631440303,0.3931911453248619,999,,,True,ece,
car,tabpfn_client,icl,label_noise,0.3,2650549459,train_only,True,low,True,ok,,0.9344894026974951,0.9858333722852817,0.46220300015883264,0.3334089881065743,0.2671697746773885,0.3317584393370228,1001,,,True,ece,
car,tabpfn_client,icl,label_noise,0.4,286087698,train_only,True,low,True,ok,,0.8670520231213873,0.9736525409900987,0.6514275118751844,0.46990562044048245,0.29559815755256824,0.2707448751720843,1001,,,True,ece,
churn,tabpfn_client,icl,covariate_shift,0.0,1230650370,test_only,True,low,True,ok,,0.954,0.9053673971639519,0.17267004930767893,0.24911022384624118,0.020383034815614435,0.38116891489038784,1000,,,False,,
churn,tabpfn_client,icl,covariate_shift,0.05,744225428,test_only,True,low,True,ok,,0.9313333333333333,0.9092530469940232,0.20328341753766677,0.2932759783765524,0.020530533584913947,0.36584966621795956,1000,,,False,,
churn,tabpfn_client,icl,covariate_shift,0.1,3492426655,test_only,True,low,True,ok,,0.8946666666666667,0.8762085433024728,0.25601215115562054,0.36934746087952947,0.026955595763926136,0.3246776327392214,1000,,,False,,
churn,tabpfn_client,icl,covariate_shift,0.2,1119641414,test_only,True,low,True,ok,,0.8266666666666667,0.8211978495253721,0.36841987730515835,0.5315175299530723,0.05593179809332512,0.2407776287292935,1000,,,False,,
churn,tabpfn_client,icl,covariate_shift,0.3,2078396232,test_only,True,low,True,ok,,0.656,0.6887231923121997,0.8802812388181365,1.2699773778305188,0.22418981138161004,-0.08637805831620779,1000,,,True,ece;nll,
churn,tabpfn_client,icl,covariate_shift,0.4,2263623152,test_only,True,low,True,ok,,0.534,0.6379643736083441,1.2544768900897814,1.809827588242337,0.35406799137651473,-0.31037434398508357,1000,,,True,ece;nll,
churn,tabpfn_client,icl,label_noise,0.0,2928313127,train_only,True,low,True,ok,,0.954,0.9053673971639519,0.17267004930767893,0.24911022384624118,0.020383034815614435,0.38116891489038784,1000,,,False,,
churn,tabpfn_client,icl,label_noise,0.05,2807402912,train_only,True,low,True,ok,,0.944,0.9111391069963671,0.1915471744621619,0.2763441586928541,0.0444617221975724,0.36870309540135776,1000,,,False,,
churn,tabpfn_client,icl,label_noise,0.1,1487794769,train_only,True,low,True,ok,,0.93,0.897896402203211,0.23637351500389647,0.34101489789361444,0.0650214299545202,0.3384549854121355,1000,,,False,,
churn,tabpfn_client,icl,label_noise,0.2,252632925,train_only,True,low,True,ok,,0.9126666666666666,0.8794972459861712,0.3387361054754479,0.48869289953946954,0.15212832276391777,0.2676905016805355,1000,,,True,ece,
churn,tabpfn_client,icl,label_noise,0.3,2690041309,train_only,True,low,True,ok,,0.8893333333333333,0.8448157154576351,0.4511594215809669,0.6508854601651941,0.21116253850940045,0.19158735465873392,1000,,,True,ece,
churn,tabpfn_client,icl,label_noise,0.4,164813029,train_only,True,low,True,ok,,0.8586666666666667,0.622231337161608,0.5874573589133159,0.8475218184379687,0.2766452608355149,0.036995370308069216,1000,,,True,ece;nll,
climate-model-simulation-crashes,tabpfn_client,icl,covariate_shift,0.0,3470108285,test_only,True,low,True,ok,,0.9691358024691358,0.9652509652509652,0.12359689512277963,0.17831262766290748,0.05617187754390489,0.418480044400555,378,,,False,,
climate-model-simulation-crashes,tabpfn_client,icl,covariate_shift,0.05,1068792844,test_only,True,low,True,ok,,0.9506172839506173,0.9734555984555984,0.11722437636619659,0.16911902645481322,0.03079872871298725,0.42640659837301065,378,,,False,,
climate-model-simulation-crashes,tabpfn_client,icl,covariate_shift,0.1,4225755354,test_only,True,low,True,ok,,0.9320987654320988,0.9782818532818534,0.1355798575498453,0.19560038813159392,0.03864602575430459,0.4158041418731244,378,,,False,,
climate-model-simulation-crashes,tabpfn_client,icl,covariate_shift,0.2,3863493020,test_only,True,low,True,ok,,0.8827160493827161,0.984073359073359,0.2329503935147222,0.33607637749682223,0.058012609895339504,0.36440764785496843,378,,,False,,
climate-model-simulation-crashes,tabpfn_client,icl,covariate_shift,0.3,2826200940,test_only,True,low,True,ok,,0.8271604938271605,0.9777992277992279,0.3791426115450837,0.546987165465783,0.06926036619058923,0.2883555809259511,378,,,False,,
climate-model-simulation-crashes,tabpfn_client,icl,covariate_shift,0.4,501694013,test_only,True,low,True,ok,,0.7037037037037037,0.9744208494208495,0.5461338355277674,0.7879045761775788,0.14158719706400832,0.18191404058677757,378,,,True,ece;nll,
climate-model-simulation-crashes,tabpfn_client,icl,label_noise,0.0,2434761008,train_only,True,low,True,ok,,0.9691358024691358,0.9652509652509652,0.12359689512277963,0.17831262766290748,0.05617187754390489,0.418480044400555,378,,,False,,
climate-model-simulation-crashes,tabpfn_client,icl,label_noise,0.05,3313725464,train_only,True,low,True,ok,,0.9259259259259259,0.9266409266409267,0.1877060715554972,0.27080261857786475,0.0493395913202688,0.3721045093758001,378,,,False,,
climate-model-simulation-crashes,tabpfn_client,icl,label_noise,0.1,2677674616,train_only,True,low,True,ok,,0.9197530864197531,0.9348455598455598,0.22417113228239385,0.32341058085427343,0.08926644327063027,0.3502824459985008,378,,,False,,
climate-model-simulation-crashes,tabpfn_client,icl,label_noise,0.2,1682216912,train_only,True,low,True,ok,,0.9135802469135802,0.8986486486486487,0.34470402320634447,0.4973027848542673,0.1975839467003636,0.2628564392677111,378,,,True,ece,
climate-model-simulation-crashes,tabpfn_client,icl,label_noise,0.3,3934717293,train_only,True,low,True,ok,,0.9135802469135802,0.915057915057915,0.44202348602282654,0.6377050912415839,0.2546151247928573,0.21507275497626058,378,,,True,ece,
climate-model-simulation-crashes,tabpfn_client,icl,label_noise,0.4,2670482163,train_only,True,low,True,ok,,0.9135802469135802,0.5371621621621622,0.5408240084017202,0.7802441149148528,0.309689689103962,0.029032621498545547,378,,,True,ece;nll,
cmc,tabpfn_client,icl,covariate_shift,0.0,2506596946,test_only,False,high,True,ok,,0.6153846153846154,0.7805763711096971,0.8427358446619088,0.7670912234957703,0.05443618750970364,0.12449481764541448,1000,,,True,nll,
cmc,tabpfn_client,icl,covariate_shift,0.05,2673370194,test_only,False,low,True,ok,,0.6018099547511312,0.7751042635168744,0.8522822018140548,0.7757806922470433,0.05406502076925363,0.11801077361561207,1000,,,True,nll,
cmc,tabpfn_client,icl,covariate_shift,0.1,34187556,test_only,False,low,True,ok,,0.5995475113122172,0.7674658459408438,0.8666358563559764,0.7888459516565508,0.06954244346592169,0.10798289858597834,1000,,,True,nll,
cmc,tabpfn_client,icl,covariate_shift,0.2,3712704359,test_only,False,low,True,ok,,0.5294117647058824,0.7131183966771507,0.9508711322821298,0.865520204070271,0.05307356191981906,0.058732429937840024,1000,,,True,nll,
cmc,tabpfn_client,icl,covariate_shift,0.3,3903538602,test_only,False,low,True,ok,,0.4796380090497738,0.6812060890940198,1.0052275196824925,0.9149975200998058,0.07745075467955051,0.020378425574521138,1000,,,True,nll,
cmc,tabpfn_client,icl,covariate_shift,0.4,4162609920,test_only,False,low,True,ok,,0.4434389140271493,0.6509998444960822,1.048558155393677,0.9544387644388036,0.15537769577122085,-0.023041385808184114,1000,,,True,ece;nll,
cmc,tabpfn_client,icl,label_noise,0.0,2616551384,train_only,False,high,True,ok,,0.6153846153846154,0.7805763711096971,0.8427358446619088,0.7670912234957703,0.05443618750970364,0.12449481764541448,1000,,,True,nll,
cmc,tabpfn_client,icl,label_noise,0.05,119990209,train_only,False,high,True,ok,,0.6153846153846154,0.7822322444994052,0.8455332248786624,0.7696375087008495,0.0685708638104908,0.12148355251013113,1000,,,True,nll,
cmc,tabpfn_client,icl,label_noise,0.1,2933029513,train_only,False,high,True,ok,,0.6131221719457014,0.7745547885105334,0.8606856425060619,0.7834298336035403,0.10496713867057145,0.10704012395536551,1000,,,True,ece;nll,
cmc,tabpfn_client,icl,label_noise,0.2,1450933987,train_only,False,high,True,ok,,0.6131221719457014,0.7724479670268559,0.8943307503599942,0.8140549305562802,0.11536971509425455,0.09503469206551979,1000,,,True,ece;nll,
cmc,tabpfn_client,icl,label_noise,0.3,2418322371,train_only,False,high,True,ok,,0.5904977375565611,0.7685987500241899,0.9451394676463295,0.8603030180848957,0.15059844162113342,0.06937362939225522,1000,,,True,ece;nll,
cmc,tabpfn_client,icl,label_noise,0.4,2793446515,train_only,False,high,True,ok,,0.5384615384615384,0.7455513696823971,0.9868788269627622,0.898295820228985,0.12916158214671258,0.04639114766003173,1000,,,True,ece;nll,
cnae-9,tabpfn_client,icl,covariate_shift,0.0,3928749706,test_only,True,medium,True,ok,,0.9197530864197531,0.9929483882030179,0.7257575204068695,0.33030648204688,0.38436031096014284,0.3095308920279266,756,,,True,ece,
cnae-9,tabpfn_client,icl,covariate_shift,0.05,2254746593,test_only,True,low,True,ok,,0.1111111111111111,0.6648984053497942,2.2967095039935,1.0452775413507753,0.07907775558876678,-0.08001770498389137,756,,,True,nll,
cnae-9,tabpfn_client,icl,covariate_shift,0.1,824126998,test_only,True,low,True,ok,,0.1111111111111111,0.591585219478738,2.2484570344713215,1.023316896080424,0.09033412704550478,-0.10134040074900319,756,,,True,nll,
cnae-9,tabpfn_client,icl,covariate_shift,0.2,389483347,test_only,True,low,True,ok,,0.1111111111111111,0.6534529320987654,2.3192874445558,1.0555532049289025,0.10677185123938346,-0.09264513882531285,756,,,True,ece;nll,
cnae-9,tabpfn_client,icl,covariate_shift,0.3,375263926,test_only,True,low,True,ok,,0.1111111111111111,0.6640946502057613,2.3100943799831954,1.0513692609354535,0.10640269198950664,-0.08759152243985423,756,,,True,ece;nll,
cnae-9,tabpfn_client,icl,covariate_shift,0.4,7792341,test_only,True,low,True,ok,,0.17592592592592593,0.6150120027434842,2.31137852505032,1.0519537005418416,0.04617222659367911,-0.08317746563217993,756,,,True,nll,
cnae-9,tabpfn_client,icl,label_noise,0.0,2163070965,train_only,True,medium,True,ok,,0.9197530864197531,0.9929483882030179,0.7257575204068695,0.33030648204688,0.38436031096014284,0.3095308920279266,756,,,True,ece,
cnae-9,tabpfn_client,icl,label_noise,0.05,153318889,train_only,True,medium,True,ok,,0.9135802469135802,0.9899262688614541,0.8270103404063327,0.3763886263319289,0.42327459092407577,0.2859397250541521,756,,,True,ece,
cnae-9,tabpfn_client,icl,label_noise,0.1,3117967851,train_only,True,medium,True,ok,,0.9228395061728395,0.9932913237311385,0.8469250134058858,0.3854521846067486,0.45243575696130395,0.279955082457539,756,,,True,ece,
cnae-9,tabpfn_client,icl,label_noise,0.2,2430536186,train_only,True,medium,True,ok,,0.9104938271604939,0.9927662037037037,1.0187937792609525,0.4636730308633611,0.5180811544518634,0.2413241052209893,756,,,True,ece,
cnae-9,tabpfn_client,icl,label_noise,0.3,769925927,train_only,True,medium,True,ok,,0.8919753086419753,0.985928926611797,1.1972545280597249,0.5448940178482815,0.555838863971107,0.20423544246171932,756,,,True,ece,
cnae-9,tabpfn_client,icl,label_noise,0.4,1146262188,train_only,True,medium,True,ok,,0.8611111111111112,0.985650291495199,1.3268839888635666,0.603890927923353,0.5701676468951032,0.17894346093395974,756,,,True,ece,
credit-approval,tabpfn_client,icl,covariate_shift,0.0,1907374771,test_only,True,low,True,ok,,0.8502415458937198,0.9175803402646503,0.366507545246112,0.5287586179749532,0.05241527686482895,0.27957871021123376,483,,,False,,
credit-approval,tabpfn_client,icl,covariate_shift,0.05,1116143326,test_only,True,low,True,ok,,0.8502415458937198,0.9165406427221172,0.3771423813701424,0.5441014433117586,0.06775047438278799,0.27154492896671373,483,,,False,,
credit-approval,tabpfn_client,icl,covariate_shift,0.1,3283448085,test_only,True,low,True,ok,,0.8502415458937198,0.9137996219281663,0.4045663665386767,0.5836658907158156,0.08443960999200573,0.2553784103457703,483,,,False,,
credit-approval,tabpfn_client,icl,covariate_shift,0.2,3344708337,test_only,True,low,True,ok,,0.8502415458937198,0.911531190926276,0.4395118672453568,0.6340815912867247,0.08658313932534736,0.23903104345716766,483,,,False,,
credit-approval,tabpfn_client,icl,covariate_shift,0.3,3157450801,test_only,True,low,True,ok,,0.8454106280193237,0.9076559546313799,0.469850771895244,0.6778513785711201,0.08957074984036471,0.22322161478447256,483,,,False,,
credit-approval,tabpfn_client,icl,covariate_shift,0.4,993165435,test_only,True,low,True,ok,,0.8502415458937198,0.9052930056710775,0.49551408884968673,0.7148757186740563,0.08343944633578002,0.2132381789995622,483,,,False,,
credit-approval,tabpfn_client,icl,label_noise,0.0,1549211154,train_only,True,low,True,ok,,0.8502415458937198,0.9175803402646503,0.366507545246112,0.5287586179749532,0.05241527686482895,0.27957871021123376,483,,,False,,
credit-approval,tabpfn_client,icl,label_noise,0.05,385198725,train_only,True,low,True,ok,,0.8309178743961353,0.9103024574669187,0.36961994398894726,0.5332488602065106,0.08045965526527551,0.2671769521578335,483,,,False,,
credit-approval,tabpfn_client,icl,label_noise,0.1,2585233552,train_only,True,low,True,ok,,0.8599033816425121,0.9248582230623819,0.34781035048039755,0.5017842678079218,0.07269251033308098,0.2876121029092177,483,,,False,,
credit-approval,tabpfn_client,icl,label_noise,0.2,6644746,train_only,True,low,True,ok,,0.8454106280193237,0.9119092627599243,0.42090954889603954,0.607244118855127,0.09778462293313245,0.24424967592570745,483,,,False,,
credit-approval,tabpfn_client,icl,label_noise,0.3,2084654547,train_only,True,low,True,ok,,0.8454106280193237,0.9010396975425331,0.4934342384035163,0.7118751287495755,0.1921150892271819,0.19018993187247604,483,,,True,ece,
credit-approval,tabpfn_client,icl,label_noise,0.4,1012266472,train_only,True,low,True,ok,,0.8405797101449275,0.8946124763705103,0.6181324167697057,0.8917765722863643,0.28698675750288993,0.11427100006493043,483,,,True,ece;nll,
credit-g,tabpfn_client,icl,covariate_shift,0.0,2636456702,test_only,True,low,True,ok,,0.7566666666666667,0.8102116402116402,0.4735561351788067,0.683197087805008,0.04644058331090717,0.1828268310703902,700,,,False,,
credit-g,tabpfn_client,icl,covariate_shift,0.05,3210124715,test_only,True,low,True,ok,,0.7566666666666667,0.8073544973544974,0.4753114538024613,0.6857294772785346,0.05949003778152193,0.17845722333420933,700,,,False,,
credit-g,tabpfn_client,icl,covariate_shift,0.1,1183950779,test_only,True,low,True,ok,,0.7566666666666667,0.8058201058201059,0.47941799202944824,0.6916539596138296,0.07145961326722472,0.1737489264994432,700,,,False,,
credit-g,tabpfn_client,icl,covariate_shift,0.2,3332046764,test_only,True,low,True,ok,,0.7633333333333333,0.8057671957671957,0.4827778206357209,0.696501167682336,0.0446772571120386,0.1786327167914099,700,,,False,,
credit-g,tabpfn_client,icl,covariate_shift,0.3,1003290627,test_only,True,low,True,ok,,0.7533333333333333,0.794973544973545,0.49637029957753365,0.7161109696450769,0.05400634056085639,0.16560618173504638,700,,,False,,
credit-g,tabpfn_client,icl,covariate_shift,0.4,1207644330,test_only,True,low,True,ok,,0.7433333333333333,0.7944973544973546,0.505188595760705,0.7288330818176283,0.04864531406025788,0.16119508671673402,700,,,False,,
credit-g,tabpfn_client,icl,label_noise,0.0,358602629,train_only,True,low,True,ok,,0.7566666666666667,0.8102116402116402,0.4735561351788067,0.683197087805008,0.04644058331090717,0.1828268310703902,700,,,False,,
credit-g,tabpfn_client,icl,label_noise,0.05,1242578702,train_only,True,low,True,ok,,0.7766666666666666,0.8087830687830688,0.4849198262990719,0.6995914286304086,0.08651030922656304,0.17239458363963892,700,,,False,,
credit-g,tabpfn_client,icl,label_noise,0.1,1985493449,train_only,True,low,True,ok,,0.7566666666666667,0.792962962962963,0.502916002864,0.7255544233155925,0.06788418363028924,0.1597938733163014,700,,,False,,
credit-g,tabpfn_client,icl,label_noise,0.2,1435355987,train_only,True,low,True,ok,,0.7166666666666667,0.7174603174603175,0.5619425081245811,0.8107116697360393,0.08718132566274032,0.09796134505775128,700,,,True,nll,
credit-g,tabpfn_client,icl,label_noise,0.3,735775633,train_only,True,low,True,ok,,0.7033333333333334,0.6526984126984127,0.634477432183416,0.9153574449669779,0.12345266074733388,0.0346466788048843,700,,,True,ece;nll,
credit-g,tabpfn_client,icl,label_noise,0.4,3553327825,train_only,True,low,True,ok,,0.7033333333333334,0.6137830687830688,0.654286045339955,0.9439352329348046,0.15150326311569817,0.006842851570493025,700,,,True,ece;nll,
diabetes,tabpfn_client,icl,covariate_shift,0.0,1520711306,test_only,True,low,True,ok,,0.7575757575757576,0.814485596707819,0.5009957870464176,0.7227841374781299,0.060359195523937065,0.1697992421358739,537,,,False,,
diabetes,tabpfn_client,icl,covariate_shift,0.05,3441945651,test_only,True,low,True,ok,,0.7489177489177489,0.8052674897119343,0.5055659658719306,0.7293775118056732,0.050986527485682345,0.16517072469800087,537,,,False,,
diabetes,tabpfn_client,icl,covariate_shift,0.1,4134713026,test_only,True,low,True,ok,,0.7056277056277056,0.7880658436213992,0.5368206911514006,0.7744685489707116,0.09490982543268572,0.1303446713338949,537,,,True,nll,
diabetes,tabpfn_client,icl,covariate_shift,0.2,774406954,test_only,True,low,True,ok,,0.6060606060606061,0.7603292181069959,0.6529037135526008,0.9419409497203255,0.14130923292066586,0.04618018574630866,537,,,True,ece;nll,
diabetes,tabpfn_client,icl,covariate_shift,0.3,3449815744,test_only,True,low,True,ok,,0.5064935064935064,0.7242798353909465,0.8231476452252414,1.1875510256858837,0.26069397684994294,-0.07893213471489643,537,,,True,ece;nll,
diabetes,tabpfn_client,icl,covariate_shift,0.4,1278015292,test_only,True,low,True,ok,,0.4199134199134199,0.6780246913580247,1.0022193330914049,1.445896861734014,0.3535588396876189,-0.2041851714954064,537,,,True,ece;nll,
diabetes,tabpfn_client,icl,label_noise,0.0,1702262915,train_only,True,low,True,ok,,0.7575757575757576,0.814485596707819,0.5009957870464176,0.7227841374781299,0.060359195523937065,0.1697992421358739,537,,,False,,
diabetes,tabpfn_client,icl,label_noise,0.05,3367617940,train_only,True,low,True,ok,,0.7792207792207793,0.8289711934156377,0.4783402064740232,0.6900990437378761,0.049488946559607117,0.1900955321453058,537,,,False,,
diabetes,tabpfn_client,icl,label_noise,0.1,1544348815,train_only,True,low,True,ok,,0.7229437229437229,0.8017283950617283,0.5038553934439942,0.726909677446808,0.08467832182948634,0.15403792911322364,537,,,False,,
diabetes,tabpfn_client,icl,label_noise,0.2,1086896747,train_only,True,low,True,ok,,0.7705627705627706,0.7995061728395062,0.5329037582147438,0.7688176092475021,0.09142206466716103,0.14648188037055992,537,,,True,nll,
diabetes,tabpfn_client,icl,label_noise,0.3,658528137,train_only,True,low,True,ok,,0.7575757575757576,0.8132510288065843,0.5734907066038432,0.827372198413272,0.14822743128587618,0.12041707793751126,537,,,True,ece;nll,
diabetes,tabpfn_client,icl,label_noise,0.4,4021522130,train_only,True,low,True,ok,,0.6623376623376623,0.7006584362139918,0.6586632866813305,0.950250257310781,0.1297593575467245,0.03355415332296725,537,,,True,ece;nll,
dna,tabpfn_client,icl,covariate_shift,0.0,4129258486,test_only,False,high,True,ok,,0.9581589958158996,0.9948298690397537,0.12574985589534932,0.114462451578619,0.023303443803630784,0.4529148793019869,1000,,,False,,
dna,tabpfn_client,icl,covariate_shift,0.05,1379787967,test_only,False,high,True,ok,,0.9623430962343096,0.9938582481064632,0.13702075033756914,0.12472166181909788,0.029528133687755545,0.44887972598912806,1000,,,False,,
dna,tabpfn_client,icl,covariate_shift,0.1,587119554,test_only,False,high,True,ok,,0.9602510460251046,0.9949478086036961,0.13318855897399198,0.12123345091602937,0.03162359723219177,0.44957463519381213,1000,,,False,,
dna,tabpfn_client,icl,covariate_shift,0.2,3368106178,test_only,False,high,True,ok,,0.9518828451882845,0.9931500633647453,0.15577000680812217,0.1417879705286823,0.03541704452154368,0.44076514889299007,1000,,,False,,
dna,tabpfn_client,icl,covariate_shift,0.3,3223076601,test_only,False,high,True,ok,,0.9560669456066946,0.9939890666836669,0.14269730008183693,0.12988868006822898,0.030950372478830982,0.4461495366640527,1000,,,False,,
dna,tabpfn_client,icl,covariate_shift,0.4,3026397695,test_only,False,high,True,ok,,0.9623430962343096,0.9948560456342076,0.14489771918029296,0.13189158784666252,0.04976251169443957,0.4430311017142324,1000,,,False,,
dna,tabpfn_client,icl,label_noise,0.0,304703745,train_only,False,high,True,ok,,0.9581589958158996,0.9948298690397537,0.12574985589534932,0.114462451578619,0.023303443803630784,0.4529148793019869,1000,,,False,,
dna,tabpfn_client,icl,label_noise,0.05,1433359301,train_only,False,high,True,ok,,0.952928870292887,0.9946301437169088,0.1758102976597793,0.16002942937487158,0.0655059652588231,0.42994985898062504,1000,,,False,,
dna,tabpfn_client,icl,label_noise,0.1,1866222242,train_only,False,high,True,ok,,0.9581589958158996,0.9915160103843483,0.21113100271795932,0.19217972063094396,0.10417291845576253,0.41226595312647113,1000,,,True,ece,
dna,tabpfn_client,icl,label_noise,0.2,1266373448,train_only,False,high,True,ok,,0.9403765690376569,0.9903518643015646,0.3509121588768472,0.31941401211001524,0.19946815692141198,0.3519618028439091,1000,,,True,ece,
dna,tabpfn_client,icl,label_noise,0.3,2710239680,train_only,False,high,True,ok,,0.9110878661087866,0.9785253924235341,0.4864153952157793,0.4427543731605984,0.2574194577614204,0.29483686376409135,1000,,,True,ece,
dna,tabpfn_client,icl,label_noise,0.4,2778041081,train_only,False,high,True,ok,,0.9016736401673641,0.9707852060706518,0.692516341530834,0.630355539141473,0.3776920987816996,0.2103807866510509,1000,,,True,ece,
dresses-sales,tabpfn_client,icl,covariate_shift,0.0,1584498180,test_only,True,low,True,ok,,0.6666666666666666,0.665754424375114,0.6383909474205606,0.9210034539920497,0.05207958366350896,0.046297095600973136,350,,,True,nll,
dresses-sales,tabpfn_client,icl,covariate_shift,0.05,3591983103,test_only,True,low,True,ok,,0.6733333333333333,0.6604634190841088,0.6384821353350969,0.9211350103441404,0.06762919847518939,0.04229585388115805,350,,,True,nll,
dresses-sales,tabpfn_client,icl,covariate_shift,0.1,3538265090,test_only,True,low,True,ok,,0.6533333333333333,0.6622879036672139,0.6386493052205261,0.921376185508835,0.05509862415597659,0.04236818579967902,350,,,True,nll,
dresses-sales,tabpfn_client,icl,covariate_shift,0.2,3911477629,test_only,True,low,True,ok,,0.6533333333333333,0.6633825944170771,0.6380439038000496,0.9205027758817664,0.05939526958964632,0.04215402136351781,350,,,True,nll,
dresses-sales,tabpfn_client,icl,covariate_shift,0.3,2493102225,test_only,True,low,True,ok,,0.6533333333333333,0.6604634190841088,0.6387961359169754,0.9215880174264527,0.06087066444105258,0.04051165856329169,350,,,True,nll,
dresses-sales,tabpfn_client,icl,covariate_shift,0.4,357479993,test_only,True,low,True,ok,,0.6666666666666666,0.6652070790001825,0.6387407685678058,0.9215081392263785,0.057269564051072155,0.04491612307193585,350,,,True,nll,
dresses-sales,tabpfn_client,icl,label_noise,0.0,1723234606,train_only,True,low,True,ok,,0.6666666666666666,0.665754424375114,0.6383909474205606,0.9210034539920497,0.05207958366350896,0.046297095600973136,350,,,True,nll,
dresses-sales,tabpfn_client,icl,label_noise,0.05,4067320310,train_only,True,low,True,ok,,0.64,0.6600985221674877,0.644065313800534,0.9291898342286244,0.07407557448736858,0.03346241759255964,350,,,True,nll,
dresses-sales,tabpfn_client,icl,label_noise,0.1,1139570320,train_only,True,low,True,ok,,0.6533333333333333,0.6480569239189929,0.6392203373393247,0.9222000107148141,0.11108464030417854,0.025942992096367565,350,,,True,ece;nll,
dresses-sales,tabpfn_client,icl,label_noise,0.2,3678370766,train_only,True,low,True,ok,,0.5533333333333333,0.5913154533844189,0.688996377948881,0.9940116576573086,0.03452020292486847,-0.015147129197619638,350,,,True,nll,
dresses-sales,tabpfn_client,icl,label_noise,0.3,2349940198,train_only,True,low,True,ok,,0.5066666666666667,0.5530012771392082,0.6934031108539703,1.0003692293660031,0.02181711511169831,-0.0349237448334177,350,,,True,nll,
dresses-sales,tabpfn_client,icl,label_noise,0.4,32495352,train_only,True,low,True,ok,,0.5866666666666667,0.48750228060572887,0.6817689853035779,0.9835847341293724,0.03746625386328353,-0.04394287279946334,350,,,True,nll,
eucalyptus,tabpfn_client,icl,covariate_shift,0.0,388359511,test_only,True,low,True,ok,,0.7239819004524887,0.9365469166030342,0.6186449906896254,0.3843857448057701,0.042289159556053786,0.3126151505259935,515,,,False,,
eucalyptus,tabpfn_client,icl,covariate_shift,0.05,1468235247,test_only,True,low,True,ok,,0.5701357466063348,0.8740164359738263,0.956157141947901,0.5940938352209045,0.07916730355874783,0.19736450330376845,515,,,False,,
eucalyptus,tabpfn_client,icl,covariate_shift,0.1,2813244423,test_only,True,low,True,ok,,0.4796380090497738,0.8396430613105543,1.0771131734462982,0.6692480431365515,0.10394525080315299,0.14425730971456405,515,,,True,ece,
eucalyptus,tabpfn_client,icl,covariate_shift,0.2,843169740,test_only,True,low,True,ok,,0.36199095022624433,0.7880266223467681,1.3351657455496821,0.8295851211373472,0.2161929795073419,0.03799382811263292,515,,,True,ece;nll,
eucalyptus,tabpfn_client,icl,covariate_shift,0.3,3234733710,test_only,True,low,True,ok,,0.3257918552036199,0.7548875767179085,1.4979360717150663,0.9307200110935627,0.26032723442675126,-0.018202020081608095,515,,,True,ece;nll,
eucalyptus,tabpfn_client,icl,covariate_shift,0.4,590659504,test_only,True,low,True,ok,,0.2895927601809955,0.7061427194695934,1.8944324716780219,1.1770770758176674,0.3783352709211076,-0.13820131108801476,515,,,True,ece;nll,
eucalyptus,tabpfn_client,icl,label_noise,0.0,3047671038,train_only,True,low,True,ok,,0.7239819004524887,0.9365469166030342,0.6186449906896254,0.3843857448057701,0.042289159556053786,0.3126151505259935,515,,,False,,
eucalyptus,tabpfn_client,icl,label_noise,0.05,3920340813,train_only,True,low,True,ok,,0.7149321266968326,0.9256212699169509,0.6958628826403146,0.43236391864778273,0.07023813685649663,0.28745046050982354,515,,,False,,
eucalyptus,tabpfn_client,icl,label_noise,0.1,961916056,train_only,True,low,True,ok,,0.7104072398190046,0.9308914797601895,0.7215605568578505,0.44833078137606963,0.11476748830230785,0.2749203718156345,515,,,True,ece,
eucalyptus,tabpfn_client,icl,label_noise,0.2,596624435,train_only,True,low,True,ok,,0.6561085972850679,0.9022234846599957,0.8995306782292761,0.5589098350919506,0.14412292509318192,0.21769697367753707,515,,,True,ece,
eucalyptus,tabpfn_client,icl,label_noise,0.3,4272373003,train_only,True,low,True,ok,,0.6923076923076923,0.9033302798459066,0.9628633423286133,0.5982606317955981,0.2338681022759695,0.19375994179834785,515,,,True,ece,
eucalyptus,tabpfn_client,icl,label_noise,0.4,2286472737,train_only,True,low,True,ok,,0.665158371040724,0.8933508866125168,1.0969077869639028,0.6815471280311451,0.2719887298011818,0.15358468160090955,515,,,True,ece,
first-order-theorem-proving,tabpfn_client,icl,covariate_shift,0.0,3335308953,test_only,False,high,True,ok,,0.5250544662309368,0.7688093950576853,1.281134559456764,0.7150148116748707,0.025178449479000577,0.12830132480656906,1000,,,False,,
first-order-theorem-proving,tabpfn_client,icl,covariate_shift,0.05,3218207457,test_only,False,low,True,ok,,0.41721132897603486,0.6851202748893302,1.501990120297643,0.8382766471131007,0.11698811260646373,0.027493178902447835,1000,,,True,ece;nll,
first-order-theorem-proving,tabpfn_client,icl,covariate_shift,0.1,1290001820,test_only,False,low,True,ok,,0.41721132897603486,0.6845483117967522,1.542992477466691,0.8611604983627962,0.13502096137253047,0.016821266691923603,1000,,,True,ece;nll,
first-order-theorem-proving,tabpfn_client,icl,covariate_shift,0.2,3710825876,test_only,False,low,True,ok,,0.41721132897603486,0.6255346953719902,1.5776601216712554,0.8805088789908613,0.081842217859497,0.000997735457443999,1000,,,True,nll,
first-order-theorem-proving,tabpfn_client,icl,covariate_shift,0.3,1779014485,test_only,False,low,True,ok,,0.41721132897603486,0.6042991531210987,1.5789727016920714,0.8812414438486776,0.11139993823123305,-0.01256601786206013,1000,,,True,ece;nll,
first-order-theorem-proving,tabpfn_client,icl,covariate_shift,0.4,3465934490,test_only,False,low,True,ok,,0.41721132897603486,0.5801327913343158,1.593050156716655,0.889098221092695,0.0157969771189954,-0.0042606854381918215,1000,,,True,nll,
first-order-theorem-proving,tabpfn_client,icl,label_noise,0.0,668100812,train_only,False,high,True,ok,,0.5250544662309368,0.7688093950576853,1.281134559456764,0.7150148116748707,0.025178449479000577,0.12830132480656906,1000,,,False,,
first-order-theorem-proving,tabpfn_client,icl,label_noise,0.05,48973233,train_only,False,high,True,ok,,0.5250544662309368,0.7642587523652264,1.3012263185108457,0.7262282359090609,0.03433703551821446,0.12151285538610856,1001,,,False,,
first-order-theorem-proving,tabpfn_client,icl,label_noise,0.1,3651152928,train_only,False,high,True,ok,,0.5261437908496732,0.7555669821476839,1.3163070596348057,0.7346449577866114,0.05591105745067359,0.11179431355302218,1001,,,False,,
first-order-theorem-proving,tabpfn_client,icl,label_noise,0.2,1894668217,train_only,False,high,True,ok,,0.4803921568627451,0.7358501160277511,1.3979642904336143,0.7802187260301743,0.06538638511829019,0.08246346930641427,1000,,,True,nll,
first-order-theorem-proving,tabpfn_client,icl,label_noise,0.3,749509787,train_only,False,high,True,ok,,0.45479302832244006,0.6976398844423578,1.4731262200911066,0.8221673976841181,0.07272489575729013,0.05119771534649781,1000,,,True,nll,
first-order-theorem-proving,tabpfn_client,icl,label_noise,0.4,1585020547,train_only,False,high,True,ok,,0.4199346405228758,0.6836125430597852,1.5401875939446135,0.8595950630628862,0.1321829489639203,0.017939477437706252,1000,,,True,ece;nll,
ilpd,tabpfn_client,icl,covariate_shift,0.0,1596232585,test_only,True,medium,True,ok,,0.6685714285714286,0.70704,0.533849948801948,0.7701826737153975,0.08557746502590077,0.09957941916591488,408,,,True,nll,
ilpd,tabpfn_client,icl,covariate_shift,0.05,1058110992,test_only,True,low,True,ok,,0.7085714285714285,0.7100799999999999,0.5827654746268394,0.8407528602454442,0.14600331136807176,0.07338719393846664,408,,,True,ece;nll,
ilpd,tabpfn_client,icl,covariate_shift,0.1,85107633,test_only,True,low,True,ok,,0.7142857142857143,0.70992,0.7101880489415257,1.0245847763065474,0.20244203459448856,0.00775101733199518,408,,,True,ece;nll,
ilpd,tabpfn_client,icl,covariate_shift,0.2,2968131976,test_only,True,low,True,ok,,0.7142857142857143,0.70544,1.0089336748920408,1.4555836093526249,0.2582455999454846,-0.13427734565202726,408,,,True,ece;nll,
ilpd,tabpfn_client,icl,covariate_shift,0.3,1376876774,test_only,True,low,True,ok,,0.7142857142857143,0.6718400000000001,1.147383841484029,1.6553249781051371,0.2692803580202801,-0.20816670789274,408,,,True,ece;nll,
ilpd,tabpfn_client,icl,covariate_shift,0.4,4234048127,test_only,True,low,True,ok,,0.7142857142857143,0.60992,1.217599278516284,1.7566244409054226,0.2715150650804584,-0.2606754881448613,408,,,True,ece;nll,
ilpd,tabpfn_client,icl,label_noise,0.0,4091663966,train_only,True,medium,True,ok,,0.6685714285714286,0.70704,0.533849948801948,0.7701826737153975,0.08557746502590077,0.09957941916591488,408,,,True,nll,
ilpd,tabpfn_client,icl,label_noise,0.05,3478783121,train_only,True,medium,True,ok,,0.6971428571428572,0.73056,0.5125661139098432,0.7394765906654583,0.04713068518178715,0.12899831433543363,408,,,False,,
ilpd,tabpfn_client,icl,label_noise,0.1,4021601396,train_only,True,medium,True,ok,,0.6742857142857143,0.7304000000000002,0.532296132546893,0.767940990709777,0.07731724252370786,0.11093711142518253,408,,,True,nll,
ilpd,tabpfn_client,icl,label_noise,0.2,579994050,train_only,True,medium,True,ok,,0.6514285714285715,0.6793600000000001,0.5764877460648238,0.8316960123809773,0.11313273618762583,0.0633549347624674,408,,,True,ece;nll,
ilpd,tabpfn_client,icl,label_noise,0.3,56310805,train_only,True,medium,True,ok,,0.7085714285714285,0.71872,0.5897592429253827,0.8508427350868791,0.10783736918365999,0.08101741992291853,408,,,True,ece;nll,
ilpd,tabpfn_client,icl,label_noise,0.4,3937048417,train_only,True,medium,True,ok,,0.7085714285714285,0.5863999999999999,0.6569104605759493,0.947721463781007,0.16312519588589414,-0.005415764025766691,408,,,True,ece;nll,
kc1,tabpfn_client,icl,covariate_shift,0.0,4150789106,test_only,False,high,True,ok,,0.8515007898894155,0.8488365439633797,0.3210380812346357,0.4631600477337171,0.028075756576689436,0.28025474323514216,1000,,,False,,
kc1,tabpfn_client,icl,covariate_shift,0.05,780621097,test_only,False,low,True,ok,,0.8562401263823065,0.810518786954034,0.3763717523307943,0.5429896606183261,0.0935916924804115,0.2305023577096777,1000,,,False,,
kc1,tabpfn_client,icl,covariate_shift,0.1,2861930738,test_only,False,low,True,ok,,0.8515007898894155,0.7962902918176616,0.3938996259575172,0.5682770369769277,0.107429324826156,0.21445774456128436,1000,,,True,ece,
kc1,tabpfn_client,icl,covariate_shift,0.2,1813253178,test_only,False,low,True,ok,,0.8672985781990521,0.722630173564753,0.4654346195498227,0.6714802174825706,0.18288067036635994,0.1449951481594782,1000,,,True,ece,
kc1,tabpfn_client,icl,covariate_shift,0.3,2074765239,test_only,False,low,True,ok,,0.8515007898894155,0.7125977493801259,0.47124242333531935,0.6798591072023628,0.18230653138058847,0.13671529232962987,1000,,,True,ece,
kc1,tabpfn_client,icl,covariate_shift,0.4,3911807790,test_only,False,low,True,ok,,0.8641390205371248,0.6862769406828151,0.5028915171940178,0.7255190979609364,0.21327712521461048,0.10950662788835097,1000,,,True,ece,
kc1,tabpfn_client,icl,label_noise,0.0,3623059028,train_only,False,high,True,ok,,0.8515007898894155,0.8488365439633797,0.3210380812346357,0.4631600477337171,0.028075756576689436,0.28025474323514216,1000,,,False,,
kc1,tabpfn_client,icl,label_noise,0.05,1250173943,train_only,False,high,True,ok,,0.8641390205371248,0.841359908449361,0.32997879659192175,0.4760587734416735,0.043247586312581646,0.27262967174282665,1000,,,False,,
kc1,tabpfn_client,icl,label_noise,0.1,1180189399,train_only,False,high,True,ok,,0.8704581358609794,0.8293438870875454,0.3503837193432375,0.5054968543047191,0.07203499480728623,0.2547830256069148,1000,,,False,,
kc1,tabpfn_client,icl,label_noise,0.2,2518553145,train_only,False,high,True,ok,,0.8515007898894155,0.8108430288003052,0.4241531130065826,0.6119235927122129,0.13510992230542418,0.20092111628877038,1000,,,True,ece,
kc1,tabpfn_client,icl,label_noise,0.3,2066026658,train_only,False,high,True,ok,,0.8530805687203792,0.80260347129506,0.5049562276286429,0.7284978454658417,0.21447556797018122,0.1474288330275391,1000,,,True,ece,
kc1,tabpfn_client,icl,label_noise,0.4,3883376813,train_only,False,high,True,ok,,0.7930489731437599,0.5348941445737174,0.5775970840378446,0.8332964487733243,0.1804791670801067,0.020085528524346426,1000,,,True,ece;nll,
kr-vs-kp,tabpfn_client,icl,covariate_shift,0.0,1593459504,test_only,True,low,True,ok,,0.9916579770594369,0.9984899197238711,0.04020725205424273,0.05800680314642857,0.01256128591891623,0.4783058703345586,1000,,,False,,
kr-vs-kp,tabpfn_client,icl,covariate_shift,0.05,805070326,test_only,True,low,True,ok,,0.9916579770594369,0.9990673674485092,0.032694537760230846,0.047168247490842,0.007412697446736682,0.48278926142929385,1000,,,False,,
kr-vs-kp,tabpfn_client,icl,covariate_shift,0.1,4236857155,test_only,True,low,True,ok,,0.9885297184567258,0.9978558167507778,0.04689462133557985,0.06765463764520684,0.008199447752826957,0.4755927127871537,1000,,,False,,
kr-vs-kp,tabpfn_client,icl,covariate_shift,0.2,3403802551,test_only,True,low,True,ok,,0.9927007299270073,0.9987274359577788,0.03380987953097792,0.04877734553239512,0.007810352152984109,0.4822644379839583,1000,,,False,,
kr-vs-kp,tabpfn_client,icl,covariate_shift,0.3,2551614734,test_only,True,low,True,ok,,0.9906152241918665,0.9989235502793541,0.03695261336057584,0.05331135204319002,0.006995629666555294,0.4808229946802858,1000,,,False,,
kr-vs-kp,tabpfn_client,icl,covariate_shift,0.4,1249275781,test_only,True,low,True,ok,,0.9916579770594369,0.9985182473480986,0.03666187043070507,0.052891898660091925,0.007829599193199657,0.4807965936940825,1000,,,False,,
kr-vs-kp,tabpfn_client,icl,label_noise,0.0,3723983239,train_only,True,low,True,ok,,0.9916579770594369,0.9984899197238711,0.04020725205424273,0.05800680314642857,0.01256128591891623,0.4783058703345586,1000,,,False,,
kr-vs-kp,tabpfn_client,icl,label_noise,0.05,4204106854,train_only,True,low,True,ok,,0.9906152241918665,0.9982872682582434,0.07591858377849185,0.1095273643285435,0.050158166245627064,0.45510298497147667,1000,,,False,,
kr-vs-kp,tabpfn_client,icl,label_noise,0.1,1734619466,train_only,True,low,True,ok,,0.9885297184567258,0.9964176450592266,0.13197627467947712,0.19040151699508132,0.09685978418423134,0.4205332216038675,1000,,,False,,
kr-vs-kp,tabpfn_client,icl,label_noise,0.2,192617077,train_only,True,low,True,ok,,0.9635036496350365,0.9947702847579949,0.2506404793006246,0.36159777653304404,0.16867628160668313,0.3504805578293039,1000,,,True,ece,
kr-vs-kp,tabpfn_client,icl,label_noise,0.3,1518713911,train_only,True,low,True,ok,,0.9572471324296142,0.9915322194039867,0.4502279444839432,0.6495416227766164,0.3101353258937043,0.23373379464411165,1000,,,True,ece,
kr-vs-kp,tabpfn_client,icl,label_noise,0.4,196317964,train_only,True,low,True,ok,,0.7507820646506778,0.833071847571233,0.656438673863016,0.9470408194299008,0.22009604428784596,0.07606100166099375,1000,,,True,ece;nll,
mfeat-factors,tabpfn_client,icl,covariate_shift,0.0,3028227453,test_only,True,medium,True,ok,,0.9816666666666667,0.9997037037037038,0.06637972906182045,0.02882835004178154,0.009106257027739281,0.486676539878214,1000,,,False,,
mfeat-factors,tabpfn_client,icl,covariate_shift,0.05,600021547,test_only,True,low,True,ok,,0.985,0.9994845679012346,0.06963566937526638,0.030242386953317452,0.016860785332466394,0.48512472561294356,1000,,,False,,
mfeat-factors,tabpfn_client,icl,covariate_shift,0.1,602530879,test_only,True,low,True,ok,,0.975,0.9990895061728396,0.10656782766319886,0.046281819502543974,0.020987216565200167,0.4778493379966906,1000,,,False,,
mfeat-factors,tabpfn_client,icl,covariate_shift,0.2,179628137,test_only,True,low,True,ok,,0.9416666666666667,0.9979938271604937,0.2295131317553789,0.09967628664569504,0.0814200449188642,0.4443609445286914,1000,,,False,,
mfeat-factors,tabpfn_client,icl,covariate_shift,0.3,3085802972,test_only,True,low,True,ok,,0.855,0.9947345679012345,0.47826699500644915,0.20770871680775094,0.13795942587193108,0.3865025985487206,1000,,,True,ece,
mfeat-factors,tabpfn_client,icl,covariate_shift,0.4,4232577697,test_only,True,low,True,ok,,0.7283333333333334,0.9869290123456789,0.8874630724682048,0.38542031526584697,0.19680945767242017,0.29968716820674945,1000,,,True,ece,
mfeat-factors,tabpfn_client,icl,label_noise,0.0,2942197313,train_only,True,medium,True,ok,,0.9816666666666667,0.9997037037037038,0.06637972906182045,0.02882835004178154,0.009106257027739281,0.486676539878214,1000,,,False,,
mfeat-factors,tabpfn_client,icl,label_noise,0.05,2814914571,train_only,True,medium,True,ok,,0.975,0.9990462962962962,0.11669084956364716,0.050678192054094434,0.049600411309781794,0.470792663825519,1000,,,False,,
mfeat-factors,tabpfn_client,icl,label_noise,0.1,4064093667,train_only,True,medium,True,ok,,0.98,0.997996913580247,0.15956897142087498,0.06929992377106368,0.09510330659831005,0.4564882813021053,1001,,,False,,
mfeat-factors,tabpfn_client,icl,label_noise,0.2,74797416,train_only,True,medium,True,ok,,0.9783333333333334,0.9968487654320988,0.25729520685929075,0.11174188855914567,0.17168561438452393,0.42778737845658604,1000,,,True,ece,
mfeat-factors,tabpfn_client,icl,label_noise,0.3,564161943,train_only,True,medium,True,ok,,0.9716666666666667,0.9955462962962962,0.372760051629482,0.16188763349665528,0.2482093437697374,0.39598304490075953,1001,,,True,ece,
mfeat-factors,tabpfn_client,icl,label_noise,0.4,2815187934,train_only,True,medium,True,ok,,0.9716666666666667,0.9984907407407405,0.5515013597508258,0.23951399730192377,0.3695980046342028,0.34944795914184146,1001,,,True,ece,
mfeat-fourier,tabpfn_client,icl,covariate_shift,0.0,2231225561,test_only,True,medium,True,ok,,0.895,0.9929938271604938,0.24178073121827937,0.10500403739863201,0.026978531837202002,0.4449009219191428,1000,,,False,,
mfeat-fourier,tabpfn_client,icl,covariate_shift,0.05,3020271526,test_only,True,low,True,ok,,0.8766666666666667,0.9908086419753086,0.27398102454627365,0.11898844710664602,0.034104849192118154,0.43576552072094055,1000,,,False,,
mfeat-fourier,tabpfn_client,icl,covariate_shift,0.1,2328723424,test_only,True,low,True,ok,,0.8566666666666667,0.9888117283950619,0.3445662393529479,0.14964321640114034,0.06211779821590841,0.4172675803747478,1000,,,False,,
mfeat-fourier,tabpfn_client,icl,covariate_shift,0.2,345020380,test_only,True,low,True,ok,,0.705,0.959679012345679,0.9608704881469778,0.4173007508259164,0.0834110775378464,0.29976521356564345,1000,,,False,,
mfeat-fourier,tabpfn_client,icl,covariate_shift,0.3,735245252,test_only,True,low,True,ok,,0.49666666666666665,0.9255864197530863,1.503528514799429,0.6529741373615837,0.09233659305977424,0.18409568709315022,1000,,,False,,
mfeat-fourier,tabpfn_client,icl,covariate_shift,0.4,1003583495,test_only,True,low,True,ok,,0.47,0.8983333333333332,1.8099430605289066,0.7860482837467874,0.13786581618416321,0.12152901830579779,1000,,,True,ece;nll,
mfeat-fourier,tabpfn_client,icl,label_noise,0.0,3191885808,train_only,True,medium,True,ok,,0.895,0.9929938271604938,0.24178073121827937,0.10500403739863201,0.026978531837202002,0.4449009219191428,1000,,,False,,
mfeat-fourier,tabpfn_client,icl,label_noise,0.05,1846428605,train_only,True,medium,True,ok,,0.88,0.9903302469135801,0.30218343693231003,0.13123659918226155,0.06690117343334052,0.42586437197840643,999,,,False,,
mfeat-fourier,tabpfn_client,icl,label_noise,0.1,1050737978,train_only,True,medium,True,ok,,0.885,0.9918672839506172,0.3294639322502578,0.14308436776243375,0.09610363908218819,0.4177575112375482,1001,,,False,,
mfeat-fourier,tabpfn_client,icl,label_noise,0.2,3312308181,train_only,True,medium,True,ok,,0.855,0.986820987654321,0.47131044396468846,0.20468752507723595,0.16070479127961118,0.38009012989991936,998,,,True,ece,
mfeat-fourier,tabpfn_client,icl,label_noise,0.3,429736086,train_only,True,medium,True,ok,,0.835,0.9859907407407407,0.6039308644470165,0.2622838418804,0.2142211160190245,0.3488173834913343,999,,,True,ece,
mfeat-fourier,tabpfn_client,icl,label_noise,0.4,3681262302,train_only,True,medium,True,ok,,0.845,0.984827160493827,0.7323873196742123,0.31807177155042327,0.3131998036949201,0.31337801396872844,999,,,True,ece,
mfeat-karhunen,tabpfn_client,icl,covariate_shift,0.0,2164447148,test_only,True,medium,True,ok,,0.9816666666666667,0.999530864197531,0.0828203331020567,0.03596841365561245,0.010427714793145502,0.48420973541382295,1000,,,False,,
mfeat-karhunen,tabpfn_client,icl,covariate_shift,0.05,1116561384,test_only,True,low,True,ok,,0.9783333333333334,0.9993580246913579,0.0967565381269168,0.04202083059658156,0.01704461326926318,0.48051013680914817,1000,,,False,,
mfeat-karhunen,tabpfn_client,icl,covariate_shift,0.1,862709717,test_only,True,low,True,ok,,0.975,0.9989351851851852,0.1209418149539827,0.05252436286587886,0.02174041747540979,0.47577192245996913,1000,,,False,,
mfeat-karhunen,tabpfn_client,icl,covariate_shift,0.2,507657375,test_only,True,low,True,ok,,0.8966666666666666,0.9966851851851851,0.3250107986156608,0.1411503963977505,0.05953552046923945,0.4290875918016418,1000,,,False,,
mfeat-karhunen,tabpfn_client,icl,covariate_shift,0.3,1459244195,test_only,True,low,True,ok,,0.6183333333333333,0.9843641975308642,0.9802794440760366,0.42572995328541,0.06643186275841036,0.29627211059849734,1000,,,False,,
mfeat-karhunen,tabpfn_client,icl,covariate_shift,0.4,3297006782,test_only,True,low,True,ok,,0.37666666666666665,0.9526172839506172,1.60722793917742,0.6980102251454887,0.11558444297014299,0.1573960932450408,1000,,,True,ece,
mfeat-karhunen,tabpfn_client,icl,label_noise,0.0,2526243509,train_only,True,medium,True,ok,,0.9816666666666667,0.999530864197531,0.0828203331020567,0.03596841365561245,0.010427714793145502,0.48420973541382295,1000,,,False,,
mfeat-karhunen,tabpfn_client,icl,label_noise,0.05,673427832,train_only,True,medium,True,ok,,0.9733333333333334,0.9988425925925926,0.117292787519405,0.050939610386728194,0.03616326946869182,0.4730803703976506,1001,,,False,,
mfeat-karhunen,tabpfn_client,icl,label_noise,0.1,1475895185,train_only,True,medium,True,ok,,0.9783333333333334,0.998070987654321,0.15689927548081609,0.0681404895559366,0.07348489206362904,0.46093572039950553,999,,,False,,
mfeat-karhunen,tabpfn_client,icl,label_noise,0.2,4249104405,train_only,True,medium,True,ok,,0.9733333333333334,0.9954629629629629,0.2724913751324689,0.11834150058626021,0.16780256274070715,0.4253490743130175,1001,,,True,ece,
mfeat-karhunen,tabpfn_client,icl,label_noise,0.3,2482647834,train_only,True,medium,True,ok,,0.9633333333333334,0.9964197530864196,0.3992562650583379,0.17339479278013822,0.24867089204335271,0.3914942973375348,999,,,True,ece,
mfeat-karhunen,tabpfn_client,icl,label_noise,0.4,2641814170,train_only,True,medium,True,ok,,0.9466666666666667,0.9947777777777779,0.587257263669754,0.2550425890693771,0.3498585525710188,0.34368773498720534,999,,,True,ece,
mfeat-morphological,tabpfn_client,icl,covariate_shift,0.0,992237739,test_only,False,high,True,ok,,0.75,0.9671419753086419,0.6042858881657469,0.2624380267223894,0.034675443341143766,0.36533319467307906,1000,,,False,,
mfeat-morphological,tabpfn_client,icl,covariate_shift,0.05,3497345983,test_only,False,low,True,ok,,0.6033333333333334,0.95679012345679,1.0466544022191484,0.45455623134352274,0.11162931221148553,0.26668381136452257,1000,,,True,ece,
mfeat-morphological,tabpfn_client,icl,covariate_shift,0.1,1408146462,test_only,False,low,True,ok,,0.4,0.940932098765432,1.3008063475457967,0.564933018763863,0.11992245150823078,0.19586183863709616,1000,,,True,ece,
mfeat-morphological,tabpfn_client,icl,covariate_shift,0.2,32762534,test_only,False,low,True,ok,,0.2966666666666667,0.8740308641975307,1.6471407940806433,0.7153441577869637,0.17461734332415904,0.10088408646821478,1000,,,True,ece,
mfeat-morphological,tabpfn_client,icl,covariate_shift,0.3,4235722357,test_only,False,low,True,ok,,0.14833333333333334,0.7876203703703704,2.258508514105222,0.9808577850074104,0.3320782129212771,-0.06275584845684895,1000,,,True,ece;nll,
mfeat-morphological,tabpfn_client,icl,covariate_shift,0.4,2431469896,test_only,False,low,True,ok,,0.13333333333333333,0.7348302469135802,2.78810377526657,1.2108580845718955,0.37332318851060226,-0.160731476653936,1000,,,True,ece;nll,
mfeat-morphological,tabpfn_client,icl,label_noise,0.0,4008918659,train_only,False,high,True,ok,,0.75,0.9671419753086419,0.6042858881657469,0.2624380267223894,0.034675443341143766,0.36533319467307906,1000,,,False,,
mfeat-morphological,tabpfn_client,icl,label_noise,0.05,1027470083,train_only,False,high,True,ok,,0.75,0.9650061728395061,0.6037264122059517,0.2621950494002928,0.04788309618763235,0.3620170264362128,1000,,,False,,
mfeat-morphological,tabpfn_client,icl,label_noise,0.1,2746920876,train_only,False,high,True,ok,,0.7416666666666667,0.9644444444444444,0.6552656571161096,0.2845782590662347,0.055560731143466977,0.35231993160699177,1001,,,False,,
mfeat-morphological,tabpfn_client,icl,label_noise,0.2,3615581891,train_only,False,high,True,ok,,0.7416666666666667,0.9616327160493828,0.7340873023967206,0.3188100646661395,0.11013605521675146,0.3301512201740919,999,,,True,ece,
mfeat-morphological,tabpfn_client,icl,label_noise,0.3,3280676974,train_only,False,high,True,ok,,0.7466666666666667,0.9615895061728394,0.8434353870338492,0.3662993344307342,0.1921008308203062,0.3002463606672123,999,,,True,ece,
mfeat-morphological,tabpfn_client,icl,label_noise,0.4,2043319680,train_only,False,high,True,ok,,0.7416666666666667,0.9571265432098764,0.9908379245634857,0.4303154430983923,0.2706835991784056,0.2630129373582579,1002,,,True,ece,
mfeat-zernike,tabpfn_client,icl,covariate_shift,0.0,2901604082,test_only,True,medium,True,ok,,0.8433333333333334,0.9845895061728396,0.286888382826981,0.12459404158390547,0.03965570140898324,0.42579697440352554,1000,,,False,,
mfeat-zernike,tabpfn_client,icl,covariate_shift,0.05,1368474266,test_only,True,low,True,ok,,0.8583333333333333,0.9850956790123458,0.3057309784197097,0.1327772768745621,0.033004446816293456,0.4270994152286937,1000,,,False,,
mfeat-zernike,tabpfn_client,icl,covariate_shift,0.1,3704414058,test_only,True,low,True,ok,,0.7966666666666666,0.9820617283950617,0.4386460492407188,0.19050155869390625,0.04073753400633845,0.397923630528832,1000,,,False,,
mfeat-zernike,tabpfn_client,icl,covariate_shift,0.2,1693765375,test_only,True,low,True,ok,,0.6416666666666667,0.9529413580246914,0.982094016942231,0.42651801226820957,0.054399353175498606,0.2909442009930794,1000,,,False,,
mfeat-zernike,tabpfn_client,icl,covariate_shift,0.3,3664228838,test_only,True,low,True,ok,,0.4216666666666667,0.9006234567901235,1.7961690563090587,0.7800663097203954,0.16036641401405757,0.11237503415761305,1000,,,True,ece;nll,
mfeat-zernike,tabpfn_client,icl,covariate_shift,0.4,2237469444,test_only,True,low,True,ok,,0.25333333333333335,0.8565802469135801,2.2053545953430573,0.9577733313974686,0.2627626728688257,-0.0020814475732526955,1000,,,True,ece;nll,
mfeat-zernike,tabpfn_client,icl,label_noise,0.0,2545512923,train_only,True,medium,True,ok,,0.8433333333333334,0.9845895061728396,0.286888382826981,0.12459404158390547,0.03965570140898324,0.42579697440352554,1000,,,False,,
mfeat-zernike,tabpfn_client,icl,label_noise,0.05,1379034929,train_only,True,medium,True,ok,,0.8466666666666667,0.9846296296296296,0.3086627886620103,0.13405054588478066,0.055516598835725475,0.42030188683779107,1001,,,False,,
mfeat-zernike,tabpfn_client,icl,label_noise,0.1,2957766361,train_only,True,medium,True,ok,,0.845,0.9835277777777776,0.3561592050750906,0.15467797744316047,0.07457223490579168,0.40966688200811563,1000,,,False,,
mfeat-zernike,tabpfn_client,icl,label_noise,0.2,665061636,train_only,True,medium,True,ok,,0.8333333333333334,0.9839907407407406,0.47400278545293795,0.2058567941289819,0.12820533854984917,0.3819986533105948,1002,,,True,ece,
mfeat-zernike,tabpfn_client,icl,label_noise,0.3,2096774844,train_only,True,medium,True,ok,,0.845,0.9818179012345679,0.5937347346419936,0.25785571896930926,0.22476347468639216,0.3480768548040275,1000,,,True,ece,
mfeat-zernike,tabpfn_client,icl,label_noise,0.4,1867444415,train_only,True,medium,True,ok,,0.815,0.9812314814814815,0.7842327921827332,0.34058797417254066,0.2947442893252843,0.3045557684016994,1002,,,True,ece,
optdigits,tabpfn_client,icl,covariate_shift,0.0,2070662251,test_only,True,low,True,ok,,0.9869513641755635,0.9997586012522408,0.046490859350997595,0.02019072367507845,0.010203679556966298,0.489860262050702,1001,,,False,,
optdigits,tabpfn_client,icl,covariate_shift,0.05,4205413852,test_only,True,low,True,ok,,0.9691577698695136,0.9988525547250291,0.4783622236444765,0.2077500740797654,0.32056283298077975,0.3685344708141017,1001,,,True,ece,
optdigits,tabpfn_client,icl,covariate_shift,0.1,2667385677,test_only,True,low,True,ok,,0.9744958481613286,0.9988728550549608,0.42887070444800723,0.18625618039172992,0.29804561880021824,0.3802938986158729,1001,,,True,ece,
optdigits,tabpfn_client,icl,covariate_shift,0.2,2364768541,test_only,True,low,True,ok,,0.9371293001186239,0.996801587580802,0.4647486826017796,0.2018377883257587,0.26086011732768444,0.3767265907078098,1001,,,True,ece,
optdigits,tabpfn_client,icl,covariate_shift,0.3,3778865239,test_only,True,low,True,ok,,0.7912218268090154,0.9927695964624285,0.7490072961560862,0.32528973562586294,0.20360203211098904,0.32784530567324555,1001,,,True,ece,
optdigits,tabpfn_client,icl,covariate_shift,0.4,2571573961,test_only,True,low,True,ok,,0.8161328588374852,0.9922897462602978,0.846647782805761,0.3676944601881648,0.28697423104508507,0.30201815575126045,1001,,,True,ece,
optdigits,tabpfn_client,icl,label_noise,0.0,2092207331,train_only,True,low,True,ok,,0.9869513641755635,0.9997586012522408,0.046490859350997595,0.02019072367507845,0.010203679556966298,0.489860262050702,1001,,,False,,
optdigits,tabpfn_client,icl,label_noise,0.05,4267460262,train_only,True,low,True,ok,,0.9875444839857651,0.9992523612391973,0.08851386066908337,0.03844108126053618,0.04446083584341021,0.47744550748474085,1001,,,False,,
optdigits,tabpfn_client,icl,label_noise,0.1,73288180,train_only,True,low,True,ok,,0.9875444839857651,0.9993099558733052,0.12991710559829267,0.056422282066180565,0.08280783651179081,0.4644019052313092,999,,,False,,
optdigits,tabpfn_client,icl,label_noise,0.2,323267714,train_only,True,low,True,ok,,0.9750889679715302,0.9987603524474169,0.2469645212181406,0.10725532879091701,0.16034637267063773,0.4315835953809227,1000,,,True,ece,
optdigits,tabpfn_client,icl,label_noise,0.3,3289791773,train_only,True,low,True,ok,,0.9762752075919335,0.9993208635880773,0.37394796156232724,0.16240353622548803,0.26170050190975125,0.3951424221450204,1000,,,True,ece,
optdigits,tabpfn_client,icl,label_noise,0.4,1973888929,train_only,True,low,True,ok,,0.968564650059312,0.9976382991945558,0.5210124293262298,0.22627282305938956,0.3464442514540408,0.35728740501836626,1000,,,True,ece,
ozone-level-8hr,tabpfn_client,icl,covariate_shift,0.0,1508228927,test_only,True,medium,True,ok,,0.9474375821287779,0.9186243571762506,0.14636789517686546,0.21116423651701943,0.023353321734149033,0.39561422702906873,1000,,,False,,
ozone-level-8hr,tabpfn_client,icl,covariate_shift,0.05,2625978927,test_only,True,low,True,ok,,0.9408672798948752,0.9169588592800375,0.1575781981367505,0.22733728500410846,0.024921869328811255,0.38888013336524957,1000,,,False,,
ozone-level-8hr,tabpfn_client,icl,covariate_shift,0.1,1706143145,test_only,True,low,True,ok,,0.9408672798948752,0.89846306685367,0.17117233085864889,0.24694947286717764,0.02780806555682252,0.37594571041149794,1000,,,False,,
ozone-level-8hr,tabpfn_client,icl,covariate_shift,0.2,1381615219,test_only,True,low,True,ok,,0.9369250985545335,0.8903108929406265,0.21270856366109858,0.3068735899484813,0.04584932980565464,0.35091563436672396,1000,,,False,,
ozone-level-8hr,tabpfn_client,icl,covariate_shift,0.3,3619102625,test_only,True,low,True,ok,,0.9369250985545335,0.8665264142122487,0.253515348784976,0.3657453364813208,0.052444261462179925,0.32361055652063475,1000,,,False,,
ozone-level-8hr,tabpfn_client,icl,covariate_shift,0.4,2429985716,test_only,True,low,True,ok,,0.9369250985545335,0.8451086956521738,0.2645267766414828,0.3816314688430097,0.056284801540459506,0.31058040730044606,1000,,,False,,
ozone-level-8hr,tabpfn_client,icl,label_noise,0.0,1573495801,train_only,True,medium,True,ok,,0.9474375821287779,0.9186243571762506,0.14636789517686546,0.21116423651701943,0.023353321734149033,0.39561422702906873,1000,,,False,,
ozone-level-8hr,tabpfn_client,icl,label_noise,0.05,516794125,train_only,True,medium,True,ok,,0.938239159001314,0.8936711079943899,0.18880785550553195,0.27239215681871093,0.042053818629719304,0.3633923508766764,1000,,,False,,
ozone-level-8hr,tabpfn_client,icl,label_noise,0.1,2334037436,train_only,True,medium,True,ok,,0.9448094612352168,0.8227559607293127,0.2172097202379765,0.3133673862202078,0.07602647460693829,0.3204704946530919,1000,,,False,,
ozone-level-8hr,tabpfn_client,icl,label_noise,0.2,3765286203,train_only,True,medium,True,ok,,0.9448094612352168,0.8792367928938757,0.3052958247113839,0.4404487723152198,0.17324945326341415,0.2826697743508903,1000,,,True,ece,
ozone-level-8hr,tabpfn_client,icl,label_noise,0.3,2920275744,train_only,True,medium,True,ok,,0.9369250985545335,0.602705703599813,0.41191334327863505,0.5942653376240801,0.2388981414121225,0.12542653147346605,1000,,,True,ece,
ozone-level-8hr,tabpfn_client,icl,label_noise,0.4,476708271,train_only,True,medium,True,ok,,0.9369250985545335,0.7620383356708742,0.5502038612348896,0.7937763820815347,0.3484017326785083,0.09943892110782392,1000,,,True,ece;nll,
pc1,tabpfn_client,icl,covariate_shift,0.0,2412636436,test_only,False,high,True,ok,,0.9279279279279279,0.879242636746143,0.18571207619667884,0.2679258913621419,0.02016230116882505,0.36251388440793164,776,,,False,,
pc1,tabpfn_client,icl,covariate_shift,0.05,1618443385,test_only,False,low,True,ok,,0.933933933933934,0.8622720897615708,0.2117772274143835,0.3055299557639453,0.06942804393993994,0.33634072598946824,776,,,False,,
pc1,tabpfn_client,icl,covariate_shift,0.1,51866812,test_only,False,low,True,ok,,0.9309309309309309,0.8580645161290322,0.22308352218977753,0.3218414911672351,0.056666766243834044,0.33207641968586354,776,,,False,,
pc1,tabpfn_client,icl,covariate_shift,0.2,3833006923,test_only,False,low,True,ok,,0.9279279279279279,0.8517531556802244,0.269740912461492,0.3891538767330585,0.1062123036784717,0.2993141699216557,776,,,True,ece,
pc1,tabpfn_client,icl,covariate_shift,0.3,718064369,test_only,False,low,True,ok,,0.9129129129129129,0.8433380084151474,0.29676825289529385,0.42814608674532223,0.12367221782994765,0.2789269702926523,776,,,True,ece,
pc1,tabpfn_client,icl,covariate_shift,0.4,3825947176,test_only,False,low,True,ok,,0.8918918918918919,0.844179523141655,0.36666877906282147,0.5289912292027436,0.15979242532557664,0.23859076305742455,776,,,True,ece,
pc1,tabpfn_client,icl,label_noise,0.0,811700726,train_only,False,high,True,ok,,0.9279279279279279,0.879242636746143,0.18571207619667884,0.2679258913621419,0.02016230116882505,0.36251388440793164,776,,,False,,
pc1,tabpfn_client,icl,label_noise,0.05,2663651886,train_only,False,high,True,ok,,0.933933933933934,0.8938288920056101,0.19963886943292633,0.2880180068995621,0.04967350486209075,0.3565900992497668,776,,,False,,
pc1,tabpfn_client,icl,label_noise,0.1,933317123,train_only,False,high,True,ok,,0.9309309309309309,0.85273492286115,0.2507663312699796,0.36177934254511857,0.07120567724694722,0.3153219244281171,776,,,False,,
pc1,tabpfn_client,icl,label_noise,0.2,4189714826,train_only,False,high,True,ok,,0.9129129129129129,0.7140252454417952,0.33657096135671416,0.4855692568565625,0.14937704232010635,0.21129958732057524,776,,,True,ece,
pc1,tabpfn_client,icl,label_noise,0.3,498045029,train_only,False,high,True,ok,,0.9099099099099099,0.7010518934081347,0.436546474182604,0.6298034334208047,0.2405713994004254,0.1447993392730071,776,,,True,ece,
pc1,tabpfn_client,icl,label_noise,0.4,3619365516,train_only,False,high,True,ok,,0.9009009009009009,0.5115007012622721,0.5386772607665006,0.7771470127474813,0.29150596831714376,0.02271508308925721,776,,,True,ece;nll,
pc3,tabpfn_client,icl,covariate_shift,0.0,3973713218,test_only,False,high,True,ok,,0.9040511727078892,0.8565914489311164,0.2432493804522972,0.3509346748778419,0.021111680611196518,0.3259119444464822,1000,,,False,,
pc3,tabpfn_client,icl,covariate_shift,0.05,3475287676,test_only,False,low,True,ok,,0.8976545842217484,0.8450613618368963,0.2696359144535612,0.3890023966277136,0.05004643942518396,0.3037096574028251,1000,,,False,,
pc3,tabpfn_client,icl,covariate_shift,0.1,3108681833,test_only,False,low,True,ok,,0.8997867803837953,0.8324920823436263,0.29527461322938775,0.4259912202064444,0.07792638033882207,0.2829576037481407,1000,,,False,,
pc3,tabpfn_client,icl,covariate_shift,0.2,1318697240,test_only,False,low,True,ok,,0.8976545842217484,0.8372426761678544,0.3702454556990983,0.5341512828487635,0.16422428771941688,0.23459288189349886,1000,,,True,ece,
pc3,tabpfn_client,icl,covariate_shift,0.3,830186191,test_only,False,low,True,ok,,0.8976545842217484,0.781076801266825,0.37928388228796195,0.547190976065956,0.15288524005320484,0.21329072724622317,1000,,,True,ece,
pc3,tabpfn_client,icl,covariate_shift,0.4,2571879071,test_only,False,low,True,ok,,0.8976545842217484,0.8033452098178939,0.4407531456383982,0.6358723774687282,0.22027084717214077,0.18100312839447852,1000,,,True,ece,
pc3,tabpfn_client,icl,label_noise,0.0,1277639104,train_only,False,high,True,ok,,0.9040511727078892,0.8565914489311164,0.2432493804522972,0.3509346748778419,0.021111680611196518,0.3259119444464822,1000,,,False,,
pc3,tabpfn_client,icl,label_noise,0.05,3433992050,train_only,False,high,True,ok,,0.9040511727078892,0.850009897070467,0.25953986913021754,0.37443688210713544,0.04527748186951787,0.31172457887480265,1000,,,False,,
pc3,tabpfn_client,icl,label_noise,0.1,3950545172,train_only,False,high,True,ok,,0.8976545842217484,0.8078483768804434,0.2980745759849126,0.43003071258851394,0.0727625427441299,0.2738333972160373,1000,,,False,,
pc3,tabpfn_client,icl,label_noise,0.2,2873103936,train_only,False,high,True,ok,,0.8997867803837953,0.7587094220110847,0.3894611679094683,0.5618736955618138,0.14960334826485605,0.20203353643993355,1000,,,True,ece,
pc3,tabpfn_client,icl,label_noise,0.3,114887551,train_only,False,high,True,ok,,0.8955223880597015,0.6933392715756137,0.46411057702557423,0.6695700278989113,0.22166995409513718,0.13179210407171918,1000,,,True,ece,
pc3,tabpfn_client,icl,label_noise,0.4,3596930495,train_only,False,high,True,ok,,0.8891257995735607,0.6818339271575613,0.5789142052262222,0.8351966529800464,0.31360422409673333,0.058730903727819944,1000,,,True,ece;nll,
pc4,tabpfn_client,icl,covariate_shift,0.0,3201597434,test_only,False,high,True,ok,,0.9155251141552512,0.9566037735849056,0.1840685551742714,0.2655547917335179,0.029503133394858872,0.38657302367897745,1000,,,False,,
pc4,tabpfn_client,icl,covariate_shift,0.05,1956075214,test_only,False,low,True,ok,,0.91324200913242,0.9403332516540064,0.23587817985650306,0.34030028033289195,0.08441905104584889,0.34712904513972787,1000,,,False,,
pc4,tabpfn_client,icl,covariate_shift,0.1,550620341,test_only,False,low,True,ok,,0.906392694063927,0.8979416809605489,0.2854259463621015,0.4117825973576431,0.10003886500771667,0.3066959402369449,1000,,,True,ece,
pc4,tabpfn_client,icl,covariate_shift,0.2,1103348049,test_only,False,low,True,ok,,0.9018264840182648,0.8898064199950992,0.2886121159303317,0.41637926839316014,0.09073594877213859,0.30364524932864867,1000,,,False,,
pc4,tabpfn_client,icl,covariate_shift,0.3,3598305418,test_only,False,low,True,ok,,0.8881278538812786,0.883043371722617,0.2818826148884894,0.4066706506124372,0.07039154278838769,0.306204854443699,1000,,,False,,
pc4,tabpfn_client,icl,covariate_shift,0.4,2871890870,test_only,False,low,True,ok,,0.8789954337899544,0.8880421465327125,0.2932732103969105,0.4231038062652084,0.07981229727012892,0.2997704650213542,1000,,,False,,
pc4,tabpfn_client,icl,label_noise,0.0,1545110548,train_only,False,high,True,ok,,0.9155251141552512,0.9566037735849056,0.1840685551742714,0.2655547917335179,0.029503133394858872,0.38657302367897745,1000,,,False,,
pc4,tabpfn_client,icl,label_noise,0.05,1592224429,train_only,False,high,True,ok,,0.9155251141552512,0.9474883606959079,0.20262697565069523,0.29232893292158674,0.060633614118002346,0.369124290666779,1000,,,False,,
pc4,tabpfn_client,icl,label_noise,0.1,3836215015,train_only,False,high,True,ok,,0.9223744292237442,0.9354324920362657,0.2398918584556108,0.34609079454354685,0.10024672125302977,0.34188095398258456,1000,,,True,ece,
pc4,tabpfn_client,icl,label_noise,0.2,1377686514,train_only,False,high,True,ok,,0.9018264840182648,0.9224454790492527,0.3387298126934977,0.48868382097415664,0.16274775989187526,0.27897519199935605,1000,,,True,ece,
pc4,tabpfn_client,icl,label_noise,0.3,1058521666,train_only,False,high,True,ok,,0.9018264840182648,0.8976966429796618,0.4346162890732415,0.6270187649355298,0.2300216094360944,0.21535784627774351,1000,,,True,ece,
pc4,tabpfn_client,icl,label_noise,0.4,709377711,train_only,False,high,True,ok,,0.8561643835616438,0.7450379808870375,0.5711997085074866,0.8240669868209723,0.25961877588810534,0.09004409962079693,1000,,,True,ece;nll,
pendigits,tabpfn_client,icl,covariate_shift,0.0,850147953,test_only,True,low,True,ok,,0.9930260764099454,0.9999418402687,0.029794397642827944,0.012939542487911428,0.00750038971444837,0.49355161486627364,1000,,,False,,
pendigits,tabpfn_client,icl,covariate_shift,0.05,1908831214,test_only,True,low,True,ok,,0.9787750151607034,0.9997862648339817,0.10438617328512824,0.045334339044727834,0.046280789050893015,0.47388498544240215,1000,,,False,,
pendigits,tabpfn_client,icl,covariate_shift,0.1,3514009998,test_only,True,low,True,ok,,0.946331109763493,0.9994537500846793,0.24754108466671426,0.10750572711509966,0.11056258680325654,0.43739424349898054,1000,,,True,ece,
pendigits,tabpfn_client,icl,covariate_shift,0.2,291484989,test_only,True,low,True,ok,,0.6176470588235294,0.9887415530810566,0.9550644232376886,0.41477920887423997,0.12709139194778155,0.28885456135007087,1000,,,True,ece,
pendigits,tabpfn_client,icl,covariate_shift,0.3,21195251,test_only,True,low,True,ok,,0.510915706488781,0.9719691173590179,1.378868675224021,0.5988350569190393,0.12868463354512835,0.21143910326423598,1000,,,True,ece,
pendigits,tabpfn_client,icl,covariate_shift,0.4,3098963260,test_only,True,low,True,ok,,0.20739842328684052,0.9376512711598496,2.2327410762515565,0.9696671289347785,0.3398347086553425,0.0004206279874713753,1000,,,True,ece;nll,
pendigits,tabpfn_client,icl,label_noise,0.0,4226942111,train_only,True,low,True,ok,,0.9930260764099454,0.9999418402687,0.029794397642827944,0.012939542487911428,0.00750038971444837,0.49355161486627364,1000,,,False,,
pendigits,tabpfn_client,icl,label_noise,0.05,791580103,train_only,True,low,True,ok,,0.9939357186173439,0.9997640874176408,0.07765211158359245,0.03372388356888978,0.05664698137283087,0.47756122704354265,1000,,,False,,
pendigits,tabpfn_client,icl,label_noise,0.1,4249564648,train_only,True,low,True,ok,,0.9902971497877502,0.9997900630828438,0.1132413125505354,0.04918007716417898,0.08413817938695717,0.46688943552051276,998,,,False,,
pendigits,tabpfn_client,icl,label_noise,0.2,162197832,train_only,True,low,True,ok,,0.9833232261976955,0.999410164355927,0.23831620306756507,0.10349941194037832,0.1721098493049622,0.4318202480111228,1000,,,True,ece,
pendigits,tabpfn_client,icl,label_noise,0.3,3282255718,train_only,True,low,True,ok,,0.9824135839902971,0.9993474292711072,0.37998808473311396,0.16502672838857665,0.27601108932479357,0.39242340146190036,1000,,,True,ece,
pendigits,tabpfn_client,icl,label_noise,0.4,2267040136,train_only,True,low,True,ok,,0.9751364463311097,0.99931870742311,0.5622557899997649,0.24418458701505144,0.3836294762252498,0.3460507431981895,1000,,,True,ece,
phoneme,tabpfn_client,icl,covariate_shift,0.0,3797670182,test_only,True,medium,True,ok,,0.874845869297164,0.9374184228665288,0.29426692474536015,0.4245374330277769,0.024630528678352394,0.32703599275385603,1000,,,False,,
phoneme,tabpfn_client,icl,covariate_shift,0.05,112867050,test_only,True,low,True,ok,,0.8298397040690506,0.9052458679807,0.36280074682773694,0.5234108382791884,0.02345272768066714,0.2795982123837126,1000,,,False,,
phoneme,tabpfn_client,icl,covariate_shift,0.1,1239422150,test_only,True,low,True,ok,,0.7965474722564735,0.8759422617214425,0.4303939356134562,0.620927196538217,0.05537545966218008,0.22870866154707478,1000,,,False,,
phoneme,tabpfn_client,icl,covariate_shift,0.2,227882674,test_only,True,low,True,ok,,0.7034525277435265,0.8022716940179213,0.6286541814654718,0.9069562700343466,0.14099820239236152,0.08602645057902512,1000,,,True,ece;nll,
phoneme,tabpfn_client,icl,covariate_shift,0.3,2595602307,test_only,True,low,True,ok,,0.6467324290998767,0.8023835188525672,0.6716913435743492,0.9690457703827585,0.16782578983619423,0.05356520688131356,1000,,,True,ece;nll,
phoneme,tabpfn_client,icl,covariate_shift,0.4,1346331037,test_only,True,low,True,ok,,0.6510480887792849,0.7637599542434775,0.6475307030128391,0.9341893340599672,0.10374081856721187,0.06396823337067734,1000,,,True,ece;nll,
phoneme,tabpfn_client,icl,label_noise,0.0,3260412492,train_only,True,medium,True,ok,,0.874845869297164,0.9374184228665288,0.29426692474536015,0.4245374330277769,0.024630528678352394,0.32703599275385603,1000,,,False,,
phoneme,tabpfn_client,icl,label_noise,0.05,471835201,train_only,True,medium,True,ok,,0.842170160295931,0.9165841729361902,0.33832657054617604,0.4881020655279382,0.02720236389423524,0.2952588921348276,1000,,,False,,
phoneme,tabpfn_client,icl,label_noise,0.1,2974796010,train_only,True,medium,True,ok,,0.8347718865598027,0.9131377681962838,0.3621686719023647,0.5224989469188837,0.054946205596660955,0.27707507665767245,1000,,,False,,
phoneme,tabpfn_client,icl,label_noise,0.2,1773909251,train_only,True,medium,True,ok,,0.8347718865598027,0.8984520509774592,0.41980566318514323,0.6056515484143087,0.10927442563816873,0.2361236511741547,1000,,,True,ece,
phoneme,tabpfn_client,icl,label_noise,0.3,211529636,train_only,True,medium,True,ok,,0.8027127003699137,0.8547963688093038,0.540156260767413,0.7792807587142725,0.18495743661783354,0.14880991920089492,1000,,,True,ece;nll,
phoneme,tabpfn_client,icl,label_noise,0.4,2492970002,train_only,True,medium,True,ok,,0.7459926017262639,0.8467431475207885,0.5947096415628155,0.8579846506515268,0.1679246307636965,0.11727867054301813,1000,,,True,ece;nll,
qsar-biodeg,tabpfn_client,icl,covariate_shift,0.0,2141823057,test_only,True,medium,True,ok,,0.8769716088328076,0.9469514908767245,0.27285575015477026,0.3936476376263251,0.024995204871837474,0.3398854308695097,738,,,False,,
qsar-biodeg,tabpfn_client,icl,covariate_shift,0.05,1808789527,test_only,True,low,True,ok,,0.7697160883280757,0.9080106809078772,0.4473616294406863,0.6454064042780843,0.049831477734136514,0.22967293473671574,738,,,False,,
qsar-biodeg,tabpfn_client,icl,covariate_shift,0.1,1468831665,test_only,True,low,True,ok,,0.6971608832807571,0.8731642189586115,0.5433518438769059,0.7838910106190865,0.14780588442118583,0.14545312905766447,738,,,True,ece;nll,
qsar-biodeg,tabpfn_client,icl,covariate_shift,0.2,89205288,test_only,True,low,True,ok,,0.6656151419558359,0.8170894526034713,0.6720384948841556,0.9695466038558542,0.21031234998637627,0.052897128550558836,738,,,True,ece;nll,
qsar-biodeg,tabpfn_client,icl,covariate_shift,0.3,1135325101,test_only,True,low,True,ok,,0.6624605678233438,0.8328437917222963,0.7690806706003243,1.1095488695186462,0.2491163158545995,0.008176488249791496,738,,,True,ece;nll,
qsar-biodeg,tabpfn_client,icl,covariate_shift,0.4,4196914101,test_only,True,low,True,ok,,0.6624605678233438,0.7668446817979528,0.9076408589149835,1.309448966064846,0.2730152027471393,-0.07967300656609663,738,,,True,ece;nll,
qsar-biodeg,tabpfn_client,icl,label_noise,0.0,1101812446,train_only,True,medium,True,ok,,0.8769716088328076,0.9469514908767245,0.27285575015477026,0.3936476376263251,0.024995204871837474,0.3398854308695097,738,,,False,,
qsar-biodeg,tabpfn_client,icl,label_noise,0.05,840456462,train_only,True,medium,True,ok,,0.8643533123028391,0.9451268357810414,0.29711214292912735,0.42864221519174495,0.05852720146747002,0.32014928451777286,738,,,False,,
qsar-biodeg,tabpfn_client,icl,label_noise,0.1,374981860,train_only,True,medium,True,ok,,0.8738170347003155,0.9227414330218068,0.33870840950395653,0.4886529426987464,0.07029751017196856,0.29337667191866207,738,,,False,,
qsar-biodeg,tabpfn_client,icl,label_noise,0.2,127447862,train_only,True,medium,True,ok,,0.861198738170347,0.9238540275923454,0.42391911621347494,0.6115860066992125,0.15744840645671246,0.2375632370817667,738,,,True,ece,
qsar-biodeg,tabpfn_client,icl,label_noise,0.3,45233061,train_only,True,medium,True,ok,,0.8359621451104101,0.9216733422340899,0.5092220606234722,0.7346521415727425,0.22317662348884457,0.18294902437890126,738,,,True,ece,
qsar-biodeg,tabpfn_client,icl,label_noise,0.4,3001955417,train_only,True,medium,True,ok,,0.7602523659305994,0.8577214063195372,0.6007813000012467,0.8667442021706233,0.18843398832656613,0.11653028878492767,738,,,True,ece;nll,
satimage,tabpfn_client,icl,covariate_shift,0.0,3682884971,test_only,True,low,True,ok,,0.9118714359771902,0.9897927440790157,0.2377725428853538,0.1327033828864281,0.016067259239759032,0.4401837091103538,1000,,,False,,
satimage,tabpfn_client,icl,covariate_shift,0.05,3066944167,test_only,True,low,True,ok,,0.8916537065837221,0.9872705545662943,0.269843504703165,0.15060252748066785,0.02060290327771761,0.4299914111860174,1000,,,False,,
satimage,tabpfn_client,icl,covariate_shift,0.1,918546963,test_only,True,low,True,ok,,0.8532918610679109,0.9780981877792204,0.37680575362637553,0.21029929524453136,0.02984140904881476,0.4012700744997914,1000,,,False,,
satimage,tabpfn_client,icl,covariate_shift,0.2,3154615055,test_only,True,low,True,ok,,0.7039917055469155,0.9461883283876977,0.8410444875807975,0.4693958659211916,0.17621464316252144,0.26070298235886974,1000,,,True,ece,
satimage,tabpfn_client,icl,covariate_shift,0.3,2732291062,test_only,True,low,True,ok,,0.6153447382063245,0.9140799687105258,1.4041828492104855,0.7836893697653796,0.24832972843359918,0.12745694316329897,1000,,,True,ece;nll,
satimage,tabpfn_client,icl,covariate_shift,0.4,1763784021,test_only,True,low,True,ok,,0.5178849144634525,0.8487646587683475,2.0954741209776753,1.1695063745807746,0.33373718743904435,-0.04284898212360172,1000,,,True,ece;nll,
satimage,tabpfn_client,icl,label_noise,0.0,1706678074,train_only,True,low,True,ok,,0.9118714359771902,0.9897927440790157,0.2377725428853538,0.1327033828864281,0.016067259239759032,0.4401837091103538,1000,,,False,,
satimage,tabpfn_client,icl,label_noise,0.05,4044987987,train_only,True,low,True,ok,,0.9009849663037843,0.9854397536140546,0.29378370159910017,0.16396380577001846,0.04808526317507532,0.42124546434446614,1001,,,False,,
satimage,tabpfn_client,icl,label_noise,0.1,1834062931,train_only,True,low,True,ok,,0.8911353032659409,0.984911308911093,0.3569247528126449,0.1992034974239143,0.09224136455201312,0.40017993147119674,1001,,,False,,
satimage,tabpfn_client,icl,label_noise,0.2,2101973911,train_only,True,low,True,ok,,0.8786936236391913,0.9832974961661997,0.44747483788532016,0.24974046213809384,0.1483375164605029,0.3713685252705199,1000,,,True,ece,
satimage,tabpfn_client,icl,label_noise,0.3,1989148767,train_only,True,low,True,ok,,0.8481078278900985,0.9804804737899501,0.6079554105259816,0.33930637508387634,0.2314383543271968,0.32230475661939506,1000,,,True,ece,
satimage,tabpfn_client,icl,label_noise,0.4,571005856,train_only,True,low,True,ok,,0.8641783307413168,0.976614608558656,0.7073753895386407,0.39479372186234335,0.3129550722838262,0.29041273159125885,1000,,,True,ece,
segment,tabpfn_client,icl,covariate_shift,0.0,3750364974,test_only,False,high,True,ok,,0.9754689754689755,0.999120595080191,0.06518956929650023,0.03350081160126946,0.011543202847565487,0.48365367054851927,1001,,,False,,
segment,tabpfn_client,icl,covariate_shift,0.05,891012389,test_only,False,low,True,ok,,0.8571428571428571,0.9786659281608776,0.4021168813400539,0.20664719875954746,0.093782693300348,0.39035380513980183,1001,,,False,,
segment,tabpfn_client,icl,covariate_shift,0.1,786639947,test_only,False,low,True,ok,,0.784992784992785,0.9588550245115901,0.6745986617096708,0.34667513401745204,0.1589266570440731,0.3175603047139241,1001,,,True,ece,
segment,tabpfn_client,icl,covariate_shift,0.2,2512431106,test_only,False,low,True,ok,,0.6017316017316018,0.93720757357121,1.1354428160493366,0.5835021810233959,0.22635907968595484,0.197959920765454,1001,,,True,ece,
segment,tabpfn_client,icl,covariate_shift,0.3,725435300,test_only,False,low,True,ok,,0.4199134199134199,0.9083329689390295,1.4044355112196574,0.7217370811809953,0.17266945376377335,0.12984853700862,1001,,,True,ece,
segment,tabpfn_client,icl,covariate_shift,0.4,1220730733,test_only,False,low,True,ok,,0.3333333333333333,0.9025974025974027,1.555250952879406,0.7992408866537021,0.26835632486992345,0.07246555993899559,1001,,,True,ece;nll,
segment,tabpfn_client,icl,label_noise,0.0,767660356,train_only,False,high,True,ok,,0.9754689754689755,0.999120595080191,0.06518956929650023,0.03350081160126946,0.011543202847565487,0.48365367054851927,1001,,,False,,
segment,tabpfn_client,icl,label_noise,0.05,258902209,train_only,False,high,True,ok,,0.9711399711399712,0.9990307111519233,0.10328893094057938,0.0530800103955074,0.04266769444035853,0.47087420256744494,1001,,,False,,
segment,tabpfn_client,icl,label_noise,0.1,4043543014,train_only,False,high,True,ok,,0.9711399711399712,0.9985157005359026,0.13774859568890588,0.07078877498828973,0.06738939371542765,0.46043697961898905,999,,,False,,
segment,tabpfn_client,icl,label_noise,0.2,583234470,train_only,False,high,True,ok,,0.950937950937951,0.9973544973544973,0.26645848102600217,0.1369325717096242,0.14707137006768237,0.4212207211883429,1001,,,True,ece,
segment,tabpfn_client,icl,label_noise,0.3,1400819911,train_only,False,high,True,ok,,0.9538239538239538,0.9976533006836037,0.3952568708571363,0.20312185074373695,0.25274253040238315,0.38076718700925666,998,,,True,ece,
segment,tabpfn_client,icl,label_noise,0.4,3915123677,train_only,False,high,True,ok,,0.9538239538239538,0.9975779925274875,0.5120374601680477,0.263135202011577,0.3245350353734955,0.3483783227800415,1002,,,True,ece,
spambase,tabpfn_client,icl,covariate_shift,0.0,1058421842,test_only,False,high,True,ok,,0.9485879797248371,0.9907945481059808,0.12341820271265527,0.17805482900897657,0.01431530605319784,0.4327867788824863,1000,,,False,,
spambase,tabpfn_client,icl,covariate_shift,0.05,342034879,test_only,False,low,True,ok,,0.6140477914554671,0.9724078027268255,0.5800060753118361,0.8367718885378567,0.25373940494944597,0.13067045212146278,1000,,,True,ece;nll,
spambase,tabpfn_client,icl,covariate_shift,0.1,1045100713,test_only,False,low,True,ok,,0.9188993482983345,0.96783527479092,0.5221239399739156,0.7532656189297748,0.314648535463664,0.18766785564990685,1000,,,True,ece;nll,
spambase,tabpfn_client,icl,covariate_shift,0.2,3096275861,test_only,False,low,True,ok,,0.6683562635771181,0.9667130068873429,0.5234659198563595,0.7552016866511494,0.24484037400119008,0.16307441115155488,1000,,,True,ece;nll,
spambase,tabpfn_client,icl,covariate_shift,0.3,2958375756,test_only,False,low,True,ok,,0.6140477914554671,0.9585189138379365,0.5810327828314787,0.8382531143848885,0.2899681634497597,0.11811922155617938,1000,,,True,ece;nll,
spambase,tabpfn_client,icl,covariate_shift,0.4,2411427472,test_only,False,low,True,ok,,0.6060825488776249,0.9261027215545716,0.6373316113399746,0.9194751550819537,0.2604157779308601,0.08712263276498569,1000,,,True,ece;nll,
spambase,tabpfn_client,icl,label_noise,0.0,60261911,train_only,False,high,True,ok,,0.9485879797248371,0.9907945481059808,0.12341820271265527,0.17805482900897657,0.01431530605319784,0.4327867788824863,1000,,,False,,
spambase,tabpfn_client,icl,label_noise,0.05,1027646181,train_only,False,high,True,ok,,0.9493120926864591,0.988598329116593,0.15415055570442268,0.22239224226504853,0.03550497023459842,0.4145875623673422,1000,,,False,,
spambase,tabpfn_client,icl,label_noise,0.1,3839839681,train_only,False,high,True,ok,,0.944967414916727,0.9871641981165227,0.19527957121505,0.2817288689788758,0.07708511462301602,0.387316897960026,1000,,,False,,
spambase,tabpfn_client,icl,label_noise,0.2,1690255960,train_only,False,high,True,ok,,0.9268645908761767,0.97680463314358,0.32495128269280366,0.46880560407141547,0.17268963071443075,0.30573170286736867,1000,,,True,ece,
spambase,tabpfn_client,icl,label_noise,0.3,3174924902,train_only,False,high,True,ok,,0.9080376538740044,0.9550093558928947,0.4308840415348681,0.6216342699205484,0.22808245520979037,0.2383521506254912,1000,,,True,ece,
spambase,tabpfn_client,icl,label_noise,0.4,4103837098,train_only,False,high,True,ok,,0.8732802317161478,0.9347975525335582,0.6143987978958609,0.8863900988524991,0.3249585806049585,0.12726243236742613,1000,,,True,ece;nll,
splice,tabpfn_client,icl,covariate_shift,0.0,3721731608,test_only,False,high,True,ok,,0.9602925809822361,0.9940742595637216,0.12050185396363103,0.1096855143589556,0.010106543056219813,0.4570429150757074,1000,,,False,,
splice,tabpfn_client,icl,covariate_shift,0.05,2455505349,test_only,False,high,True,ok,,0.9602925809822361,0.9944121800756496,0.12478426247723859,0.11358353057248192,0.010832168372879479,0.45584665732749224,1000,,,False,,
splice,tabpfn_client,icl,covariate_shift,0.1,3916056345,test_only,False,high,True,ok,,0.9665621734587252,0.9944461417950521,0.12202253037267838,0.11106969367747653,0.019073884591483445,0.45590479062553735,1000,,,False,,
splice,tabpfn_client,icl,covariate_shift,0.2,1188553461,test_only,False,high,True,ok,,0.9644723092998955,0.9942752040821771,0.12132626349261602,0.11043592425104269,0.012729815480089708,0.4569904274524155,1000,,,False,,
splice,tabpfn_client,icl,covariate_shift,0.3,1244369274,test_only,False,high,True,ok,,0.9665621734587252,0.9959525608488159,0.10418756620987502,0.09483560969100904,0.015695136223622064,0.4619780121638672,1000,,,False,,
splice,tabpfn_client,icl,covariate_shift,0.4,3228449683,test_only,False,high,True,ok,,0.9561128526645768,0.993035214255852,0.13162919960375644,0.11981406084883287,0.015619292644072098,0.4519111761057704,1000,,,False,,
splice,tabpfn_client,icl,label_noise,0.0,2334550712,train_only,False,high,True,ok,,0.9602925809822361,0.9940742595637216,0.12050185396363103,0.1096855143589556,0.010106543056219813,0.4570429150757074,1000,,,False,,
splice,tabpfn_client,icl,label_noise,0.05,691285794,train_only,False,high,True,ok,,0.9655172413793104,0.9933023815199472,0.14899950742859722,0.13562519640958604,0.05036644626414838,0.4417225715631726,1000,,,False,,
splice,tabpfn_client,icl,label_noise,0.1,3156332415,train_only,False,high,True,ok,,0.9508881922675027,0.9816859252117774,0.234877364959744,0.2137945910331068,0.09161136627973446,0.4037626520983686,1000,,,False,,
splice,tabpfn_client,icl,label_noise,0.2,2642764237,train_only,False,high,True,ok,,0.9561128526645768,0.992644219281761,0.31507170708370347,0.28679062698786767,0.1890842454214846,0.3669883674676456,999,,,True,ece,
splice,tabpfn_client,icl,label_noise,0.3,1959090686,train_only,False,high,True,ok,,0.9435736677115988,0.984652389347548,0.45223681095989715,0.411643685060324,0.27351961561333205,0.3079673577876179,1000,,,True,ece,
splice,tabpfn_client,icl,label_noise,0.4,258913008,train_only,False,high,True,ok,,0.9268547544409613,0.9820827823628974,0.6122494167090188,0.5572934355679495,0.36169256000517375,0.2432306443217387,1000,,,True,ece,
steel-plates-fault,tabpfn_client,icl,covariate_shift,0.0,2342941747,test_only,True,low,True,ok,,1.0,1.0,1.374913790705546e-05,1.9835813075007376e-05,1.3749027057863294e-05,0.4999912994506659,1000,,,False,,
steel-plates-fault,tabpfn_client,icl,covariate_shift,0.05,3199079680,test_only,True,low,True,ok,,0.3481989708404803,0.7067643772251241,0.7349661375247598,1.060332001828287,0.25682605017932597,-0.06986743292948583,1000,,,True,ece;nll,
steel-plates-fault,tabpfn_client,icl,covariate_shift,0.1,2470116718,test_only,True,low,True,ok,,0.346483704974271,0.6620929809516385,0.7785899835845559,1.1232679082032582,0.2829383023029236,-0.10986293384234808,1000,,,True,ece;nll,
steel-plates-fault,tabpfn_client,icl,covariate_shift,0.2,3112875470,test_only,True,low,True,ok,,0.346483704974271,0.6517242275408643,0.7253685025935103,1.0464855415087104,0.22582703835385476,-0.07903503473794096,1000,,,True,ece;nll,
steel-plates-fault,tabpfn_client,icl,covariate_shift,0.3,3519992929,test_only,True,low,True,ok,,0.346483704974271,0.675580156440841,0.76163777987874,1.0988110479847382,0.273401848425861,-0.09589807358015867,1000,,,True,ece;nll,
steel-plates-fault,tabpfn_client,icl,covariate_shift,0.4,960490634,test_only,True,low,True,ok,,0.39451114922813035,0.6149138535900833,0.7857724350101709,1.1336299952564188,0.24177290724533332,-0.11404705888524362,1000,,,True,ece;nll,
steel-plates-fault,tabpfn_client,icl,label_noise,0.0,3863852855,train_only,True,low,True,ok,,1.0,1.0,1.374913790705546e-05,1.9835813075007376e-05,1.3749027057863294e-05,0.4999912994506659,1000,,,False,,
steel-plates-fault,tabpfn_client,icl,label_noise,0.05,3828678886,train_only,True,low,True,ok,,1.0,1.0,0.04005663526101397,0.05778950904576284,0.03921134973999275,0.4748208773382726,1000,,,False,,
steel-plates-fault,tabpfn_client,icl,label_noise,0.1,2047184284,train_only,True,low,True,ok,,1.0,1.0,0.09259331347470756,0.13358391416943782,0.08799862917450554,0.44232509991426755,1000,,,False,,
steel-plates-fault,tabpfn_client,icl,label_noise,0.2,781862246,train_only,True,low,True,ok,,1.0,1.0,0.20714176463206402,0.29884239659566764,0.18692799338206642,0.3729616823448864,1000,,,True,ece,
steel-plates-fault,tabpfn_client,icl,label_noise,0.3,1549908955,train_only,True,low,True,ok,,1.0,1.0,0.3347285709125004,0.48291124929931406,0.2841987683346748,0.2982868715432708,1000,,,True,ece,
steel-plates-fault,tabpfn_client,icl,label_noise,0.4,1038006126,train_only,True,low,True,ok,,0.967409948542024,0.999220394480393,0.5718458566824782,0.8249991815887122,0.4016166445400031,0.16701554696482684,1000,,,True,ece;nll,
texture,tabpfn_client,icl,covariate_shift,0.0,731258484,test_only,True,medium,True,ok,,0.9981818181818182,0.9999943434343433,0.006581120086803633,0.0027445402480498625,0.0027802688712115892,0.49834587708063555,1001,,,False,,
texture,tabpfn_client,icl,covariate_shift,0.05,467431889,test_only,True,low,True,ok,,0.9987878787878788,0.999999191919192,0.004840662932813795,0.0020187132389500426,0.00301035144299534,0.498610214729615,1001,,,False,,
texture,tabpfn_client,icl,covariate_shift,0.1,1852319452,test_only,True,low,True,ok,,0.9903030303030304,0.9999785858585859,0.022506537512264963,0.009385955161419365,0.0041285829026541255,0.494896456467003,1001,,,False,,
texture,tabpfn_client,icl,covariate_shift,0.2,2283200151,test_only,True,low,True,ok,,0.9145454545454546,0.9975103030303032,0.2400459516563439,0.10010693727095411,0.02179955302548973,0.4519184324560401,1001,,,False,,
texture,tabpfn_client,icl,covariate_shift,0.3,398755619,test_only,True,low,True,ok,,0.6430303030303031,0.968649696969697,1.2700120950713913,0.5296361811453396,0.14231681140146016,0.24812772277004555,1001,,,True,ece,
texture,tabpfn_client,icl,covariate_shift,0.4,1886577186,test_only,True,low,True,ok,,0.49575757575757573,0.9290327272727272,2.624492279050376,1.0944982914068488,0.2711771156106795,0.016940180364900324,1001,,,True,ece;nll,
texture,tabpfn_client,icl,label_noise,0.0,3842804813,train_only,True,medium,True,ok,,0.9981818181818182,0.9999943434343433,0.006581120086803633,0.0027445402480498625,0.0027802688712115892,0.49834587708063555,1001,,,False,,
texture,tabpfn_client,icl,label_noise,0.05,631909019,train_only,True,medium,True,ok,,0.996969696969697,0.9999866666666667,0.04448849389988835,0.01855314300193343,0.03591903395186964,0.48679103818783387,998,,,False,,
texture,tabpfn_client,icl,label_noise,0.1,1861727020,train_only,True,medium,True,ok,,0.9993939393939394,0.9999947474747475,0.09207683095283402,0.03839902100702643,0.08492857023337183,0.4714018321764702,998,,,False,,
texture,tabpfn_client,icl,label_noise,0.2,127457104,train_only,True,medium,True,ok,,0.996969696969697,0.9999951515151515,0.16630617232974984,0.0693550607552884,0.14731262225025477,0.4492747148991201,1000,,,True,ece,
texture,tabpfn_client,icl,label_noise,0.3,1103031484,train_only,True,medium,True,ok,,0.9975757575757576,0.999990303030303,0.3040753957876799,0.12680928947861034,0.25601747082199316,0.4103866886889879,1000,,,True,ece,
texture,tabpfn_client,icl,label_noise,0.4,2931479504,train_only,True,medium,True,ok,,0.9963636363636363,0.9999959595959595,0.45645139927773004,0.19035501860973525,0.35869353497755574,0.37060791873469956,1001,,,True,ece,
tic-tac-toe,tabpfn_client,icl,covariate_shift,0.0,4113229421,test_only,True,low,True,ok,,0.9965277777777778,0.9996276595744681,0.021795056633726346,0.031443620121371106,0.01239307453969441,0.4874371465733802,670,,,False,,
tic-tac-toe,tabpfn_client,icl,covariate_shift,0.05,192545784,test_only,True,low,True,ok,,0.9930555555555556,0.9997340425531915,0.021224439815659888,0.030620394067698786,0.013203458699632232,0.4870384382667143,670,,,False,,
tic-tac-toe,tabpfn_client,icl,covariate_shift,0.1,2814577986,test_only,True,low,True,ok,,0.9895833333333334,0.999468085106383,0.02488918039990627,0.035907497134735566,0.011148516064534614,0.4852493774339064,670,,,False,,
tic-tac-toe,tabpfn_client,icl,covariate_shift,0.2,2321520214,test_only,True,low,True,ok,,0.9965277777777778,0.9998404255319149,0.018800102387226195,0.027122814482255994,0.01277229322752614,0.4887320126126548,670,,,False,,
tic-tac-toe,tabpfn_client,icl,covariate_shift,0.3,1673132955,test_only,True,low,True,ok,,0.9930555555555556,0.9996808510638298,0.02246159495392523,0.03240523165048449,0.010750005511046424,0.4869750606083191,670,,,False,,
tic-tac-toe,tabpfn_client,icl,covariate_shift,0.4,1786339444,test_only,True,low,True,ok,,0.9965277777777778,0.9998404255319149,0.01866617160356954,0.026929593204852168,0.010648402289210468,0.48921475718353913,670,,,False,,
tic-tac-toe,tabpfn_client,icl,label_noise,0.0,560269053,train_only,True,low,True,ok,,0.9965277777777778,0.9996276595744681,0.021795056633726346,0.031443620121371106,0.01239307453969441,0.4874371465733802,670,,,False,,
tic-tac-toe,tabpfn_client,icl,label_noise,0.05,3849945858,train_only,True,low,True,ok,,0.9895833333333334,0.9993617021276596,0.07378419695735232,0.10644809504634674,0.04994506544064718,0.4562906541426474,670,,,False,,
tic-tac-toe,tabpfn_client,icl,label_noise,0.1,3068889308,train_only,True,low,True,ok,,0.9895833333333334,0.9950531914893618,0.12236315697164502,0.17653271975051005,0.08398471949417444,0.42694935719728866,670,,,False,,
tic-tac-toe,tabpfn_client,icl,label_noise,0.2,3207856289,train_only,True,low,True,ok,,0.9895833333333334,0.9925531914893617,0.23957861948062872,0.3456388862277271,0.1903946699727215,0.35406051715841413,670,,,True,ece,
tic-tac-toe,tabpfn_client,icl,label_noise,0.3,3010824429,train_only,True,low,True,ok,,0.9895833333333334,0.9936170212765957,0.37852843437992356,0.5461010951153792,0.29940078863060515,0.2724929711860737,670,,,True,ece,
tic-tac-toe,tabpfn_client,icl,label_noise,0.4,4227210451,train_only,True,low,True,ok,,0.7569444444444444,0.9094148936170213,0.6364749098865694,0.9182391961436036,0.2142777759347847,0.11350956540258611,670,,,True,ece;nll,
vehicle,tabpfn_client,icl,covariate_shift,0.0,3485582189,test_only,True,low,True,ok,,0.8661417322834646,0.9714403820902651,0.25506952376612047,0.1839937685096458,0.020577336618081893,0.4106117956976023,592,,,False,,
vehicle,tabpfn_client,icl,covariate_shift,0.05,2480297786,test_only,True,low,True,ok,,0.8188976377952756,0.9506689391155106,0.3687050808505342,0.26596449584681503,0.039405586523915855,0.3678983083008924,592,,,False,,
vehicle,tabpfn_client,icl,covariate_shift,0.1,2261360343,test_only,True,low,True,ok,,0.6850393700787402,0.9444091539323074,0.596304896038057,0.4301430581859569,0.10815634040123978,0.2826249238520836,592,,,True,ece,
vehicle,tabpfn_client,icl,covariate_shift,0.2,3837776143,test_only,True,low,True,ok,,0.5669291338582677,0.891211406129127,1.0240071695571948,0.7386650326774544,0.17853638008597356,0.13965657640350354,592,,,True,ece,
vehicle,tabpfn_client,icl,covariate_shift,0.3,1262011980,test_only,True,low,True,ok,,0.5196850393700787,0.8582473756665376,1.0545143009619895,0.7606712762721771,0.1089180077671573,0.12835435295371542,592,,,True,ece;nll,
vehicle,tabpfn_client,icl,covariate_shift,0.4,2881326019,test_only,True,low,True,ok,,0.468503937007874,0.8070560789329864,1.2343308035981861,0.8903814645837962,0.1161103549921439,0.06240870780415868,592,,,True,ece;nll,
vehicle,tabpfn_client,icl,label_noise,0.0,356800159,train_only,True,low,True,ok,,0.8661417322834646,0.9714403820902651,0.25506952376612047,0.1839937685096458,0.020577336618081893,0.4106117956976023,592,,,False,,
vehicle,tabpfn_client,icl,label_noise,0.05,529298709,train_only,True,low,True,ok,,0.8543307086614174,0.9676334408348278,0.3112355930102996,0.2245090232920475,0.07586184031893967,0.38429623554000014,592,,,False,,
vehicle,tabpfn_client,icl,label_noise,0.1,3506071383,train_only,True,low,True,ok,,0.8188976377952756,0.9616494884697204,0.3748984512935508,0.2704320682590792,0.09569221431601059,0.3591439032927676,592,,,False,,
vehicle,tabpfn_client,icl,label_noise,0.2,3208508401,train_only,True,low,True,ok,,0.8110236220472441,0.9545905672245201,0.49205136696443735,0.35494003349111464,0.1561506664908404,0.31804809849016613,592,,,True,ece,
vehicle,tabpfn_client,icl,label_noise,0.3,3697370161,train_only,True,low,True,ok,,0.7677165354330708,0.9384382615902641,0.6557884432908787,0.473051367504022,0.19845917782703873,0.2620036260549387,592,,,True,ece,
vehicle,tabpfn_client,icl,label_noise,0.4,530639908,train_only,True,low,True,ok,,0.7677165354330708,0.929659022100227,0.8778734640523034,0.6332518465581369,0.3179651732747366,0.1869695494276517,592,,,True,ece,
vowel,tabpfn_client,icl,covariate_shift,0.0,4139392943,test_only,True,low,True,ok,,0.9932659932659933,0.999950118468637,0.020048489067990703,0.008360869340467023,0.010102626374198329,0.4944436543769421,693,,,False,,
vowel,tabpfn_client,icl,covariate_shift,0.05,415949812,test_only,True,low,True,ok,,0.98989898989899,0.9995884773662552,0.0525886750422088,0.021931180914684913,0.020624242737251774,0.487636612741182,693,,,False,,
vowel,tabpfn_client,icl,covariate_shift,0.1,2719734998,test_only,True,low,True,ok,,0.9494949494949495,0.9978550941513905,0.16732001472077668,0.0697778658721456,0.04881807318763623,0.4609765509780582,693,,,False,,
vowel,tabpfn_client,icl,covariate_shift,0.2,13630028,test_only,True,low,True,ok,,0.8114478114478114,0.9868811572515276,0.6001663126953346,0.2502887926356074,0.15068849318559488,0.3619012403274052,693,,,True,ece,
vowel,tabpfn_client,icl,covariate_shift,0.3,3200330117,test_only,True,low,True,ok,,0.5925925925925926,0.955480733258511,1.122052679935194,0.4679323124173584,0.15918457638829459,0.2510905365265013,693,,,True,ece,
vowel,tabpfn_client,icl,covariate_shift,0.4,2144111539,test_only,True,low,True,ok,,0.48148148148148145,0.9352038907594463,1.455349100027782,0.6069277155417107,0.1640821167909172,0.18464884596733172,693,,,True,ece,
vowel,tabpfn_client,icl,label_noise,0.0,2906021028,train_only,True,low,True,ok,,0.9932659932659933,0.999950118468637,0.020048489067990703,0.008360869340467023,0.010102626374198329,0.4944436543769421,693,,,False,,
vowel,tabpfn_client,icl,label_noise,0.05,288938262,train_only,True,low,True,ok,,0.9865319865319865,0.9996632996632997,0.09656265299360148,0.040269754100191284,0.05642152997929308,0.47449672063603676,693,,,False,,
vowel,tabpfn_client,icl,label_noise,0.1,1680507757,train_only,True,low,True,ok,,0.9797979797979798,0.9993764808579624,0.14860131455065198,0.06197156157584505,0.09916386349445999,0.45832722409833826,693,,,False,,
vowel,tabpfn_client,icl,label_noise,0.2,2289893717,train_only,True,low,True,ok,,0.9797979797979798,0.9995884773662552,0.26947314685980733,0.11237903085956258,0.1942877050926803,0.4242544137714815,693,,,True,ece,
vowel,tabpfn_client,icl,label_noise,0.3,80705853,train_only,True,low,True,ok,,0.9629629629629629,0.997119341563786,0.4407306482406911,0.18379895620977368,0.2793034897414852,0.38243582918054037,693,,,True,ece,
vowel,tabpfn_client,icl,label_noise,0.4,210594086,train_only,True,low,True,ok,,0.9090909090909091,0.9920314253647589,0.7613359782448298,0.31750176368475935,0.3813111217304559,0.31206188178978295,693,,,True,ece,
wall-robot-navigation,tabpfn_client,icl,covariate_shift,0.0,1420071152,test_only,True,low,True,ok,,0.9712889431887599,0.9988386702110603,0.07044326251909058,0.05081407275016569,0.007934860219093943,0.4784556821833166,999,,,False,,
wall-robot-navigation,tabpfn_client,icl,covariate_shift,0.05,1966940115,test_only,True,low,True,ok,,0.4752596212583995,0.8697954757274509,2.232316370012734,1.610275878356312,0.4670647081257019,-0.20077834543866627,999,,,True,ece;nll,
wall-robot-navigation,tabpfn_client,icl,covariate_shift,0.1,1004200187,test_only,True,low,True,ok,,0.274282223579719,0.7173788208943195,3.430796611179309,2.4747966286235252,0.533507399152044,-0.5569155475674967,999,,,True,ece;nll,
wall-robot-navigation,tabpfn_client,icl,covariate_shift,0.2,3542476464,test_only,True,low,True,ok,,0.05986560781918143,0.5658676338529465,4.307048906402844,3.1068790490668086,0.8403820803560592,-0.8931066177698459,999,,,True,ece;nll,
wall-robot-navigation,tabpfn_client,icl,covariate_shift,0.3,2084202021,test_only,True,low,True,ok,,0.05986560781918143,0.5377164758728497,4.6878866064004665,3.3815953796518725,0.9038306047481613,-0.9980641271168194,999,,,True,ece;nll,
wall-robot-navigation,tabpfn_client,icl,covariate_shift,0.4,4031811268,test_only,True,low,True,ok,,0.05986560781918143,0.4543323210588142,3.8172733951548765,2.7535806984536584,0.8662621765920782,-0.8313304913110509,999,,,True,ece;nll,
wall-robot-navigation,tabpfn_client,icl,label_noise,0.0,3575824225,train_only,True,low,True,ok,,0.9712889431887599,0.9988386702110603,0.07044326251909058,0.05081407275016569,0.007934860219093943,0.4784556821833166,999,,,False,,
wall-robot-navigation,tabpfn_client,icl,label_noise,0.05,2245426873,train_only,True,low,True,ok,,0.9773976786805131,0.9988546355273529,0.09956735413149825,0.07182266401997389,0.036263539655579616,0.46740926709954234,1000,,,False,,
wall-robot-navigation,tabpfn_client,icl,label_noise,0.1,684414463,train_only,True,low,True,ok,,0.954184483811851,0.9950945627144265,0.2005455942067171,0.1446630671170806,0.07841988391169187,0.4323278726043644,1000,,,False,,
wall-robot-navigation,tabpfn_client,icl,label_noise,0.2,1583008180,train_only,True,low,True,ok,,0.9602932193036041,0.9967517781008443,0.30067189571160446,0.21688892643890767,0.19046052369183233,0.3897483225607973,1000,,,True,ece,
wall-robot-navigation,tabpfn_client,icl,label_noise,0.3,2817189446,train_only,True,low,True,ok,,0.9266951740989615,0.9892084285761481,0.4313905057320614,0.31118247165311347,0.22851850822560357,0.3461687829754413,1000,,,True,ece,
wall-robot-navigation,tabpfn_client,icl,label_noise,0.4,3046002576,train_only,True,low,True,ok,,0.9285277947464875,0.9912078325639735,0.6512080162408335,0.469747287808895,0.38700261363202426,0.26787720154029043,1000,,,True,ece,
wdbc,tabpfn_client,icl,covariate_shift,0.0,1415472119,test_only,True,low,True,ok,,0.9824561403508771,0.9988317757009346,0.04920374558068517,0.07098599974241675,0.01386079329503603,0.4728915839662265,398,,,False,,
wdbc,tabpfn_client,icl,covariate_shift,0.05,1286153647,test_only,True,low,True,ok,,0.9532163742690059,0.9995619158878505,0.10421844470945785,0.15035543335149545,0.024672192364758823,0.4427880582226981,398,,,False,,
wdbc,tabpfn_client,icl,covariate_shift,0.1,1148475252,test_only,True,low,True,ok,,0.7894736842105263,0.999123831775701,0.5151110003584037,0.7431480857244221,0.12416237294515063,0.22033749344671746,398,,,True,ece,
wdbc,tabpfn_client,icl,covariate_shift,0.2,1506864523,test_only,True,low,True,ok,,0.4502923976608187,0.9986857476635514,1.8692332055556253,2.696733475920081,0.46510486058629885,-0.4849571435619184,398,,,True,ece;nll,
wdbc,tabpfn_client,icl,covariate_shift,0.3,872579007,test_only,True,low,True,ok,,0.3742690058479532,0.9896320093457944,3.635604873445102,5.245069121550996,0.6078626265452952,-1.2925817076261366,398,,,True,ece;nll,
wdbc,tabpfn_client,icl,covariate_shift,0.4,1463416558,test_only,True,low,True,ok,,0.3742690058479532,0.8700350467289719,5.054160160829028,7.291611799886605,0.62205543158021,-1.9512420090496898,398,,,True,ece;nll,
wdbc,tabpfn_client,icl,label_noise,0.0,1753064988,train_only,True,low,True,ok,,0.9824561403508771,0.9988317757009346,0.04920374558068517,0.07098599974241675,0.01386079329503603,0.4728915839662265,398,,,False,,
wdbc,tabpfn_client,icl,label_noise,0.05,1997386101,train_only,True,low,True,ok,,0.9824561403508771,0.9976635514018691,0.10016636401237682,0.14450951662453476,0.059849649631701335,0.44122787912958505,398,,,False,,
wdbc,tabpfn_client,icl,label_noise,0.1,2557375358,train_only,True,low,True,ok,,0.9707602339181286,0.9970794392523364,0.14334545707007582,0.2068037800489602,0.08532321686832627,0.4154860614376837,398,,,False,,
wdbc,tabpfn_client,icl,label_noise,0.2,4050278400,train_only,True,low,True,ok,,0.9298245614035088,0.984375,0.3064572176491579,0.4421243081470698,0.18958828625741755,0.31344998451492184,398,,,True,ece,
wdbc,tabpfn_client,icl,label_noise,0.3,2179932803,train_only,True,low,True,ok,,0.9064327485380117,0.976927570093458,0.43449927513771325,0.6268499495110282,0.26637251233464,0.23656007449317557,398,,,True,ece,
wdbc,tabpfn_client,icl,label_noise,0.4,2088769758,train_only,True,low,True,ok,,0.8771929824561403,0.9477219626168225,0.5818180519489313,0.8393860182464006,0.3102516274033892,0.14941550332971087,398,,,True,ece;nll,
