dataset_id,model,family,shift_axis,shift_lambda,variant_seed,split_policy,clean_split_passed,leakage_risk_level,applicable,status,error_message,accuracy,auc,nll,nll_norm,ece,brier,ece_adaptive,ece_classwise,calib_slope,calib_intercept,utility,n_train,best_gbdt,reference_utility,failed,failure_reason,metric_notes,base_seed
GesturePhaseSegmentation,tabpfn,icl,covariate_shift,0.0,3769533927,test_only,True,low,True,ok,,0.7937204591492235,0.955402010854404,0.5704125230308206,0.354417227669338,0.0472230328656916,0.2883767676214803,0.0471512000789584,0.0246317231707773,1.2377448188225988,0.2257163857456642,0.3376789977974851,6911,,,False,,,42
GesturePhaseSegmentation,tabpfn,icl,covariate_shift,0.05,576091290,test_only,True,low,True,ok,,0.438217420661715,0.8072327216793835,1.3836219971483767,0.8596926830534262,0.1755237128961004,0.7072329451404822,0.1771205523531168,0.1042664015782092,0.9820305176616696,-0.816744369521406,0.0552515181917935,6911,,,True,ece;nll,,42
GesturePhaseSegmentation,tabpfn,icl,covariate_shift,0.1,1248011282,test_only,True,low,True,ok,,0.3733963538149898,0.7248087702711702,1.8983267851250727,1.1794967488084451,0.2668913806813195,0.8484353627877331,0.2668913806813195,0.1284276995478879,0.6565012853464385,-0.987020104923108,-0.0975347781116394,6911,,,True,ece;nll,,42
GesturePhaseSegmentation,tabpfn,icl,covariate_shift,0.2,1130171545,test_only,True,low,True,ok,,0.3274814314652262,0.6247833573168672,2.9054903720314176,1.805282670169723,0.3968507769095337,1.01769225151446,0.3968507769095337,0.1688168014385429,-0.0725396949921757,-0.6378087113915051,-0.3531585666521362,6911,,,True,ece;nll,,42
GesturePhaseSegmentation,tabpfn,icl,covariate_shift,0.3,895557003,test_only,True,low,True,ok,,0.3072248480756245,0.5837910564017946,3.411786029012371,2.1198618490677994,0.4517569805878196,1.0811183802779163,0.4517569805878197,0.187275813239133,-0.2689447444529661,-0.4592928464213273,-0.4758993538859319,6911,,,True,ece;nll,,42
GesturePhaseSegmentation,tabpfn,icl,covariate_shift,0.4,1723381249,test_only,True,low,True,ok,,0.300135043889264,0.5565183504176934,3.919079734457679,2.435061150343163,0.4429287142752683,1.0781301036314035,0.4429287142752684,0.1863972599787942,-0.3742849416979281,-0.4172438437158257,-0.5793024087284203,6911,,,True,ece;nll,,42
GesturePhaseSegmentation,tabpfn,icl,label_noise,0.0,21559019,train_only,True,low,True,ok,,0.7937204591492235,0.955402010854404,0.5704125230308206,0.354417227669338,0.0472230328656916,0.2883767676214803,0.0471512000789584,0.0246317231707773,1.2377448188225988,0.2257163857456642,0.3376789977974851,6911,,,False,,,42
GesturePhaseSegmentation,tabpfn,icl,label_noise,0.05,1868621072,train_only,True,low,True,ok,,0.7646860229574611,0.9427407204884292,0.6641963521623852,0.4126883970055485,0.0772826186629282,0.3338077180174423,0.0755768753289931,0.0360743193684801,1.4309505256376698,0.3245542490665708,0.3053991127803191,6911,,,False,,,42
GesturePhaseSegmentation,tabpfn,icl,label_noise,0.1,4024946937,train_only,True,low,True,ok,,0.7407157326130993,0.9351847761201656,0.7359336586946362,0.4572612916652475,0.111707030497316,0.369545690143251,0.1101730580063423,0.0507111175078117,1.6296314150104887,0.5116472239375152,0.2789022379349853,6911,,,True,ece,,42
GesturePhaseSegmentation,tabpfn,icl,label_noise,0.2,948246684,train_only,True,low,True,ok,,0.7015530047265361,0.9084140246695412,0.8951552339382423,0.5561912186997118,0.163359370015987,0.4472869934031772,0.163359370015987,0.0673244747243707,1.774698417741919,0.8661026567701108,0.2236486197302089,6911,,,True,ece,,42
GesturePhaseSegmentation,tabpfn,icl,label_noise,0.3,1420310000,train_only,True,low,True,ok,,0.6596893990546928,0.8834202493985011,1.0383248448810043,0.6451474995457579,0.1980124352170251,0.5187354237428256,0.1980124352170251,0.0848246862645001,2.0203229364998894,1.1848798799769882,0.1750037602405468,6911,,,True,ece,,42
GesturePhaseSegmentation,tabpfn,icl,label_noise,0.4,2189272610,train_only,True,low,True,ok,,0.6218771100607697,0.8615935872489027,1.1897333721250394,0.7392229069126977,0.2463941545928895,0.597850144299244,0.2463941545928895,0.1087918224623593,2.5873448956446103,2.02154770056462,0.1237936190538441,6911,,,True,ece,,42
MiceProtein,tabpfn,icl,covariate_shift,0.0,1840962595,test_only,True,low,True,ok,,1.0,1.0,0.0013673566356488,0.0006575595457924,0.0012346408650165,0.0004369738772682,0.0012346408650167,0.0003086602162541,,,0.4995558039632589,756,,,False,,,42
MiceProtein,tabpfn,icl,covariate_shift,0.05,2751999018,test_only,True,low,True,ok,,1.0,1.0,0.002332317972661,0.0011216078576447,0.0020119017387813,0.0008352861734622,0.0020119017387814,0.0005029754346953,,,0.4992611372949502,756,,,False,,,42
MiceProtein,tabpfn,icl,covariate_shift,0.1,3829923467,test_only,True,low,True,ok,,1.0,1.0,0.0115837389319011,0.005570600904002,0.0103813347699712,0.0034857871722189,0.0103813347699713,0.0025953336924928,,,0.4962525527748051,756,,,False,,,42
MiceProtein,tabpfn,icl,covariate_shift,0.2,192904173,test_only,True,low,True,ok,,0.9753086419753086,0.9997463887767064,0.0999016874535274,0.0480425563552143,0.0543675029824672,0.0397952722652953,0.0498040583757937,0.0185203001276599,2.084333471712145,0.1411033476239679,0.4709212648650857,756,,,False,,,42
MiceProtein,tabpfn,icl,covariate_shift,0.3,4159115833,test_only,True,low,True,ok,,0.9351851851851852,0.9963408706929504,0.3601236592483078,0.1731828724347735,0.1773108396890406,0.1685132012976384,0.1754791182660646,0.0522473484245077,1.576433745401056,1.3588896165862538,0.4015800528520701,756,,,True,ece,,42
MiceProtein,tabpfn,icl,covariate_shift,0.4,1313214229,test_only,True,low,True,ok,,0.8055555555555556,0.990477294300415,0.5967793661153008,0.2869902106664678,0.1679567177119529,0.309875492756385,0.1663762259983849,0.0743816422037988,1.5622614818261211,0.8242578878879099,0.3478119795961476,756,,,True,ece,,42
MiceProtein,tabpfn,icl,label_noise,0.0,1806994671,train_only,True,low,True,ok,,1.0,1.0,0.0013673566356488,0.0006575595457924,0.0012346408650165,0.0004369738772682,0.0012346408650167,0.0003086602162541,,,0.4995558039632589,756,,,False,,,42
MiceProtein,tabpfn,icl,label_noise,0.05,180589592,train_only,True,low,True,ok,,0.9969135802469136,1.0,0.0450377870781175,0.0216585973567377,0.0419926712550782,0.0057376335822007,0.0387826328941087,0.0105894259414467,6.44528278281712,-3.767741048760236,0.484640923579,756,,,False,,,42
MiceProtein,tabpfn,icl,label_noise,0.1,2534801200,train_only,True,low,True,ok,,0.9938271604938272,0.9999601752289924,0.1134579465696118,0.0545617389551413,0.0889072896236128,0.0255982645163398,0.0889072896236129,0.0231850268377154,5.038932090531633,0.5827113243912057,0.4649101557929563,756,,,False,,,42
MiceProtein,tabpfn,icl,label_noise,0.2,3311274085,train_only,True,low,True,ok,,0.9938271604938272,0.9999800876144962,0.2107407167511622,0.1013448623234291,0.1763417766602195,0.0512897796756557,0.1763417766602195,0.0456717587872433,4.076415750856083,1.8847998580243948,0.433395290710075,756,,,True,ece,,42
MiceProtein,tabpfn,icl,label_noise,0.3,2581586098,train_only,True,low,True,ok,,0.9691358024691358,0.999893106773857,0.3701364996826576,0.1779980308480565,0.2680853988590073,0.1235775109562749,0.2595816805883031,0.0728102061131885,10.945620651288785,1.2428785114532068,0.3883164687150019,756,,,True,ece,,42
MiceProtein,tabpfn,icl,label_noise,0.4,3498261245,train_only,True,low,True,ok,,0.9814814814814816,0.9992663406672652,0.5855323732443837,0.2815815503865393,0.4008122308615361,0.2326272435231879,0.4008122308615361,0.1028930391974216,1.8498264436777168,3.889462902386697,0.332328530167496,756,,,True,ece,,42
PhishingWebsites,tabpfn,icl,covariate_shift,0.0,244430498,test_only,False,high,True,ok,,0.9804039794995478,0.9985223325930264,0.0494006785076068,0.0712701138994743,0.0058877894653939,0.0301551953628694,0.0023202971757377,0.0067631680409915,1.0174375172653212,0.121228350204958,0.4739848212695702,7738,,,False,,,42
PhishingWebsites,tabpfn,icl,covariate_shift,0.05,2225126729,test_only,False,high,True,ok,,0.9788965933072054,0.9984961824469908,0.0495785884091939,0.0715267836322191,0.0058398776558567,0.0302570003556763,0.0018712952350061,0.0057754239949709,1.1194910422771218,-0.0895165054782293,0.4736821422316903,7738,,,False,,,42
PhishingWebsites,tabpfn,icl,covariate_shift,0.1,3147618039,test_only,False,high,True,ok,,0.9807054567380162,0.998542589748406,0.0488437084366107,0.0704665759401246,0.0035725478909819,0.0298000739321328,0.0025841833954925,0.00580142140864,1.0275073235991508,0.1274067836451959,0.4747412425624107,7738,,,False,,,42
PhishingWebsites,tabpfn,icl,covariate_shift,0.2,2063309081,test_only,False,high,True,ok,,0.9798010250226108,0.9985064951806384,0.0495435407450161,0.0714762205409151,0.0054232925676335,0.0302769862371318,0.0020303369501773,0.0057830121706121,1.0617539264213651,0.0425603937489131,0.4739199023908138,7738,,,False,,,42
PhishingWebsites,tabpfn,icl,covariate_shift,0.3,2757184592,test_only,False,high,True,ok,,0.9791980705456738,0.9985031803733948,0.0497197738998364,0.0717304712394145,0.0050585646947928,0.030361525491442,0.0015220524923646,0.006535750306795,1.0683250301563707,-0.0027322402041436,0.4738249694017562,7738,,,False,,,42
PhishingWebsites,tabpfn,icl,covariate_shift,0.4,712995845,test_only,False,high,True,ok,,0.9794995477841424,0.9984994972542348,0.0496122704590321,0.0715753765584877,0.0057731456582566,0.0302909590002332,0.0017023549166197,0.0066630143871441,1.0600656314387114,0.0173142747551221,0.4737725141074058,7738,,,False,,,42
PhishingWebsites,tabpfn,icl,label_noise,0.0,3617682713,train_only,False,high,True,ok,,0.9804039794995478,0.9985223325930264,0.0494006785076068,0.0712701138994743,0.0058877894653939,0.0301551953628694,0.0023202971757377,0.0067631680409915,1.0174375172653212,0.121228350204958,0.4739848212695702,7738,,,False,,,42
PhishingWebsites,tabpfn,icl,label_noise,0.05,2717091300,train_only,False,high,True,ok,,0.9734700030147724,0.997742247954948,0.0917846051323908,0.132417194654452,0.0413017539533433,0.0394944572566981,0.0372145325002589,0.0419881783752228,2.149963948874209,-0.6726149298921518,0.4472447780494434,7738,,,False,,,42
PhishingWebsites,tabpfn,icl,label_noise,0.1,2527007331,train_only,False,high,True,ok,,0.969550798914682,0.9968792931357708,0.1394019056745562,0.2011144380071533,0.0810272114819848,0.0547077282229778,0.0764966679054105,0.0820654219570707,2.6780316531690738,-0.7680885478580876,0.4178005987361791,7738,,,False,,,42
PhishingWebsites,tabpfn,icl,label_noise,0.2,218607294,train_only,False,high,True,ok,,0.9644256858607176,0.9932120113882044,0.2544036636251343,0.3670269038959652,0.1685107551532267,0.1131849630551584,0.1685107551532267,0.1695196814346076,3.409892606528564,-0.3743545900073522,0.3484778346655443,7738,,,True,ece,,42
PhishingWebsites,tabpfn,icl,label_noise,0.3,234636267,train_only,False,high,True,ok,,0.9454326198372024,0.987948097484798,0.3877231372120663,0.5593662472937592,0.2527743257484126,0.211626237657736,0.250144356149692,0.2516415327938483,6.2150395729549,-1.2413885671105525,0.2692319877574493,7738,,,True,ece,,42
PhishingWebsites,tabpfn,icl,label_noise,0.4,1195819797,train_only,False,high,True,ok,,0.9213144407597228,0.984231093628572,0.5349369015204044,0.7717508150119953,0.3330890013186199,0.3441671766504993,0.3330890013186198,0.331384929861,12.46687212838955,-1.1791754432204815,0.184535004116636,7738,,,True,ece;nll,,42
analcatdata_authorship,tabpfn,icl,covariate_shift,0.0,99980782,test_only,True,low,True,ok,,1.0,1.0,0.0012601092282877,0.0009089766673145,0.0011986457348375,0.0002263445991892,0.0011986457348376,0.0005993228674189,,,0.4994875778528381,588,,,False,,,42
analcatdata_authorship,tabpfn,icl,covariate_shift,0.05,636561137,test_only,True,low,True,ok,,0.9960474308300395,1.0,0.0053521901414831,0.0038607890875062,0.0040423455342617,0.0031600459098171,0.0008013699282941,0.0020214272565589,7.933106855873309,-7.234997477873762,0.4974404087914017,588,,,False,,,42
analcatdata_authorship,tabpfn,icl,covariate_shift,0.1,703370884,test_only,True,low,True,ok,,0.9920948616600792,1.0,0.0186193984239115,0.0134310568852564,0.0092158436523034,0.0100508757931932,0.001439230853866,0.0063530780025245,2.701135903118357,-2.593437149192686,0.4929417434529742,588,,,False,,,42
analcatdata_authorship,tabpfn,icl,covariate_shift,0.2,2894873727,test_only,True,low,True,ok,,0.8616600790513834,0.997035862015612,0.3666329271647158,0.26446975292357,0.06225278206085,0.214289573516496,0.0532921284273669,0.0824996233819154,0.5367013025175559,0.1149794149387966,0.3864200812739305,588,,,False,,,42
analcatdata_authorship,tabpfn,icl,covariate_shift,0.3,759147327,test_only,True,low,True,ok,,0.616600790513834,0.986742280700412,0.9637074795359504,0.6951680007970589,0.2551230096136261,0.5745777356688717,0.2584588873267266,0.1864036959062607,0.4818679612745337,-0.7794292836113994,0.1782749146603764,588,,,True,ece,,42
analcatdata_authorship,tabpfn,icl,covariate_shift,0.4,885557397,test_only,True,low,True,ok,,0.4743083003952569,0.9365414853733058,1.4605013527028132,1.0535290293779858,0.3778554910775589,0.7787859814212349,0.3744125822764393,0.2239340128772778,0.7749571453273657,-1.9307647661756,0.007305957911038,588,,,True,ece;nll,,42
analcatdata_authorship,tabpfn,icl,label_noise,0.0,1839906189,train_only,True,low,True,ok,,1.0,1.0,0.0012601092282877,0.0009089766673145,0.0011986457348375,0.0002263445991892,0.0011986457348376,0.0005993228674189,,,0.4994875778528381,588,,,False,,,42
analcatdata_authorship,tabpfn,icl,label_noise,0.05,1402218481,train_only,True,low,True,ok,,1.0,1.0,0.0370163454004375,0.0267016489705221,0.035920236971376,0.003051380234878,0.035920236971376,0.017960118485688,,,0.4848054579145682,588,,,False,,,42
analcatdata_authorship,tabpfn,icl,label_noise,0.1,2972687607,train_only,True,low,True,ok,,1.0,1.0,0.0831124597244339,0.0599529667402623,0.0794718062947856,0.0092561986562867,0.0794718062947856,0.0397359031473928,,,0.4661197487189641,588,,,False,,,42
analcatdata_authorship,tabpfn,icl,label_noise,0.2,1146108378,train_only,True,low,True,ok,,1.0,1.0,0.1895700283540607,0.1367458699037917,0.1722941990894009,0.0412164565862523,0.172294199089401,0.0861470995447005,,,0.4245173992109823,588,,,True,ece,,42
analcatdata_authorship,tabpfn,icl,label_noise,0.3,713224853,train_only,True,low,True,ok,,0.9960474308300395,1.0,0.332008327584879,0.2394933838702717,0.277122032269999,0.1089338739137279,0.2760967359398886,0.1405447794440009,42.22467574135421,-11.783866605018574,0.3721346930094246,588,,,True,ece,,42
analcatdata_authorship,tabpfn,icl,label_noise,0.4,1975910066,train_only,True,low,True,ok,,0.9960474308300395,0.9998995942049412,0.5136138679621859,0.3704940901204222,0.3921316435523492,0.2223647344175026,0.3921316435523494,0.1975591313115769,3.9551099972077424,4.508899701991794,0.3097974168496388,588,,,True,ece,,42
breast-w,tabpfn,icl,covariate_shift,0.0,3826421487,test_only,False,high,True,ok,,0.9714285714285714,0.99597423510467,0.0762447979967219,0.1099979919634515,0.0266315536694662,0.0464663973978396,0.0206989622149546,0.0347690041370643,0.9630723506610556,0.1438255922859977,0.4559795596779913,489,,,False,,,42
breast-w,tabpfn,icl,covariate_shift,0.05,999118941,test_only,False,low,True,ok,,0.9714285714285714,0.99597423510467,0.1320457873795695,0.1905018026227835,0.0424173913858545,0.0597077564848602,0.0526567646063638,0.0784845393129129,0.7847401596182032,1.4058920654111855,0.4286712489369142,489,,,False,,,42
breast-w,tabpfn,icl,covariate_shift,0.1,2352483183,test_only,False,low,True,ok,,0.961904761904762,0.9960748792270532,0.1702997627873303,0.2456906232378483,0.06612579624204,0.0790857140278219,0.0670475780649177,0.1044914146555565,0.666539777801808,1.5657130287259822,0.4059795757954204,489,,,False,,,42
breast-w,tabpfn,icl,covariate_shift,0.2,992300627,test_only,False,low,True,ok,,0.7047619047619048,0.9954710144927535,0.5597247436952293,0.8075121119919534,0.0717264972309029,0.3732406015812687,0.1008656118216476,0.3261135668936483,0.4657110888024752,0.0191786994413617,0.1975302077429828,489,,,True,nll,,42
breast-w,tabpfn,icl,covariate_shift,0.3,2354626838,test_only,False,low,True,ok,,0.3523809523809524,0.9950684380032206,1.2975296238439176,1.871939553726142,0.5446167541210215,0.9154820829689034,0.5366651188087919,0.5446167541210215,1.376587586549647,-6.045481387738483,-0.2693741207837767,489,,,True,ece;nll,,42
breast-w,tabpfn,icl,covariate_shift,0.4,1968129939,test_only,False,low,True,ok,,0.3428571428571428,0.9912439613526568,2.0027934878895257,2.889420232902929,0.6169982452254459,1.162820550392229,0.6173609231923276,0.6169982452254459,2.1187735454103764,-11.34031331786741,-0.5918617610139665,489,,,True,ece;nll,,42
breast-w,tabpfn,icl,label_noise,0.0,2144635367,train_only,False,high,True,ok,,0.9714285714285714,0.99597423510467,0.0762447979967219,0.1099979919634515,0.0266315536694662,0.0464663973978396,0.0206989622149546,0.0347690041370643,0.9630723506610556,0.1438255922859977,0.4559795596779913,489,,,False,,,42
breast-w,tabpfn,icl,label_noise,0.05,609278436,train_only,False,high,True,ok,,0.9714285714285714,0.9952697262479872,0.1090989087271253,0.1573964545870214,0.0520224515099598,0.0464700926874847,0.0512768937225448,0.061725064605954,2.1068161177553577,-1.06942428146669,0.4364352632229827,489,,,False,,,42
breast-w,tabpfn,icl,label_noise,0.1,813760628,train_only,False,high,True,ok,,0.9523809523809524,0.9957729468599034,0.1499321840883992,0.2163064184539847,0.0895794588759018,0.0654382411019787,0.0865699675685071,0.1001970076748408,3.42153501160972,-1.5803310947893845,0.4085698569467332,489,,,False,,,42
breast-w,tabpfn,icl,label_noise,0.2,770577942,train_only,False,high,True,ok,,0.9809523809523808,0.9923510466988728,0.2759901949151045,0.3981696855379998,0.2037652623076289,0.1277875407369115,0.2037652623076289,0.2037652623076288,1.5442845366257762,2.165705437236958,0.3342617653645369,489,,,True,ece,,42
breast-w,tabpfn,icl,label_noise,0.3,3341230416,train_only,False,high,True,ok,,0.9476190476190476,0.9939613526570048,0.3839096689631613,0.5538645755624765,0.2608483176855871,0.2081247369067901,0.2605835308952773,0.2689044772434106,8.167553717885973,-1.4925814166842226,0.2717002943669483,489,,,True,ece,,42
breast-w,tabpfn,icl,label_noise,0.4,3784559266,train_only,False,high,True,ok,,0.923809523809524,0.980877616747182,0.5804131065945213,0.8373591105508732,0.3594644763201605,0.3884513239909358,0.3594644763201606,0.3304161096104584,14.42415621474605,0.262108930459876,0.1587779660036481,489,,,True,ece;nll,,42
car,tabpfn,icl,covariate_shift,0.0,753924289,test_only,True,low,True,ok,,0.9942196531791908,1.0,0.020454408464139,0.0147547368277653,0.0106417710117486,0.0092061863747133,0.0104392676975864,0.0081481484397568,3.1747151016404294,-0.3293156016306015,0.4925781727261992,1209,,,False,,,42
car,tabpfn,icl,covariate_shift,0.05,721500663,test_only,True,low,True,ok,,0.9903660886319846,0.9999730951356004,0.0239037857174528,0.0172429365565207,0.0147465691259708,0.0112925532891117,0.008419876690085,0.0088637165136221,5.658528491691353,-2.183374410166772,0.4904233018001074,1209,,,False,,,42
car,tabpfn,icl,covariate_shift,0.1,3859582947,test_only,True,low,True,ok,,0.9922928709055876,1.0,0.0230931076894357,0.0166581559711318,0.0136866067469491,0.0106803155610628,0.010498436297325,0.0091205537085123,5.2682901801719,-1.1576194895475758,0.4911091624951087,1209,,,False,,,42
car,tabpfn,icl,covariate_shift,0.2,1810657330,test_only,True,low,True,ok,,0.9903660886319846,0.9999384280454536,0.0253903947409824,0.0183152982895142,0.0133035564535494,0.0130969540855958,0.0073254142055039,0.0089668160196248,3.023585979372058,-1.36717177776085,0.4903780623331423,1209,,,False,,,42
car,tabpfn,icl,covariate_shift,0.3,2876542023,test_only,True,low,True,ok,,0.9961464354527938,1.0,0.0191181372943805,0.0137908209328186,0.0123055593249748,0.0079348538489984,0.0121503520311576,0.0081358248921037,6.50848033326942,-0.5885107171583814,0.4928236071730785,1209,,,False,,,42
car,tabpfn,icl,covariate_shift,0.4,1149131185,test_only,True,low,True,ok,,0.9922928709055876,0.9999838570813604,0.0226868311813114,0.0163650894193815,0.0141592341987443,0.0106947157478539,0.0095965844776521,0.0087715509662445,3.066183082352146,-0.5909032725845714,0.4910969069487509,1209,,,False,,,42
car,tabpfn,icl,label_noise,0.0,1378653968,train_only,True,low,True,ok,,0.9942196531791908,1.0,0.020454408464139,0.0147547368277653,0.0106417710117486,0.0092061863747133,0.0104392676975864,0.0081481484397568,3.1747151016404294,-0.3293156016306015,0.4925781727261992,1209,,,False,,,42
car,tabpfn,icl,label_noise,0.05,2251075837,train_only,True,low,True,ok,,0.9865125240847784,0.9983023984596308,0.0952442338756131,0.0687041919428078,0.0499205914174366,0.0326225414503501,0.0498297347802465,0.0275461967379642,1.3579731338083252,0.9392165452061004,0.4667873422072578,1209,,,False,,,42
car,tabpfn,icl,label_noise,0.1,719645287,train_only,True,low,True,ok,,0.9730250481695568,0.9977115690003152,0.1551597185955472,0.1119240782817615,0.0800527280452363,0.0557299262477857,0.078410496703681,0.04496463799539,1.7365426007743023,0.3882571951650007,0.4455650372819681,1209,,,False,,,42
car,tabpfn,icl,label_noise,0.2,68887170,train_only,True,low,True,ok,,0.9614643545279384,0.9968924701005468,0.2728899810215925,0.1968485111640674,0.1670911918856197,0.0972221622804778,0.1670911918856197,0.0923421788607769,2.735480404681917,0.497112262459545,0.4006592259880379,1209,,,True,ece,,42
car,tabpfn,icl,label_noise,0.3,2650549459,train_only,True,low,True,ok,,0.9325626204238922,0.9872636770090896,0.4453982595056827,0.321286930104712,0.2574661567147137,0.1898904056933673,0.2549631117012818,0.1331073114908876,2.897899054974406,1.2132759353066462,0.3375473696424088,1209,,,True,ece,,42
car,tabpfn,icl,label_noise,0.4,286087698,train_only,True,low,True,ok,,0.8709055876685935,0.9764526242837166,0.6248787221394269,0.4507547167937918,0.3263772638387599,0.2957920844773723,0.320555186496095,0.1712310487402576,6.642610488760714,2.354554467030065,0.2718923888437002,1209,,,True,ece,,42
churn,tabpfn,icl,covariate_shift,0.0,1230650370,test_only,True,low,True,ok,,0.9753333333333334,0.9254109047228408,0.1164352666314694,0.1679805817538052,0.0122894889794003,0.0482910136876591,0.0209600692933555,0.0159364213491838,0.5055598762899903,1.6730945133400912,0.4173417443309725,3500,,,False,,,42
churn,tabpfn,icl,covariate_shift,0.05,744225428,test_only,True,low,True,ok,,0.9493333333333334,0.9146365580686746,0.1650943114517431,0.2381807444104078,0.012892826880151,0.081736906899983,0.0133902887011203,0.0208801110812725,0.8644215899230611,0.2359440332071185,0.3884900066248835,3500,,,False,,,42
churn,tabpfn,icl,covariate_shift,0.1,3492426655,test_only,True,low,True,ok,,0.9166666666666666,0.8852652935661548,0.2305343758490426,0.3325908007918462,0.0297659829945174,0.125101692980198,0.0308231099222237,0.0412820995810428,0.9444626927208414,-0.464063971381653,0.3416124159116968,3500,,,False,,,42
churn,tabpfn,icl,covariate_shift,0.2,1119641414,test_only,True,low,True,ok,,0.8026666666666666,0.7792943572014531,0.5593428369647883,0.806961137045864,0.1331931064859159,0.3153176122347004,0.1328210168663085,0.1437482705682958,0.7537947151627581,-0.9550417224559168,0.1244260626095662,3500,,,True,ece;nll,,42
churn,tabpfn,icl,covariate_shift,0.3,2078396232,test_only,True,low,True,ok,,0.69,0.7203027950310559,0.8232028569404414,1.1876306793536016,0.2173031633489485,0.4969348012406087,0.2173031633489485,0.2648783941334972,0.592928857958768,-0.8651176131536505,-0.0441438582150006,3500,,,True,ece;nll,,42
churn,tabpfn,icl,covariate_shift,0.4,2263623152,test_only,True,low,True,ok,,0.5486666666666666,0.6840281846947146,1.0709470845593694,1.5450500479482956,0.3385418364862315,0.6927411466219454,0.3385418364862316,0.3804323901828054,0.7129986292272519,-1.6478752253295916,-0.2095135170385849,3500,,,True,ece;nll,,42
churn,tabpfn,icl,label_noise,0.0,2928313127,train_only,True,low,True,ok,,0.9753333333333334,0.9254109047228408,0.1164352666314694,0.1679805817538052,0.0122894889794003,0.0482910136876591,0.0209600692933555,0.0159364213491838,0.5055598762899903,1.6730945133400912,0.4173417443309725,3500,,,False,,,42
churn,tabpfn,icl,label_noise,0.05,2807402912,train_only,True,low,True,ok,,0.9673333333333334,0.9148160084378296,0.1416914988490382,0.2044176227256317,0.042459695962773,0.0601299178650936,0.0409676494878862,0.045245134086758,1.231110146175677,0.3780622090148975,0.3954683769429962,3500,,,False,,,42
churn,tabpfn,icl,label_noise,0.1,1487794769,train_only,True,low,True,ok,,0.954,0.9133181471932496,0.1945136578267418,0.2806238895318131,0.0807429993159971,0.0866980445765856,0.0779003555371174,0.0867668177952133,1.733870910986565,-0.0221114007549966,0.3624255847948939,3500,,,False,,,42
churn,tabpfn,icl,label_noise,0.2,252632925,train_only,True,low,True,ok,,0.9433333333333334,0.907370649244111,0.2983361930042379,0.4304081461649068,0.1663390560171826,0.1467747748071656,0.1663390560171826,0.1702320357116428,2.5970062427495733,0.0406665173402447,0.2966894721825303,3500,,,True,ece,,42
churn,tabpfn,icl,label_noise,0.3,2690041309,train_only,True,low,True,ok,,0.9053333333333332,0.8685471112152818,0.432521070790856,0.6239960039099522,0.2240740808203534,0.2523616614815937,0.2255234202805926,0.2313741433882596,4.27939029689854,-0.5955646859741299,0.2077778715882922,3500,,,True,ece,,42
churn,tabpfn,icl,label_noise,0.4,164813029,train_only,True,low,True,ok,,0.86,0.7241957693659908,0.576905302928763,0.8322984195978715,0.277994110449526,0.3850934608619969,0.2779941104495259,0.2766886267106725,7.0447414738612775,-0.3028012369530359,0.0771801713088301,3500,,,True,ece;nll,,42
climate-model-simulation-crashes,tabpfn,icl,covariate_shift,0.0,3470108285,test_only,True,low,True,ok,,0.9567901234567902,0.9652509652509652,0.1216602553555796,0.1755186470747797,0.0331948097280708,0.0718706885542762,0.0304886416833783,0.0366288157216778,0.8661965776008144,0.4804750762212733,0.4220618002883082,378,,,False,,,42
climate-model-simulation-crashes,tabpfn,icl,covariate_shift,0.05,1068792844,test_only,True,low,True,ok,,0.9506172839506172,0.9773166023166024,0.1146064776271508,0.1653421969264424,0.0326433373077171,0.0696469323512594,0.0253655094290486,0.0414976747549879,1.331110935794838,-0.1974055345434369,0.4285220768639272,378,,,False,,,42
climate-model-simulation-crashes,tabpfn,icl,covariate_shift,0.1,4225755354,test_only,True,low,True,ok,,0.9320987654320988,0.9792471042471044,0.1353741305976733,0.1953035868779182,0.0313467775956293,0.083873134555496,0.0366117847461074,0.0619109870274333,2.0474424127119035,-1.3137639478622216,0.4176908697188,378,,,False,,,42
climate-model-simulation-crashes,tabpfn,icl,covariate_shift,0.2,3863493020,test_only,True,low,True,ok,,0.8765432098765432,0.983108108108108,0.2349980099852537,0.3390304636245007,0.0587214874207015,0.1517747647882184,0.0511549235845032,0.1324977055062651,1.4334378438166628,-0.8688679910005705,0.3621158827478288,378,,,False,,,42
climate-model-simulation-crashes,tabpfn,icl,covariate_shift,0.3,2826200940,test_only,True,low,True,ok,,0.7901234567901234,0.977799227799228,0.3925848010102851,0.5663801455459189,0.0968058760820175,0.2631995720419611,0.0937417874199602,0.2145844725385807,1.1137133774461747,-0.8060673482578035,0.2714730293680691,378,,,False,,,42
climate-model-simulation-crashes,tabpfn,icl,covariate_shift,0.4,501694013,test_only,True,low,True,ok,,0.7222222222222222,0.9734555984555984,0.5436470691737869,0.7843169306908416,0.1330278583446677,0.3774402244368978,0.1316486273799463,0.2986995998688018,0.7695587774699219,-0.3778695980102223,0.1871421419166067,378,,,True,ece;nll,,42
climate-model-simulation-crashes,tabpfn,icl,label_noise,0.0,2434761008,train_only,True,low,True,ok,,0.9567901234567902,0.9652509652509652,0.1216602553555796,0.1755186470747797,0.0331948097280708,0.0718706885542762,0.0304886416833783,0.0366288157216778,0.8661965776008144,0.4804750762212733,0.4220618002883082,378,,,False,,,42
climate-model-simulation-crashes,tabpfn,icl,label_noise,0.05,3313725464,train_only,True,low,True,ok,,0.925925925925926,0.9377413127413128,0.1855226546603976,0.2676526138511114,0.0634742388875307,0.1004724407371251,0.0585605460444882,0.0656668118935676,1.8070191953816013,-0.8932076271757733,0.3741077164155088,378,,,False,,,42
climate-model-simulation-crashes,tabpfn,icl,label_noise,0.1,2677674616,train_only,True,low,True,ok,,0.925925925925926,0.9391891891891893,0.2203454643730194,0.3178913087333309,0.0829541474660958,0.119493112216398,0.0859183862057876,0.1004404031509915,2.112593224305772,-0.4010271472589287,0.3556468829918867,378,,,False,,,42
climate-model-simulation-crashes,tabpfn,icl,label_noise,0.2,1682216912,train_only,True,low,True,ok,,0.9135802469135802,0.888996138996139,0.3472522740590657,0.5009791337224294,0.1902602056144962,0.1849191658483225,0.196898457172622,0.1902602056144962,8.097398689341796,-5.7783674516181645,0.2598399044460576,378,,,True,ece,,42
climate-model-simulation-crashes,tabpfn,icl,label_noise,0.3,3934717293,train_only,True,low,True,ok,,0.9135802469135802,0.9387065637065636,0.4410139371388801,0.6362486200731794,0.2501598544585856,0.2585556314666897,0.2751986687950037,0.2501598544585857,42.979701626821466,-29.1752889010706,0.2246777774206633,378,,,True,ece,,42
climate-model-simulation-crashes,tabpfn,icl,label_noise,0.4,2670482163,train_only,True,low,True,ok,,0.9135802469135802,0.5313706563706564,0.5405544033279729,0.7798551570119591,0.3094011597127161,0.3496537376007582,0.3094011597127161,0.3094011597127161,0.8459951609976836,2.001400447631001,0.0271799877206357,378,,,True,ece;nll,,42
cmc,tabpfn,icl,covariate_shift,0.0,2506596946,test_only,False,high,True,ok,,0.6108597285067874,0.7800628029136063,0.8426207970984315,0.7669865026905656,0.0519632815980177,0.4969737362168163,0.0808392129756035,0.0593581231458678,1.3031640555823094,0.1583791316285866,0.124162333169007,1031,,,True,nll,,42
cmc,tabpfn,icl,covariate_shift,0.05,2673370194,test_only,False,low,True,ok,,0.6085972850678733,0.7738690955303046,0.8547265981107922,0.7780056776417551,0.0569246233787716,0.5036842568514381,0.0643175436718428,0.0522990418511547,1.4387050656749232,0.1466683780135324,0.1173571482275067,1031,,,True,nll,,42
cmc,tabpfn,icl,covariate_shift,0.1,34187556,test_only,False,low,True,ok,,0.5995475113122172,0.7687209552924102,0.8658315931380474,0.7881138797270587,0.0480984933679557,0.5103161140538007,0.0696996815302399,0.0529932103420165,1.441253631948629,0.1284863595704027,0.1129305984574673,1031,,,True,nll,,42
cmc,tabpfn,icl,covariate_shift,0.2,3712704359,test_only,False,low,True,ok,,0.5339366515837104,0.7135468896485548,0.9515224362659208,0.8661130465047759,0.0383415515939779,0.5686685790902731,0.0579559395280776,0.0617599894006006,0.9384769264288816,-0.0543894957168469,0.0623296848443223,1031,,,True,nll,,42
cmc,tabpfn,icl,covariate_shift,0.3,3903538602,test_only,False,low,True,ok,,0.4751131221719457,0.6750566892548964,1.0081523573393991,0.9176598220666378,0.1025817033067625,0.60667863375978,0.0948482134721498,0.0923472208316787,0.8421962683117145,-0.3298691767371114,0.0117225222836617,1031,,,True,ece;nll,,42
cmc,tabpfn,icl,covariate_shift,0.4,4162609920,test_only,False,low,True,ok,,0.4457013574660634,0.653350398794266,1.0510931903727825,0.9567462527176566,0.1682437831289203,0.6342099370640223,0.1564072825208414,0.1231889873930538,0.7595816791610159,-0.502604241446517,-0.0251447892431784,1031,,,True,ece;nll,,42
cmc,tabpfn,icl,label_noise,0.0,2616551384,train_only,False,high,True,ok,,0.6108597285067874,0.7800628029136063,0.8426207970984315,0.7669865026905656,0.0519632815980177,0.4969737362168163,0.0808392129756035,0.0593581231458678,1.3031640555823094,0.1583791316285866,0.124162333169007,1031,,,True,nll,,42
cmc,tabpfn,icl,label_noise,0.05,119990209,train_only,False,high,True,ok,,0.6199095022624435,0.7819431520778385,0.8449368000568104,0.7690946194322658,0.0695302811915547,0.4984099545145113,0.092184409361278,0.0657849073115661,1.6257801364727464,0.3094470507380166,0.1220320864986193,1031,,,True,nll,,42
cmc,tabpfn,icl,label_noise,0.1,2933029513,train_only,False,high,True,ok,,0.6244343891402715,0.7751315103457572,0.8595532961942299,0.7823991275723847,0.0948081593318706,0.5074315860126448,0.1079148360009676,0.0639029258998154,1.3828143657918748,0.4218355938080714,0.1112798168539661,1031,,,True,nll,,42
cmc,tabpfn,icl,label_noise,0.2,1450933987,train_only,False,high,True,ok,,0.5859728506787331,0.7722770785779848,0.8968175092101001,0.816318476008808,0.1206267734811965,0.5278199848983839,0.1322255617751251,0.0857717410560148,2.631703202631409,0.5846170791601238,0.0891720076052229,1031,,,True,ece;nll,,42
cmc,tabpfn,icl,label_noise,0.3,2418322371,train_only,False,high,True,ok,,0.5950226244343891,0.769236779769633,0.9438558367968648,0.8591346069332046,0.1544151152533554,0.5585174068794613,0.1730306739565753,0.1134987888036642,3.410234356146223,1.4140363407831291,0.0698628614538974,1031,,,True,ece;nll,,42
cmc,tabpfn,icl,label_noise,0.4,2793446515,train_only,False,high,True,ok,,0.5407239819004525,0.7305270505499747,0.9936012719720432,0.9044148533752744,0.1329554588807295,0.5920527551686285,0.1681383060297515,0.0992359883209656,4.398481785016436,2.0369701345181084,0.0388775171888307,1031,,,True,ece;nll,,42
cnae-9,tabpfn,icl,covariate_shift,0.0,3928749706,test_only,True,medium,True,ok,,0.9351851851851852,0.9934842249657064,0.7678309020619652,0.349454903236535,0.4280167751354627,0.3264510094293732,0.4280167751354626,0.0940751478240714,2.9537447410338773,4.162172637349043,0.297557430517722,756,,,True,ece,,42
cnae-9,tabpfn,icl,covariate_shift,0.05,2254746593,test_only,True,low,True,ok,,0.1111111111111111,0.6887967249657064,2.223161209140881,1.01180426983759,0.0577382128250805,0.8934155417317834,0.1453905960810316,0.0230450074077279,331.268275125252,525.8131663692977,-0.0573434031116291,756,,,True,nll,,42
cnae-9,tabpfn,icl,covariate_shift,0.1,824126998,test_only,True,low,True,ok,,0.1512345679012345,0.688957475994513,2.3125718145928293,1.0524967900169997,0.0269270002446808,0.9077842742971032,0.1102901005945156,0.0598927713916848,78.17541930501596,117.53392270389472,-0.0573141352707712,756,,,True,nll,,42
cnae-9,tabpfn,icl,covariate_shift,0.2,389483347,test_only,True,low,True,ok,,0.1111111111111111,0.6212277091906722,2.325076083472143,1.0581877280341196,0.0768877538437428,0.9132089206426838,0.1299726309652106,0.0489363006383117,37.34270991293118,52.36033862239411,-0.0987375042955825,756,,,True,nll,,42
cnae-9,tabpfn,icl,covariate_shift,0.3,375263926,test_only,True,low,True,ok,,0.1111111111111111,0.6313228737997256,2.24523718251769,1.0218514783043608,0.0688496841502303,0.8999672031770728,0.1129560097978466,0.0332417923413254,0.9567555856963122,-0.6292638524208488,-0.0826957078247837,756,,,True,nll,,42
cnae-9,tabpfn,icl,covariate_shift,0.4,7792341,test_only,True,low,True,ok,,0.1111111111111111,0.4459019204389574,2.2830489467198447,1.0390603538067436,0.0913381827179138,0.9096150499191166,0.1326760435797231,0.0369749442189631,0.9902310159975108,-0.7219113366737536,-0.157253403865304,756,,,True,nll,,42
cnae-9,tabpfn,icl,label_noise,0.0,2163070965,train_only,True,medium,True,ok,,0.9351851851851852,0.9934842249657064,0.7678309020619652,0.349454903236535,0.4280167751354627,0.3264510094293732,0.4280167751354626,0.0940751478240714,2.9537447410338773,4.162172637349043,0.297557430517722,756,,,True,ece,,42
cnae-9,tabpfn,icl,label_noise,0.05,153318889,train_only,True,medium,True,ok,,0.904320987654321,0.9916945301783264,0.8343098159163875,0.3797107608034558,0.4277996388386057,0.364776725818753,0.4234527505562875,0.0976276133373868,2.983317165342425,3.960884330129096,0.2832680777018045,756,,,True,ece,,42
cnae-9,tabpfn,icl,label_noise,0.1,3117967851,train_only,True,medium,True,ok,,0.9135802469135802,0.9922946673525376,0.8642174277641366,0.3933223015427312,0.4478279590098193,0.3750822753146199,0.4470058419988079,0.1006582882860687,2.946993530776096,4.219190924416283,0.2767778883456419,756,,,True,ece,,42
cnae-9,tabpfn,icl,label_noise,0.2,2430536186,train_only,True,medium,True,ok,,0.9166666666666666,0.9906978737997256,1.033490170896623,0.4703616469416901,0.5284263488000145,0.4603239367724528,0.5284263488000144,0.1144584257149719,3.4382613290603654,5.4591831010578975,0.2374504919873939,756,,,True,ece,,42
cnae-9,tabpfn,icl,label_noise,0.3,769925927,train_only,True,medium,True,ok,,0.8796296296296297,0.986539780521262,1.166348644935384,0.5308281442716217,0.530365500672694,0.5146932288301457,0.530365500672694,0.1215354528937294,5.22693202621744,7.904082558380318,0.2119118242108607,756,,,True,ece,,42
cnae-9,tabpfn,icl,label_noise,0.4,1146262188,train_only,True,medium,True,ok,,0.8641975308641975,0.9850072873799726,1.3615148393830234,0.6196521072204829,0.5798977258226022,0.6046905162772843,0.5798977258226022,0.1354821384586464,3.0142233907445988,5.532274841435229,0.1725070028819546,756,,,True,ece,,42
credit-approval,tabpfn,icl,covariate_shift,0.0,1907374771,test_only,True,low,True,ok,,0.8647342995169082,0.9187145557655956,0.3647619596922952,0.5262402703530143,0.0650384216652338,0.2085584111808813,0.0848331850590204,0.0763839538084821,0.6173339052276282,0.3911869047620354,0.2803804740065435,483,,,False,,,42
credit-approval,tabpfn,icl,covariate_shift,0.05,1116143326,test_only,True,low,True,ok,,0.8502415458937198,0.9148393194706994,0.378454458435959,0.5459943703878765,0.0756688737653162,0.2240831216011337,0.0708298605458891,0.0788998623459633,0.872857487039767,-0.4507079134357412,0.2687979078293765,483,,,False,,,42
credit-approval,tabpfn,icl,covariate_shift,0.1,3283448085,test_only,True,low,True,ok,,0.8454106280193237,0.912476370510397,0.4038218752119598,0.5825918167707762,0.0823536038924595,0.2398307137525536,0.0860539708576958,0.0928225853209396,1.0724669115305734,-1.1353858605405565,0.2549300580718126,483,,,False,,,42
credit-approval,tabpfn,icl,covariate_shift,0.2,3344708337,test_only,True,low,True,ok,,0.8454106280193237,0.9109640831758036,0.4322439285928353,0.6235961722352467,0.0848997452581013,0.2533907776283181,0.0965596340754775,0.085084711097359,0.9144196106142376,-0.7649645420045679,0.2415902225922354,483,,,False,,,42
credit-approval,tabpfn,icl,covariate_shift,0.3,3157450801,test_only,True,low,True,ok,,0.8502415458937198,0.907844990548204,0.4704889913174093,0.678772134566477,0.0876886561379873,0.2640486683738163,0.0841636792813358,0.092969434636178,0.4318493801348891,0.4768706695739615,0.2241126069783888,483,,,False,,,42
credit-approval,tabpfn,icl,covariate_shift,0.4,993165435,test_only,True,low,True,ok,,0.8502415458937198,0.9083175803402648,0.4903065014711887,0.7073627581881012,0.0899155143848561,0.2694567226283241,0.0888887850241351,0.1040626993430324,0.2204483129651747,1.1024969072933497,0.215255454669749,483,,,False,,,42
credit-approval,tabpfn,icl,label_noise,0.0,1549211154,train_only,True,low,True,ok,,0.8647342995169082,0.9187145557655956,0.3647619596922952,0.5262402703530143,0.0650384216652338,0.2085584111808813,0.0848331850590204,0.0763839538084821,0.6173339052276282,0.3911869047620354,0.2803804740065435,483,,,False,,,42
credit-approval,tabpfn,icl,label_noise,0.05,385198725,train_only,True,low,True,ok,,0.8309178743961353,0.9090737240075614,0.3713207983358152,0.5357026743380114,0.0706562228709542,0.216522442150817,0.0768822989919675,0.1057991975334786,1.102234016774283,-0.358845553771528,0.2679714376864724,483,,,False,,,42
credit-approval,tabpfn,icl,label_noise,0.1,2585233552,train_only,True,low,True,ok,,0.855072463768116,0.9257088846880908,0.3461385935578545,0.4993724323861973,0.0802423605877368,0.2061038096353386,0.0760575253439806,0.0757468184629513,1.6312321501580258,-0.5591505908484077,0.2863987773726426,483,,,False,,,42
credit-approval,tabpfn,icl,label_noise,0.2,6644746,train_only,True,low,True,ok,,0.8405797101449275,0.9122873345935728,0.4200168498210797,0.6059562263266762,0.1082175490525253,0.2537572319283861,0.1125250636238483,0.1092723239659947,1.999059105912568,-0.3030412785302755,0.2419571459209816,483,,,True,ece,,42
credit-approval,tabpfn,icl,label_noise,0.3,2084654547,train_only,True,low,True,ok,,0.8454106280193237,0.890264650283554,0.4937010793941193,0.7122600989234243,0.195167627190805,0.3085835127824133,0.1950558498803442,0.1999672828609341,3.179899859404105,-0.4017641489427181,0.1856926666869541,483,,,True,ece,,42
credit-approval,tabpfn,icl,label_noise,0.4,1012266472,train_only,True,low,True,ok,,0.8454106280193237,0.8872400756143669,0.6183584899759716,0.8921027269799221,0.2920744568023123,0.4256184562230786,0.2920744568023123,0.2933560672341477,8.719989869712105,-0.0136536125768265,0.1112999112134878,483,,,True,ece;nll,,42
credit-g,tabpfn,icl,covariate_shift,0.0,2636456702,test_only,True,low,True,ok,,0.75,0.8074603174603174,0.4768052556857537,0.6878845778476312,0.0726494271384732,0.3133333519261139,0.0720304108636815,0.0619904182246781,1.1062428232590538,-0.1961610724082674,0.174215852329127,700,,,False,,,42
credit-g,tabpfn,icl,covariate_shift,0.05,3210124715,test_only,True,low,True,ok,,0.7633333333333333,0.8068783068783069,0.4761195068826625,0.6868952514501159,0.0427285021603232,0.3127553558105622,0.08243535167784,0.0545974003634332,1.0489084809511982,-0.0128006948658202,0.1822931315403079,700,,,False,,,42
credit-g,tabpfn,icl,covariate_shift,0.1,1183950779,test_only,True,low,True,ok,,0.76,0.8091534391534392,0.4761729201197611,0.6869723104623959,0.0537046706260891,0.3134867070185763,0.079030856072226,0.0647694655148455,1.1580663778534168,-0.0883233722178932,0.180371076439767,700,,,False,,,42
credit-g,tabpfn,icl,covariate_shift,0.2,3332046764,test_only,True,low,True,ok,,0.7733333333333333,0.8074074074074075,0.482353406292024,0.6958888672134025,0.0557561271534917,0.3169115546350916,0.0712006210571474,0.0638005432623815,0.9952176460780564,0.2078476213000811,0.1786747069978735,700,,,False,,,42
credit-g,tabpfn,icl,covariate_shift,0.3,1003290627,test_only,True,low,True,ok,,0.76,0.8001058201058202,0.4915326489215741,0.7091317150341709,0.0421402197985269,0.3243463889532464,0.0693846814375666,0.0607482435968584,1.138200901301656,0.0639040682215332,0.1728694785670803,700,,,False,,,42
credit-g,tabpfn,icl,covariate_shift,0.4,1207644330,test_only,True,low,True,ok,,0.7366666666666667,0.7967724867724868,0.4998945139870479,0.7211953362967126,0.070484364560038,0.3318302357963145,0.0848316151203046,0.0851371714150716,1.3656077514663616,-0.218521786245711,0.1589148965693489,700,,,False,,,42
credit-g,tabpfn,icl,label_noise,0.0,358602629,train_only,True,low,True,ok,,0.75,0.8074603174603174,0.4768052556857537,0.6878845778476312,0.0726494271384732,0.3133333519261139,0.0720304108636815,0.0619904182246781,1.1062428232590538,-0.1961610724082674,0.174215852329127,700,,,False,,,42
credit-g,tabpfn,icl,label_noise,0.05,1242578702,train_only,True,low,True,ok,,0.7666666666666667,0.807037037037037,0.4868180501955205,0.7023299868323118,0.0743107478986618,0.3180496778458509,0.0868581450443044,0.0754409503935508,1.2447117233653016,0.046722603408883,0.171901817333537,700,,,False,,,42
credit-g,tabpfn,icl,label_noise,0.1,1985493449,train_only,True,low,True,ok,,0.76,0.7931746031746032,0.5030222866530112,0.7257077584109258,0.0649456078867712,0.3308937261955365,0.0876522307801873,0.0703659206999804,1.377675763890864,0.0694266204297254,0.1609096620104791,700,,,False,,,42
credit-g,tabpfn,icl,label_noise,0.2,1435355987,train_only,True,low,True,ok,,0.71,0.7173544973544973,0.5618746029025705,0.8106137032089941,0.0863329202056931,0.3772719692020426,0.0991500749857812,0.0872164981848909,1.6850997160620746,-0.1405872892874509,0.0971233790702372,700,,,True,nll,,42
credit-g,tabpfn,icl,label_noise,0.3,735775633,train_only,True,low,True,ok,,0.7033333333333334,0.650899470899471,0.6352378711817354,0.9164545265387518,0.1223420709184596,0.4426910705767464,0.1507453258354708,0.1223420709184597,13.959163797896386,-3.610607792551397,0.0339100426694973,700,,,True,ece;nll,,42
credit-g,tabpfn,icl,label_noise,0.4,3553327825,train_only,True,low,True,ok,,0.7033333333333334,0.6022751322751323,0.6542022529094644,0.9438143460108718,0.1512977300399419,0.4612178668548337,0.1696270241650841,0.1545735464805242,12.749566295259733,-1.7894202046928671,0.0028924464850463,700,,,True,ece;nll,,42
diabetes,tabpfn,icl,covariate_shift,0.0,1520711306,test_only,True,low,True,ok,,0.7532467532467533,0.8155555555555557,0.4989351576334991,0.7198112776430025,0.0606254768508002,0.3287165202329501,0.0849030361920239,0.0884872721950893,0.807133881941662,-0.0599755848078761,0.1703629787683966,537,,,False,,,42
diabetes,tabpfn,icl,covariate_shift,0.05,3441945651,test_only,True,low,True,ok,,0.7445887445887446,0.8076543209876543,0.5047948972613752,0.7282650949450398,0.0681393290485553,0.3375356334174214,0.1019848621845393,0.1042719585335921,0.9093594850501328,-0.0643751291572824,0.1622599297407676,537,,,False,,,42
diabetes,tabpfn,icl,covariate_shift,0.1,4134713026,test_only,True,low,True,ok,,0.7012987012987013,0.7879012345679013,0.5383593424619321,0.7766883535860726,0.0820728322874267,0.3673694812325145,0.0811137052012337,0.1155550147501506,1.049410753894363,-0.301671494631026,0.1315391647602634,537,,,True,nll,,42
diabetes,tabpfn,icl,covariate_shift,0.2,774406954,test_only,True,low,True,ok,,0.6060606060606061,0.7584362139917695,0.656450451532814,0.9470578110157116,0.1395890032218189,0.4655770259712536,0.1446231334809471,0.2163288252198404,0.8933143668663964,-0.543794182102292,0.0443266218571329,537,,,True,ece;nll,,42
diabetes,tabpfn,icl,covariate_shift,0.3,3449815744,test_only,True,low,True,ok,,0.5151515151515151,0.7251028806584363,0.8282683993551652,1.1949387122747364,0.2728148329128462,0.6047799986171933,0.2843540517188128,0.3192207074195345,0.5388388173347523,-0.6130353326054369,-0.0819858447618101,537,,,True,ece;nll,,42
diabetes,tabpfn,icl,covariate_shift,0.4,1278015292,test_only,True,low,True,ok,,0.4199134199134199,0.6730864197530865,1.0213713700738507,1.4735274105115106,0.3584050209524109,0.7404396389691154,0.3584050209524109,0.3898153363463232,0.49590171120331,-1.0549437598769704,-0.2151719674433421,537,,,True,ece;nll,,42
diabetes,tabpfn,icl,label_noise,0.0,1702262915,train_only,True,low,True,ok,,0.7532467532467533,0.8155555555555557,0.4989351576334991,0.7198112776430025,0.0606254768508002,0.3287165202329501,0.0849030361920239,0.0884872721950893,0.807133881941662,-0.0599755848078761,0.1703629787683966,537,,,False,,,42
diabetes,tabpfn,icl,label_noise,0.05,3367617940,train_only,True,low,True,ok,,0.7705627705627706,0.8302880658436214,0.477162459941733,0.6883999146563169,0.0565718238266935,0.3134022215267329,0.0725967618120668,0.0646856993211705,1.1210664518004476,-0.009457988095345,0.1883508994674492,537,,,False,,,42
diabetes,tabpfn,icl,label_noise,0.1,1544348815,train_only,True,low,True,ok,,0.7186147186147186,0.8046090534979423,0.5005695693093319,0.7221692352624974,0.0934541465639031,0.3346903867413838,0.1017005813047097,0.0901863705446451,1.4949691441930937,-0.5632922783642281,0.1540637766249576,537,,,False,,,42
diabetes,tabpfn,icl,label_noise,0.2,1086896747,train_only,True,low,True,ok,,0.7705627705627706,0.7986008230452675,0.5334041960891067,0.7695395884871185,0.0912300666847355,0.3555559503577986,0.1046307563862254,0.0990745576180507,1.0628756523997875,0.4460637226422154,0.1459868137671765,537,,,True,nll,,42
diabetes,tabpfn,icl,label_noise,0.3,658528137,train_only,True,low,True,ok,,0.7359307359307359,0.8043621399176955,0.5724121259043837,0.8258161353869634,0.1376903201391659,0.3848780909428591,0.1472458257366718,0.1571781591277654,3.062567602417273,-0.1939068658091765,0.1166334547168815,537,,,True,ece;nll,,42
diabetes,tabpfn,icl,label_noise,0.4,4021522130,train_only,True,low,True,ok,,0.683982683982684,0.7043621399176955,0.6566180142749688,0.947299552952856,0.1447572231295035,0.4641967977519646,0.1804825137235512,0.1150372516672682,2.973698819837595,0.3558801378656438,0.0359828410568384,537,,,True,ece;nll,,42
dna,tabpfn,icl,covariate_shift,0.0,4129258486,test_only,False,high,True,ok,,0.9654811715481172,0.995702893077144,0.1143429152302062,0.1040794067294009,0.0204197516326599,0.0589752561500814,0.0231328422368867,0.0176137542006484,1.0173556801414885,0.5683849517885429,0.4580104159638656,2230,,,False,,,42
dna,tabpfn,icl,covariate_shift,0.05,1379787967,test_only,False,high,True,ok,,0.9654811715481172,0.9959820014179792,0.108806361935996,0.0990398187407007,0.014777080739873,0.0573928890126707,0.0140566341977204,0.0140176048475751,1.0235247014022943,0.3611868696459442,0.4607485144583254,2230,,,False,,,42
dna,tabpfn,icl,covariate_shift,0.1,587119554,test_only,False,high,True,ok,,0.9602510460251046,0.9955736723025228,0.1147694118176143,0.1044676206532822,0.0246497986990832,0.0587917600683523,0.0185329007320551,0.0188598413368724,1.1947504529488389,0.158153357344663,0.4562181962738474,2230,,,False,,,42
dna,tabpfn,icl,covariate_shift,0.2,3368106178,test_only,False,high,True,ok,,0.9654811715481172,0.9954633877020878,0.1143460236308984,0.104082236117643,0.0218044935430032,0.0581440959897099,0.0175256103502697,0.0194250639025616,0.949202577083314,0.5259662649773287,0.4576487918840547,2230,,,False,,,42
dna,tabpfn,icl,covariate_shift,0.3,3223076601,test_only,False,high,True,ok,,0.9665271966527196,0.996132991749704,0.1085081978716973,0.0987684181134056,0.0198188282873136,0.0557909576651958,0.0205266059117424,0.0185585477801666,0.9928584432056312,0.5819647531995573,0.4600313355188199,2230,,,False,,,42
dna,tabpfn,icl,covariate_shift,0.4,3026397695,test_only,False,high,True,ok,,0.9665271966527196,0.9955885797603732,0.1173367525108432,0.1068045148603745,0.0266091087485076,0.0588913125897722,0.0269070928129019,0.0206290496433763,1.0056088150811766,0.6965451055414988,0.4560719062062247,2230,,,False,,,42
dna,tabpfn,icl,label_noise,0.0,304703745,train_only,False,high,True,ok,,0.9654811715481172,0.995702893077144,0.1143429152302062,0.1040794067294009,0.0204197516326599,0.0589752561500814,0.0231328422368867,0.0176137542006484,1.0173556801414885,0.5683849517885429,0.4580104159638656,2230,,,False,,,42
dna,tabpfn,icl,label_noise,0.05,1433359301,train_only,False,high,True,ok,,0.959205020920502,0.9956254741086756,0.1437724406783266,0.1308673152132929,0.0499881632603173,0.0638528661053005,0.0436563606280991,0.0372224690135609,1.8477440574645916,-0.3891255155550488,0.4430918418600604,2230,,,False,,,42
dna,tabpfn,icl,label_noise,0.1,1866222242,train_only,False,high,True,ok,,0.9602510460251046,0.9952257296604964,0.1882316615353079,0.1713358420225832,0.09655533685417,0.0755569589149411,0.0914388271590531,0.06600668386936,2.152502479632422,0.0968362498230237,0.4216548423073304,2230,,,False,,,42
dna,tabpfn,icl,label_noise,0.2,1266373448,train_only,False,high,True,ok,,0.959205020920502,0.9942243622312632,0.2873529146727641,0.2615598948207043,0.173794641096954,0.1136726610340808,0.1729971479322701,0.1161312074358282,2.602182252070798,0.5165897669354957,0.3786323832534153,2230,,,True,ece,,42
dna,tabpfn,icl,label_noise,0.3,2710239680,train_only,False,high,True,ok,,0.9476987447698744,0.989722865367947,0.4278783523204535,0.389471660506535,0.2648797802894541,0.193431188954976,0.264879780289454,0.1786625283875312,2.868990931102139,1.2982362182240532,0.3187403603844112,2230,,,True,ece,,42
dna,tabpfn,icl,label_noise,0.4,2778041081,train_only,False,high,True,ok,,0.938284518828452,0.9905646497487948,0.5597957246478102,0.5095480274724328,0.3462671120989182,0.279662700191557,0.3462671120989182,0.2319129030535374,5.028845788474484,1.7717337270650448,0.2653224745748324,2230,,,True,ece,,42
dresses-sales,tabpfn,icl,covariate_shift,0.0,1584498180,test_only,True,low,True,ok,,0.66,0.6697682904579456,0.6386664883136904,0.9214009754721304,0.0467188640305252,0.4465541326671176,0.1065560897131119,0.0773033753610367,1.089150884129077,0.1645888060727268,0.0476548362125368,350,,,True,nll,,42
dresses-sales,tabpfn,icl,covariate_shift,0.05,3591983103,test_only,True,low,True,ok,,0.6533333333333333,0.6672140120415982,0.6361867601441479,0.9178234839391786,0.0546364072473932,0.4442305590982051,0.1239589169656463,0.0798941040428568,1.4872595327731786,-0.0607502236020693,0.0452505775833271,350,,,True,nll,,42
dresses-sales,tabpfn,icl,covariate_shift,0.1,3538265090,test_only,True,low,True,ok,,0.6533333333333333,0.6648421820835615,0.6376690004053275,0.9199619046133884,0.0570974196326136,0.4456394489266294,0.1187670377052333,0.0624228629709821,1.3727990382750224,0.00411949656214,0.0432867084187072,350,,,True,nll,,42
dresses-sales,tabpfn,icl,covariate_shift,0.2,3911477629,test_only,True,low,True,ok,,0.66,0.6672140120415984,0.6382458871429746,0.9207941762489464,0.0520491766541247,0.4461761948041408,0.1156837303937543,0.0813838774746558,1.1497043554517012,0.141388673328721,0.0458768160090505,350,,,True,nll,,42
dresses-sales,tabpfn,icl,covariate_shift,0.3,2493102225,test_only,True,low,True,ok,,0.6533333333333333,0.6624703521255246,0.6393547560685826,0.922393935948917,0.0412939830850155,0.447183605580831,0.1219059299179265,0.0878352509416074,1.3334083880576666,0.03176914318653,0.0448876458422554,350,,,True,nll,,42
dresses-sales,tabpfn,icl,covariate_shift,0.4,357479993,test_only,True,low,True,ok,,0.66,0.6613756613756614,0.638927280229294,0.9217772186754756,0.0519446835406519,0.4467966118205618,0.1283618895150376,0.0864390920118568,1.0688841502266986,0.1768012848351591,0.0435593791707084,350,,,True,nll,,42
dresses-sales,tabpfn,icl,label_noise,0.0,1723234606,train_only,True,low,True,ok,,0.66,0.6697682904579456,0.6386664883136904,0.9214009754721304,0.0467188640305252,0.4465541326671176,0.1065560897131119,0.0773033753610367,1.089150884129077,0.1645888060727268,0.0476548362125368,350,,,True,nll,,42
dresses-sales,tabpfn,icl,label_noise,0.05,4067320310,train_only,True,low,True,ok,,0.6533333333333333,0.6624703521255246,0.6430897292954079,0.9277823633011107,0.0736730143440362,0.4508494512591884,0.0907970415886968,0.0683325215792484,1.6509447653014864,-0.0826693389380988,0.0367953113847931,350,,,True,nll,,42
dresses-sales,tabpfn,icl,label_noise,0.1,1139570320,train_only,True,low,True,ok,,0.6466666666666666,0.6405765371282613,0.6405647019853126,0.9241395189227272,0.1236717724816994,0.4479457510680263,0.1591341459555123,0.0961618540720453,1.1629536689646662,0.0384318114785333,0.0192255778217334,350,,,True,ece;nll,,42
dresses-sales,tabpfn,icl,label_noise,0.2,3678370766,train_only,True,low,True,ok,,0.56,0.6084656084656086,0.6886567320544824,0.9935216522098016,0.0573526977927682,0.4955204868576187,0.1309811786205366,0.0936445772168068,2.299443036910592,0.0935568412900117,-0.0125640722585311,350,,,True,nll,,42
dresses-sales,tabpfn,icl,label_noise,0.3,2349940198,train_only,True,low,True,ok,,0.52,0.558109833971903,0.6938262808833794,1.0009797346688845,0.031163578214627,0.5005419337896558,0.0729785479257646,0.104240243696395,-0.2601499988647192,0.1023184580337015,-0.0331881941534246,350,,,True,nll,,42
dresses-sales,tabpfn,icl,label_noise,0.4,32495352,train_only,True,low,True,ok,,0.58,0.4964422550629447,0.6817594371181787,0.9835709590096474,0.0311446326797019,0.4886508242821831,0.1095005102059475,0.0311446326797019,2.305845726857753,-0.1285378649936158,-0.0405454249668039,350,,,True,nll,,42
eucalyptus,tabpfn,icl,covariate_shift,0.0,388359511,test_only,True,low,True,ok,,0.7330316742081447,0.9377542465954112,0.6160640273468383,0.3827821021160787,0.0569231248745825,0.3628270310978033,0.0503309923540418,0.0485186836716689,1.6099376723438754,-0.0947100066199273,0.3119494818298755,515,,,False,,,42
eucalyptus,tabpfn,icl,covariate_shift,0.05,1468235247,test_only,True,low,True,ok,,0.5339366515837104,0.8669075457304029,1.001256850058378,0.6221158594083854,0.1029576804896935,0.5584005627335045,0.111575128003773,0.0784466449234516,0.7364181728931112,-0.0647834807160993,0.1762818448227432,515,,,True,ece,,42
eucalyptus,tabpfn,icl,covariate_shift,0.1,2813244423,test_only,True,low,True,ok,,0.502262443438914,0.8547216000082315,1.0289901385083016,0.6393475203725415,0.0918794853005311,0.5733295096480823,0.1031641249665735,0.0699879663657948,0.9508912465767698,-0.2587624767666765,0.1643117733468494,515,,,False,,,42
eucalyptus,tabpfn,icl,covariate_shift,0.2,843169740,test_only,True,low,True,ok,,0.3846153846153846,0.7965762682215646,1.293359640967936,0.8036095278828556,0.1920937848653011,0.6985991944063156,0.1888676221392646,0.1217041353724323,1.0857103320061503,-0.9402368481506276,0.0569923862319384,515,,,True,ece;nll,,42
eucalyptus,tabpfn,icl,covariate_shift,0.3,3234733710,test_only,True,low,True,ok,,0.3303167420814479,0.750570289189523,1.5417891031059658,0.957967431483068,0.2660080807937188,0.7838082877930139,0.2652581453740256,0.1601930199507863,1.0263506902742738,-1.358073673080678,-0.0283447330751139,515,,,True,ece;nll,,42
eucalyptus,tabpfn,icl,covariate_shift,0.4,590659504,test_only,True,low,True,ok,,0.2941176470588235,0.6998853876773717,1.848447410604714,1.148504950904964,0.3506235169925319,0.8925840673044463,0.3457120493068472,0.2005032388792272,1.05208270840695,-1.85980458799711,-0.1255986559240919,515,,,True,ece;nll,,42
eucalyptus,tabpfn,icl,label_noise,0.0,3047671038,train_only,True,low,True,ok,,0.7330316742081447,0.9377542465954112,0.6160640273468383,0.3827821021160787,0.0569231248745825,0.3628270310978033,0.0503309923540418,0.0485186836716689,1.6099376723438754,-0.0947100066199273,0.3119494818298755,515,,,False,,,42
eucalyptus,tabpfn,icl,label_noise,0.05,3920340813,train_only,True,low,True,ok,,0.7104072398190046,0.9265498283271562,0.6917186781054382,0.4297889795943036,0.0741832179158585,0.3935736511325459,0.1031555214483638,0.0576408100141054,1.540322213004341,0.0305214431026663,0.2870801884258925,515,,,False,,,42
eucalyptus,tabpfn,icl,label_noise,0.1,961916056,train_only,True,low,True,ok,,0.7375565610859729,0.9307070161391344,0.7203047645901817,0.4475505137696171,0.1347194103626169,0.4024765748402946,0.1401071811083335,0.0673826958911989,1.2985198631033323,0.6219075751629874,0.2751719036081844,515,,,True,ece,,42
eucalyptus,tabpfn,icl,label_noise,0.2,596624435,train_only,True,low,True,ok,,0.6425339366515838,0.8998398500312573,0.9118822243305236,0.5665842821804792,0.1216642784868917,0.482849431335433,0.1577780337684141,0.0795635727305369,1.7107466027769869,0.5648848766144638,0.2170158976571555,515,,,True,ece,,42
eucalyptus,tabpfn,icl,label_noise,0.3,4272373003,train_only,True,low,True,ok,,0.6787330316742082,0.9028990070646316,0.975129483427245,0.6058820137724154,0.2305074829591484,0.5151081661612005,0.2281239120938797,0.101422106928152,1.554521183810336,1.2292923310598671,0.1899585065001979,515,,,True,ece,,42
eucalyptus,tabpfn,icl,label_noise,0.4,2286472737,train_only,True,low,True,ok,,0.665158371040724,0.8900031529965287,1.109183428932808,0.6891744132305722,0.2758765643512686,0.571715704234397,0.2758765643512685,0.1173426884974095,1.7191281042739586,1.6065870934269422,0.1493472223654682,515,,,True,ece,,42
first-order-theorem-proving,tabpfn,icl,covariate_shift,0.0,3335308953,test_only,False,high,True,ok,,0.619281045751634,0.8488325084302439,1.0639723873954643,0.5938142957625091,0.022605556089336,0.5085688774660707,0.0238613371717564,0.0215931736511039,0.9047334525660602,-0.0318432417258987,0.2073181348667105,4282,,,False,,,42
first-order-theorem-proving,tabpfn,icl,covariate_shift,0.05,3218207457,test_only,False,low,True,ok,,0.4297385620915033,0.7132634261819372,1.4720752199628742,0.8215808233440448,0.1135413743925766,0.6953669088661855,0.1205381829968523,0.0488218308060935,2.1702331509277504,0.2823315685835982,0.0449204615956747,4282,,,True,ece;nll,,42
first-order-theorem-proving,tabpfn,icl,covariate_shift,0.1,1290001820,test_only,False,low,True,ok,,0.4172113289760348,0.657615687849963,1.542580999628057,0.8609308482084642,0.0933240590971583,0.7296444850378496,0.0977186759440718,0.0347275041653177,1.8365091735446832,0.0905338874174464,0.0158031238119213,4282,,,True,nll,,42
first-order-theorem-proving,tabpfn,icl,covariate_shift,0.2,3710825876,test_only,False,low,True,ok,,0.4172113289760348,0.6091471291379628,1.5848985361668937,0.8845487150402596,0.0732731703448919,0.7472737929527847,0.1240599660899278,0.032866109626485,1.2571872238607054,-0.1100538736429449,-0.004236054036364,4282,,,True,nll,,42
first-order-theorem-proving,tabpfn,icl,covariate_shift,0.3,1779014485,test_only,False,low,True,ok,,0.4172113289760348,0.6041932085279201,1.589706284090737,0.8872319702463363,0.1021847259402807,0.7472981299078943,0.1142841714651562,0.0395113796181831,2.2481993071304047,0.3338436760076071,-0.0125572139307797,4282,,,True,ece;nll,,42
first-order-theorem-proving,tabpfn,icl,covariate_shift,0.4,3465934490,test_only,False,low,True,ok,,0.4172113289760348,0.5902565397775849,1.6009605087345822,0.8935130726136612,0.051557734519249,0.7519065799789465,0.1434373266129792,0.0322848343389577,2.368198689765701,0.0633623511048727,-0.0091939804193882,4282,,,True,nll,,42
first-order-theorem-proving,tabpfn,icl,label_noise,0.0,668100812,train_only,False,high,True,ok,,0.619281045751634,0.8488325084302439,1.0639723873954643,0.5938142957625091,0.022605556089336,0.5085688774660707,0.0238613371717564,0.0215931736511039,0.9047334525660602,-0.0318432417258987,0.2073181348667105,4282,,,False,,,42
first-order-theorem-proving,tabpfn,icl,label_noise,0.05,48973233,train_only,False,high,True,ok,,0.6127450980392157,0.842127188256352,1.0900991948818468,0.6083959446585178,0.0431394614983247,0.5210733539093988,0.0450036803592935,0.0240046613592219,0.9562875943977698,0.1106017062280991,0.1955096048983852,4282,,,False,,,42
first-order-theorem-proving,tabpfn,icl,label_noise,0.1,3651152928,train_only,False,high,True,ok,,0.6029411764705882,0.8296436562277143,1.1342824367589972,0.6330550814656394,0.0535165328225646,0.5378413797987901,0.050620718573515,0.0274881518692016,1.063945998050991,0.2407457979973196,0.1801966251460835,4282,,,False,,,42
first-order-theorem-proving,tabpfn,icl,label_noise,0.2,1894668217,train_only,False,high,True,ok,,0.5871459694989106,0.8224947092643093,1.1929359164214768,0.6657902117494767,0.0968410596027707,0.562426868912141,0.0942225608563295,0.0441509237946319,1.221157592060598,0.4795168739304483,0.1568397682219476,4282,,,False,,,42
first-order-theorem-proving,tabpfn,icl,label_noise,0.3,749509787,train_only,False,high,True,ok,,0.5490196078431373,0.8002640491692533,1.298262905124246,0.7245743234071355,0.135802410470192,0.6077959657219639,0.135802410470192,0.0576587719105473,1.516584707702123,0.8678192748438723,0.1179125792695302,4282,,,True,ece,,42
first-order-theorem-proving,tabpfn,icl,label_noise,0.4,1585020547,train_only,False,high,True,ok,,0.5212418300653595,0.7664447670629482,1.3999828380249115,0.7813452988910768,0.16957309174551,0.6570889319902576,0.1695730917455101,0.0647046525831091,1.9405307194590329,1.4195322367473475,0.0781237349654107,4282,,,True,ece;nll,,42
ilpd,tabpfn,icl,covariate_shift,0.0,1596232585,test_only,True,medium,True,ok,,0.6685714285714286,0.7103999999999999,0.5288307423487878,0.7629414894562253,0.0919200086325648,0.3632264354863438,0.0792400187295594,0.0897515784042722,1.0023823726808183,-0.3334042498721489,0.1016592657223336,408,,,True,nll,,42
ilpd,tabpfn,icl,covariate_shift,0.05,1058110992,test_only,True,low,True,ok,,0.7142857142857143,0.7143999999999999,0.5755085975962803,0.8302833997411155,0.1298567165023978,0.3926884246534209,0.1297866522153484,0.1298567165023978,0.8427620520326397,-0.5614925027585153,0.0821264939200429,408,,,True,ece;nll,,42
ilpd,tabpfn,icl,covariate_shift,0.1,85107633,test_only,True,low,True,ok,,0.7142857142857143,0.71392,0.7127850858983331,1.028331508645139,0.2005816976095816,0.4613680630660766,0.2116717910999573,0.2005816976095816,0.9498505808272864,-1.4828754748113842,0.0083990650273991,408,,,True,ece;nll,,42
ilpd,tabpfn,icl,covariate_shift,0.2,2968131976,test_only,True,low,True,ok,,0.7142857142857143,0.70384,1.0209497757921704,1.4729191785320632,0.26110944034902,0.5360667037579558,0.2621660551319639,0.2611094403490199,1.2607377063979346,-3.712069865143771,-0.1406107844865658,408,,,True,ece;nll,,42
ilpd,tabpfn,icl,covariate_shift,0.3,1376876774,test_only,True,low,True,ok,,0.7142857142857143,0.6607999999999999,1.1332235330495168,1.6348959713492084,0.2681446461856804,0.5484095240669511,0.268038831979737,0.2681446461856805,1.1626103640893142,-3.750730464302405,-0.2056748634990415,408,,,True,ece;nll,,42
ilpd,tabpfn,icl,covariate_shift,0.4,4234048127,test_only,True,low,True,ok,,0.7142857142857143,0.60416,1.202883277033569,1.7353937385445948,0.2706008423134611,0.553630407471648,0.2716946907540579,0.2706008423134611,0.972128733976072,-3.1804712020394503,-0.2561394328832135,408,,,True,ece;nll,,42
ilpd,tabpfn,icl,label_noise,0.0,4091663966,train_only,True,medium,True,ok,,0.6685714285714286,0.7103999999999999,0.5288307423487878,0.7629414894562253,0.0919200086325648,0.3632264354863438,0.0792400187295594,0.0897515784042722,1.0023823726808183,-0.3334042498721489,0.1016592657223336,408,,,True,nll,,42
ilpd,tabpfn,icl,label_noise,0.05,3478783121,train_only,True,medium,True,ok,,0.6742857142857143,0.72096,0.5156400189686744,0.7439112982499976,0.0646271405179984,0.3546329943690158,0.1139288096571887,0.0569908573212343,1.4051131131423242,-0.4322197881233285,0.1173800395642582,408,,,False,,,42
ilpd,tabpfn,icl,label_noise,0.1,4021601396,train_only,True,medium,True,ok,,0.6742857142857143,0.7312,0.5313579157756666,0.7665874300266498,0.0665135588604938,0.3593411112756457,0.1071399162067423,0.0689207102681712,1.746391343383478,-0.3120203146244416,0.1137839163627634,408,,,True,nll,,42
ilpd,tabpfn,icl,label_noise,0.2,579994050,train_only,True,medium,True,ok,,0.6342857142857142,0.68,0.5770013259641003,0.8324369515547637,0.1303761071883775,0.3942256859805636,0.1679921525665567,0.1094119407774729,3.1060405875629344,-0.7747014282356536,0.0573365502387525,408,,,True,ece;nll,,42
ilpd,tabpfn,icl,label_noise,0.3,56310805,train_only,True,medium,True,ok,,0.7028571428571428,0.724,0.5873472991757648,0.8473630358004022,0.1021630114179465,0.399826762307541,0.186825128418076,0.1129250693163649,4.099619839207175,-0.5253738334157155,0.0841870584048614,408,,,True,ece;nll,,42
ilpd,tabpfn,icl,label_noise,0.4,3937048417,train_only,True,medium,True,ok,,0.7085714285714285,0.52128,0.6576735199912181,0.948822325815319,0.1625321858362275,0.4646449962160011,0.1691885588444623,0.1686730759576875,10.192715084855456,-0.9757031763318196,-0.0284194206261269,408,,,True,ece;nll,,42
kc1,tabpfn,icl,covariate_shift,0.0,4150789106,test_only,False,high,True,ok,,0.8625592417061612,0.858468434102613,0.3108633021332861,0.4484809443820594,0.0260137241571233,0.1880050329698068,0.0242650944521245,0.0403743171529246,0.9362671172726352,-0.0141675743760312,0.2901008100457962,1476,,,False,,,42
kc1,tabpfn,icl,covariate_shift,0.05,780621097,test_only,False,low,True,ok,,0.8562401263823065,0.8124260919321,0.4117156173023991,0.5939800793387094,0.1277186819724067,0.2426212869529546,0.1278494336574457,0.1310877323753511,2.92272445563119,-1.131745885562511,0.2090473909374867,1476,,,True,ece,,42
kc1,tabpfn,icl,covariate_shift,0.1,2861930738,test_only,False,low,True,ok,,0.8578199052132701,0.713265306122449,0.4403808562091499,0.6353352773553763,0.1532390448662531,0.2638080687283928,0.1493284652582971,0.158193949864942,2.859174983024339,-0.7480765731982284,0.1570674507449841,1476,,,True,ece,,42
kc1,tabpfn,icl,covariate_shift,0.2,1813253178,test_only,False,low,True,ok,,0.8593996840442338,0.7097177188632462,0.4529111037529742,0.6534126033479627,0.165450248966974,0.2735420893626742,0.1623336554776093,0.1684336979728993,2.8367756188950666,-0.4803355246276991,0.1481973234109876,1476,,,True,ece,,42
kc1,tabpfn,icl,covariate_shift,0.3,2074765239,test_only,False,low,True,ok,,0.8609794628751974,0.690434865534999,0.4692405295421369,0.6769709849545521,0.1795802154868284,0.286819188807868,0.1787738223614542,0.1825993056565855,2.8314326441370508,-0.2358091635377122,0.1317917837847979,1476,,,True,ece,,42
kc1,tabpfn,icl,covariate_shift,0.4,3911807790,test_only,False,low,True,ok,,0.8672985781990521,0.7042628266259776,0.4831396196045776,0.6970231332605044,0.2011092861230453,0.2987336477540004,0.2011092861230455,0.1976738543986412,2.609115214927384,0.1899881895470279,0.1272579788461895,1476,,,True,ece,,42
kc1,tabpfn,icl,label_noise,0.0,3623059028,train_only,False,high,True,ok,,0.8625592417061612,0.858468434102613,0.3108633021332861,0.4484809443820594,0.0260137241571233,0.1880050329698068,0.0242650944521245,0.0403743171529246,0.9362671172726352,-0.0141675743760312,0.2901008100457962,1476,,,False,,,42
kc1,tabpfn,icl,label_noise,0.05,1250173943,train_only,False,high,True,ok,,0.8625592417061612,0.8507247758916651,0.3231788083855608,0.4662484641782531,0.0428325070689532,0.1941398329761477,0.052968161430733,0.0544479754432493,1.350366307591358,-0.1131090771717346,0.2786965171507403,1476,,,False,,,42
kc1,tabpfn,icl,label_noise,0.1,1180189399,train_only,False,high,True,ok,,0.8657187993680885,0.8407686439061606,0.3472082698093914,0.5009156490096462,0.0876893176515791,0.2048193787522445,0.0831011209947413,0.0848858472003444,1.743925968910066,-0.2506446585723383,0.2563142870391597,1476,,,False,,,42
kc1,tabpfn,icl,label_noise,0.2,2518553145,train_only,False,high,True,ok,,0.8483412322274881,0.8154396337974442,0.4211214413925402,0.6075498151090301,0.1320003116652501,0.2511600652301756,0.1342863931201227,0.1283281993689802,3.117909316265367,-1.0139914535332175,0.2039900497974696,1476,,,True,ece,,42
kc1,tabpfn,icl,label_noise,0.3,2066026658,train_only,False,high,True,ok,,0.8436018957345972,0.803442685485409,0.5069561887329587,0.7313831794330089,0.2053161787842918,0.3214426576520501,0.2153323753892429,0.2091025690511632,4.625431639219892,-0.4980908085274936,0.1472670346933217,1476,,,True,ece,,42
kc1,tabpfn,icl,label_noise,0.4,3883376813,train_only,False,high,True,ok,,0.8372827804107424,0.5457848559984741,0.5688857412775835,0.8207286377736116,0.2368299168020391,0.3779720081260623,0.2330140671014988,0.2413913333471321,3.303584888425018,0.2811478353335847,0.0230325419685859,1476,,,True,ece;nll,,42
kr-vs-kp,tabpfn,icl,covariate_shift,0.0,1593459504,test_only,True,low,True,ok,,0.9906152241918664,0.9995859808766746,0.0251595585945505,0.0362975704153133,0.0047868283041332,0.0122914194746436,0.0049201328807161,0.0050263665888775,1.0165013379030727,-1.0213347458595496,0.4866007401501954,2237,,,False,,,42
kr-vs-kp,tabpfn,icl,covariate_shift,0.05,805070326,test_only,True,low,True,ok,,0.9906152241918664,0.9996034132608146,0.0248458200607327,0.0358449413884386,0.0058435586400161,0.0126372711505331,0.0047085461212403,0.0060712070858388,1.0228808581300337,-0.9641489319348308,0.4865312841255302,2237,,,False,,,42
kr-vs-kp,tabpfn,icl,covariate_shift,0.1,4236857155,test_only,True,low,True,ok,,0.9916579770594368,0.9996252037409896,0.0247435180040642,0.0356973507186102,0.004669998035419,0.0122865904624226,0.0038856181800801,0.0054179535449815,0.8989732464866047,-0.5449284191855879,0.4869743130455949,2237,,,False,,,42
kr-vs-kp,tabpfn,icl,covariate_shift,0.2,3403802551,test_only,True,low,True,ok,,0.9906152241918664,0.9996339199330596,0.0247466704365695,0.0357018987173523,0.0046731797545647,0.0120168207794653,0.0043015103914699,0.006553328322652,0.9494563272439926,-0.7115571879912668,0.4868189500392322,2237,,,False,,,42
kr-vs-kp,tabpfn,icl,covariate_shift,0.3,2551614734,test_only,True,low,True,ok,,0.9906152241918664,0.9996862170854798,0.023483327135431,0.0338792796018595,0.0049586249635639,0.0128530140522221,0.0054699178516557,0.005440770450392,1.2131498394993232,-1.5450670519106668,0.4873269507354272,2237,,,False,,,42
kr-vs-kp,tabpfn,icl,covariate_shift,0.4,1249275781,test_only,True,low,True,ok,,0.9906152241918664,0.9996208456449546,0.0252695853965607,0.0364563055369384,0.0052146438044999,0.0125766074079948,0.0049157809831148,0.0059269741544711,0.9783507577882566,-0.922408621781232,0.4864797591825325,2237,,,False,,,42
kr-vs-kp,tabpfn,icl,label_noise,0.0,3723983239,train_only,True,low,True,ok,,0.9906152241918664,0.9995859808766746,0.0251595585945505,0.0362975704153133,0.0047868283041332,0.0122914194746436,0.0049201328807161,0.0050263665888775,1.0165013379030727,-1.0213347458595496,0.4866007401501954,2237,,,False,,,42
kr-vs-kp,tabpfn,icl,label_noise,0.05,4204106854,train_only,True,low,True,ok,,0.9906152241918664,0.996788083222202,0.065846523077288,0.0949964523033841,0.0423609854896179,0.0186757032841366,0.0378794490640397,0.0423609854896179,2.0547463558761723,-0.7773592138368389,0.4604969799676118,2237,,,False,,,42
kr-vs-kp,tabpfn,icl,label_noise,0.1,1734619466,train_only,True,low,True,ok,,0.9906152241918664,0.9981303768009832,0.1107463193584238,0.1597731657351034,0.0859970397792,0.0292467987437662,0.0835249838646121,0.0885795427885129,3.347448945741589,-2.078925324930668,0.4328065578327529,2237,,,False,,,42
kr-vs-kp,tabpfn,icl,label_noise,0.2,192617077,train_only,True,low,True,ok,,0.9874869655891554,0.9986359159410436,0.2294670185350516,0.3310509296880949,0.1842554845889062,0.0903626626804231,0.1841160995934024,0.1852351356836826,3.6447528099568136,0.256972561271706,0.3614792395935288,2237,,,True,ece,,42
kr-vs-kp,tabpfn,icl,label_noise,0.3,1518713911,train_only,True,low,True,ok,,0.9635036496350364,0.9947049133174698,0.3961177588829624,0.5714771263485001,0.2816886140994175,0.2187515813866021,0.2816886140994175,0.2791319448003989,7.18824343230991,-0.3483507583235335,0.2648914063819364,2237,,,True,ece,,42
kr-vs-kp,tabpfn,icl,label_noise,0.4,196317964,train_only,True,low,True,ok,,0.8905109489051095,0.9535034734025398,0.567028473513319,0.8180491667805042,0.3153934755724786,0.3755004549390759,0.3224078214447171,0.3026094459409919,6.820272561766758,0.3789705358947668,0.1588094128780083,2237,,,True,ece;nll,,42
mfeat-factors,tabpfn,icl,covariate_shift,0.0,3028227453,test_only,True,medium,True,ok,,0.9866666666666668,0.9997932098765432,0.0564237654423632,0.0245045299798217,0.0093287705855885,0.0226661411053877,0.0039127433113234,0.0038114777086843,1.32386649711107,-0.0021093386781485,0.4887105103457259,1400,,,False,,,42
mfeat-factors,tabpfn,icl,covariate_shift,0.05,600021547,test_only,True,low,True,ok,,0.985,0.9997654320987652,0.0582101569433225,0.0252803499512072,0.0100824128858217,0.0247802789371691,0.0068583117520687,0.0047473824118022,1.4198670104550846,0.0722896885464847,0.4880673136720413,1400,,,False,,,42
mfeat-factors,tabpfn,icl,covariate_shift,0.1,602530879,test_only,True,low,True,ok,,0.9766666666666668,0.9994351851851851,0.0862157647390537,0.0374430308792399,0.0212239963926203,0.0352529596564944,0.0137641809070204,0.0071587779086731,1.6267157128505945,-0.1602445071123989,0.4808246062725188,1400,,,False,,,42
mfeat-factors,tabpfn,icl,covariate_shift,0.2,179628137,test_only,True,low,True,ok,,0.965,0.9983672839506174,0.1919395312039067,0.0833582792609537,0.0827027379877554,0.0715997782993925,0.0804636755379198,0.0195890997589007,2.014571407143099,0.7261449430186041,0.4526305180068788,1400,,,False,,,42
mfeat-factors,tabpfn,icl,covariate_shift,0.3,3085802972,test_only,True,low,True,ok,,0.87,0.994212962962963,0.5384826763408963,0.2338600549353459,0.1869943703502961,0.2427940128379607,0.1862782503520167,0.0582706045088307,2.2379587820837727,1.2752638823406233,0.370917646486374,1400,,,True,ece,,42
mfeat-factors,tabpfn,icl,covariate_shift,0.4,4232577697,test_only,True,low,True,ok,,0.7333333333333333,0.9882006172839508,0.9383267075741202,0.4075101113218866,0.213013532955573,0.435718251907766,0.2130135329555731,0.0875338168247514,1.4612263394881055,1.2102012481465458,0.2910144760617021,1400,,,True,ece,,42
mfeat-factors,tabpfn,icl,label_noise,0.0,2942197313,train_only,True,medium,True,ok,,0.9866666666666668,0.9997932098765432,0.0564237654423632,0.0245045299798217,0.0093287705855885,0.0226661411053877,0.0039127433113234,0.0038114777086843,1.32386649711107,-0.0021093386781485,0.4887105103457259,1400,,,False,,,42
mfeat-factors,tabpfn,icl,label_noise,0.05,2814914571,train_only,True,medium,True,ok,,0.98,0.9993271604938272,0.1046090298144226,0.0454311244056564,0.0433561844282667,0.0322988209127332,0.0388414093204919,0.0114980851088252,1.920272819341939,-0.0359186778287422,0.4744639319654892,1400,,,False,,,42
mfeat-factors,tabpfn,icl,label_noise,0.1,4064093667,train_only,True,medium,True,ok,,0.985,0.9981635802469137,0.1440890099232292,0.0625770619125613,0.0885308505677013,0.0350397704958228,0.0814060104897853,0.0181245619472065,2.0100788380309567,0.7117266752706037,0.4606279643991111,1400,,,False,,,42
mfeat-factors,tabpfn,icl,label_noise,0.2,74797416,train_only,True,medium,True,ok,,0.9783333333333334,0.998574074074074,0.2426727037828042,0.1053914161614142,0.1682485642246815,0.062591479185291,0.162218052473484,0.0357802159460624,3.797119982707659,0.4984653051412319,0.4309837882325652,1400,,,True,ece,,42
mfeat-factors,tabpfn,icl,label_noise,0.3,564161943,train_only,True,medium,True,ok,,0.975,0.9958734567901236,0.3630887117292321,0.157687423945366,0.2474681302473912,0.1094556811092224,0.2454414441810021,0.0518858327766549,3.351624285399968,1.564525512601331,0.3980058566434551,1400,,,True,ece,,42
mfeat-factors,tabpfn,icl,label_noise,0.4,2815187934,train_only,True,medium,True,ok,,0.975,0.9983672839506172,0.5113051012052662,0.2220569840224308,0.35147944272895,0.1815378720188451,0.3490280752922513,0.0723387662202846,3.639797342361748,3.473292741598226,0.3587655656301967,1400,,,True,ece,,42
mfeat-fourier,tabpfn,icl,covariate_shift,0.0,2231225561,test_only,True,medium,True,ok,,0.91,0.9941172839506172,0.2103378546292819,0.0913485696008655,0.0443426220749203,0.1227009124801539,0.0278783384963732,0.0123632183198763,1.567687475795646,-0.0481086127672746,0.4481679540874723,1400,,,False,,,42
mfeat-fourier,tabpfn,icl,covariate_shift,0.05,3020271526,test_only,True,low,True,ok,,0.9033333333333332,0.9927654320987654,0.236177766787181,0.1025707008639058,0.0444606410619005,0.1369167724518326,0.0407582920445135,0.0144013955182105,1.6628611386272416,0.1521836351339755,0.443304562763016,1400,,,False,,,42
mfeat-fourier,tabpfn,icl,covariate_shift,0.1,2328723424,test_only,True,low,True,ok,,0.8716666666666667,0.989925925925926,0.3247612532894385,0.1410420202395874,0.0651013512983751,0.1725384563662585,0.0618820640353782,0.0212397167556104,1.8500740618204468,0.263772829524283,0.4218911977425228,1400,,,False,,,42
mfeat-fourier,tabpfn,icl,covariate_shift,0.2,345020380,test_only,True,low,True,ok,,0.6633333333333333,0.963793209876543,0.990135760783093,0.4300104972431754,0.0585257777410945,0.4461592078244825,0.0461870101748678,0.0601763782413172,1.3526874743616557,0.1298694463943402,0.2961193187356185,1400,,,False,,,42
mfeat-fourier,tabpfn,icl,covariate_shift,0.3,735245252,test_only,True,low,True,ok,,0.5466666666666666,0.9387716049382716,1.3879852511277109,0.602794335527864,0.1020870104174273,0.5916729067116706,0.1001985175225604,0.0775617746925111,1.639245224168923,0.3283336473602979,0.2093143589865504,1400,,,True,ece,,42
mfeat-fourier,tabpfn,icl,covariate_shift,0.4,1003583495,test_only,True,low,True,ok,,0.455,0.9129413580246912,1.709664434822742,0.7424978299497585,0.1065100801730768,0.6904198160320696,0.1301651138914436,0.0914005895027152,1.7684692186098192,0.4013633341567978,0.143728110289099,1400,,,True,ece,,42
mfeat-fourier,tabpfn,icl,label_noise,0.0,3191885808,train_only,True,medium,True,ok,,0.91,0.9941172839506172,0.2103378546292819,0.0913485696008655,0.0443426220749203,0.1227009124801539,0.0278783384963732,0.0123632183198763,1.567687475795646,-0.0481086127672746,0.4481679540874723,1400,,,False,,,42
mfeat-fourier,tabpfn,icl,label_noise,0.05,1846428605,train_only,True,medium,True,ok,,0.8783333333333333,0.9907037037037036,0.2824053853726913,0.1226471005271211,0.0601601428927878,0.1499402877298746,0.0584525045373756,0.018097526028328,2.3591607119827334,-0.2285507735152243,0.4296701375596023,1400,,,False,,,42
mfeat-fourier,tabpfn,icl,label_noise,0.1,1050737978,train_only,True,medium,True,ok,,0.88,0.9907314814814814,0.3184142807431139,0.1382855650859272,0.088252535560546,0.1552605621686754,0.0882363577267465,0.0230115689890166,2.448095483433536,0.2671547903815464,0.4196198418806311,1400,,,False,,,42
mfeat-fourier,tabpfn,icl,label_noise,0.2,3312308181,train_only,True,medium,True,ok,,0.8633333333333333,0.9894012345679012,0.4441594089773892,0.1928959804042897,0.1589490517230212,0.1994214143989778,0.1583438394581483,0.0404282520820477,2.587013160714974,0.7247524695186633,0.3861318276328742,1400,,,True,ece,,42
mfeat-fourier,tabpfn,icl,label_noise,0.3,429736086,train_only,True,medium,True,ok,,0.8633333333333333,0.9873611111111112,0.5651907777421309,0.2454592359960146,0.2343633240520065,0.2389216971111273,0.2304382380506847,0.0528103586477533,2.8331959891963274,1.5399844756502896,0.3545659532796831,1400,,,True,ece,,42
mfeat-fourier,tabpfn,icl,label_noise,0.4,3681262302,train_only,True,medium,True,ok,,0.8683333333333333,0.9853364197530864,0.717669697805434,0.3116799895860742,0.3323365443726293,0.3087978635788054,0.3317802922622832,0.0711712200235797,3.007677108007355,2.293710722326433,0.3151464411632321,1400,,,True,ece,,42
mfeat-karhunen,tabpfn,icl,covariate_shift,0.0,2164447148,test_only,True,medium,True,ok,,0.985,0.9995462962962964,0.0746999182522747,0.0324417622955869,0.0108818202152862,0.0259102919182564,0.004632333643913,0.0042593887361977,0.7478473356220307,0.4285104871341142,0.4856823109719704,1400,,,False,,,42
mfeat-karhunen,tabpfn,icl,covariate_shift,0.05,1116561384,test_only,True,low,True,ok,,0.98,0.9994537037037038,0.092140473906011,0.0400160993773311,0.0115280089956122,0.0311342852191001,0.0068436495210212,0.0048882289580204,0.8467576694583424,-0.0538652469403295,0.4824983646839744,1400,,,False,,,42
mfeat-karhunen,tabpfn,icl,covariate_shift,0.1,862709717,test_only,True,low,True,ok,,0.975,0.9993271604938272,0.1099938354468025,0.0477697157779206,0.0123572941292886,0.0418001771997453,0.008650947139978,0.0075776353373098,0.9166365393342294,0.409400837884286,0.4792121326136055,1400,,,False,,,42
mfeat-karhunen,tabpfn,icl,covariate_shift,0.2,507657375,test_only,True,low,True,ok,,0.905,0.996716049382716,0.3172442821039896,0.1377774411331212,0.059653063299328,0.1415809124685168,0.0450750795859525,0.0276964381843607,1.4910409774186737,0.0712051279756079,0.4313367722841487,1400,,,False,,,42
mfeat-karhunen,tabpfn,icl,covariate_shift,0.3,1459244195,test_only,True,low,True,ok,,0.7066666666666667,0.984604938271605,0.8791319977517469,0.3818021754881656,0.1096500902672212,0.4341525059575413,0.1100813056251338,0.0716275247904893,0.8989885236337352,0.5445704751422701,0.3141410576951677,1400,,,True,ece,,42
mfeat-karhunen,tabpfn,icl,covariate_shift,0.4,3297006782,test_only,True,low,True,ok,,0.41,0.95395987654321,1.5574839304958594,0.6764066766673394,0.0956707745739545,0.734647111571412,0.1136241099636515,0.0967978726419364,0.495425199961201,-0.3524596133680822,0.1733297988751307,1400,,,False,,,42
mfeat-karhunen,tabpfn,icl,label_noise,0.0,2526243509,train_only,True,medium,True,ok,,0.985,0.9995462962962964,0.0746999182522747,0.0324417622955869,0.0108818202152862,0.0259102919182564,0.004632333643913,0.0042593887361977,0.7478473356220307,0.4285104871341142,0.4856823109719704,1400,,,False,,,42
mfeat-karhunen,tabpfn,icl,label_noise,0.05,673427832,train_only,True,medium,True,ok,,0.9816666666666668,0.9988765432098764,0.108531508242088,0.0471346351421761,0.040337507164697,0.0340059034185269,0.0351696881689756,0.0093769712754921,1.6273623167796856,0.1179181650752597,0.4746488981478645,1400,,,False,,,42
mfeat-karhunen,tabpfn,icl,label_noise,0.1,1475895185,train_only,True,medium,True,ok,,0.9783333333333334,0.998398148148148,0.1485586507525873,0.064518202260841,0.0797086293025661,0.039649194637843,0.0722685510034212,0.0169967141007944,2.26890992149154,-0.0848044366948433,0.4608921653130863,1400,,,False,,,42
mfeat-karhunen,tabpfn,icl,label_noise,0.2,4249104405,train_only,True,medium,True,ok,,0.98,0.9948888888888888,0.256345611544178,0.111329484553751,0.1630259667966834,0.0668418821041575,0.1620758156881964,0.0340500767665449,2.593296722808754,0.9414832383309654,0.429207072385649,1400,,,True,ece,,42
mfeat-karhunen,tabpfn,icl,label_noise,0.3,2482647834,train_only,True,medium,True,ok,,0.9716666666666668,0.9957746913580248,0.3841462127611642,0.1668325804462061,0.2517372616774172,0.1194766945363755,0.2507673601732764,0.0523835293588349,3.1020095886962284,1.7015434146072153,0.3938739155059633,1400,,,True,ece,,42
mfeat-karhunen,tabpfn,icl,label_noise,0.4,2641814170,train_only,True,medium,True,ok,,0.96,0.9945987654320988,0.5401182048876955,0.2345703559582161,0.3419675241171973,0.1923657592531847,0.3393188884641684,0.0715363596289975,4.3682640876670735,2.604346272360966,0.3533449562903302,1400,,,True,ece,,42
mfeat-morphological,tabpfn,icl,covariate_shift,0.0,992237739,test_only,False,high,True,ok,,0.7533333333333333,0.9684907407407406,0.5971811612546912,0.2593524830294884,0.0301683038868338,0.3091288423541303,0.0307827133377665,0.0166279420145084,0.9452586115591872,-0.1148619457897842,0.3681323535730459,1400,,,False,,,42
mfeat-morphological,tabpfn,icl,covariate_shift,0.05,3497345983,test_only,False,low,True,ok,,0.465,0.9496790123456792,1.2747041139786843,0.5535969627603163,0.1389317194250828,0.6416815832918431,0.1389452947050617,0.0759302157595994,0.6552078357242465,-0.1362741557800376,0.2082722216078762,1400,,,True,ece,,42
mfeat-morphological,tabpfn,icl,covariate_shift,0.1,1408146462,test_only,False,low,True,ok,,0.495,0.9500061728395062,1.1505364640374294,0.4996716375599346,0.11478536406706,0.5932881205250076,0.0957788058338117,0.068778199361424,1.3522636069573415,-0.2450448595092721,0.2338935964124347,1400,,,True,ece,,42
mfeat-morphological,tabpfn,icl,covariate_shift,0.2,32762534,test_only,False,low,True,ok,,0.305,0.8880154320987655,1.5532258506642858,0.6745574160929835,0.1477097258078674,0.7419350161096415,0.1445764059217862,0.0693703280247006,1.106830338891455,-0.6920767264343968,0.1246462312450993,1400,,,True,ece,,42
mfeat-morphological,tabpfn,icl,covariate_shift,0.3,4235722357,test_only,False,low,True,ok,,0.1566666666666666,0.7832191358024693,2.393468454514582,1.039470142405187,0.3497454463580267,0.9832972237177648,0.3429434770687085,0.1097718758313839,1.5300976576285947,-2.1390934693674803,-0.0841634344622972,1400,,,True,ece;nll,,42
mfeat-morphological,tabpfn,icl,covariate_shift,0.4,2431469896,test_only,False,low,True,ok,,0.1383333333333333,0.7391604938271604,2.9211275610241985,1.268629580688314,0.3865910705241692,1.0687495562986034,0.3865910705241692,0.1285746353673234,1.3560209195149742,-2.541936293099744,-0.1784509154718219,1400,,,True,ece;nll,,42
mfeat-morphological,tabpfn,icl,label_noise,0.0,4008918659,train_only,False,high,True,ok,,0.7533333333333333,0.9684907407407406,0.5971811612546912,0.2593524830294884,0.0301683038868338,0.3091288423541303,0.0307827133377665,0.0166279420145084,0.9452586115591872,-0.1148619457897842,0.3681323535730459,1400,,,False,,,42
mfeat-morphological,tabpfn,icl,label_noise,0.05,1027470083,train_only,False,high,True,ok,,0.745,0.9678055555555554,0.5896665896742016,0.2560889460582147,0.0448909291877358,0.3066767476572262,0.048826680377573,0.0158257791094184,1.3421755144799914,-0.1029728926723265,0.3646770747894328,1400,,,False,,,42
mfeat-morphological,tabpfn,icl,label_noise,0.1,2746920876,train_only,False,high,True,ok,,0.7483333333333333,0.96529012345679,0.6304924610324169,0.2738193967079796,0.0539869188122429,0.3162629208645926,0.0687423379924136,0.0207574794823069,1.6335853401724312,-0.0651235240595305,0.3571583404350339,1400,,,False,,,42
mfeat-morphological,tabpfn,icl,label_noise,0.2,3615581891,train_only,False,high,True,ok,,0.755,0.9645,0.7117351401734947,0.3091026439539862,0.1264761214963937,0.3349006156271089,0.1181412427164326,0.0318700029779343,1.7261762114558057,0.5116959940507918,0.3327989825145253,1400,,,True,ece,,42
mfeat-morphological,tabpfn,icl,label_noise,0.3,3280676974,train_only,False,high,True,ok,,0.7466666666666667,0.9626296296296296,0.8071969932241393,0.3505611999661402,0.1729180667926819,0.3628475442339547,0.1714799354796339,0.0475995791310658,2.066284183439038,0.8826548015064223,0.3091683970219919,1400,,,True,ece,,42
mfeat-morphological,tabpfn,icl,label_noise,0.4,2043319680,train_only,False,high,True,ok,,0.7233333333333334,0.9634567901234568,0.9334710071336826,0.4054013074148293,0.2301234069254208,0.4138916071167651,0.2294895713362839,0.063270845182873,2.479586488288353,1.5742160477568727,0.2780648029336768,1400,,,True,ece,,42
mfeat-zernike,tabpfn,icl,covariate_shift,0.0,2901604082,test_only,True,medium,True,ok,,0.84,0.9841728395061728,0.2535338273756653,0.110108342205063,0.0565076453495539,0.1501503629705616,0.0577040547431873,0.0113950302680113,1.1583760926948992,-0.7710822633140867,0.4261264620957307,1400,,,False,,,42
mfeat-zernike,tabpfn,icl,covariate_shift,0.05,1368474266,test_only,True,low,True,ok,,0.8366666666666667,0.9839537037037036,0.2690481067939885,0.116846108147146,0.0503159030495872,0.1512331592439042,0.0437735247192956,0.010962737078909,1.4068501065970185,-0.6526004480765597,0.424766783242235,1400,,,False,,,42
mfeat-zernike,tabpfn,icl,covariate_shift,0.1,3704414058,test_only,True,low,True,ok,,0.795,0.981675925925926,0.4125967083896822,0.1791884737050841,0.0452514197465889,0.2120302255620177,0.0499086887348846,0.0173846455367569,1.3556847838163828,-0.3537422071609315,0.400029748013231,1400,,,False,,,42
mfeat-zernike,tabpfn,icl,covariate_shift,0.2,1693765375,test_only,True,low,True,ok,,0.6316666666666667,0.9546635802469134,1.006272773338598,0.4370187127504348,0.0667420299140442,0.4576980657706574,0.0730647261914068,0.0476523710508341,1.1374788564293834,-0.3384042791710875,0.2844282332784804,1400,,,False,,,42
mfeat-zernike,tabpfn,icl,covariate_shift,0.3,3664228838,test_only,True,low,True,ok,,0.42,0.906179012345679,1.6848704241661088,0.7317299279373323,0.1282579982864331,0.7032785066959599,0.1285156524297648,0.0790095177539445,1.3028756232036638,-0.6614452874081767,0.1349920762825013,1400,,,True,ece,,42
mfeat-zernike,tabpfn,icl,covariate_shift,0.4,2237469444,test_only,True,low,True,ok,,0.3366666666666666,0.8802561728395062,1.9205087254793625,0.8340663419227341,0.1690395875058286,0.7947760838878417,0.1663428306625924,0.0908594647338921,1.13574559640927,-0.8293698187170103,0.0745618404158412,1400,,,True,ece;nll,,42
mfeat-zernike,tabpfn,icl,label_noise,0.0,2545512923,train_only,True,medium,True,ok,,0.84,0.9841728395061728,0.2535338273756653,0.110108342205063,0.0565076453495539,0.1501503629705616,0.0577040547431873,0.0113950302680113,1.1583760926948992,-0.7710822633140867,0.4261264620957307,1400,,,False,,,42
mfeat-zernike,tabpfn,icl,label_noise,0.05,1379034929,train_only,True,medium,True,ok,,0.845,0.98520987654321,0.291238778011978,0.1264833942068481,0.0555733129429983,0.1577184592032821,0.05281874211477,0.0144795574083608,1.8237952200508365,-0.5277234109634179,0.4225137759394694,1400,,,False,,,42
mfeat-zernike,tabpfn,icl,label_noise,0.1,2957766361,train_only,True,medium,True,ok,,0.845,0.9836512345679012,0.3440484294637889,0.1494183344236037,0.0822604552996036,0.1614240075259366,0.0778814491009714,0.0215107395059244,2.349748272070164,-0.2455278171614382,0.4097503407117635,1400,,,False,,,42
mfeat-zernike,tabpfn,icl,label_noise,0.2,665061636,train_only,True,medium,True,ok,,0.855,0.9855833333333336,0.4400799030857209,0.1911242735066464,0.1335860380781124,0.1888680312220091,0.1292536632106384,0.0363453770968622,2.6386981467588875,0.5313782638823061,0.3891496769990502,1400,,,True,ece,,42
mfeat-zernike,tabpfn,icl,label_noise,0.3,2096774844,train_only,True,medium,True,ok,,0.8516666666666667,0.984148148148148,0.5703738367558874,0.247710209925068,0.2204650074121364,0.2332274671194152,0.2196835516052101,0.0528962820260294,4.031033706680999,1.340353941894599,0.3537957873919041,1400,,,True,ece,,42
mfeat-zernike,tabpfn,icl,label_noise,0.4,1867444415,train_only,True,medium,True,ok,,0.8366666666666667,0.982246913580247,0.7322750116984502,0.3180229968162761,0.286742994210281,0.3055231036701153,0.2862330497312608,0.0683755365735066,3.8622578498367695,2.197824236017006,0.3165309218661474,1400,,,True,ece,,42
optdigits,tabpfn,icl,covariate_shift,0.0,2070662251,test_only,True,low,True,ok,,0.9958481613285884,0.9999791441748862,0.0197181926928377,0.0085635022796044,0.0053010956591463,0.0089018097201012,0.0024664426438944,0.0017048051381379,0.8600769484126869,0.8694106862997857,0.4957406548447878,3934,,,False,,,42
optdigits,tabpfn,icl,covariate_shift,0.05,4205413852,test_only,True,low,True,ok,,0.9845788849347568,0.9990174648129097,0.4812996791195957,0.2090257947834461,0.3468176731617735,0.1817085162950761,0.3454839465701342,0.0698137567542888,5.2857006504436495,4.742836357719907,0.3652716723573433,3934,,,True,ece,,42
optdigits,tabpfn,icl,covariate_shift,0.1,2667385677,test_only,True,low,True,ok,,0.9798339264531436,0.9989686549907288,0.4607058343686648,0.2000820016469446,0.3230094417742121,0.1738846372514691,0.3230094417742122,0.066307487121061,3.858451000456116,3.7992303909942895,0.3719876293658007,3934,,,True,ece,,42
optdigits,tabpfn,icl,covariate_shift,0.2,2364768541,test_only,True,low,True,ok,,0.9626334519572952,0.9982861771690792,0.5648924981490316,0.2453296948146673,0.3624499074037368,0.2255173531570431,0.3624499074037368,0.0754962706846907,2.7550542049877187,3.169005483207159,0.3477062898776244,3934,,,True,ece,,42
optdigits,tabpfn,icl,covariate_shift,0.3,3778865239,test_only,True,low,True,ok,,0.8766310794780545,0.9954697078527496,0.7072385148536205,0.3071497843903784,0.3223932980565087,0.3139598456706863,0.3221580745469499,0.0827080106644913,2.502399058680825,2.17197440823719,0.3232854647417553,3934,,,True,ece,,42
optdigits,tabpfn,icl,covariate_shift,0.4,2571573961,test_only,True,low,True,ok,,0.8588374851720048,0.992308021320388,0.817425703371275,0.355003472340029,0.3483733960246187,0.3615102558920881,0.3479959133823729,0.0866985514487785,2.466777640593076,2.4119791842591045,0.2999577093310039,3934,,,True,ece,,42
optdigits,tabpfn,icl,label_noise,0.0,2092207331,train_only,True,low,True,ok,,0.9958481613285884,0.9999791441748862,0.0197181926928377,0.0085635022796044,0.0053010956591463,0.0089018097201012,0.0024664426438944,0.0017048051381379,0.8600769484126869,0.8694106862997857,0.4957406548447878,3934,,,False,,,42
optdigits,tabpfn,icl,label_noise,0.05,4267460262,train_only,True,low,True,ok,,0.9934756820877816,0.999834636836074,0.0561557817127264,0.0243881461248006,0.0351341941533863,0.0123252870164577,0.0339770014080576,0.0078601570853795,1.949557253547266,0.0119016914072394,0.4846201925376757,3934,,,False,,,42
optdigits,tabpfn,icl,label_noise,0.1,73288180,train_only,True,low,True,ok,,0.9922894424673784,0.9995109231247784,0.0977413708312204,0.0424485380056584,0.0724722949244112,0.0181007614879189,0.0702058631774841,0.0152712180177694,2.4972471032832746,-0.0528056772710836,0.4714432190771994,3934,,,False,,,42
optdigits,tabpfn,icl,label_noise,0.2,323267714,train_only,True,low,True,ok,,0.9934756820877816,0.9990093580563016,0.1900124732115183,0.0825213686085518,0.1550562048204531,0.038915913430826,0.1550562048204531,0.0317148710697584,3.104471171734922,0.9160501091732663,0.4429069760862166,3934,,,True,ece,,42
optdigits,tabpfn,icl,label_noise,0.3,3289791773,train_only,True,low,True,ok,,0.99288256227758,0.9996865316605404,0.3101914047892914,0.1347144154338072,0.249651263321313,0.0839174122084575,0.2494963588418991,0.050632972174786,3.169610846343073,2.5453450167052525,0.4084780931284213,3934,,,True,ece,,42
optdigits,tabpfn,icl,label_noise,0.4,1973888929,train_only,True,low,True,ok,,0.9911032028469752,0.9997543915704372,0.4532748050420875,0.1968547466155508,0.3462237853705134,0.1499417094070228,0.345948716481272,0.0697419955696653,3.8314197752716224,3.476426397271272,0.3702783364179314,3934,,,True,ece,,42
ozone-level-8hr,tabpfn,icl,covariate_shift,0.0,1508228927,test_only,True,medium,True,ok,,0.9448094612352168,0.9282959326788218,0.1428372372405429,0.2060705738212116,0.0181099991375068,0.0859339799823621,0.0160564139152354,0.0251840230054841,0.8711981192187168,-0.0439048009574452,0.4011818236490053,1773,,,False,,,42
ozone-level-8hr,tabpfn,icl,covariate_shift,0.05,2625978927,test_only,True,low,True,ok,,0.9408672798948752,0.9230072463768116,0.1620145206686412,0.2337375455206511,0.0340591196955972,0.0949912248316925,0.0274644564808579,0.0363843420944357,0.8039313171696756,-0.3820177086491946,0.3872495406208004,1773,,,False,,,42
ozone-level-8hr,tabpfn,icl,covariate_shift,0.1,1706143145,test_only,True,low,True,ok,,0.9408672798948752,0.91044296400187,0.1849273842732573,0.266793820215596,0.0388368987978999,0.1029888068466884,0.0346496809683605,0.0402519578807451,0.7213617534086898,-0.3818044603515293,0.371979603560627,1773,,,False,,,42
ozone-level-8hr,tabpfn,icl,covariate_shift,0.2,1381615219,test_only,True,low,True,ok,,0.9356110381077528,0.8879441327723234,0.2166261668807683,0.3125254966856696,0.0525031534507629,0.1117310318545382,0.0443858560054643,0.0525031534507628,0.737047141750208,-0.7268581693057856,0.3468638224906226,1773,,,False,,,42
ozone-level-8hr,tabpfn,icl,covariate_shift,0.3,3619102625,test_only,True,low,True,ok,,0.9356110381077528,0.8648316970546984,0.2323854039531743,0.3352612698582231,0.0481493320729405,0.1186244983612342,0.0445307449018547,0.0499077208395647,0.6909985191820389,-0.4361494515208527,0.3328245023132523,1773,,,False,,,42
ozone-level-8hr,tabpfn,icl,covariate_shift,0.4,2429985716,test_only,True,low,True,ok,,0.9369250985545337,0.8319308087891538,0.2473721023780148,0.356882505355039,0.051822254080624,0.1206323920896697,0.0460002850872042,0.051822254080624,0.6486642416494961,-0.2203088142230602,0.3142853454367474,1773,,,False,,,42
ozone-level-8hr,tabpfn,icl,label_noise,0.0,1573495801,train_only,True,medium,True,ok,,0.9448094612352168,0.9282959326788218,0.1428372372405429,0.2060705738212116,0.0181099991375068,0.0859339799823621,0.0160564139152354,0.0251840230054841,0.8711981192187168,-0.0439048009574452,0.4011818236490053,1773,,,False,,,42
ozone-level-8hr,tabpfn,icl,label_noise,0.05,516794125,train_only,True,medium,True,ok,,0.9408672798948752,0.9126344086021504,0.1765233227217243,0.2546693222918738,0.0370387641321725,0.0928580917999195,0.0376403924771335,0.0395427308144991,1.670621537518117,-0.7940003390217406,0.3767435854809873,1773,,,False,,,42
ozone-level-8hr,tabpfn,icl,label_noise,0.1,2334037436,train_only,True,medium,True,ok,,0.9369250985545337,0.881749649368864,0.2119324798064711,0.3057539376200963,0.0764929704975749,0.1045050255781676,0.0696617330427667,0.0812173990956018,2.021510596682461,-1.0794017663548865,0.3421263666767385,1773,,,False,,,42
ozone-level-8hr,tabpfn,icl,label_noise,0.2,3765286203,train_only,True,medium,True,ok,,0.9369250985545337,0.8719611968209444,0.3058892402836913,0.441304890018574,0.1604293680527274,0.1547742993175809,0.1604293680527273,0.1685147346724229,2.814727462587431,-0.3280232625714377,0.2812478430543928,1773,,,True,ece,,42
ozone-level-8hr,tabpfn,icl,label_noise,0.3,2920275744,train_only,True,medium,True,ok,,0.9369250985545337,0.7486851332398318,0.4099472917210395,0.591428924791805,0.237339841282638,0.2303210432521182,0.2373398412826379,0.2373398412826381,83.07696603605167,-67.12794026030006,0.177681915723052,1773,,,True,ece,,42
ozone-level-8hr,tabpfn,icl,label_noise,0.4,476708271,train_only,True,medium,True,ok,,0.9369250985545337,0.6885226741467976,0.5520350669101329,0.7964182534280559,0.3487608751902594,0.3603385758157705,0.3487608751902594,0.3487608751902594,12.020240716741483,-1.4906479683477962,0.0728440496680905,1773,,,True,ece;nll,,42
pc1,tabpfn,icl,covariate_shift,0.0,2412636436,test_only,False,high,True,ok,,0.9309309309309308,0.882328190743338,0.1876003089874585,0.2706500354454437,0.0190233917827185,0.1086590708538795,0.0198430256280864,0.0246053262196379,0.7781591137349122,0.1317507291113977,0.3634548174096311,776,,,False,,,42
pc1,tabpfn,icl,covariate_shift,0.05,1618443385,test_only,False,low,True,ok,,0.9309309309309308,0.8636746143057503,0.206694734592575,0.2981974685745685,0.057945040777894,0.1139147638267275,0.0666554153541178,0.0607554109718524,1.402580773396757,-0.1735541064050928,0.3408775059187028,776,,,False,,,42
pc1,tabpfn,icl,covariate_shift,0.1,51866812,test_only,False,low,True,ok,,0.9309309309309308,0.8603085553997196,0.2264924567737583,0.3267595441862591,0.0663225810002052,0.1209085494506967,0.0706949979354679,0.067384191192286,1.59668197064122,-0.0915443194206831,0.3294552545736226,776,,,False,,,42
pc1,tabpfn,icl,covariate_shift,0.2,3833006923,test_only,False,low,True,ok,,0.927927927927928,0.8532959326788219,0.2599978467458768,0.3750976041420852,0.0959621750769463,0.1372593710059086,0.0959621750769463,0.1043350495054505,1.7807798911509196,0.0927022195419908,0.306121049368762,776,,,False,,,42
pc1,tabpfn,icl,covariate_shift,0.3,718064369,test_only,False,low,True,ok,,0.9129129129129128,0.8460028050490884,0.3121820802806641,0.4503835390753143,0.1412505559324045,0.1662276843456331,0.1340007952049622,0.1586764052735809,2.6679683177487448,-0.3667450324523721,0.2696727457950426,776,,,True,ece,,42
pc1,tabpfn,icl,covariate_shift,0.4,3825947176,test_only,False,low,True,ok,,0.8798798798798799,0.8429172510518935,0.3781057670390539,0.5454913150387608,0.1724669829873953,0.2147016704040146,0.1663658206551417,0.2208479319504969,4.205372794631671,-1.1084302618376884,0.2288622287410373,776,,,True,ece,,42
pc1,tabpfn,icl,label_noise,0.0,811700726,train_only,False,high,True,ok,,0.9309309309309308,0.882328190743338,0.1876003089874585,0.2706500354454437,0.0190233917827185,0.1086590708538795,0.0198430256280864,0.0246053262196379,0.7781591137349122,0.1317507291113977,0.3634548174096311,776,,,False,,,42
pc1,tabpfn,icl,label_noise,0.05,2663651886,train_only,False,high,True,ok,,0.933933933933934,0.8949509116409536,0.1996249969139366,0.2879979930852109,0.0489746678313922,0.1079433050208024,0.0448756279431762,0.0513026197724384,1.5989097166289274,-0.8041688071953147,0.3571285776725821,776,,,False,,,42
pc1,tabpfn,icl,label_noise,0.1,933317123,train_only,False,high,True,ok,,0.9309309309309308,0.8617110799438991,0.2484358399746811,0.3584171543105565,0.0754184880078653,0.127026854635174,0.0849387600638368,0.0754184880078653,3.431366794044794,-3.8790551029874103,0.3186296737252643,776,,,False,,,42
pc1,tabpfn,icl,label_noise,0.2,4189714826,train_only,False,high,True,ok,,0.9129129129129128,0.7141654978962132,0.33752543021479,0.4869462643447915,0.1410377327289796,0.1824681761811534,0.1430984040053524,0.1539714154715385,6.564100361660722,-5.284218004988317,0.2126034353513781,776,,,True,ece,,42
pc1,tabpfn,icl,label_noise,0.3,498045029,train_only,False,high,True,ok,,0.927927927927928,0.6813464235624123,0.4354704256846592,0.6282510235890637,0.2457001131262687,0.2529867714891523,0.2457001131262689,0.2491047475176941,3.3206649741949485,0.0530339151892234,0.1400451077340606,776,,,True,ece,,42
pc1,tabpfn,icl,label_noise,0.4,3619365516,train_only,False,high,True,ok,,0.8918918918918919,0.4976157082748948,0.5378918945517365,0.7760139688041595,0.282581899699253,0.3481576902225717,0.2817330882205914,0.3283682545325779,4.161955843204839,0.3681100912317934,0.0186287110988985,776,,,True,ece;nll,,42
pc3,tabpfn,icl,covariate_shift,0.0,3973713218,test_only,False,high,True,ok,,0.9019189765458422,0.865152414885194,0.2390532493751482,0.344880937381919,0.0210286447938503,0.1415839031482427,0.031605062889447,0.0228580167871978,1.0008524105443688,-0.082744752366385,0.3304211815183484,1094,,,False,,,42
pc3,tabpfn,icl,covariate_shift,0.05,3475287676,test_only,False,low,True,ok,,0.8976545842217484,0.8436262866191607,0.2694959257210717,0.3888004355775706,0.0534874279869689,0.1560382406379021,0.0546970099014975,0.0534874279869689,1.5553128927265452,-0.2658256462630899,0.3025797716793035,1094,,,False,,,42
pc3,tabpfn,icl,covariate_shift,0.1,3108681833,test_only,False,low,True,ok,,0.8976545842217484,0.8411025336500396,0.2942652999388433,0.4245350889274726,0.0770863110823633,0.1654833921916088,0.0901558464169667,0.0770863110823633,1.923969862796184,-0.3504532716373835,0.2862562855160616,1094,,,False,,,42
pc3,tabpfn,icl,covariate_shift,0.2,1318697240,test_only,False,low,True,ok,,0.8997867803837953,0.8351642913697546,0.3636093584599146,0.5245774182709363,0.1543010759474611,0.2035663133607204,0.154301075947461,0.1544365566695916,2.8851535202020173,-0.379408160315891,0.2390420783662102,1094,,,True,ece,,42
pc3,tabpfn,icl,covariate_shift,0.3,830186191,test_only,False,low,True,ok,,0.8976545842217484,0.8071555819477434,0.3858603587933172,0.5566788261067549,0.1720419115598239,0.2186271813534027,0.1692031253281704,0.1720419115598239,3.280449745537533,-0.6300724738954278,0.2157406111709811,1094,,,True,ece,,42
pc3,tabpfn,icl,covariate_shift,0.4,2571879071,test_only,False,low,True,ok,,0.8976545842217484,0.801959619952494,0.4289193182608916,0.6187997733964634,0.205392719734008,0.2510400737125201,0.2053927197340079,0.205392719734008,4.723420244418434,-1.1713920900543917,0.1886155786508945,1094,,,True,ece,,42
pc3,tabpfn,icl,label_noise,0.0,1277639104,train_only,False,high,True,ok,,0.9019189765458422,0.865152414885194,0.2390532493751482,0.344880937381919,0.0210286447938503,0.1415839031482427,0.031605062889447,0.0228580167871978,1.0008524105443688,-0.082744752366385,0.3304211815183484,1094,,,False,,,42
pc3,tabpfn,icl,label_noise,0.05,3433992050,train_only,False,high,True,ok,,0.8997867803837953,0.8528305621536025,0.2597285062393347,0.3747090279289864,0.0395939934783192,0.1490044807087083,0.0440999113108933,0.0410394789790806,1.5928005079919207,-0.5064189379051118,0.3131272067369703,1094,,,False,,,42
pc3,tabpfn,icl,label_noise,0.1,3950545172,train_only,False,high,True,ok,,0.9019189765458422,0.8288796516231195,0.2929493377230128,0.4226365567646968,0.0845244529656728,0.1625443194819744,0.0772306853940044,0.0845244529656727,1.9192408078594971,-0.5037040719025847,0.2816998669274245,1094,,,False,,,42
pc3,tabpfn,icl,label_noise,0.2,2873103936,train_only,False,high,True,ok,,0.8997867803837953,0.77548495645289,0.3825676257593766,0.5519284164877175,0.1589829492291871,0.2146793667479293,0.1535235584847753,0.165430764858908,4.440499265304656,-2.47158135076891,0.209012637023928,1094,,,True,ece,,42
pc3,tabpfn,icl,label_noise,0.3,114887551,train_only,False,high,True,ok,,0.8955223880597015,0.7658353127474267,0.4621107323923257,0.6666848619639753,0.2219271758198357,0.2780211162975084,0.2343122420711284,0.2257424221090544,5.751997412572303,-1.9804995992222905,0.1579798239173948,1094,,,True,ece,,42
pc3,tabpfn,icl,label_noise,0.4,3596930495,train_only,False,high,True,ok,,0.8848614072494669,0.6605304829770389,0.5831696191886503,0.841335917600571,0.3071980312914346,0.3903353739712382,0.2991683082197026,0.3191698814224695,-0.7740808659069613,2.325117556745224,0.0500744985909253,1094,,,True,ece;nll,,42
pc4,tabpfn,icl,covariate_shift,0.0,3201597434,test_only,False,high,True,ok,,0.9178082191780822,0.956162705219309,0.1889480996849327,0.2725944864008459,0.0321426310938407,0.104408770270074,0.0270663530501883,0.041999229224588,0.7407123659916521,0.1934752956929344,0.3841213075644484,1020,,,False,,,42
pc4,tabpfn,icl,covariate_shift,0.05,1956075214,test_only,False,low,True,ok,,0.91324200913242,0.933913256554766,0.252711227202206,0.3645852342615867,0.1004378950517691,0.1414421096149698,0.0941020791945124,0.1012430521372519,2.4686519575852848,-0.1998166666555976,0.3343927918752012,1020,,,True,ece,,42
pc4,tabpfn,icl,covariate_shift,0.1,550620341,test_only,False,low,True,ok,,0.91324200913242,0.912741975006126,0.2791612012889332,0.4027444807081496,0.103847406943915,0.1574243692813771,0.103847406943915,0.1071598109981984,2.085483620187495,0.1154997448141219,0.3148531670207792,1020,,,True,ece,,42
pc4,tabpfn,icl,covariate_shift,0.2,1103348049,test_only,False,low,True,ok,,0.8995433789954338,0.8855917667238422,0.2811885771391854,0.4056693657933266,0.0833885362536275,0.1586468526002687,0.0782830003702881,0.08202189341247,2.0675397747148567,-0.5136207601871453,0.3065101082139363,1020,,,False,,,42
pc4,tabpfn,icl,covariate_shift,0.3,3598305418,test_only,False,low,True,ok,,0.8904109589041096,0.8916687086498407,0.2790890664580687,0.402640412145386,0.067298103469026,0.159366827242393,0.0744163386755521,0.0772884052671767,2.0719507111855884,-0.9966347733081258,0.3113939475256396,1020,,,False,,,42
pc4,tabpfn,icl,covariate_shift,0.4,2871890870,test_only,False,low,True,ok,,0.8789954337899544,0.880887037490811,0.2869319336548068,0.4139552777564709,0.0591949339503162,0.1715793992684263,0.0758734200804165,0.0591949339503162,2.333452068732175,-2.5300082454049493,0.3041342080732724,1020,,,False,,,42
pc4,tabpfn,icl,label_noise,0.0,1545110548,train_only,False,high,True,ok,,0.9178082191780822,0.956162705219309,0.1889480996849327,0.2725944864008459,0.0321426310938407,0.104408770270074,0.0270663530501883,0.041999229224588,0.7407123659916521,0.1934752956929344,0.3841213075644484,1020,,,False,,,42
pc4,tabpfn,icl,label_noise,0.05,1592224429,train_only,False,high,True,ok,,0.9178082191780822,0.9501837784856652,0.2028213036829353,0.2926092890100053,0.0597854583441729,0.1124213931830324,0.0534948343377319,0.0650632826838218,1.6849174027846912,-0.1727379977120971,0.3704956769748589,1020,,,False,,,42
pc4,tabpfn,icl,label_noise,0.1,3836215015,train_only,False,high,True,ok,,0.9178082191780822,0.936559666748346,0.2382919431576199,0.343782604677293,0.0901568841517306,0.1271368907631189,0.0914647860688479,0.0901366191218791,2.1485473865149536,-0.2015550332588297,0.3443009580050993,1020,,,False,,,42
pc4,tabpfn,icl,label_noise,0.2,1377686514,train_only,False,high,True,ok,,0.8995433789954338,0.9210242587601076,0.3401101360255096,0.4906752066000735,0.167172962351843,0.1858043661130959,0.1653325677513364,0.1622542205070486,3.698572077039473,-0.5931539459989377,0.2766528429649622,1020,,,True,ece,,42
pc4,tabpfn,icl,label_noise,0.3,1058521666,train_only,False,high,True,ok,,0.906392694063927,0.8902964959568733,0.4342096170481923,0.6264320612217229,0.2291074848859996,0.254140994410884,0.2283275809904222,0.2378984077971085,4.641663516683201,-0.6733036821233656,0.2138115623507779,1020,,,True,ece,,42
pc4,tabpfn,icl,label_noise,0.4,709377711,train_only,False,high,True,ok,,0.8744292237442922,0.7337662337662337,0.5698602975042708,0.8221346252089209,0.285184038007134,0.3782399914530885,0.2851840380071341,0.2900150035772287,8.567708787848783,-1.0312007317264027,0.0843053702157225,1020,,,True,ece;nll,,42
pendigits,tabpfn,icl,covariate_shift,0.0,850147953,test_only,True,low,True,ok,,0.9987871437234688,0.9999903572450952,0.0070069067665445,0.0030430609439208,0.0016756360325859,0.002485394661152,0.0014373585982046,0.0005527335951853,1.0752529096457817,0.8038590105996026,0.4985666511046102,7694,,,False,,,42
pendigits,tabpfn,icl,covariate_shift,0.05,1908831214,test_only,True,low,True,ok,,0.9942389326864768,0.999866877402847,0.0659613970392136,0.0286466707527599,0.0475582873818988,0.0177806619683681,0.0472311766514225,0.0101428129405089,2.32139899815858,1.0056170743748345,0.4809835882917602,7694,,,False,,,42
pendigits,tabpfn,icl,covariate_shift,0.1,3514009998,test_only,True,low,True,ok,,0.9775621588841722,0.999687449537694,0.149230506727281,0.0648099856032842,0.0882001188010909,0.0554961029429375,0.0880758174044007,0.0206647422437188,2.164371736232548,1.1704017684502177,0.4594419117296152,7694,,,False,,,42
pendigits,tabpfn,icl,covariate_shift,0.2,291484989,test_only,True,low,True,ok,,0.7243784111582777,0.9945378990597936,0.6773179729458945,0.2941554581442979,0.0351629120195288,0.3582637803072963,0.0364591038685442,0.0615323290757601,1.2536763756382372,0.0404340636113635,0.3614658064974743,7694,,,False,,,42
pendigits,tabpfn,icl,covariate_shift,0.3,21195251,test_only,True,low,True,ok,,0.4396604002425712,0.9523590626039198,1.603552582215602,0.6964140378979464,0.204466677740941,0.7449588444067787,0.2062632664933626,0.0849773960962392,1.1337679144845367,-1.042248658927027,0.1494571850301854,7694,,,True,ece,,42
pendigits,tabpfn,icl,covariate_shift,0.4,3098963260,test_only,True,low,True,ok,,0.3514251061249241,0.8953313882148815,2.1796158346090992,0.9465951296396824,0.2400755980251564,0.8933807926806384,0.2368679218045528,0.1019110501841151,0.1739841020125,-0.653197953518906,0.034086093297011,7694,,,True,ece;nll,,42
pendigits,tabpfn,icl,label_noise,0.0,4226942111,train_only,True,low,True,ok,,0.9987871437234688,0.9999903572450952,0.0070069067665445,0.0030430609439208,0.0016756360325859,0.002485394661152,0.0014373585982046,0.0005527335951853,1.0752529096457817,0.8038590105996026,0.4985666511046102,7694,,,False,,,42
pendigits,tabpfn,icl,label_noise,0.05,791580103,train_only,True,low,True,ok,,0.9987871437234688,0.9999490901232108,0.0378730431931383,0.0164480536716635,0.0328751619562608,0.0040023540180245,0.0328751619562607,0.006698254078133,2.0956374763520293,0.8253178203422457,0.4882908046088929,7694,,,False,,,42
pendigits,tabpfn,icl,label_noise,0.1,4249564648,train_only,True,low,True,ok,,0.9975742874469375,0.999849342039653,0.0784278447672521,0.0340607802099824,0.0693642271721813,0.0090898547602234,0.0688886929238194,0.0141499707632695,2.7990271025909164,0.1463234280282805,0.4754923333334881,7694,,,False,,,42
pendigits,tabpfn,icl,label_noise,0.2,162197832,train_only,True,low,True,ok,,0.9966646452395392,0.9998290861056006,0.1734590280683835,0.0753322987264002,0.1530630741314979,0.0304899154525656,0.15126479970444,0.0308241350368509,4.577171313125852,-0.3171291685336863,0.4462275724786714,7694,,,True,ece,,42
pendigits,tabpfn,icl,label_noise,0.3,3282255718,train_only,True,low,True,ok,,0.9978775015160704,0.9998991663824628,0.2866169791744093,0.1244761724752252,0.2438675258280425,0.0706584405662125,0.2438675258280425,0.0490286773116969,4.010185169901283,2.669503266611738,0.4135299765530964,7694,,,True,ece,,42
pendigits,tabpfn,icl,label_noise,0.4,2267040136,train_only,True,low,True,ok,,0.9966646452395392,0.9998029541519284,0.4257677694051524,0.1849085928249138,0.3399052498190143,0.1346932670860919,0.3399052498190143,0.0683131520286319,4.542857220021071,3.748230720717442,0.3759771029278286,7694,,,True,ece,,42
phoneme,tabpfn,icl,covariate_shift,0.0,3797670182,test_only,True,medium,True,ok,,0.9180024660912454,0.9718018097291272,0.1978941580398433,0.2855009204249787,0.021963583893161,0.120993664438756,0.0204579503846418,0.0257680137940888,0.871241118487037,-0.054903459773139,0.3877880104127554,3782,,,False,,,42
phoneme,tabpfn,icl,covariate_shift,0.05,112867050,test_only,True,low,True,ok,,0.8205918618988902,0.9086482760643524,0.3930197760407279,0.5670076818652493,0.0542832976125385,0.2482622461417805,0.0543147203640086,0.077044831437513,0.7406780800777724,-0.1636142326191118,0.2601567118252743,3782,,,False,,,42
phoneme,tabpfn,icl,covariate_shift,0.1,1239422150,test_only,True,low,True,ok,,0.7651048088779285,0.8668019563846481,0.5577531915590599,0.8046677635022478,0.090282339258531,0.3372699846078608,0.0902823392585311,0.1433575280510303,0.4818122244429914,0.0538623819768681,0.1586896091639355,3782,,,True,nll,,42
phoneme,tabpfn,icl,covariate_shift,0.2,227882674,test_only,True,low,True,ok,,0.7071516646115906,0.8255660903104698,0.708837846518646,1.0226368459668629,0.1411093497212362,0.4267814965916444,0.1435556417212318,0.1998925313118456,0.3864069710044531,-0.0090627303963707,0.0600079575660968,3782,,,True,ece;nll,,42
phoneme,tabpfn,icl,covariate_shift,0.3,2595602307,test_only,True,low,True,ok,,0.6775585696670777,0.7958206842946602,0.6889632913152623,0.9939639237350671,0.1352082412473058,0.4407766579447181,0.1352082412473058,0.2031148455497268,0.4722221822609782,-0.1078951877996672,0.0549401995832114,3782,,,True,ece;nll,,42
phoneme,tabpfn,icl,covariate_shift,0.4,1346331037,test_only,True,low,True,ok,,0.6553637484586929,0.7580623872585681,0.6371254840932356,0.9191777763252912,0.0985605132217741,0.4305068705577395,0.1017236430739126,0.1927839453730825,0.6960417104667918,-0.1864772591141311,0.0681609622673606,3782,,,True,nll,,42
phoneme,tabpfn,icl,label_noise,0.0,3260412492,train_only,True,medium,True,ok,,0.9180024660912454,0.9718018097291272,0.1978941580398433,0.2855009204249787,0.021963583893161,0.120993664438756,0.0204579503846418,0.0257680137940888,0.871241118487037,-0.054903459773139,0.3877880104127554,3782,,,False,,,42
phoneme,tabpfn,icl,label_noise,0.05,471835201,train_only,True,medium,True,ok,,0.906288532675709,0.9637320896945166,0.2292224983129587,0.3306981615762843,0.0301324436781601,0.1342621142210964,0.0301624820257649,0.0353672279000938,1.5082585377527309,-0.3411454609296255,0.3680135740859198,3782,,,False,,,42
phoneme,tabpfn,icl,label_noise,0.1,2974796010,train_only,True,medium,True,ok,,0.8982737361282368,0.9591802689662252,0.2744355278647549,0.3959267750942269,0.0642839200400716,0.1545833345880632,0.0603098963465872,0.063982833715258,1.801186360092745,-0.368515308348092,0.3388193380211319,3782,,,False,,,42
phoneme,tabpfn,icl,label_noise,0.2,1773909251,train_only,True,medium,True,ok,,0.8581997533908755,0.926252438148034,0.3930691438833564,0.5670789046069887,0.1222844779472156,0.2317094469732896,0.1229720394928647,0.121502454617314,2.5067685218077758,-0.3772556904900361,0.2583377493889034,3782,,,True,ece,,42
phoneme,tabpfn,icl,label_noise,0.3,211529636,train_only,True,medium,True,ok,,0.8397040690505548,0.9205420388050508,0.4922451231927898,0.7101595981320147,0.2070107495824376,0.3081367643584131,0.20722435776968,0.2143691819650005,4.626596547078997,-0.5459699134359096,0.193695294583259,3782,,,True,ece,,42
phoneme,tabpfn,icl,label_noise,0.4,2492970002,train_only,True,medium,True,ok,,0.7669543773119606,0.8469337996978895,0.6193009891029746,0.8934624657964915,0.212240193810086,0.426795039125742,0.2249903004088156,0.2222102242802015,11.749714522145412,-0.98385632563463,0.1009832079900908,3782,,,True,ece;nll,,42
qsar-biodeg,tabpfn,icl,covariate_shift,0.0,2141823057,test_only,True,medium,True,ok,,0.8769716088328076,0.9447263017356476,0.278826913582205,0.4022622054914228,0.0327692389363425,0.174633431467875,0.0273081705481074,0.0438769053730457,0.9749882347600622,-0.1083619952307456,0.3349674374977023,738,,,False,,,42
qsar-biodeg,tabpfn,icl,covariate_shift,0.05,1808789527,test_only,True,low,True,ok,,0.7318611987381703,0.8865153538050734,0.4937740637746344,0.7123653931272558,0.0947707988405393,0.3357910570090226,0.1083492824085348,0.1501191269258097,1.1397281447308645,-0.8195764428248907,0.1873957759362166,738,,,False,,,42
qsar-biodeg,tabpfn,icl,covariate_shift,0.1,1468831665,test_only,True,low,True,ok,,0.6908517350157729,0.8663551401869158,0.5767843483238592,0.8321239189892041,0.1603264250195213,0.3980958738815904,0.1720186831006962,0.185983097704478,1.2972968367572622,-1.6378281309747644,0.1251495986171209,738,,,True,ece;nll,,42
qsar-biodeg,tabpfn,icl,covariate_shift,0.2,89205288,test_only,True,low,True,ok,,0.668769716088328,0.8465509568313307,0.6572215927297913,0.948170332596416,0.2108442093680519,0.4529616557731022,0.2181745493634085,0.2164205489641012,1.745556804885043,-2.9755421971481133,0.0699883506516798,738,,,True,ece;nll,,42
qsar-biodeg,tabpfn,icl,covariate_shift,0.3,1135325101,test_only,True,low,True,ok,,0.6624605678233438,0.8216288384512683,0.8171912684043316,1.178957790384691,0.2606990091373385,0.5361930243715173,0.2684928756776308,0.2606990091373385,2.170117944305768,-4.930820032761965,-0.0188879603114295,738,,,True,ece;nll,,42
qsar-biodeg,tabpfn,icl,covariate_shift,0.4,4196914101,test_only,True,low,True,ok,,0.6624605678233438,0.7521139296840231,0.9247137885500062,1.3340799969827395,0.2754030625963202,0.5800524377800063,0.2754030625963202,0.2754030625963202,2.529136782549909,-6.252276596696883,-0.0926956510511762,738,,,True,ece;nll,,42
qsar-biodeg,tabpfn,icl,label_noise,0.0,1101812446,train_only,True,medium,True,ok,,0.8769716088328076,0.9447263017356476,0.278826913582205,0.4022622054914228,0.0327692389363425,0.174633431467875,0.0273081705481074,0.0438769053730457,0.9749882347600622,-0.1083619952307456,0.3349674374977023,738,,,False,,,42
qsar-biodeg,tabpfn,icl,label_noise,0.05,840456462,train_only,True,medium,True,ok,,0.8675078864353313,0.9453048509123276,0.298162516882413,0.4301575844852291,0.0514585974300902,0.1820142555180331,0.051053087411289,0.0763809370832908,1.7782666700181544,-0.6237772084276528,0.3216438859530276,738,,,False,,,42
qsar-biodeg,tabpfn,icl,label_noise,0.1,374981860,train_only,True,medium,True,ok,,0.8643533123028391,0.9225634178905208,0.341288762221853,0.4923756047685999,0.0742210462689761,0.2006864311399565,0.081332333738254,0.0815657705062165,1.913695598613021,-0.5414778151350075,0.2899933024227329,738,,,False,,,42
qsar-biodeg,tabpfn,icl,label_noise,0.2,127447862,train_only,True,medium,True,ok,,0.861198738170347,0.92283044058745,0.4266638956713807,0.615545886411467,0.1591687521506125,0.2568076348279728,0.1591687521506125,0.157367141570401,2.6968098791496304,-0.0367299775532985,0.2356729485775968,738,,,True,ece,,42
qsar-biodeg,tabpfn,icl,label_noise,0.3,45233061,train_only,True,medium,True,ok,,0.8391167192429022,0.9175789942145082,0.5121300220102379,0.738847443044526,0.2133792734073901,0.3270069859532606,0.2233505292940724,0.2130975949950999,5.350248632951671,-0.3418691195655561,0.1826900682666774,738,,,True,ece,,42
qsar-biodeg,tabpfn,icl,label_noise,0.4,3001955417,train_only,True,medium,True,ok,,0.7602523659305994,0.8599465954606142,0.6025099980708126,0.8692381863027803,0.1897559092338485,0.4117202285729113,0.2152303956794962,0.2174798795963235,5.975044596096809,-0.1545604471169059,0.116296525563201,738,,,True,ece;nll,,42
satimage,tabpfn,icl,covariate_shift,0.0,3682884971,test_only,True,low,True,ok,,0.9466044582685328,0.996249618025044,0.1474780180230762,0.0823090490413952,0.0145842893988483,0.0832362034741997,0.011683608637577,0.0083931428194349,1.0018985835819698,0.2569121367370474,0.463068462456857,4501,,,False,,,42
satimage,tabpfn,icl,covariate_shift,0.05,3066944167,test_only,True,low,True,ok,,0.9212026956972524,0.992855203294266,0.2019937239549783,0.1127348438359326,0.0195075745614753,0.1154779056279702,0.0175278482695035,0.0123559634791935,0.8816819693524439,-0.0026756002671494,0.4479577574445061,4501,,,False,,,42
satimage,tabpfn,icl,covariate_shift,0.1,918546963,test_only,True,low,True,ok,,0.8657335406946605,0.9803491911904526,0.3720241944592637,0.2076306562618827,0.049880910494288,0.2015031652129195,0.0488277626674429,0.0278255965811346,0.6136288713821395,-0.074730205747296,0.400716869043435,4501,,,False,,,42
satimage,tabpfn,icl,covariate_shift,0.2,3154615055,test_only,True,low,True,ok,,0.7283566614826334,0.9480084924534662,0.8853250875239556,0.4941093392995326,0.1602446629340264,0.4084291136035868,0.1602683154083266,0.0707210838740335,0.4891933357690349,-0.5700493321599167,0.2607747372044431,4501,,,True,ece,,42
satimage,tabpfn,icl,covariate_shift,0.3,2732291062,test_only,True,low,True,ok,,0.6065318818040435,0.9104929941832474,1.5364618592165031,0.8575156909194168,0.248064731787456,0.6000699237859093,0.2476561004519945,0.1113199469740852,0.4331862196887583,-0.8314870299134673,0.1027846766014268,4501,,,True,ece;nll,,42
satimage,tabpfn,icl,covariate_shift,0.4,1763784021,test_only,True,low,True,ok,,0.4930015552099533,0.842408856852043,2.441708999113289,1.3627437393509367,0.3626422131812374,0.8172426079463823,0.3603865741634157,0.1498290501465859,0.3809242679693763,-1.155637671988594,-0.1125582312618204,4501,,,True,ece;nll,,42
satimage,tabpfn,icl,label_noise,0.0,1706678074,train_only,True,low,True,ok,,0.9466044582685328,0.996249618025044,0.1474780180230762,0.0823090490413952,0.0145842893988483,0.0832362034741997,0.011683608637577,0.0083931428194349,1.0018985835819698,0.2569121367370474,0.463068462456857,4501,,,False,,,42
satimage,tabpfn,icl,label_noise,0.05,4044987987,train_only,True,low,True,ok,,0.9372731985484708,0.9943370563129208,0.2027431726958409,0.1131531191422635,0.0438621967262079,0.0981606391717391,0.0426339237447585,0.0189528430936214,1.4831219559503668,0.051054451950795,0.4458905744038721,4501,,,False,,,42
satimage,tabpfn,icl,label_noise,0.1,1834062931,train_only,True,low,True,ok,,0.935717988595127,0.9942452188382288,0.2396719783330491,0.133763477994235,0.0797580576185178,0.1047175135650582,0.0790866334659383,0.0298626913741652,1.7785550344039605,0.1679818269099852,0.432262869960675,4501,,,False,,,42
satimage,tabpfn,icl,label_noise,0.2,2101973911,train_only,True,low,True,ok,,0.9206842923794712,0.9912101102436488,0.3560462643642074,0.1987132036855388,0.1481489918434845,0.1422987858223058,0.1470583251163084,0.0541521188854305,2.3968881485571383,0.1959287849791341,0.3957824229678391,4501,,,True,ece,,42
satimage,tabpfn,icl,label_noise,0.3,1989148767,train_only,True,low,True,ok,,0.9180922757905652,0.9892815141789176,0.480561252419945,0.2682063416843476,0.2401569722459392,0.1949058163400566,0.2401569722459393,0.0830594144347288,2.5823905822602984,1.0800659445151628,0.3554690743767137,4501,,,True,ece,,42
satimage,tabpfn,icl,label_noise,0.4,571005856,train_only,True,low,True,ok,,0.8952825298081908,0.9837566854407828,0.6415227155887977,0.3580406447441215,0.3142657150391493,0.2765459904657194,0.3137473073815991,0.1096835554202004,3.289256947354311,1.7142273172721696,0.3083418829444362,4501,,,True,ece,,42
segment,tabpfn,icl,covariate_shift,0.0,3750364974,test_only,False,high,True,ok,,0.9797979797979798,0.9994971358607724,0.0514729645781103,0.0264518711735478,0.007340346410559,0.0272400401990619,0.0074458475017962,0.00439355543281,1.008045871843358,-0.668434150026863,0.487390063886791,1617,,,False,,,42
segment,tabpfn,icl,covariate_shift,0.05,891012389,test_only,False,low,True,ok,,0.8326118326118326,0.9714144815154916,0.4775944829400275,0.2454350131078183,0.0687401297943672,0.2485108256749481,0.0665669256208964,0.0460363781006242,1.416980842839887,0.1941857316338502,0.3775083135309779,1617,,,False,,,42
segment,tabpfn,icl,covariate_shift,0.1,786639947,test_only,False,low,True,ok,,0.7287157287157288,0.9533065139125744,0.7316603186038113,0.3759990249082223,0.1098010117874817,0.3737098989081949,0.1101656931969527,0.0844696490900851,1.7418406238224224,0.4767480304132871,0.3082047293467972,1617,,,True,ece,,42
segment,tabpfn,icl,covariate_shift,0.2,2512431106,test_only,False,low,True,ok,,0.5858585858585859,0.9352544201029048,1.093003256286334,0.5616925616102869,0.1346176010654265,0.5288309748642466,0.144210072076051,0.1122252260652168,2.1701740608444937,1.106679967501781,0.2197865462186332,1617,,,True,ece,,42
segment,tabpfn,icl,covariate_shift,0.3,725435300,test_only,False,low,True,ok,,0.3997113997113997,0.9125235034325944,1.4321008113763838,0.7359542330726987,0.2317574646772051,0.6626251299391311,0.216452451718825,0.1379761550540578,3.738263187774704,1.4161029807304475,0.1122021733008672,1617,,,True,ece,,42
segment,tabpfn,icl,covariate_shift,0.4,1220730733,test_only,False,low,True,ok,,0.2857142857142857,0.8769513314967862,1.8358262878437523,0.9434280862017173,0.2649605456890506,0.8055896118261231,0.2667849661590166,0.1408991840469966,4.585956274916927,-0.3381894777216437,0.0137695738826927,1617,,,True,ece;nll,,42
segment,tabpfn,icl,label_noise,0.0,767660356,train_only,False,high,True,ok,,0.9797979797979798,0.9994971358607724,0.0514729645781103,0.0264518711735478,0.007340346410559,0.0272400401990619,0.0074458475017962,0.00439355543281,1.008045871843358,-0.668434150026863,0.487390063886791,1617,,,False,,,42
segment,tabpfn,icl,label_noise,0.05,258902209,train_only,False,high,True,ok,,0.9783549783549784,0.9992226254852518,0.0890716115361246,0.0457737535206168,0.0346855766149675,0.0347056923383073,0.0305241234000231,0.0133268166028456,1.8123856211754852,-0.4611181405897637,0.4758119242939063,1617,,,False,,,42
segment,tabpfn,icl,label_noise,0.1,4043543014,train_only,False,high,True,ok,,0.974025974025974,0.9992201961898932,0.137175474647558,0.0704942490351638,0.0786001065486556,0.0419834840664758,0.0718926995465523,0.0242580320748101,2.8336889781671197,-1.5012020467075564,0.4589626687500784,1617,,,False,,,42
segment,tabpfn,icl,label_noise,0.2,583234470,train_only,False,high,True,ok,,0.9682539682539684,0.9987707765485544,0.2376684468205711,0.1221374208546847,0.1538548921209001,0.0720255724606494,0.1527952527992679,0.0469235304874797,3.568421026743665,0.2013693960054038,0.4273956623495037,1617,,,True,ece,,42
segment,tabpfn,icl,label_noise,0.3,1400819911,train_only,False,high,True,ok,,0.963924963924964,0.9987343371181756,0.3636628578148532,0.1868857398124994,0.2438520637117956,0.1203271387482065,0.2434077691826707,0.0745266439013565,4.717177890850641,0.6711385431023321,0.3893096278939971,1617,,,True,ece,,42
segment,tabpfn,icl,label_noise,0.4,3915123677,train_only,False,high,True,ok,,0.9624819624819624,0.9979059474008968,0.5056662670694426,0.2598610564392862,0.3354326363041416,0.1894127853205774,0.3354326363041416,0.1010813680794513,4.764753833483382,1.9991407316911256,0.3485945317699941,1617,,,True,ece,,42
spambase,tabpfn,icl,covariate_shift,0.0,1058421842,test_only,False,high,True,ok,,0.9623461259956552,0.9924285350340852,0.1035348947396526,0.1493692791998576,0.0050790887137999,0.0571955615597096,0.0073195733915985,0.0091748421858428,0.9352084460257848,0.1427873380166711,0.4458753046585608,3220,,,False,,,42
spambase,tabpfn,icl,covariate_shift,0.05,342034879,test_only,False,low,True,ok,,0.7154236060825488,0.9747775230163748,0.4322162621095201,0.623556257936969,0.1224756689842922,0.2945336872901248,0.1161559828207368,0.2251743701309799,1.6435867539214926,-0.963772932179145,0.2369236627901643,3220,,,True,ece,,42
spambase,tabpfn,icl,covariate_shift,0.1,1045100713,test_only,False,low,True,ok,,0.666908037653874,0.9595665102958748,0.4745401632953501,0.6846167402888406,0.1811415214624536,0.3187377630608756,0.1776466262203032,0.2396110783252928,2.690150291274661,-1.6954297975721182,0.1942711578724943,3220,,,True,ece,,42
spambase,tabpfn,icl,covariate_shift,0.2,3096275861,test_only,False,low,True,ok,,0.6459087617668356,0.9643916034155596,0.5151071753258465,0.7431425673689206,0.2364054523604347,0.3436596492206872,0.2463484411275773,0.2753658587136981,4.338726974992537,-2.624525231456719,0.1641995147777081,3220,,,True,ece,,42
spambase,tabpfn,icl,covariate_shift,0.3,2958375756,test_only,False,low,True,ok,,0.6060825488776249,0.9525957112235576,0.6242967364766315,0.9006698057580004,0.271868514103422,0.4455324296153135,0.3046552990432135,0.271868514103422,10.70499974894671,-12.341992647180112,0.0997462367118043,3220,,,True,ece;nll,,42
spambase,tabpfn,icl,covariate_shift,0.4,2411427472,test_only,False,low,True,ok,,0.6060825488776249,0.9416431671234802,0.6403948457948742,0.9238944682391176,0.227018335276445,0.4557992520293835,0.2991556643577515,0.227018335276445,13.9166564532595,-14.739826361637837,0.0979154832978375,3220,,,True,ece;nll,,42
spambase,tabpfn,icl,label_noise,0.0,60261911,train_only,False,high,True,ok,,0.9623461259956552,0.9924285350340852,0.1035348947396526,0.1493692791998576,0.0050790887137999,0.0571955615597096,0.0073195733915985,0.0091748421858428,0.9352084460257848,0.1427873380166711,0.4458753046585608,3220,,,False,,,42
spambase,tabpfn,icl,label_noise,0.05,1027646181,train_only,False,high,True,ok,,0.9572773352643013,0.9922791921428068,0.1388444747931377,0.2003102352388924,0.0415034838180897,0.0687193985375211,0.0377272764169367,0.0453474197357771,1.6739809924425202,-0.4040635896704316,0.4224955502043419,3220,,,False,,,42
spambase,tabpfn,icl,label_noise,0.1,3839839681,train_only,False,high,True,ok,,0.9558291093410572,0.9907418388502356,0.1766895185128139,0.2549090921354954,0.0819288668926979,0.0775146078208179,0.0805036791850776,0.088308087680068,2.308582741879812,-0.6300988190187335,0.3972755089795527,3220,,,False,,,42
spambase,tabpfn,icl,label_noise,0.2,1690255960,train_only,False,high,True,ok,,0.9485879797248372,0.9856488070138448,0.2864555167491747,0.4132679534493198,0.1703093920683531,0.1364613878996199,0.1662053936523257,0.1686418657690522,3.3552281219995046,-0.7813016376005065,0.3292230149651046,3220,,,True,ece,,42
spambase,tabpfn,icl,label_noise,0.3,3174924902,train_only,False,high,True,ok,,0.9333816075307748,0.9836678174854172,0.4032039014260011,0.5817002690543743,0.2531708661122864,0.225528637459012,0.2457592624708493,0.2504612990683152,5.812629408745431,-1.02831792581265,0.2591467233107426,3220,,,True,ece,,42
spambase,tabpfn,icl,label_noise,0.4,4103837098,train_only,False,high,True,ok,,0.9341057204923968,0.9753968567713822,0.5466027772025523,0.7885811160062572,0.3466815503108837,0.3552684165352492,0.3466815503108839,0.3421247545998073,10.586244168715966,-0.4677493855284995,0.1755941130797893,3220,,,True,ece;nll,,42
splice,tabpfn,icl,covariate_shift,0.0,3721731608,test_only,False,high,True,ok,,0.9655172413793104,0.9941086143678648,0.114593767726375,0.104307742511511,0.0165681234767486,0.0556262393120997,0.0155962620599005,0.0138725611894664,0.8317172365908209,0.5944880659204458,0.4581596537868462,2233,,,False,,,42
splice,tabpfn,icl,covariate_shift,0.05,2455505349,test_only,False,high,True,ok,,0.9644723092998956,0.9942640422805156,0.111563298438208,0.1015492904903335,0.0089252715761878,0.0533987979211901,0.0107147241162242,0.0089454772366919,0.8062367600014958,0.4000438967630823,0.4604134197308271,2233,,,False,,,42
splice,tabpfn,icl,covariate_shift,0.1,3916056345,test_only,False,high,True,ok,,0.9644723092998956,0.994213615123751,0.1155995056930804,0.1052232046605142,0.0127546135098237,0.0563949418171705,0.0144253910077257,0.0134892187921131,0.8645808261064117,0.5408374323998,0.458527727588178,2233,,,False,,,42
splice,tabpfn,icl,covariate_shift,0.2,1188553461,test_only,False,high,True,ok,,0.9644723092998956,0.9936613190295412,0.1174648968521648,0.1069211568665157,0.0168799243270043,0.0565199240654264,0.0176281153430923,0.0152701112673187,0.8892515976094568,0.5539810687381859,0.4569999761299681,2233,,,False,,,42
splice,tabpfn,icl,covariate_shift,0.3,1244369274,test_only,False,high,True,ok,,0.9644723092998956,0.9945652284217436,0.1102321126939125,0.1003375930079493,0.0158146861638909,0.0531194219250195,0.0127319875952192,0.0134101645762097,0.9306762798369204,0.3153518909042571,0.4595044612074315,2233,,,False,,,42
splice,tabpfn,icl,covariate_shift,0.4,3228449683,test_only,False,high,True,ok,,0.9644723092998956,0.9941153429357518,0.1179434690030557,0.1073567720110278,0.0187074710808186,0.0537433415936493,0.0219349971299471,0.0175040507647237,0.9363387524441024,0.481625141448577,0.4566626906030253,2233,,,False,,,42
splice,tabpfn,icl,label_noise,0.0,2334550712,train_only,False,high,True,ok,,0.9655172413793104,0.9941086143678648,0.114593767726375,0.104307742511511,0.0165681234767486,0.0556262393120997,0.0155962620599005,0.0138725611894664,0.8317172365908209,0.5944880659204458,0.4581596537868462,2233,,,False,,,42
splice,tabpfn,icl,label_noise,0.05,691285794,train_only,False,high,True,ok,,0.9582027168234064,0.98873829464838,0.1530256988968869,0.1392899938179336,0.0412537455000831,0.0665113303653572,0.0367612293564513,0.0305462625526153,1.3164189914293114,0.0903472633215709,0.4397510634050472,2233,,,False,,,42
splice,tabpfn,icl,label_noise,0.1,3156332415,train_only,False,high,True,ok,,0.9487983281086728,0.9837163121864572,0.2148332699474558,0.1955496694906867,0.0827105579467465,0.0885173785367151,0.0748661398718023,0.0561588553659108,1.3578846248930725,0.4776236696345981,0.4114134460450056,2233,,,False,,,42
splice,tabpfn,icl,label_noise,0.2,2642764237,train_only,False,high,True,ok,,0.9613375130616508,0.9951895031453,0.2788786650151668,0.2538463003661302,0.1801004366283159,0.1057735249857975,0.1761425315477507,0.1221287933898725,3.2686597443637737,0.1145991654602742,0.3803429756246003,2233,,,True,ece,,42
splice,tabpfn,icl,label_noise,0.3,1959090686,train_only,False,high,True,ok,,0.960292580982236,0.9941386693062708,0.3951328104221899,0.3596653837735829,0.2632755855675238,0.1690102867681685,0.2632755855675239,0.1772401243561947,4.194951114828396,0.6623735910348161,0.3314376891589505,2233,,,True,ece,,42
splice,tabpfn,icl,label_noise,0.4,258913008,train_only,False,high,True,ok,,0.9498432601880876,0.9927213461178932,0.5626314229573242,0.5121291913086318,0.3650259403291042,0.2816368172646475,0.3639456790163338,0.2451659990403727,5.6356497864939525,2.1006018526934103,0.2632850147110653,2233,,,True,ece,,42
steel-plates-fault,tabpfn,icl,covariate_shift,0.0,2342941747,test_only,True,low,True,ok,,1.0,1.0,1.3222913276239534e-05,1.907663140973561e-05,1.3222824168601656e-05,3.564273725198931e-10,1.3222824168554048e-05,1.3222824168606493e-05,,,0.4999916324457433,1358,,,False,,,42
steel-plates-fault,tabpfn,icl,covariate_shift,0.05,3199079680,test_only,True,low,True,ok,,0.346483704974271,0.6835711130168135,0.7292202496567207,1.0520424378955628,0.2423389856365369,0.535125083012765,0.241280209972367,0.2423389856365368,1.8650643635960813,-1.3591255277286691,-0.0728580831939509,1358,,,True,ece;nll,,42
steel-plates-fault,tabpfn,icl,covariate_shift,0.1,2470116718,test_only,True,low,True,ok,,0.346483704974271,0.6996959538473533,0.7488051237964525,1.0802974386933883,0.2835876943307567,0.5546993801164245,0.2884989999898728,0.2834732000465484,2.6736167719694897,-1.9857015597235048,-0.0839406308814535,1358,,,True,ece;nll,,42
steel-plates-fault,tabpfn,icl,covariate_shift,0.2,3112875470,test_only,True,low,True,ok,,0.346483704974271,0.6697201216184611,0.8247727594961122,1.1898955699853468,0.3175731509548061,0.6199739359472688,0.3167333433214604,0.3175731509548061,1.379971085213702,-1.6714551941621192,-0.1341087028739633,1358,,,True,ece;nll,,42
steel-plates-fault,tabpfn,icl,covariate_shift,0.3,3519992929,test_only,True,low,True,ok,,0.346483704974271,0.6338322808658818,0.8943505898473165,1.290275160788843,0.3500692821589293,0.6727973956270726,0.3500692821589293,0.3500692821589293,0.8864786136301024,-1.4547805523034276,-0.1832825506192394,1358,,,True,ece;nll,,42
steel-plates-fault,tabpfn,icl,covariate_shift,0.4,960490634,test_only,True,low,True,ok,,0.346483704974271,0.6500740625243626,0.8059342228116724,1.162717306533101,0.3008635710446257,0.6065058642426847,0.3004107294656319,0.3008635710446257,1.5677389927074006,-1.6556355195730164,-0.1294894285391878,1358,,,True,ece;nll,,42
steel-plates-fault,tabpfn,icl,label_noise,0.0,3863852855,train_only,True,low,True,ok,,1.0,1.0,1.3222913276239534e-05,1.907663140973561e-05,1.3222824168601656e-05,3.564273725198931e-10,1.3222824168554048e-05,1.3222824168606493e-05,,,0.4999916324457433,1358,,,False,,,42
steel-plates-fault,tabpfn,icl,label_noise,0.05,3828678886,train_only,True,low,True,ok,,1.0,1.0,0.0387798174081788,0.0559474502613591,0.0380099675213062,0.0029953349973144,0.0380099675213061,0.038009967521306,,,0.4756137714173309,1358,,,False,,,42
steel-plates-fault,tabpfn,icl,label_noise,0.1,2047184284,train_only,True,low,True,ok,,1.0,1.0,0.0868954300646248,0.125363606030148,0.083061255145766,0.0144025346336861,0.0830612551457659,0.0830612551457659,,,0.4457786671618023,1358,,,False,,,42
steel-plates-fault,tabpfn,icl,label_noise,0.2,781862246,train_only,True,low,True,ok,,1.0,1.0,0.1984746593293358,0.2863384067565593,0.1799127638557708,0.0650912374456511,0.1799127638557707,0.1799127638557707,,,0.3781159252018781,1358,,,True,ece,,42
steel-plates-fault,tabpfn,icl,label_noise,0.3,1549908955,train_only,True,low,True,ok,,1.0,1.0,0.3391694262017921,0.4893180492024808,0.2873604134703746,0.165936476601682,0.2873604134703746,0.2873604134703746,,,0.2957325025451808,1358,,,True,ece,,42
steel-plates-fault,tabpfn,icl,label_noise,0.4,1038006126,train_only,True,low,True,ok,,0.9845626072041166,0.9994412827109482,0.5687256293937009,0.8204976451527467,0.4173997436871005,0.3766620022449212,0.4173997436871005,0.4164034081330614,43.90228860527044,-0.2737753372481267,0.1678595977462052,1358,,,True,ece;nll,,42
texture,tabpfn,icl,covariate_shift,0.0,731258484,test_only,True,medium,True,ok,,1.0,1.0,0.0004667392197963,0.0001946453730031,0.0004527568739033,5.17530897733124e-05,0.0004527568739033,8.231943161877591e-05,,,0.4998510550133183,3850,,,False,,,42
texture,tabpfn,icl,covariate_shift,0.05,467431889,test_only,True,low,True,ok,,1.0,1.0,0.0004133951336676,0.0001723991611965,0.0004010997131178,4.441294372973272e-05,0.0004010997131179,7.292722056686427e-05,,,0.4998680603090174,3850,,,False,,,42
texture,tabpfn,icl,covariate_shift,0.1,1852319452,test_only,True,low,True,ok,,0.9993939393939394,1.0,0.0021166815570467,0.0008827247716188,0.0019095039484852,0.0005899702340535,0.0012669811879787,0.0003471962128584,4.601154556230581,-2.6575841445189807,0.4992623726879082,3850,,,False,,,42
texture,tabpfn,icl,covariate_shift,0.2,2283200151,test_only,True,low,True,ok,,0.943030303030303,0.9987058585858588,0.1489712324380967,0.0621258293170767,0.0141096055213781,0.0854934164437598,0.0141180191201304,0.0120068596938578,0.9968163730679171,0.2971546348291517,0.4695419260601973,3850,,,False,,,42
texture,tabpfn,icl,covariate_shift,0.3,398755619,test_only,True,low,True,ok,,0.6666666666666666,0.9795749494949496,1.0269146764273496,0.4282566832991537,0.1521821727381121,0.4687488111975726,0.1516038616374628,0.0522827327556705,0.6124819076782541,-0.6631781624406125,0.2839377927858638,3850,,,True,ece,,42
texture,tabpfn,icl,covariate_shift,0.4,1886577186,test_only,True,low,True,ok,,0.4618181818181818,0.9264488888888888,2.765044961821958,1.153113312824175,0.2625393048460666,0.842052746279609,0.2625393048460666,0.0892509548809299,0.2631273013726334,-0.6906585375183241,-0.0049120164326274,3850,,,True,ece;nll,,42
texture,tabpfn,icl,label_noise,0.0,3842804813,train_only,True,medium,True,ok,,1.0,1.0,0.0004667392197963,0.0001946453730031,0.0004527568739033,5.17530897733124e-05,0.0004527568739033,8.231943161877591e-05,,,0.4998510550133183,3850,,,False,,,42
texture,tabpfn,icl,label_noise,0.05,631909019,train_only,True,medium,True,ok,,1.0,1.0,0.0309463140690775,0.0129056153619931,0.0303817958384296,0.0013095469695617,0.0303817958384297,0.0055239628797144,,,0.4900519562237161,3850,,,False,,,42
texture,tabpfn,icl,label_noise,0.1,1861727020,train_only,True,medium,True,ok,,1.0,1.0,0.0702300305323784,0.0292881975827156,0.0674354757044527,0.005865130878449,0.0674354757044528,0.0122609955826277,,,0.4777264455842948,3850,,,False,,,42
texture,tabpfn,icl,label_noise,0.2,127457104,train_only,True,medium,True,ok,,1.0,1.0,0.1596857237700071,0.0665941192601177,0.1471932477790835,0.0248625174920998,0.1471932477790835,0.026762408687106,,,0.450583114666148,3850,,,True,ece,,42
texture,tabpfn,icl,label_noise,0.3,1103031484,train_only,True,medium,True,ok,,0.9993939393939394,1.0,0.2701312119466849,0.1126534653164559,0.2360382065746588,0.0627303123088987,0.2355285586108905,0.0429444560706564,8.478927794764694,1.3922278918773727,0.4189054099992223,3850,,,True,ece,,42
texture,tabpfn,icl,label_noise,0.4,2931479504,train_only,True,medium,True,ok,,1.0,1.0,0.4051754906272146,0.1689713038027596,0.332431562989351,0.1231751201224848,0.332431562989351,0.0604421023617001,,,0.3828222962613019,3850,,,True,ece,,42
tic-tac-toe,tabpfn,icl,covariate_shift,0.0,4113229421,test_only,True,low,True,ok,,0.9930555555555556,0.9997872340425532,0.0190065767629656,0.0274206940402059,0.0091782987531965,0.0103472885284603,0.004659011965627,0.0091782987531965,1.6149902779685537,-0.1385804399179865,0.4888219972855258,670,,,False,,,42
tic-tac-toe,tabpfn,icl,covariate_shift,0.05,192545784,test_only,True,low,True,ok,,0.9965277777777778,0.9998936170212768,0.0172048440038851,0.0248213431236732,0.0114230980927214,0.0092534604022417,0.00742592500769,0.0114230980927213,1.0680503817146465,1.2718288809492058,0.4897109100684672,670,,,False,,,42
tic-tac-toe,tabpfn,icl,covariate_shift,0.1,2814577986,test_only,True,low,True,ok,,0.9965277777777778,0.9997340425531916,0.0184254014660037,0.0265822353213919,0.0096453781060752,0.00980898679042,0.0076995996986513,0.0096453781060751,0.9774218099344814,1.4247945635040222,0.4894823353426511,670,,,False,,,42
tic-tac-toe,tabpfn,icl,covariate_shift,0.2,2321520214,test_only,True,low,True,ok,,0.9930555555555556,0.999627659574468,0.0216756892762935,0.0312714094267587,0.0100098949287264,0.0121533192796983,0.0049481724040093,0.0132241648052065,1.1740795308344665,0.4434489556924101,0.4874446123706242,670,,,False,,,42
tic-tac-toe,tabpfn,icl,covariate_shift,0.3,1673132955,test_only,True,low,True,ok,,0.9965277777777778,0.9996808510638298,0.0211304996232779,0.0304848670180091,0.0129037169430208,0.0113813808738994,0.0084823643045432,0.0129037169430206,0.7861764332448437,1.8605733107309068,0.4876412610450001,670,,,False,,,42
tic-tac-toe,tabpfn,icl,covariate_shift,0.4,1786339444,test_only,True,low,True,ok,,0.9965277777777778,0.9996808510638298,0.020315369312188,0.0293088825605215,0.0112123714440361,0.0110596374587304,0.0084785019345159,0.011212371444036,0.8587366079358361,1.7209577284523938,0.4883323254820433,670,,,False,,,42
tic-tac-toe,tabpfn,icl,label_noise,0.0,560269053,train_only,True,low,True,ok,,0.9930555555555556,0.9997872340425532,0.0190065767629656,0.0274206940402059,0.0091782987531965,0.0103472885284603,0.004659011965627,0.0091782987531965,1.6149902779685537,-0.1385804399179865,0.4888219972855258,670,,,False,,,42
tic-tac-toe,tabpfn,icl,label_noise,0.05,3849945858,train_only,True,low,True,ok,,0.9895833333333334,0.9998936170212768,0.0690337483561127,0.0995946464073404,0.0566793359743505,0.0184245063051333,0.0472993627520987,0.0566793359743506,8.016752639423112,-12.513321800400766,0.4571860048403745,670,,,False,,,42
tic-tac-toe,tabpfn,icl,label_noise,0.1,3068889308,train_only,True,low,True,ok,,0.9895833333333334,0.9968617021276596,0.1210467148134873,0.1746334951773188,0.0895814857677285,0.0404712841962496,0.0851399236630048,0.0895814857677286,1.3834347958795818,1.652250541333874,0.4270327500379394,670,,,False,,,42
tic-tac-toe,tabpfn,icl,label_noise,0.2,3207856289,train_only,True,low,True,ok,,0.9895833333333334,0.9943085106382978,0.2376869148689556,0.3429097333656395,0.1890657097608062,0.0933585580271637,0.1890657097608062,0.1890657097608063,-1.194519438870454,6.232973491926977,0.3557594167615511,670,,,True,ece,,42
tic-tac-toe,tabpfn,icl,label_noise,0.3,3010824429,train_only,True,low,True,ok,,0.9895833333333334,1.0,0.3952818890549102,0.5702712210927404,0.3122278120277393,0.2141030725124259,0.3122278120277396,0.3122278120277394,252.0783724730758,-135.62499984458216,0.26491057126663,670,,,True,ece,,42
tic-tac-toe,tabpfn,icl,label_noise,0.4,4227210451,train_only,True,low,True,ok,,0.6527777777777778,0.9094148936170212,0.6451971815689944,0.9308227742451244,0.1890007802747419,0.4522912173207392,0.4375096752452161,0.1890007802747419,17.590058016408882,-2.121179455811986,0.0991648911041384,670,,,True,ece;nll,,42
vehicle,tabpfn,icl,covariate_shift,0.0,3485582189,test_only,True,low,True,ok,,0.8661417322834646,0.9710528949429096,0.2553761397468203,0.1842149451870522,0.0374369495018084,0.1722440671839315,0.031462836931776,0.0250182551351383,1.049300211617073,-0.0954481645263354,0.4070378996160606,592,,,False,,,42
vehicle,tabpfn,icl,covariate_shift,0.05,2480297786,test_only,True,low,True,ok,,0.8031496062992126,0.9495990692136158,0.384857910495715,0.2776162994595283,0.0564219582989351,0.2514182118947743,0.0404314148641535,0.0561038110992057,0.9520392886040392,-0.0073362842742333,0.3582628336720018,592,,,False,,,42
vehicle,tabpfn,icl,covariate_shift,0.1,2261360343,test_only,True,low,True,ok,,0.6811023622047244,0.9476538221862592,0.6032503669193761,0.4351531563845157,0.111220992152966,0.3966158053496494,0.1112792521948862,0.0982749138286324,0.7836034440005806,-0.3566548687860528,0.2810540467499514,592,,,True,ece,,42
vehicle,tabpfn,icl,covariate_shift,0.2,3837776143,test_only,True,low,True,ok,,0.5590551181102362,0.903615725475465,0.9222163226938344,0.6652384576886254,0.1453217062847916,0.5415449315068823,0.1707653048774506,0.1173829512641727,1.0255358607785696,-0.6667011213524469,0.1714878930694021,592,,,True,ece,,42
vehicle,tabpfn,icl,covariate_shift,0.3,1262011980,test_only,True,low,True,ok,,0.562992125984252,0.8539592862226222,0.99052736940481,0.7145144618525548,0.0995583857041135,0.5595262846501068,0.1161705616297742,0.1004887248528957,0.584654090742451,-0.067345366962187,0.1490685533789663,592,,,False,,,42
vehicle,tabpfn,icl,covariate_shift,0.4,2881326019,test_only,True,low,True,ok,,0.4724409448818897,0.8070540708798221,1.2180835346330756,0.8786615374018191,0.0953631301132496,0.6588107206250171,0.1224402214152048,0.1303835223168144,1.0752264300614731,-0.4146486688629737,0.0706639792970255,592,,,True,nll,,42
vehicle,tabpfn,icl,label_noise,0.0,356800159,train_only,True,low,True,ok,,0.8661417322834646,0.9710528949429096,0.2553761397468203,0.1842149451870522,0.0374369495018084,0.1722440671839315,0.031462836931776,0.0250182551351383,1.049300211617073,-0.0954481645263354,0.4070378996160606,592,,,False,,,42
vehicle,tabpfn,icl,label_noise,0.05,529298709,train_only,True,low,True,ok,,0.8464566929133859,0.9687143388114968,0.3107116939777776,0.2241311100239745,0.0559654175001337,0.1848505917688156,0.0643098349211991,0.0453800995777516,1.9067567962261924,-0.35977418740844,0.3875861060138126,592,,,False,,,42
vehicle,tabpfn,icl,label_noise,0.1,3506071383,train_only,True,low,True,ok,,0.8110236220472441,0.9618317202001668,0.373400610584214,0.2693516045773783,0.0917381425819514,0.2107601678084036,0.0907670296238877,0.0678325233088708,2.427585773594096,-0.4576392481779539,0.3591415354875411,592,,,False,,,42
vehicle,tabpfn,icl,label_noise,0.2,3208508401,train_only,True,low,True,ok,,0.8031496062992126,0.9542851894210922,0.4929804627491634,0.3556102344316822,0.1528013616259122,0.2570275068942494,0.151570612981626,0.0957215915515831,3.5662685504207827,0.3321501462527285,0.317228914587577,592,,,True,ece,,42
vehicle,tabpfn,icl,label_noise,0.3,3697370161,train_only,True,low,True,ok,,0.7598425196850394,0.935944066414936,0.6587028169022491,0.4751536436822328,0.1900681631575591,0.3402249426122505,0.216273880733262,0.1218594292213248,2.784701112143592,1.1222074434498592,0.2609970754618017,592,,,True,ece,,42
vehicle,tabpfn,icl,label_noise,0.4,530639908,train_only,True,low,True,ok,,0.7834645669291339,0.9316550108143298,0.8759615135573132,0.6318726658093632,0.33460327149367,0.4691973079177612,0.3346032714936701,0.1728220250210788,3.601087558286286,2.3936575159843985,0.1871164847828425,592,,,True,ece,,42
vowel,tabpfn,icl,covariate_shift,0.0,4139392943,test_only,True,low,True,ok,,0.98989898989899,0.9999625888514778,0.0223971320494308,0.0093403295396187,0.0091056820686739,0.0121043589345709,0.0010438639849086,0.0021793665072463,5.600678482248984,-4.219814662861225,0.4938485193072452,693,,,False,,,42
vowel,tabpfn,icl,covariate_shift,0.05,415949812,test_only,True,low,True,ok,,0.98989898989899,0.9996508292804588,0.0488467575613683,0.0203706801191378,0.0181490257586871,0.0248261250512494,0.0200414984761098,0.0048256946433319,0.7668557794090668,1.5357539138813587,0.4886216295455303,693,,,False,,,42
vowel,tabpfn,icl,covariate_shift,0.1,2719734998,test_only,True,low,True,ok,,0.9629629629629628,0.9981169721910462,0.1429162028901459,0.0596006858645503,0.045420876768663,0.0717780645951755,0.0446014972214937,0.0140168939021641,1.0684384991969351,0.8580726794165086,0.4668210035982129,693,,,False,,,42
vowel,tabpfn,icl,covariate_shift,0.2,13630028,test_only,True,low,True,ok,,0.8047138047138047,0.9857837635615412,0.6233144382716624,0.2599423108016921,0.1639422274514639,0.3201042025411008,0.1639422274514638,0.0449782310173412,1.6109682669488783,0.8091251461450009,0.3549602492228096,693,,,True,ece,,42
vowel,tabpfn,icl,covariate_shift,0.3,3200330117,test_only,True,low,True,ok,,0.569023569023569,0.9528245417134308,1.1648393043712355,0.4857757207268918,0.1623660493550411,0.575777311377721,0.1515750375475599,0.0603364218767453,1.1759153919052574,0.6496618690315941,0.2406361988641603,693,,,True,ece,,42
vowel,tabpfn,icl,covariate_shift,0.4,2144111539,test_only,True,low,True,ok,,0.4377104377104377,0.9087791495198904,1.538397251656774,0.6415614848189126,0.0998057625521559,0.7110217830883958,0.1113380506756812,0.0627772651112132,0.8364211933895472,0.3212925926769749,0.1712996700324222,693,,,False,,,42
vowel,tabpfn,icl,label_noise,0.0,2906021028,train_only,True,low,True,ok,,0.98989898989899,0.9999625888514778,0.0223971320494308,0.0093403295396187,0.0091056820686739,0.0121043589345709,0.0010438639849086,0.0021793665072463,5.600678482248984,-4.219814662861225,0.4938485193072452,693,,,False,,,42
vowel,tabpfn,icl,label_noise,0.05,288938262,train_only,True,low,True,ok,,0.9865319865319864,0.999750592343185,0.0887392629349486,0.0370071470349866,0.0525455292664937,0.0286026949106025,0.050637179108824,0.0115718215495645,1.932238136455156,0.4628629553995387,0.476281255336118,693,,,False,,,42
vowel,tabpfn,icl,label_noise,0.1,1680507757,train_only,True,low,True,ok,,0.9831649831649832,0.999301658560918,0.145690157706711,0.0607575148754052,0.0941126956689831,0.0432956107150939,0.0919705583287067,0.0185263015820544,2.463966960634781,0.7788078692067149,0.4601805343746504,693,,,False,,,42
vowel,tabpfn,icl,label_noise,0.2,2289893717,train_only,True,low,True,ok,,0.9764309764309764,0.9994762439206883,0.2858390197895007,0.1192041299851779,0.1995955652449859,0.0935711859155066,0.199595565244986,0.040071368298798,2.45877340069388,2.0883087383505625,0.4206009797923368,693,,,True,ece,,42
vowel,tabpfn,icl,label_noise,0.3,80705853,train_only,True,low,True,ok,,0.9562289562289562,0.997169223095149,0.4450042187362509,0.1855811735334571,0.2817783477751989,0.1626272017346686,0.2743569572772394,0.0520683003459728,3.2880188131712305,2.0499072845875936,0.3804135499025686,693,,,True,ece,,42
vowel,tabpfn,icl,label_noise,0.4,210594086,train_only,True,low,True,ok,,0.9057239057239056,0.9924304776156628,0.7617773348890425,0.3176858237015663,0.3792233142188271,0.3154170721087121,0.3779441485918201,0.0726638839896602,3.770972808543389,3.7893127363128265,0.3120588430698324,693,,,True,ece,,42
wall-robot-navigation,tabpfn,icl,covariate_shift,0.0,1420071152,test_only,True,low,True,ok,,0.9853390348197923,0.999805745000366,0.0313510268066232,0.0226149854503461,0.0073324159770517,0.0184199762819568,0.0045108197956319,0.0054931938356969,1.885161967767963,-0.4906157483896896,0.4894818871425828,3819,,,False,,,42
wall-robot-navigation,tabpfn,icl,covariate_shift,0.05,1966940115,test_only,True,low,True,ok,,0.4660965180207697,0.8681648420213489,2.40112961660206,1.7320488952017048,0.438874644811133,0.9305838763051018,0.438721343392028,0.2474233375882388,0.2663703488537575,-1.1562440717286289,-0.2336174251121505,3819,,,True,ece;nll,,42
wall-robot-navigation,tabpfn,icl,covariate_shift,0.1,1004200187,test_only,True,low,True,ok,,0.2901649358582773,0.6910477009092386,3.65990178046704,2.640061074410243,0.5625597172602036,1.1995635419380144,0.5625597172602036,0.3222555393265516,0.0034344862256897,-0.903751186746944,-0.6191388300781385,3819,,,True,ece;nll,,42
wall-robot-navigation,tabpfn,icl,covariate_shift,0.2,3542476464,test_only,True,low,True,ok,,0.0598656078191814,0.5941136407576993,4.964358177466313,3.581027461913611,0.8643488168451876,1.6867761760336144,0.8643488168451874,0.4340978232308049,1.336371504307342,-7.689005662344201,-1.0302583865050488,3819,,,True,ece;nll,,42
wall-robot-navigation,tabpfn,icl,covariate_shift,0.3,2084202021,test_only,True,low,True,ok,,0.0598656078191814,0.5098951786540482,4.398572844862854,3.1728996151362496,0.8839657364297425,1.7314278290569751,0.8839657364297424,0.4419828682148712,0.1446559519779416,-3.1953517816692694,-0.9412198781250292,3819,,,True,ece;nll,,42
wall-robot-navigation,tabpfn,icl,covariate_shift,0.4,4031811268,test_only,True,low,True,ok,,0.0598656078191814,0.5337213705934394,4.112084997581772,2.966242316862564,0.8900560267055692,1.749112809637099,0.8900560267055689,0.4450280133527845,0.966034326329463,-5.72309837573023,-0.872101579519302,3819,,,True,ece;nll,,42
wall-robot-navigation,tabpfn,icl,label_noise,0.0,3575824225,train_only,True,low,True,ok,,0.9853390348197923,0.999805745000366,0.0313510268066232,0.0226149854503461,0.0073324159770517,0.0184199762819568,0.0045108197956319,0.0054931938356969,1.885161967767963,-0.4906157483896896,0.4894818871425828,3819,,,False,,,42
wall-robot-navigation,tabpfn,icl,label_noise,0.05,2245426873,train_only,True,low,True,ok,,0.9835064141722664,0.9996696475294428,0.0735171830813442,0.0530314377257906,0.0398186150809823,0.024481263442076,0.0361715540559417,0.021078342687876,2.2909522902957065,-0.7824706809395454,0.4735371844272112,3819,,,False,,,42
wall-robot-navigation,tabpfn,icl,label_noise,0.1,684414463,train_only,True,low,True,ok,,0.9816737935247404,0.999566591598653,0.1177118550011402,0.0849111547319929,0.0748474453308236,0.0337036410094429,0.0741334095677413,0.0407524442005519,2.7349035303015654,-0.6660595010079648,0.4566565406024769,3819,,,False,,,42
wall-robot-navigation,tabpfn,icl,label_noise,0.2,1583008180,train_only,True,low,True,ok,,0.9786194257788636,0.9985152998431008,0.2277513114968696,0.1642878438262456,0.164102019199587,0.0679025066916679,0.1625096958987817,0.0840448513404421,3.437264959161065,-0.1401583181533093,0.4141665118241237,3819,,,True,ece,,42
wall-robot-navigation,tabpfn,icl,label_noise,0.3,2817189446,train_only,True,low,True,ok,,0.9737324373854612,0.9980865489028472,0.3629980723923321,0.2618477594463353,0.2592049960947941,0.1320184278321806,0.2587178978313351,0.1306002028171236,3.699714505507083,1.0458011972587675,0.3649948306709563,3819,,,True,ece,,42
wall-robot-navigation,tabpfn,icl,label_noise,0.4,3046002576,train_only,True,low,True,ok,,0.9651802076970069,0.9970412724368024,0.5192061903104483,0.3745280979798676,0.3525310759410725,0.22246984469795,0.3525310759410724,0.1781781375640768,5.153483468906634,1.7067919075259472,0.310876831925257,3819,,,True,ece,,42
wdbc,tabpfn,icl,covariate_shift,0.0,1415472119,test_only,True,low,True,ok,,0.9883040935672516,0.9989778037383178,0.0453743821686308,0.0654613961380843,0.0182667452294808,0.0254782092980699,0.0140187987387936,0.0210929371425563,0.9187249893913724,0.927097124562576,0.4745960774561775,398,,,False,,,42
wdbc,tabpfn,icl,covariate_shift,0.05,1286153647,test_only,True,low,True,ok,,0.9298245614035088,0.9994158878504672,0.1152262495329912,0.1662363387814806,0.0379626072473109,0.0733853392375522,0.0387703161445888,0.0753001122575079,2.4583276478483347,-1.558950852995408,0.4318058218742835,398,,,False,,,42
wdbc,tabpfn,icl,covariate_shift,0.1,1148475252,test_only,True,low,True,ok,,0.783625730994152,0.999123831775701,0.4963115237729887,0.7160261740833357,0.1304310466338979,0.3118126985746364,0.1211543359319445,0.2254287293330092,0.5631072077168039,-0.4828338188526809,0.2263431392188377,398,,,True,ece,,42
wdbc,tabpfn,icl,covariate_shift,0.2,1506864523,test_only,True,low,True,ok,,0.4561403508771929,0.999123831775701,1.8785592904559243,2.710188172356652,0.4745002466045033,0.8886555794821374,0.4550511936213485,0.5078251384782704,0.4285167569996698,-2.7871458202841435,-0.489842107274822,398,,,True,ece;nll,,42
wdbc,tabpfn,icl,covariate_shift,0.3,872579007,test_only,True,low,True,ok,,0.3742690058479532,0.9864193925233644,3.632924134261742,5.241201632425247,0.6051128164444061,1.1780032495307518,0.6051198433937673,0.6051128164444061,2.716269779897232,-27.46415819238964,-1.2919959147560849,398,,,True,ece;nll,,42
wdbc,tabpfn,icl,covariate_shift,0.4,1463416558,test_only,True,low,True,ok,,0.3742690058479532,0.9004088785046729,5.317156942467209,7.671035952525766,0.623757702748345,1.243746578501664,0.6237577027483453,0.623757702748345,1.5800855040876682,-16.884464788132725,-2.05477886795357,398,,,True,ece;nll,,42
wdbc,tabpfn,icl,label_noise,0.0,1753064988,train_only,True,low,True,ok,,0.9883040935672516,0.9989778037383178,0.0453743821686308,0.0654613961380843,0.0182667452294808,0.0254782092980699,0.0140187987387936,0.0210929371425563,0.9187249893913724,0.927097124562576,0.4745960774561775,398,,,False,,,42
wdbc,tabpfn,icl,label_noise,0.05,1997386101,train_only,True,low,True,ok,,0.9824561403508772,0.9973714953271028,0.1020593384311934,0.1472405014310912,0.0526729003358366,0.039564811702235,0.0526729003358366,0.0572148613954252,1.6864529965498758,0.2097833869624507,0.4417417139206228,398,,,False,,,42
wdbc,tabpfn,icl,label_noise,0.1,2557375358,train_only,True,low,True,ok,,0.9766081871345028,0.998393691588785,0.1379042634034856,0.1989537969296541,0.0904337416411746,0.0512207467516462,0.0808053053274349,0.0959241877310812,3.313706536234929,-1.958000917620473,0.418156132719119,398,,,False,,,42
wdbc,tabpfn,icl,label_noise,0.2,4050278400,train_only,True,low,True,ok,,0.9298245614035088,0.9839369158878504,0.3045702867337555,0.4394020422729187,0.1745411621323468,0.1533484011263508,0.1609197612426516,0.1883476784276336,3.642048581935361,-1.0711652877420532,0.317122759662929,398,,,True,ece,,42
wdbc,tabpfn,icl,label_noise,0.3,2179932803,train_only,True,low,True,ok,,0.9064327485380116,0.9785338785046728,0.4349377701072011,0.6274825640289632,0.2672282683340998,0.2570279296480606,0.2578938501303042,0.2547074529857843,9.266906825572038,-1.3453776537727151,0.2367613468818283,398,,,True,ece,,42
wdbc,tabpfn,icl,label_noise,0.4,2088769758,train_only,True,low,True,ok,,0.912280701754386,0.9567757009345794,0.5733330445860104,0.8271447402020082,0.3405616644301447,0.3824076167329763,0.3405616644301447,0.2929471101472856,8.671162529708342,0.6921398756657933,0.1554578456436292,398,,,True,ece;nll,,42
GesturePhaseSegmentation,tabpfn,icl,covariate_shift,0.0,4240515663,test_only,True,low,True,ok,,0.7889939230249832,0.9508617589027216,0.6006914621485497,0.3732305903245867,0.0598141983194605,0.304417429380056,0.0604217188866879,0.0265288144298879,1.1440312899125091,0.35597665099236,0.3272186873084318,6911,,,False,,,1337
GesturePhaseSegmentation,tabpfn,icl,covariate_shift,0.05,1901017588,test_only,True,low,True,ok,,0.4466576637407157,0.8075096639231936,1.3795985090326033,0.8571927493283107,0.1531764210575277,0.6939914624794431,0.1520251362419015,0.1016817796923145,0.9888100439004748,-0.7109850355937886,0.0618339229242263,6911,,,True,ece;nll,,1337
GesturePhaseSegmentation,tabpfn,icl,covariate_shift,0.1,620159959,test_only,True,low,True,ok,,0.3791357191087103,0.7347501589127791,1.891579359100597,1.175304337301082,0.2469729822164595,0.8353326940659097,0.2469729822164596,0.1368780116559712,0.7404835767594138,-0.9737809224585968,-0.0879529841478372,6911,,,True,ece;nll,,1337
GesturePhaseSegmentation,tabpfn,icl,covariate_shift,0.2,4186964530,test_only,True,low,True,ok,,0.3311951384199865,0.6452840284827401,2.8101155151179142,1.7460229396907392,0.347767385683435,0.9617834647818996,0.347767385683435,0.1684782654260722,0.4033746890134556,-1.055547395918932,-0.3178316783119517,6911,,,True,ece;nll,,1337
GesturePhaseSegmentation,tabpfn,icl,covariate_shift,0.3,3312755356,test_only,True,low,True,ok,,0.312626603646185,0.6016475796657753,3.3746609253154083,2.0967947251917285,0.3932477674409509,1.0191490082575023,0.3932477674409509,0.1791289368649482,0.0576156993658819,-0.8441666126259447,-0.4502173276157596,6911,,,True,ece;nll,,1337
GesturePhaseSegmentation,tabpfn,icl,covariate_shift,0.4,2664869991,test_only,True,low,True,ok,,0.2893315327481431,0.568709635379002,3.786173989623392,2.352482168073955,0.4035779494901048,1.0302190819263224,0.4031258357852346,0.1847807926996695,0.1304981702523416,-1.0150986302773737,-0.5440121380253353,6911,,,True,ece;nll,,1337
GesturePhaseSegmentation,tabpfn,icl,label_noise,0.0,2521136143,train_only,True,low,True,ok,,0.7889939230249832,0.9508617589027216,0.6006914621485497,0.3732305903245867,0.0598141983194605,0.304417429380056,0.0604217188866879,0.0265288144298879,1.1440312899125091,0.35597665099236,0.3272186873084318,6911,,,False,,,1337
GesturePhaseSegmentation,tabpfn,icl,label_noise,0.05,3831908433,train_only,True,low,True,ok,,0.7599594868332208,0.9368977409759572,0.6873261212633421,0.4270597305762705,0.0805954996386511,0.3477668715896213,0.0805954996386511,0.034510901575481,1.2602663772760987,0.4136373263565618,0.2976711132659567,6911,,,False,,,1337
GesturePhaseSegmentation,tabpfn,icl,label_noise,0.1,3893974326,train_only,True,low,True,ok,,0.7420661715057394,0.929537673199776,0.7546152421729359,0.4688688121132067,0.1181172486721861,0.3785090983239269,0.1166732664647284,0.0506528892725893,1.4943544174549606,0.5783566740210109,0.2723640179773832,6911,,,True,ece,,1337
GesturePhaseSegmentation,tabpfn,icl,label_noise,0.2,926603603,train_only,True,low,True,ok,,0.6934503713706954,0.9000104744939612,0.9208057308822528,0.5721287685398402,0.1625122027192215,0.4599845465060665,0.1625122027192216,0.066765884786705,1.683979737519138,0.85781558856216,0.2148801506726942,6911,,,True,ece,,1337
GesturePhaseSegmentation,tabpfn,icl,label_noise,0.3,2767960514,train_only,True,low,True,ok,,0.6323430114787306,0.8639956591081388,1.0685730893173826,0.6639417905231781,0.1756354481843344,0.5351299330035655,0.1750805664810847,0.0753102770495762,1.9986101910941785,1.0864021116554463,0.1629403056158378,6911,,,True,ece,,1337
GesturePhaseSegmentation,tabpfn,icl,label_noise,0.4,1997955990,train_only,True,low,True,ok,,0.599257258609048,0.8452838252009822,1.200645369634321,0.7460029121710418,0.2226416760079285,0.6046855786383745,0.2226416760079285,0.0971698252432013,2.255928969591585,1.695607875853203,0.1174087187588027,6911,,,True,ece,,1337
MiceProtein,tabpfn,icl,covariate_shift,0.0,2284535254,test_only,True,low,True,ok,,1.0,1.0,9.739628771448973e-05,4.683771376222967e-05,9.73880192826071e-05,2.4752861842793123e-08,9.738801928266124e-05,2.4347004820676792e-05,,,0.4999664710820148,756,,,False,,,1337
MiceProtein,tabpfn,icl,covariate_shift,0.05,454400143,test_only,True,low,True,ok,,1.0,1.0,0.0002528320475216,0.0001215865137124,0.0002521036972206,2.812753877484458e-06,0.0002521036972205,6.302592430514525e-05,,,0.4999131033064422,756,,,False,,,1337
MiceProtein,tabpfn,icl,covariate_shift,0.1,2765950227,test_only,True,low,True,ok,,1.0,1.0,0.0091803902719778,0.0044148345062692,0.0084285877426156,0.0024087708893103,0.0084285877426158,0.0021071469356539,,,0.4969898320995961,756,,,False,,,1337
MiceProtein,tabpfn,icl,covariate_shift,0.2,2162044341,test_only,True,low,True,ok,,0.9938271604938272,0.9999892269240712,0.0871426251424986,0.0419067443810429,0.0714446901896455,0.0253337831821991,0.0708138775571279,0.0189889168214136,5.143113731424924,0.2426045247980599,0.472209342145257,756,,,False,,,1337
MiceProtein,tabpfn,icl,covariate_shift,0.3,756318037,test_only,True,low,True,ok,,0.9382716049382716,0.9991197217119276,0.3234836963766073,0.1555627748569875,0.1756440155896997,0.1470612097588298,0.1722592472976883,0.0575617383166493,2.460119680601331,1.1754156296561786,0.4086350077648792,756,,,True,ece,,1337
MiceProtein,tabpfn,icl,covariate_shift,0.4,2469400684,test_only,True,low,True,ok,,0.6080246913580247,0.981155425978234,0.8526777483669126,0.4100513196817708,0.0827268058810756,0.4954665657274806,0.1066338085408004,0.0916456848579706,0.6351907214193938,0.1430145078732596,0.2950473457153392,756,,,False,,,1337
MiceProtein,tabpfn,icl,label_noise,0.0,1003208743,train_only,True,low,True,ok,,1.0,1.0,9.739628771448973e-05,4.683771376222967e-05,9.73880192826071e-05,2.4752861842793123e-08,9.738801928266124e-05,2.4347004820676792e-05,,,0.4999664710820148,756,,,False,,,1337
MiceProtein,tabpfn,icl,label_noise,0.05,496619578,train_only,True,low,True,ok,,1.0,1.0,0.0452131916317815,0.0217429491166445,0.0432605197181943,0.0047730818783201,0.0432605197181943,0.0108151299295485,,,0.4848250113213678,756,,,False,,,1337
MiceProtein,tabpfn,icl,label_noise,0.1,2288427460,train_only,True,low,True,ok,,1.0,1.0,0.1027380529743803,0.0494065598455754,0.0948520526878323,0.0174472236509621,0.0948520526878322,0.023713013171958,,,0.4662076215087609,756,,,False,,,1337
MiceProtein,tabpfn,icl,label_noise,0.2,962686074,train_only,True,low,True,ok,,0.9876543209876544,0.9996698943661972,0.2276754657028301,0.1094887551005194,0.1733068889537223,0.0605910231096863,0.1733068889537224,0.0475496985164585,2.145407242580925,1.6376147074819944,0.4305246068554168,756,,,True,ece,,1337
MiceProtein,tabpfn,icl,label_noise,0.3,2651871548,train_only,True,low,True,ok,,0.9969135802469136,1.0,0.3405442916476334,0.1637671869210285,0.2766744383542914,0.1046724385190982,0.2766744383542915,0.0697096524014468,4.672248698599694,4.755613994995909,0.3950719932898701,756,,,True,ece,,1337
MiceProtein,tabpfn,icl,label_noise,0.4,59035605,train_only,True,low,True,ok,,0.9814814814814816,0.9999158532100136,0.5863039244013379,0.281952588062516,0.4112571556697289,0.2356066365977771,0.4112571556697289,0.1062563157265024,12.609608408461252,9.71014314687475,0.3303555632930264,756,,,True,ece,,1337
PhishingWebsites,tabpfn,icl,covariate_shift,0.0,372640033,test_only,False,high,True,ok,,0.9764847753994572,0.9977300936617204,0.0613354317864401,0.0884883232690804,0.0052142970515213,0.0360474172202325,0.0034084175777187,0.0081879612215592,0.8098269019095226,0.2395072429309863,0.4680888927004923,7738,,,False,,,1337
PhishingWebsites,tabpfn,icl,covariate_shift,0.05,3027931439,test_only,False,high,True,ok,,0.9758818209225204,0.9976236515179976,0.0631949095484338,0.0911709826149521,0.0061354773022961,0.0370628974282625,0.0039417261599205,0.0088580608832186,0.7923496066573091,0.2725092467338643,0.4669721609247323,7738,,,False,,,1337
PhishingWebsites,tabpfn,icl,covariate_shift,0.1,912401266,test_only,False,high,True,ok,,0.9746759119686464,0.9976833180483888,0.062023768510449,0.0894813832472698,0.0035039570007008,0.0368046599429959,0.0024157376773639,0.007460066717099,0.8821856775521993,0.0674673803672479,0.4678453417379119,7738,,,False,,,1337
PhishingWebsites,tabpfn,icl,covariate_shift,0.2,1545368639,test_only,False,high,True,ok,,0.9767862526379258,0.997764346669908,0.0612514299475491,0.0883671342326868,0.006441537719721,0.0359704850749142,0.0034215554779281,0.0106275883324072,0.7954348301446761,0.2728431183828723,0.4679370114164063,7738,,,False,,,1337
PhishingWebsites,tabpfn,icl,covariate_shift,0.3,2577659211,test_only,False,high,True,ok,,0.975580343684052,0.9976450136091252,0.0631549883779575,0.0911133885402795,0.0052511334311698,0.0372505004478837,0.0030018098261365,0.0091850800415469,0.804518452634014,0.2247697804626217,0.4671285630674838,7738,,,False,,,1337
PhishingWebsites,tabpfn,icl,covariate_shift,0.4,1900166772,test_only,False,high,True,ok,,0.9746759119686464,0.9976649024525892,0.0628647528602978,0.0906946671982619,0.0066621686116811,0.037035216467819,0.0023297746606278,0.0101753372211647,0.8392128664317241,0.1106802177639138,0.4668432687718883,7738,,,False,,,1337
PhishingWebsites,tabpfn,icl,label_noise,0.0,2113392184,train_only,False,high,True,ok,,0.9764847753994572,0.9977300936617204,0.0613354317864401,0.0884883232690804,0.0052142970515213,0.0360474172202325,0.0034084175777187,0.0081879612215592,0.8098269019095226,0.2395072429309863,0.4680888927004923,7738,,,False,,,1337
PhishingWebsites,tabpfn,icl,label_noise,0.05,3518911114,train_only,False,high,True,ok,,0.9716611395839614,0.9963636564533772,0.1007312937327723,0.1453245379306002,0.0382492092770841,0.0452984307132208,0.0366413623905144,0.038600550141109,1.7933507884233233,-0.3193781691024415,0.4432292474616793,7738,,,False,,,1337
PhishingWebsites,tabpfn,icl,label_noise,0.1,3168603617,train_only,False,high,True,ok,,0.9638227313837804,0.9946381151269388,0.1514606965706069,0.2185115958320027,0.0737908346870478,0.0636374890019236,0.0729455364878148,0.076035681907513,2.287967308145613,-0.5612589912920112,0.4123851043149852,7738,,,False,,,1337
PhishingWebsites,tabpfn,icl,label_noise,0.2,1617683971,train_only,False,high,True,ok,,0.9593005728067532,0.9935530682224162,0.2602242929183151,0.3754242969120903,0.1673471440594594,0.116764867536425,0.1658165061011935,0.1678644857710418,3.651507348939907,-0.8175409096097155,0.3455419419133396,7738,,,True,ece,,1337
PhishingWebsites,tabpfn,icl,label_noise,0.3,3462731365,train_only,False,high,True,ok,,0.9339764847753994,0.9833047891598438,0.3887895429428514,0.5609047455531385,0.2383417776207616,0.2132560089989336,0.2366891221072631,0.2405720272087652,5.218121900209336,-0.8787639366902598,0.2683133697321613,7738,,,True,ece,,1337
PhishingWebsites,tabpfn,icl,label_noise,0.4,3141543665,train_only,False,high,True,ok,,0.9137775097980102,0.9693148293426738,0.5457212519991722,0.7873093439669221,0.3239728767436948,0.3549179982245088,0.3239728767436948,0.3182169038223,10.48285951449416,-0.5757835777996757,0.1753394382008217,7738,,,True,ece;nll,,1337
analcatdata_authorship,tabpfn,icl,covariate_shift,0.0,2226396684,test_only,True,low,True,ok,,1.0,1.0,0.0002966860217966,0.0002140137261735,0.0002945654413696,8.32902373916308e-06,0.0002945654413697,0.0001472827206849,,,0.499876882793874,588,,,False,,,1337
analcatdata_authorship,tabpfn,icl,covariate_shift,0.05,4113604261,test_only,True,low,True,ok,,1.0,1.0,0.0030666190097232,0.0022120980188117,0.0028009315126223,0.0008929105572512,0.0028009315126222,0.0014004657563111,,,0.498776184291832,588,,,False,,,1337
analcatdata_authorship,tabpfn,icl,covariate_shift,0.1,3280088341,test_only,True,low,True,ok,,0.9881422924901184,1.0,0.0189202182088491,0.0136480524912218,0.0146097213918818,0.0103803466447623,0.0019103354683849,0.0073052403791468,11.72590813514586,-9.938113404351572,0.4912049838477748,588,,,False,,,1337
analcatdata_authorship,tabpfn,icl,covariate_shift,0.2,3764994793,test_only,True,low,True,ok,,0.8537549407114624,0.9986891425097252,0.3158439593024312,0.2278332568901765,0.0688431118630026,0.1970759915766484,0.0704698067577885,0.0723726360068857,0.8566699353756352,-0.7772492564960315,0.3954858415454697,588,,,False,,,1337
analcatdata_authorship,tabpfn,icl,covariate_shift,0.3,4168466808,test_only,True,low,True,ok,,0.6561264822134387,0.9781300668929372,1.0437018785378454,0.7528717621665224,0.2357240022866474,0.5472609614851489,0.2325392515230446,0.1742755387350302,0.3605900586022774,-0.411369151971758,0.1677581666372576,588,,,True,ece;nll,,1337
analcatdata_authorship,tabpfn,icl,covariate_shift,0.4,962240281,test_only,True,low,True,ok,,0.3952569169960474,0.8830835644198991,1.8347849464318284,1.3235175716574608,0.5102611317193648,0.9220899936004896,0.4986934022362181,0.2585188860211946,0.915402624461205,-3.438808473422807,-0.1307397127447394,588,,,True,ece;nll,,1337
analcatdata_authorship,tabpfn,icl,label_noise,0.0,97304121,train_only,True,low,True,ok,,1.0,1.0,0.0002966860217966,0.0002140137261735,0.0002945654413696,8.32902373916308e-06,0.0002945654413697,0.0001472827206849,,,0.499876882793874,588,,,False,,,1337
analcatdata_authorship,tabpfn,icl,label_noise,0.05,1166349070,train_only,True,low,True,ok,,1.0,1.0,0.0380996334898176,0.0274830761477235,0.0372728348320315,0.0022062871670065,0.0372728348320314,0.0186364174160157,,,0.4843005101892766,588,,,False,,,1337
analcatdata_authorship,tabpfn,icl,label_noise,0.1,3921011543,train_only,True,low,True,ok,,1.0,1.0,0.0811623464895923,0.0585462573937233,0.0778596805200759,0.0086967034206221,0.077859680520076,0.038929840260038,,,0.4668641866778678,588,,,False,,,1337
analcatdata_authorship,tabpfn,icl,label_noise,0.2,1204676468,train_only,True,low,True,ok,,1.0,1.0,0.1946842392351766,0.1404349932419149,0.1759178294377505,0.0442624625200422,0.1759178294377504,0.0879589147188752,,,0.4226859361398754,588,,,True,ece,,1337
analcatdata_authorship,tabpfn,icl,label_noise,0.3,4167782596,train_only,True,low,True,ok,,0.9960474308300395,1.0,0.3273411526203905,0.2361267287821573,0.2717853889842675,0.1073326631208469,0.2717853889842675,0.1373649279938432,7.4431567636929055,1.8222071264587945,0.3742120181930052,588,,,True,ece,,1337
analcatdata_authorship,tabpfn,icl,label_noise,0.4,1537006754,train_only,True,low,True,ok,,1.0,1.0,0.4862687802763408,0.3507687789219009,0.3834332333529388,0.2014292685222894,0.3834332333529388,0.1917166166764694,,,0.3180827196528419,588,,,True,ece,,1337
breast-w,tabpfn,icl,covariate_shift,0.0,1364300203,test_only,False,high,True,ok,,0.9857142857142858,0.9960748792270532,0.0532771625049336,0.0768626981385031,0.0104987909296305,0.0242079042876869,0.0137335381467911,0.0162897727682653,0.8743197104408345,0.6703515033054297,0.4713247829591344,489,,,False,,,1337
breast-w,tabpfn,icl,covariate_shift,0.05,2632361062,test_only,False,low,True,ok,,0.9857142857142858,0.99597423510467,0.1136478750837829,0.163959225790942,0.050773625233948,0.0439137899854532,0.0599151797626293,0.0666743534005396,0.2902612702517975,3.2761407218567107,0.437105632359705,489,,,False,,,1337
breast-w,tabpfn,icl,covariate_shift,0.1,1191295239,test_only,False,low,True,ok,,0.9571428571428572,0.9973832528180354,0.1660316574768665,0.2395330488724503,0.0651727025113844,0.0766103212917868,0.0649336323965096,0.1071810780487211,1.0872415336345158,0.9028950419162896,0.4077611118937289,489,,,False,,,1337
breast-w,tabpfn,icl,covariate_shift,0.2,712722868,test_only,False,low,True,ok,,0.6047619047619047,0.9957729468599034,0.6627359023523373,0.9561257997427892,0.1911421597121675,0.4669145058282068,0.2232901251881976,0.3678310047152675,0.5129240228620483,-0.7044332949708352,0.1141686452499815,489,,,True,ece;nll,,1337
breast-w,tabpfn,icl,covariate_shift,0.3,2595673968,test_only,False,low,True,ok,,0.3571428571428571,0.9928542673107892,1.534819503470831,2.214276486317029,0.5673813191112567,0.9932522328460373,0.5541096362783613,0.5673813191112567,1.2116839751094357,-6.243646679162565,-0.3766887875871553,489,,,True,ece;nll,,1337
breast-w,tabpfn,icl,covariate_shift,0.4,17091090,test_only,False,low,True,ok,,0.3428571428571428,0.9918478260869564,2.283775193144865,3.294791145655332,0.6240516959439819,1.1898219611493823,0.6242168273389989,0.6240516959439819,2.734423150347481,-16.856513110651303,-0.7146723723263896,489,,,True,ece;nll,,1337
breast-w,tabpfn,icl,label_noise,0.0,1678443626,train_only,False,high,True,ok,,0.9857142857142858,0.9960748792270532,0.0532771625049336,0.0768626981385031,0.0104987909296305,0.0242079042876869,0.0137335381467911,0.0162897727682653,0.8743197104408345,0.6703515033054297,0.4713247829591344,489,,,False,,,1337
breast-w,tabpfn,icl,label_noise,0.05,3466894824,train_only,False,high,True,ok,,0.9904761904761904,0.9957729468599034,0.0893260803087099,0.1288702930834251,0.0547675205262259,0.0288127168608825,0.0551862523825563,0.0560604346460871,1.1497016076147797,1.6751434903084297,0.447477367942122,489,,,False,,,1337
breast-w,tabpfn,icl,label_noise,0.1,1269490609,train_only,False,high,True,ok,,0.9904761904761904,0.9918478260869564,0.1230936691944679,0.1775866261116854,0.0860951725221942,0.039373542290179,0.0860951725221941,0.0860951725221941,0.646663707149044,3.178521666695686,0.4252231453639188,489,,,False,,,1337
breast-w,tabpfn,icl,label_noise,0.2,2139328986,train_only,False,high,True,ok,,0.9904761904761904,0.9963768115942028,0.2277892392687815,0.3286304058609407,0.182738555201903,0.0893978841342044,0.1827385552019031,0.182738555201903,1.533371072877401,2.522208874044792,0.3621664798307367,489,,,True,ece,,1337
breast-w,tabpfn,icl,label_noise,0.3,93355445,train_only,False,high,True,ok,,0.9809523809523808,0.9985909822866345,0.3674081087784983,0.5300578565171323,0.2839415169505802,0.1928489043061334,0.2835994616468604,0.2886814620834528,8.327188629786628,-0.3831103745151519,0.2808440405979234,489,,,True,ece,,1337
breast-w,tabpfn,icl,label_noise,0.4,1493803367,train_only,False,high,True,ok,,0.9761904761904762,0.9956723027375202,0.5502410259676018,0.7938299994571145,0.3947268707702306,0.3596650368746567,0.3947268707702305,0.4049325751729819,6.202606429568726,2.1321988354305432,0.177819503395523,489,,,True,ece;nll,,1337
car,tabpfn,icl,covariate_shift,0.0,3854880023,test_only,True,low,True,ok,,1.0,1.0,0.0090520603680494,0.0065296813014062,0.0083744295428043,0.0021489305293524,0.0083744295428043,0.0041872147714021,,,0.4963662097010172,1209,,,False,,,1337
car,tabpfn,icl,covariate_shift,0.05,4213693297,test_only,True,low,True,ok,,1.0,1.0,0.0108849639595406,0.0078518417623421,0.0098644456955394,0.0031426038694583,0.0098644456955395,0.0049322228477697,,,0.4956715583321894,1209,,,False,,,1337
car,tabpfn,icl,covariate_shift,0.1,3641087901,test_only,True,low,True,ok,,1.0,1.0,0.0088169005123295,0.0063600493225745,0.0079920585008902,0.0024774473401853,0.0079920585008902,0.0039960292504451,,,0.4964935735030495,1209,,,False,,,1337
car,tabpfn,icl,covariate_shift,0.2,1965661127,test_only,True,low,True,ok,,1.0,1.0,0.0082105178603872,0.0059226367001554,0.0076056793298201,0.0019191818692953,0.0076056793298201,0.00380283966491,,,0.4967020731239893,1209,,,False,,,1337
car,tabpfn,icl,covariate_shift,0.3,2544599632,test_only,True,low,True,ok,,1.0,1.0,0.0088180935521285,0.0063609099188753,0.0081399535883709,0.0021074247495671,0.0081399535883709,0.0040699767941854,,,0.4964637363066632,1209,,,False,,,1337
car,tabpfn,icl,covariate_shift,0.4,2182527323,test_only,True,low,True,ok,,1.0,1.0,0.0099348199286975,0.0071664577216284,0.0090468317107563,0.0027008502305911,0.0090468317107563,0.0045234158553781,,,0.4960406963413601,1209,,,False,,,1337
car,tabpfn,icl,label_noise,0.0,3006672002,train_only,True,low,True,ok,,1.0,1.0,0.0090520603680494,0.0065296813014062,0.0083744295428043,0.0021489305293524,0.0083744295428043,0.0041872147714021,,,0.4963662097010172,1209,,,False,,,1337
car,tabpfn,icl,label_noise,0.05,1134764801,train_only,True,low,True,ok,,0.9826589595375722,0.9994880070289804,0.0848844290837654,0.0612311724439196,0.0563584848914483,0.0287529683089905,0.0524295141202264,0.0315198331558912,3.9199671727573695,-0.3240351024136354,0.4675785976793133,1209,,,False,,,1337
car,tabpfn,icl,label_noise,0.1,3882675880,train_only,True,low,True,ok,,0.97495183044316,0.9990675114215928,0.1482391721304572,0.106931959249048,0.0923175562949595,0.0488064290586608,0.0923175562949596,0.0539474501184186,2.8418789597026004,0.4148316295948591,0.4453733045303251,1209,,,False,,,1337
car,tabpfn,icl,label_noise,0.2,2592207061,train_only,True,low,True,ok,,0.9807321772639692,0.998601561536762,0.2671194901027388,0.1926859818480049,0.1965411339959694,0.0890154272822991,0.1965411339959694,0.0997956562165273,3.0881858650952965,1.5089037655022033,0.3995063517738667,1209,,,True,ece,,1337
car,tabpfn,icl,label_noise,0.3,2186658839,train_only,True,low,True,ok,,0.9518304431599228,0.9957732386894432,0.4297978849800051,0.3100336386226093,0.2853820648809025,0.1745462769171303,0.2771236499170157,0.1451248479997744,4.448901228391732,1.9634998226522165,0.3412086954523302,1209,,,True,ece,,1337
car,tabpfn,icl,label_noise,0.4,1388868441,train_only,True,low,True,ok,,0.8940269749518305,0.9867202220252218,0.6440449272901902,0.4645802113556252,0.3395395293675247,0.303286405919472,0.3373104272594713,0.1855631626469318,5.810128037561849,2.0386310671577346,0.2721741546714096,1209,,,True,ece,,1337
churn,tabpfn,icl,covariate_shift,0.0,3823733003,test_only,True,low,True,ok,,0.9706666666666668,0.9315232040314074,0.1155755789125063,0.1667403145449439,0.0104632594799935,0.0515233791672429,0.0133254164489538,0.0136053024550109,0.929543618756416,-0.0640322056035036,0.4195183751515107,3500,,,False,,,1337
churn,tabpfn,icl,covariate_shift,0.05,3332838200,test_only,True,low,True,ok,,0.9513333333333334,0.9190459099964842,0.1562698335240708,0.2254497138657208,0.0112973197256659,0.0762519003534892,0.0155533754846515,0.0209927496187503,0.9175089516063472,0.1027646316290714,0.39447169039392,3500,,,False,,,1337
churn,tabpfn,icl,covariate_shift,0.1,2358782459,test_only,True,low,True,ok,,0.9186666666666666,0.8798012129380054,0.229973138904563,0.3317811070352818,0.0367969773944402,0.1253829239755429,0.0342450533604436,0.0429647783339417,0.9397573753804442,-0.4038917392835425,0.3388366969388293,3500,,,False,,,1337
churn,tabpfn,icl,covariate_shift,0.2,4194926495,test_only,True,low,True,ok,,0.8073333333333333,0.760638843314192,0.5373511113634253,0.7752337835801868,0.1383454886423805,0.3089900645382121,0.1374462664882869,0.1516593913890588,0.8635589078547847,-1.329697606868052,0.127084362357435,3500,,,True,ece;nll,,1337
churn,tabpfn,icl,covariate_shift,0.3,1781632616,test_only,True,low,True,ok,,0.6713333333333333,0.7179992382514941,0.7748352052216538,1.1178509080794623,0.2382802946939601,0.4947457759844219,0.2381306586587716,0.2736556094857926,0.942319286451977,-1.914271346880648,-0.0310115979746077,3500,,,True,ece;nll,,1337
churn,tabpfn,icl,covariate_shift,0.4,1359545890,test_only,True,low,True,ok,,0.5306666666666666,0.67093563225126,1.3260962560488685,1.913152492343124,0.3915694192813759,0.7826158393084143,0.3888695988984622,0.412185951805577,0.6363027052694992,-1.8302066255801883,-0.3378321602712714,3500,,,True,ece;nll,,1337
churn,tabpfn,icl,label_noise,0.0,4236226618,train_only,True,low,True,ok,,0.9706666666666668,0.9315232040314074,0.1155755789125063,0.1667403145449439,0.0104632594799935,0.0515233791672429,0.0133254164489538,0.0136053024550109,0.929543618756416,-0.0640322056035036,0.4195183751515107,3500,,,False,,,1337
churn,tabpfn,icl,label_noise,0.05,3563530942,train_only,True,low,True,ok,,0.97,0.9293954353685692,0.139032297899642,0.2005812067032106,0.0433082599234818,0.0594945884024283,0.0410560189122078,0.0426454303654272,1.098868002125272,0.735916317501419,0.4019523883833395,3500,,,False,,,1337
churn,tabpfn,icl,label_noise,0.1,3765634850,train_only,True,low,True,ok,,0.9573333333333334,0.9303988925348646,0.1884011762872098,0.2718054427272049,0.0778361285909734,0.0828390916058565,0.0770223654590915,0.0809078073615663,1.7952805019564706,-0.1580204280426312,0.3721307538508465,3500,,,False,,,1337
churn,tabpfn,icl,label_noise,0.2,1762843468,train_only,True,low,True,ok,,0.9513333333333334,0.9250556662369624,0.2944694448258676,0.4248296077436054,0.1774793203417239,0.1428788650387593,0.1756675344075391,0.1840412799925083,2.619173724073681,0.2208449306851186,0.3035247367915104,3500,,,True,ece,,1337
churn,tabpfn,icl,label_noise,0.3,2534136974,train_only,True,low,True,ok,,0.9166666666666666,0.9057446091644206,0.4274515292927136,0.6166822015310014,0.2445013840848207,0.2476337783912111,0.2418761878539268,0.2485207289979143,4.557961939866946,-0.2450232294304772,0.2206056759312825,3500,,,True,ece,,1337
churn,tabpfn,icl,label_noise,0.4,4181465848,train_only,True,low,True,ok,,0.8686666666666667,0.8224082239540608,0.5753752657201591,0.830091042504643,0.2874249429538525,0.3834548711348742,0.2874249429538525,0.2897878069407409,10.670020938639007,-1.3284977549494403,0.1116305770417578,3500,,,True,ece;nll,,1337
climate-model-simulation-crashes,tabpfn,icl,covariate_shift,0.0,1329211788,test_only,True,low,True,ok,,0.9506172839506172,0.9502895752895753,0.1383953040483467,0.19966221883287,0.0338201348649006,0.0740969730948942,0.0318922474870442,0.0376968192598407,0.7903510454768015,0.3166481620884955,0.4085312513211027,378,,,False,,,1337
climate-model-simulation-crashes,tabpfn,icl,covariate_shift,0.05,3204455056,test_only,True,low,True,ok,,0.9444444444444444,0.958011583011583,0.1399959205536096,0.201971420327378,0.0154225432378566,0.0844637472476413,0.0208991564103383,0.0450833854270598,0.9589301658694398,0.1212774929499557,0.4132947859749359,378,,,False,,,1337
climate-model-simulation-crashes,tabpfn,icl,covariate_shift,0.1,631691699,test_only,True,low,True,ok,,0.9320987654320988,0.958976833976834,0.1630318292300668,0.2352052115372737,0.0532889735139305,0.1058698122888725,0.0205132039255752,0.0670149424449248,1.0080722483917484,0.0029699708958693,0.3942373485427384,378,,,False,,,1337
climate-model-simulation-crashes,tabpfn,icl,covariate_shift,0.2,149966327,test_only,True,low,True,ok,,0.8580246913580247,0.9633204633204632,0.2560481725140956,0.3693994287147675,0.0734550366958296,0.1682603465009132,0.0772272135153231,0.1336936203905888,1.4692959215449846,-1.1623569506883338,0.3403550299122696,378,,,False,,,1337
climate-model-simulation-crashes,tabpfn,icl,covariate_shift,0.3,3746745836,test_only,True,low,True,ok,,0.8148148148148148,0.9536679536679536,0.4054694080347497,0.584968704203917,0.077700709407487,0.2674400108846571,0.110491939220857,0.2076024823166706,0.8125746757563954,-0.2202478543808383,0.2649752528633334,378,,,False,,,1337
climate-model-simulation-crashes,tabpfn,icl,covariate_shift,0.4,3718299551,test_only,True,low,True,ok,,0.7222222222222222,0.942084942084942,0.5381367567717676,0.7763672303146995,0.1327187750400811,0.3630263106967396,0.1346371966579788,0.2815180355293867,0.8599526685360054,-0.5733410418843319,0.178609138960637,378,,,True,ece;nll,,1337
climate-model-simulation-crashes,tabpfn,icl,label_noise,0.0,4271218180,train_only,True,low,True,ok,,0.9506172839506172,0.9502895752895753,0.1383953040483467,0.19966221883287,0.0338201348649006,0.0740969730948942,0.0318922474870442,0.0376968192598407,0.7903510454768015,0.3166481620884955,0.4085312513211027,378,,,False,,,1337
climate-model-simulation-crashes,tabpfn,icl,label_noise,0.05,274534605,train_only,True,low,True,ok,,0.9567901234567902,0.8605212355212355,0.1663144492713259,0.2399410311919209,0.0356595150612807,0.0798568256224611,0.0558875159902064,0.04964946108476,0.9299326647755412,0.8144516123833603,0.3655867385811185,378,,,False,,,1337
climate-model-simulation-crashes,tabpfn,icl,label_noise,0.1,751852805,train_only,True,low,True,ok,,0.9444444444444444,0.8716216216216217,0.2080099876437291,0.3000949776289826,0.0850188832060004,0.1003014760587572,0.0768962939051296,0.0989103058717921,1.5482023822487283,0.1856147307219103,0.3397019643043393,378,,,False,,,1337
climate-model-simulation-crashes,tabpfn,icl,label_noise,0.2,1525610538,train_only,True,low,True,ok,,0.9135802469135802,0.901061776061776,0.3605919168847059,0.5202241702742105,0.1668150233951128,0.1954157389168141,0.1910089029592911,0.1668150233951127,13.8866210067376,-11.916521310953016,0.2629784028973728,378,,,True,ece,,1337
climate-model-simulation-crashes,tabpfn,icl,label_noise,0.3,3436333010,train_only,True,low,True,ok,,0.9135802469135802,0.8112934362934363,0.4616557538739837,0.6660284667118522,0.2507577731886728,0.276757326508321,0.273988220913179,0.2507577731886728,18.47123880118911,-9.19564918087979,0.1710296450884494,378,,,True,ece,,1337
climate-model-simulation-crashes,tabpfn,icl,label_noise,0.4,2166925723,train_only,True,low,True,ok,,0.9135802469135802,0.7823359073359073,0.555207016792794,0.8009944097937194,0.3223722847944863,0.363588750428045,0.3223722847944863,0.3223722847944863,35.33727744054632,-10.216119664878931,0.1060818247075914,378,,,True,ece;nll,,1337
cmc,tabpfn,icl,covariate_shift,0.0,3426019478,test_only,False,high,True,ok,,0.5520361990950227,0.7399008455954407,0.8995680660654448,0.8188221407536102,0.0481028604456215,0.536822488462768,0.075828224757495,0.0544412349999795,0.8342634373986852,-0.1285348802900383,0.0865035115074502,1031,,,True,nll,,1337
cmc,tabpfn,icl,covariate_shift,0.05,2393874657,test_only,False,low,True,ok,,0.5565610859728507,0.7345288174979895,0.900339718272195,0.8195245288615074,0.040626489629976,0.5380236244283977,0.0470341213694605,0.0464265781996826,0.9898722687654,-0.0971731651720953,0.0865865924357764,1031,,,True,nll,,1337
cmc,tabpfn,icl,covariate_shift,0.1,511224812,test_only,False,low,True,ok,,0.5475113122171946,0.7304449191624031,0.9069403298647136,0.8255326644527458,0.0488384384397575,0.5423985528096179,0.0660539783791807,0.0440984553346602,1.0671636785968248,-0.1418435361124687,0.0803549315156449,1031,,,True,nll,,1337
cmc,tabpfn,icl,covariate_shift,0.2,307649526,test_only,False,low,True,ok,,0.497737556561086,0.6933042970564887,0.9673097645624688,0.8804832920039296,0.0644973122398598,0.5814762324294296,0.0767864443062911,0.0610431038800485,0.9735684865630968,-0.2789936399580681,0.040272687404783,1031,,,True,nll,,1337
cmc,tabpfn,icl,covariate_shift,0.3,1345879860,test_only,False,low,True,ok,,0.4796380090497738,0.6651613019633995,1.0184892934213754,0.9270689067715868,0.0914629595408559,0.612814845980414,0.1221968887348111,0.0869724505124034,0.7569562702069856,-0.3224526893206594,0.0083388931050086,1031,,,True,nll,,1337
cmc,tabpfn,icl,covariate_shift,0.4,3233909296,test_only,False,low,True,ok,,0.4479638009049774,0.6509229978327357,1.0540627524258934,0.9594492645843008,0.1298162437726668,0.6342812090997679,0.1298162437726667,0.1082923764122636,0.7538639592791905,-0.5152028615389114,-0.0187804087526194,1031,,,True,ece;nll,,1337
cmc,tabpfn,icl,label_noise,0.0,4163747248,train_only,False,high,True,ok,,0.5520361990950227,0.7399008455954407,0.8995680660654448,0.8188221407536102,0.0481028604456215,0.536822488462768,0.075828224757495,0.0544412349999795,0.8342634373986852,-0.1285348802900383,0.0865035115074502,1031,,,True,nll,,1337
cmc,tabpfn,icl,label_noise,0.05,4136334652,train_only,False,high,True,ok,,0.5701357466063348,0.7428735117442801,0.8921654071157136,0.8120839501962246,0.0474285298967502,0.5323268157743622,0.0756216693243126,0.052520086335336,1.0684344251272204,0.0079012446363244,0.0924152000632307,1031,,,True,nll,,1337
cmc,tabpfn,icl,label_noise,0.1,2970038763,train_only,False,high,True,ok,,0.5588235294117647,0.7389038321036728,0.903088897949212,0.8220269400445737,0.0484776378990385,0.5389218254347039,0.0571683897778278,0.0449216062268703,1.28374563420347,0.1562980775416629,0.0861362610548703,1031,,,True,nll,,1337
cmc,tabpfn,icl,label_noise,0.2,3284671561,train_only,False,high,True,ok,,0.5656108597285068,0.7516443875788784,0.9043988468423102,0.8232193069119479,0.0633611157165877,0.538284963993503,0.0808713451752705,0.0591211235511075,1.5543089746604584,0.3262713710666028,0.0882791493949815,1031,,,True,nll,,1337
cmc,tabpfn,icl,label_noise,0.3,1664017070,train_only,False,high,True,ok,,0.5452488687782805,0.7207791443794855,0.9644771256044418,0.8779049129094622,0.0927346909981343,0.5751430608093883,0.1230404116304876,0.0677712082248221,1.795606152310194,0.5796626656816395,0.0521416187770964,1031,,,True,nll,,1337
cmc,tabpfn,icl,label_noise,0.4,2754631597,train_only,False,high,True,ok,,0.4660633484162896,0.7028947627079652,1.0382784360154276,0.945081760622005,0.0836440457922516,0.6260170912155584,0.1335131384024569,0.0843836835119227,6.124877563867829,2.830043422072752,0.0156693318651794,1031,,,True,nll,,1337
cnae-9,tabpfn,icl,covariate_shift,0.0,3024739340,test_only,False,high,True,ok,,0.9351851851851852,0.992283950617284,0.7561218281251448,0.3441258740341511,0.4132221744194853,0.3197721593020124,0.4132221744194854,0.0915903533738272,4.093577623244668,5.225314592205581,0.3016949633996847,756,,,True,ece,,1337
cnae-9,tabpfn,icl,covariate_shift,0.05,663995397,test_only,False,low,True,ok,,0.1111111111111111,0.5223229595336076,2.2782741577168384,1.0368872536820422,0.0575641905355377,0.905652443950326,0.0696985924650964,0.0413800510169015,0.9355592982369264,-0.5867818087950428,-0.1230993117082908,756,,,True,nll,,1337
cnae-9,tabpfn,icl,covariate_shift,0.1,162330293,test_only,False,low,True,ok,,0.1141975308641975,0.5380444101508917,2.308010059819225,1.050420645948406,0.1903313686328765,0.9110613335960144,0.1903313686328765,0.054154964414668,179.0308468292732,248.5062694587565,-0.1477472943286553,756,,,True,ece;nll,,1337
cnae-9,tabpfn,icl,covariate_shift,0.2,3295088136,test_only,False,low,True,ok,,0.1574074074074074,0.5219157235939643,2.3429004144965058,1.066299930677498,0.0244840358023663,0.9127831619974106,0.1141726322765192,0.0480811317448477,-8.053642576350615,-13.797364368275227,-0.118505171994724,756,,,True,nll,,1337
cnae-9,tabpfn,icl,covariate_shift,0.3,1556218562,test_only,False,low,True,ok,,0.1111111111111111,0.5940822187928669,2.253542756780353,1.02563150805113,0.1047855042624402,0.9037925306560244,0.1047855042624402,0.0310851260847024,1.00850187491997,-0.7796303091797767,-0.104051110023657,756,,,True,ece;nll,,1337
cnae-9,tabpfn,icl,covariate_shift,0.4,3069351323,test_only,False,low,True,ok,,0.1728395061728395,0.5890132030178326,2.2820816566929696,1.0386201211437502,0.0786500372420361,0.9096559909036503,0.1998596429044905,0.0447393727641501,30.57448502161945,40.70460380654109,-0.0952354968093649,756,,,True,nll,,1337
cnae-9,tabpfn,icl,label_noise,0.0,2572151397,train_only,False,high,True,ok,,0.9351851851851852,0.992283950617284,0.7561218281251448,0.3441258740341511,0.4132221744194853,0.3197721593020124,0.4132221744194854,0.0915903533738272,4.093577623244668,5.225314592205581,0.3016949633996847,756,,,True,ece,,1337
cnae-9,tabpfn,icl,label_noise,0.05,1237033552,train_only,False,high,True,ok,,0.9475308641975309,0.9913837448559668,0.8017507507587431,0.3648924916590623,0.4553085089667065,0.3397099713883697,0.4528532433918998,0.097945611558119,4.424625981750192,6.208448172844601,0.2885844910381581,756,,,True,ece,,1337
cnae-9,tabpfn,icl,label_noise,0.1,2371751407,train_only,False,high,True,ok,,0.9320987654320988,0.992466135116598,0.9087667021792796,0.4135975500879443,0.4868943228118136,0.3932022131330093,0.4861178276136079,0.1078643359730826,3.954551063586582,5.87851643946141,0.2657198325168781,756,,,True,ece,,1337
cnae-9,tabpfn,icl,label_noise,0.2,244441128,train_only,False,high,True,ok,,0.9228395061728396,0.990022719478738,1.0574693766295942,0.4812750537824428,0.5392242988681247,0.4657456537978393,0.5376168188176719,0.1184425326044517,3.5667292783754334,6.044261091036312,0.2327065018351263,756,,,True,ece,,1337
cnae-9,tabpfn,icl,label_noise,0.3,2083936442,train_only,False,high,True,ok,,0.9135802469135802,0.9863897462277093,1.1633604217350015,0.5294681452841695,0.5673280227103132,0.5144548075614961,0.5673280227103132,0.1212310584863037,4.757630293120516,7.946874513152864,0.2099674000894217,756,,,True,ece,,1337
cnae-9,tabpfn,icl,label_noise,0.4,2260029277,train_only,False,high,True,ok,,0.8672839506172839,0.979766803840878,1.347582835495992,0.6133113789987361,0.5814912592776931,0.600842511029813,0.5806850705039709,0.1210293791972712,6.805834481020512,10.92239603248504,0.1727193083817405,756,,,True,ece,,1337
credit-approval,tabpfn,icl,covariate_shift,0.0,2216312198,test_only,True,low,True,ok,,0.8695652173913043,0.940453686200378,0.3098237515218244,0.4469811898701505,0.0329705832847571,0.183115837485279,0.060023720834614,0.0492150599954763,0.8531858923820563,0.0359815035084573,0.3189050991608314,483,,,False,,,1337
credit-approval,tabpfn,icl,covariate_shift,0.05,1642124568,test_only,True,low,True,ok,,0.855072463768116,0.9362948960302456,0.39596839632388,0.5712616417252173,0.0911736164322357,0.2310470746921284,0.0970632897612568,0.0949393840539501,1.01138630450569,-1.0883776529967737,0.266350867371791,483,,,False,,,1337
credit-approval,tabpfn,icl,covariate_shift,0.1,4146424720,test_only,True,low,True,ok,,0.855072463768116,0.9363894139886578,0.4529609573641739,0.6534845269056109,0.0974755807395619,0.2500558521994848,0.1020843601142758,0.1059077843317329,0.7041146741672658,-0.4659839379699976,0.240456690241652,483,,,False,,,1337
credit-approval,tabpfn,icl,covariate_shift,0.2,4252839753,test_only,True,low,True,ok,,0.855072463768116,0.9311909262759924,0.5157445682302517,0.7440621309512038,0.0978894050513534,0.2638476973454828,0.1041392685579887,0.1141636753870598,0.232057585428335,0.989699383972996,0.2113811734661829,483,,,False,,,1337
credit-approval,tabpfn,icl,covariate_shift,0.3,3854496853,test_only,True,low,True,ok,,0.855072463768116,0.9275047258979204,0.5393161182641705,0.7780686892912044,0.1056864175964874,0.2685973220325755,0.1089303651233631,0.1264277395113821,0.1290747187711862,1.3348545383323165,0.1983296333228307,483,,,True,ece;nll,,1337
credit-approval,tabpfn,icl,covariate_shift,0.4,3442682768,test_only,True,low,True,ok,,0.855072463768116,0.9261814744801512,0.5745258984146826,0.828865664505139,0.1406421577568714,0.2766970426869309,0.141295386919464,0.1411357127074718,0.0182634900148353,1.7125154629158026,0.1756362547303542,483,,,True,ece;nll,,1337
credit-approval,tabpfn,icl,label_noise,0.0,2456871693,train_only,True,low,True,ok,,0.8695652173913043,0.940453686200378,0.3098237515218244,0.4469811898701505,0.0329705832847571,0.183115837485279,0.060023720834614,0.0492150599954763,0.8531858923820563,0.0359815035084573,0.3189050991608314,483,,,False,,,1337
credit-approval,tabpfn,icl,label_noise,0.05,4095136875,train_only,True,low,True,ok,,0.8695652173913043,0.9366729678638942,0.3233169624742982,0.4664477783969531,0.0331034636597487,0.1908765353608489,0.0397009952471118,0.0530249518203266,1.1196341062946078,-0.0907089109367548,0.3117152951100229,483,,,False,,,1337
credit-approval,tabpfn,icl,label_noise,0.1,557912932,train_only,True,low,True,ok,,0.8647342995169082,0.9408317580340264,0.3424996009508245,0.4941224757982034,0.0893969951629782,0.1981170147664326,0.0914691966105182,0.0941282365900911,1.922394598186739,-0.5987571135748356,0.2928851184673887,483,,,False,,,1337
credit-approval,tabpfn,icl,label_noise,0.2,156435646,train_only,True,low,True,ok,,0.8260869565217391,0.9158790170132326,0.4175802207533671,0.6024409136542013,0.145299369769661,0.2512587996196642,0.1436998133612388,0.1429854062993205,2.615195267140824,-0.6722978067213025,0.2346785513826996,483,,,True,ece,,1337
credit-approval,tabpfn,icl,label_noise,0.3,551413937,train_only,True,low,True,ok,,0.855072463768116,0.9209829867674858,0.4803851252977076,0.6930492379838262,0.1917438727809653,0.2966979766930594,0.2120195717686241,0.1917438727809653,10.299212636558252,-5.851687643377439,0.2043413689824964,483,,,True,ece,,1337
credit-approval,tabpfn,icl,label_noise,0.4,1241836237,train_only,True,low,True,ok,,0.8115942028985508,0.8522684310018905,0.6577846529013186,0.9489826567136004,0.2864729249963169,0.464732587684012,0.286472924996317,0.140095470644036,8.79813808765397,0.6939840050852979,0.0780436992721008,483,,,True,ece;nll,,1337
credit-g,tabpfn,icl,covariate_shift,0.0,1793514910,test_only,True,low,True,ok,,0.7366666666666667,0.7701587301587303,0.515294373194016,0.7434126368049938,0.062038900991494,0.3415140126407199,0.0706340038993937,0.0645404620446452,0.8848307672052917,-0.0859939454377562,0.1446239843157585,700,,,False,,,1337
credit-g,tabpfn,icl,covariate_shift,0.05,3678426455,test_only,True,low,True,ok,,0.74,0.771058201058201,0.5107547692741313,0.736863372742176,0.034775550256826,0.3386041930094087,0.0430465096288652,0.044579216821318,0.908911877722945,-0.0416321016312571,0.1528562484963523,700,,,False,,,1337
credit-g,tabpfn,icl,covariate_shift,0.1,1368847026,test_only,True,low,True,ok,,0.74,0.7746031746031745,0.5070666038329021,0.7315424747501366,0.0603894894699399,0.3371239311716932,0.0498854077685582,0.0664537128962024,1.0055562454457694,-0.0852335061018242,0.1505704707920821,700,,,False,,,1337
credit-g,tabpfn,icl,covariate_shift,0.2,4235709963,test_only,True,low,True,ok,,0.7566666666666667,0.7716931216931217,0.5122221532462053,0.7389803603217672,0.0357521660634947,0.3408347957260259,0.0595230810445658,0.0544834973111045,0.8320898706082418,0.2094596221682925,0.1547480512833634,700,,,False,,,1337
credit-g,tabpfn,icl,covariate_shift,0.3,741023606,test_only,True,low,True,ok,,0.7633333333333333,0.7728042328042329,0.5120169500522345,0.7386843146914508,0.0423395803529324,0.3406472153184601,0.0621389741573095,0.0620065759599232,0.8010608804057067,0.318863894783247,0.1549082710034597,700,,,False,,,1337
credit-g,tabpfn,icl,covariate_shift,0.4,2283106695,test_only,True,low,True,ok,,0.7466666666666667,0.7706349206349207,0.5232282050192352,0.7548587366344844,0.0433360961949907,0.3504019750503669,0.0753014724192672,0.0828247487273388,0.9398713924621372,0.1662766811836327,0.1465973819928787,700,,,True,nll,,1337
credit-g,tabpfn,icl,label_noise,0.0,3480298481,train_only,True,low,True,ok,,0.7366666666666667,0.7701587301587303,0.515294373194016,0.7434126368049938,0.062038900991494,0.3415140126407199,0.0706340038993937,0.0645404620446452,0.8848307672052917,-0.0859939454377562,0.1446239843157585,700,,,False,,,1337
credit-g,tabpfn,icl,label_noise,0.05,2611176017,train_only,True,low,True,ok,,0.7333333333333333,0.7662962962962964,0.5135672227103373,0.7409208853673215,0.0431567062823666,0.3397194841388519,0.057447780398553,0.0617324281651593,1.1562954927723883,-0.1420753677251246,0.1472960968370339,700,,,False,,,1337
credit-g,tabpfn,icl,label_noise,0.1,1864122158,train_only,True,low,True,ok,,0.7333333333333333,0.7431216931216932,0.5339400306318267,0.7703126343246376,0.0650130671984056,0.3562932866551059,0.0823660063223342,0.0599892673353562,1.2072278651644617,-0.0358645072855967,0.1259961888555201,700,,,True,nll,,1337
credit-g,tabpfn,icl,label_noise,0.2,1297002651,train_only,True,low,True,ok,,0.6933333333333334,0.732116402116402,0.5556567562929108,0.8016432467402297,0.0616713904830283,0.3748549637457045,0.109643284728431,0.0821224170119881,2.1002882920965025,-0.381735389290386,0.1074134886220661,700,,,True,nll,,1337
credit-g,tabpfn,icl,label_noise,0.3,1992623314,train_only,True,low,True,ok,,0.7166666666666667,0.7084126984126984,0.6394641747906762,0.922551793796662,0.1596220549491742,0.4467314643263596,0.1673313365896671,0.1607896033458175,6.564130302439927,-0.5029456956979858,0.0467544953156109,700,,,True,ece;nll,,1337
credit-g,tabpfn,icl,label_noise,0.4,2615597079,train_only,True,low,True,ok,,0.6966666666666667,0.5871957671957672,0.6491934039157815,0.9365881044071238,0.1342293743826309,0.456286074126621,0.1484421611875467,0.1379378045139073,10.896873627239408,-1.8798112434955911,0.0021962123198551,700,,,True,ece;nll,,1337
diabetes,tabpfn,icl,covariate_shift,0.0,2911045295,test_only,True,low,True,ok,,0.7575757575757576,0.8390123456790124,0.4677859379091266,0.6748724528190896,0.0842796395861791,0.307847967277828,0.0907944778307377,0.0820423065814033,1.0818828359782566,-0.2330049557466392,0.1879730208610552,537,,,False,,,1337
diabetes,tabpfn,icl,covariate_shift,0.05,3199614857,test_only,True,low,True,ok,,0.7619047619047619,0.8231275720164609,0.4892317337135944,0.7058121960741126,0.0380273242465893,0.3234920355330539,0.082810654881135,0.055544247587477,0.9197662742654068,0.1011958541622119,0.1830312408199239,537,,,False,,,1337
diabetes,tabpfn,icl,covariate_shift,0.1,1549867072,test_only,True,low,True,ok,,0.7402597402597403,0.8093004115226338,0.5213262584141827,0.7521148076993396,0.0944328717556429,0.3482022398874215,0.109544285515465,0.094557584575529,0.9298943939466834,0.0708889581791773,0.1497730884109523,537,,,True,nll,,1337
diabetes,tabpfn,icl,covariate_shift,0.2,3983186142,test_only,True,low,True,ok,,0.6277056277056277,0.7902057613168725,0.6417403343633635,0.9258355979244498,0.1007375773122922,0.4480713867995443,0.1192371462482718,0.2152767864645143,0.890575923350545,-0.345998500367625,0.0728296657769561,537,,,True,ece;nll,,1337
diabetes,tabpfn,icl,covariate_shift,0.3,1478532716,test_only,True,low,True,ok,,0.4935064935064935,0.7728395061728396,0.8296327112431011,1.1969069982696874,0.2562374855815177,0.6077820987355461,0.2562374855815176,0.3404611357369622,0.5575403540843904,-0.6611066209519026,-0.0657997954107418,537,,,True,ece;nll,,1337
diabetes,tabpfn,icl,covariate_shift,0.4,1290841565,test_only,True,low,True,ok,,0.3896103896103896,0.7446090534979424,1.0470541825317257,1.5105798766805685,0.4101431081212787,0.7736153488576581,0.4021408356974697,0.4335347749362516,0.8723054922871718,-1.783647003061707,-0.2161478574625879,537,,,True,ece;nll,,1337
diabetes,tabpfn,icl,label_noise,0.0,2794988399,train_only,True,low,True,ok,,0.7575757575757576,0.8390123456790124,0.4677859379091266,0.6748724528190896,0.0842796395861791,0.307847967277828,0.0907944778307377,0.0820423065814033,1.0818828359782566,-0.2330049557466392,0.1879730208610552,537,,,False,,,1337
diabetes,tabpfn,icl,label_noise,0.05,1450715699,train_only,True,low,True,ok,,0.7922077922077922,0.8367901234567903,0.4758794966880389,0.6865489899325696,0.0635781458571671,0.3109862833572097,0.0737146137406333,0.0639526351672174,0.9465190565304012,0.3205265110362639,0.193027385889841,537,,,False,,,1337
diabetes,tabpfn,icl,label_noise,0.1,327091578,train_only,True,low,True,ok,,0.7662337662337663,0.8248559670781894,0.4965166806519719,0.716322152895249,0.0628237427255839,0.3273273112802542,0.0996147304370627,0.0671206133381757,1.4523296493932616,0.0470389665959294,0.1761732589987397,537,,,False,,,1337
diabetes,tabpfn,icl,label_noise,0.2,2714810527,train_only,True,low,True,ok,,0.7445887445887446,0.8280658436213993,0.5052588416753739,0.7289344252503639,0.0850811897986244,0.3298504871076496,0.1424629346683586,0.099585247263031,2.280370342646956,-0.6219510566088751,0.1658147914209673,537,,,False,,,1337
diabetes,tabpfn,icl,label_noise,0.3,3554886043,train_only,True,low,True,ok,,0.7748917748917749,0.8075720164609054,0.5929573751997461,0.8554566646592102,0.1903414069642373,0.4018567061927213,0.1943761799048038,0.1940897439439814,2.574116419848746,0.3909588428183149,0.1041786912044725,537,,,True,ece;nll,,1337
diabetes,tabpfn,icl,label_noise,0.4,1723828528,train_only,True,low,True,ok,,0.6320346320346321,0.6869135802469136,0.6579900047435884,0.9492789167980804,0.106385324324275,0.4652071014899454,0.1549867964796945,0.1343757546463279,6.468510581285962,-0.4965203759483279,0.0291642079873354,537,,,True,ece;nll,,1337
dna,tabpfn,icl,covariate_shift,0.0,462332085,test_only,False,high,True,ok,,0.9602510460251046,0.9947888674936282,0.12258553135874,0.1115821592596194,0.0126835014801041,0.0616205468322483,0.0134041239561796,0.0158152323951564,0.913352145176173,0.3694851625290946,0.4562024124526289,2230,,,False,,,1337
dna,tabpfn,icl,covariate_shift,0.05,2560471706,test_only,False,high,True,ok,,0.9623430962343096,0.9941625288811874,0.1350507911151798,0.1229285276600238,0.0270061290299913,0.0657245337106526,0.0297779439759788,0.0206147746709443,0.8508686703725196,0.863871601504875,0.4500285654395565,2230,,,False,,,1337
dna,tabpfn,icl,covariate_shift,0.1,4166309278,test_only,False,high,True,ok,,0.9581589958158996,0.9954737392089968,0.1138304088415363,0.1036129033105367,0.0159198929554471,0.0580252008556172,0.0150593599597642,0.0116516687900792,1.0300804241242487,-0.0341893758200063,0.4578718085112834,2230,,,False,,,1337
dna,tabpfn,icl,covariate_shift,0.2,1845910011,test_only,False,high,True,ok,,0.9602510460251046,0.9953061731847352,0.123625196746185,0.1125285034778381,0.0238789130184858,0.0616178280584222,0.022940176819341,0.0205667980185269,1.0232960237722335,0.4872901558519526,0.4538604838713744,2230,,,False,,,1337
dna,tabpfn,icl,covariate_shift,0.3,2063149287,test_only,False,high,True,ok,,0.9602510460251046,0.995240258797332,0.1287368434082098,0.1171813247822691,0.025911068240175,0.0632677725154516,0.0247450591273952,0.0222243834227463,1.105242621761101,0.4347913706844062,0.4520351364001161,2230,,,False,,,1337
dna,tabpfn,icl,covariate_shift,0.4,86289682,test_only,False,high,True,ok,,0.9612970711297072,0.994525706993433,0.1254897828219667,0.1142257228654368,0.0201092574504097,0.0606055332650812,0.0196764589541343,0.018344152266209,0.9264077801472406,0.5300247029393429,0.4539889897674446,2230,,,False,,,1337
dna,tabpfn,icl,label_noise,0.0,2669831668,train_only,False,high,True,ok,,0.9602510460251046,0.9947888674936282,0.12258553135874,0.1115821592596194,0.0126835014801041,0.0616205468322483,0.0134041239561796,0.0158152323951564,0.913352145176173,0.3694851625290946,0.4562024124526289,2230,,,False,,,1337
dna,tabpfn,icl,label_noise,0.05,396708376,train_only,False,high,True,ok,,0.9539748953974896,0.9929721478459208,0.1650630088975664,0.1502468255636196,0.0579485709817979,0.0737733710526021,0.0567059129286749,0.0436286767388903,1.6875130894514678,0.0921335422406905,0.4339727241902502,2230,,,False,,,1337
dna,tabpfn,icl,label_noise,0.1,3547306953,train_only,False,high,True,ok,,0.9581589958158996,0.9930606105682608,0.1817552194257414,0.165440730365478,0.0938503411111272,0.0717983645000555,0.0849548859173851,0.0666079448694294,2.144201776758337,-0.2606125162479901,0.4228927757394073,2230,,,False,,,1337
dna,tabpfn,icl,label_noise,0.2,219504581,train_only,False,high,True,ok,,0.9612970711297072,0.9959159401293308,0.2925736032877091,0.2663119703880315,0.1891456591470528,0.1159134586143978,0.1891456591470529,0.1264939897819379,3.0713872723584514,0.7816915702724678,0.3750424167689017,2230,,,True,ece,,1337
dna,tabpfn,icl,label_noise,0.3,2573677373,train_only,False,high,True,ok,,0.952928870292887,0.995064826513252,0.4221440376652113,0.3842520623695125,0.2759401078745768,0.1884155932006855,0.2759401078745768,0.1866399496929133,4.162530001258994,1.0848122483404212,0.3207483795378021,2230,,,True,ece,,1337
dna,tabpfn,icl,label_noise,0.4,2028647776,train_only,False,high,True,ok,,0.9403765690376568,0.981069508678523,0.582247685216572,0.5299846826967988,0.357099836757268,0.2958398168050549,0.3564277963631596,0.2401150416691965,3.570921220931677,1.9398904481573285,0.2540154412326383,2230,,,True,ece,,1337
dresses-sales,tabpfn,icl,covariate_shift,0.0,4068165777,test_only,True,medium,True,ok,,0.6066666666666667,0.5471629264732714,0.6983701546530253,1.007535158822778,0.0966444814684036,0.4999399487242048,0.1547235586650584,0.126846734985823,-0.1947313396593854,0.5593121901881085,-0.0390824196748691,350,,,True,nll,,1337
dresses-sales,tabpfn,icl,covariate_shift,0.05,301193660,test_only,True,low,True,ok,,0.6,0.5380405035577449,0.6993658042939207,1.0089715776221608,0.1023816252543979,0.5017125473717712,0.1606793857112962,0.1079199947423897,-0.1432815243237907,0.4971958687721607,-0.0448536220923171,350,,,True,ece;nll,,1337
dresses-sales,tabpfn,icl,covariate_shift,0.1,1587410331,test_only,True,low,True,ok,,0.6,0.5380405035577449,0.7008967108323259,1.0111802088931825,0.1201629676831353,0.5030522171070974,0.1747303754406105,0.115472971343065,-0.1892420873082421,0.5260352331876699,-0.049072479959371,350,,,True,ece;nll,,1337
dresses-sales,tabpfn,icl,covariate_shift,0.2,1180904391,test_only,True,low,True,ok,,0.6066666666666667,0.5373107097245029,0.6956757193554259,1.0036479103809353,0.0973267729631141,0.4987313683020449,0.1460002250078215,0.1053287206546324,-0.2118845054158888,0.5679371790160408,-0.0415009793033273,350,,,True,nll,,1337
dresses-sales,tabpfn,icl,covariate_shift,0.3,486945341,test_only,True,low,True,ok,,0.5933333333333334,0.5435139573070609,0.6956174581399798,1.0035638572143348,0.0753938438338032,0.4986617831157859,0.1322007735836775,0.0886293563762626,0.0907796855914513,0.3198666200594284,-0.0369180408735897,350,,,True,nll,,1337
dresses-sales,tabpfn,icl,covariate_shift,0.4,2166638461,test_only,True,low,True,ok,,0.6066666666666667,0.5398649881408503,0.6946125706750366,1.00211411105201,0.087204943576586,0.4979929610372897,0.1376193157064224,0.1054487534814054,-0.1921235039451326,0.5548792195012803,-0.0381224761816225,350,,,True,nll,,1337
dresses-sales,tabpfn,icl,label_noise,0.0,3674559241,train_only,True,medium,True,ok,,0.6066666666666667,0.5471629264732714,0.6983701546530253,1.007535158822778,0.0966444814684036,0.4999399487242048,0.1547235586650584,0.126846734985823,-0.1947313396593854,0.5593121901881085,-0.0390824196748691,350,,,True,nll,,1337
dresses-sales,tabpfn,icl,label_noise,0.05,1509036395,train_only,True,medium,True,ok,,0.6066666666666667,0.5551906586389345,0.6793908250647261,0.9801537741463416,0.056726534169645,0.4848638293208813,0.1185471245203977,0.1221392077385552,0.0807605120401874,0.3871699300021398,-0.0200747085542044,350,,,True,nll,,1337
dresses-sales,tabpfn,icl,label_noise,0.1,574840810,train_only,True,medium,True,ok,,0.5933333333333334,0.5104907863528553,0.6811071538432243,0.982629913163616,0.0746231177250649,0.4877132790478663,0.1517063290376308,0.0841296407124243,-0.2839667199968688,0.4590251900942224,-0.0420418222705984,350,,,True,nll,,1337
dresses-sales,tabpfn,icl,label_noise,0.2,3257145252,train_only,True,medium,True,ok,,0.6133333333333333,0.5509943440977925,0.6783421758661722,0.9786408931479555,0.0926101822829992,0.4838816211381468,0.1641674634151044,0.084637195504483,-0.1358829468169647,0.5133456293104305,-0.0272662839667591,350,,,True,nll,,1337
dresses-sales,tabpfn,icl,label_noise,0.3,2086622216,train_only,True,medium,True,ok,,0.5666666666666667,0.4639664294836708,0.6857122357095575,0.9892736419350626,0.0306809060255512,0.4926606566205464,0.1312623615226133,0.0537330287662007,0.7261157591679017,0.1635857241432065,-0.0555300234663442,350,,,True,nll,,1337
dresses-sales,tabpfn,icl,label_noise,0.4,1792649255,train_only,True,medium,True,ok,,0.58,0.6298120780879402,0.6798654227769327,0.9808384739121594,0.0639758252984226,0.4861830543770172,0.118558016214165,0.0639758252984225,1.46849251708159,0.0316507011106827,0.0003875200974467,350,,,True,nll,,1337
eucalyptus,tabpfn,icl,covariate_shift,0.0,2488817808,test_only,True,low,True,ok,,0.746606334841629,0.9407294931210172,0.6159176720903354,0.382691166482357,0.0643176535769543,0.3661349104976697,0.1058983738839043,0.0499269435074499,0.9003732578167182,0.3880593772784163,0.3135753921585023,515,,,False,,,1337
eucalyptus,tabpfn,icl,covariate_shift,0.05,908989441,test_only,True,low,True,ok,,0.6877828054298643,0.9205129178009236,0.7404112842483032,0.4600433968456176,0.0723331597924834,0.4314967230614065,0.0700511166329157,0.0622551043357365,0.8572692093717331,0.2787310586792118,0.272867291032621,515,,,False,,,1337
eucalyptus,tabpfn,icl,covariate_shift,0.1,2165751732,test_only,True,low,True,ok,,0.6153846153846154,0.8983729964556956,0.8660843465723378,0.5381284608006277,0.0534489403342471,0.4899878198048754,0.0760579734404212,0.0730914121742995,1.0311932417277092,-0.0980517644986719,0.234609914760148,515,,,False,,,1337
eucalyptus,tabpfn,icl,covariate_shift,0.2,3505799837,test_only,True,low,True,ok,,0.4027149321266968,0.8213630042770024,1.3240679628325178,0.8226896810390211,0.2412448907895369,0.699810625204265,0.2380079638605779,0.1334207634521927,1.0621979174226677,-1.2105303721886125,0.0528284088463416,515,,,True,ece;nll,,1337
eucalyptus,tabpfn,icl,covariate_shift,0.3,791184732,test_only,True,low,True,ok,,0.2895927601809955,0.7655275319965048,1.678675741594266,1.0430198820502812,0.3710332326832116,0.8360744070683579,0.3722814116104006,0.1890695213689695,1.4662805976227635,-2.6172710768942893,-0.0757390609258006,515,,,True,ece;nll,,1337
eucalyptus,tabpfn,icl,covariate_shift,0.4,3474576043,test_only,True,low,True,ok,,0.248868778280543,0.7040696054246122,2.3497164842494893,1.4599609379747978,0.4706560480680367,1.0275744963390223,0.4728408018856732,0.241078040649402,1.9448981645886696,-4.653542971663658,-0.248364812365351,515,,,True,ece;nll,,1337
eucalyptus,tabpfn,icl,label_noise,0.0,499980543,train_only,True,low,True,ok,,0.746606334841629,0.9407294931210172,0.6159176720903354,0.382691166482357,0.0643176535769543,0.3661349104976697,0.1058983738839043,0.0499269435074499,0.9003732578167182,0.3880593772784163,0.3135753921585023,515,,,False,,,1337
eucalyptus,tabpfn,icl,label_noise,0.05,2865138726,train_only,True,low,True,ok,,0.7194570135746606,0.940414844886481,0.6553047899383224,0.4071637587729277,0.0973901016381195,0.3793856022573957,0.1107184848606496,0.061270505435127,1.5599376438355272,0.2755153185779599,0.2954365997869652,515,,,False,,,1337
eucalyptus,tabpfn,icl,label_noise,0.1,1520701548,train_only,True,low,True,ok,,0.7285067873303167,0.9307981794541104,0.7115609527756782,0.4421176780280511,0.1189644941004299,0.4027510959865376,0.1150179197757694,0.0704609659359007,1.1230202846520854,0.5483859889312638,0.2786271786799848,515,,,True,ece,,1337
eucalyptus,tabpfn,icl,label_noise,0.2,3254228634,train_only,True,low,True,ok,,0.6877828054298643,0.9239895529782286,0.8510034958608582,0.5287582014107073,0.1622984753394514,0.45563668433918,0.1684008619471735,0.0924736818036374,1.3912114088012997,0.7224488060798885,0.2354766088657571,515,,,True,ece,,1337
eucalyptus,tabpfn,icl,label_noise,0.3,1629614033,train_only,True,low,True,ok,,0.6470588235294118,0.9052741710758356,0.980054034682231,0.6089418095041675,0.1797548349858495,0.5084453415433446,0.1865063975836343,0.092930627876772,1.8237605617543675,1.026260355074565,0.195271273557534,515,,,True,ece,,1337
eucalyptus,tabpfn,icl,label_noise,0.4,3968205994,train_only,True,low,True,ok,,0.5882352941176471,0.8956514516158487,1.1223662916798067,0.6973653863927869,0.2079030213263734,0.5813477759746337,0.2099488397740301,0.1339555834632703,3.8214358511762025,2.614941047059367,0.1509230820000833,515,,,True,ece,,1337
first-order-theorem-proving,tabpfn,icl,covariate_shift,0.0,3408534121,test_only,False,high,True,ok,,0.6312636165577342,0.8537358676871155,1.0473533608047283,0.5845390404192814,0.03093450069223,0.504006334759864,0.0328390294297936,0.0193837281388198,0.8555038038675042,0.0866832720898926,0.2119484839099201,4282,,,False,,,1337
first-order-theorem-proving,tabpfn,icl,covariate_shift,0.05,2278993883,test_only,False,low,True,ok,,0.4210239651416122,0.7366666293640306,1.4589126314797691,0.8142346428387028,0.1222839045677767,0.6914405938278299,0.1296076043782837,0.0536758444704015,2.564389613014032,0.4400935525271422,0.0522597412834863,4282,,,True,ece;nll,,1337
first-order-theorem-proving,tabpfn,icl,covariate_shift,0.1,192104535,test_only,False,low,True,ok,,0.4172113289760348,0.6954178588327404,1.5309769234194823,0.8544544899651483,0.1246519488480298,0.7244072478500807,0.1303299622694032,0.0436472379085539,3.611518176545241,0.4758165939237697,0.0247112131787139,4282,,,True,ece;nll,,1337
first-order-theorem-proving,tabpfn,icl,covariate_shift,0.2,2988961801,test_only,False,low,True,ok,,0.4172113289760348,0.6601618470148479,1.5626852659810535,0.8721512528990883,0.0597955359404013,0.7387769387085913,0.1202100879146289,0.0265701715013627,4.499156805557154,0.8402794959524836,0.0200338627437952,4282,,,True,nll,,1337
first-order-theorem-proving,tabpfn,icl,covariate_shift,0.3,4055071608,test_only,False,low,True,ok,,0.4172113289760348,0.6333800518290525,1.5800882685138844,0.8818640535465595,0.095765040428567,0.7455459953682119,0.1381214079912107,0.0332156790357409,4.315512587345542,0.4484256645688561,0.0005524933368923,4282,,,True,nll,,1337
first-order-theorem-proving,tabpfn,icl,covariate_shift,0.4,1865678230,test_only,False,low,True,ok,,0.4172113289760348,0.6312844957815608,1.584595792704125,0.8843797506965695,0.0565479329522016,0.7461808226696821,0.1270438253465259,0.0285738663668424,4.663677102642354,1.1181326751906628,0.0069077610705403,4282,,,True,nll,,1337
first-order-theorem-proving,tabpfn,icl,label_noise,0.0,1524096981,train_only,False,high,True,ok,,0.6312636165577342,0.8537358676871155,1.0473533608047283,0.5845390404192814,0.03093450069223,0.504006334759864,0.0328390294297936,0.0193837281388198,0.8555038038675042,0.0866832720898926,0.2119484839099201,4282,,,False,,,1337
first-order-theorem-proving,tabpfn,icl,label_noise,0.05,2279285858,train_only,False,high,True,ok,,0.6132897603485838,0.8453562783460992,1.084578229389363,0.6053146351483399,0.0394536199230209,0.5189958317788446,0.0428706191119372,0.0238081582747873,1.0231557315529285,0.1648501070873585,0.1983830469443161,4282,,,False,,,1337
first-order-theorem-proving,tabpfn,icl,label_noise,0.1,3867469777,train_only,False,high,True,ok,,0.6154684095860566,0.8404833340848352,1.1127064623811886,0.6210133008871871,0.0704807751871863,0.5315968224672181,0.0665924153339873,0.0303565694015339,0.9728184586916,0.3328787373990018,0.1860892830640074,4282,,,False,,,1337
first-order-theorem-proving,tabpfn,icl,label_noise,0.2,2394217885,train_only,False,high,True,ok,,0.5724400871459695,0.8223290160995957,1.2061278881974882,0.6731527913828328,0.0981275146229303,0.5688168287983205,0.1050143941558131,0.0462386083540398,1.4038634727364656,0.5578953637603624,0.152109828367318,4282,,,False,,,1337
first-order-theorem-proving,tabpfn,icl,label_noise,0.3,2686248714,train_only,False,high,True,ok,,0.5501089324618736,0.8099277517699646,1.297154272670597,0.7239555838538142,0.1461829125449457,0.6097522174250364,0.1484073511674291,0.0653928528159257,1.6764244244901731,0.9918179393873672,0.1195677953236351,4282,,,True,ece,,1337
first-order-theorem-proving,tabpfn,icl,label_noise,0.4,319721771,train_only,False,high,True,ok,,0.5315904139433552,0.7884651837262528,1.39078725266512,0.776213144984418,0.1825108033474144,0.6564932632158227,0.1825108033474144,0.0731164559900468,1.8552575255461805,1.428508195136445,0.0863352722308834,4282,,,True,ece;nll,,1337
ilpd,tabpfn,icl,covariate_shift,0.0,2176554461,test_only,True,medium,True,ok,,0.7257142857142858,0.8,0.4648367763432531,0.6706177120532236,0.0419333359350019,0.3175774073801903,0.0664453532575757,0.0461528771436636,1.699896971592342,-0.480177190983598,0.1792851620541753,408,,,False,,,1337
ilpd,tabpfn,icl,covariate_shift,0.05,1321729287,test_only,True,low,True,ok,,0.7142857142857143,0.788,0.5327786027501866,0.7686370480794453,0.1403956352232143,0.3743515910751196,0.1408969683241245,0.1403956352232143,1.6236114696897004,-1.6858125465167846,0.1242726156743806,408,,,True,ece;nll,,1337
ilpd,tabpfn,icl,covariate_shift,0.1,2616447351,test_only,True,low,True,ok,,0.7142857142857143,0.77376,0.6581014348679631,0.9494396764859216,0.1917744653033413,0.446016549630798,0.2058853845712512,0.1917744653033413,1.6560586910784318,-2.862123492526729,0.0547720611364124,408,,,True,ece;nll,,1337
ilpd,tabpfn,icl,covariate_shift,0.2,2128243163,test_only,True,low,True,ok,,0.7142857142857143,0.72336,0.9012614035159496,1.3002453573970876,0.2463097438585536,0.5185631268030116,0.2519287935249509,0.2463097438585535,1.5895626434939212,-4.216114632967902,-0.0790166988479798,408,,,True,ece;nll,,1337
ilpd,tabpfn,icl,covariate_shift,0.3,360136962,test_only,True,low,True,ok,,0.7142857142857143,0.67024,1.0101197371323734,1.4572947354649384,0.2577416008650334,0.5359550965393208,0.2627666657981152,0.2577416008650334,1.4954096904682022,-4.433017051069855,-0.147009883669631,408,,,True,ece;nll,,1337
ilpd,tabpfn,icl,covariate_shift,0.4,2749792471,test_only,True,low,True,ok,,0.7142857142857143,0.6748799999999999,1.0453850760311625,1.5081718650094895,0.2612152406509712,0.5402229161024267,0.2658216481928188,0.2612152406509713,1.621443881623666,-5.091463517590562,-0.161343750490184,408,,,True,ece;nll,,1337
ilpd,tabpfn,icl,label_noise,0.0,1663754236,train_only,True,medium,True,ok,,0.7257142857142858,0.8,0.4648367763432531,0.6706177120532236,0.0419333359350019,0.3175774073801903,0.0664453532575757,0.0461528771436636,1.699896971592342,-0.480177190983598,0.1792851620541753,408,,,False,,,1337
ilpd,tabpfn,icl,label_noise,0.05,1123155166,train_only,True,medium,True,ok,,0.7371428571428571,0.8008,0.4760321179814147,0.686769175915657,0.0608477615818024,0.3192733677790482,0.108550097828033,0.075917098629003,2.0293361119147715,-0.3669978022484362,0.1726511234803709,408,,,False,,,1337
ilpd,tabpfn,icl,label_noise,0.1,1636455668,train_only,True,medium,True,ok,,0.7142857142857143,0.77632,0.5138828043245183,0.741376173397096,0.0675069929728335,0.3437806020530337,0.1009067758048809,0.0613457487061674,2.490160232559777,-0.7142100038994599,0.1429406065291616,408,,,False,,,1337
ilpd,tabpfn,icl,label_noise,0.2,938216023,train_only,True,medium,True,ok,,0.7142857142857143,0.7361599999999999,0.5834681264870254,0.841766572599606,0.1009765559066861,0.3820425362068465,0.1216882646452322,0.1007680847028017,1.2992230089576404,0.1522913666041496,0.092073574181638,408,,,True,ece;nll,,1337
ilpd,tabpfn,icl,label_noise,0.3,1531420365,train_only,True,medium,True,ok,,0.7085714285714285,0.6089600000000001,0.7330431553915928,1.0575577250410488,0.1411169808493662,0.452119592741844,0.1487500736914992,0.1411169808493663,-0.0909376114933422,0.9405967969207408,-0.0260689993964735,408,,,True,ece;nll,,1337
ilpd,tabpfn,icl,label_noise,0.4,995240719,train_only,True,medium,True,ok,,0.7142857142857143,0.64144,0.63390908053404,0.9145374868609422,0.1303705048060509,0.4391437581161403,0.1600976114805226,0.1303705048060509,0.2380188853846302,0.8252957541525626,0.0312115101233642,408,,,True,ece;nll,,1337
kc1,tabpfn,icl,covariate_shift,0.0,187152577,test_only,False,high,True,ok,,0.8799368088467614,0.8482262063703986,0.3099987701116649,0.4472336883217768,0.0395863787614429,0.1894037471653634,0.0481352723712826,0.0404352586373519,0.7655766324811502,0.3684528449234513,0.2867823113078321,1476,,,False,,,1337
kc1,tabpfn,icl,covariate_shift,0.05,2876541583,test_only,False,low,True,ok,,0.8720379146919431,0.798674423040244,0.391744780463254,0.5651682520684722,0.1055934834777536,0.227839450918728,0.1095112352637549,0.118840761207266,1.9216350620726157,-0.2416342127556379,0.2196725629517845,1476,,,True,ece,,1337
kc1,tabpfn,icl,covariate_shift,0.1,4043747683,test_only,False,low,True,ok,,0.8672985781990521,0.738670608430288,0.4228860674324767,0.61009563234587,0.1430320398714539,0.2492332435944022,0.1398984975749695,0.1544746480656072,2.613935615805536,-0.60045398183153,0.1769944020024067,1476,,,True,ece,,1337
kc1,tabpfn,icl,covariate_shift,0.2,3725042208,test_only,False,low,True,ok,,0.8641390205371248,0.6770265115391951,0.4494875689822588,0.6484734867119406,0.1726597131498269,0.270066070342945,0.1691852703919846,0.1693972401089256,2.751404657445995,-0.3896659468308345,0.1375061434757394,1476,,,True,ece,,1337
kc1,tabpfn,icl,covariate_shift,0.3,3476880230,test_only,False,low,True,ok,,0.8704581358609794,0.6988079343887088,0.4675938838805528,0.6745953774244834,0.1929822757965037,0.2849968762749448,0.1902644555037403,0.1943321498639137,2.6599737277474915,0.018331704439674,0.1341764290285491,1476,,,True,ece,,1337
kc1,tabpfn,icl,covariate_shift,0.4,260422293,test_only,False,low,True,ok,,0.8720379146919431,0.7479591836734694,0.4860097396945497,0.7011638412810629,0.2141297358831011,0.3009730096528278,0.2141297358831012,0.2083839745755963,2.9335972468415386,0.1506103210912467,0.1394163019285667,1476,,,True,ece,,1337
kc1,tabpfn,icl,label_noise,0.0,2282695859,train_only,False,high,True,ok,,0.8799368088467614,0.8482262063703986,0.3099987701116649,0.4472336883217768,0.0395863787614429,0.1894037471653634,0.0481352723712826,0.0404352586373519,0.7655766324811502,0.3684528449234513,0.2867823113078321,1476,,,False,,,1337
kc1,tabpfn,icl,label_noise,0.05,1277226697,train_only,False,high,True,ok,,0.8704581358609794,0.8334445927903872,0.3321568404653567,0.4792010265367168,0.0372649308418297,0.2003512265890745,0.04986591140249,0.0506287831076474,1.1576730479067407,0.1094965609089613,0.2710610337264013,1476,,,False,,,1337
kc1,tabpfn,icl,label_noise,0.1,1264135803,train_only,False,high,True,ok,,0.8641390205371248,0.8037097081823383,0.3589419174267687,0.517843724238775,0.0528513004864609,0.2152212550450672,0.0542422708807543,0.0533212869208418,1.2523397361798048,0.1293548363650431,0.2449958735754624,1476,,,False,,,1337
kc1,tabpfn,icl,label_noise,0.2,3238862808,train_only,False,high,True,ok,,0.8530805687203792,0.7925901201602136,0.4131036977025802,0.595982656048406,0.1158630961553739,0.2469629426053834,0.1134734939733374,0.1157257105235062,2.357701358484689,-0.4428001567495704,0.203401211318535,1476,,,True,ece,,1337
kc1,tabpfn,icl,label_noise,0.3,76282360,train_only,False,high,True,ok,,0.8451816745655608,0.8039576578294869,0.5021977868825619,0.7245182566808845,0.1963719722326329,0.3165368741319838,0.2163820260605437,0.1963719722326329,6.222663494172652,-1.6356581282932925,0.1515325599743625,1476,,,True,ece,,1337
kc1,tabpfn,icl,label_noise,0.4,826098999,train_only,False,high,True,ok,,0.8451816745655608,0.6758058363532329,0.6126259980906327,0.8838324893650074,0.2821184206126792,0.4199152541729586,0.2910601629667831,0.2821184206126792,9.340066488618058,-0.648509338154215,0.0417358629764275,1476,,,True,ece;nll,,1337
kr-vs-kp,tabpfn,icl,covariate_shift,0.0,232154995,test_only,True,low,True,ok,,0.9937434827945776,0.9998648990229148,0.0204433229186058,0.0294934805939643,0.0066282252108506,0.0103438823686666,0.0018658401618833,0.0073604607422906,0.8038940743616548,0.0673392759621875,0.4888405478568474,2237,,,False,,,1337
kr-vs-kp,tabpfn,icl,covariate_shift,0.05,1889076102,test_only,True,low,True,ok,,0.9927007299270072,0.9998082437744598,0.0216035375655293,0.0311673165114475,0.0058352404790813,0.0111228867003939,0.002436249554265,0.0079366955001849,0.8494992078211063,-0.1288327040097199,0.4883207517608613,2237,,,False,,,1337
kr-vs-kp,tabpfn,icl,covariate_shift,0.1,2892468033,test_only,True,low,True,ok,,0.9927007299270072,0.9997777371022148,0.0221350445702754,0.0319341190313925,0.0072072873139818,0.0110936351348945,0.0016918722083978,0.009516081409565,0.8980272412632143,0.2316691233485549,0.4878056243026121,2237,,,False,,,1337
kr-vs-kp,tabpfn,icl,covariate_shift,0.2,1542303910,test_only,True,low,True,ok,,0.9927007299270072,0.9997646628141098,0.02240081874982,0.0323175501222178,0.0061629893243946,0.0108998881101255,0.0011320404801681,0.0092342423636087,0.7909956592002763,0.2163344236996077,0.4878948785724452,2237,,,False,,,1337
kr-vs-kp,tabpfn,icl,covariate_shift,0.3,31932265,test_only,True,low,True,ok,,0.9916579770594368,0.9997210818537596,0.0222346189677261,0.0320777745207942,0.005808608763611,0.0109487862872048,0.0025937260149672,0.0081224804196504,0.9257395642696572,-0.3330894293863496,0.487866021098771,2237,,,False,,,1337
kr-vs-kp,tabpfn,icl,covariate_shift,0.4,3808183478,test_only,True,low,True,ok,,0.9927007299270072,0.9998300342546348,0.0210750648338674,0.030404891522234,0.0056363223476962,0.0107652783921659,0.0021950997726198,0.0084848498683467,0.8504517693574052,-0.0923010295668988,0.4885968895519638,2237,,,False,,,1337
kr-vs-kp,tabpfn,icl,label_noise,0.0,1811224245,train_only,True,low,True,ok,,0.9937434827945776,0.9998648990229148,0.0204433229186058,0.0294934805939643,0.0066282252108506,0.0103438823686666,0.0018658401618833,0.0073604607422906,0.8038940743616548,0.0673392759621875,0.4888405478568474,2237,,,False,,,1337
kr-vs-kp,tabpfn,icl,label_noise,0.05,1499698908,train_only,True,low,True,ok,,0.9895724713242962,0.9994595960916596,0.0603835980416564,0.0871151174457303,0.0426774722013474,0.0169378241445327,0.0376969074188009,0.0467285297711429,2.61728295069416,-1.3939387306452091,0.4635766996567366,2237,,,False,,,1337
kr-vs-kp,tabpfn,icl,label_noise,0.1,2638221512,train_only,True,low,True,ok,,0.9937434827945776,0.9990586512564392,0.1085359707421153,0.1565843067477194,0.0895406915504602,0.0286742790286554,0.0892261012186756,0.0907142506955474,2.875783245191489,-0.1136680421324123,0.4338486200245325,2237,,,False,,,1337
kr-vs-kp,tabpfn,icl,label_noise,0.2,1959317618,train_only,True,low,True,ok,,0.9854014598540146,0.9981478091851232,0.2321834192316324,0.3349698675021193,0.1874753387340487,0.0924463195733127,0.1840504239587249,0.1884609151796785,5.560783798195785,-1.5260610932448129,0.3591759241954497,2237,,,True,ece,,1337
kr-vs-kp,tabpfn,icl,label_noise,0.3,3054208711,train_only,True,low,True,ok,,0.978102189781022,0.9952322429377054,0.3816316839634465,0.5505781379001685,0.288190858908387,0.203231534704811,0.2869732642984076,0.2914385698910641,6.918299114511809,-1.149871501721725,0.2722350003436222,2237,,,True,ece,,1337
kr-vs-kp,tabpfn,icl,label_noise,0.4,3645307799,train_only,True,low,True,ok,,0.940563086548488,0.9815260309076173,0.5623831005412373,0.8113473102306024,0.3639522098829418,0.3706296976819788,0.3639522098829418,0.3656558994444019,13.442701600317797,-0.538930156735406,0.1684239387541701,2237,,,True,ece;nll,,1337
mfeat-factors,tabpfn,icl,covariate_shift,0.0,3769815243,test_only,True,medium,True,ok,,0.98,0.999641975308642,0.0655956651211949,0.0284878353989085,0.012357156196531,0.0277506230831297,0.0052182733761636,0.0048998341031806,0.8865403023771428,0.0996972170360285,0.4858569094990458,1400,,,False,,,1337
mfeat-factors,tabpfn,icl,covariate_shift,0.05,2576633588,test_only,True,low,True,ok,,0.9816666666666668,0.999469135802469,0.0717943654100004,0.0311798967293088,0.0128409386088278,0.0296618523461152,0.0118962889232028,0.0054471209472059,0.8162913839703314,0.6811732692243614,0.4851420407903059,1400,,,False,,,1337
mfeat-factors,tabpfn,icl,covariate_shift,0.1,2192661572,test_only,True,low,True,ok,,0.9783333333333334,0.9989104938271606,0.0914580505437995,0.0397197266768008,0.0180437209515306,0.0381633810664011,0.0223397074532326,0.0080233153204023,0.9163847253265864,0.9119178533926444,0.4808440106461598,1400,,,False,,,1337
mfeat-factors,tabpfn,icl,covariate_shift,0.2,3610309175,test_only,True,low,True,ok,,0.95,0.998033950617284,0.2507241597486928,0.1088881190586866,0.1052550409113678,0.1026740506378802,0.1044188119742669,0.0287734015819253,1.6464610934843038,1.0931771941446533,0.4380944388161698,1400,,,True,ece,,1337
mfeat-factors,tabpfn,icl,covariate_shift,0.3,690061831,test_only,True,low,True,ok,,0.8766666666666667,0.996358024691358,0.4958899759261106,0.2153622801758462,0.1700508414756954,0.2261150441817924,0.1641559398678323,0.0556447584438951,2.108777693131433,1.0143666283675998,0.3816064562940823,1400,,,True,ece,,1337
mfeat-factors,tabpfn,icl,covariate_shift,0.4,2391154685,test_only,True,low,True,ok,,0.6033333333333334,0.9852345679012346,1.1407084077447889,0.4954033669442063,0.0957673950883222,0.5273638416131462,0.1154485586103223,0.0941587869014353,1.294321432770716,0.5112860503485532,0.2675576096645057,1400,,,False,,,1337
mfeat-factors,tabpfn,icl,label_noise,0.0,608186885,train_only,True,medium,True,ok,,0.98,0.999641975308642,0.0655956651211949,0.0284878353989085,0.012357156196531,0.0277506230831297,0.0052182733761636,0.0048998341031806,0.8865403023771428,0.0996972170360285,0.4858569094990458,1400,,,False,,,1337
mfeat-factors,tabpfn,icl,label_noise,0.05,2906359786,train_only,True,medium,True,ok,,0.98,0.999388888888889,0.1045670719641858,0.0454129023428261,0.0449088762310639,0.0330875364238858,0.0409511220075806,0.0107311440048222,1.683084748117129,0.46388228318131,0.4741804651620505,1400,,,False,,,1337
mfeat-factors,tabpfn,icl,label_noise,0.1,1571176902,train_only,True,medium,True,ok,,0.9766666666666668,0.9994567901234568,0.150657815248182,0.065429857817885,0.0850682147243415,0.0425554621424991,0.0810252632264783,0.0191352555261809,2.329990421255664,0.4192350221076812,0.459667276252976,1400,,,False,,,1337
mfeat-factors,tabpfn,icl,label_noise,0.2,1943494657,train_only,True,medium,True,ok,,0.975,0.999358024691358,0.2434702249775509,0.1057377752154936,0.1634391028740815,0.0662882567122714,0.1567157290057585,0.03517179466595,2.8109037980353384,0.6353674599669247,0.4316161555025109,1400,,,True,ece,,1337
mfeat-factors,tabpfn,icl,label_noise,0.3,2346535371,train_only,True,medium,True,ok,,0.9716666666666668,0.9959876543209876,0.3701858884437778,0.1607696886295854,0.2480498345063922,0.1120366213334736,0.2473434592253138,0.0528141238650647,3.363061734399622,1.7572081353633024,0.3965048055221916,1400,,,True,ece,,1337
mfeat-factors,tabpfn,icl,label_noise,0.4,475509894,train_only,True,medium,True,ok,,0.975,0.9989475308641976,0.5114572465005617,0.2221230598846251,0.3526322390350879,0.1802760869271371,0.3512215730003694,0.0718631407971447,3.766323522657254,3.0928829673477005,0.3587182700300639,1400,,,True,ece,,1337
mfeat-fourier,tabpfn,icl,covariate_shift,0.0,658848855,test_only,True,medium,True,ok,,0.8883333333333333,0.9927191358024692,0.2801497546410153,0.1216674925471428,0.0323207478590061,0.1492759327245299,0.0359447942150758,0.0151190078439531,1.7539114942234668,-0.234882718461863,0.4377373001949201,1400,,,False,,,1337
mfeat-fourier,tabpfn,icl,covariate_shift,0.05,707709813,test_only,True,low,True,ok,,0.885,0.9922098765432098,0.2984873992311122,0.1296314304037249,0.0408119484537697,0.1619387108993638,0.0382312608044617,0.0153543371322183,1.5632478766603144,-0.145678051807883,0.4329716379782519,1400,,,False,,,1337
mfeat-fourier,tabpfn,icl,covariate_shift,0.1,3358277931,test_only,True,low,True,ok,,0.8566666666666667,0.9887160493827162,0.3869774735900608,0.1680621814010247,0.0646276467551073,0.1973866029502197,0.0600468224215667,0.0219972203492402,1.6664557144710483,0.1059682790711794,0.4112064335126217,1400,,,False,,,1337
mfeat-fourier,tabpfn,icl,covariate_shift,0.2,3786371880,test_only,True,low,True,ok,,0.6966666666666667,0.9602067901234568,0.9201106201106086,0.3995989650546165,0.0669001625657077,0.4229479419152339,0.0804932727259672,0.0501641712170118,1.1481754604962922,0.3509638061757451,0.3073126545136834,1400,,,False,,,1337
mfeat-fourier,tabpfn,icl,covariate_shift,0.3,2619961808,test_only,True,low,True,ok,,0.5533333333333333,0.9323364197530865,1.3698462601867198,0.5949166718548985,0.0656959811898263,0.5765216928252426,0.0662871276589546,0.0709618077381626,1.6144536115287151,0.1393936035183126,0.2177035491191454,1400,,,False,,,1337
mfeat-fourier,tabpfn,icl,covariate_shift,0.4,4262658322,test_only,True,low,True,ok,,0.47,0.9072654320987652,1.671700559670808,0.7260103284596097,0.1323494481268165,0.6797605964577726,0.1357976367615953,0.0848418514931624,2.5267939168083497,0.7771202201610125,0.1437699130713216,1400,,,True,ece,,1337
mfeat-fourier,tabpfn,icl,label_noise,0.0,4133957971,train_only,True,medium,True,ok,,0.8883333333333333,0.9927191358024692,0.2801497546410153,0.1216674925471428,0.0323207478590061,0.1492759327245299,0.0359447942150758,0.0151190078439531,1.7539114942234668,-0.234882718461863,0.4377373001949201,1400,,,False,,,1337
mfeat-fourier,tabpfn,icl,label_noise,0.05,1895573682,train_only,True,medium,True,ok,,0.885,0.9908302469135803,0.3316308860618102,0.1440254638453302,0.0658263502413651,0.1667392110976988,0.0619848438804489,0.0187893717601311,1.7122821417460636,0.2542495860218648,0.423167677217881,1400,,,False,,,1337
mfeat-fourier,tabpfn,icl,label_noise,0.1,958974539,train_only,True,medium,True,ok,,0.8783333333333333,0.989601851851852,0.3808746552043639,0.1654117610520589,0.0988000339311634,0.1829930782435396,0.0974175495877178,0.0235147482752216,1.821263607210507,0.5275762216625921,0.4087271130462978,1400,,,False,,,1337
mfeat-fourier,tabpfn,icl,label_noise,0.2,1861176723,train_only,True,medium,True,ok,,0.8633333333333333,0.9871234567901236,0.498479406952058,0.2164868557816842,0.1621358461653498,0.2187982435619601,0.1621358461653496,0.0359206034720555,2.177248490836525,0.8119142736006475,0.3776199839089679,1400,,,True,ece,,1337
mfeat-fourier,tabpfn,icl,label_noise,0.3,3512684032,train_only,True,medium,True,ok,,0.8366666666666667,0.9852191358024692,0.6177919049625393,0.2683036152897289,0.2119370171176444,0.2610968194289517,0.2104109854163549,0.0538391000661462,2.661894005602489,1.122950245365896,0.3474482095204166,1400,,,True,ece,,1337
mfeat-fourier,tabpfn,icl,label_noise,0.4,827801031,train_only,True,medium,True,ok,,0.8233333333333334,0.9795493827160496,0.7743066505572589,0.336277105638007,0.2936142748342841,0.3319030863939413,0.293614274834284,0.0698652627117845,3.566365593697949,2.0980308175430733,0.3067362972923584,1400,,,True,ece,,1337
mfeat-karhunen,tabpfn,icl,covariate_shift,0.0,3768613981,test_only,True,medium,True,ok,,0.9833333333333332,0.9997283950617284,0.0607116013207209,0.0263667134410992,0.0075358426195754,0.0238348196032053,0.0027126097854022,0.0040912763331922,1.3103251630214074,-0.2511364107890125,0.48798775571536,1400,,,False,,,1337
mfeat-karhunen,tabpfn,icl,covariate_shift,0.05,2286937281,test_only,True,low,True,ok,,0.9866666666666668,0.9997592592592592,0.0577158074767486,0.0250656567057423,0.0096800777569684,0.0231252294267344,0.0062759771894531,0.0041909796637499,1.1420627721097254,0.3455195371240607,0.4884600281776242,1400,,,False,,,1337
mfeat-karhunen,tabpfn,icl,covariate_shift,0.1,3521650412,test_only,True,low,True,ok,,0.9783333333333334,0.9996913580246912,0.0712190896759025,0.0309300576524173,0.0118644401738767,0.0328733041609855,0.0087448126011158,0.0058688110605627,1.474221036698556,0.0425086737434168,0.4849900699781413,1400,,,False,,,1337
mfeat-karhunen,tabpfn,icl,covariate_shift,0.2,1792715657,test_only,True,low,True,ok,,0.9283333333333332,0.9984567901234568,0.2498488565398174,0.1085079797050799,0.0819230140539341,0.1081968439395073,0.0744543212758231,0.0261044243750086,2.3012114790162355,0.138180312518434,0.4397728798208991,1400,,,False,,,1337
mfeat-karhunen,tabpfn,icl,covariate_shift,0.3,543024026,test_only,True,low,True,ok,,0.85,0.9957592592592592,0.5911902674512057,0.2567506709089662,0.205826266582466,0.2672446708536607,0.205826266582466,0.0626546250047219,2.449513437776448,1.0561295916777635,0.3578252861515577,1400,,,True,ece,,1337
mfeat-karhunen,tabpfn,icl,covariate_shift,0.4,4226602511,test_only,True,low,True,ok,,0.5266666666666666,0.975216049382716,1.3037700986505902,0.5662201595144095,0.1351118624166862,0.6261291469787554,0.1377918238537816,0.0959570483645822,0.5595149186597165,0.3027651803925881,0.2234371969462904,1400,,,True,ece,,1337
mfeat-karhunen,tabpfn,icl,label_noise,0.0,2233865914,train_only,True,medium,True,ok,,0.9833333333333332,0.9997283950617284,0.0607116013207209,0.0263667134410992,0.0075358426195754,0.0238348196032053,0.0027126097854022,0.0040912763331922,1.3103251630214074,-0.2511364107890125,0.48798775571536,1400,,,False,,,1337
mfeat-karhunen,tabpfn,icl,label_noise,0.05,1807895314,train_only,True,medium,True,ok,,0.985,0.9993024691358025,0.097632149808322,0.0424011039181059,0.0475625713779884,0.0277205358348065,0.044001387724399,0.0112511372631879,1.9513708572473156,0.3909598947681412,0.4752730187465013,1400,,,False,,,1337
mfeat-karhunen,tabpfn,icl,label_noise,0.1,3900671763,train_only,True,medium,True,ok,,0.9833333333333332,0.9993827160493826,0.1371051640150363,0.0595440161721705,0.0824442069333909,0.0346539097677518,0.0794757615629833,0.0181968301617135,2.251734001719041,0.5958084078501171,0.4629319043789546,1400,,,False,,,1337
mfeat-karhunen,tabpfn,icl,label_noise,0.2,1398016626,train_only,True,medium,True,ok,,0.9783333333333334,0.9990432098765432,0.2482698849921801,0.1078222410748587,0.1683330125103655,0.0667104305114138,0.1647963011014312,0.0362077435933199,3.083880500728791,0.6922234203080762,0.4304018486322593,1400,,,True,ece,,1337
mfeat-karhunen,tabpfn,icl,label_noise,0.3,1255212101,train_only,True,medium,True,ok,,0.9783333333333334,0.9995987654320988,0.3698311182353359,0.1606156138857154,0.2630247105435201,0.1141385493972493,0.2616838045946272,0.0540189404684139,3.2973013077481275,2.515400483441669,0.3958199416268159,1400,,,True,ece,,1337
mfeat-karhunen,tabpfn,icl,label_noise,0.4,2645509463,train_only,True,medium,True,ok,,0.975,0.9986141975308642,0.5283370893280493,0.2294538824799972,0.3616636730477678,0.1911529451464931,0.3610121255412034,0.0739557415898921,3.469467798328411,3.2374172038585725,0.3545960697822496,1400,,,True,ece,,1337
mfeat-morphological,tabpfn,icl,covariate_shift,0.0,2990676479,test_only,False,high,True,ok,,0.7616666666666667,0.9683827160493828,0.5801074305161825,0.2519374559842521,0.0284449389864683,0.2957743886841197,0.0400487211688882,0.0162487670747627,1.069477349440171,-0.1512530868489526,0.3719137260247147,1400,,,False,,,1337
mfeat-morphological,tabpfn,icl,covariate_shift,0.05,740486692,test_only,False,low,True,ok,,0.4733333333333333,0.9531481481481482,1.2150732880148325,0.5276996240928822,0.1116997709255831,0.6284833484292573,0.1096902776189909,0.0720310076831137,0.8554851516668119,-0.3774795628645132,0.2239520104388706,1400,,,True,ece,,1337
mfeat-morphological,tabpfn,icl,covariate_shift,0.1,919210366,test_only,False,low,True,ok,,0.4966666666666666,0.9482407407407406,1.193222510123158,0.5182099518292345,0.0788088539830653,0.6146609296069264,0.078806288584825,0.0716046200789428,0.7938878924380935,-0.1092898362639055,0.2351595029138758,1400,,,False,,,1337
mfeat-morphological,tabpfn,icl,covariate_shift,0.2,2133199783,test_only,False,low,True,ok,,0.3283333333333333,0.8680833333333332,1.6704082316292754,0.7254490775223632,0.1682042535000884,0.7718479877172149,0.165428037005431,0.0745184990343545,0.8322808343234959,-0.7113608233788623,0.1018035927099399,1400,,,True,ece,,1337
mfeat-morphological,tabpfn,icl,covariate_shift,0.3,636645240,test_only,False,low,True,ok,,0.15,0.7656604938271605,2.5525950933345984,1.108577963568532,0.355383574352524,1.0087669119593632,0.355383574352524,0.1136180858363222,1.5127853978299568,-2.174405713422585,-0.1131689311015582,1400,,,True,ece;nll,,1337
mfeat-morphological,tabpfn,icl,covariate_shift,0.4,2348730450,test_only,False,low,True,ok,,0.1383333333333333,0.7274537037037037,3.085918977240502,1.3401975834160764,0.4015799388235709,1.0951793554504907,0.401579938823571,0.1307561606984177,1.2907278924810766,-2.6693560829752165,-0.2070164664932408,1400,,,True,ece;nll,,1337
mfeat-morphological,tabpfn,icl,label_noise,0.0,2722285425,train_only,False,high,True,ok,,0.7616666666666667,0.9683827160493828,0.5801074305161825,0.2519374559842521,0.0284449389864683,0.2957743886841197,0.0400487211688882,0.0162487670747627,1.069477349440171,-0.1512530868489526,0.3719137260247147,1400,,,False,,,1337
mfeat-morphological,tabpfn,icl,label_noise,0.05,83376503,train_only,False,high,True,ok,,0.7466666666666667,0.9677469135802468,0.5863221733398664,0.2546364844990259,0.0647662491473386,0.3024422042033412,0.0506516249837452,0.0185511898950695,1.3001715631076822,-0.1758061895076774,0.3613672245739108,1400,,,False,,,1337
mfeat-morphological,tabpfn,icl,label_noise,0.1,3822759947,train_only,False,high,True,ok,,0.7466666666666667,0.967533950617284,0.6160446753639223,0.2675448031164316,0.0628624767830821,0.305567525038948,0.0644011776792822,0.0227402915519099,1.5635621242017557,-0.0475967846876065,0.3578009464245034,1400,,,False,,,1337
mfeat-morphological,tabpfn,icl,label_noise,0.2,4164622411,train_only,False,high,True,ok,,0.7583333333333333,0.9677098765432096,0.697088421240596,0.3027416547434404,0.1265866979933357,0.324151851839851,0.1295948977941873,0.0351805358897093,1.9240943203584868,0.5161795569896087,0.3363086207684241,1400,,,True,ece,,1337
mfeat-morphological,tabpfn,icl,label_noise,0.3,1551634872,train_only,False,high,True,ok,,0.7483333333333333,0.9679074074074074,0.7715932410153921,0.3350986868468306,0.1715943484301405,0.3510000372762034,0.1715943484301404,0.0466860516351312,2.185963026894781,0.8865490084354661,0.3161691168525153,1400,,,True,ece,,1337
mfeat-morphological,tabpfn,icl,label_noise,0.4,2385141595,train_only,False,high,True,ok,,0.7466666666666667,0.9622746913580246,0.940204735286363,0.4083257283941749,0.2666085258079295,0.4211209763441275,0.2659531588300318,0.0649981179835085,2.649711597972352,1.8620783174196676,0.2729767182954702,1400,,,True,ece,,1337
mfeat-zernike,tabpfn,icl,covariate_shift,0.0,274096823,test_only,True,medium,True,ok,,0.8316666666666667,0.9822685185185184,0.2144249411704546,0.0931235687327578,0.066175932949569,0.1370466497475555,0.0607591524842817,0.0098625313866897,1.2495668532380544,-1.0422823344515186,0.4273717242717403,1400,,,False,,,1337
mfeat-zernike,tabpfn,icl,covariate_shift,0.05,1709842897,test_only,True,low,True,ok,,0.855,0.9831728395061728,0.2414310310924038,0.1048521645636433,0.0359080886055757,0.1432566794997549,0.0277491522032094,0.0137309618869968,1.1303209845805822,-0.3456938028069808,0.4337232267369522,1400,,,False,,,1337
mfeat-zernike,tabpfn,icl,covariate_shift,0.1,2131655123,test_only,True,low,True,ok,,0.805,0.9821913580246914,0.4214368816428545,0.1830277121680055,0.0542845806211686,0.2222780561520831,0.0465757838522324,0.0233054816724117,1.130081081879461,-0.1290113901574708,0.3987517455340066,1400,,,False,,,1337
mfeat-zernike,tabpfn,icl,covariate_shift,0.2,566193921,test_only,True,low,True,ok,,0.5333333333333333,0.9374845679012346,1.2735022168322014,0.5530749854617836,0.1068206544020133,0.5711745213556809,0.1087712598306316,0.0695758561130968,1.1745537652526834,-0.6780741839193027,0.2208329722464943,1400,,,True,ece,,1337
mfeat-zernike,tabpfn,icl,covariate_shift,0.3,1452100088,test_only,True,low,True,ok,,0.3666666666666666,0.8899228395061727,1.9589816745023436,0.8507749313859598,0.2193466675493074,0.7966041502707362,0.2193466675493074,0.0950086597358033,1.1168842129172158,-1.1795260172539948,0.067371180901511,1400,,,True,ece;nll,,1337
mfeat-zernike,tabpfn,icl,covariate_shift,0.4,820017796,test_only,True,low,True,ok,,0.2616666666666666,0.8586697530864198,2.273600354000942,0.987412087795889,0.2614365462881578,0.8974626405984751,0.2602840089221033,0.1037879701518742,1.5200435752728194,-1.516843953937759,-0.0087265220161513,1400,,,True,ece;nll,,1337
mfeat-zernike,tabpfn,icl,label_noise,0.0,2716738813,train_only,True,medium,True,ok,,0.8316666666666667,0.9822685185185184,0.2144249411704546,0.0931235687327578,0.066175932949569,0.1370466497475555,0.0607591524842817,0.0098625313866897,1.2495668532380544,-1.0422823344515186,0.4273717242717403,1400,,,False,,,1337
mfeat-zernike,tabpfn,icl,label_noise,0.05,674362200,train_only,True,medium,True,ok,,0.8516666666666667,0.9830524691358024,0.2464957020072493,0.1070517231946166,0.0564301835479423,0.1361391378956069,0.0524261582962077,0.0119044375244921,1.7167053089296789,-0.4227570579033109,0.4284168105295572,1400,,,False,,,1337
mfeat-zernike,tabpfn,icl,label_noise,0.1,2404464138,train_only,True,medium,True,ok,,0.8566666666666667,0.984746913580247,0.2964841626307883,0.1287614358022576,0.0870252292461111,0.1448811806140827,0.0795088699350328,0.0221079881170166,2.2208421962873928,-0.2323916643254805,0.4171279431631869,1400,,,False,,,1337
mfeat-zernike,tabpfn,icl,label_noise,0.2,693278117,train_only,True,medium,True,ok,,0.8733333333333333,0.9859753086419752,0.3892536990489353,0.1690507335573816,0.1450912656403118,0.1654384229505865,0.1349468172355993,0.0368039059453462,2.6801035823663635,0.5129982320375955,0.3963578848294143,1400,,,True,ece,,1337
mfeat-zernike,tabpfn,icl,label_noise,0.3,988405826,train_only,True,medium,True,ok,,0.88,0.9862314814814817,0.5084701871082461,0.2208257964734252,0.2265069733428614,0.2051133675774712,0.2217589860026888,0.0542614849558196,3.565371840708585,1.4614141333207245,0.3656318849079187,1400,,,True,ece,,1337
mfeat-zernike,tabpfn,icl,label_noise,0.4,2902575411,train_only,True,medium,True,ok,,0.8516666666666667,0.983506172839506,0.6897842018205181,0.29956947255469,0.3045589336983171,0.2905521908320591,0.3047182232708675,0.0749437407424561,3.300482120927808,2.201648224823073,0.3211945319877566,1400,,,True,ece,,1337
optdigits,tabpfn,icl,covariate_shift,0.0,270016883,test_only,True,low,True,ok,,0.9940688018979834,0.9999573468147324,0.0201360276974283,0.0087449657164441,0.0047991062043321,0.0098133591943786,0.0029828663328673,0.0017112826319646,0.8932801204923511,0.6172089341758618,0.4955120807140541,3934,,,False,,,1337
optdigits,tabpfn,icl,covariate_shift,0.05,3592725043,test_only,True,low,True,ok,,0.98220640569395,0.9995351343973996,0.3732508516501164,0.1621007852373348,0.2678973126253561,0.1348199480573488,0.2678973126253561,0.0540890294256636,3.1184185771061195,2.899917502264065,0.3949585597969107,3934,,,True,ece,,1337
optdigits,tabpfn,icl,covariate_shift,0.1,821228114,test_only,True,low,True,ok,,0.9816132858837484,0.9996137166922512,0.3347740103050232,0.1453905053600939,0.2446356301805459,0.1167101633485004,0.2437526853141128,0.0493214658814194,3.676126788830333,2.7888778849183327,0.4045625160807128,3934,,,True,ece,,1337
optdigits,tabpfn,icl,covariate_shift,0.2,2816676239,test_only,True,low,True,ok,,0.966785290628707,0.9992972713606888,0.3563890183641898,0.1547777840864843,0.231828975902001,0.1313112148419686,0.2318289759020009,0.0490770484009434,3.5529279441754134,2.5570166375387826,0.4019727081642016,3934,,,True,ece,,1337
optdigits,tabpfn,icl,covariate_shift,0.3,4148601901,test_only,True,low,True,ok,,0.9098457888493476,0.9966899041006356,0.576575726205477,0.2504036562903988,0.2923057262800008,0.2460115355585646,0.2923057262800008,0.0694192405991584,2.905058618098974,2.139084409425287,0.3517360926195048,3934,,,True,ece,,1337
optdigits,tabpfn,icl,covariate_shift,0.4,959586755,test_only,True,low,True,ok,,0.8760379596678529,0.9948846737065848,0.7709940932647149,0.3348384802848667,0.3463750945656422,0.3344867086055152,0.3463750945656421,0.0846299442669465,2.906882510603897,2.6565652031222133,0.3098887667488941,3934,,,True,ece,,1337
optdigits,tabpfn,icl,label_noise,0.0,3489964384,train_only,True,low,True,ok,,0.9940688018979834,0.9999573468147324,0.0201360276974283,0.0087449657164441,0.0047991062043321,0.0098133591943786,0.0029828663328673,0.0017112826319646,0.8932801204923511,0.6172089341758618,0.4955120807140541,3934,,,False,,,1337
optdigits,tabpfn,icl,label_noise,0.05,2828549642,train_only,True,low,True,ok,,0.9922894424673784,0.999725304743167,0.0644296505215131,0.0279814416924481,0.0356278727072265,0.0159498995247441,0.0346955908938589,0.0077234246084459,1.5642757098969813,0.6296283056540464,0.4832272659810354,3934,,,False,,,1337
optdigits,tabpfn,icl,label_noise,0.1,2339553086,train_only,True,low,True,ok,,0.9899169632265716,0.9996185569207072,0.1059354156789881,0.0460071664675117,0.0714948548395692,0.0228341995686003,0.0707152807071991,0.0156140327240008,2.068127996347814,0.3920461907927001,0.4702529184980659,3934,,,False,,,1337
optdigits,tabpfn,icl,label_noise,0.2,4058853975,train_only,True,low,True,ok,,0.9899169632265716,0.9997597953617724,0.1972111959181865,0.0856477341568094,0.1530512696653927,0.0440149772247839,0.1530512696653926,0.0319039566578654,2.740810168771985,0.9349209636098726,0.4420988986804847,3934,,,True,ece,,1337
optdigits,tabpfn,icl,label_noise,0.3,4110801411,train_only,True,low,True,ok,,0.9916963226571768,0.9996825033914448,0.3102527765517283,0.1347410688515782,0.2462197608997808,0.0839591842568261,0.2462197608997808,0.0500946139932892,2.9721769035983647,2.261405997235144,0.4089770517501526,3934,,,True,ece,,1337
optdigits,tabpfn,icl,label_noise,0.4,878059086,train_only,True,low,True,ok,,0.9833926453143536,0.999540378587457,0.4608567711307739,0.2001475526498449,0.3368103957946201,0.1540212508154744,0.3368103957946201,0.0687971385411579,4.0602744524735,2.6583293590177246,0.3699416843488855,3934,,,True,ece,,1337
ozone-level-8hr,tabpfn,icl,covariate_shift,0.0,954090622,test_only,True,medium,True,ok,,0.9513797634691196,0.9293186068256194,0.1402798989803949,0.2023811145954206,0.0177196741890906,0.0807440696076489,0.0160526313387112,0.019419611387684,0.7292551113942258,0.4047307389758169,0.4037102076928904,1773,,,False,,,1337
ozone-level-8hr,tabpfn,icl,covariate_shift,0.05,1062211810,test_only,True,low,True,ok,,0.9487516425755584,0.925169471715755,0.1479283738346759,0.2134155313380557,0.0229983509222224,0.0860978796222054,0.0172307634073659,0.0238810442062222,0.7220672636402715,0.2999961011460454,0.3974977319009867,1773,,,False,,,1337
ozone-level-8hr,tabpfn,icl,covariate_shift,0.1,3188726148,test_only,True,low,True,ok,,0.9434954007884364,0.9178938756428238,0.1597897821813177,0.2305279263377148,0.0272779691608664,0.0925830094229983,0.0257306423890932,0.0275987987639878,0.7452437943244278,-0.0009450921939621,0.388173194859766,1773,,,False,,,1337
ozone-level-8hr,tabpfn,icl,covariate_shift,0.2,1185563456,test_only,True,low,True,ok,,0.938239159001314,0.8934665731650304,0.1782035351341314,0.2570933564068935,0.0325712062529606,0.102079143780288,0.0282804052178965,0.0316344391799971,0.7751319267264603,-0.1451094174153757,0.3698069262852975,1773,,,False,,,1337
ozone-level-8hr,tabpfn,icl,covariate_shift,0.3,4175043361,test_only,True,low,True,ok,,0.9356110381077528,0.860273492286115,0.2025863126435391,0.2922702686028151,0.0379407898264157,0.1122322866337554,0.0318731370286181,0.0400691710116196,0.7577883927850051,-0.200069619248853,0.3461681394701755,1773,,,False,,,1337
ozone-level-8hr,tabpfn,icl,covariate_shift,0.4,2069189837,test_only,True,low,True,ok,,0.9356110381077528,0.8469495091164096,0.2053631394823816,0.2962763829126205,0.0355721838902822,0.1129553892514699,0.0345042421913191,0.0368032492528895,0.8710402983231328,-0.4301813120643197,0.3407766322550636,1773,,,False,,,1337
ozone-level-8hr,tabpfn,icl,label_noise,0.0,1812350474,train_only,True,medium,True,ok,,0.9513797634691196,0.9293186068256194,0.1402798989803949,0.2023811145954206,0.0177196741890906,0.0807440696076489,0.0160526313387112,0.019419611387684,0.7292551113942258,0.4047307389758169,0.4037102076928904,1773,,,False,,,1337
ozone-level-8hr,tabpfn,icl,label_noise,0.05,2558428290,train_only,True,medium,True,ok,,0.9540078843626808,0.8931743805516597,0.1658717080391535,0.2393022906118688,0.0379112350821907,0.0826886349160924,0.0393424655529616,0.0395732679906938,1.2338854470123688,0.2587580449632894,0.3763392816474842,1773,,,False,,,1337
ozone-level-8hr,tabpfn,icl,label_noise,0.1,434005281,train_only,True,medium,True,ok,,0.9342969776609724,0.8879441327723235,0.2062337726836317,0.2975324411144973,0.069700850071951,0.1017620602915294,0.0652616483397786,0.0702674741195056,2.1451120080031827,-1.074045492627434,0.3477250907707196,1773,,,False,,,1337
ozone-level-8hr,tabpfn,icl,label_noise,0.2,761481587,train_only,True,medium,True,ok,,0.9369250985545337,0.8499298737727911,0.2966450745049759,0.4279683778924658,0.1588023503650686,0.147229156565925,0.1532886913905349,0.1590173245027746,3.1143295832051963,-0.7379648648311468,0.2778632371629034,1773,,,True,ece,,1337
ozone-level-8hr,tabpfn,icl,label_noise,0.3,3766762699,train_only,True,medium,True,ok,,0.9369250985545337,0.797773492286115,0.4184164245467139,0.6036473007200354,0.246086111255836,0.2378362704006832,0.2553854697610285,0.246086111255836,46.469914168274784,-33.64260759779932,0.1894480746161424,1773,,,True,ece,,1337
ozone-level-8hr,tabpfn,icl,label_noise,0.4,3189520713,train_only,True,medium,True,ok,,0.9369250985545337,0.743031206171108,0.5440162182088536,0.7848495001730813,0.3428600868306001,0.3525630592531788,0.3428600868306002,0.3428600868306001,77.34012930503083,-26.29290045716732,0.0965728195250233,1773,,,True,ece;nll,,1337
pc1,tabpfn,icl,covariate_shift,0.0,3415159465,test_only,False,high,True,ok,,0.93993993993994,0.9004908835904627,0.1929555584698833,0.2783760273164611,0.0330105049064093,0.1009524600047711,0.025170581298066,0.0330105049064093,0.6595881256027994,0.3664836460039668,0.3660478910714327,776,,,False,,,1337
pc1,tabpfn,icl,covariate_shift,0.05,1421187473,test_only,False,low,True,ok,,0.9429429429429428,0.8300841514726507,0.1968786963317348,0.2840359188544781,0.0275561301298867,0.1050565016647107,0.0422706525798512,0.0312950773421416,1.008837589626329,0.4195161058368462,0.3412488927745483,776,,,False,,,1337
pc1,tabpfn,icl,covariate_shift,0.1,3835151215,test_only,False,low,True,ok,,0.9429429429429428,0.8215287517531558,0.2111873883156755,0.3046789978213168,0.0497934036862272,0.1084898663084664,0.0581792828358133,0.0533866630737734,1.2096266649744531,0.3518861719202626,0.3276141244714054,776,,,False,,,1337
pc1,tabpfn,icl,covariate_shift,0.2,1064202165,test_only,False,low,True,ok,,0.9429429429429428,0.7669705469845722,0.242461800342438,0.3497984369590454,0.089289690155857,0.1191547039668761,0.0850435447554525,0.089289690155857,1.2429917225265394,0.6593406245215303,0.2870836637671566,776,,,False,,,1337
pc1,tabpfn,icl,covariate_shift,0.3,1190422692,test_only,False,low,True,ok,,0.945945945945946,0.8014726507713885,0.2588015903341243,0.3733717709492182,0.1057177650766848,0.1288314850727421,0.1057177650766848,0.1028460398757686,0.8864868523028998,1.4238047990482317,0.2892522353617753,776,,,True,ece,,1337
pc1,tabpfn,icl,covariate_shift,0.4,183885354,test_only,False,low,True,ok,,0.9309309309309308,0.767531556802244,0.2905775818284394,0.4192148362973966,0.1306849634432422,0.1506377457165821,0.1233925646361426,0.1389890474804915,1.4069882544993997,0.7697405986991003,0.2563742409425577,776,,,True,ece,,1337
pc1,tabpfn,icl,label_noise,0.0,115987459,train_only,False,high,True,ok,,0.93993993993994,0.9004908835904627,0.1929555584698833,0.2783760273164611,0.0330105049064093,0.1009524600047711,0.025170581298066,0.0330105049064093,0.6595881256027994,0.3664836460039668,0.3660478910714327,776,,,False,,,1337
pc1,tabpfn,icl,label_noise,0.05,1787112117,train_only,False,high,True,ok,,0.924924924924925,0.873422159887798,0.1992499278732408,0.2874568828402082,0.0428218259091534,0.1135593388076435,0.0418573070194796,0.0439729859172833,1.8851774272402,-1.325306213438876,0.3496350646655748,776,,,False,,,1337
pc1,tabpfn,icl,label_noise,0.1,3113296619,train_only,False,high,True,ok,,0.93993993993994,0.8428471248246845,0.2240661126302831,0.3232590695229774,0.0816650486780878,0.112624891632635,0.0755625567663175,0.0848438649017665,1.6441852349763193,0.0231354212474698,0.3226767540871197,776,,,False,,,1337
pc1,tabpfn,icl,label_noise,0.2,4180342841,train_only,False,high,True,ok,,0.9309309309309308,0.8306451612903225,0.3203694706551108,0.4621954465663506,0.166010491935136,0.164041785120742,0.1535757300000041,0.166010491935136,4.001756971754742,-2.1385458658239727,0.2585047137343201,776,,,True,ece,,1337
pc1,tabpfn,icl,label_noise,0.3,2781926109,train_only,False,high,True,ok,,0.927927927927928,0.7944600280504909,0.4097263242588177,0.5911101361298597,0.2328252242636737,0.2316780806160134,0.229756207595142,0.2328252242636736,4.526766513338755,-0.9927385315381828,0.1933521133151683,776,,,True,ece,,1337
pc1,tabpfn,icl,label_noise,0.4,69046723,train_only,False,high,True,ok,,0.8978978978978979,0.4744039270687236,0.5674216800684438,0.8186164439276279,0.3101609675380291,0.3757198661418616,0.3094931959622953,0.3487299343979873,0.300350440239302,2.0672308394561414,-0.0068910675271562,776,,,True,ece;nll,,1337
pc3,tabpfn,icl,covariate_shift,0.0,2915379220,test_only,False,high,True,ok,,0.9040511727078892,0.8773258115597783,0.228978198229716,0.3303457110577014,0.0166798818061197,0.1397067501866007,0.0272606466965572,0.0144701447693607,1.1563135773449535,-0.3691264917855695,0.3402320202735713,1094,,,False,,,1337
pc3,tabpfn,icl,covariate_shift,0.05,3780002087,test_only,False,low,True,ok,,0.8976545842217484,0.8386777513855899,0.2857850456318239,0.4123006680932584,0.068702595506224,0.162327983879468,0.0581024104591815,0.068702595506224,1.9100795414506904,-0.5824737396550792,0.2907546810889964,1094,,,False,,,1337
pc3,tabpfn,icl,covariate_shift,0.1,877989125,test_only,False,low,True,ok,,0.8976545842217484,0.8295724465558195,0.3212967370814313,0.4635332092411862,0.1025388245030996,0.1787602836240747,0.0997364934624622,0.1025388245030996,2.2884474773468435,-0.5553383489337393,0.2654308162548233,1094,,,True,ece,,1337
pc3,tabpfn,icl,covariate_shift,0.2,3854617612,test_only,False,low,True,ok,,0.8976545842217484,0.8064133016627079,0.3804245874122782,0.5488366656919238,0.1581644630314804,0.2149895987947593,0.1620819402713321,0.1581644630314804,3.2889899355134182,-0.8397793153245735,0.2206089509013367,1094,,,True,ece,,1337
pc3,tabpfn,icl,covariate_shift,0.3,676589074,test_only,False,low,True,ok,,0.8976545842217484,0.7073931116389549,0.4001443545418393,0.5772862759372267,0.1673973485994228,0.2295169348391975,0.1673973485994229,0.1673973485994228,2.928051788149027,-0.5164746656697375,0.1755704242058439,1094,,,True,ece,,1337
pc3,tabpfn,icl,covariate_shift,0.4,1944146610,test_only,False,low,True,ok,,0.8976545842217484,0.746931908155186,0.4167563769929239,0.6012523583465426,0.184853707124432,0.241419193298732,0.184853707124432,0.184853707124432,4.445930904240918,-1.5496200265777318,0.1787279065587281,1094,,,True,ece,,1337
pc3,tabpfn,icl,label_noise,0.0,2999008081,train_only,False,high,True,ok,,0.9040511727078892,0.8773258115597783,0.228978198229716,0.3303457110577014,0.0166798818061197,0.1397067501866007,0.0272606466965572,0.0144701447693607,1.1563135773449535,-0.3691264917855695,0.3402320202735713,1094,,,False,,,1337
pc3,tabpfn,icl,label_noise,0.05,1189021416,train_only,False,high,True,ok,,0.8997867803837953,0.8653008709422011,0.2631617510961699,0.3796621532581001,0.048512336033632,0.1517238534746021,0.0509908498582325,0.0464788730563811,1.85806027382337,-0.8611832505356225,0.3142222087031832,1094,,,False,,,1337
pc3,tabpfn,icl,label_noise,0.1,1603268649,train_only,False,high,True,ok,,0.8997867803837953,0.8618863816310373,0.2870278960579988,0.4140937222396678,0.0793543235463543,0.1586887911895642,0.0880822385514048,0.0808786928918993,2.6304479871092203,-1.5043216052828257,0.2965292692472612,1094,,,False,,,1337
pc3,tabpfn,icl,label_noise,0.2,2008566150,train_only,False,high,True,ok,,0.8997867803837953,0.8426860649247823,0.3724134160896833,0.5372789885531043,0.1424334746041761,0.2070087214970629,0.1530764178188273,0.1424334746041763,7.494530460065498,-5.885930317984616,0.2402377482944765,1094,,,True,ece,,1337
pc3,tabpfn,icl,label_noise,0.3,1904785312,train_only,False,high,True,ok,,0.8891257995735607,0.7385688836104513,0.45596895132806,0.6578241448803333,0.2054085466374654,0.2745984583173736,0.20488820978435,0.2254824677906949,2.7576380247773664,0.0773837733851334,0.153439026408099,1094,,,True,ece,,1337
pc3,tabpfn,icl,label_noise,0.4,330980090,train_only,False,high,True,ok,,0.8891257995735607,0.7791468725257323,0.5667440798614441,0.8176388734692841,0.3056739606409697,0.3762138700026008,0.3010527917579718,0.3143446748257988,6.204683869128709,0.0803724596766859,0.0996438211510611,1094,,,True,ece;nll,,1337
pc4,tabpfn,icl,covariate_shift,0.0,1358122978,test_only,False,high,True,ok,,0.9155251141552512,0.9472433227150208,0.2069597482818834,0.2985798025099014,0.0247085328236262,0.113359583038005,0.0285336779841814,0.0306483436507203,0.5983768036206053,0.2757462413919293,0.3743482827558493,1020,,,False,,,1337
pc4,tabpfn,icl,covariate_shift,0.05,765167279,test_only,False,low,True,ok,,0.910958904109589,0.8524626317079146,0.2891037579990399,0.4170885579675779,0.0708993331105399,0.16422878245119,0.0730049308110782,0.0725779099797373,1.0630859113782904,0.6488428373042272,0.2956993227018271,1020,,,False,,,1337
pc4,tabpfn,icl,covariate_shift,0.1,796283993,test_only,False,low,True,ok,,0.8949771689497716,0.7921832884097035,0.3090513569324988,0.4458668600265211,0.0514045405144263,0.1760240185863578,0.0501656083733915,0.0617643035984515,1.207920617499474,0.1519393524168196,0.2674697601750203,1020,,,False,,,1337
pc4,tabpfn,icl,covariate_shift,0.2,2339534397,test_only,False,low,True,ok,,0.8812785388127854,0.7456750796373438,0.3143592474159824,0.4535245273046245,0.0357988179018009,0.1827163144296475,0.0523812457712102,0.0395100875640976,1.513675518892247,-1.2172264297723807,0.2499609369232405,1020,,,False,,,1337
pc4,tabpfn,icl,covariate_shift,0.3,3939647105,test_only,False,low,True,ok,,0.8789954337899544,0.7412643959813771,0.3408569398583276,0.4917526167861969,0.0554045030255746,0.1983505216854778,0.0738257663438747,0.0554045030255746,1.567052669309719,-2.1190596206287338,0.232685168021001,1020,,,False,,,1337
pc4,tabpfn,icl,covariate_shift,0.4,2566345939,test_only,False,low,True,ok,,0.8789954337899544,0.763856897819162,0.3517645756212303,0.5074890088091598,0.066232494207745,0.2046460492691142,0.072352783252088,0.0662324942077451,1.982770678552112,-3.5387700966847504,0.2337060278209028,1020,,,False,,,1337
pc4,tabpfn,icl,label_noise,0.0,1200056343,train_only,False,high,True,ok,,0.9155251141552512,0.9472433227150208,0.2069597482818834,0.2985798025099014,0.0247085328236262,0.113359583038005,0.0285336779841814,0.0306483436507203,0.5983768036206053,0.2757462413919293,0.3743482827558493,1020,,,False,,,1337
pc4,tabpfn,icl,label_noise,0.05,3717623766,train_only,False,high,True,ok,,0.908675799086758,0.9428816466552316,0.2043648503272231,0.2948361560991001,0.0367336789685698,0.1192229945090136,0.0343753375199197,0.0465239747047823,1.5793356209114888,-0.2538785965008533,0.3705123635689006,1020,,,False,,,1337
pc4,tabpfn,icl,label_noise,0.1,3722239433,train_only,False,high,True,ok,,0.906392694063927,0.9420485175202156,0.2366994196507855,0.3414850789114839,0.0696779841700504,0.1299177232015868,0.0771312721154473,0.0738292762287741,2.081520137448828,-0.4260109046816306,0.3492947647342093,1020,,,False,,,1337
pc4,tabpfn,icl,label_noise,0.2,819141658,train_only,False,high,True,ok,,0.9041095890410958,0.8833374172996815,0.3433459016937891,0.4953434296831792,0.1389375965159719,0.1893221521628902,0.1389375965159719,0.1480868306657255,2.5942160406821424,-0.3700281752805215,0.2683939862029047,1020,,,True,ece,,1337
pc4,tabpfn,icl,label_noise,0.3,1526336046,train_only,False,high,True,ok,,0.8835616438356164,0.8994609164420485,0.4666587359291821,0.6732462441125434,0.2298212165686193,0.283414929623052,0.2349100074320024,0.2337633257544828,6.216488124399763,-1.1053507905736009,0.1994074507825725,1020,,,True,ece,,1337
pc4,tabpfn,icl,label_noise,0.4,2750424457,train_only,False,high,True,ok,,0.8721461187214612,0.7890468022543495,0.5676237216165165,0.8189079282670859,0.2844616430714823,0.3761444837280811,0.2914438292159562,0.2916647689325452,16.825089555135783,-3.407149691305176,0.1044235915028192,1020,,,True,ece;nll,,1337
pendigits,tabpfn,icl,covariate_shift,0.0,4032075592,test_only,True,low,True,ok,,0.9975742874469375,0.9999977787178456,0.0073305197594853,0.0031836042810272,0.0022459607250167,0.00330439096993,0.0003015860940819,0.0006405947197269,1.935484089658288,-1.4696352026881403,0.4982310922389751,7694,,,False,,,1337
pendigits,tabpfn,icl,covariate_shift,0.05,2812746597,test_only,True,low,True,ok,,0.9948453608247424,0.9999739539952596,0.0447604653129345,0.0194392230928293,0.0304213133849695,0.0115958600193949,0.0297458493203951,0.0066563945907161,2.473007788152288,0.3492617489981424,0.4873016584172094,7694,,,False,,,1337
pendigits,tabpfn,icl,covariate_shift,0.1,3305442257,test_only,True,low,True,ok,,0.98271679805943,0.9998495956644864,0.1203665305912547,0.0522745200416209,0.0733412151128992,0.0406338729749961,0.0733412151128992,0.0167365144871932,2.454664821763469,0.7567994700263734,0.4670042791564185,7694,,,False,,,1337
pendigits,tabpfn,icl,covariate_shift,0.2,2593721926,test_only,True,low,True,ok,,0.8004851425106125,0.9963249460686529,0.5847400641480525,0.2539493832072526,0.1114323803855192,0.2877114416916687,0.1114323803855191,0.0584144635700566,1.538259380178934,0.5779467981876505,0.3703152114613408,7694,,,True,ece,,1337
pendigits,tabpfn,icl,covariate_shift,0.3,2790959065,test_only,True,low,True,ok,,0.4760460885385081,0.9630038978877756,1.473853807706704,0.6400865758191179,0.1192662875384526,0.6878153413174938,0.1167787508548072,0.0842389777654263,0.9650867117577124,-0.4992005715037962,0.1925790472880718,7694,,,True,ece,,1337
pendigits,tabpfn,icl,covariate_shift,0.4,241591760,test_only,True,low,True,ok,,0.3480897513644633,0.9412728024584812,1.9627996474812623,0.8524330559827601,0.193516858463273,0.8486106305789626,0.195332606841833,0.0998286721713721,0.3658207205777984,-0.6899752900877445,0.0872256550776552,7694,,,True,ece;nll,,1337
pendigits,tabpfn,icl,label_noise,0.0,540448728,train_only,True,low,True,ok,,0.9975742874469375,0.9999977787178456,0.0073305197594853,0.0031836042810272,0.0022459607250167,0.00330439096993,0.0003015860940819,0.0006405947197269,1.935484089658288,-1.4696352026881403,0.4982310922389751,7694,,,False,,,1337
pendigits,tabpfn,icl,label_noise,0.05,325471649,train_only,True,low,True,ok,,0.9960582171012736,0.9999506627427686,0.0436319857105356,0.0189491306285671,0.0329626880253424,0.0069858420057715,0.0301698644908855,0.0067804855954019,2.401574117096388,-1.2650263815426026,0.4871141877315214,7694,,,False,,,1337
pendigits,tabpfn,icl,label_noise,0.1,1921590214,train_only,True,low,True,ok,,0.9960582171012736,0.9999795626926488,0.0823488564796886,0.0357636539601716,0.0700976322934299,0.0110845097348633,0.0679531008625575,0.0142705899740082,3.3125761302235603,-1.685205884921746,0.4746529568608806,7694,,,False,,,1337
pendigits,tabpfn,icl,label_noise,0.2,2711070651,train_only,True,low,True,ok,,0.9957550030321408,0.999965158762125,0.175881476710616,0.0763843548044158,0.1512369808239617,0.0318931715260239,0.1506197860566744,0.0308167391478102,4.634255322328678,-1.1513005667581944,0.4461883534154477,7694,,,True,ece,,1337
pendigits,tabpfn,icl,label_noise,0.3,3311091555,train_only,True,low,True,ok,,0.9942389326864768,0.9997039700773308,0.2894286135132635,0.1256972497537193,0.2393910111784965,0.0725210883063564,0.2389960772742609,0.0484690897070905,4.86561016522317,0.926947355924504,0.4134448522682222,7694,,,True,ece,,1337
pendigits,tabpfn,icl,label_noise,0.4,345363945,train_only,True,low,True,ok,,0.9936325045482112,0.9995877573474534,0.4316030628166019,0.1874428285537927,0.3387254569706592,0.1378559366895168,0.3385242886495505,0.0684410028742613,5.601820598749166,2.7772127031646776,0.3749226507935706,7694,,,True,ece,,1337
phoneme,tabpfn,icl,covariate_shift,0.0,21912965,test_only,True,medium,True,ok,,0.9241676942046856,0.9783114816607272,0.1702212397553992,0.2455773384490857,0.0181573781229058,0.102026114260616,0.0120793971860299,0.0227811421120459,1.1327978987566023,-0.2719281080799673,0.4037294955526505,3782,,,False,,,1337
phoneme,tabpfn,icl,covariate_shift,0.05,3705760449,test_only,True,low,True,ok,,0.8372379778051788,0.916010383210876,0.3758632991593082,0.5422561177492988,0.0423031644326193,0.2372023984235004,0.0401661118584919,0.084578841244155,0.670188851274238,0.093582423906699,0.2750518625832698,3782,,,False,,,1337
phoneme,tabpfn,icl,covariate_shift,0.1,2340225794,test_only,True,low,True,ok,,0.7632552404438965,0.8742263921275316,0.534415045681491,0.770997936181136,0.0972964395316116,0.3294886497197386,0.0972964395316116,0.1432655424138332,0.5571979545415527,-0.1407391713873931,0.1697088545505573,3782,,,True,nll,,1337
phoneme,tabpfn,icl,covariate_shift,0.2,3089395357,test_only,True,low,True,ok,,0.6898890258939581,0.8188969304999487,0.7238833799463671,1.0443429624305651,0.1589066370106811,0.4369202921537963,0.1589066370106811,0.2099764570150417,0.4378426735478178,-0.2161534477382445,0.0450130634277699,3782,,,True,ece;nll,,1337
phoneme,tabpfn,icl,covariate_shift,0.3,387605570,test_only,True,low,True,ok,,0.6744759556103576,0.7904164283514452,0.6845941752266518,0.9876606216209606,0.1313908953627983,0.4462370351461648,0.1349247493244774,0.2110360498120227,0.4833923287009002,-0.0939703750883589,0.0552407777057115,3782,,,True,ece;nll,,1337
phoneme,tabpfn,icl,covariate_shift,0.4,3037866856,test_only,True,low,True,ok,,0.6362515413070283,0.7512117412409991,0.6797678724457371,0.9806977385331064,0.0930258759436815,0.46607748606899,0.0943693952333928,0.2374397530821129,0.4626801299068144,0.0643856946495087,0.0455473438817357,3782,,,True,nll,,1337
phoneme,tabpfn,icl,label_noise,0.0,4155929864,train_only,True,medium,True,ok,,0.9241676942046856,0.9783114816607272,0.1702212397553992,0.2455773384490857,0.0181573781229058,0.102026114260616,0.0120793971860299,0.0227811421120459,1.1327978987566023,-0.2719281080799673,0.4037294955526505,3782,,,False,,,1337
phoneme,tabpfn,icl,label_noise,0.05,1127500620,train_only,True,medium,True,ok,,0.9167694204685574,0.9706688958305836,0.2135527370389886,0.3080914746944137,0.0329538297178189,0.1214371422337651,0.0392137933261341,0.0430121242832629,1.522904710191454,-0.3271469993993754,0.3782313182590999,3782,,,False,,,1337
phoneme,tabpfn,icl,label_noise,0.1,2198741701,train_only,True,medium,True,ok,,0.905055487053021,0.964063897810433,0.2597658889703631,0.3747629598096559,0.0756802496108563,0.144191341090436,0.0725933226872445,0.0775527101200581,1.9494815856241408,-0.3811736683932593,0.3456157494265366,3782,,,False,,,1337
phoneme,tabpfn,icl,label_noise,0.2,2104540607,train_only,True,medium,True,ok,,0.8853267570900123,0.9508117383078888,0.3732029379369344,0.5384180278068069,0.1524651344936102,0.2122322543424641,0.153154212347326,0.151515112717355,3.166624848777261,-0.4336796348251521,0.2735646867304987,3782,,,True,ece,,1337
phoneme,tabpfn,icl,label_noise,0.3,1710895624,train_only,True,medium,True,ok,,0.8532675709001233,0.9259572939123292,0.4849826995306239,0.6996821355297733,0.2056863962828459,0.3020003618665007,0.2056863962828458,0.2090056994998347,4.621992627262552,-0.4374414637197024,0.2010332685888325,3782,,,True,ece,,1337
phoneme,tabpfn,icl,label_noise,0.4,2916748228,train_only,True,medium,True,ok,,0.782983970406905,0.8656562101280303,0.6040312883750671,0.8714329442804808,0.2204187001432364,0.4120621444141288,0.2350066902607607,0.2356839916914538,8.196782387283628,-0.318452352058973,0.1149136457930548,3782,,,True,ece;nll,,1337
qsar-biodeg,tabpfn,icl,covariate_shift,0.0,759559443,test_only,True,medium,True,ok,,0.8485804416403786,0.9137071651090344,0.3700364230459179,0.5338497124766364,0.0582318906914009,0.2078426572951195,0.0608041103866697,0.065500072204467,0.7181766215551998,-0.1583639508289791,0.2752832821529477,738,,,False,,,1337
qsar-biodeg,tabpfn,icl,covariate_shift,0.05,323638482,test_only,True,low,True,ok,,0.7444794952681388,0.8917222963951936,0.533698134310267,0.7699636517011142,0.1270930071940457,0.3550868461425056,0.1417600651721413,0.1798173881516753,0.8148968989739142,-0.6292689868237904,0.1673670310793951,738,,,True,ece;nll,,1337
qsar-biodeg,tabpfn,icl,covariate_shift,0.1,1097304971,test_only,True,low,True,ok,,0.6719242902208202,0.8693813974187806,0.7030536630033529,1.0142920330937577,0.2305330516916252,0.4579027795637626,0.2314640726164263,0.2392050079228844,1.222721397080642,-2.4900446119627184,0.0546779123632438,738,,,True,ece;nll,,1337
qsar-biodeg,tabpfn,icl,covariate_shift,0.2,1523222245,test_only,True,low,True,ok,,0.6593059936908517,0.8509568313306631,0.9143095253946067,1.3190698181243412,0.2812768383825968,0.5456831566242604,0.2871128419727055,0.2812768383825968,1.652396148316608,-4.686794856039134,-0.0552455230944618,738,,,True,ece;nll,,1337
qsar-biodeg,tabpfn,icl,covariate_shift,0.3,2202653803,test_only,True,low,True,ok,,0.6624605678233438,0.8419670672007122,1.1015737511338242,1.5892349879342214,0.3079643837412115,0.6133632335797204,0.3073615564438356,0.3079643837412115,2.367321031196835,-7.842475175196133,-0.1443058144347578,738,,,True,ece;nll,,1337
qsar-biodeg,tabpfn,icl,covariate_shift,0.4,546921930,test_only,True,low,True,ok,,0.6624605678233438,0.7993324432576769,1.176207284647154,1.696908416617923,0.3120167610523539,0.6276474016895808,0.309832088365774,0.3120167610523539,2.1595498710599283,-7.29177473902567,-0.1923404368821591,738,,,True,ece;nll,,1337
qsar-biodeg,tabpfn,icl,label_noise,0.0,3006243686,train_only,True,medium,True,ok,,0.8485804416403786,0.9137071651090344,0.3700364230459179,0.5338497124766364,0.0582318906914009,0.2078426572951195,0.0608041103866697,0.065500072204467,0.7181766215551998,-0.1583639508289791,0.2752832821529477,738,,,False,,,1337
qsar-biodeg,tabpfn,icl,label_noise,0.05,460110561,train_only,True,medium,True,ok,,0.8580441640378549,0.9120160213618156,0.3504051195548232,0.5055277282838478,0.0462406694110939,0.2087679512196129,0.0553604086516286,0.0710560154193414,0.999388609907435,0.0151709062341182,0.2870057797149405,738,,,False,,,1337
qsar-biodeg,tabpfn,icl,label_noise,0.1,1126735554,train_only,True,medium,True,ok,,0.8422712933753943,0.894971072541166,0.3759759934388875,0.5424187012275845,0.0531978162962562,0.2322319237747392,0.0670371302033948,0.0606802832573787,1.3334936782259854,-0.2351212988468503,0.2662153957681907,738,,,False,,,1337
qsar-biodeg,tabpfn,icl,label_noise,0.2,3838396088,train_only,True,medium,True,ok,,0.8391167192429022,0.8947040498442368,0.4294796021270274,0.6196080921516276,0.1069726252506054,0.2637123616541489,0.1069726252506054,0.1092505876593171,1.6783158285193438,0.1365006884238015,0.2317369726363088,738,,,True,ece,,1337
qsar-biodeg,tabpfn,icl,label_noise,0.3,898420563,train_only,True,medium,True,ok,,0.807570977917981,0.8796172674677347,0.5247080334527155,0.756993677776833,0.1731100843979202,0.3386773780290566,0.1940604732274375,0.1775947781839026,4.061843398180345,-0.4685594165599232,0.1672815700887703,738,,,True,ece;nll,,1337
qsar-biodeg,tabpfn,icl,label_noise,0.4,382681775,train_only,True,medium,True,ok,,0.6277602523659306,0.7057409879839786,0.6630025613600158,0.9565105073707756,0.2545666748196887,0.4699951385721966,0.2416202286328057,0.2190576423313435,18.22210611732382,-2.3903532147631115,0.0033068964741116,738,,,True,ece;nll,,1337
satimage,tabpfn,icl,covariate_shift,0.0,2220480639,test_only,True,low,True,ok,,0.937791601866252,0.9953318965649806,0.1549746608868542,0.0864930050871292,0.0119505550766284,0.0885522056358155,0.0064150161966539,0.008780159501095,1.220877644838383,-0.2907760982674383,0.4606968915362164,4501,,,False,,,1337
satimage,tabpfn,icl,covariate_shift,0.05,62107709,test_only,True,low,True,ok,,0.9186106791083464,0.9914336770252148,0.2180298164381699,0.1216847574591604,0.0154237451971523,0.1216839021726959,0.014545040194158,0.0138851104735393,0.8530745451079749,-0.0279394221141256,0.4452032125478985,4501,,,False,,,1337
satimage,tabpfn,icl,covariate_shift,0.1,3701586200,test_only,True,low,True,ok,,0.8678071539657853,0.9791558599152664,0.3885861121218577,0.2168740385054432,0.0550058892240105,0.2039971660552705,0.051697263757564,0.0293571342187391,0.6017588286283762,-0.030231933838618,0.3968122346687759,4501,,,False,,,1337
satimage,tabpfn,icl,covariate_shift,0.2,878341555,test_only,True,low,True,ok,,0.7413167444271643,0.9458487753482472,0.8894782757480562,0.4964272777814707,0.1453970574654041,0.4009711514015089,0.1417989120656747,0.0673763978340206,0.4423588886505032,-0.3156068143446817,0.2642369882084391,4501,,,True,ece,,1337
satimage,tabpfn,icl,covariate_shift,0.3,1228582524,test_only,True,low,True,ok,,0.607568688439606,0.9028334944462156,1.5710929280246455,0.8768436584300686,0.2507234232663459,0.6185376708333143,0.2479873869543359,0.1137703129597129,0.3593093593134966,-0.6098211447811646,0.0939292441398265,4501,,,True,ece;nll,,1337
satimage,tabpfn,icl,covariate_shift,0.4,2711537997,test_only,True,low,True,ok,,0.4862623120787973,0.8427254401949625,2.375565941913468,1.3258285962551295,0.3625704666758357,0.8233798593553995,0.3599974657460662,0.150641277981573,0.3492720967384087,-1.067520635493879,-0.1023694213316495,4501,,,True,ece;nll,,1337
satimage,tabpfn,icl,label_noise,0.0,2923076406,train_only,True,low,True,ok,,0.937791601866252,0.9953318965649806,0.1549746608868542,0.0864930050871292,0.0119505550766284,0.0885522056358155,0.0064150161966539,0.008780159501095,1.220877644838383,-0.2907760982674383,0.4606968915362164,4501,,,False,,,1337
satimage,tabpfn,icl,label_noise,0.05,3462374988,train_only,True,low,True,ok,,0.9279419388284084,0.9926264202507784,0.2166907045040217,0.1209373848585707,0.0376933771727882,0.1074204424283721,0.0357459733625073,0.0171643417951848,1.5654631061193032,-0.2417700668735621,0.4427906470199048,4501,,,False,,,1337
satimage,tabpfn,icl,label_noise,0.1,4286775935,train_only,True,low,True,ok,,0.9253499222395024,0.9920420369786448,0.2586250792470695,0.1443414050204479,0.0668059211576753,0.1158934490714188,0.0621607477840882,0.0275148058498082,1.7706725036702038,-0.1755033381247468,0.4293535955407815,4501,,,False,,,1337
satimage,tabpfn,icl,label_noise,0.2,742681363,train_only,True,low,True,ok,,0.913426645930534,0.9887857240645572,0.3756600808991482,0.2096598831209158,0.1474024373549664,0.15425232092722,0.144579028612832,0.0523102834527681,2.2493801408952794,0.311138143696118,0.390710547904907,4501,,,True,ece,,1337
satimage,tabpfn,icl,label_noise,0.3,3059574983,train_only,True,low,True,ok,,0.9077242094349404,0.9859152825586874,0.4943535092656063,0.2759039467940353,0.2270234226086515,0.2034631736006711,0.2270234226086515,0.0795002075426202,2.538589922388748,0.9097239855602444,0.3530531117508407,4501,,,True,ece,,1337
satimage,tabpfn,icl,label_noise,0.4,3536860119,train_only,True,low,True,ok,,0.9020217729393468,0.9811925698629104,0.6405033880710987,0.3574717472245576,0.320284421379118,0.2752411017227161,0.320284421379118,0.110690975049507,3.0843174451048467,1.7589432357643469,0.3074222569497297,4501,,,True,ece,,1337
segment,tabpfn,icl,covariate_shift,0.0,700182584,test_only,False,high,True,ok,,0.987012987012987,0.9996744744219492,0.0468762360345161,0.024089619994671,0.0046650999614849,0.0223651208634291,0.0012397599450989,0.0042428094627929,0.9028441366756176,0.0955363145901619,0.4897781081089319,1617,,,False,,,1337
segment,tabpfn,icl,covariate_shift,0.05,2569701885,test_only,False,low,True,ok,,0.862914862914863,0.9814693350046886,0.4218318846880738,0.2167787062999089,0.0812688789241081,0.2099957199754724,0.0811050692538119,0.0444689684367666,1.43840842908972,0.436704563740039,0.391664109014076,1617,,,False,,,1337
segment,tabpfn,icl,covariate_shift,0.1,2066474845,test_only,False,low,True,ok,,0.8354978354978355,0.9691916762623832,0.6424566252828501,0.3301573947773207,0.1893293499714321,0.2921784123653923,0.1774833494989822,0.0713939501696048,1.432622958058024,1.0016440606506662,0.3276286735890268,1617,,,True,ece,,1337
segment,tabpfn,icl,covariate_shift,0.2,2725027529,test_only,False,low,True,ok,,0.6623376623376623,0.942741508398074,1.100893686613072,0.5657474406757814,0.2042545262040143,0.5156169306139567,0.1973284989887647,0.1142576314638451,1.905229878854635,1.327031245964406,0.2187350398464379,1617,,,True,ece,,1337
segment,tabpfn,icl,covariate_shift,0.3,3725864057,test_only,False,low,True,ok,,0.4329004329004329,0.9141098333017526,1.4386501256926334,0.7393199148434778,0.1425202189917148,0.6589103246663717,0.1677978896188412,0.1372746843023495,2.024921459344801,0.3718728249798719,0.134573488339292,1617,,,True,ece,,1337
segment,tabpfn,icl,covariate_shift,0.4,3467747087,test_only,False,low,True,ok,,0.2207792207792207,0.8698675062311425,2.014002704836582,1.0349926515437138,0.3566070257853996,0.8963958858307935,0.3252265366242085,0.1567259784882241,2.4509197247351318,-2.0354505569248147,-0.044248690322411,1617,,,True,ece;nll,,1337
segment,tabpfn,icl,label_noise,0.0,3903513450,train_only,False,high,True,ok,,0.987012987012987,0.9996744744219492,0.0468762360345161,0.024089619994671,0.0046650999614849,0.0223651208634291,0.0012397599450989,0.0042428094627929,0.9028441366756176,0.0955363145901619,0.4897781081089319,1617,,,False,,,1337
segment,tabpfn,icl,label_noise,0.05,3853600052,train_only,False,high,True,ok,,0.9783549783549784,0.9994315448860904,0.0925119238063501,0.04754172429352,0.0438882643148465,0.0316812521056046,0.0381323135923969,0.0146935855495952,2.0045503592552785,-0.2272548409989226,0.473514117312353,1617,,,False,,,1337
segment,tabpfn,icl,label_noise,0.1,2633739697,train_only,False,high,True,ok,,0.9783549783549784,0.99939753475107,0.1383261519513985,0.0710855801942099,0.0848468078235876,0.0406447664758219,0.0774843624884068,0.0262268488171044,2.3260976402862403,0.1044884160387363,0.4582473482931408,1617,,,False,,,1337
segment,tabpfn,icl,label_noise,0.2,3019105613,train_only,False,high,True,ok,,0.9711399711399712,0.9992712113924236,0.2324940785052268,0.1194783215546187,0.1590662475777819,0.0666388553926729,0.1484346586830043,0.0492285993204087,3.695236201879355,-0.5534803941977343,0.4277591736764019,1617,,,True,ece,,1337
segment,tabpfn,icl,label_noise,0.3,1890180338,train_only,False,high,True,ok,,0.9581529581529582,0.9981270132785284,0.3747675347534379,0.1925924148837897,0.2382354732581693,0.1255026620611107,0.2328711405052814,0.0721057440000397,4.324204478709556,0.2866560332214556,0.3876425792536579,1617,,,True,ece,,1337
segment,tabpfn,icl,label_noise,0.4,1503163608,train_only,False,high,True,ok,,0.9466089466089466,0.9954596469747984,0.5361937722627733,0.2755490907548228,0.3284430155324997,0.2030839754033827,0.3222311049986838,0.0975862370334706,4.861206913969244,1.7607930533481446,0.3420488880995746,1617,,,True,ece,,1337
spambase,tabpfn,icl,covariate_shift,0.0,1825767378,test_only,False,high,True,ok,,0.9580014482259231,0.987126862393703,0.1358072140748822,0.1959283942627785,0.0081667615558694,0.0652333524341106,0.0072420146047354,0.0122299039673908,0.6381479794962639,0.6388629425103349,0.428782748481677,3220,,,False,,,1337
spambase,tabpfn,icl,covariate_shift,0.05,107084802,test_only,False,low,True,ok,,0.8088341781317886,0.9738649940262843,0.3900866726703987,0.5627761081784606,0.0714832704135591,0.2464936597847291,0.0774541153713511,0.1985264383542355,1.9185778646233715,-0.7468710559347487,0.2790483880927177,3220,,,False,,,1337
spambase,tabpfn,icl,covariate_shift,0.1,594118314,test_only,False,low,True,ok,,0.9051412020275162,0.969984275072036,0.4246944499128097,0.6127045767822769,0.2211026827398998,0.2500662294613605,0.2211026827398997,0.2440026308813532,3.4647439070554493,0.1865687787684058,0.2472337669966769,3220,,,True,ece,,1337
spambase,tabpfn,icl,covariate_shift,0.2,998943320,test_only,False,low,True,ok,,0.8167994207096307,0.963342908848127,0.5659068493693628,0.8164310051902772,0.2274683770104937,0.3770874740582842,0.2274683770104937,0.320224914083265,4.685501312801504,0.2652432450799314,0.1692669542441071,3220,,,True,ece;nll,,1337
spambase,tabpfn,icl,covariate_shift,0.3,1789088455,test_only,False,low,True,ok,,0.4315713251267197,0.9597828378663292,0.6692212572768615,0.9654821891308052,0.3023842559548433,0.4792085734520465,0.3449647933456448,0.3380285222705995,8.072447674741717,-4.029464141253864,0.0505381840920129,3220,,,True,ece;nll,,1337
spambase,tabpfn,icl,covariate_shift,0.4,3507937929,test_only,False,low,True,ok,,0.4685010861694424,0.957085880947361,0.6622445467964939,0.9554169235190608,0.2932268639559725,0.4704642994376115,0.3005102830198704,0.3641324523166221,8.657044542678793,-2.789849321723359,0.0599847714100799,3220,,,True,ece;nll,,1337
spambase,tabpfn,icl,label_noise,0.0,194270041,train_only,False,high,True,ok,,0.9580014482259231,0.987126862393703,0.1358072140748822,0.1959283942627785,0.0081667615558694,0.0652333524341106,0.0072420146047354,0.0122299039673908,0.6381479794962639,0.6388629425103349,0.428782748481677,3220,,,False,,,1337
spambase,tabpfn,icl,label_noise,0.05,4221258498,train_only,False,high,True,ok,,0.9507603186097032,0.987758275353152,0.1505057719637706,0.2171339308372971,0.0437161197508027,0.0759423763613471,0.0373165392656647,0.0433943999825155,1.6592611448605217,-0.6466869794234053,0.4144460409637089,3220,,,False,,,1337
spambase,tabpfn,icl,label_noise,0.1,4129367927,train_only,False,high,True,ok,,0.945691527878349,0.9845232447817838,0.1954534248376009,0.2819796867379706,0.0725389019553024,0.0927296678402452,0.0690008141440854,0.0800013946756053,2.1019451480723683,-0.7132826910818394,0.387335178442925,3220,,,False,,,1337
spambase,tabpfn,icl,label_noise,0.2,2697480714,train_only,False,high,True,ok,,0.946415640839971,0.9868095087497364,0.2890900204167915,0.4170687388257942,0.1683781158539292,0.1396621622169699,0.1659021396288227,0.1701112695218684,3.2555928062021318,-0.5958969527498467,0.3285494293698792,3220,,,True,ece,,1337
spambase,tabpfn,icl,label_noise,0.3,1337986748,train_only,False,high,True,ok,,0.941346850108617,0.9855862147726474,0.4098073138300693,0.5912269793826681,0.2702167594395502,0.2304478562453412,0.261368725148454,0.26681948604172,6.208602732539589,-0.931753708614804,0.2547457569840086,3220,,,True,ece,,1337
spambase,tabpfn,icl,label_noise,0.4,188953274,train_only,False,high,True,ok,,0.8993482983345402,0.9677770749877012,0.5620606096309153,0.8108820541935491,0.320063775012549,0.3706378710078277,0.3200637750125491,0.3302790748850644,11.716887571468508,-0.5710987420090653,0.1663468497353019,3220,,,True,ece;nll,,1337
splice,tabpfn,icl,covariate_shift,0.0,3743988243,test_only,False,high,True,ok,,0.9707419017763844,0.994043576893051,0.1170757507389473,0.1065669408093758,0.0159346707145263,0.0532741421269521,0.0182972804600183,0.0159786301752682,0.8011772421157136,0.8802786526061767,0.4583695207933075,2233,,,False,,,1337
splice,tabpfn,icl,covariate_shift,0.05,12445223,test_only,False,high,True,ok,,0.9655172413793104,0.9942534039233308,0.1135599709844425,0.103366740164645,0.0155922924697101,0.0528458659276958,0.0144639356370204,0.0146993974030327,1.0173971579171912,0.2631617053015929,0.4586877970367267,2233,,,False,,,1337
splice,tabpfn,icl,covariate_shift,0.1,2970821499,test_only,False,high,True,ok,,0.9707419017763844,0.9942346561878298,0.1151799529375272,0.1048413112847702,0.0194647884870379,0.0525644797894863,0.023209393006784,0.0158534382975257,0.8584013243958555,0.8552692036301537,0.4582480638493594,2233,,,False,,,1337
splice,tabpfn,icl,covariate_shift,0.2,2041984416,test_only,False,high,True,ok,,0.9665621734587252,0.9946563298215224,0.1123195901633641,0.1022376968853439,0.0180865861489058,0.0536625867116408,0.0148138005442469,0.0180677008622624,0.9005058780348488,0.5086893849566282,0.4588254151609573,2233,,,False,,,1337
splice,tabpfn,icl,covariate_shift,0.3,1859723882,test_only,False,high,True,ok,,0.96760710553814,0.9938850915432188,0.1233341202924937,0.1122635542717407,0.0200023762245637,0.0573722644331573,0.0271832163733349,0.0177388244180203,0.8355700476451442,0.8769602543034533,0.4553213063444126,2233,,,False,,,1337
splice,tabpfn,icl,covariate_shift,0.4,725870409,test_only,False,high,True,ok,,0.9686520376175548,0.9942829394283288,0.1170541969023525,0.1065473216618229,0.0201071902096844,0.0557925109519632,0.0235422498278382,0.0176072432418729,0.8706403185314547,0.7886123899727274,0.4573111999020645,2233,,,False,,,1337
splice,tabpfn,icl,label_noise,0.0,2601880426,train_only,False,high,True,ok,,0.9707419017763844,0.994043576893051,0.1170757507389473,0.1065669408093758,0.0159346707145263,0.0532741421269521,0.0182972804600183,0.0159786301752682,0.8011772421157136,0.8802786526061767,0.4583695207933075,2233,,,False,,,1337
splice,tabpfn,icl,label_noise,0.05,4175070971,train_only,False,high,True,ok,,0.9644723092998956,0.9938977223988228,0.140573664880489,0.1279556640049165,0.0501177438639262,0.059868037235456,0.0460189590587801,0.0359663382016207,1.6983538906441706,-0.1256404062797733,0.4441248012603121,2233,,,False,,,1337
splice,tabpfn,icl,label_noise,0.1,1032804691,train_only,False,high,True,ok,,0.9644723092998956,0.991865123319708,0.1885176374081322,0.1715961484798968,0.0942769072498614,0.0733400028110231,0.0895878454782554,0.0648445694573983,1.848458706479336,0.2979561993556761,0.4214894135629408,2233,,,False,,,1337
splice,tabpfn,icl,label_noise,0.2,3273239136,train_only,False,high,True,ok,,0.9582027168234064,0.9910757229219463,0.2880100716981179,0.2621580649232348,0.1710277925945144,0.1120302076162337,0.1701199594889191,0.1181338091377113,2.72797925129891,0.2265298811015377,0.3777539325503188,2233,,,True,ece,,1337
splice,tabpfn,icl,label_noise,0.3,2416687004,train_only,False,high,True,ok,,0.9582027168234064,0.9887800578965692,0.4080797146759174,0.3714501638887075,0.2699145348709764,0.1771168405749081,0.2667064863685371,0.1795208568586038,3.4633580374287902,1.0868941430345211,0.3243854716465025,2233,,,True,ece,,1337
splice,tabpfn,icl,label_noise,0.4,1164650923,train_only,False,high,True,ok,,0.962382445141066,0.993153773426998,0.5512113716729684,0.5017342126595209,0.3731190980511692,0.2723638721611733,0.3731190980511692,0.249196673345645,5.712138639023307,2.114865237630569,0.266817104062519,2233,,,True,ece,,1337
steel-plates-fault,tabpfn,icl,covariate_shift,0.0,86817811,test_only,True,low,True,ok,,1.0,1.0,1.4270106775062796e-05,2.0587412277339094e-05,1.426988763841841e-05,8.764502210673801e-10,1.4269887638366231e-05,1.4269887638451262e-05,,,0.4999909697987891,1358,,,False,,,1337
steel-plates-fault,tabpfn,icl,covariate_shift,0.05,3121906520,test_only,True,low,True,ok,,0.346483704974271,0.7128972739793664,0.7996997002790598,1.15372279179299,0.3182188664559046,0.5987942426532045,0.3145556583729141,0.3182188664559046,1.7777779832303495,-1.9895943947910384,-0.108274009190159,1358,,,True,ece;nll,,1337
steel-plates-fault,tabpfn,icl,covariate_shift,0.1,4280151257,test_only,True,low,True,ok,,0.346483704974271,0.7128842805540396,0.718562593403169,1.0366666900710644,0.2540301005979194,0.5261080424972823,0.2501832888753273,0.2540301005979195,2.8159569124506216,-1.6733239543512457,-0.0603239732008486,1358,,,True,ece;nll,,1337
steel-plates-fault,tabpfn,icl,covariate_shift,0.2,831851922,test_only,True,low,True,ok,,0.346483704974271,0.6919518723525895,0.8305456057053294,1.1982240265831992,0.32309622585687,0.6298994436041752,0.32309622585687,0.32309622585687,2.532632245004099,-2.546694814974489,-0.1299307420767868,1358,,,True,ece;nll,,1337
steel-plates-fault,tabpfn,icl,covariate_shift,0.3,22531608,test_only,True,low,True,ok,,0.346483704974271,0.7073101010888491,0.7631770528850284,1.1010317495174846,0.2733525761294349,0.5679454158619379,0.2733525761294348,0.2733525761294348,2.733393710394628,-2.074998595588498,-0.0854489489538945,1358,,,True,ece;nll,,1337
steel-plates-fault,tabpfn,icl,covariate_shift,0.4,1242730205,test_only,True,low,True,ok,,0.346483704974271,0.6819599282762923,0.7965358820669344,1.1491583669480825,0.3019775843817566,0.5989091732823889,0.2994573418184935,0.3019775843817566,2.508726430904828,-2.2508525321507804,-0.1144844963179331,1358,,,True,ece;nll,,1337
steel-plates-fault,tabpfn,icl,label_noise,0.0,2624551516,train_only,True,low,True,ok,,1.0,1.0,1.4270106775062796e-05,2.0587412277339094e-05,1.426988763841841e-05,8.764502210673801e-10,1.4269887638366231e-05,1.4269887638451262e-05,,,0.4999909697987891,1358,,,False,,,1337
steel-plates-fault,tabpfn,icl,label_noise,0.05,2572011518,train_only,True,low,True,ok,,1.0,1.0,0.0383314459840157,0.0553005870312427,0.037554293604133,0.003019239721571,0.037554293604133,0.037554293604133,,,0.4758989651698005,1358,,,False,,,1337
steel-plates-fault,tabpfn,icl,label_noise,0.1,176476089,train_only,True,low,True,ok,,1.0,1.0,0.0871308113655704,0.1257031894657402,0.0832373340174805,0.0146084563144068,0.0832373340174803,0.0832373340174803,,,0.4456415763567818,1358,,,False,,,1337
steel-plates-fault,tabpfn,icl,label_noise,0.2,2161537959,train_only,True,low,True,ok,,1.0,1.0,0.2000085241413264,0.2885513059142121,0.1807184521792894,0.0671307615714425,0.1807184521792894,0.1807184521792895,,,0.3772909177898784,1358,,,True,ece,,1337
steel-plates-fault,tabpfn,icl,label_noise,0.3,4087749214,train_only,True,low,True,ok,,1.0,1.0,0.3378940939174846,0.4874781336404247,0.2860542372506057,0.1655729091761878,0.2860542372506057,0.2860542372506056,,,0.2965457124577514,1358,,,True,ece,,1337
steel-plates-fault,tabpfn,icl,label_noise,0.4,1255314253,train_only,True,low,True,ok,,0.9897084048027444,0.9995972038148696,0.54604498928954,0.7877763981502865,0.408756457166112,0.3550726726582962,0.4087564571661121,0.3619517337796356,39.98489856306398,0.318727323383078,0.1802310711773077,1358,,,True,ece;nll,,1337
texture,tabpfn,icl,covariate_shift,0.0,3495881788,test_only,True,medium,True,ok,,1.0,1.0,0.0002780227254015,0.0001159444820445,0.0002665674179824,3.3582143312799505e-05,0.0002665674179822,4.846680326948892e-05,,,0.4999119031717901,3850,,,False,,,1337
texture,tabpfn,icl,covariate_shift,0.05,3893973703,test_only,True,low,True,ok,,1.0,1.0,0.0008519266562834,0.0003552810107879,0.0007745208088256,0.0002345765665842,0.0007745208088256,0.000140821965241,,,0.4997385115349985,3850,,,False,,,1337
texture,tabpfn,icl,covariate_shift,0.1,2149180802,test_only,True,low,True,ok,,0.9975757575757576,0.9999983838383838,0.0071800472261776,0.0029943122652719,0.0027436394632324,0.0035056051571979,0.0025742442300542,0.0009595589744097,2.262988290204365,-0.4409292406735414,0.4981887764075699,3850,,,False,,,1337
texture,tabpfn,icl,covariate_shift,0.2,3147625541,test_only,True,low,True,ok,,0.8896969696969697,0.9979963636363638,0.2787433868338972,0.1162450212050339,0.0233305643814939,0.1565224033497074,0.0222129563920878,0.0227484760567155,0.7220111297545855,0.189955102940033,0.4432136534894638,3850,,,False,,,1337
texture,tabpfn,icl,covariate_shift,0.3,4272755883,test_only,True,low,True,ok,,0.5709090909090909,0.9672577777777778,1.564708972679404,0.6525343247594676,0.2322739525947001,0.6028239235582566,0.2323121456206058,0.0641160931380162,0.5574797147319523,-1.09200306834731,0.1819614979118055,3850,,,True,ece,,1337
texture,tabpfn,icl,covariate_shift,0.4,3542364231,test_only,True,low,True,ok,,0.4139393939393939,0.8971608080808081,3.0935425235950342,1.290107436587435,0.323917065566812,0.9295171032692702,0.3311588588524395,0.0927683789268782,0.2080277224343223,-0.7933393153781896,-0.0757184521704009,3850,,,True,ece;nll,,1337
texture,tabpfn,icl,label_noise,0.0,554677962,train_only,True,medium,True,ok,,1.0,1.0,0.0002780227254015,0.0001159444820445,0.0002665674179824,3.3582143312799505e-05,0.0002665674179822,4.846680326948892e-05,,,0.4999119031717901,3850,,,False,,,1337
texture,tabpfn,icl,label_noise,0.05,1332815366,train_only,True,medium,True,ok,,1.0,1.0,0.0303568296177396,0.0126597812515443,0.0298469258407505,0.0011448034826551,0.0298469258407504,0.0054267137892273,,,0.4902326804563866,3850,,,False,,,1337
texture,tabpfn,icl,label_noise,0.1,1233024897,train_only,True,medium,True,ok,,1.0,1.0,0.0694118559693867,0.0289469922881086,0.0669786150774354,0.0052174687031477,0.0669786150774355,0.0121779300140791,,,0.4779201792980803,3850,,,False,,,1337
texture,tabpfn,icl,label_noise,0.2,2134613745,train_only,True,medium,True,ok,,1.0,1.0,0.1593874310985214,0.0664697215539836,0.1472422875386671,0.024238053766671,0.147242287538667,0.0267713250070303,,,0.4506106260260714,3850,,,True,ece,,1337
texture,tabpfn,icl,label_noise,0.3,2367338198,train_only,True,medium,True,ok,,1.0,1.0,0.2673742109354415,0.111503706591578,0.2343689055253359,0.0611919724216478,0.2343689055253358,0.0426125282773338,,,0.4196751069174594,3850,,,True,ece,,1337
texture,tabpfn,icl,label_noise,0.4,4115342232,train_only,True,medium,True,ok,,1.0,1.0,0.4034823927298721,0.1682652271377155,0.3315777084331234,0.1221694679822184,0.3315777084331233,0.0602868560787497,,,0.3832048901720606,3850,,,True,ece,,1337
tic-tac-toe,tabpfn,icl,covariate_shift,0.0,541406498,test_only,True,low,True,ok,,0.9965277777777778,1.0,0.0126617866911108,0.0182670968680594,0.0109425915392918,0.0049041453278808,0.0072653794235007,0.0109425915392919,39.21755744740614,-7.041205602085881,0.4918105192983904,670,,,False,,,1337
tic-tac-toe,tabpfn,icl,covariate_shift,0.05,3875828498,test_only,True,low,True,ok,,1.0,1.0,0.0109715012971446,0.0158285305124974,0.0095287933436437,0.0041695799373273,0.0095287933436436,0.0095287933436436,,,0.493345682177522,670,,,False,,,1337
tic-tac-toe,tabpfn,icl,covariate_shift,0.1,411048569,test_only,True,low,True,ok,,1.0,1.0,0.0110499051671879,0.0159416433869954,0.0095797482304133,0.0042390259184278,0.0095797482304133,0.0095797482304133,,,0.4933015573378187,670,,,False,,,1337
tic-tac-toe,tabpfn,icl,covariate_shift,0.2,1393926847,test_only,True,low,True,ok,,0.9965277777777778,1.0,0.0107427473823373,0.0154985083740209,0.0093219701698332,0.0040172675328806,0.0058342534313806,0.0093219701698334,18.606499898396727,-2.3386808650222872,0.4929652201204937,670,,,False,,,1337
tic-tac-toe,tabpfn,icl,covariate_shift,0.3,2199827629,test_only,True,low,True,ok,,0.9965277777777778,1.0,0.0122590991193819,0.0176861415052986,0.007106913769239,0.0052437490917155,0.0061486756707246,0.0102788801893606,2.955923832527573,-0.6220279849789784,0.4927519414612292,670,,,False,,,1337
tic-tac-toe,tabpfn,icl,covariate_shift,0.4,3896321736,test_only,True,low,True,ok,,0.9965277777777778,1.0,0.0113038287760804,0.0163079777183092,0.0063277353462615,0.0045600506337782,0.0060398838205841,0.0096527365794155,4.124362396205867,-0.3471336674153064,0.4933212262819215,670,,,False,,,1337
tic-tac-toe,tabpfn,icl,label_noise,0.0,206959428,train_only,True,low,True,ok,,0.9965277777777778,1.0,0.0126617866911108,0.0182670968680594,0.0109425915392918,0.0049041453278808,0.0072653794235007,0.0109425915392919,39.21755744740614,-7.041205602085881,0.4918105192983904,670,,,False,,,1337
tic-tac-toe,tabpfn,icl,label_noise,0.05,1644567891,train_only,True,low,True,ok,,0.9930555555555556,1.0,0.065313138399178,0.0942269408733886,0.0588157636839537,0.0134182992522593,0.0509745433964671,0.0588157636839536,30.77881405450891,-38.45973387693634,0.4589270983345259,670,,,False,,,1337
tic-tac-toe,tabpfn,icl,label_noise,0.1,2752088913,train_only,True,low,True,ok,,0.9930555555555556,1.0,0.1184998519874301,0.1709591488083416,0.1086548436522419,0.0297018260950492,0.0987838896474921,0.1086548436522418,31.04248534299056,-30.901960989756347,0.4259396199603824,670,,,True,ece,,1337
tic-tac-toe,tabpfn,icl,label_noise,0.2,2412622427,train_only,True,low,True,ok,,0.9930555555555556,0.9948936170212768,0.2248723326940354,0.324422199210818,0.1867997414636708,0.0836537393023952,0.1867997414636708,0.1867997414636708,21.30722277125454,-24.37921626633969,0.3624844912348006,670,,,True,ece,,1337
tic-tac-toe,tabpfn,icl,label_noise,0.3,1360297274,train_only,True,low,True,ok,,0.9930555555555556,0.9904255319148936,0.3581444114960151,0.5166931663873974,0.2889669490354579,0.1826450886084797,0.288966949035458,0.2889669490354579,-5.364601579840393,9.843788917893766,0.2828059297802352,670,,,True,ece,,1337
tic-tac-toe,tabpfn,icl,label_noise,0.4,3116259143,train_only,True,low,True,ok,,0.65625,0.7701595744680851,0.6507528825621741,0.9388379565166466,0.2302581905788994,0.4578753851221853,0.2614026144843692,0.2337086368236426,14.996334070889912,-2.3407467440835203,0.0402903259930559,670,,,True,ece;nll,,1337
vehicle,tabpfn,icl,covariate_shift,0.0,3470424581,test_only,True,low,True,ok,,0.8937007874015748,0.978643498770966,0.2559911781503002,0.1846586016143806,0.034337602845351,0.1603780672115407,0.0350090725978741,0.0312711799493787,0.8022703578467062,0.4735432784220146,0.4143152416266898,592,,,False,,,1337
vehicle,tabpfn,icl,covariate_shift,0.05,3553204091,test_only,True,low,True,ok,,0.8149606299212598,0.9565968487854084,0.3471167091010256,0.2503917774148733,0.0496589399729766,0.2244010334667767,0.0526947564253205,0.0384506843088003,1.0479399325471648,-0.119055413303049,0.3720036703440246,592,,,False,,,1337
vehicle,tabpfn,icl,covariate_shift,0.1,1908264912,test_only,True,low,True,ok,,0.6968503937007874,0.9404087441990572,0.5387438916770498,0.3886215704158504,0.0714907944949051,0.3440615114561974,0.0761347710179534,0.0837697115031594,1.02625665769065,-0.4713461829106311,0.3027859895010519,592,,,False,,,1337
vehicle,tabpfn,icl,covariate_shift,0.2,1096574387,test_only,True,low,True,ok,,0.5866141732283464,0.922305741896126,0.7939279749817785,0.5726979761646144,0.1519187501898985,0.4800251464412002,0.1427600379155499,0.1181093952592506,1.2004813976673423,-0.8327671816938521,0.208605992760532,592,,,True,ece,,1337
vehicle,tabpfn,icl,covariate_shift,0.3,4141116249,test_only,True,low,True,ok,,0.5275590551181102,0.8746689635765277,1.011015056627141,0.7292932042300254,0.0975320697364927,0.5774486624031422,0.1113969993982116,0.1384366656646111,1.098096801269381,-0.2797715136540109,0.146973620303195,592,,,False,,,1337
vehicle,tabpfn,icl,covariate_shift,0.4,2751810767,test_only,True,low,True,ok,,0.4645669291338583,0.8242771837604905,1.2149982747694372,0.8764359928492567,0.0954231524721302,0.6591688793671706,0.1116309426729794,0.1474904616293128,1.1342859029368877,-0.2843822275706561,0.0761666253370473,592,,,True,nll,,1337
vehicle,tabpfn,icl,label_noise,0.0,3155466066,train_only,True,low,True,ok,,0.8937007874015748,0.978643498770966,0.2559911781503002,0.1846586016143806,0.034337602845351,0.1603780672115407,0.0350090725978741,0.0312711799493787,0.8022703578467062,0.4735432784220146,0.4143152416266898,592,,,False,,,1337
vehicle,tabpfn,icl,label_noise,0.05,3138516533,train_only,True,low,True,ok,,0.8582677165354331,0.974315056326383,0.3326306811085416,0.2399423170414056,0.0687625901620735,0.1977869109427447,0.0830779813135483,0.0592523196610862,1.722250717721311,0.1208324910045876,0.3840152140497125,592,,,False,,,1337
vehicle,tabpfn,icl,label_noise,0.1,490820170,train_only,True,low,True,ok,,0.8700787401574803,0.9717778245639156,0.3642261861502794,0.2627336562604543,0.107656435516168,0.2005979699746884,0.1076564355161681,0.0661435432802534,1.829910209779152,0.4118442177491844,0.3702826656396225,592,,,True,ece,,1337
vehicle,tabpfn,icl,label_noise,0.2,3601492056,train_only,True,low,True,ok,,0.8543307086614174,0.9647247314001586,0.4849427366431194,0.3498122406350755,0.1724024935039211,0.246242478027719,0.1716352243318734,0.0939486525060405,2.195540781069037,0.9076895294427058,0.3263790913979612,592,,,True,ece,,1337
vehicle,tabpfn,icl,label_noise,0.3,131445175,train_only,True,low,True,ok,,0.7755905511811023,0.9451672002991608,0.6650589477216919,0.4797386228884587,0.2235845053033835,0.3466010561192184,0.2294943161383605,0.1269778298946329,4.882667971409933,2.167523690118329,0.2585086148546573,592,,,True,ece,,1337
vehicle,tabpfn,icl,label_noise,0.4,1293278575,train_only,True,low,True,ok,,0.7362204724409449,0.9137028972561648,0.8189174590761824,0.5907240785532996,0.2629921147884627,0.4279437272320073,0.2629921147884626,0.1578226500190152,3.68613010646668,2.3684718154488245,0.2004134383821169,592,,,True,ece,,1337
vowel,tabpfn,icl,covariate_shift,0.0,1866258606,test_only,True,low,True,ok,,0.9966329966329966,0.9999875296171592,0.0164501106994812,0.0068602290041982,0.0102768526025987,0.0092596362044436,0.0054811303432288,0.0020434228633788,0.7873658689914216,1.5144449102315547,0.495377145639176,693,,,False,,,1337
vowel,tabpfn,icl,covariate_shift,0.05,1931949521,test_only,True,low,True,ok,,0.9764309764309764,0.9997131811946628,0.0556230301779153,0.023196605293359,0.0095433967939467,0.0326892665397396,0.0064350876389795,0.0062528413391239,1.5090945722722304,-0.5050789797436555,0.4874965989359813,693,,,False,,,1337
vowel,tabpfn,icl,covariate_shift,0.1,1364977509,test_only,True,low,True,ok,,0.925925925925926,0.9977179199401424,0.2003057115896522,0.083533969920168,0.0556599871329379,0.1100956019637298,0.0432583090248972,0.0189706137918611,1.522884637983953,-0.0796274522421087,0.4518979724653006,693,,,False,,,1337
vowel,tabpfn,icl,covariate_shift,0.2,746878529,test_only,True,low,True,ok,,0.6868686868686869,0.974385833645093,0.7326598033290708,0.3055428698827404,0.0609402525667213,0.4008228551739184,0.1047510116967684,0.0440510333168565,1.433341728864849,0.1395689596710183,0.3402144333279192,693,,,False,,,1337
vowel,tabpfn,icl,covariate_shift,0.3,4185163611,test_only,True,low,True,ok,,0.4579124579124579,0.9395311136051876,1.208994679462197,0.5041899423953101,0.1066655386617675,0.6068787439532562,0.0989998010804432,0.0615917112078042,1.7684381604223098,0.2237651662159391,0.2249326679977378,693,,,True,ece,,1337
vowel,tabpfn,icl,covariate_shift,0.4,2043120963,test_only,True,low,True,ok,,0.4006734006734007,0.9069834143908218,1.579703095780221,0.6587873597735108,0.0673547115383006,0.726496569549934,0.105188074617435,0.071325155207735,1.360204307351673,0.5482245692169113,0.1664380548980843,693,,,False,,,1337
vowel,tabpfn,icl,label_noise,0.0,475510805,train_only,True,low,True,ok,,0.9966329966329966,0.9999875296171592,0.0164501106994812,0.0068602290041982,0.0102768526025987,0.0092596362044436,0.0054811303432288,0.0020434228633788,0.7873658689914216,1.5144449102315547,0.495377145639176,693,,,False,,,1337
vowel,tabpfn,icl,label_noise,0.05,1595424126,train_only,True,low,True,ok,,0.9932659932659932,0.9999376480857962,0.0704229538870299,0.0293686528706675,0.0525044227066121,0.0194609491424073,0.0513373196442835,0.010481618429405,1.9691577005511225,1.0456753819221234,0.4796565954174049,693,,,False,,,1337
vowel,tabpfn,icl,label_noise,0.1,3172477238,train_only,True,low,True,ok,,0.9696969696969696,0.9998503554059108,0.1481836480215812,0.0617973811044088,0.0885807369266357,0.0507606128250764,0.0755616808794978,0.0197667929358686,2.7105857480742306,-0.160037250716899,0.4591468081299644,693,,,False,,,1337
vowel,tabpfn,icl,label_noise,0.2,2336268415,train_only,True,low,True,ok,,0.9696969696969696,0.999301658560918,0.2807545325091654,0.1170837340954935,0.1820191681245059,0.0905063837469894,0.1815004732010907,0.0364677618914146,2.588155834265635,1.3261910880624128,0.4236811720973175,693,,,True,ece,,1337
vowel,tabpfn,icl,label_noise,0.3,2229530654,train_only,True,low,True,ok,,0.9461279461279462,0.996820052375608,0.5147360034785227,0.2146615864828074,0.2918311409499126,0.2027656389071371,0.2918311409499125,0.0561277044424031,1.5442154666288583,2.4108675929728127,0.3680415061158298,693,,,True,ece,,1337
vowel,tabpfn,icl,label_noise,0.4,999828588,train_only,True,low,True,ok,,0.8754208754208754,0.982815812445442,0.829838154852428,0.346069390213192,0.3445436485594078,0.339322403249564,0.3445436485594077,0.0697044071817253,2.3407731424631515,2.602738911225837,0.3025691188931968,693,,,True,ece,,1337
wall-robot-navigation,tabpfn,icl,covariate_shift,0.0,2513726313,test_only,True,low,True,ok,,0.9853390348197923,0.9994031346471036,0.044311768167825,0.0319641840943713,0.0041382827181819,0.0205123240247838,0.0019776689770398,0.0059887268321328,1.1805030451486571,-0.3287409778874928,0.4871750405775072,3819,,,False,,,1337
wall-robot-navigation,tabpfn,icl,covariate_shift,0.05,2655183544,test_only,True,low,True,ok,,0.4520464263897373,0.8856156841700606,2.3541297611558245,1.698145666014314,0.4398125937533228,0.950846759818688,0.4390354970282553,0.2490044662387199,0.2893639032919014,-1.2093338970619367,-0.2196337651369769,3819,,,True,ece;nll,,1337
wall-robot-navigation,tabpfn,icl,covariate_shift,0.1,4223478959,test_only,True,low,True,ok,,0.2357971899816738,0.7653971865274609,3.791948298383948,2.7353125026929326,0.6319073948238276,1.2884537295481715,0.6319073948238276,0.3453737532517537,0.0905000233076077,-1.4303973950927924,-0.6437166359907829,3819,,,True,ece;nll,,1337
wall-robot-navigation,tabpfn,icl,covariate_shift,0.2,1067186599,test_only,True,low,True,ok,,0.0598656078191814,0.5923053514479786,4.965341323538252,3.581736651894839,0.8725963515207545,1.7162331124027472,0.8725963515207545,0.4410819855313059,1.954724736593423,-10.200891332698705,-1.0327535516929327,3819,,,True,ece;nll,,1337
wall-robot-navigation,tabpfn,icl,covariate_shift,0.3,1236715989,test_only,True,low,True,ok,,0.0598656078191814,0.534083306767262,4.763441652207011,3.436096824601493,0.9029052373734742,1.7794449915654806,0.9029052373734742,0.451452618686737,0.5742006334341148,-4.821496683588866,-1.0155010963137237,3819,,,True,ece;nll,,1337
wall-robot-navigation,tabpfn,icl,covariate_shift,0.4,1240163210,test_only,True,low,True,ok,,0.0598656078191814,0.5009909313294294,4.5274987565977804,3.265900001887283,0.9006970080353786,1.776072619481367,0.9006970080353787,0.4503485040176893,0.2555380492379143,-3.614387877081048,-0.9755827350350832,3819,,,True,ece;nll,,1337
wall-robot-navigation,tabpfn,icl,label_noise,0.0,4267616574,train_only,True,low,True,ok,,0.9853390348197923,0.9994031346471036,0.044311768167825,0.0319641840943713,0.0041382827181819,0.0205123240247838,0.0019776689770398,0.0059887268321328,1.1805030451486571,-0.3287409778874928,0.4871750405775072,3819,,,False,,,1337
wall-robot-navigation,tabpfn,icl,label_noise,0.05,2030284251,train_only,True,low,True,ok,,0.9816737935247404,0.99953683519191,0.0735224321774252,0.0530352241482332,0.0407806351165223,0.0244739056064291,0.0332714593139078,0.0214178284260003,2.4923134354208467,-1.4081792221171,0.4730222670781051,3819,,,False,,,1337
wall-robot-navigation,tabpfn,icl,label_noise,0.1,2439228137,train_only,True,low,True,ok,,0.9822846670739156,0.9990236681706082,0.122026594064287,0.0880235810565587,0.0733104627178121,0.0354739983615511,0.0724602965528857,0.0392652722702442,2.2674979716185306,-0.2452267202033842,0.4559318170602701,3819,,,False,,,1337
wall-robot-navigation,tabpfn,icl,label_noise,0.2,514055260,train_only,True,low,True,ok,,0.9804520464263896,0.9964551401558486,0.2268211378347972,0.1636168653615269,0.161319388432543,0.0668038248032386,0.161319388432543,0.0836383665010767,3.2822081609588505,-0.176615067698796,0.4144781687235387,3819,,,True,ece,,1337
wall-robot-navigation,tabpfn,icl,label_noise,0.3,2328665803,train_only,True,low,True,ok,,0.9773976786805132,0.9958654076231396,0.3532185121659243,0.2547932979259785,0.258519102317084,0.1251673632283776,0.2585191023170839,0.1314595513518277,4.132495268074801,0.7874849283868869,0.3670207346289654,3819,,,True,ece,,1337
wall-robot-navigation,tabpfn,icl,label_noise,0.4,1509544406,train_only,True,low,True,ok,,0.9755650580329872,0.9985082202667525,0.5123126968129609,0.3695554935382548,0.3624259722889137,0.2173383104963992,0.3624259722889136,0.1819803359031399,4.49031608569786,2.2622624605843784,0.3124607932790522,3819,,,True,ece,,1337
wdbc,tabpfn,icl,covariate_shift,0.0,2421628157,test_only,True,low,True,ok,,0.9766081871345028,0.998393691588785,0.0611295640433795,0.0881913188970879,0.019193957637268,0.0361033886456136,0.0132247189082588,0.0252382031278155,1.6049473784425232,-0.0713304223663206,0.4656328329296701,398,,,False,,,1337
wdbc,tabpfn,icl,covariate_shift,0.05,4138892912,test_only,True,low,True,ok,,0.9181286549707602,0.9962032710280374,0.1605786776762939,0.2316660619560965,0.0262227316083904,0.1046509998842956,0.0261888786344218,0.0950275277690934,1.3388511649482706,-0.3925972465139769,0.41164607819692,398,,,False,,,1337
wdbc,tabpfn,icl,covariate_shift,0.1,2774966920,test_only,True,low,True,ok,,0.7719298245614035,0.9938668224299064,0.5663987802184981,0.8171407113867851,0.1583708473540388,0.3664415264572424,0.1539105856115437,0.2578365010222726,0.3954293690816208,-0.0830630897518381,0.1868264786478344,398,,,True,ece;nll,,1337
wdbc,tabpfn,icl,covariate_shift,0.2,1272434646,test_only,True,low,True,ok,,0.4385964912280701,0.9910922897196262,1.927590390855634,2.780925097752642,0.4775149368552063,0.9124624226317912,0.4722396601225019,0.516077393391533,0.4843546847718885,-3.2399628299889,-0.5171087416107542,398,,,True,ece;nll,,1337
wdbc,tabpfn,icl,covariate_shift,0.3,1100465042,test_only,True,low,True,ok,,0.3859649122807017,0.9782418224299064,3.79814253632564,5.47956140174643,0.6015179129440066,1.1837066797396538,0.5958681396140646,0.605994843606909,0.8960769697078725,-8.572885077746724,-1.3638926284201578,398,,,True,ece;nll,,1337
wdbc,tabpfn,icl,covariate_shift,0.4,701486470,test_only,True,low,True,ok,,0.3742690058479532,0.8956629672897196,5.186582780917512,7.482657257189783,0.6211600286630646,1.2342339073194968,0.6211600286630649,0.6211600286630647,1.3380164247710271,-14.16919614641984,-1.9994067934609527,398,,,True,ece;nll,,1337
wdbc,tabpfn,icl,label_noise,0.0,1243199950,train_only,True,low,True,ok,,0.9766081871345028,0.998393691588785,0.0611295640433795,0.0881913188970879,0.019193957637268,0.0361033886456136,0.0132247189082588,0.0252382031278155,1.6049473784425232,-0.0713304223663206,0.4656328329296701,398,,,False,,,1337
wdbc,tabpfn,icl,label_noise,0.05,3522993677,train_only,True,low,True,ok,,0.9824561403508772,0.993428738317757,0.1023622438325974,0.1476775015515551,0.0551353326081057,0.0403585753920377,0.0593074062319763,0.0600100883726709,1.4378675514104495,0.8848781990466376,0.4397381624767587,398,,,False,,,1337
wdbc,tabpfn,icl,label_noise,0.1,2670448769,train_only,True,low,True,ok,,0.9649122807017544,0.9948890186915887,0.1616514410296237,0.2332137323259929,0.1012288323980889,0.0700088780773902,0.0829729482150909,0.1049169424645392,2.0899253000279105,-0.0655174540057069,0.4027381124699035,398,,,True,ece,,1337
wdbc,tabpfn,icl,label_noise,0.2,3273237588,train_only,True,low,True,ok,,0.9649122807017544,0.9896320093457944,0.2610460366099817,0.3766098224609394,0.16968501104757,0.1204241037508022,0.1696850110475701,0.1796653213369085,2.6673027849265,0.3042404371240565,0.3441880964284953,398,,,True,ece,,1337
wdbc,tabpfn,icl,label_noise,0.3,3655081713,train_only,True,low,True,ok,,0.9473684210526316,0.978679906542056,0.3806147933587239,0.5491110748676086,0.2460094495608245,0.2075949603805487,0.2450242708839925,0.2456225831677943,4.026929012369116,0.1796152878211812,0.2707080180751668,398,,,True,ece,,1337
wdbc,tabpfn,icl,label_noise,0.4,3566490672,train_only,True,low,True,ok,,0.6666666666666666,0.8414135514018691,0.6270255504066671,0.9046066520823712,0.0938366459679226,0.4351341437274964,0.2075824437856167,0.1278896884049776,7.907846759644602,-1.5820187288611791,0.1043454181723582,398,,,True,nll,,1337
GesturePhaseSegmentation,tabpfn,icl,covariate_shift,0.0,398996477,test_only,True,low,True,ok,,0.8045239702903444,0.956616376618487,0.5681929799109844,0.3530381479902223,0.0636024708047867,0.2899412150005664,0.0632529784733931,0.0266088721033885,1.1354258366878929,0.3974823970803767,0.336862388801998,6911,,,False,,,2025
GesturePhaseSegmentation,tabpfn,icl,covariate_shift,0.05,3698781570,test_only,True,low,True,ok,,0.4510465901417961,0.8151126815006119,1.3550521060910754,0.8419412116629625,0.1221193237906113,0.6729745845710817,0.1233371170930782,0.0983708163568374,1.230668636335213,-0.6262863180847047,0.0759401987894725,6911,,,True,ece;nll,,2025
GesturePhaseSegmentation,tabpfn,icl,covariate_shift,0.1,2464845782,test_only,True,low,True,ok,,0.3760972316002701,0.742094297338845,1.826665878124024,1.1349713238464665,0.2114031271579085,0.8014187170902088,0.2114031271579086,0.1292648697032911,1.22196052799253,-1.0647688498237933,-0.0666244337768854,6911,,,True,ece;nll,,2025
GesturePhaseSegmentation,tabpfn,icl,covariate_shift,0.2,3537203490,test_only,True,low,True,ok,,0.336934503713707,0.6447736110761976,2.7687087505199,1.7202954703189068,0.2797551749207522,0.9108182002398356,0.2779668642891193,0.1627380591604226,1.040076997982486,-1.2494299231228991,-0.2958287366460972,6911,,,True,ece;nll,,2025
GesturePhaseSegmentation,tabpfn,icl,covariate_shift,0.3,3380700083,test_only,True,low,True,ok,,0.3176907494935854,0.6146273682568417,3.198605379672775,1.987405264261006,0.3254635679801959,0.9600373611673482,0.3249342930318231,0.1761413099328971,0.6355061409901013,-1.1813487738180115,-0.3985411015604085,6911,,,True,ece;nll,,2025
GesturePhaseSegmentation,tabpfn,icl,covariate_shift,0.4,1773448466,test_only,True,low,True,ok,,0.2974341661039838,0.5938051732990128,3.5163518699517056,2.184832259005012,0.3431670536635476,0.9779490592541284,0.3431670536635476,0.1840738693353337,0.7783219132777884,-1.365396052202304,-0.471636152863961,6911,,,True,ece;nll,,2025
GesturePhaseSegmentation,tabpfn,icl,label_noise,0.0,3631406774,train_only,True,low,True,ok,,0.8045239702903444,0.956616376618487,0.5681929799109844,0.3530381479902223,0.0636024708047867,0.2899412150005664,0.0632529784733931,0.0266088721033885,1.1354258366878929,0.3974823970803767,0.336862388801998,6911,,,False,,,2025
GesturePhaseSegmentation,tabpfn,icl,label_noise,0.05,3286453530,train_only,True,low,True,ok,,0.7829169480081026,0.945754272634274,0.6521362418074262,0.4051950291273684,0.1001793250454599,0.3278244201382682,0.1001793250454599,0.0405073696328858,1.355958543342085,0.5192154259532495,0.3068571638759087,6911,,,True,ece,,2025
GesturePhaseSegmentation,tabpfn,icl,label_noise,0.1,1004749516,train_only,True,low,True,ok,,0.7643484132343011,0.9373760465311348,0.7283726945715125,0.4525634005165989,0.1320753714630355,0.3655700129339724,0.1320753714630355,0.053434907719333,1.4173972460466824,0.679922736723557,0.2805497838234556,6911,,,True,ece,,2025
GesturePhaseSegmentation,tabpfn,icl,label_noise,0.2,1911474622,train_only,True,low,True,ok,,0.7143821742066172,0.9175672594828216,0.8699035794380716,0.5405014836033263,0.1684523259751714,0.4324233049743661,0.1684523259751714,0.0715236378729195,1.8159789433476912,0.906577620273847,0.2324649566739479,6911,,,True,ece,,2025
GesturePhaseSegmentation,tabpfn,icl,label_noise,0.3,2662566235,train_only,True,low,True,ok,,0.6694800810263336,0.8886781123599589,1.041697805738321,0.6472432379593109,0.2192795004132539,0.5231395875737137,0.219279500413254,0.0885301413594865,2.098442668069141,1.3547810833336162,0.1734304800094915,6911,,,True,ece,,2025
GesturePhaseSegmentation,tabpfn,icl,label_noise,0.4,3744672515,train_only,True,low,True,ok,,0.6147873058744092,0.8554002027199372,1.189527948871779,0.7390952702690761,0.239062850489044,0.6001465821402721,0.2390628504890441,0.1070431031374564,2.4760745647030413,1.899396431328936,0.1220670156546077,6911,,,True,ece,,2025
MiceProtein,tabpfn,icl,covariate_shift,0.0,1785611903,test_only,True,low,True,ok,,1.0,1.0,0.0003258930212204,0.0001567214151917,0.0003204297316244,1.5027644141654024e-05,0.0003204297316246,8.010743290615133e-05,,,0.4998888976291176,756,,,False,,,2025
MiceProtein,tabpfn,icl,covariate_shift,0.05,33373699,test_only,True,low,True,ok,,1.0,1.0,0.0006244369741939,0.0003002907086724,0.0006046318662237,7.373960382372226e-05,0.0006046318662238,0.0001511579665559,,,0.4997889864141535,756,,,False,,,2025
MiceProtein,tabpfn,icl,covariate_shift,0.1,531508181,test_only,True,low,True,ok,,1.0,1.0,0.0086664307278409,0.0041676722110879,0.0078190718876297,0.0024977232011183,0.0078190718876297,0.0019547679719074,,,0.4971858839591476,756,,,False,,,2025
MiceProtein,tabpfn,icl,covariate_shift,0.2,1379684101,test_only,True,low,True,ok,,0.984567901234568,0.99980350103909,0.0886683708553494,0.0426404729722387,0.0546848515847338,0.0317527453497275,0.0534224067174951,0.0164989523265578,2.377305217664799,0.3984587436307734,0.4738872983402483,756,,,False,,,2025
MiceProtein,tabpfn,icl,covariate_shift,0.3,553584585,test_only,True,low,True,ok,,0.9629629629629628,0.9989454436900196,0.2548623805717211,0.1225628975199926,0.1547046672201242,0.1045254737727867,0.1547046672201242,0.044582586541842,2.6807195751851407,1.0133073107115207,0.4263655470359286,756,,,True,ece,,2025
MiceProtein,tabpfn,icl,covariate_shift,0.4,1937445090,test_only,True,low,True,ok,,0.8240740740740741,0.9966914013621738,0.5374900248890534,0.2584780644782409,0.1671524484303592,0.2811823118000831,0.1765213524289375,0.0774587147536805,2.5201947424301947,0.6021897378551051,0.3614791925583278,756,,,True,ece,,2025
MiceProtein,tabpfn,icl,label_noise,0.0,3669629385,train_only,True,low,True,ok,,1.0,1.0,0.0003258930212204,0.0001567214151917,0.0003204297316244,1.5027644141654024e-05,0.0003204297316246,8.010743290615133e-05,,,0.4998888976291176,756,,,False,,,2025
MiceProtein,tabpfn,icl,label_noise,0.05,3942978390,train_only,True,low,True,ok,,1.0,1.0,0.0462888917374524,0.0222602515192895,0.0442802024118156,0.0054997587419621,0.0442802024118156,0.0110700506029539,,,0.48446588406185,756,,,False,,,2025
MiceProtein,tabpfn,icl,label_noise,0.1,4082940105,train_only,True,low,True,ok,,1.0,1.0,0.0851173244934214,0.0409327806467986,0.080866646715539,0.0095582818057781,0.080866646715539,0.0202166616788847,,,0.4715468364628525,756,,,False,,,2025
MiceProtein,tabpfn,icl,label_noise,0.2,1814901402,train_only,True,low,True,ok,,0.9938271604938272,1.0,0.1955050934784331,0.0940180762766229,0.1692654868178821,0.0424510505338372,0.166615479525963,0.0434071817872773,26.69474667839286,0.9620323159022318,0.4370155538275106,756,,,True,ece,,2025
MiceProtein,tabpfn,icl,label_noise,0.3,941447268,train_only,True,low,True,ok,,0.9969135802469136,0.9999449521083342,0.3635744423464485,0.1748423483223972,0.2934961519119607,0.1170619821265137,0.2934961519119607,0.0739010034780382,4.983324889180703,4.524428720873509,0.3883658353958426,756,,,True,ece,,2025
MiceProtein,tabpfn,icl,label_noise,0.4,2480058757,train_only,True,low,True,ok,,0.9969135802469136,0.9998486788699832,0.5589256260975656,0.2687864096655723,0.4127258334688472,0.218622920091201,0.4127258334688471,0.1031814583672118,3.51888199580809,5.692476142919425,0.33630298504809,756,,,True,ece,,2025
PhishingWebsites,tabpfn,icl,covariate_shift,0.0,1542286380,test_only,False,high,True,ok,,0.9785951160687368,0.9981446287231732,0.0541782028010143,0.0781626245052999,0.0046815459162777,0.032349841438926,0.0013785553414219,0.0067990207999123,0.9159935945089096,0.0811387541091073,0.4717547909285756,7738,,,False,,,2025
PhishingWebsites,tabpfn,icl,covariate_shift,0.05,1012511023,test_only,False,high,True,ok,,0.9782936388302684,0.9981704105572928,0.0540751002128437,0.0780138789126433,0.0034997467206854,0.0325224388496841,0.0028156251825612,0.0059598526555552,0.9436272396362496,-0.0097253081159172,0.4719995765016626,7738,,,False,,,2025
PhishingWebsites,tabpfn,icl,covariate_shift,0.1,2369450513,test_only,False,high,True,ok,,0.9785951160687368,0.998080910761706,0.0552264500609715,0.0796749256288656,0.0037532318465067,0.0326617788174029,0.0014441461227929,0.0061851664303595,0.899869918122964,0.1567064258803409,0.4714644621189465,7738,,,False,,,2025
PhishingWebsites,tabpfn,icl,covariate_shift,0.2,3736787987,test_only,False,high,True,ok,,0.9791980705456738,0.9981936142080006,0.0535010387243516,0.0771856832500304,0.0048153653344744,0.0320036689258798,0.0010506660726768,0.0081193230652775,0.9138456336900668,0.0830381792163253,0.4721286975127473,7738,,,False,,,2025
PhishingWebsites,tabpfn,icl,covariate_shift,0.3,2038741862,test_only,False,high,True,ok,,0.9779921615917998,0.9981361575491052,0.0542356955449151,0.0782455690018126,0.0030640460937991,0.0324216800501716,0.0017650529600896,0.006065097318663,0.9544521518642928,-0.0216911499499507,0.4719599994616531,7738,,,False,,,2025
PhishingWebsites,tabpfn,icl,covariate_shift,0.4,2201963593,test_only,False,high,True,ok,,0.9782936388302684,0.9981652541904688,0.0540348328690501,0.0779557854154426,0.0019183882640574,0.032399066663566,0.0010285457564632,0.0056394073939069,0.948389636514655,0.0356124580166924,0.47233147151376,7738,,,False,,,2025
PhishingWebsites,tabpfn,icl,label_noise,0.0,1819687737,train_only,False,high,True,ok,,0.9785951160687368,0.9981446287231732,0.0541782028010143,0.0781626245052999,0.0046815459162777,0.032349841438926,0.0013785553414219,0.0067990207999123,0.9159935945089096,0.0811387541091073,0.4717547909285756,7738,,,False,,,2025
PhishingWebsites,tabpfn,icl,label_noise,0.05,2857941913,train_only,False,high,True,ok,,0.9746759119686464,0.9972242172451004,0.0953941798789464,0.1376247102410258,0.0376877419132792,0.0422592865552133,0.0364348206833832,0.0390152234456945,1.8160545055083024,-0.3681610437095227,0.4464049013761184,7738,,,False,,,2025
PhishingWebsites,tabpfn,icl,label_noise,0.1,1663873475,train_only,False,high,True,ok,,0.9662345492915284,0.9953999683251752,0.1484473154109778,0.2141642057766975,0.0754563997203494,0.0606914060049245,0.0750211992452089,0.0797385492071964,2.3528833413757373,-0.609500312248249,0.4139846296304614,7738,,,False,,,2025
PhishingWebsites,tabpfn,icl,label_noise,0.2,2838964575,train_only,False,high,True,ok,,0.964124208622249,0.9944987090667344,0.2506560480221727,0.3616202374504145,0.1628268793746294,0.1097095700971484,0.1628268793746294,0.1675252964791103,3.6162714083650216,-0.9530786017140892,0.3516417323566442,7738,,,True,ece,,2025
PhishingWebsites,tabpfn,icl,label_noise,0.3,653930203,train_only,False,high,True,ok,,0.9394030750678324,0.989473829596809,0.3868996602125201,0.5581782211102279,0.2447269851338668,0.2114987658177458,0.2454318381549985,0.2474685099321886,6.209163111477984,-1.125842044576524,0.2708274382592163,7738,,,True,ece,,2025
PhishingWebsites,tabpfn,icl,label_noise,0.4,2941472800,train_only,False,high,True,ok,,0.929454326198372,0.980469708186469,0.5384358906615946,0.7767987892941146,0.3375315110892187,0.3474791361276819,0.3375315110892187,0.33658905988353,10.166418245022818,-0.4163074824163183,0.1820366077889417,7738,,,True,ece;nll,,2025
analcatdata_authorship,tabpfn,icl,covariate_shift,0.0,1779980334,test_only,True,low,True,ok,,1.0,1.0,0.0011897296981134,0.0008582085677332,0.0011284009472166,0.0002149057317191,0.0011284009472165,0.0005642004736083,,,0.4995168572402366,588,,,False,,,2025
analcatdata_authorship,tabpfn,icl,covariate_shift,0.05,1318784021,test_only,True,low,True,ok,,0.9960474308300395,1.0,0.0103385882467982,0.0074577149967243,0.008070358181695,0.0055271895448649,0.0031344438782831,0.0040532088070881,3.751491383549164,-1.584328402796422,0.4955557284891496,588,,,False,,,2025
analcatdata_authorship,tabpfn,icl,covariate_shift,0.1,4169338231,test_only,True,low,True,ok,,0.9802371541501976,0.9999657440394628,0.0311040800469466,0.0224368510175716,0.0113736846570285,0.0201959811472633,0.0065007074914709,0.0100873360305644,1.7620713979050278,-1.2941775890900664,0.4880177912996644,588,,,False,,,2025
analcatdata_authorship,tabpfn,icl,covariate_shift,0.2,2774267301,test_only,True,low,True,ok,,0.8616600790513834,0.9946266482868892,0.4189395995494549,0.3022010413510034,0.0645997489289507,0.220850530581457,0.0661271548025714,0.0804481378587002,0.4809525995608037,0.1641938115529208,0.3737880765670276,588,,,False,,,2025
analcatdata_authorship,tabpfn,icl,covariate_shift,0.3,211532534,test_only,True,low,True,ok,,0.5928853754940712,0.9830609545632278,1.162458804827361,0.8385367764810726,0.2703540267348558,0.6151029801086632,0.2710107989795263,0.1945454463340681,0.4236430077862969,-0.9329668856998816,0.1273723021299474,588,,,True,ece;nll,,2025
analcatdata_authorship,tabpfn,icl,covariate_shift,0.4,3359220788,test_only,True,low,True,ok,,0.5098814229249012,0.9075737590280192,1.6790736075159094,1.211195583425372,0.3485719136202476,0.7555332429438151,0.3485719136202476,0.2234412193354386,0.3953662491731772,-1.040505493031113,-0.0389400286531192,588,,,True,ece;nll,,2025
analcatdata_authorship,tabpfn,icl,label_noise,0.0,3489842728,train_only,True,low,True,ok,,1.0,1.0,0.0011897296981134,0.0008582085677332,0.0011284009472166,0.0002149057317191,0.0011284009472165,0.0005642004736083,,,0.4995168572402366,588,,,False,,,2025
analcatdata_authorship,tabpfn,icl,label_noise,0.05,1230989377,train_only,True,low,True,ok,,1.0,1.0,0.0405223368522265,0.0292306872109697,0.0391654760750878,0.003648112367323,0.0391654760750878,0.0195827380375439,,,0.4833976986216915,588,,,False,,,2025
analcatdata_authorship,tabpfn,icl,label_noise,0.1,1180241088,train_only,True,low,True,ok,,1.0,1.0,0.0840849175538036,0.0606544467842149,0.0802307183657295,0.0099162514256923,0.0802307183657296,0.0401153591828648,,,0.4657575222915896,588,,,False,,,2025
analcatdata_authorship,tabpfn,icl,label_noise,0.2,4186023048,train_only,True,low,True,ok,,1.0,1.0,0.2002131348072281,0.1444232483536107,0.179710058297162,0.048184002875341,0.179710058297162,0.089855029148581,,,0.4207310138344843,588,,,True,ece,,2025
analcatdata_authorship,tabpfn,icl,label_noise,0.3,2059962236,train_only,True,low,True,ok,,1.0,1.0,0.3376658087336751,0.2435743938689171,0.2826918067972211,0.1149158614398332,0.2826918067972212,0.1413459033986106,,,0.3703893204798806,588,,,True,ece,,2025
analcatdata_authorship,tabpfn,icl,label_noise,0.4,800669386,train_only,True,low,True,ok,,1.0,1.0,0.4788450888837601,0.3454137175433178,0.3796429082103495,0.1953485721058611,0.3796429082103495,0.1898214541051747,,,0.3204473030949348,588,,,True,ece,,2025
breast-w,tabpfn,icl,covariate_shift,0.0,4284582057,test_only,False,high,True,ok,,0.9857142857142858,0.9998993558776168,0.0384608301445132,0.0554872489179619,0.0192022516480242,0.0212378584506177,0.0114929020923671,0.02671893281574,2.101807125782939,-0.3268958958934115,0.4773352924093152,489,,,False,,,2025
breast-w,tabpfn,icl,covariate_shift,0.05,2142346168,test_only,False,low,True,ok,,0.9952380952380953,0.9996980676328502,0.0811845031790195,0.1171244801334057,0.0649578576042791,0.0299066503040024,0.0641175295748085,0.0680985485753321,2.028309418233525,1.6443115228811511,0.4510511223963342,489,,,False,,,2025
breast-w,tabpfn,icl,covariate_shift,0.1,796106564,test_only,False,low,True,ok,,0.9809523809523808,0.9996980676328502,0.1151123029729594,0.1660719486443965,0.0839560838280878,0.050610632540797,0.0738113853548192,0.0931279540399134,3.260541603066446,0.0506254173277874,0.4304243794554181,489,,,False,,,2025
breast-w,tabpfn,icl,covariate_shift,0.2,829720577,test_only,False,low,True,ok,,0.7238095238095238,0.9994967793880838,0.463738901585637,0.6690338135848936,0.0915438829677094,0.3291172532140098,0.1254386936980543,0.2955112774282746,0.9934870133711972,-0.4809908836704155,0.2393763806882479,489,,,False,,,2025
breast-w,tabpfn,icl,covariate_shift,0.3,616110881,test_only,False,low,True,ok,,0.3523809523809524,0.9993961352657004,1.1046455377786963,1.593666639293447,0.5063112928111657,0.811299400076265,0.5019189464305492,0.508436017092311,1.8453624390699697,-6.893718429129553,-0.1767164601501293,489,,,True,ece;nll,,2025
breast-w,tabpfn,icl,covariate_shift,0.4,1689630740,test_only,False,low,True,ok,,0.3428571428571428,0.9990942028985508,1.7929230299764576,2.58664116404265,0.6012700230210777,1.1070653970005049,0.6015926196111334,0.6012700230210777,3.2306561533394573,-15.308642362560136,-0.4951348113739462,489,,,True,ece;nll,,2025
breast-w,tabpfn,icl,label_noise,0.0,3872280167,train_only,False,high,True,ok,,0.9857142857142858,0.9998993558776168,0.0384608301445132,0.0554872489179619,0.0192022516480242,0.0212378584506177,0.0114929020923671,0.02671893281574,2.101807125782939,-0.3268958958934115,0.4773352924093152,489,,,False,,,2025
breast-w,tabpfn,icl,label_noise,0.05,2187178784,train_only,False,high,True,ok,,0.9904761904761904,0.9998993558776168,0.0757738210386967,0.1093185158417356,0.0550218538189011,0.0261883935622922,0.0550218538189011,0.0591517743952089,3.117435074782546,0.1444183220302145,0.4547362776122935,489,,,False,,,2025
breast-w,tabpfn,icl,label_noise,0.1,505605196,train_only,False,high,True,ok,,0.9904761904761904,0.9996980676328502,0.1179059273127249,0.1701022966254829,0.0992779763901541,0.0345035022489619,0.0960603822536712,0.1032946434713568,7.635518963920735,-2.505959831944943,0.4275794679772504,489,,,False,,,2025
breast-w,tabpfn,icl,label_noise,0.2,4244443035,train_only,False,high,True,ok,,0.9761904761904762,0.9988929146537844,0.2443674081465805,0.352547647887961,0.1886725635679274,0.10300144097586,0.1822706431206082,0.1991718331410776,4.516423334317076,-0.6726434934246474,0.3525422844774221,489,,,True,ece,,2025
breast-w,tabpfn,icl,label_noise,0.3,2258395965,train_only,False,high,True,ok,,0.9761904761904762,0.9969806763285024,0.3673894482414002,0.5300309350528006,0.2823126382380687,0.1949244887835804,0.2767077498009571,0.2865431590768516,8.263037711897674,-0.3076012603708394,0.2798999999800933,489,,,True,ece,,2025
breast-w,tabpfn,icl,label_noise,0.4,1237894418,train_only,False,high,True,ok,,0.9428571428571428,0.9939613526570048,0.5748394411788266,0.8293180110960761,0.3766534459684969,0.3833921670197626,0.3967880979023651,0.4160885825662055,27.2162254153682,-1.0872739340958106,0.1651889523360008,489,,,True,ece;nll,,2025
car,tabpfn,icl,covariate_shift,0.0,3752671038,test_only,True,low,True,ok,,0.9961464354527938,0.9999696465541964,0.0202857676126253,0.0146330881676802,0.0121674631371265,0.0090210135160264,0.011691045833038,0.0080293909645067,2.339855654688689,0.4198391048623934,0.4925879225341584,1209,,,False,,,2025
car,tabpfn,icl,covariate_shift,0.05,669928084,test_only,True,low,True,ok,,0.9961464354527938,0.9999402593041304,0.0204300702838509,0.0147371805417624,0.0112158247947688,0.0095725456816809,0.0112158247947688,0.0067944092413756,1.7113842911272792,0.9339135556237148,0.4927367369528822,1209,,,False,,,2025
car,tabpfn,icl,covariate_shift,0.1,3219579289,test_only,True,low,True,ok,,0.9961464354527938,0.9999598508041744,0.0203646089301484,0.0146899601565841,0.0118113205571387,0.0091063256605593,0.0118113205571389,0.0074826321086602,2.5550030474583973,0.241840125479116,0.4926386609409771,1209,,,False,,,2025
car,tabpfn,icl,covariate_shift,0.2,1932260476,test_only,True,low,True,ok,,0.9961464354527938,0.9999642655813163,0.020632878218462,0.0148834755425205,0.0110895692841319,0.0096273050756861,0.0110895692841318,0.0070382807980235,1.746035500710866,0.771429965597108,0.4927265017517973,1209,,,False,,,2025
car,tabpfn,icl,covariate_shift,0.3,3441044745,test_only,True,low,True,ok,,0.9922928709055876,0.9999598508041744,0.0226001734735456,0.0163025790967573,0.0133599420265504,0.0108629967831695,0.0085888412624659,0.0080934335565701,3.736879090347334,-1.2660274548761756,0.4912671162829619,1209,,,False,,,2025
car,tabpfn,icl,covariate_shift,0.4,2426527984,test_only,True,low,True,ok,,0.9961464354527938,0.9999500550541524,0.021075636405158,0.0152028580626502,0.0119092836210647,0.0099890223019936,0.0119092836210647,0.0065889168645522,1.7586071185004075,0.9376770391185584,0.4924617704438643,1209,,,False,,,2025
car,tabpfn,icl,label_noise,0.0,3173379806,train_only,True,low,True,ok,,0.9961464354527938,0.9999696465541964,0.0202857676126253,0.0146330881676802,0.0121674631371265,0.0090210135160264,0.011691045833038,0.0080293909645067,2.339855654688689,0.4198391048623934,0.4925879225341584,1209,,,False,,,2025
car,tabpfn,icl,label_noise,0.05,2301525851,train_only,True,low,True,ok,,0.9865125240847784,0.9992885756114186,0.0789287740423472,0.0569350754471699,0.0514155976451501,0.0241232305958244,0.0457961540714119,0.0285617592745325,2.393286357413721,-0.6919453471004573,0.4703642379135322,1209,,,False,,,2025
car,tabpfn,icl,label_noise,0.1,967416549,train_only,True,low,True,ok,,0.9710982658959536,0.9978603640052016,0.1519113931031384,0.1095809067422158,0.0914327027754351,0.0539597256637533,0.0809934014364397,0.0497446148929133,2.2401352294031653,-0.0277690565824281,0.4437550547084618,1209,,,False,,,2025
car,tabpfn,icl,label_noise,0.2,807364300,train_only,True,low,True,ok,,0.957610789980732,0.995812205988652,0.2821669981176416,0.2035404644434235,0.1695305687520227,0.1046071353732311,0.1689504190010498,0.0945376756706307,2.8408139954846656,0.3660733971758011,0.3972076375097064,1209,,,True,ece,,2025
car,tabpfn,icl,label_noise,0.3,35651979,train_only,True,low,True,ok,,0.9229287090558768,0.9899132476554744,0.4698722785316606,0.3389412030444122,0.2630244869385172,0.2035986815560167,0.2587551349002199,0.1428510888425633,3.3831238182773093,1.7985687466262816,0.3306216847367704,1209,,,True,ece,,2025
car,tabpfn,icl,label_noise,0.4,635116559,train_only,True,low,True,ok,,0.905587668593449,0.9847978983020248,0.660555506358144,0.4764900766273962,0.3674741448752286,0.3156492953460571,0.3616440412358886,0.1916247706461963,5.515172736171622,3.214037226312027,0.2640755627314614,1209,,,True,ece,,2025
churn,tabpfn,icl,covariate_shift,0.0,4230291400,test_only,True,low,True,ok,,0.9666666666666668,0.9260810969178483,0.1248801717150806,0.180164004438709,0.0114486136442003,0.0561334666954832,0.012934308060229,0.0157165616480963,0.8712949491883752,0.1301987377658194,0.4127894598607941,3500,,,False,,,2025
churn,tabpfn,icl,covariate_shift,0.05,3412810283,test_only,True,low,True,ok,,0.942,0.9191997245986172,0.1724820562210703,0.2488390071524695,0.0178884167993955,0.0879684219878164,0.0229354628695253,0.0245768309064328,0.9488446946545508,-0.0263686308609799,0.384790518103896,3500,,,False,,,2025
churn,tabpfn,icl,covariate_shift,0.1,3190440717,test_only,True,low,True,ok,,0.9,0.876746894409938,0.2551141004476405,0.3680518475766598,0.041132181230054,0.1440524467777023,0.043901201853569,0.0528850191022368,1.0411998991475846,-0.8161953395934027,0.3232194225244695,3500,,,False,,,2025
churn,tabpfn,icl,covariate_shift,0.2,1747729910,test_only,True,low,True,ok,,0.8146666666666667,0.789354564631431,0.5008861216495536,0.7226259237539171,0.1159820538429136,0.2956821313095732,0.1149226728146167,0.1360153546369723,0.7958524508595975,-0.8500656721698137,0.158489909726243,3500,,,True,ece,,2025
churn,tabpfn,icl,covariate_shift,0.3,2371853116,test_only,True,low,True,ok,,0.7026666666666667,0.7153953767725302,0.672153151127955,0.9697120178501908,0.1907028713975517,0.4328366936399144,0.1907028713975517,0.2442164719652328,0.8090445511927182,-1.2297532702373757,0.026734202235818,3500,,,True,ece;nll,,2025
churn,tabpfn,icl,covariate_shift,0.4,886713095,test_only,True,low,True,ok,,0.55,0.703137817883511,1.0896521713248255,1.5720357838642172,0.3480957678252075,0.6983145185912086,0.3480957678252075,0.3805265467161669,0.7926811081568239,-2.0126463348240127,-0.2126316524650777,3500,,,True,ece;nll,,2025
churn,tabpfn,icl,label_noise,0.0,2784275444,train_only,True,low,True,ok,,0.9666666666666668,0.9260810969178483,0.1248801717150806,0.180164004438709,0.0114486136442003,0.0561334666954832,0.012934308060229,0.0157165616480963,0.8712949491883752,0.1301987377658194,0.4127894598607941,3500,,,False,,,2025
churn,tabpfn,icl,label_noise,0.05,850852505,train_only,True,low,True,ok,,0.9633333333333334,0.9254402027422944,0.1472633899147144,0.2124561623344562,0.0436346516829676,0.0649303164770069,0.0369783667523368,0.0441726396718476,1.2426943670359178,0.2836850584477136,0.3959402919228726,3500,,,False,,,2025
churn,tabpfn,icl,label_noise,0.1,485193851,train_only,True,low,True,ok,,0.9626666666666668,0.923286798312434,0.1894242610401312,0.2732814420266538,0.0882503361229062,0.0819177920886066,0.0865574966280628,0.0899482795112308,1.5098715361186723,0.5165477773514402,0.3679158795767744,3500,,,False,,,2025
churn,tabpfn,icl,label_noise,0.2,248045119,train_only,True,low,True,ok,,0.9353333333333332,0.9082605765850228,0.3085258500605492,0.4451087138684063,0.1712834839099083,0.1551424422958411,0.1649293702973503,0.1728912523305137,2.682880314661569,-0.043846581325198,0.2904018908622545,3500,,,True,ece,,2025
churn,tabpfn,icl,label_noise,0.3,3600667555,train_only,True,low,True,ok,,0.9286666666666666,0.8932636528770654,0.4286981620948411,0.6184807124924403,0.2535640957663856,0.2484703680880495,0.2535640957663855,0.2477048940076492,3.6586204572262937,0.3054703336249,0.2156852456059636,3500,,,True,ece,,2025
churn,tabpfn,icl,label_noise,0.4,2897872036,train_only,True,low,True,ok,,0.8586666666666667,0.783729344896285,0.5807497953118396,0.8378448496936716,0.2760069206034061,0.388699917430046,0.306918533969608,0.2760069206034062,22.015817398532864,-5.229105449601122,0.096550431684917,3500,,,True,ece;nll,,2025
climate-model-simulation-crashes,tabpfn,icl,covariate_shift,0.0,165773259,test_only,True,low,True,ok,,0.9506172839506172,0.9324324324324323,0.1495868658030887,0.215808229476239,0.044850727404715,0.0627233796438117,0.0377539673116795,0.0524607132325483,0.5904745817401678,0.6826591061565839,0.3952313296201292,378,,,False,,,2025
climate-model-simulation-crashes,tabpfn,icl,covariate_shift,0.05,206805087,test_only,True,low,True,ok,,0.9444444444444444,0.9285714285714286,0.1690839265287546,0.2439365422970681,0.0356573613414842,0.075347099985269,0.0357024911686335,0.05472172393166,0.5759208910048691,0.8491751239643529,0.3863542317092494,378,,,False,,,2025
climate-model-simulation-crashes,tabpfn,icl,covariate_shift,0.1,3381560427,test_only,True,low,True,ok,,0.9320987654320988,0.9242277992277992,0.2079768853827917,0.3000472211612859,0.024047560074685,0.1030637410282531,0.0377631694230268,0.0758753934986022,0.5298775170053937,0.843561915425004,0.3684708661812217,378,,,False,,,2025
climate-model-simulation-crashes,tabpfn,icl,covariate_shift,0.2,1892383546,test_only,True,low,True,ok,,0.8641975308641975,0.9208494208494208,0.3234430409467038,0.4666296711838555,0.0528699847625086,0.188029421413781,0.0648704480113913,0.143934437971717,0.636641600069928,0.072998519496972,0.3013640286192686,378,,,False,,,2025
climate-model-simulation-crashes,tabpfn,icl,covariate_shift,0.3,442319224,test_only,True,low,True,ok,,0.7901234567901234,0.918918918918919,0.4532121791450598,0.6538469633230584,0.1022258940383084,0.2832215110852275,0.1094323492553856,0.2085347484119829,0.6655058074543492,-0.2692157771293572,0.2235408723355609,378,,,True,ece,,2025
climate-model-simulation-crashes,tabpfn,icl,covariate_shift,0.4,1533458389,test_only,True,low,True,ok,,0.6790123456790124,0.9227799227799228,0.611132589210473,0.8816779557795814,0.1653503979208127,0.4062436202224992,0.1658682246191133,0.2947151259429637,0.7952880106467054,-0.8902042676533748,0.1272513585067878,378,,,True,ece;nll,,2025
climate-model-simulation-crashes,tabpfn,icl,label_noise,0.0,484225348,train_only,True,low,True,ok,,0.9506172839506172,0.9324324324324323,0.1495868658030887,0.215808229476239,0.044850727404715,0.0627233796438117,0.0377539673116795,0.0524607132325483,0.5904745817401678,0.6826591061565839,0.3952313296201292,378,,,False,,,2025
climate-model-simulation-crashes,tabpfn,icl,label_noise,0.05,2958922307,train_only,True,low,True,ok,,0.9506172839506172,0.930984555984556,0.1617187995005024,0.2333109100578914,0.0454503224345057,0.0833209533372778,0.0543482273130875,0.0656821049786191,1.3657299244719008,0.2990778686280136,0.3893538496829186,378,,,False,,,2025
climate-model-simulation-crashes,tabpfn,icl,label_noise,0.1,2554885042,train_only,True,low,True,ok,,0.9197530864197532,0.9068532818532818,0.22817629132291,0.3291888039399976,0.0932529119061669,0.1188371145732521,0.0866736073376558,0.113804329209659,2.483062109179331,-0.8734182117465042,0.3379543880483789,378,,,False,,,2025
climate-model-simulation-crashes,tabpfn,icl,label_noise,0.2,100844918,train_only,True,low,True,ok,,0.9012345679012346,0.8725868725868726,0.3300677179380659,0.4761870598267849,0.1670286545787614,0.1782646922450279,0.1540530771378125,0.1774344431140638,3.5061389049045264,-0.9267465767097478,0.2643287417268029,378,,,True,ece,,2025
climate-model-simulation-crashes,tabpfn,icl,label_noise,0.3,2117694069,train_only,True,low,True,ok,,0.9135802469135802,0.6254826254826256,0.4244011037503875,0.6122813677284865,0.2091448287712838,0.244561278516956,0.2091448287712838,0.2091448287712838,20.88507759854868,-15.668250511890964,0.1304425798831532,378,,,True,ece,,2025
climate-model-simulation-crashes,tabpfn,icl,label_noise,0.4,478501657,train_only,True,low,True,ok,,0.9135802469135802,0.5308880308880309,0.5807424841933417,0.8378343019792713,0.33941851788444,0.388401071447829,0.33941851788444,0.33941851788444,0.645164766667549,2.165274930155316,0.0036138536771784,378,,,True,ece;nll,,2025
cmc,tabpfn,icl,covariate_shift,0.0,1081091256,test_only,False,high,True,ok,,0.583710407239819,0.7578727080487281,0.8760059539052479,0.7973749820032178,0.0341646148122637,0.5208042940528567,0.0415831833160137,0.0495281976636906,0.9328179733908668,-0.0121345804555658,0.1067665913396096,1031,,,True,nll,,2025
cmc,tabpfn,icl,covariate_shift,0.05,4135215297,test_only,False,low,True,ok,,0.5859728506787331,0.7532135877609902,0.8831293316448325,0.8038589598478681,0.0318590800862875,0.5260569184934959,0.0606845964103276,0.0543580674049706,0.9526791663122816,0.0076715967016368,0.1039911793465386,1031,,,True,nll,,2025
cmc,tabpfn,icl,covariate_shift,0.1,1650159052,test_only,False,low,True,ok,,0.579185520361991,0.7504070564575835,0.8923784670385801,0.8122778856956399,0.0427038228048175,0.5294891731732314,0.0501871027880227,0.0482048860581867,0.9341213657047206,-0.0089488432991294,0.0972961675447974,1031,,,True,nll,,2025
cmc,tabpfn,icl,covariate_shift,0.2,4267632014,test_only,False,low,True,ok,,0.5135746606334841,0.7148437082825029,0.954561271817414,0.8688791138270133,0.0762852840535129,0.5715893228453124,0.096200046852796,0.0641744888404722,0.8465335607832069,-0.2639532694047415,0.051310706035092,1031,,,True,nll,,2025
cmc,tabpfn,icl,covariate_shift,0.3,2852414638,test_only,False,low,True,ok,,0.4932126696832579,0.6834658220321601,1.016029184406955,0.9248296190448833,0.1056158725242897,0.6082956099035929,0.1317740497251689,0.0895055317550632,0.6147856298325814,-0.3279101995011391,0.0146228779454218,1031,,,True,ece;nll,,2025
cmc,tabpfn,icl,covariate_shift,0.4,4281124337,test_only,False,low,True,ok,,0.4592760180995475,0.6668021658991692,1.0565216050732478,0.961687408716418,0.1461547506695025,0.6320784767951941,0.1483106423857715,0.1041471750969208,0.6248118534341224,-0.5196441988428043,-0.0154650119691845,1031,,,True,ece;nll,,2025
cmc,tabpfn,icl,label_noise,0.0,2418531343,train_only,False,high,True,ok,,0.583710407239819,0.7578727080487281,0.8760059539052479,0.7973749820032178,0.0341646148122637,0.5208042940528567,0.0415831833160137,0.0495281976636906,0.9328179733908668,-0.0121345804555658,0.1067665913396096,1031,,,True,nll,,2025
cmc,tabpfn,icl,label_noise,0.05,2727796071,train_only,False,high,True,ok,,0.583710407239819,0.7573930176607883,0.8754498727400059,0.7968688151134261,0.0594346799633911,0.5213073918413347,0.0751842255861451,0.0535866020543757,0.9600819440524836,0.0617719139203744,0.1016965367405427,1031,,,True,nll,,2025
cmc,tabpfn,icl,label_noise,0.1,3938730094,train_only,False,high,True,ok,,0.5610859728506787,0.7463171134659223,0.8884960725215517,0.8087439779129996,0.0323629305699828,0.5287339919820618,0.0861022194653458,0.0503686357746161,1.2145123704802652,0.0152331289483772,0.0962781061527781,1031,,,True,nll,,2025
cmc,tabpfn,icl,label_noise,0.2,3529576612,train_only,False,high,True,ok,,0.579185520361991,0.740162840486103,0.9260776658955168,0.8429522184011217,0.0867712455519667,0.5480747268529487,0.1117899754164885,0.0617688422511868,1.5535986812703468,0.4294178788733686,0.0756949075937049,1031,,,True,nll,,2025
cmc,tabpfn,icl,label_noise,0.3,3570620354,train_only,False,high,True,ok,,0.497737556561086,0.7173126168985409,0.974432795654742,0.8869669543165993,0.0561056402492961,0.5826873417900553,0.0937097213019593,0.0735122167002487,1.9728807526950467,0.4255248142572821,0.0484088350538131,1031,,,True,nll,,2025
cmc,tabpfn,icl,label_noise,0.4,682389981,train_only,False,high,True,ok,,0.5203619909502263,0.7121980874995931,1.0129815000046922,0.9220554971515648,0.1148247342860269,0.6066953775978153,0.1451613034149565,0.1153959086058913,3.707197349205542,1.55541644870944,0.0277420332647167,1031,,,True,ece;nll,,2025
cnae-9,tabpfn,icl,covariate_shift,0.0,1898834564,test_only,True,medium,True,ok,,0.9197530864197532,0.9951881858710564,0.7177537153848011,0.3266637934002002,0.3809502293654647,0.3057328050000395,0.3809502293654646,0.0887649269856056,4.614761503947497,5.083832087888633,0.3120896441246796,756,,,True,ece,,2025
cnae-9,tabpfn,icl,covariate_shift,0.05,3251845421,test_only,True,low,True,ok,,0.1111111111111111,0.5397376543209877,2.2855998137321154,1.040221303414982,0.0602522607612885,0.904605880084394,0.2179958708882272,0.035307005506319,-375.1903193151396,-595.1891877206016,-0.1185419974977399,756,,,True,nll,,2025
cnae-9,tabpfn,icl,covariate_shift,0.1,1340932326,test_only,True,low,True,ok,,0.1111111111111111,0.6844135802469135,2.383976431790679,1.0849944317848774,0.179138749683816,0.9410788658274007,0.2308043650794783,0.0601673251449162,55.538414344678685,47.1438849430808,-0.10511465971914,756,,,True,ece;nll,,2025
cnae-9,tabpfn,icl,covariate_shift,0.2,3323169860,test_only,True,low,True,ok,,0.1111111111111111,0.554312414266118,2.3018158637020787,1.0476015458067829,0.1080337896306137,0.9123356243503116,0.1894479948255331,0.043315144291345,625.5582751044234,792.0213917200416,-0.1252112100083496,756,,,True,ece;nll,,2025
cnae-9,tabpfn,icl,covariate_shift,0.3,2259008630,test_only,True,low,True,ok,,0.1574074074074074,0.6609010631001372,2.354092420936478,1.0713936323206597,0.0983740850165854,0.9140431520718236,0.194381057631228,0.0713239943448404,-51.68943505276534,-72.16517047891298,-0.0861664235033559,756,,,True,nll,,2025
cnae-9,tabpfn,icl,covariate_shift,0.4,1033530361,test_only,True,low,True,ok,,0.1111111111111111,0.6272933813443072,2.329026336240134,1.059985565546378,0.1124410266672837,0.9190899700614747,0.1737377683543623,0.0512181473592729,1.0163376946392804,-0.8146018224196665,-0.1042645248601959,756,,,True,ece;nll,,2025
cnae-9,tabpfn,icl,label_noise,0.0,919980353,train_only,True,medium,True,ok,,0.9197530864197532,0.9951881858710564,0.7177537153848011,0.3266637934002002,0.3809502293654647,0.3057328050000395,0.3809502293654646,0.0887649269856056,4.614761503947497,5.083832087888633,0.3120896441246796,756,,,True,ece,,2025
cnae-9,tabpfn,icl,label_noise,0.05,2083803529,train_only,True,medium,True,ok,,0.9351851851851852,0.9963563100137176,0.7813014157675345,0.3555855982253468,0.4344755877233691,0.3366376921702428,0.4344755877233691,0.0979510415187094,3.342134263620325,4.524902171389913,0.295431689270301,756,,,True,ece,,2025
cnae-9,tabpfn,icl,label_noise,0.1,1427211291,train_only,True,medium,True,ok,,0.9382716049382716,0.9952632030178328,0.8263336147892794,0.3760806352307763,0.4551209397425229,0.3575118780772823,0.4551209397425229,0.100435623084468,3.4229376109224283,5.131497230894261,0.2852344832792446,756,,,True,ece,,2025
cnae-9,tabpfn,icl,label_noise,0.2,905184560,train_only,True,medium,True,ok,,0.8858024691358025,0.9924125514403292,1.025991695505411,0.4669489437212014,0.4873904199340698,0.4538791775397283,0.4873904199340697,0.1138409701278944,3.347565715956516,4.948836985613277,0.2426519962713112,756,,,True,ece,,2025
cnae-9,tabpfn,icl,label_noise,0.3,915712681,train_only,True,medium,True,ok,,0.904320987654321,0.9914158950617284,1.151272273413441,0.5239665918943857,0.5588122795911443,0.5114332937481312,0.5588122795911444,0.1285123028902119,5.386131685087928,8.529620250086822,0.2136912779332085,756,,,True,ece,,2025
cnae-9,tabpfn,icl,label_noise,0.4,697199770,train_only,True,medium,True,ok,,0.8888888888888888,0.9867969821673525,1.3566801979387897,0.6174517670758742,0.6074774590208583,0.6045677849253417,0.6074774590208581,0.1348252293939217,5.790264034365913,9.953798970257903,0.1719812551649727,756,,,True,ece,,2025
credit-approval,tabpfn,icl,covariate_shift,0.0,688544174,test_only,True,low,True,ok,,0.8743961352657005,0.947069943289225,0.2788750065409044,0.4023315889644401,0.0260706465264319,0.1646255644937357,0.0513711149072254,0.0461530812184857,1.1096412786561414,-0.2529057447898896,0.3367202944464654,483,,,False,,,2025
credit-approval,tabpfn,icl,covariate_shift,0.05,3928698156,test_only,True,low,True,ok,,0.8647342995169082,0.9497164461247638,0.3462150798269888,0.4994827787473733,0.0701554584586602,0.2119498081902062,0.0847539047112814,0.0820163362647801,1.7405651231064934,-2.5519144830205183,0.2982349757552595,483,,,False,,,2025
credit-approval,tabpfn,icl,covariate_shift,0.1,1789631701,test_only,True,low,True,ok,,0.8647342995169082,0.948015122873346,0.3791311021956353,0.5469705609844099,0.0746158837406153,0.2257067217808981,0.080631049088791,0.0984931753118516,1.124222195974923,-1.1288506770235716,0.2825010928897612,483,,,False,,,2025
credit-approval,tabpfn,icl,covariate_shift,0.2,2921310903,test_only,True,low,True,ok,,0.8647342995169082,0.948015122873346,0.4111042710053488,0.5930980930676892,0.0786827240418345,0.234689179493439,0.0906936435817946,0.1083154646168563,0.6545932337134195,0.0239463415401738,0.2678494652045336,483,,,False,,,2025
credit-approval,tabpfn,icl,covariate_shift,0.3,3258787951,test_only,True,low,True,ok,,0.8647342995169082,0.9465028355387524,0.4282345918130237,0.6178119219457588,0.0856967743731589,0.2389156972679265,0.0799110132378732,0.1129062939751795,0.4490571023876327,0.5788062027513786,0.25850320590774,483,,,False,,,2025
credit-approval,tabpfn,icl,covariate_shift,0.4,1966416268,test_only,True,low,True,ok,,0.8647342995169082,0.9482041587901702,0.4565794839802701,0.6587049573099777,0.0984993933359748,0.2454363091963549,0.1071866757584278,0.1190966989983143,0.2258501790713359,1.1902405604249615,0.2442702346439075,483,,,False,,,2025
credit-approval,tabpfn,icl,label_noise,0.0,2507513429,train_only,True,low,True,ok,,0.8743961352657005,0.947069943289225,0.2788750065409044,0.4023315889644401,0.0260706465264319,0.1646255644937357,0.0513711149072254,0.0461530812184857,1.1096412786561414,-0.2529057447898896,0.3367202944464654,483,,,False,,,2025
credit-approval,tabpfn,icl,label_noise,0.05,2013782899,train_only,True,low,True,ok,,0.8792270531400966,0.9460302457466918,0.2918104590532164,0.4209935021556073,0.0538409223713578,0.1684707665205647,0.0724866536667071,0.0793675302106043,1.269895280208165,-0.1188231891690073,0.3259284088614028,483,,,False,,,2025
credit-approval,tabpfn,icl,label_noise,0.1,1484123583,train_only,True,low,True,ok,,0.8743961352657005,0.9309073724007562,0.3281336843693817,0.4733968391883313,0.071838653595226,0.1881256274851138,0.0774612320838358,0.0814579033864697,1.5988694078939036,-0.1667792720344439,0.300590218154575,483,,,False,,,2025
credit-approval,tabpfn,icl,label_noise,0.2,1170190627,train_only,True,low,True,ok,,0.8743961352657005,0.9213610586011342,0.4034938639473899,0.5821185965460255,0.139736828187077,0.2359925084403844,0.1416823107605131,0.1362858446507428,1.748437995845355,0.3520359037387798,0.251052846199029,483,,,True,ece,,2025
credit-approval,tabpfn,icl,label_noise,0.3,3096734286,train_only,True,low,True,ok,,0.8647342995169082,0.9206994328922496,0.506234415584469,0.730341880891036,0.2231316817929116,0.3200822292735749,0.2328968922257059,0.2281181125302833,4.136581170513159,-0.2807411440216701,0.1882260458139303,483,,,True,ece,,2025
credit-approval,tabpfn,icl,label_noise,0.4,3437208727,train_only,True,low,True,ok,,0.8405797101449275,0.9001890359168242,0.5565548646609936,0.8029389432290437,0.244072040095328,0.3665246082106377,0.255622362029656,0.2660576120800877,3.8602269934125975,0.4326478000536273,0.1514570281048488,483,,,True,ece;nll,,2025
credit-g,tabpfn,icl,covariate_shift,0.0,2255313052,test_only,True,low,True,ok,,0.7566666666666667,0.7917989417989418,0.4943623882091987,0.7132141658714355,0.0518322629923561,0.3297169348705581,0.0557056835990764,0.0628573900798731,0.8829494341855768,-0.0199045275513704,0.1662989272697277,700,,,False,,,2025
credit-g,tabpfn,icl,covariate_shift,0.05,1501405689,test_only,True,low,True,ok,,0.7533333333333333,0.7905820105820107,0.4965924571398301,0.716431475258498,0.0385615372356489,0.3308506789412391,0.0539965445675174,0.065887326576122,0.9262207437983392,-0.0592178011123411,0.1670619536790245,700,,,False,,,2025
credit-g,tabpfn,icl,covariate_shift,0.1,4192059933,test_only,True,low,True,ok,,0.7566666666666667,0.7919576719576719,0.4959249318329828,0.7154684398086415,0.0402272098133662,0.3307535714772138,0.0464581557313356,0.0487897289004716,0.918422111840432,0.0132020474995819,0.1679992112799194,700,,,False,,,2025
credit-g,tabpfn,icl,covariate_shift,0.2,1819384639,test_only,True,low,True,ok,,0.73,0.7876719576719576,0.5039003326453775,0.7269745110097852,0.032827820109702,0.3389971020944731,0.0551186851857556,0.049727442584505,1.1747529666204708,-0.3202579623731126,0.1605272678603092,700,,,False,,,2025
credit-g,tabpfn,icl,covariate_shift,0.3,2540108712,test_only,True,low,True,ok,,0.7433333333333333,0.7903174603174603,0.5033397985713458,0.7261658312809304,0.0246532878499651,0.3381532183923424,0.0573396436372398,0.0614659759038985,1.117670061918341,-0.1380915149932478,0.1653307041568389,700,,,False,,,2025
credit-g,tabpfn,icl,covariate_shift,0.4,576496502,test_only,True,low,True,ok,,0.7333333333333333,0.7816931216931218,0.5263190518113219,0.7593178859735755,0.0443420863476731,0.3554323315162554,0.0697970138390979,0.093136868175516,1.0398178707095689,-0.0715111410244676,0.1469288095309853,700,,,True,nll,,2025
credit-g,tabpfn,icl,label_noise,0.0,3819795595,train_only,True,low,True,ok,,0.7566666666666667,0.7917989417989418,0.4943623882091987,0.7132141658714355,0.0518322629923561,0.3297169348705581,0.0557056835990764,0.0628573900798731,0.8829494341855768,-0.0199045275513704,0.1662989272697277,700,,,False,,,2025
credit-g,tabpfn,icl,label_noise,0.05,1086187163,train_only,True,low,True,ok,,0.7633333333333333,0.7822751322751322,0.4991894000475745,0.7201780719129727,0.0344474239437804,0.3307508888218048,0.0736297622287991,0.0421694958916088,0.9857793026417052,0.1249475292551254,0.1653533899336483,700,,,False,,,2025
credit-g,tabpfn,icl,label_noise,0.1,2995610892,train_only,True,low,True,ok,,0.7433333333333333,0.7885185185185185,0.5082406251718552,0.733236229513742,0.049393607400287,0.3372107840185776,0.0832236271986936,0.0797333171727118,1.5738832461401,-0.201943224660596,0.1576318911473014,700,,,False,,,2025
credit-g,tabpfn,icl,label_noise,0.2,4063096229,train_only,True,low,True,ok,,0.7366666666666667,0.7394708994708995,0.5658702446000027,0.8163781956710486,0.1042939626712446,0.3811393255767462,0.1034719367785533,0.1019295512833473,1.4999286635490656,0.2852619517540741,0.1035425635792512,700,,,True,ece;nll,,2025
credit-g,tabpfn,icl,label_noise,0.3,1935258518,train_only,True,low,True,ok,,0.7066666666666667,0.731005291005291,0.5818213779431681,0.839390816641792,0.1438601137818345,0.3936774622720851,0.1484355049320634,0.1552440884187952,3.2260625885057963,-0.663715095780551,0.0812625841029473,700,,,True,ece;nll,,2025
credit-g,tabpfn,icl,label_noise,0.4,1790705428,train_only,True,low,True,ok,,0.6533333333333333,0.5504232804232804,0.6657386420902335,0.9604578374717324,0.1151694666138891,0.4730115368391657,0.1456615792142093,0.1656819290058754,2.7681393925870834,0.2299890619582334,-0.0205230964161494,700,,,True,ece;nll,,2025
diabetes,tabpfn,icl,covariate_shift,0.0,1928223814,test_only,True,low,True,ok,,0.7619047619047619,0.8293004115226337,0.4827343723646373,0.6964384850771085,0.0626871126968637,0.321427396938433,0.0818658018819862,0.0803898930709272,0.9668229377211276,-0.1286894985977998,0.1830718902561307,537,,,False,,,2025
diabetes,tabpfn,icl,covariate_shift,0.05,4256457505,test_only,True,low,True,ok,,0.7575757575757576,0.8181893004115226,0.5001080174051765,0.7215033566192596,0.0483883532688235,0.334582298165467,0.0653332142061166,0.0692102263488703,0.9184229755063192,0.0386404191268634,0.1738739411408539,537,,,False,,,2025
diabetes,tabpfn,icl,covariate_shift,0.1,3699921782,test_only,True,low,True,ok,,0.7272727272727273,0.805102880658436,0.5417190034984489,0.7815353199025233,0.0657959986924734,0.3663134353159389,0.1018627261069799,0.11474165679747,0.8728929476015054,0.0230760478616708,0.1432571216121099,537,,,True,nll,,2025
diabetes,tabpfn,icl,covariate_shift,0.2,3046584208,test_only,True,low,True,ok,,0.6060606060606061,0.7833744855967079,0.6748053979467984,0.9735384011829497,0.1190932820479898,0.474384142911174,0.1334275028723585,0.2360402992116078,0.7613912264106042,-0.3646521485302318,0.0492099841034558,537,,,True,ece;nll,,2025
diabetes,tabpfn,icl,covariate_shift,0.3,3568048362,test_only,True,low,True,ok,,0.4502164502164502,0.7791769547325103,0.8968509573457587,1.2938824285792454,0.3108065252369204,0.6568200946632929,0.3108065252369203,0.3710022003959938,0.8049317272286991,-1.260880755601439,-0.1100816319323116,537,,,True,ece;nll,,2025
diabetes,tabpfn,icl,covariate_shift,0.4,3353254389,test_only,True,low,True,ok,,0.3809523809523809,0.7622222222222222,1.1272321124594642,1.6262521785760593,0.4416052133102341,0.8231599073128207,0.4416052133102341,0.4631317086032867,1.232964577576417,-2.6218135931903834,-0.2522760613142296,537,,,True,ece;nll,,2025
diabetes,tabpfn,icl,label_noise,0.0,1885902746,train_only,True,low,True,ok,,0.7619047619047619,0.8293004115226337,0.4827343723646373,0.6964384850771085,0.0626871126968637,0.321427396938433,0.0818658018819862,0.0803898930709272,0.9668229377211276,-0.1286894985977998,0.1830718902561307,537,,,False,,,2025
diabetes,tabpfn,icl,label_noise,0.05,4142227762,train_only,True,low,True,ok,,0.7445887445887446,0.8265020576131688,0.4804479830234665,0.6931399225130601,0.0422511436943541,0.3193824119209665,0.1292746809041396,0.0532959377179362,1.3605097765896534,-0.4298831169653164,0.1845718263601318,537,,,False,,,2025
diabetes,tabpfn,icl,label_noise,0.1,2435254199,train_only,True,low,True,ok,,0.7619047619047619,0.8163786008230453,0.5045478356357226,0.7279086603629168,0.0669658728555265,0.3312819679112171,0.0850368814140905,0.0792148160191137,1.562195738766393,-0.1215800809456271,0.1682524518937997,537,,,False,,,2025
diabetes,tabpfn,icl,label_noise,0.2,2805344677,train_only,True,low,True,ok,,0.7445887445887446,0.8125925925925925,0.5333711420873933,0.769491901642765,0.0996732353276791,0.3509108695314431,0.1469355844210134,0.1066567089969741,2.5860833957965896,-0.5352041700851017,0.1453135015373537,537,,,True,nll,,2025
diabetes,tabpfn,icl,label_noise,0.3,2440325973,train_only,True,low,True,ok,,0.7272727272727273,0.7723456790123456,0.609041549592095,0.8786612232918452,0.1453626343656804,0.4180371337578305,0.1594277287148701,0.1545407864331766,3.0373728821211614,0.0798853711419936,0.0867410028845404,537,,,True,ece;nll,,2025
diabetes,tabpfn,icl,label_noise,0.4,1800843336,train_only,True,low,True,ok,,0.7142857142857143,0.7669135802469135,0.6267416920462588,0.9041971310334956,0.1481297267048353,0.4346080057194274,0.1914355950695601,0.1762184150268161,3.979389741729916,-0.0404709823683814,0.0746775255782611,537,,,True,ece;nll,,2025
dna,tabpfn,icl,covariate_shift,0.0,1289506332,test_only,False,high,True,ok,,0.9728033472803348,0.9955787595127612,0.1130110760563643,0.1028671144698117,0.0358780594838465,0.0527766167472764,0.0379154394440168,0.0244907060219124,1.0005481815732526,1.0382742936259002,0.4563373216838037,2230,,,False,,,2025
dna,tabpfn,icl,covariate_shift,0.05,2379845036,test_only,False,high,True,ok,,0.9717573221757322,0.9947745456284122,0.125599400516881,0.1143255011912801,0.0434116919582196,0.0574213051290199,0.0452139247549966,0.0303211462126326,1.00342343230624,1.12564164720359,0.4509547005472761,2230,,,False,,,2025
dna,tabpfn,icl,covariate_shift,0.1,241586660,test_only,False,high,True,ok,,0.9728033472803348,0.9953298323345656,0.1208392704998604,0.1099926441259441,0.0379030986049714,0.053854831742334,0.0385835341960124,0.0271371858614196,1.1441016428457529,0.8390433982828561,0.4537075304503707,2230,,,False,,,2025
dna,tabpfn,icl,covariate_shift,0.2,1453618175,test_only,False,high,True,ok,,0.9728033472803348,0.9957579307353788,0.1019754102518305,0.0928220185625806,0.0221630212196596,0.0484090350462413,0.0222779353127809,0.0181218481231941,0.9986823394779584,0.6876508978612834,0.4621565680367266,2230,,,False,,,2025
dna,tabpfn,icl,covariate_shift,0.3,4202140642,test_only,False,high,True,ok,,0.9738493723849372,0.9954636372329698,0.1251707753536797,0.113935349754215,0.045865244153878,0.0550247839584562,0.046853752929259,0.0312262717140386,1.207002011407443,0.952417252779886,0.4511360251322398,2230,,,False,,,2025
dna,tabpfn,icl,covariate_shift,0.4,124831958,test_only,False,high,True,ok,,0.9707112970711296,0.9956966185828708,0.1019066885447478,0.0927594653690732,0.0165592003830955,0.0493285692859854,0.0206099477289464,0.0176416380643014,0.9917654233886298,0.5459097393482236,0.462960831377333,2230,,,False,,,2025
dna,tabpfn,icl,label_noise,0.0,3078527293,train_only,False,high,True,ok,,0.9728033472803348,0.9955787595127612,0.1130110760563643,0.1028671144698117,0.0358780594838465,0.0527766167472764,0.0379154394440168,0.0244907060219124,1.0005481815732526,1.0382742936259002,0.4563373216838037,2230,,,False,,,2025
dna,tabpfn,icl,label_noise,0.05,2489618785,train_only,False,high,True,ok,,0.9686192468619248,0.9940231356984354,0.1583219236094591,0.1441108253043473,0.0789847511556615,0.0662662794233132,0.0763806287782771,0.0535172984557332,1.5926692371200155,0.7497839468952453,0.4341707867013045,2230,,,False,,,2025
dna,tabpfn,icl,label_noise,0.1,1512205900,train_only,False,high,True,ok,,0.9623430962343096,0.995025956041352,0.1954067435669573,0.1778668831420559,0.1016592055777735,0.0768046311827248,0.1016592055777734,0.0689483215951766,2.4256996022791077,-0.0713986729470132,0.418918642991448,2230,,,True,ece,,2025
dna,tabpfn,icl,label_noise,0.2,1341700347,train_only,False,high,True,ok,,0.9602510460251046,0.9953190139634264,0.2823615409873351,0.257016550697474,0.1781709599819521,0.1081502513572746,0.1760267429350691,0.1206099495693303,3.1577407594788385,0.2006043860850369,0.3796601545853322,2230,,,True,ece,,2025
dna,tabpfn,icl,label_noise,0.3,4232428708,train_only,False,high,True,ok,,0.9571129707112972,0.9923479664682012,0.4428076389869498,0.4030608828559369,0.293862719973751,0.2006248291484513,0.2933138497664406,0.1967270623408692,3.873454275377835,1.5173661918892336,0.3111979250190336,2230,,,True,ece,,2025
dna,tabpfn,icl,label_noise,0.4,449380254,train_only,False,high,True,ok,,0.9476987447698744,0.9853488184149284,0.5562308414245228,0.5063031309242526,0.3536979949298292,0.277899436113763,0.35334510326022,0.2387703212722288,4.171833525227398,1.844841559200514,0.2643963598974644,2230,,,True,ece,,2025
dresses-sales,tabpfn,icl,covariate_shift,0.0,1556709784,test_only,True,medium,True,ok,,0.6466666666666666,0.6684911512497719,0.6411459932915026,0.9249781450074794,0.0551187056984384,0.4488063328532413,0.132747981970529,0.0649054179870066,1.0533600186105083,0.0962439781427392,0.0424547182954886,350,,,True,nll,,2025
dresses-sales,tabpfn,icl,covariate_shift,0.05,3857330473,test_only,True,low,True,ok,,0.6333333333333333,0.6599160737091772,0.6432259657927417,0.9279789110202024,0.072168299507949,0.451007185116576,0.1011840419734952,0.0633536163679613,1.354032603271998,-0.0812409912835282,0.0331432925905613,350,,,True,nll,,2025
dresses-sales,tabpfn,icl,covariate_shift,0.1,914383080,test_only,True,low,True,ok,,0.6466666666666666,0.6664842182083561,0.6403953398294997,0.9238951809804216,0.0481096280673512,0.448357443424795,0.0931256111043913,0.0746148067275762,1.11326153216056,0.0715844220826202,0.0434789964653278,350,,,True,nll,,2025
dresses-sales,tabpfn,icl,covariate_shift,0.2,736210976,test_only,True,low,True,ok,,0.6533333333333333,0.6635650428753876,0.6420305283730573,0.9262542593831308,0.0526493338034925,0.4499516097386606,0.1085469259767462,0.0473996058200221,0.8482682327472338,0.2270207923830708,0.0418416204307479,350,,,True,nll,,2025
dresses-sales,tabpfn,icl,covariate_shift,0.3,3610198916,test_only,True,low,True,ok,,0.64,0.6526181353767561,0.6447393933597784,0.9301623254659108,0.0442844400794577,0.4524423902297942,0.1355884078901891,0.0663781944256686,1.043197354289347,0.0797442346428501,0.0365107617261998,350,,,True,nll,,2025
dresses-sales,tabpfn,icl,covariate_shift,0.4,3757171847,test_only,True,low,True,ok,,0.6533333333333333,0.6694033935413246,0.6406338246505605,0.9242392418490936,0.0518017821813009,0.4486852979941176,0.1031209535884944,0.0642823646813212,0.9463590572313432,0.1862453024038256,0.0446590587484753,350,,,True,nll,,2025
dresses-sales,tabpfn,icl,label_noise,0.0,2748419202,train_only,True,medium,True,ok,,0.6466666666666666,0.6684911512497719,0.6411459932915026,0.9249781450074794,0.0551187056984384,0.4488063328532413,0.132747981970529,0.0649054179870066,1.0533600186105083,0.0962439781427392,0.0424547182954886,350,,,True,nll,,2025
dresses-sales,tabpfn,icl,label_noise,0.05,2502881336,train_only,True,medium,True,ok,,0.6266666666666667,0.671957671957672,0.6543147420883717,0.943976633591435,0.0753311936877248,0.4593636080753458,0.1320673448072193,0.0811895874362932,1.077748792295424,0.0692961537595877,0.0309259563702096,350,,,True,nll,,2025
dresses-sales,tabpfn,icl,label_noise,0.1,2404955781,train_only,True,medium,True,ok,,0.6,0.6042692939244664,0.6649759626488457,0.9593575236238544,0.0957831740460967,0.4714999638202662,0.1412808410785082,0.1049503796088493,0.8910468077986393,-0.0144130923177711,-0.0054696390228123,350,,,True,nll,,2025
dresses-sales,tabpfn,icl,label_noise,0.2,4244143538,train_only,True,medium,True,ok,,0.6133333333333333,0.6473271300857507,0.6682068407658079,0.9640186954609123,0.0576162059167392,0.4739524836122459,0.1171753347990092,0.062887854848949,0.7112924105892797,0.2408668259363773,0.0178356457083911,350,,,True,nll,,2025
dresses-sales,tabpfn,icl,label_noise,0.3,4118060504,train_only,True,medium,True,ok,,0.5133333333333333,0.5497172048896187,0.6839654370353521,0.986753544150355,0.0637363605618998,0.491090413289993,0.1056480631450429,0.0916012262534118,2.0918599139356915,-0.4124246955145281,-0.0393723136461199,350,,,True,nll,,2025
dresses-sales,tabpfn,icl,label_noise,0.4,2208014289,train_only,True,medium,True,ok,,0.5666666666666667,0.5155993431855501,0.6947737598276124,1.0023466578430762,0.0583248256314936,0.501316704152766,0.1189911504357496,0.097074028108028,-2.051090941088217,0.533047938839612,-0.0469091923642791,350,,,True,nll,,2025
eucalyptus,tabpfn,icl,covariate_shift,0.0,165617071,test_only,True,low,True,ok,,0.7194570135746606,0.9296217237846106,0.6355119920242613,0.394865801976243,0.0512847379610446,0.3732319135036984,0.0616305390632754,0.0399999436245173,1.115382744084263,-0.0954128155466888,0.3045694671757309,515,,,False,,,2025
eucalyptus,tabpfn,icl,covariate_shift,0.05,1696981830,test_only,True,low,True,ok,,0.4796380090497738,0.8500019513817311,1.0908865960889065,0.6778059517928584,0.1709290152515294,0.6154265925308277,0.1737890095482634,0.1093682231091276,0.7252558660156988,-0.6344101240658385,0.1319187957529085,515,,,True,ece,,2025
eucalyptus,tabpfn,icl,covariate_shift,0.1,3494454762,test_only,True,low,True,ok,,0.4389140271493212,0.8319548400693495,1.178016422082946,0.7319427565250552,0.2051020326987991,0.6565327256674675,0.2162475282644043,0.1232622643880407,0.8618577294958598,-0.9822555443887704,0.096418064599394,515,,,True,ece,,2025
eucalyptus,tabpfn,icl,covariate_shift,0.2,1856207843,test_only,True,low,True,ok,,0.3529411764705882,0.7864155548788794,1.5200806306257353,0.9444791991551748,0.31950813644991,0.8042565882289423,0.3204662512648565,0.1737567330312845,0.913886932019037,-1.741126850675271,-0.0190587663583384,515,,,True,ece;nll,,2025
eucalyptus,tabpfn,icl,covariate_shift,0.3,4148881845,test_only,True,low,True,ok,,0.3212669683257919,0.7555442240289473,1.839836230171716,1.143154523674146,0.3913984481725216,0.9298551928843312,0.3921004211924749,0.2171149061779691,0.993491618743162,-2.321994359128519,-0.1085955230777478,515,,,True,ece;nll,,2025
eucalyptus,tabpfn,icl,covariate_shift,0.4,1436771212,test_only,True,low,True,ok,,0.2760180995475113,0.7247427437721855,2.38882989745044,1.484263468006413,0.5075612168549962,1.0857810429322383,0.5122817814385381,0.247801042473247,1.8099150255123744,-5.201588868393255,-0.2517286085205315,515,,,True,ece;nll,,2025
eucalyptus,tabpfn,icl,label_noise,0.0,2905744731,train_only,True,low,True,ok,,0.7194570135746606,0.9296217237846106,0.6355119920242613,0.394865801976243,0.0512847379610446,0.3732319135036984,0.0616305390632754,0.0399999436245173,1.115382744084263,-0.0954128155466888,0.3045694671757309,515,,,False,,,2025
eucalyptus,tabpfn,icl,label_noise,0.05,4198251468,train_only,True,low,True,ok,,0.7149321266968326,0.9222820862132268,0.6888608111967907,0.428013287045639,0.0589723429570297,0.3899053620205862,0.1012756879449581,0.0505377839729768,1.4738460374926416,0.0117852560595004,0.2898400944740566,515,,,False,,,2025
eucalyptus,tabpfn,icl,label_noise,0.1,1449724635,train_only,True,low,True,ok,,0.7149321266968326,0.917270480429097,0.7458267488824465,0.4634082142096829,0.1324853640473752,0.4067894976305531,0.1423899617618718,0.0684348504737677,1.585742413455279,0.2689421345249129,0.2627649500823288,515,,,True,ece,,2025
eucalyptus,tabpfn,icl,label_noise,0.2,1987676078,train_only,True,low,True,ok,,0.6515837104072398,0.905590177772757,0.85390498372459,0.5305609971826446,0.1067907810944539,0.4590600186108929,0.1052306652212188,0.0656567863865457,1.9239849516591263,0.4913154627321613,0.2341676634078666,515,,,True,ece,,2025
eucalyptus,tabpfn,icl,label_noise,0.3,1448054271,train_only,True,low,True,ok,,0.6787330316742082,0.9006003505417833,0.9369096999060802,0.5821347270794099,0.1956391680831078,0.4913888661531969,0.1941539841057541,0.1003991877101432,1.8989816494298013,1.005837871712527,0.2032518257003108,515,,,True,ece,,2025
eucalyptus,tabpfn,icl,label_noise,0.4,991082103,train_only,True,low,True,ok,,0.5927601809954751,0.89091266919343,1.124013644161544,0.6983889440392238,0.2056038416771481,0.5721048034461104,0.2241361206818088,0.1199272504550004,2.7518697960421585,1.739476748083689,0.150096009819825,515,,,True,ece,,2025
first-order-theorem-proving,tabpfn,icl,covariate_shift,0.0,2955726059,test_only,False,high,True,ok,,0.6220043572984749,0.8540786167166096,1.049783768402986,0.58589547672672,0.0249823335837234,0.5052210127341686,0.0344018275492677,0.0203862703955676,1.003700876773951,0.0774143691396982,0.2114630597108238,4282,,,False,,,2025
first-order-theorem-proving,tabpfn,icl,covariate_shift,0.05,2055159351,test_only,False,low,True,ok,,0.4183006535947712,0.7267057516324577,1.4838284703589737,0.8281404372866256,0.1163105362478259,0.7001730495151902,0.1480689674630195,0.0468043178100047,2.747548446629681,0.590355181724882,0.0453878726750229,4282,,,True,ece;nll,,2025
first-order-theorem-proving,tabpfn,icl,covariate_shift,0.1,2398824432,test_only,False,low,True,ok,,0.4172113289760348,0.6742199217852547,1.534336434436126,0.8563294687635531,0.0876131332844671,0.7244298373863475,0.1160073448122718,0.0324547766934185,2.919865824610282,0.6366847038127433,0.0241372046852849,4282,,,True,nll,,2025
first-order-theorem-proving,tabpfn,icl,covariate_shift,0.2,2553389536,test_only,False,low,True,ok,,0.4172113289760348,0.6276678797133112,1.5692651778004172,0.8758235716072453,0.1057344811776065,0.7403677679968731,0.1351494363594994,0.0325039544153536,2.760961723173826,0.4054395228133866,-0.0016285104716307,4282,,,True,ece;nll,,2025
first-order-theorem-proving,tabpfn,icl,covariate_shift,0.3,2401329290,test_only,False,low,True,ok,,0.4172113289760348,0.6360446310496722,1.5873350486629572,0.8859085585560376,0.1163469225965125,0.7458995484860383,0.1286026613908274,0.0431041715987134,5.076918381484922,1.4813372004194592,-0.0038446318723232,4282,,,True,ece;nll,,2025
first-order-theorem-proving,tabpfn,icl,covariate_shift,0.4,4014092232,test_only,False,low,True,ok,,0.4172113289760348,0.6132821309464493,1.5931335347117477,0.8891447552377767,0.0436181204276477,0.7484345679909105,0.1504286129262415,0.0282136102496762,5.506160194293389,1.3319615794272792,0.0017633945207999,4282,,,True,nll,,2025
first-order-theorem-proving,tabpfn,icl,label_noise,0.0,3576817478,train_only,False,high,True,ok,,0.6220043572984749,0.8540786167166096,1.049783768402986,0.58589547672672,0.0249823335837234,0.5052210127341686,0.0344018275492677,0.0203862703955676,1.003700876773951,0.0774143691396982,0.2114630597108238,4282,,,False,,,2025
first-order-theorem-proving,tabpfn,icl,label_noise,0.05,3549601606,train_only,False,high,True,ok,,0.6160130718954249,0.8450153964037534,1.0849635739636936,0.6055297000501575,0.0520910191037096,0.519061034575329,0.0539044038092667,0.0262206506093476,1.1133541074504774,0.2292486630373818,0.1960802356898382,4282,,,False,,,2025
first-order-theorem-proving,tabpfn,icl,label_noise,0.1,3606808569,train_only,False,high,True,ok,,0.6018518518518519,0.8403256183943763,1.1239646654141575,0.6272966236357586,0.0823821087907926,0.533055825663724,0.0815052626020175,0.0325810268397631,1.3014575287230152,0.3756315033293103,0.1797263353669233,4282,,,False,,,2025
first-order-theorem-proving,tabpfn,icl,label_noise,0.2,3863452884,train_only,False,high,True,ok,,0.5729847494553377,0.8129970674141531,1.2264251460963682,0.684480906706049,0.1100192680211671,0.5779820216232255,0.1089890833154012,0.0428829591963448,1.3424509895889771,0.608206068590294,0.1431485603972061,4282,,,True,ece,,2025
first-order-theorem-proving,tabpfn,icl,label_noise,0.3,1953666870,train_only,False,high,True,ok,,0.5544662309368191,0.8041863444666643,1.2983943148476644,0.7246476645702075,0.1510547852381572,0.6082939359463494,0.1510547852381573,0.0576117253262157,1.590006609463965,1.0158666917302006,0.1170298987851616,4282,,,True,ece,,2025
first-order-theorem-proving,tabpfn,icl,label_noise,0.4,1256828820,train_only,False,high,True,ok,,0.514161220043573,0.7734629220320483,1.39816444936274,0.7803304368555185,0.1592585098430693,0.6545677190074933,0.1592585098430693,0.0636753079323027,2.1959320939013574,1.5331187537790971,0.0818853726924834,4282,,,True,ece;nll,,2025
ilpd,tabpfn,icl,covariate_shift,0.0,2190470537,test_only,True,medium,True,ok,,0.7142857142857143,0.7580800000000001,0.4947048716283529,0.713708265001836,0.0871894731003339,0.3367768665049951,0.0936768690304998,0.0697674386260343,1.015440502755106,-0.2525924939055138,0.1409204830222395,408,,,False,,,2025
ilpd,tabpfn,icl,covariate_shift,0.05,4071547301,test_only,True,low,True,ok,,0.7142857142857143,0.7436799999999999,0.5714866439602507,0.8244809471757304,0.138618757580257,0.3907572813166035,0.1538412105183778,0.138618757580257,1.0130153674527649,-0.9002847278950019,0.0923628214740865,408,,,True,ece;nll,,2025
ilpd,tabpfn,icl,covariate_shift,0.1,3005701233,test_only,True,low,True,ok,,0.7142857142857143,0.72208,0.738830880408919,1.0659076472215745,0.2148692322294953,0.4741302355194252,0.2155530303303625,0.2148692322294952,1.175707481041243,-2.169806760112216,-0.0028752834695141,408,,,True,ece;nll,,2025
ilpd,tabpfn,icl,covariate_shift,0.2,3597087279,test_only,True,low,True,ok,,0.7142857142857143,0.66096,1.0238522363041,1.4771065439190003,0.2593011128764456,0.5380213086676972,0.2619348389553116,0.2593011128764457,1.6849973269498966,-5.185264957029776,-0.156513328608132,408,,,True,ece;nll,,2025
ilpd,tabpfn,icl,covariate_shift,0.3,2694714223,test_only,True,low,True,ok,,0.7142857142857143,0.67056,1.0812343956357546,1.5598915006222789,0.2645450818102426,0.5440924206116142,0.2669772331239261,0.2645450818102426,1.8092830597677552,-6.037008124535149,-0.179037609405875,408,,,True,ece;nll,,2025
ilpd,tabpfn,icl,covariate_shift,0.4,55106100,test_only,True,low,True,ok,,0.7142857142857143,0.6686399999999999,1.150083694780283,1.6592200430667703,0.2689624853079798,0.5498969809571614,0.2698966614157993,0.2689624853079798,1.878686449686688,-6.752002235503511,-0.21039165283877,408,,,True,ece;nll,,2025
ilpd,tabpfn,icl,label_noise,0.0,3142335631,train_only,True,medium,True,ok,,0.7142857142857143,0.7580800000000001,0.4947048716283529,0.713708265001836,0.0871894731003339,0.3367768665049951,0.0936768690304998,0.0697674386260343,1.015440502755106,-0.2525924939055138,0.1409204830222395,408,,,False,,,2025
ilpd,tabpfn,icl,label_noise,0.05,1472103834,train_only,True,medium,True,ok,,0.72,0.7592,0.5073780481852908,0.7319917939728405,0.0696260940757157,0.3427350764675489,0.1425539924302235,0.0731487275791476,1.3279672532319926,-0.2034208753824496,0.1401972429930046,408,,,False,,,2025
ilpd,tabpfn,icl,label_noise,0.1,4012298396,train_only,True,medium,True,ok,,0.7257142857142858,0.7552,0.5356388788137536,0.7727635541719268,0.067407132297397,0.3531413663694913,0.1051076222570643,0.0752225208896028,1.0129570950701776,0.2238674744507923,0.1278666501460854,408,,,True,nll,,2025
ilpd,tabpfn,icl,label_noise,0.2,776135247,train_only,True,medium,True,ok,,0.7142857142857143,0.68336,0.5775532396448212,0.8332331946849386,0.1121771463639538,0.3920316623371239,0.1508520165537921,0.1144304847695004,2.3182001194576545,-0.657181601077048,0.0739134694645847,408,,,True,ece;nll,,2025
ilpd,tabpfn,icl,label_noise,0.3,4026770389,train_only,True,medium,True,ok,,0.7085714285714285,0.56992,0.6563836823158345,0.9469614833974912,0.1124380570025402,0.4380745726943873,0.1208017093457898,0.113072458736858,0.0725769877667898,0.8439059086572077,-0.0008183421340412,408,,,True,ece;nll,,2025
ilpd,tabpfn,icl,label_noise,0.4,104379383,train_only,True,medium,True,ok,,0.6971428571428572,0.5107200000000001,0.6740151492493899,0.9723983133061294,0.1729701110363523,0.4800688385876627,0.1625125014688282,0.1869535532299124,-0.2035684376057891,0.869344786014888,-0.0429900876276806,408,,,True,ece;nll,,2025
kc1,tabpfn,icl,covariate_shift,0.0,1915945451,test_only,False,high,True,ok,,0.8736176935229067,0.8410070570284188,0.3247460375382513,0.4685094979047763,0.0251196213409841,0.193823011030411,0.028624832892682,0.0359183647246311,0.6712096756223057,0.4375804438951222,0.2798183503487528,1476,,,False,,,2025
kc1,tabpfn,icl,covariate_shift,0.05,2572958939,test_only,False,low,True,ok,,0.8609794628751974,0.7872973488460805,0.4126951235065854,0.5953932080820091,0.1230971411127812,0.2435635662279578,0.116951612582328,0.1271842319815176,2.2650809871547146,-0.4605499265915789,0.2014636008802488,1476,,,True,ece,,2025
kc1,tabpfn,icl,covariate_shift,0.1,668613314,test_only,False,low,True,ok,,0.8641390205371248,0.6862292580583635,0.4568763562506648,0.6591332534622535,0.1649477317969618,0.2768769648488593,0.1649477317969618,0.1660072014385388,2.3190618039639523,-0.0092966783939689,0.1390715710029275,1476,,,True,ece,,2025
kc1,tabpfn,icl,covariate_shift,0.2,2158002556,test_only,False,low,True,ok,,0.8578199052132701,0.7103375929811178,0.4926476045153814,0.7107402559401681,0.2072548517480179,0.3070170920359091,0.1996377890246064,0.2067946493764718,3.5326108257017164,-0.3552402015462358,0.1226180961937276,1476,,,True,ece,,2025
kc1,tabpfn,icl,covariate_shift,0.3,2844756758,test_only,False,low,True,ok,,0.8625592417061612,0.691703223345413,0.49517572013041,0.7143875558007637,0.2076125469923919,0.3094305338960145,0.2076125469923919,0.2088219625306062,2.8103731097076383,0.1640357908708732,0.1156412382881112,1476,,,True,ece,,2025
kc1,tabpfn,icl,covariate_shift,0.4,2353319509,test_only,False,low,True,ok,,0.8593996840442338,0.7135800114438298,0.5115239134878816,0.737973013285082,0.2206329078732235,0.3240119121478974,0.2206329078732235,0.2327782276433857,3.4070475725606246,0.026924465253687,0.1131444710518061,1476,,,True,ece,,2025
kc1,tabpfn,icl,label_noise,0.0,1761397832,train_only,False,high,True,ok,,0.8736176935229067,0.8410070570284188,0.3247460375382513,0.4685094979047763,0.0251196213409841,0.193823011030411,0.028624832892682,0.0359183647246311,0.6712096756223057,0.4375804438951222,0.2798183503487528,1476,,,False,,,2025
kc1,tabpfn,icl,label_noise,0.05,3312144339,train_only,False,high,True,ok,,0.8625592417061612,0.8240701888231928,0.3346541750211976,0.4828039187158691,0.0338961525029089,0.204557205053694,0.0297004059161457,0.0452717613111751,1.085217645956492,0.113443147158272,0.266188046228699,1476,,,False,,,2025
kc1,tabpfn,icl,label_noise,0.1,3969714180,train_only,False,high,True,ok,,0.8657187993680885,0.8154873164218959,0.3537286335188174,0.5103225453980275,0.0594744646507237,0.2160584384811862,0.0679088023064019,0.0659648685128166,1.0963339660453366,0.3703306809898815,0.2502867241033238,1476,,,False,,,2025
kc1,tabpfn,icl,label_noise,0.2,2725841977,train_only,False,high,True,ok,,0.8578199052132701,0.7863436963570476,0.4201136470542556,0.6060958752149509,0.1307846430331864,0.2525864136857109,0.1307846430331865,0.1285967112703585,1.907196363733384,0.1362140153685298,0.1959075883358346,1476,,,True,ece,,2025
kc1,tabpfn,icl,label_noise,0.3,1945357939,train_only,False,high,True,ok,,0.8388625592417062,0.7647720770551211,0.4985531885263084,0.7192602127062856,0.1830019019769052,0.3145190016124644,0.2091923075695994,0.1899361693336,4.707360797563924,-0.9845643764495798,0.1411211666482816,1476,,,True,ece,,2025
kc1,tabpfn,icl,label_noise,0.4,1130684248,train_only,False,high,True,ok,,0.8451816745655608,0.7803929048254815,0.6052122609459679,0.8731367275519452,0.2790074900961794,0.4126450695812611,0.2790074900961795,0.2790074900961795,20.08633767075048,-3.421040317102759,0.0821722515889332,1476,,,True,ece;nll,,2025
kr-vs-kp,tabpfn,icl,covariate_shift,0.0,3684935511,test_only,True,low,True,ok,,0.9979144942648592,0.99999128380793,0.0079730080601991,0.011502619189417,0.0061895184458204,0.0031462482025196,0.0038199568774664,0.0066317025197768,5.283543962125859,-4.532792925132845,0.4949954340265151,2237,,,False,,,2025
kr-vs-kp,tabpfn,icl,covariate_shift,0.05,1708560686,test_only,True,low,True,ok,,0.9979144942648592,0.999995641903965,0.0072657652257492,0.0104822834594518,0.0055213088180445,0.002792997289149,0.0034655706421761,0.0061376780694869,11.824335593361686,-10.0255738493108,0.4954367020046721,2237,,,False,,,2025
kr-vs-kp,tabpfn,icl,covariate_shift,0.1,3312933832,test_only,True,low,True,ok,,0.9989572471324296,0.999995641903965,0.0069732850290627,0.010060323730134,0.0052771062721067,0.0025938782412436,0.0042138285233545,0.0058238957894746,1.7451294096053058,0.4681720403033702,0.4957685433627906,2237,,,False,,,2025
kr-vs-kp,tabpfn,icl,covariate_shift,0.2,3406952188,test_only,True,low,True,ok,,0.9989572471324296,0.999995641903965,0.0069821784639482,0.0100731542445398,0.0043725636076801,0.0024696404532046,0.00437256360768,0.0045803429613224,3.249073878294822,-1.6103391407190648,0.4959456027413542,2237,,,False,,,2025
kr-vs-kp,tabpfn,icl,covariate_shift,0.3,325216560,test_only,True,low,True,ok,,0.9989572471324296,0.99999128380793,0.0063750089027814,0.0091971937296657,0.0047318566412218,0.0024137798881456,0.0035603489645488,0.0047318566412218,1.6483159117741075,0.3863833222254733,0.4961350069554958,2237,,,False,,,2025
kr-vs-kp,tabpfn,icl,covariate_shift,0.4,1128037177,test_only,True,low,True,ok,,0.9989572471324296,0.999995641903965,0.0067438835002747,0.0097293672821792,0.0051895111163015,0.0024727043210693,0.0041657157722139,0.0051895111163014,2.815149333793771,-0.9484581644415488,0.4958853493283381,2237,,,False,,,2025
kr-vs-kp,tabpfn,icl,label_noise,0.0,4251799596,train_only,True,low,True,ok,,0.9979144942648592,0.99999128380793,0.0079730080601991,0.011502619189417,0.0061895184458204,0.0031462482025196,0.0038199568774664,0.0066317025197768,5.283543962125859,-4.532792925132845,0.4949954340265151,2237,,,False,,,2025
kr-vs-kp,tabpfn,icl,label_noise,0.05,3928890908,train_only,True,low,True,ok,,0.9979144942648592,0.99994770284758,0.0537334697718018,0.0775210103695356,0.0464741697941519,0.0098774462773053,0.0464741697941518,0.0464741697941519,2.1058591384245227,0.7863897360521319,0.4671177330666907,2237,,,False,,,2025
kr-vs-kp,tabpfn,icl,label_noise,0.1,4109466924,train_only,True,low,True,ok,,0.9979144942648592,0.99996513523172,0.1019014901914416,0.1470127745583882,0.092239058859596,0.0230568084509306,0.0919155856333054,0.0931044143820621,2.864818645144843,1.0522809173848595,0.4371233273313952,2237,,,False,,,2025
kr-vs-kp,tabpfn,icl,label_noise,0.2,1741581246,train_only,True,low,True,ok,,0.9833159541188738,0.9989104759912488,0.2319669064814907,0.3346575056312006,0.1819021968892088,0.0922797924944404,0.1811909868232981,0.186871320199071,4.767215273372698,-1.1209082517669384,0.3603383686475663,2237,,,True,ece,,2025
kr-vs-kp,tabpfn,icl,label_noise,0.3,263279793,train_only,True,low,True,ok,,0.9572471324296142,0.9867426718615172,0.3924183556058567,0.5661400155863713,0.2638500758131091,0.2155560693061413,0.2638500758131091,0.2662648463957142,3.582047559627521,0.5592458559750602,0.26633498517744,2237,,,True,ece,,2025
kr-vs-kp,tabpfn,icl,label_noise,0.4,2427008519,train_only,True,low,True,ok,,0.8613138686131386,0.9445257955704311,0.5777382032890785,0.8335000408172535,0.2854222391006233,0.3860565832676328,0.2909139232139074,0.292685736282389,9.886753281140544,-0.6327972496625424,0.152646648676321,2237,,,True,ece;nll,,2025
mfeat-factors,tabpfn,icl,covariate_shift,0.0,2579488397,test_only,True,medium,True,ok,,0.9783333333333334,0.9994907407407408,0.0719730622034963,0.0312575037606579,0.0146049852614717,0.0315516458244781,0.0051209295223324,0.0054049112671206,1.0212911521008234,-0.0333367761777848,0.4842735110787675,1400,,,False,,,2025
mfeat-factors,tabpfn,icl,covariate_shift,0.05,1256887750,test_only,True,low,True,ok,,0.9766666666666668,0.9993641975308644,0.0793384420238223,0.0344562475737471,0.0144498390908507,0.0329364086718085,0.0068990075276903,0.0053215638334265,1.2175501563228124,-0.1497553215334799,0.4830506270455082,1400,,,False,,,2025
mfeat-factors,tabpfn,icl,covariate_shift,0.1,4221990261,test_only,True,low,True,ok,,0.9733333333333334,0.9990524691358026,0.093576871483979,0.0406399189192618,0.0218262328324767,0.039382453604628,0.0144680751948756,0.0072886410186567,1.43675748844156,-0.0195163653667946,0.479111141955257,1400,,,False,,,2025
mfeat-factors,tabpfn,icl,covariate_shift,0.2,524203400,test_only,True,low,True,ok,,0.9616666666666668,0.9982932098765432,0.2166319267297873,0.0940820503828162,0.1057968026994664,0.0823669373235365,0.1037643879483143,0.0250688143040882,2.371061679339128,0.8746827221907917,0.4442686478020519,1400,,,True,ece,,2025
mfeat-factors,tabpfn,icl,covariate_shift,0.3,3026707802,test_only,True,low,True,ok,,0.9133333333333332,0.9953148148148148,0.4907855443525171,0.2131454537101818,0.2204226076690395,0.2197317132535609,0.2204226076690395,0.0545763712494557,1.9301562395407736,1.7268525551933038,0.3773320275383227,1400,,,True,ece,,2025
mfeat-factors,tabpfn,icl,covariate_shift,0.4,412163316,test_only,True,low,True,ok,,0.7116666666666667,0.990364197530864,0.8689402355647609,0.3773759494094874,0.1715660686145631,0.4170609404377186,0.1709065422844504,0.0821470894773127,1.4487652105007311,0.9635819192522256,0.3058514705900436,1400,,,True,ece,,2025
mfeat-factors,tabpfn,icl,label_noise,0.0,3016924909,train_only,True,medium,True,ok,,0.9783333333333334,0.9994907407407408,0.0719730622034963,0.0312575037606579,0.0146049852614717,0.0315516458244781,0.0051209295223324,0.0054049112671206,1.0212911521008234,-0.0333367761777848,0.4842735110787675,1400,,,False,,,2025
mfeat-factors,tabpfn,icl,label_noise,0.05,3410645066,train_only,True,medium,True,ok,,0.9783333333333334,0.9986604938271606,0.1086463933313626,0.047184529102501,0.0452792519277135,0.0333056093060845,0.0411265642904493,0.0111243898123721,1.9311372035282872,0.3913532621235094,0.4730699637232132,1400,,,False,,,2025
mfeat-factors,tabpfn,icl,label_noise,0.1,3702865878,train_only,True,medium,True,ok,,0.98,0.9985864197530864,0.1551639956926895,0.067386867119395,0.0845778862264213,0.0397227449390733,0.0825280757756545,0.018268111558712,2.3587245483369617,0.4716691363577697,0.4593736095324774,1400,,,False,,,2025
mfeat-factors,tabpfn,icl,label_noise,0.2,1856988054,train_only,True,medium,True,ok,,0.975,0.9983796296296298,0.2550429074659497,0.1107637273610236,0.1718060253003773,0.0694418381090468,0.1619971860171171,0.0357555073371129,3.077735628235077,1.019674264081394,0.4280925471019878,1400,,,True,ece,,2025
mfeat-factors,tabpfn,icl,label_noise,0.3,3997351225,train_only,True,medium,True,ok,,0.975,0.9964012345679012,0.3600480556675548,0.1563668837964139,0.2471887750298332,0.1084740788782842,0.2456171926597887,0.0518766209888047,3.2878835282350454,2.031869643978915,0.3986426119538746,1400,,,True,ece,,2025
mfeat-factors,tabpfn,icl,label_noise,0.4,3765226016,train_only,True,medium,True,ok,,0.9783333333333334,0.998395061728395,0.5051295590334132,0.2193749801344342,0.3508799158414401,0.1775469373571296,0.35087991584144,0.0716963948578264,3.1639865202860045,3.278794583997777,0.3601997943963199,1400,,,True,ece,,2025
mfeat-fourier,tabpfn,icl,covariate_shift,0.0,869534127,test_only,True,medium,True,ok,,0.8983333333333333,0.99270987654321,0.2684549523952628,0.1165885044648627,0.0416769394336968,0.1451786336464734,0.0391883960836769,0.0149424373088372,0.9595418788413774,0.1224596340277625,0.4388865175639252,1400,,,False,,,2025
mfeat-fourier,tabpfn,icl,covariate_shift,0.05,3343844542,test_only,True,low,True,ok,,0.8616666666666667,0.9914567901234568,0.301599275295812,0.1309829010069908,0.0306951845432648,0.1706263778734144,0.0334869568119655,0.017422815530324,1.470859325566217,-0.3755546868511618,0.4308259693324596,1400,,,False,,,2025
mfeat-fourier,tabpfn,icl,covariate_shift,0.1,2997208375,test_only,True,low,True,ok,,0.8516666666666667,0.9885987654320988,0.4069816938183776,0.1767499038609601,0.0590475233910477,0.2067083609509927,0.0524107059121064,0.0235674321477709,1.6042821064718833,0.181255709818527,0.4089250920647371,1400,,,False,,,2025
mfeat-fourier,tabpfn,icl,covariate_shift,0.2,3802021890,test_only,True,low,True,ok,,0.6683333333333333,0.966929012345679,0.9553108198017748,0.4148862175423826,0.067779237310338,0.4373885417547237,0.0706964497619505,0.0572865948954295,1.5283856118009862,0.23968115933203,0.3006534415962052,1400,,,False,,,2025
mfeat-fourier,tabpfn,icl,covariate_shift,0.3,1442864215,test_only,True,low,True,ok,,0.5533333333333333,0.9332253086419752,1.409728391016932,0.6122372612010033,0.0829228483520477,0.5901433300243526,0.0981398598181369,0.0705910011775911,1.815792497558569,0.3720500446122508,0.2093731099939808,1400,,,False,,,2025
mfeat-fourier,tabpfn,icl,covariate_shift,0.4,1507176009,test_only,True,low,True,ok,,0.465,0.8975956790123456,1.7794209446554463,0.7727926972469319,0.1126850682070428,0.7110210682935361,0.1074115000869309,0.0864552357499312,1.9745305627942185,0.6795143937876056,0.1295336648388328,1400,,,True,ece;nll,,2025
mfeat-fourier,tabpfn,icl,label_noise,0.0,640409667,train_only,True,medium,True,ok,,0.8983333333333333,0.99270987654321,0.2684549523952628,0.1165885044648627,0.0416769394336968,0.1451786336464734,0.0391883960836769,0.0149424373088372,0.9595418788413774,0.1224596340277625,0.4388865175639252,1400,,,False,,,2025
mfeat-fourier,tabpfn,icl,label_noise,0.05,710828428,train_only,True,medium,True,ok,,0.8783333333333333,0.9906327160493829,0.3348927843491297,0.1454420882720427,0.0585581376113325,0.1732532810533355,0.0681524704603905,0.0190900787185701,1.446206527758258,0.3011171220129669,0.4231271966134046,1400,,,False,,,2025
mfeat-fourier,tabpfn,icl,label_noise,0.1,3130064623,train_only,True,medium,True,ok,,0.88,0.9912037037037036,0.3694132143619138,0.1604341205395222,0.0980702482336815,0.1762564212505671,0.0927576221092254,0.0254594985387046,1.7118392118901955,0.4692235307073083,0.4111770104877033,1400,,,False,,,2025
mfeat-fourier,tabpfn,icl,label_noise,0.2,108638889,train_only,True,medium,True,ok,,0.8616666666666667,0.9866697530864196,0.4960855167784937,0.2154472024890228,0.1632503690624048,0.2195528554726497,0.153581323331769,0.0360488136304783,1.97182962825986,0.830437946345292,0.377300179021059,1400,,,True,ece,,2025
mfeat-fourier,tabpfn,icl,label_noise,0.3,2174344617,train_only,True,medium,True,ok,,0.855,0.986,0.620690541025243,0.2695624769368069,0.2374710004448561,0.2683680232102656,0.2374710004448562,0.0543730573460985,2.5425313138942003,1.248789665076846,0.3449870568299867,1400,,,True,ece,,2025
mfeat-fourier,tabpfn,icl,label_noise,0.4,3712511409,train_only,True,medium,True,ok,,0.8483333333333334,0.9857407407407408,0.7651146234698561,0.3322850589964427,0.3180393687029558,0.3245747155988973,0.3180393687029558,0.072023510073018,2.8445759798667223,2.411973279227634,0.3089658678197353,1400,,,True,ece,,2025
mfeat-karhunen,tabpfn,icl,covariate_shift,0.0,3132814919,test_only,True,medium,True,ok,,0.9866666666666668,0.9997901234567902,0.0548913473211164,0.0238390092457957,0.0087010420647065,0.0215257742121574,0.0025548601060623,0.0036985514561274,0.985175000415004,0.123873803137367,0.4890346320231964,1400,,,False,,,2025
mfeat-karhunen,tabpfn,icl,covariate_shift,0.05,268060822,test_only,True,low,True,ok,,0.98,0.99970987654321,0.0602581188256076,0.0261697684958318,0.0125494274758081,0.0253931303941906,0.0054416619398213,0.0045292276221358,1.618091768110044,-0.9145715092692874,0.4865376407462122,1400,,,False,,,2025
mfeat-karhunen,tabpfn,icl,covariate_shift,0.1,4069803887,test_only,True,low,True,ok,,0.98,0.999567901234568,0.0757124120251555,0.0328814827541104,0.015326500985341,0.0319469787780772,0.0047942319233437,0.0058862497928197,1.4206998656825325,-0.2848056480651433,0.4839190204087974,1400,,,False,,,2025
mfeat-karhunen,tabpfn,icl,covariate_shift,0.2,2107055612,test_only,True,low,True,ok,,0.945,0.9980432098765432,0.2541739713936116,0.1103863532196804,0.0891718288066164,0.1054010414263117,0.088187176876407,0.025242780690317,1.9229646981649464,0.6295407067265679,0.4401148517295626,1400,,,False,,,2025
mfeat-karhunen,tabpfn,icl,covariate_shift,0.3,267665566,test_only,True,low,True,ok,,0.8166666666666667,0.9920925925925926,0.6882510393046319,0.2989036285341797,0.2077926827641708,0.3166576251917622,0.2071380283341411,0.0675001512751661,2.1123960691887764,1.0951648436140795,0.3385027822943193,1400,,,True,ece,,2025
mfeat-karhunen,tabpfn,icl,covariate_shift,0.4,3483162307,test_only,True,low,True,ok,,0.605,0.9797222222222224,1.2088596207345847,0.5250010626806879,0.1829739529273967,0.5687789039870468,0.1792964452185642,0.095451153184406,1.228565431818192,0.8654254610698572,0.2395576683880921,1400,,,True,ece,,2025
mfeat-karhunen,tabpfn,icl,label_noise,0.0,2109873718,train_only,True,medium,True,ok,,0.9866666666666668,0.9997901234567902,0.0548913473211164,0.0238390092457957,0.0087010420647065,0.0215257742121574,0.0025548601060623,0.0036985514561274,0.985175000415004,0.123873803137367,0.4890346320231964,1400,,,False,,,2025
mfeat-karhunen,tabpfn,icl,label_noise,0.05,3011246634,train_only,True,medium,True,ok,,0.985,0.9991327160493828,0.1002140647330457,0.043522415322657,0.0446840645165307,0.0291159697613179,0.0397990092223353,0.0104578513189938,1.6900403108292985,0.2742297484347096,0.4754529131171806,1400,,,False,,,2025
mfeat-karhunen,tabpfn,icl,label_noise,0.1,3068090424,train_only,True,medium,True,ok,,0.9833333333333332,0.998787037037037,0.1354493594462559,0.058824909384839,0.0843777188937767,0.032125651388715,0.0747775587629544,0.017469259319126,2.4431157578080933,-0.2072069973097544,0.4625524463687558,1400,,,False,,,2025
mfeat-karhunen,tabpfn,icl,label_noise,0.2,1488068828,train_only,True,medium,True,ok,,0.9783333333333334,0.9987808641975308,0.2324512004558788,0.1009522736697748,0.1605522022749909,0.0586706119019104,0.1558209616800123,0.0340136807166054,4.059064612183531,0.025965115280161,0.4339271799132051,1400,,,True,ece,,2025
mfeat-karhunen,tabpfn,icl,label_noise,0.3,1763944876,train_only,True,medium,True,ok,,0.9733333333333334,0.999108024691358,0.362862720617675,0.1575892772526575,0.2538542261685473,0.1105627899907428,0.2513458377938087,0.0550071504170122,4.206048818176243,1.6809625081738322,0.3976401802324685,1400,,,True,ece,,2025
mfeat-karhunen,tabpfn,icl,label_noise,0.4,2058685866,train_only,True,medium,True,ok,,0.9766666666666668,0.9985895061728396,0.5198541314522138,0.2257697806843041,0.358266003558858,0.1839820813807352,0.358266003558858,0.0736370409259545,4.0996753429793165,3.3439906965334143,0.356622192243431,1400,,,True,ece,,2025
mfeat-morphological,tabpfn,icl,covariate_shift,0.0,403790478,test_only,False,high,True,ok,,0.7433333333333333,0.9703950617283952,0.5360142242559269,0.2327880198160012,0.0429953116313437,0.300396330540593,0.0517325455675723,0.0161450130689553,1.166530259512096,-0.3302339799221807,0.3727028033338691,1400,,,False,,,2025
mfeat-morphological,tabpfn,icl,covariate_shift,0.05,4158759369,test_only,False,low,True,ok,,0.5433333333333333,0.9548611111111112,1.1346938883107682,0.4927912943427113,0.1110378916109149,0.5977755421479981,0.1135483398867911,0.0740600802134947,0.73950455708031,0.0288766209829501,0.2456564222638926,1400,,,True,ece,,2025
mfeat-morphological,tabpfn,icl,covariate_shift,0.1,366545628,test_only,False,low,True,ok,,0.38,0.9379413580246914,1.286415142341205,0.5586829977555715,0.1459479928895416,0.6704992337279765,0.1521983808102267,0.072604321816804,0.8906298027137679,-0.5523959833647772,0.1884849774040621,1400,,,True,ece,,2025
mfeat-morphological,tabpfn,icl,covariate_shift,0.2,123478435,test_only,False,low,True,ok,,0.2683333333333333,0.8473611111111111,1.7598074456676516,0.7642746628657177,0.1948251295624805,0.8134718575886759,0.1948251295624805,0.0790399884712328,0.9056814076724334,-0.9684689641334292,0.0685789641166774,1400,,,True,ece;nll,,2025
mfeat-morphological,tabpfn,icl,covariate_shift,0.3,1396970104,test_only,False,low,True,ok,,0.1516666666666666,0.778753086419753,2.3707163189546048,1.0295890154799745,0.3329251956937191,0.9788821621594348,0.3307650919791315,0.1109130319074352,1.4809980913663898,-2.178973583931856,-0.0801481635358225,1400,,,True,ece;nll,,2025
mfeat-morphological,tabpfn,icl,covariate_shift,0.4,3910843345,test_only,False,low,True,ok,,0.14,0.7151882716049383,2.8585575492014503,1.241455769821073,0.3851510470918244,1.0671567392221069,0.3851510470918243,0.1235897054389526,1.1918579427937,-2.475778918186709,-0.1781510453029584,1400,,,True,ece;nll,,2025
mfeat-morphological,tabpfn,icl,label_noise,0.0,622270010,train_only,False,high,True,ok,,0.7433333333333333,0.9703950617283952,0.5360142242559269,0.2327880198160012,0.0429953116313437,0.300396330540593,0.0517325455675723,0.0161450130689553,1.166530259512096,-0.3302339799221807,0.3727028033338691,1400,,,False,,,2025
mfeat-morphological,tabpfn,icl,label_noise,0.05,753524682,train_only,False,high,True,ok,,0.76,0.97045987654321,0.5679053745733516,0.2466381704204058,0.0391908238669018,0.3021513257860847,0.0464237452917689,0.0188494222354801,1.3436922145408,-0.0699238338469376,0.3718313408906213,1400,,,False,,,2025
mfeat-morphological,tabpfn,icl,label_noise,0.1,825164191,train_only,False,high,True,ok,,0.745,0.9701975308641976,0.6114690493824675,0.2655576340014326,0.059192453765637,0.31060622300573,0.068478944341633,0.0252149987711902,1.637823342964574,-0.1351380634299321,0.3598133548489119,1400,,,False,,,2025
mfeat-morphological,tabpfn,icl,label_noise,0.2,1981590874,train_only,False,high,True,ok,,0.7533333333333333,0.9675123456790125,0.676600497794256,0.2938438626450386,0.1068467967067032,0.3216321292272153,0.106186007675502,0.0333125786853366,1.860811625240964,0.3642920810396728,0.3421068028528021,1400,,,True,ece,,2025
mfeat-morphological,tabpfn,icl,label_noise,0.3,2789471334,train_only,False,high,True,ok,,0.74,0.9682345679012344,0.7910753755673553,0.3435596703784448,0.1692721210409845,0.3622132365258851,0.1829115918693785,0.0487055859489153,2.1855621763571573,0.8583883649582238,0.3129597734437017,1400,,,True,ece,,2025
mfeat-morphological,tabpfn,icl,label_noise,0.4,4133237024,train_only,False,high,True,ok,,0.7483333333333333,0.9661882716049384,0.9231738009560396,0.4009292875928589,0.2601295353388522,0.4131380832542404,0.2601295353388522,0.0651171728546462,2.390474092087911,1.7459789408401745,0.2781112017161003,1400,,,True,ece,,2025
mfeat-zernike,tabpfn,icl,covariate_shift,0.0,1480297329,test_only,True,medium,True,ok,,0.8383333333333334,0.9825216049382716,0.2337823775712667,0.1015303965454236,0.0608578682654615,0.1486284978709405,0.0522689701582854,0.0115970333034403,1.070015664108103,-0.7734568772623398,0.4270018691116757,1400,,,False,,,2025
mfeat-zernike,tabpfn,icl,covariate_shift,0.05,3408460837,test_only,True,low,True,ok,,0.8433333333333334,0.984574074074074,0.2571055775839966,0.1116595336112781,0.0361064426375803,0.1542054923285849,0.0360741364647463,0.0119944651843936,1.1981997358217982,-0.5698472318553081,0.4303817773150263,1400,,,False,,,2025
mfeat-zernike,tabpfn,icl,covariate_shift,0.1,468147378,test_only,True,low,True,ok,,0.7983333333333333,0.9825000000000002,0.4098207010090794,0.1779828690179656,0.035881535779117,0.2162803251163495,0.044375560660614,0.0201266071244521,1.2436040589021122,-0.4387824886356371,0.403053832138787,1400,,,False,,,2025
mfeat-zernike,tabpfn,icl,covariate_shift,0.2,1564693067,test_only,True,low,True,ok,,0.58,0.9485555555555556,1.153411725603776,0.5009203477922275,0.1088342644301725,0.5078805136529764,0.0973956018483204,0.0617071559567867,1.3651638428101045,-0.6502391290906394,0.2469514872207417,1400,,,True,ece,,2025
mfeat-zernike,tabpfn,icl,covariate_shift,0.3,3718863488,test_only,True,low,True,ok,,0.3983333333333333,0.913929012345679,1.7996074230246455,0.7815595734117345,0.1800359688578775,0.7508090265495052,0.1828156190719037,0.0919926533859193,0.9919597407197636,-0.9090421331275338,0.1091500885258918,1400,,,True,ece;nll,,2025
mfeat-zernike,tabpfn,icl,covariate_shift,0.4,2111842443,test_only,True,low,True,ok,,0.2683333333333333,0.8730185185185185,2.167238080732279,0.9412195394326228,0.2674381663321073,0.853483805276721,0.2702902709178775,0.1038313586719972,1.7320519015734417,-1.506288331562185,0.0099529863852731,1400,,,True,ece;nll,,2025
mfeat-zernike,tabpfn,icl,label_noise,0.0,652219650,train_only,True,medium,True,ok,,0.8383333333333334,0.9825216049382716,0.2337823775712667,0.1015303965454236,0.0608578682654615,0.1486284978709405,0.0522689701582854,0.0115970333034403,1.070015664108103,-0.7734568772623398,0.4270018691116757,1400,,,False,,,2025
mfeat-zernike,tabpfn,icl,label_noise,0.05,2240510467,train_only,True,medium,True,ok,,0.8533333333333334,0.9839814814814816,0.2673191306189331,0.1160952233349772,0.0549877985773031,0.1439056715290613,0.0511020401304204,0.0125421136082675,1.8504821010570316,-0.249361771944476,0.4265673918025647,1400,,,False,,,2025
mfeat-zernike,tabpfn,icl,label_noise,0.1,1548044,train_only,True,medium,True,ok,,0.8633333333333333,0.98570987654321,0.303588967227097,0.1318470132334353,0.0692512269546821,0.1501838669304163,0.0728293573665508,0.0204297166867203,2.0222414262632484,0.085028055567138,0.4210941074291563,1400,,,False,,,2025
mfeat-zernike,tabpfn,icl,label_noise,0.2,2212430949,train_only,True,medium,True,ok,,0.8666666666666667,0.985466049382716,0.4140401083711272,0.1798153343522049,0.1379584756596114,0.1775498132113678,0.1326986302457571,0.0348751981038928,2.3139902565071857,0.6898246682215591,0.3933768218463668,1400,,,True,ece,,2025
mfeat-zernike,tabpfn,icl,label_noise,0.3,1110744039,train_only,True,medium,True,ok,,0.86,0.983935185185185,0.5614718333605375,0.2438441189725835,0.228074833504048,0.2321466089193843,0.228074833504048,0.055485307691346,3.0956305834453373,1.5580715865430743,0.35460911242223,1400,,,True,ece,,2025
mfeat-zernike,tabpfn,icl,label_noise,0.4,1514145543,train_only,True,medium,True,ok,,0.8583333333333333,0.9836049382716048,0.7254414567260745,0.3150552215999908,0.3167484727401419,0.3042157449295772,0.3162418219422182,0.0717826542403426,3.56771022322093,2.5545825500377517,0.3151454673670359,1400,,,True,ece,,2025
optdigits,tabpfn,icl,covariate_shift,0.0,3277177224,test_only,True,low,True,ok,,0.99644128113879,0.9999765422947382,0.0139374012200271,0.0060529364419294,0.0031530798006808,0.0058596185644773,0.0027282048445268,0.0011630707204703,1.4663339503207593,-0.0064265863519141,0.4970114850812618,3934,,,False,,,2025
optdigits,tabpfn,icl,covariate_shift,0.05,3691502328,test_only,True,low,True,ok,,0.9869513641755636,0.999831368044922,0.4726454911404493,0.2052673286987494,0.3470337069277832,0.1758693829379828,0.3470337069277832,0.0704766342193991,4.637686498429864,4.400157192201469,0.3669967434468757,3934,,,True,ece,,2025
optdigits,tabpfn,icl,covariate_shift,0.1,3401151475,test_only,True,low,True,ok,,0.98932384341637,0.9998146488530948,0.5290521485169962,0.2297644287399911,0.3860032432751355,0.2037053321048939,0.3860032432751356,0.0771670683641551,4.517965565057868,4.970044302428823,0.3522037263340142,3934,,,True,ece,,2025
optdigits,tabpfn,icl,covariate_shift,0.2,466690498,test_only,True,low,True,ok,,0.9780545670225386,0.9997092839928706,0.50746924434735,0.220391092555667,0.3573040353993176,0.1941874100896527,0.3570810431952014,0.0727613529210537,4.14160363720183,3.8652532468209295,0.3590282996043218,3934,,,True,ece,,2025
optdigits,tabpfn,icl,covariate_shift,0.3,529969083,test_only,True,low,True,ok,,0.9531435349940688,0.9987838157725066,0.5896608137204797,0.2560864375933856,0.3661107968192799,0.2454782883877427,0.3659060111316055,0.0758637347531042,3.367687298640651,3.3869428802599275,0.3424977751276159,3934,,,True,ece,,2025
optdigits,tabpfn,icl,covariate_shift,0.4,3325882813,test_only,True,low,True,ok,,0.9175563463819691,0.9977204742788932,0.736106384627625,0.3196869409375302,0.3986862284771983,0.3180762007468938,0.3986862284771982,0.0868895083373394,3.2588321524230106,3.3342020746086494,0.3111922899782093,3934,,,True,ece,,2025
optdigits,tabpfn,icl,label_noise,0.0,2597220926,train_only,True,low,True,ok,,0.99644128113879,0.9999765422947382,0.0139374012200271,0.0060529364419294,0.0031530798006808,0.0058596185644773,0.0027282048445268,0.0011630707204703,1.4663339503207593,-0.0064265863519141,0.4970114850812618,3934,,,False,,,2025
optdigits,tabpfn,icl,label_noise,0.05,2105220605,train_only,True,low,True,ok,,0.9958481613285884,0.999967143646444,0.0485850304072301,0.0211002106089617,0.0367566928112006,0.009026605291292,0.0361007751960751,0.0079621223107483,2.020131809702043,0.426292245476797,0.4856843227306149,3934,,,False,,,2025
optdigits,tabpfn,icl,label_noise,0.1,3625003992,train_only,True,low,True,ok,,0.9940688018979834,0.9999601648911914,0.0906618561103913,0.0393739438278495,0.0717745171788246,0.0153439814367808,0.0714977277093347,0.0152360329156742,2.3700746556560643,0.5224604612936439,0.4729292914124947,3934,,,False,,,2025
optdigits,tabpfn,icl,label_noise,0.2,3685885592,train_only,True,low,True,ok,,0.994661921708185,0.9999734896384193,0.1868206003756241,0.0811351558489861,0.1570025009399183,0.0378098311446378,0.1570025009399182,0.0321561565038978,3.247837846637976,0.9841187510368896,0.4434489626869949,3934,,,True,ece,,2025
optdigits,tabpfn,icl,label_noise,0.3,1224269730,train_only,True,low,True,ok,,0.9940688018979834,0.999952039764544,0.3032382134445008,0.1316946828011471,0.2478234121848975,0.0797810715791816,0.2478234121848974,0.0500562330447476,3.853248308848846,1.9302287315258704,0.4100204469249643,3934,,,True,ece,,2025
optdigits,tabpfn,icl,label_noise,0.4,2982944658,train_only,True,low,True,ok,,0.9899169632265716,0.9999278340503002,0.4530194499283415,0.1967438472987252,0.3451910460923793,0.1507564372803999,0.3451910460923793,0.0696856205446223,4.421881797855322,3.4704580864662136,0.3704009229934973,3934,,,True,ece,,2025
ozone-level-8hr,tabpfn,icl,covariate_shift,0.0,3513869165,test_only,True,medium,True,ok,,0.9513797634691196,0.920289855072464,0.1429571983939178,0.2062436411822849,0.0210020711215741,0.0771049202791305,0.0171639484451705,0.0217918796936754,0.6805421771712881,0.5293108622116728,0.3987349072167299,1773,,,False,,,2025
ozone-level-8hr,tabpfn,icl,covariate_shift,0.05,4229632383,test_only,True,low,True,ok,,0.9500657030223392,0.9260460495558672,0.1437389041072145,0.2073714041382927,0.0186401205411896,0.0807663170694182,0.0138434907634877,0.0229405051223068,0.6969273846266976,0.3225249350239479,0.4006865274481787,1773,,,False,,,2025
ozone-level-8hr,tabpfn,icl,covariate_shift,0.1,1419571432,test_only,True,low,True,ok,,0.9434954007884364,0.9154978962131838,0.1540324517516986,0.2222218542781441,0.0226684008571885,0.0866203123359701,0.020534669116327,0.0234821669638561,0.7599888075820099,0.0032315739658983,0.3907483373379987,1773,,,False,,,2025
ozone-level-8hr,tabpfn,icl,covariate_shift,0.2,2923886525,test_only,True,low,True,ok,,0.9408672798948752,0.8898433847592333,0.1761477858587983,0.2541275371220594,0.0272249107644995,0.0989305624285597,0.0228877945157646,0.0272924163124482,0.7446914158995291,0.024869386143236,0.3708920333604452,1773,,,False,,,2025
ozone-level-8hr,tabpfn,icl,covariate_shift,0.3,1186049846,test_only,True,low,True,ok,,0.9356110381077528,0.8543419822346892,0.2059039368450242,0.2970565885858307,0.0370274374523453,0.1119078917812201,0.0360917145675045,0.0385823374203774,0.7290606503532651,-0.0914825966150091,0.3428388854320857,1773,,,False,,,2025
ozone-level-8hr,tabpfn,icl,covariate_shift,0.4,1347212172,test_only,True,low,True,ok,,0.9356110381077528,0.8289504441327724,0.2164546632206447,0.3122780692057149,0.0427304489996009,0.116188663456201,0.0372694935907507,0.0440282167791178,0.751170743003706,-0.0635985284879294,0.3282448006009986,1773,,,False,,,2025
ozone-level-8hr,tabpfn,icl,label_noise,0.0,642515340,train_only,True,medium,True,ok,,0.9513797634691196,0.920289855072464,0.1429571983939178,0.2062436411822849,0.0210020711215741,0.0771049202791305,0.0171639484451705,0.0217918796936754,0.6805421771712881,0.5293108622116728,0.3987349072167299,1773,,,False,,,2025
ozone-level-8hr,tabpfn,icl,label_noise,0.05,1191134509,train_only,True,medium,True,ok,,0.947437582128778,0.912079242636746,0.1643113868887067,0.237051223025925,0.0464849583542581,0.0823412958879207,0.0407625794539429,0.0485529251665803,1.6683581956378415,-0.4214306386263259,0.3809310136635487,1773,,,False,,,2025
ozone-level-8hr,tabpfn,icl,label_noise,0.1,3022645587,train_only,True,medium,True,ok,,0.9461235216819974,0.9199100046750818,0.1937464438106861,0.2795170336755491,0.0766615091001703,0.0913142457497242,0.0802090442743543,0.083785221477923,2.1119872689111325,-0.4934599782863302,0.3646996179658794,1773,,,False,,,2025
ozone-level-8hr,tabpfn,icl,label_noise,0.2,82522891,train_only,True,medium,True,ok,,0.9395532194480948,0.9031089294062646,0.2960698728578321,0.4271385373286203,0.1755752316125753,0.1442270130603561,0.1649327087748424,0.1776787324737946,4.08281561481709,-1.6816741209096857,0.2937645006883056,1773,,,True,ece,,2025
ozone-level-8hr,tabpfn,icl,label_noise,0.3,3872576572,train_only,True,medium,True,ok,,0.9369250985545337,0.7500584385226742,0.420852659209232,0.607162044386092,0.2475926394720617,0.2395960371685276,0.2475926394720617,0.2475926394720617,40.63669583221371,-29.24149495497458,0.171392077055876,1773,,,True,ece,,2025
ozone-level-8hr,tabpfn,icl,label_noise,0.4,1367429249,train_only,True,medium,True,ok,,0.9369250985545337,0.67971306685367,0.5452167310394185,0.7865814740802608,0.3433929788043628,0.3537170086418787,0.3433929788043629,0.3433929788043628,88.97850598310379,-30.774552113629525,0.0737853001970136,1773,,,True,ece;nll,,2025
pc1,tabpfn,icl,covariate_shift,0.0,242141192,test_only,False,high,True,ok,,0.93993993993994,0.8903225806451612,0.1619281462188072,0.2336129335302161,0.0193996102480136,0.0898335922989559,0.0374021334511174,0.0163472326096981,1.1095359880467066,-0.5995423306192097,0.3786400921081299,776,,,False,,,2025
pc1,tabpfn,icl,covariate_shift,0.05,721101660,test_only,False,low,True,ok,,0.927927927927928,0.8175315568022441,0.2095295486017992,0.3022872406875188,0.0330859879689238,0.1136190041242399,0.0424347265320401,0.0330859879689238,1.8519837320935588,-1.3809478466882763,0.3280218642699342,776,,,False,,,2025
pc1,tabpfn,icl,covariate_shift,0.1,4040414018,test_only,False,low,True,ok,,0.927927927927928,0.8194950911640954,0.2220355067425364,0.3203295244787253,0.0513806329030952,0.1164798409297235,0.0593557672729332,0.0542566154584841,1.9856572978387212,-1.2159400990557492,0.3196374871723859,776,,,False,,,2025
pc1,tabpfn,icl,covariate_shift,0.2,1281045154,test_only,False,low,True,ok,,0.9309309309309308,0.808695652173913,0.2677115853110428,0.3862261765167641,0.104834591774705,0.135076261997128,0.104221031193463,0.1048345917747049,2.1559274733674503,-0.5281307540029879,0.2858483465905389,776,,,True,ece,,2025
pc1,tabpfn,icl,covariate_shift,0.3,540153554,test_only,False,low,True,ok,,0.9369369369369368,0.7886395511921459,0.3085123806286839,0.4450892815858506,0.1508061720650512,0.1591242747658597,0.1530786740537518,0.1510297877383448,1.751094119355206,0.5981049924626772,0.2528763645690261,776,,,True,ece,,2025
pc1,tabpfn,icl,covariate_shift,0.4,3796088359,test_only,False,low,True,ok,,0.933933933933934,0.779382889200561,0.3607332256364999,0.520428035709658,0.1975778080598003,0.1960129317603026,0.1975778080598005,0.2046412138785885,1.9931185857671103,0.813159278036268,0.2172301289854289,776,,,True,ece,,2025
pc1,tabpfn,icl,label_noise,0.0,701427530,train_only,False,high,True,ok,,0.93993993993994,0.8903225806451612,0.1619281462188072,0.2336129335302161,0.0193996102480136,0.0898335922989559,0.0374021334511174,0.0163472326096981,1.1095359880467066,-0.5995423306192097,0.3786400921081299,776,,,False,,,2025
pc1,tabpfn,icl,label_noise,0.05,1642978902,train_only,False,high,True,ok,,0.933933933933934,0.8367461430575035,0.2072379570154001,0.2989811728700779,0.0353893953103877,0.109527322586559,0.0459640653273879,0.0442758593845092,1.9628105176157664,-1.9140755175978523,0.3361790092371153,776,,,False,,,2025
pc1,tabpfn,icl,label_noise,0.1,2341177057,train_only,False,high,True,ok,,0.9309309309309308,0.8388499298737727,0.2406400059495652,0.3471701432229284,0.069289149722371,0.1220774140508605,0.0799952309513643,0.069289149722371,2.287584072374302,-1.3917083900740204,0.3152282421841073,776,,,False,,,2025
pc1,tabpfn,icl,label_noise,0.2,481466940,train_only,False,high,True,ok,,0.9309309309309308,0.7819074333800842,0.3214937707986044,0.4638174688078396,0.1544352759451591,0.1657573282593775,0.1569755965665662,0.1628964518688964,3.054935514318937,-0.9957291234382168,0.2432749454912853,776,,,True,ece,,2025
pc1,tabpfn,icl,label_noise,0.3,1813897315,train_only,False,high,True,ok,,0.9309309309309308,0.7019635343618513,0.4108410607369631,0.5927183609187782,0.2340715769836588,0.2321003039847835,0.234071576983659,0.2340715769836589,4.847098691320484,-1.2174070488780395,0.1606970529939223,776,,,True,ece,,2025
pc1,tabpfn,icl,label_noise,0.4,343296445,train_only,False,high,True,ok,,0.921921921921922,0.6768583450210378,0.5665682568459425,0.8173852144767457,0.340648025700666,0.3746641891067329,0.3406480257006661,0.3512312246696362,3.712716925227405,1.2959289529095357,0.0618435395624945,776,,,True,ece;nll,,2025
pc3,tabpfn,icl,covariate_shift,0.0,2176338267,test_only,False,high,True,ok,,0.906183368869936,0.8347684085510689,0.2975036044214207,0.4292069747453756,0.0304254959592178,0.1513742194610489,0.0422668656439861,0.0342173994411556,0.5048040180351818,0.7542666014110416,0.2932492567079082,1094,,,False,,,2025
pc3,tabpfn,icl,covariate_shift,0.05,2595695058,test_only,False,low,True,ok,,0.8997867803837953,0.8329374505146477,0.2688933965742249,0.3879311697654236,0.0422458254104252,0.1551105103592602,0.0486706242745252,0.0442715328545734,1.3152749221563322,-0.121656340373768,0.3016676087259839,1094,,,False,,,2025
pc3,tabpfn,icl,covariate_shift,0.1,174088537,test_only,False,low,True,ok,,0.9019189765458422,0.8276920031670626,0.3014108909880056,0.4348439976983197,0.0853414991143199,0.1687097041085137,0.0865638926557479,0.085904220340728,1.6313242164501571,0.0754784757063531,0.2774585484579883,1094,,,False,,,2025
pc3,tabpfn,icl,covariate_shift,0.2,3609817286,test_only,False,low,True,ok,,0.8976545842217484,0.8199228028503562,0.3728287377422342,0.5378781710416133,0.1655547528544053,0.2103881796700526,0.1619902022587361,0.1645678926160999,2.58185136957912,-0.0065506910521578,0.2271467667475218,1094,,,True,ece,,2025
pc3,tabpfn,icl,covariate_shift,0.3,2123400893,test_only,False,low,True,ok,,0.9019189765458422,0.8094319081551861,0.4102236192325882,0.5918275811223775,0.1995479649956844,0.2371277359051573,0.1995479649956844,0.1961956542418262,3.018422716993059,0.0435750093005209,0.2011311470003413,1094,,,True,ece,,2025
pc3,tabpfn,icl,covariate_shift,0.4,2480695443,test_only,False,low,True,ok,,0.8976545842217484,0.7965657165479018,0.4370850876856099,0.6305804884505471,0.2204870401780693,0.2591654555085731,0.2187846683865533,0.2201657391270973,3.439206638848216,0.0736442215976882,0.1801746338542498,1094,,,True,ece,,2025
pc3,tabpfn,icl,label_noise,0.0,612540334,train_only,False,high,True,ok,,0.906183368869936,0.8347684085510689,0.2975036044214207,0.4292069747453756,0.0304254959592178,0.1513742194610489,0.0422668656439861,0.0342173994411556,0.5048040180351818,0.7542666014110416,0.2932492567079082,1094,,,False,,,2025
pc3,tabpfn,icl,label_noise,0.05,3336396616,train_only,False,high,True,ok,,0.9019189765458422,0.8111144101346003,0.2803695195296647,0.4044877154418687,0.0286409550536406,0.1619057424124527,0.0377196992409039,0.0372579927694026,0.9935347066485452,0.2760950922302015,0.2921033843856976,1094,,,False,,,2025
pc3,tabpfn,icl,label_noise,0.1,318911463,train_only,False,high,True,ok,,0.8976545842217484,0.7901821060965954,0.3006196032958623,0.4337024108689481,0.0692487913077349,0.1698416506191597,0.069424544349857,0.076787714186583,1.343797086738866,0.1250597530743328,0.2672514432448392,1094,,,False,,,2025
pc3,tabpfn,icl,label_noise,0.2,1999434167,train_only,False,high,True,ok,,0.9019189765458422,0.8054730799683294,0.3631846523302971,0.523964696843902,0.1473286820342086,0.200700834665712,0.1471256939090605,0.1493889572535711,2.8797538114338077,-0.699807757500891,0.2305482790107793,1094,,,True,ece,,2025
pc3,tabpfn,icl,label_noise,0.3,1831987998,train_only,False,high,True,ok,,0.8933901918976546,0.7248119556611241,0.4677135588402155,0.6747680318953073,0.2350773169301897,0.2829876949378577,0.2224760680616106,0.2350773169301897,8.714232625943255,-3.918696568631551,0.1382468403114114,1094,,,True,ece,,2025
pc3,tabpfn,icl,label_noise,0.4,765134773,train_only,False,high,True,ok,,0.8869936034115139,0.5996140142517814,0.6004219567894375,0.866225779500969,0.3289069825172643,0.4077668574517609,0.3215383556986279,0.3336590451804801,-1.1796866332117604,2.3730458929728004,0.0172648151461069,1094,,,True,ece;nll,,2025
pc4,tabpfn,icl,covariate_shift,0.0,1060342915,test_only,False,high,True,ok,,0.9223744292237442,0.95104141141877,0.1820123599110005,0.2625883290240977,0.0317557424308317,0.1121955370412165,0.0310295269639451,0.0437415061983592,0.6973190707227817,0.178612459725285,0.3860930111867354,1020,,,False,,,2025
pc4,tabpfn,icl,covariate_shift,0.05,3449262304,test_only,False,low,True,ok,,0.910958904109589,0.9042881646655232,0.2422225994385227,0.3494533430011905,0.0460062270131174,0.1411510876282287,0.0430849549007845,0.0533246755373776,1.4076003195884748,-0.0595626301528562,0.3391074449463908,1020,,,False,,,2025
pc4,tabpfn,icl,covariate_shift,0.1,1626183629,test_only,False,low,True,ok,,0.906392694063927,0.8785591766723841,0.2711013206825782,0.3911165309272042,0.0571019099933949,0.158066421210487,0.0637672029576945,0.0664187597732658,1.346206314204239,0.1602400420857512,0.3146992746680832,1020,,,False,,,2025
pc4,tabpfn,icl,covariate_shift,0.2,2616214026,test_only,False,low,True,ok,,0.8972602739726028,0.8962999264886058,0.2601883017671397,0.3753723726567736,0.0508647248032202,0.154030530523006,0.0565271838202568,0.0591934707878527,1.6830352754670268,-0.9345567870904472,0.3255093586092263,1020,,,False,,,2025
pc4,tabpfn,icl,covariate_shift,0.3,2997126232,test_only,False,low,True,ok,,0.8812785388127854,0.8795883361921099,0.2818918244968806,0.4066839372687917,0.0583900924526495,0.1707351013837119,0.0621586276657225,0.0604013657329424,1.95647183195213,-2.067919090308832,0.3063644988179888,1020,,,False,,,2025
pc4,tabpfn,icl,covariate_shift,0.4,2978832909,test_only,False,low,True,ok,,0.8789954337899544,0.8091644204851753,0.3117454529481511,0.4497536189879813,0.0499453887756266,0.1854481567741497,0.0621109334032303,0.0499453887756266,2.18080638474489,-2.453182986028687,0.2701416987867848,1020,,,False,,,2025
pc4,tabpfn,icl,label_noise,0.0,369373215,train_only,False,high,True,ok,,0.9223744292237442,0.95104141141877,0.1820123599110005,0.2625883290240977,0.0317557424308317,0.1121955370412165,0.0310295269639451,0.0437415061983592,0.6973190707227817,0.178612459725285,0.3860930111867354,1020,,,False,,,2025
pc4,tabpfn,icl,label_noise,0.05,3735732439,train_only,False,high,True,ok,,0.910958904109589,0.9493261455525608,0.1942300604674648,0.280214745027975,0.0536216409302251,0.113351996354858,0.0358100806909754,0.0594066453480172,1.651846721744867,-0.6723660890607063,0.374119234865397,1020,,,False,,,2025
pc4,tabpfn,icl,label_noise,0.1,1011710913,train_only,False,high,True,ok,,0.910958904109589,0.9389365351629504,0.2360485953807084,0.3405461379645535,0.0827389251475754,0.1272778645720871,0.0697686310943906,0.0919625933976377,2.1025365048230733,-0.5576319120100653,0.3465599965045897,1020,,,False,,,2025
pc4,tabpfn,icl,label_noise,0.2,1490780544,train_only,False,high,True,ok,,0.8949771689497716,0.9061504533202648,0.3307389954408596,0.4771555085511256,0.1362010742232422,0.1828619001153104,0.1435991561567762,0.1418757265196846,2.560376630085276,-0.3064028494345822,0.2810123665945723,1020,,,True,ece,,2025
pc4,tabpfn,icl,label_noise,0.3,3049901048,train_only,False,high,True,ok,,0.8904109589041096,0.9026709139916688,0.4360090921174069,0.6290281549802822,0.2167414543987612,0.2574296338750476,0.2183585307977565,0.222477091231896,5.403396734852647,-0.8177245518070587,0.2174397263588635,1020,,,True,ece,,2025
pc4,tabpfn,icl,label_noise,0.4,3279266116,train_only,False,high,True,ok,,0.8812785388127854,0.8916932124479295,0.5956679920010349,0.8593672580761799,0.3190470551704589,0.4032145734226895,0.3187436835296856,0.3212238129873136,27.77634632315171,-3.790180714794728,0.1226648167217473,1020,,,True,ece;nll,,2025
pendigits,tabpfn,icl,covariate_shift,0.0,2131082216,test_only,True,low,True,ok,,0.9975742874469375,0.9999730523002682,0.011444972354994,0.0049704883393091,0.0014890280143412,0.0043831753203855,0.0007059184048317,0.0008275161335289,1.2128048033971817,-0.0605053732055122,0.4978377593174734,7694,,,False,,,2025
pendigits,tabpfn,icl,covariate_shift,0.05,3416942304,test_only,True,low,True,ok,,0.9927228623408126,0.999823994917984,0.0568574334646542,0.0246928696088806,0.0341743222742662,0.0176051602072586,0.0341743222742663,0.0078611513252672,1.921296870276544,0.7544839178177069,0.4846041022348988,7694,,,False,,,2025
pendigits,tabpfn,icl,covariate_shift,0.1,1089363540,test_only,True,low,True,ok,,0.9766525166767738,0.9995930971556592,0.1358427857960198,0.0589957722775768,0.0744322314240917,0.05077397097731,0.0738600787586052,0.0178405167813485,2.0192970616691444,0.860296447862727,0.4637702835379053,7694,,,False,,,2025
pendigits,tabpfn,icl,covariate_shift,0.2,2833470861,test_only,True,low,True,ok,,0.771376591873863,0.9949955586005372,0.6058269775704501,0.2631073133469715,0.0685206962118101,0.3096652923353996,0.0685206962118101,0.0559994282540749,1.3919050140259588,0.274574477228558,0.371318601044814,7694,,,False,,,2025
pendigits,tabpfn,icl,covariate_shift,0.3,3547637006,test_only,True,low,True,ok,,0.4602789569436021,0.9731824832796124,1.4215232973007954,0.6173597239146511,0.15709487013633,0.6828319845500647,0.1571816094751338,0.0858640301840935,1.2709961268053136,-0.7443017098075366,0.1930288214877432,7694,,,True,ece,,2025
pendigits,tabpfn,icl,covariate_shift,0.4,4189769682,test_only,True,low,True,ok,,0.2953305033353547,0.935683995123663,2.042967479322993,0.8872495029777714,0.2198011059006499,0.8909651373284794,0.21980110590065,0.105194495055983,0.3025263403071594,-0.8966617644485817,0.0616539017201238,7694,,,True,ece;nll,,2025
pendigits,tabpfn,icl,label_noise,0.0,3202752727,train_only,True,low,True,ok,,0.9975742874469375,0.9999730523002682,0.011444972354994,0.0049704883393091,0.0014890280143412,0.0043831753203855,0.0007059184048317,0.0008275161335289,1.2128048033971817,-0.0605053732055122,0.4978377593174734,7694,,,False,,,2025
pendigits,tabpfn,icl,label_noise,0.05,838289832,train_only,True,low,True,ok,,0.9975742874469375,0.999786182189428,0.0412138386395058,0.0178989426991884,0.0328918902415053,0.0056153716133116,0.0311195054957736,0.0066527513700282,2.236630967192296,-0.3759815291059585,0.4876132460252828,7694,,,False,,,2025
pendigits,tabpfn,icl,label_noise,0.1,579059281,train_only,True,low,True,ok,,0.9966646452395392,0.9998516669014332,0.0800112435588384,0.0347484415678206,0.068459643272634,0.0102485575186461,0.0672300676015358,0.0140522697954771,3.4696622893968003,-1.7495747125802423,0.4753313190765594,7694,,,False,,,2025
pendigits,tabpfn,icl,label_noise,0.2,685637194,train_only,True,low,True,ok,,0.996967859308672,0.9997891085432784,0.1725348795399082,0.0749309461200244,0.1507922967533518,0.0303778092918784,0.1505982643001019,0.0306230330921188,4.217615885562286,-0.0479634758820194,0.4468336236997705,7694,,,True,ece,,2025
pendigits,tabpfn,icl,label_noise,0.3,956123526,train_only,True,low,True,ok,,0.9972710733778049,0.9994205834845834,0.2877949452622259,0.1249877566470331,0.2425918342909003,0.0713763051211994,0.2425918342909004,0.0488310857225686,3.700991411477408,2.609820799272955,0.4133731713739849,7694,,,True,ece,,2025
pendigits,tabpfn,icl,label_noise,0.4,335074945,train_only,True,low,True,ok,,0.9951485748938752,0.9994828910132032,0.4314424806190898,0.1873730885915213,0.3410699112057416,0.1376469869400585,0.3410699112057415,0.0687674624108764,5.977756915287945,2.8665251346554643,0.3746653892700976,7694,,,True,ece,,2025
phoneme,tabpfn,icl,covariate_shift,0.0,1557648266,test_only,True,medium,True,ok,,0.9210850801479656,0.9760988164899468,0.1811095406873851,0.2612858362073685,0.0184499764272925,0.1122319492995949,0.0130476278328582,0.0222566957655108,0.9880504575703628,-0.1158681938846098,0.3977216016460072,3782,,,False,,,2025
phoneme,tabpfn,icl,covariate_shift,0.05,803505858,test_only,True,low,True,ok,,0.8372379778051788,0.9154549254256676,0.3647357576084052,0.5262024687365253,0.0308687874613899,0.2298757857057168,0.034190800645145,0.0732791950656722,0.7212488238382484,0.105001810369353,0.2819604224565248,3782,,,False,,,2025
phoneme,tabpfn,icl,covariate_shift,0.1,878078113,test_only,True,low,True,ok,,0.7860665844636252,0.8805857421502632,0.4795039154259562,0.691777920871868,0.0694627163759414,0.2995807394755333,0.0621363217359124,0.1182254993522087,0.5711508841771147,0.0718965371767643,0.2046890778853872,3782,,,False,,,2025
phoneme,tabpfn,icl,covariate_shift,0.2,2408617316,test_only,True,low,True,ok,,0.7127003699136868,0.8342865942188394,0.6549558195074303,0.9449015128047368,0.1374579073550231,0.4127225999553577,0.1392518052224182,0.194563028845755,0.4749056690279483,-0.1609765923964994,0.0879433281512211,3782,,,True,ece;nll,,2025
phoneme,tabpfn,icl,covariate_shift,0.3,3218103293,test_only,True,low,True,ok,,0.7009864364981504,0.8062075615586549,0.6316505951820471,0.9112791812437016,0.125073546287129,0.4192808223407264,0.1214749447996752,0.1949858507933618,0.5017757288135983,0.0248547180533532,0.0889221483897154,3782,,,True,ece;nll,,2025
phoneme,tabpfn,icl,covariate_shift,0.4,3970283541,test_only,True,low,True,ok,,0.6812577065351418,0.7696060099432444,0.61342119681023,0.8849797186142917,0.0658798300993379,0.4132943952663171,0.0721387228110312,0.1822651013238915,0.6474077813291222,0.0649258611314506,0.0928808778562517,3782,,,True,nll,,2025
phoneme,tabpfn,icl,label_noise,0.0,749222193,train_only,True,medium,True,ok,,0.9210850801479656,0.9760988164899468,0.1811095406873851,0.2612858362073685,0.0184499764272925,0.1122319492995949,0.0130476278328582,0.0222566957655108,0.9880504575703628,-0.1158681938846098,0.3977216016460072,3782,,,False,,,2025
phoneme,tabpfn,icl,label_noise,0.05,1105438581,train_only,True,medium,True,ok,,0.905055487053021,0.96673302828985,0.2292039599676721,0.330671416397473,0.0401733487680792,0.133563061835613,0.0340653710822153,0.0444482218526873,1.585863342612939,-0.5148803532072473,0.3668787882865429,3782,,,False,,,2025
phoneme,tabpfn,icl,label_noise,0.1,298923104,train_only,True,medium,True,ok,,0.9019728729963008,0.9574717321483568,0.2765184353148383,0.3989317753430929,0.074466753069627,0.15459168519152,0.0738413352978297,0.0768516737471062,1.855995620420405,-0.2214461002804863,0.3358381539845166,3782,,,False,,,2025
phoneme,tabpfn,icl,label_noise,0.2,2796921055,train_only,True,medium,True,ok,,0.8797780517879161,0.9442269054218544,0.3758347814494822,0.5422149753907555,0.142146165429732,0.2148471923029333,0.1439067009871438,0.1421240172760603,2.720990745135076,-0.3651841173854148,0.2713523989626634,3782,,,True,ece,,2025
phoneme,tabpfn,icl,label_noise,0.3,1016738498,train_only,True,medium,True,ok,,0.8495684340320592,0.9246190622845996,0.4815987432104247,0.694800118528037,0.204175713329853,0.2991893748793006,0.2041757133298531,0.2003681364476335,4.428659813095548,-0.2151451801708925,0.2017767586800369,3782,,,True,ece,,2025
phoneme,tabpfn,icl,label_noise,0.4,2157116688,train_only,True,medium,True,ok,,0.815043156596794,0.8826370862481118,0.6236509391774196,0.8997381171970079,0.269086277309447,0.4309407595716693,0.269086277309447,0.2340953698957537,12.508648483529193,-0.3171901735640218,0.1074407630553664,3782,,,True,ece;nll,,2025
qsar-biodeg,tabpfn,icl,covariate_shift,0.0,2905568539,test_only,True,low,True,ok,,0.8706624605678234,0.9303515798842904,0.3284629648606159,0.4738718905200965,0.0504790350645924,0.1885926305937168,0.0452187383845633,0.0671668039416379,0.656686654633378,0.2699186242721684,0.3039650478757276,738,,,False,,,2025
qsar-biodeg,tabpfn,icl,covariate_shift,0.05,100478213,test_only,True,low,True,ok,,0.7097791798107256,0.8572763684913217,0.5193757320369816,0.7493007929678285,0.1082898186277187,0.3573110672111153,0.1122981455207154,0.1429597021689888,1.222540722239077,-0.9933523365077114,0.1600654043276791,738,,,True,ece,,2025
qsar-biodeg,tabpfn,icl,covariate_shift,0.1,2412745696,test_only,True,low,True,ok,,0.6750788643533123,0.8342234089897641,0.6219983433399283,0.8973539253776655,0.1820546584401906,0.4313951684780846,0.1893923721473221,0.1922467484050302,1.403877010996568,-1.9499563640690207,0.0876229134980765,738,,,True,ece;nll,,2025
qsar-biodeg,tabpfn,icl,covariate_shift,0.2,4225234525,test_only,True,low,True,ok,,0.6624605678233438,0.8138406764574989,0.7730955194783785,1.1153410720849335,0.2453368560947498,0.5188023335482359,0.2527520571595856,0.2453368560947498,1.9214367988925056,-3.901260555130276,0.0005436290891961,738,,,True,ece;nll,,2025
qsar-biodeg,tabpfn,icl,covariate_shift,0.3,2772888734,test_only,True,low,True,ok,,0.6624605678233438,0.6612372051624389,0.8154143894390536,1.1763942959132248,0.2361541616017149,0.5427506754367258,0.2344134392154542,0.2361541616017149,1.428541463182461,-2.45306088142304,-0.0693470141139552,738,,,True,ece;nll,,2025
qsar-biodeg,tabpfn,icl,covariate_shift,0.4,1333357422,test_only,True,low,True,ok,,0.6624605678233438,0.666444147752559,0.8882295785793061,1.281444408187259,0.2572300468346079,0.5708494124756833,0.257230046834608,0.2572300468346079,1.7845361017583203,-3.694324992814281,-0.103254794936202,738,,,True,ece;nll,,2025
qsar-biodeg,tabpfn,icl,label_noise,0.0,2685721868,train_only,True,low,True,ok,,0.8706624605678234,0.9303515798842904,0.3284629648606159,0.4738718905200965,0.0504790350645924,0.1885926305937168,0.0452187383845633,0.0671668039416379,0.656686654633378,0.2699186242721684,0.3039650478757276,738,,,False,,,2025
qsar-biodeg,tabpfn,icl,label_noise,0.05,2983590941,train_only,True,low,True,ok,,0.8801261829652997,0.9341344014241212,0.3122473153895868,0.450477653443449,0.0370078454627286,0.186380539593448,0.0463587642598989,0.0526842963736321,1.0946718034215794,0.1707200460499541,0.3164211028176569,738,,,False,,,2025
qsar-biodeg,tabpfn,icl,label_noise,0.1,3908949095,train_only,True,low,True,ok,,0.8391167192429022,0.906275033377837,0.3675535080518351,0.5302676233277243,0.0551679426759056,0.2259283043492188,0.0694914053527555,0.0589833549488871,1.4453338713221142,-0.2070479183961196,0.2729498940351798,738,,,False,,,2025
qsar-biodeg,tabpfn,icl,label_noise,0.2,3505698245,train_only,True,low,True,ok,,0.832807570977918,0.9091677792612372,0.4173227375317204,0.6020694438872195,0.1144063460468287,0.2523994810082783,0.1287241166901889,0.1295807034087426,2.33716461923112,-0.3694304115363958,0.2396277560125891,738,,,True,ece,,2025
qsar-biodeg,tabpfn,icl,label_noise,0.3,3443433985,train_only,True,low,True,ok,,0.8391167192429022,0.887049399198932,0.50645405981179,0.7306587605285519,0.1964607755205743,0.3245056835231987,0.1964607755205744,0.1789381271954418,2.4208245183291583,0.4780326930776999,0.177845014343381,738,,,True,ece,,2025
qsar-biodeg,tabpfn,icl,label_noise,0.4,471547016,train_only,True,low,True,ok,,0.750788643533123,0.8216733422340898,0.6049495288130573,0.8727576852067129,0.1829185605174795,0.4136549636609277,0.1952065819376351,0.16800668992457,5.149605022466211,-0.021303323711934,0.10179294864639,738,,,True,ece;nll,,2025
satimage,tabpfn,icl,covariate_shift,0.0,454691310,test_only,True,low,True,ok,,0.9455676516329704,0.9966778080024464,0.1362084939669859,0.0760194079095163,0.015263517087325,0.078094298505892,0.0139634753699679,0.010061134730685,1.278611460403592,0.0393475427034812,0.4648138547554818,4501,,,False,,,2025
satimage,tabpfn,icl,covariate_shift,0.05,683673868,test_only,True,low,True,ok,,0.9217210990150336,0.9926859274605278,0.197059905072771,0.1099812270882935,0.0135860998651723,0.1129365235493575,0.0138614220079036,0.0134933939051539,0.9122493644260914,0.0423527013625342,0.4499866513639172,4501,,,False,,,2025
satimage,tabpfn,icl,covariate_shift,0.1,3110590971,test_only,True,low,True,ok,,0.8595127008812856,0.9775003376650252,0.3896329928290712,0.2174583137528705,0.0502283317558764,0.2082791969315574,0.0494100131838688,0.0319145567047561,0.6269728231590861,-0.1211490731378569,0.3957688628379152,4501,,,False,,,2025
satimage,tabpfn,icl,covariate_shift,0.2,4241069936,test_only,True,low,True,ok,,0.7262830482115086,0.9413473455223332,0.9149344201128872,0.5106346224625056,0.1652891729613326,0.4154878423381768,0.1645871637602521,0.0729403280105523,0.4800692578442347,-0.581427831185621,0.2521658068335247,4501,,,True,ece,,2025
satimage,tabpfn,icl,covariate_shift,0.3,2557029002,test_only,True,low,True,ok,,0.5992742353551063,0.8955901435303822,1.5947180384465411,0.8900290836099751,0.2581778925031583,0.6177002821535036,0.2570405031560923,0.1152963249073145,0.3825066584698476,-0.7430766431259912,0.0847033819552755,4501,,,True,ece;nll,,2025
satimage,tabpfn,icl,covariate_shift,0.4,963558279,test_only,True,low,True,ok,,0.496630378434422,0.8313774929982531,2.414806959973196,1.347729425430953,0.3590241656929751,0.8074462690849279,0.3586633170214023,0.1481699396262615,0.348850195439668,-1.0595906750199982,-0.110646981453329,4501,,,True,ece;nll,,2025
satimage,tabpfn,icl,label_noise,0.0,3553264448,train_only,True,low,True,ok,,0.9455676516329704,0.9966778080024464,0.1362084939669859,0.0760194079095163,0.015263517087325,0.078094298505892,0.0139634753699679,0.010061134730685,1.278611460403592,0.0393475427034812,0.4648138547554818,4501,,,False,,,2025
satimage,tabpfn,icl,label_noise,0.05,4086264921,train_only,True,low,True,ok,,0.933644375324002,0.9949304377258285,0.1990539542432045,0.1110941271201781,0.0491451366473741,0.0969327254382746,0.046342828688826,0.020358892455041,1.656667189041997,0.0045356298525769,0.4451150440371119,4501,,,False,,,2025
satimage,tabpfn,icl,label_noise,0.1,906043290,train_only,True,low,True,ok,,0.9300155520995336,0.9939644203572964,0.2461678325291049,0.1373888832495813,0.0778847019037718,0.1070340974523486,0.0765647337174944,0.0309750999246707,1.9172125556573212,-0.0405193329702171,0.430596274584355,4501,,,False,,,2025
satimage,tabpfn,icl,label_noise,0.2,3410915882,train_only,True,low,True,ok,,0.922757905650596,0.9918394206326095,0.3535571417144524,0.1973239978839211,0.1562542451424195,0.1424571657873045,0.1562542451424194,0.0558311633644552,2.2505128690892584,0.5521634395396973,0.3951094346753425,4501,,,True,ece,,2025
satimage,tabpfn,icl,label_noise,0.3,2663159829,train_only,True,low,True,ok,,0.9103162260238464,0.990210229565173,0.4782346091034847,0.2669078173252367,0.2315005516035057,0.1941211344552743,0.2315005516035057,0.0828005843854883,2.855130506836179,1.0055687586421114,0.3567485587331154,4501,,,True,ece,,2025
satimage,tabpfn,icl,label_noise,0.4,380595138,train_only,True,low,True,ok,,0.8973561430793157,0.9869540559018044,0.6437657683510977,0.3592925163266762,0.3186548797929935,0.2768408354645704,0.3186548797929936,0.1126924919811455,3.240758420341445,1.8085139850246372,0.3085186101709273,4501,,,True,ece,,2025
segment,tabpfn,icl,covariate_shift,0.0,1631669739,test_only,False,high,True,ok,,0.9884559884559884,0.9996914794894592,0.0434027601412303,0.0223046064908501,0.007868258553026,0.0189630402137977,0.0015746770629169,0.0039783579605993,0.8837272350457248,0.160362865078449,0.4898953824318487,1617,,,False,,,2025
segment,tabpfn,icl,covariate_shift,0.05,1555203526,test_only,False,low,True,ok,,0.8282828282828283,0.9730226750428772,0.476505024280294,0.2448751421085009,0.0499331201022771,0.2501841150076095,0.0529999289404994,0.045943196364349,1.174756444221209,0.2338932667249297,0.3813511938544255,1617,,,False,,,2025
segment,tabpfn,icl,covariate_shift,0.1,3354317066,test_only,False,low,True,ok,,0.6998556998556998,0.9478138771068064,0.8336659922219382,0.4284195714928875,0.1025779437198921,0.4406575172536209,0.1148267935737738,0.0859272359703783,0.8333432278090456,0.3969325784917193,0.2876717517738925,1617,,,True,ece,,2025
segment,tabpfn,icl,covariate_shift,0.2,3500829434,test_only,False,low,True,ok,,0.5238095238095238,0.9253744758795264,1.267571908232168,0.651403102474973,0.1001423181291634,0.5961584226558179,0.1111354514790937,0.115692779293123,2.447252833660986,0.6625454620636279,0.1870031007609382,1617,,,True,ece,,2025
segment,tabpfn,icl,covariate_shift,0.3,2542263641,test_only,False,low,True,ok,,0.4199134199134199,0.9053813750783448,1.487291774848309,0.7643167777147105,0.2186000923791949,0.6669719267462262,0.2254823622820553,0.1282230612445614,4.842336673322996,1.23329337516151,0.1068554424741814,1617,,,True,ece;nll,,2025
segment,tabpfn,icl,covariate_shift,0.4,3639903885,test_only,False,low,True,ok,,0.2323232323232323,0.8727875192521657,1.9517466012124352,1.0029993430888653,0.2852231855934883,0.8433991669240696,0.2893878282926679,0.1465630075378642,2.774687295084437,-1.0519973581842088,-0.0176203234586144,1617,,,True,ece;nll,,2025
segment,tabpfn,icl,label_noise,0.0,207944822,train_only,False,high,True,ok,,0.9884559884559884,0.9996914794894592,0.0434027601412303,0.0223046064908501,0.007868258553026,0.0189630402137977,0.0015746770629169,0.0039783579605993,0.8837272350457248,0.160362865078449,0.4898953824318487,1617,,,False,,,2025
segment,tabpfn,icl,label_noise,0.05,876524787,train_only,False,high,True,ok,,0.9812409812409812,0.9989869838354688,0.0806986081904009,0.041470880980593,0.0386204049399237,0.0258198093559042,0.0307671277291942,0.01246948942504,2.299668496892993,-1.0752782373665732,0.4766662462463985,1617,,,False,,,2025
segment,tabpfn,icl,label_noise,0.1,2330095166,train_only,False,high,True,ok,,0.9797979797979798,0.9992129083038174,0.118690604506544,0.0609949049107766,0.0791135213400891,0.0300035658893678,0.0679317517193521,0.0237906651473279,3.038955309407961,-1.1393412608368805,0.4625730391347822,1617,,,False,,,2025
segment,tabpfn,icl,label_noise,0.2,3957473890,train_only,False,high,True,ok,,0.974025974025974,0.998323786202574,0.2314353757663017,0.1189342559720228,0.1569572356717886,0.0634792548760782,0.1500390242254862,0.0470996713575135,3.174011039063976,0.2760497867003089,0.4284454973488324,1617,,,True,ece,,2025
segment,tabpfn,icl,label_noise,0.3,1613731264,train_only,False,high,True,ok,,0.9696969696969696,0.997869507970518,0.366897224328861,0.1885478754026642,0.2451724612473522,0.1186154280513515,0.2437334708630482,0.0740825135981183,4.410895916757838,0.6575054581524541,0.389110018373957,1617,,,True,ece,,2025
segment,tabpfn,icl,label_noise,0.4,2568140174,train_only,False,high,True,ok,,0.963924963924964,0.997947245421993,0.5129812403777292,0.2636202090968936,0.3496570346090595,0.1948980014090374,0.3441009806335537,0.1021519533373882,5.199240318223103,2.0777277723012624,0.3448528108355621,1617,,,True,ece,,2025
spambase,tabpfn,icl,covariate_shift,0.0,3088782616,test_only,False,high,True,ok,,0.9645184648805214,0.9898007590132828,0.1101488537162881,0.1589112050160928,0.0126427272279432,0.0527213245542742,0.0126074664732814,0.0131800616101754,0.797605028896618,0.4239256094613675,0.4409061284363106,3220,,,False,,,2025
spambase,tabpfn,icl,covariate_shift,0.05,2501835321,test_only,False,low,True,ok,,0.6321506154960174,0.9664813057839624,0.5265924575993981,0.7597123271481834,0.2149223657017173,0.3807024323511632,0.216889375424501,0.2396633392224207,2.2445103238826007,-3.252624325483388,0.1621928780639909,3220,,,True,ece;nll,,2025
spambase,tabpfn,icl,covariate_shift,0.1,3959026692,test_only,False,low,True,ok,,0.6125995655322231,0.9699074074074074,0.501248912275292,0.7231493199905509,0.249310606983616,0.3492499084761294,0.2567621044317943,0.2555661884737639,4.735839087411445,-4.821595071758087,0.1645506100285375,3220,,,True,ece,,2025
spambase,tabpfn,icl,covariate_shift,0.2,1475433842,test_only,False,low,True,ok,,0.6060825488776249,0.9484657214140136,0.6123200261525519,0.883391065167287,0.2579743950170491,0.441574967658156,0.2714110280744896,0.2579743950170491,5.995210966168466,-8.223006172691294,0.1062631862729525,3220,,,True,ece;nll,,2025
spambase,tabpfn,icl,covariate_shift,0.3,1186555938,test_only,False,low,True,ok,,0.6060825488776249,0.9543384109916369,0.6256810964632469,0.9026670150454954,0.2913395049923217,0.4497817478242746,0.2931794734950885,0.2913395049923217,8.994731122671434,-11.212530707466136,0.0958628206666036,3220,,,True,ece;nll,,2025
spambase,tabpfn,icl,covariate_shift,0.4,1964717983,test_only,False,low,True,ok,,0.6060825488776249,0.9369245906247804,0.6536845339387798,0.943067435419291,0.2104269140382828,0.4676519580088327,0.2932406711503024,0.2104269140382828,13.761446719597616,-15.28294631016496,0.093830375616873,3220,,,True,ece;nll,,2025
spambase,tabpfn,icl,label_noise,0.0,2033682030,train_only,False,high,True,ok,,0.9645184648805214,0.9898007590132828,0.1101488537162881,0.1589112050160928,0.0126427272279432,0.0527213245542742,0.0126074664732814,0.0131800616101754,0.797605028896618,0.4239256094613675,0.4409061284363106,3220,,,False,,,2025
spambase,tabpfn,icl,label_noise,0.05,1810382003,train_only,False,high,True,ok,,0.9580014482259231,0.9886697062337478,0.1412020918899693,0.2037115577328065,0.0383010657274523,0.0675785515908704,0.0381099036023825,0.0442951574347099,1.643706457349667,-0.3865636127726042,0.4209609339503677,3220,,,False,,,2025
spambase,tabpfn,icl,label_noise,0.1,1987812129,train_only,False,high,True,ok,,0.9587255611875451,0.9860913451402066,0.1810751024173761,0.2612361522860096,0.0875053577455596,0.0786661343852931,0.0834997776246968,0.0882334252263162,2.079702849615152,-0.329591585750953,0.3930688877422892,3220,,,False,,,2025
spambase,tabpfn,icl,label_noise,0.2,4082672794,train_only,False,high,True,ok,,0.945691527878349,0.9841301215826832,0.287904329114246,0.4153581478635867,0.1678443749997977,0.1380408383733021,0.1617319806082545,0.1712479612540706,3.706414115298114,-1.2773768995926356,0.328122952376656,3220,,,True,ece,,2025
spambase,tabpfn,icl,label_noise,0.3,1733749263,train_only,False,high,True,ok,,0.939174511223751,0.9786242005762876,0.4064664390718218,0.5864071159367134,0.2520683226022008,0.2282200775800109,0.252068322602201,0.2544512905736736,4.772610978464806,-0.4362132745682165,0.2570588475838091,3220,,,True,ece,,2025
spambase,tabpfn,icl,label_noise,0.4,3521360837,train_only,False,high,True,ok,,0.9044170890658942,0.946849304237824,0.5731574290821272,0.8268913805854526,0.3301286799116908,0.3821779886027381,0.3301286799116909,0.3017403750897052,7.611100765400899,0.5580313815838892,0.1529666696851486,3220,,,True,ece;nll,,2025
splice,tabpfn,icl,covariate_shift,0.0,1720232854,test_only,False,high,True,ok,,0.9665621734587252,0.9949143799262692,0.1127093225105536,0.1025924465556411,0.0273518672396604,0.0533991156513766,0.0227264220343311,0.0188315374572963,1.0698420953397545,0.4784536168265725,0.4569562515783786,2233,,,False,,,2025
splice,tabpfn,icl,covariate_shift,0.05,2447726860,test_only,False,high,True,ok,,0.9655172413793104,0.9953838454445348,0.1112105751406664,0.101228227908766,0.0233478353968438,0.0539578302166266,0.0202873753000587,0.0169683533227959,1.1617820361440387,0.3002720474998639,0.4581738966604852,2233,,,False,,,2025
splice,tabpfn,icl,covariate_shift,0.1,1609574628,test_only,False,high,True,ok,,0.9655172413793104,0.9955831694912012,0.1060637945546219,0.0965434263285068,0.0196696585996119,0.0523006994249434,0.0177164097562626,0.0179344538612049,1.1223693735647582,0.3052511716326623,0.4603847359103425,2233,,,False,,,2025
splice,tabpfn,icl,covariate_shift,0.2,3090584665,test_only,False,high,True,ok,,0.96760710553814,0.9957234305500086,0.1056245627534006,0.0961436203134532,0.025490690316408,0.051739029293707,0.02209051476562,0.0184116570736228,1.0945728127962535,0.4691138840504145,0.4597030423659063,2233,,,False,,,2025
splice,tabpfn,icl,covariate_shift,0.3,832228469,test_only,False,high,True,ok,,0.9655172413793104,0.9953485821333118,0.1121422467710482,0.1020762719730749,0.0221963080431717,0.0550324619301612,0.0238399530158754,0.0187646419941086,1.1164580101305177,0.4505560361373822,0.4581374467529989,2233,,,False,,,2025
splice,tabpfn,icl,covariate_shift,0.4,1306798048,test_only,False,high,True,ok,,0.96760710553814,0.9952952349184716,0.1060868112993828,0.0965643770724574,0.0198878197205894,0.0509277500433853,0.0195509698303004,0.016243711955969,1.0435447668586335,0.4665569675469942,0.4605475209863309,2233,,,False,,,2025
splice,tabpfn,icl,label_noise,0.0,3062856719,train_only,False,high,True,ok,,0.9665621734587252,0.9949143799262692,0.1127093225105536,0.1025924465556411,0.0273518672396604,0.0533991156513766,0.0227264220343311,0.0188315374572963,1.0698420953397545,0.4784536168265725,0.4569562515783786,2233,,,False,,,2025
splice,tabpfn,icl,label_noise,0.05,4034779622,train_only,False,high,True,ok,,0.962382445141066,0.9967874427555304,0.1418062105263478,0.1290775754003852,0.0535354838413957,0.0612389945880593,0.0525497063356169,0.0387355492695657,1.9522186366475496,-0.2614878512360685,0.4438026023472008,2233,,,False,,,2025
splice,tabpfn,icl,label_noise,0.1,1993161620,train_only,False,high,True,ok,,0.9582027168234064,0.99566783312558,0.1822567784981827,0.1658972691076846,0.0850019612815143,0.0736460316681738,0.082480258548212,0.0600426404126631,2.1560320728529074,-0.1290767639255662,0.4254445761288557,2233,,,False,,,2025
splice,tabpfn,icl,label_noise,0.2,871558777,train_only,False,high,True,ok,,0.9582027168234064,0.9970119783750446,0.2785827480144122,0.2535769451042177,0.1765881769335386,0.1078605467329165,0.1754474043496814,0.1234622770725067,3.5396502632884608,0.1234105998766571,0.3812938810368035,2233,,,True,ece,,2025
splice,tabpfn,icl,label_noise,0.3,1882451869,train_only,False,high,True,ok,,0.9540229885057472,0.9927566736062168,0.4042564151990716,0.3679700467297406,0.266712644217175,0.1774973733173852,0.2634931925820995,0.1824604571507867,4.027633225784025,1.089037733388634,0.3268347411756807,2233,,,True,ece,,2025
splice,tabpfn,icl,label_noise,0.4,1482761673,train_only,False,high,True,ok,,0.9644723092998956,0.995904983556423,0.5483615187708436,0.4991401647578906,0.3783954554308268,0.2712585720453261,0.3757701121246319,0.252632617714347,6.346175698207612,2.314489495597262,0.2678164501261998,2233,,,True,ece,,2025
steel-plates-fault,tabpfn,icl,covariate_shift,0.0,2154282905,test_only,True,low,True,ok,,1.0,1.0,1.813941894389936e-05,2.6169649754970923e-05,1.8136532879964307e-05,1.1535072934256135e-08,1.8136532879924127e-05,1.8136532879760304e-05,,,0.4999885217984975,1358,,,False,,,2025
steel-plates-fault,tabpfn,icl,covariate_shift,0.05,1947302735,test_only,True,low,True,ok,,0.346483704974271,0.6951482549829785,0.7062612689274685,1.0189196302536054,0.2140375139197715,0.5130931409075884,0.2096007319254311,0.2140375139197715,3.7232689865898174,-1.4119738816688872,-0.0532089468698528,1358,,,True,ece;nll,,2025
steel-plates-fault,tabpfn,icl,covariate_shift,0.1,2571753725,test_only,True,low,True,ok,,0.3704974271012007,0.72100517138328,0.6967327436185374,1.0051728740434256,0.1815406045138359,0.5036169363328155,0.1855469260196087,0.2054147419170281,5.064456736662281,-1.2183558607371436,-0.0299335590664667,1358,,,True,ece;nll,,2025
steel-plates-fault,tabpfn,icl,covariate_shift,0.2,2899429701,test_only,True,low,True,ok,,0.346483704974271,0.6753072945089784,0.7496281311941916,1.0814847873847215,0.252406312610332,0.554799017547332,0.252406312610332,0.252406312610332,2.5914757870721843,-1.7461281012761234,-0.0865965899131997,1358,,,True,ece;nll,,2025
steel-plates-fault,tabpfn,icl,covariate_shift,0.3,680999266,test_only,True,low,True,ok,,0.346483704974271,0.6910943062810218,0.7375206554704457,1.0640173922003895,0.2422911178946206,0.5433886615557145,0.2424165686134217,0.2422911178946205,3.036895129767752,-1.774817745794408,-0.0738078782945428,1358,,,True,ece;nll,,2025
steel-plates-fault,tabpfn,icl,covariate_shift,0.4,36990496,test_only,True,low,True,ok,,0.346483704974271,0.6988903614770926,0.7284102108892687,1.050873798982832,0.2252235232626292,0.5348214581616534,0.2252235232626291,0.2252235232626291,3.928837925023046,-1.8138178533147205,-0.0637226620842524,1358,,,True,ece;nll,,2025
steel-plates-fault,tabpfn,icl,label_noise,0.0,1122989399,train_only,True,low,True,ok,,1.0,1.0,1.813941894389936e-05,2.6169649754970923e-05,1.8136532879964307e-05,1.1535072934256135e-08,1.8136532879924127e-05,1.8136532879760304e-05,,,0.4999885217984975,1358,,,False,,,2025
steel-plates-fault,tabpfn,icl,label_noise,0.05,271674943,train_only,True,low,True,ok,,1.0,1.0,0.0393099185786077,0.0567122245911063,0.0383883615224124,0.0035630982484009,0.0383883615224123,0.0383883615224122,,,0.4753086603181856,1358,,,False,,,2025
steel-plates-fault,tabpfn,icl,label_noise,0.1,1188870160,train_only,True,low,True,ok,,1.0,1.0,0.0858647510513196,0.1238766505289042,0.0821629364815506,0.013936442570587,0.0821629364815505,0.0821629364815505,,,0.4464044175450186,1358,,,False,,,2025
steel-plates-fault,tabpfn,icl,label_noise,0.2,3372865278,train_only,True,low,True,ok,,1.0,1.0,0.1980148300110082,0.2856750132793527,0.1792705907643372,0.0654849289536489,0.1792705907643372,0.1792705907643372,,,0.3784433778633267,1358,,,True,ece,,2025
steel-plates-fault,tabpfn,icl,label_noise,0.3,12127574,train_only,True,low,True,ok,,0.9948542024013722,1.0,0.3392676960365397,0.4894598226057401,0.2854890142362807,0.1663342155837078,0.2812764362670193,0.2870591547542859,16.01065038356852,-4.518265827568549,0.2952923807312276,1358,,,True,ece,,2025
steel-plates-fault,tabpfn,icl,label_noise,0.4,3078254862,train_only,True,low,True,ok,,0.8867924528301887,0.9898391413944544,0.5369836263797463,0.774703614816632,0.3236221524596235,0.3467393442562876,0.3186087052291508,0.3540915206497669,14.330515139522111,-1.602598708458586,0.182327052475673,1358,,,True,ece;nll,,2025
texture,tabpfn,icl,covariate_shift,0.0,1201990095,test_only,True,medium,True,ok,,1.0,1.0,0.000456638240185,0.0001904329373201,0.0004409937074409,5.69751522326751e-05,0.0004409937074409,8.01806740801526e-05,,,0.4998546713773157,3850,,,False,,,2025
texture,tabpfn,icl,covariate_shift,0.05,3202494811,test_only,True,low,True,ok,,1.0,1.0,0.0006792571611992,0.0002832722383269,0.0006453274433096,0.0001215699182582,0.0006453274433097,0.0001173322624199,,,0.4997859528398399,3850,,,False,,,2025
texture,tabpfn,icl,covariate_shift,0.1,2822313303,test_only,True,low,True,ok,,0.9987878787878788,1.0,0.0052587357538977,0.0021930631473161,0.0034840170021593,0.0024803754498448,0.0027878132834173,0.0007840473520521,2.5086384146118785,0.1188976397911387,0.4984634594735551,3850,,,False,,,2025
texture,tabpfn,icl,covariate_shift,0.2,2842496897,test_only,True,low,True,ok,,0.9236363636363636,0.9979377777777776,0.2141129207955033,0.0892920233941789,0.0168270659344437,0.118155617244123,0.0178972838203328,0.0158127029785964,0.7864083959817738,0.3701281206499706,0.4576706565625342,3850,,,False,,,2025
texture,tabpfn,icl,covariate_shift,0.3,3692926255,test_only,True,low,True,ok,,0.6357575757575757,0.9762496969696972,1.233218733107701,0.5142921574170839,0.166510572796526,0.5308778417477447,0.1665105727965259,0.0589898293419806,0.4674184491689954,-0.5036409120792086,0.2494612685185999,3850,,,True,ece,,2025
texture,tabpfn,icl,covariate_shift,0.4,3137388162,test_only,True,low,True,ok,,0.4715151515151515,0.9234884848484848,2.7146897458340957,1.1321135566800722,0.2760954252605614,0.8569134906132975,0.2831100855398681,0.0872909181286808,0.2014909926076178,-0.5658009962372533,-0.0009049096318915,3850,,,True,ece;nll,,2025
texture,tabpfn,icl,label_noise,0.0,3740785420,train_only,True,medium,True,ok,,1.0,1.0,0.000456638240185,0.0001904329373201,0.0004409937074409,5.69751522326751e-05,0.0004409937074409,8.01806740801526e-05,,,0.4998546713773157,3850,,,False,,,2025
texture,tabpfn,icl,label_noise,0.05,3008486213,train_only,True,medium,True,ok,,1.0,1.0,0.0317713826545328,0.0132496956872746,0.0311673111405597,0.0014188349054617,0.0311673111405598,0.0056667838437381,,,0.4897916290657056,3850,,,False,,,2025
texture,tabpfn,icl,label_noise,0.1,1979768862,train_only,True,medium,True,ok,,1.0,1.0,0.0690978592557058,0.0288160454877029,0.0665511507755874,0.0054839455694764,0.0665511507755874,0.012100209231925,,,0.4780449561985715,3850,,,False,,,2025
texture,tabpfn,icl,label_noise,0.2,4247657058,train_only,True,medium,True,ok,,0.9993939393939394,0.999999595959596,0.1617761260336417,0.0674658847151599,0.1480117448160985,0.0259397365092571,0.1480117448160984,0.0269855064140987,5.591702108318659,0.6759181957495329,0.4500668351171817,3850,,,True,ece,,2025
texture,tabpfn,icl,label_noise,0.3,2504381432,train_only,True,medium,True,ok,,0.9981818181818182,0.9999979797979798,0.2748943803889388,0.1146398608426856,0.2370813673394138,0.0652799976448013,0.2366214102828621,0.0433759264341277,5.996321991616298,1.542988462494701,0.4179183339358771,3850,,,True,ece,,2025
texture,tabpfn,icl,label_noise,0.4,3172715493,train_only,True,medium,True,ok,,0.9993939393939394,0.9999983838383838,0.4047991708207087,0.1688143662539121,0.3306879547670215,0.1233898155049675,0.3306879547670215,0.0602443411665556,6.28541342310039,4.217704598254995,0.3831266244229473,3850,,,True,ece,,2025
tic-tac-toe,tabpfn,icl,covariate_shift,0.0,4226865293,test_only,True,low,True,ok,,0.9756944444444444,1.0,0.0338761581560858,0.0488729653761553,0.0200862269243262,0.0236334179102514,0.018138672868947,0.0200862269243262,6.099927785800966,-15.13896414693015,0.4776750316689548,670,,,False,,,2025
tic-tac-toe,tabpfn,icl,covariate_shift,0.05,4091808946,test_only,True,low,True,ok,,0.9756944444444444,1.0,0.0310358485878217,0.0447752648474311,0.01919506615637,0.0211482107256832,0.0171954635633046,0.0191950661563699,8.763547447786504,-23.776868934369634,0.4790825739811633,670,,,False,,,2025
tic-tac-toe,tabpfn,icl,covariate_shift,0.1,2947188312,test_only,True,low,True,ok,,0.9791666666666666,1.0,0.0272453568916725,0.0393067412748658,0.0149646092576605,0.0182973556294025,0.0128335018351249,0.0183986082411164,1.9474959256663704,-2.6438590865032867,0.4820900557660081,670,,,False,,,2025
tic-tac-toe,tabpfn,icl,covariate_shift,0.2,2187669084,test_only,True,low,True,ok,,0.9791666666666666,1.0,0.0391196893331407,0.056437781802039,0.0132915869225932,0.0246964148948237,0.0149316430472777,0.0133125259911681,1.642182430377377,-3.041019493520805,0.4772853480748696,670,,,False,,,2025
tic-tac-toe,tabpfn,icl,covariate_shift,0.3,673269154,test_only,True,low,True,ok,,0.9756944444444444,1.0,0.0360808319589463,0.0520536373383198,0.0205466228516347,0.0252840973250334,0.0185964273592993,0.0205466228516347,7.378198551069393,-19.489319326525383,0.4766287508948437,670,,,False,,,2025
tic-tac-toe,tabpfn,icl,covariate_shift,0.4,769674384,test_only,True,low,True,ok,,0.9756944444444444,1.0,0.0321290400472414,0.046352406744678,0.0196105403343972,0.0220475551787119,0.0175488395624214,0.019610540334397,6.428113160956752,-15.450148170955,0.4785263365763838,670,,,False,,,2025
tic-tac-toe,tabpfn,icl,label_noise,0.0,1906863118,train_only,True,low,True,ok,,0.9756944444444444,1.0,0.0338761581560858,0.0488729653761553,0.0200862269243262,0.0236334179102514,0.018138672868947,0.0200862269243262,6.099927785800966,-15.13896414693015,0.4776750316689548,670,,,False,,,2025
tic-tac-toe,tabpfn,icl,label_noise,0.05,2661186774,train_only,True,low,True,ok,,0.9756944444444444,0.9952659574468083,0.10210063527805,0.1473000801872555,0.0376105903760456,0.0432814546052865,0.0531881557798908,0.0376105903760455,8.935238699489076,-19.101533627075177,0.4429851096416637,670,,,False,,,2025
tic-tac-toe,tabpfn,icl,label_noise,0.1,1581280462,train_only,True,low,True,ok,,0.9756944444444444,1.0,0.1438539003595884,0.2075373086613133,0.0776389575656732,0.055003039860125,0.0756882970996819,0.1013024462423868,4.323130661563459,-4.781671684190642,0.4185651825551379,670,,,False,,,2025
tic-tac-toe,tabpfn,icl,label_noise,0.2,2630724225,train_only,True,low,True,ok,,0.9756944444444444,0.9825,0.250236189484627,0.3610145096204223,0.1718038188725541,0.1056504006941271,0.1718038188725542,0.1718038188725542,21.57141042797049,-25.126459070946336,0.3475640500060291,670,,,True,ece,,2025
tic-tac-toe,tabpfn,icl,label_noise,0.3,2782876443,train_only,True,low,True,ok,,0.9756944444444444,0.9679787234042552,0.3760106016977218,0.5424686303909786,0.2750894297620486,0.1985274356176848,0.2750894297620487,0.2750894297620486,10.573736307430348,-5.16822271478763,0.2673882447884526,670,,,True,ece,,2025
tic-tac-toe,tabpfn,icl,label_noise,0.4,3325394,train_only,True,low,True,ok,,0.7881944444444444,0.8700000000000001,0.6602850222557325,0.9525899271816042,0.2654831703166228,0.467183686784318,0.2707238789065822,0.1345578322924901,33.703715255700764,-1.1627168822256069,0.0838555544488608,670,,,True,ece;nll,,2025
vehicle,tabpfn,icl,covariate_shift,0.0,817120912,test_only,True,low,True,ok,,0.889763779527559,0.9817534370782728,0.2226831112360276,0.1606319101349712,0.0510417099723175,0.1443805658360515,0.0461362157055487,0.0353009854275425,1.7336395558216382,-0.1457629237334368,0.4186803548715743,592,,,False,,,2025
vehicle,tabpfn,icl,covariate_shift,0.05,4286560863,test_only,True,low,True,ok,,0.8582677165354331,0.9691709886305994,0.3067963692636551,0.2213068002497072,0.0418091970916118,0.1981024857918586,0.0501393830847854,0.038090608134652,1.189576533590008,0.1662163020957376,0.3931961240077901,592,,,False,,,2025
vehicle,tabpfn,icl,covariate_shift,0.1,2863396280,test_only,True,low,True,ok,,0.7440944881889764,0.9562979299119848,0.4850109518569668,0.3498614475104409,0.0654606828765498,0.3086175068358273,0.0633059314095466,0.080491901830879,1.0098450671393535,-0.0807189907427284,0.3282678778690989,592,,,False,,,2025
vehicle,tabpfn,icl,covariate_shift,0.2,2403460951,test_only,True,low,True,ok,,0.6259842519685039,0.9317264958852214,0.7027158206577365,0.5069023148085674,0.1467014424143745,0.4240036221848008,0.1665577814183636,0.1131128184600888,1.2898465505226813,-0.4751599951275232,0.2385909284296579,592,,,True,ece,,2025
vehicle,tabpfn,icl,covariate_shift,0.3,1042784495,test_only,True,low,True,ok,,0.5236220472440944,0.8733779283312144,1.0174319956826785,0.7339220473065806,0.0955575974611821,0.5706159076779135,0.1186074699180721,0.1248947911060649,1.6587090130283817,-0.5479202475379717,0.1449374483183286,592,,,False,,,2025
vehicle,tabpfn,icl,covariate_shift,0.4,1457860865,test_only,True,low,True,ok,,0.4606299212598425,0.8377247353786539,1.20437954404208,0.86877619776881,0.1168110518297015,0.6586631866394876,0.1247321734048137,0.142987972732363,1.4406141414893388,-0.459481326719191,0.0783030758749218,592,,,True,ece;nll,,2025
vehicle,tabpfn,icl,label_noise,0.0,784269654,train_only,True,low,True,ok,,0.889763779527559,0.9817534370782728,0.2226831112360276,0.1606319101349712,0.0510417099723175,0.1443805658360515,0.0461362157055487,0.0353009854275425,1.7336395558216382,-0.1457629237334368,0.4186803548715743,592,,,False,,,2025
vehicle,tabpfn,icl,label_noise,0.05,2009872038,train_only,True,low,True,ok,,0.8622047244094488,0.9751043273247222,0.2932486946250978,0.2115342187413953,0.068002550183241,0.1715653187415336,0.0776925125519873,0.0476070778621929,2.4058689366357378,-0.2675339641098044,0.3935564475660033,592,,,False,,,2025
vehicle,tabpfn,icl,label_noise,0.1,3765707729,train_only,True,low,True,ok,,0.8622047244094488,0.9731560595049557,0.3645324084965988,0.2629545489906764,0.1082724423910429,0.1984764006413859,0.1065626859623719,0.069745458767142,2.338589000094045,0.2074555364452988,0.3693944763127402,592,,,True,ece,,2025
vehicle,tabpfn,icl,label_noise,0.2,1363150093,train_only,True,low,True,ok,,0.8543307086614174,0.963577942227308,0.497606039288081,0.3589468825986566,0.1962625915859209,0.2666148469535546,0.196262591585921,0.0973671218614557,2.280304493925036,1.1521352974891972,0.3184653029819893,592,,,True,ece,,2025
vehicle,tabpfn,icl,label_noise,0.3,3761456960,train_only,True,low,True,ok,,0.8070866141732284,0.94792832144933,0.6815093341142263,0.491605068323067,0.2639137333623265,0.3538124819142968,0.2639137333623266,0.1337923320896418,3.522987835371978,1.839177610543754,0.2525736374638643,592,,,True,ece,,2025
vehicle,tabpfn,icl,label_noise,0.4,2895640413,train_only,True,low,True,ok,,0.7755905511811023,0.943632672778215,0.8078902423896099,0.5827696231390365,0.2883769714207089,0.4304800020597792,0.2954785512098691,0.1638827758051804,3.597067532695742,1.788996923164719,0.2141037369236879,592,,,True,ece,,2025
vowel,tabpfn,icl,covariate_shift,0.0,2519687539,test_only,True,low,True,ok,,1.0,1.0,0.0049134501853009,0.0020490678809199,0.0044237920000977,0.0014758993921345,0.0044237920000976,0.0008043258181995,,,0.4985005212357045,693,,,False,,,2025
vowel,tabpfn,icl,covariate_shift,0.05,1493876449,test_only,True,low,True,ok,,0.9966329966329966,1.0,0.0235670216246831,0.0098282113868885,0.0168922796375391,0.0096009211525564,0.0166261453666205,0.0036620394178505,12.049809563512094,-0.7126119484045101,0.493168030151375,693,,,False,,,2025
vowel,tabpfn,icl,covariate_shift,0.1,4100945200,test_only,True,low,True,ok,,0.9730639730639732,0.9992891881780772,0.1202774921692068,0.0501596101938353,0.0565432548419415,0.0562924133140439,0.0565432548419415,0.0135833674358241,1.6505448359956827,0.7010266269306515,0.469354277795384,693,,,False,,,2025
vowel,tabpfn,icl,covariate_shift,0.2,972206718,test_only,True,low,True,ok,,0.8249158249158249,0.9845117845117844,0.6001705558328464,0.250290562161391,0.1783793143702906,0.3104727655617155,0.1783793143702907,0.0436625939007086,1.5709426138371687,0.9101469273023411,0.3575534667940228,693,,,True,ece,,2025
vowel,tabpfn,icl,covariate_shift,0.3,1046341728,test_only,True,low,True,ok,,0.5656565656565656,0.9518019703204889,1.1415082927452482,0.4760459331541595,0.1478216503914258,0.5650158741716115,0.1502763015045083,0.06229620205726,1.3416378156903055,0.7738811205055798,0.2456010644361229,693,,,True,ece,,2025
vowel,tabpfn,icl,covariate_shift,0.4,1087639088,test_only,True,low,True,ok,,0.4545454545454545,0.928045891008854,1.5060759380321105,0.628082450104046,0.1592566004252829,0.6944251122850594,0.18163478193664,0.0705940958190743,1.4671793355775185,1.1479583378685871,0.1727218249186467,693,,,True,ece,,2025
vowel,tabpfn,icl,label_noise,0.0,2397759366,train_only,True,low,True,ok,,1.0,1.0,0.0049134501853009,0.0020490678809199,0.0044237920000977,0.0014758993921345,0.0044237920000976,0.0008043258181995,,,0.4985005212357045,693,,,False,,,2025
vowel,tabpfn,icl,label_noise,0.05,1084304653,train_only,True,low,True,ok,,0.9966329966329966,0.9999750592343184,0.0658379125711421,0.0274565421259238,0.0547754485545996,0.0161142942164167,0.0520766020456608,0.0100160811452647,4.232696416709319,2.311914252801245,0.4802941678782638,693,,,False,,,2025
vowel,tabpfn,icl,label_noise,0.1,4233634198,train_only,True,low,True,ok,,0.9730639730639732,0.9998254146402296,0.1540064653665346,0.0642256845466013,0.088159429119878,0.0522571214056775,0.0880618794845313,0.020245105367171,2.578970458013579,0.2840000929045816,0.4589988998957203,693,,,False,,,2025
vowel,tabpfn,icl,label_noise,0.2,2142276699,train_only,True,low,True,ok,,0.9797979797979798,0.9994014216236438,0.2722887932864741,0.1135532466222805,0.1871887395403824,0.0879352520927201,0.1871887395403824,0.0365723847897703,2.2281269665294468,2.0131888229098265,0.4252564726432116,693,,,True,ece,,2025
vowel,tabpfn,icl,label_noise,0.3,3165843710,train_only,True,low,True,ok,,0.9090909090909092,0.9978052126200274,0.4838058487712248,0.2017627100981011,0.2477867685990217,0.1837309355705891,0.23706250847583,0.0547294534740938,4.144272757968355,1.3129366338163462,0.3755092940314112,693,,,True,ece,,2025
vowel,tabpfn,icl,label_noise,0.4,2435048990,train_only,True,low,True,ok,,0.9427609427609428,0.9968075819927672,0.6785144070839313,0.2829624858020164,0.3933982127690542,0.276427920238369,0.3933982127690542,0.0751144904069574,3.329736160393796,3.362077669995086,0.3267284068171942,693,,,True,ece,,2025
wall-robot-navigation,tabpfn,icl,covariate_shift,0.0,3951070335,test_only,True,low,True,ok,,0.9835064141722664,0.999591232902814,0.0426811142630037,0.0307879159434253,0.0053849636905227,0.0262844202910906,0.0037408112433681,0.0071967220260782,1.0586439227248268,0.1989357650348348,0.4870695261206926,3819,,,False,,,2025
wall-robot-navigation,tabpfn,icl,covariate_shift,0.05,4245460064,test_only,True,low,True,ok,,0.4636530238240684,0.8918566739639754,2.5627915948898874,1.848663362389779,0.4547986673055021,0.9486268480525674,0.4547986673055021,0.2506114116867571,0.3213203740009998,-1.4798169809715238,-0.2638609527170324,3819,,,True,ece;nll,,2025
wall-robot-navigation,tabpfn,icl,covariate_shift,0.1,3581680527,test_only,True,low,True,ok,,0.3726328649969456,0.7259003949700433,3.6846994349738447,2.6579488010015657,0.4902956906420757,1.1305885996172833,0.4902956906420756,0.2953931923477202,-0.1323758924089046,-0.161979935151974,-0.5854837104398278,3819,,,True,ece;nll,,2025
wall-robot-navigation,tabpfn,icl,covariate_shift,0.2,588846496,test_only,True,low,True,ok,,0.0598656078191814,0.5770041014977247,4.637791159096827,3.345459152953836,0.8336353386913591,1.6318519201840205,0.833635338691359,0.4290590357541265,1.1973592037508127,-6.738449907571329,-0.9594335369273416,3819,,,True,ece;nll,,2025
wall-robot-navigation,tabpfn,icl,covariate_shift,0.3,920715792,test_only,True,low,True,ok,,0.0598656078191814,0.4861828264310873,4.600371426186869,3.318466521403542,0.8969897764366109,1.7649628735213707,0.8969897764366113,0.4484948882183055,-0.0065067936661139,-2.732413692288864,-0.9957940812846268,3819,,,True,ece;nll,,2025
wall-robot-navigation,tabpfn,icl,covariate_shift,0.4,1668146315,test_only,True,low,True,ok,,0.0598656078191814,0.4774000860559779,4.191638655666048,3.0236281508639444,0.8898836556807169,1.7452766081419946,0.8898836556807169,0.4450761675013329,-0.5248950699443875,-1.1833054725286418,-0.9089953051028572,3819,,,True,ece;nll,,2025
wall-robot-navigation,tabpfn,icl,label_noise,0.0,2024060655,train_only,True,low,True,ok,,0.9835064141722664,0.999591232902814,0.0426811142630037,0.0307879159434253,0.0053849636905227,0.0262844202910906,0.0037408112433681,0.0071967220260782,1.0586439227248268,0.1989357650348348,0.4870695261206926,3819,,,False,,,2025
wall-robot-navigation,tabpfn,icl,label_noise,0.05,2287176440,train_only,True,low,True,ok,,0.9798411728772144,0.9985145269378016,0.0908412275559754,0.0655280942516358,0.034225669266003,0.0351015758024387,0.0307610173185629,0.0200975597782039,1.5803746975253516,-0.1699331561188265,0.4699526982311213,3819,,,False,,,2025
wall-robot-navigation,tabpfn,icl,label_noise,0.1,597273002,train_only,True,low,True,ok,,0.9798411728772144,0.9992513942652196,0.1295263147223335,0.0934334859572668,0.0767118448948244,0.0406462298867621,0.075115587381855,0.0403330120095807,2.140235758153653,-0.0974464014740519,0.4533417491582641,3819,,,False,,,2025
wall-robot-navigation,tabpfn,icl,label_noise,0.2,365370496,train_only,True,low,True,ok,,0.9743433109346366,0.9986464723917702,0.2352241456185167,0.1696783541905887,0.1611419908809418,0.0742141863097954,0.1611419908809419,0.0835482634291398,2.9205672302594863,0.2707669651082902,0.41254585754395,3819,,,True,ece,,2025
wall-robot-navigation,tabpfn,icl,label_noise,0.3,2130485774,train_only,True,low,True,ok,,0.9566279780085524,0.9967683752733056,0.3829350681858366,0.2762292619270918,0.2437746639549599,0.1462452059333947,0.2434524291208141,0.1269287935622803,3.983345745233022,0.2667277576014249,0.3607394166778203,3819,,,True,ece,,2025
wall-robot-navigation,tabpfn,icl,label_noise,0.4,2843796444,train_only,True,low,True,ok,,0.950519242516799,0.9962357899948436,0.5415842707980424,0.3906704708519006,0.3452911277131389,0.238180633510278,0.3449092685498058,0.1746603500989174,4.748119531677248,1.7841114785052132,0.3050010460775171,3819,,,True,ece,,2025
wdbc,tabpfn,icl,covariate_shift,0.0,1567692592,test_only,True,low,True,ok,,0.9707602339181286,0.9858352803738316,0.1487052557642945,0.2145363350452726,0.0351059112953937,0.0578713189137799,0.0175098987155469,0.0367290378272464,0.3672710560020913,0.9684438632888972,0.4192743004458997,398,,,False,,,2025
wdbc,tabpfn,icl,covariate_shift,0.05,2798164824,test_only,True,low,True,ok,,0.935672514619883,0.9858352803738316,0.2035136076455144,0.2936080725036059,0.0445265778930902,0.0995132918589324,0.0325498021408853,0.0680330553171261,0.5069219502655387,0.0918929563888358,0.3884054879941236,398,,,False,,,2025
wdbc,tabpfn,icl,covariate_shift,0.1,982704331,test_only,True,low,True,ok,,0.8362573099415205,0.9805782710280374,0.4746537273758645,0.6847805786246217,0.1143743747611192,0.2514800472217209,0.1077543296227928,0.1619634180580085,0.4679704075388819,-0.4959756461080489,0.2403319428114307,398,,,True,ece,,2025
wdbc,tabpfn,icl,covariate_shift,0.2,707917523,test_only,True,low,True,ok,,0.5380116959064327,0.977803738317757,1.9551836071002189,2.820733693990881,0.4012516772406058,0.8082001116058113,0.3890917747842794,0.452544829118934,0.2587043798386491,-1.400981893348051,-0.5035373808482055,398,,,True,ece;nll,,2025
wdbc,tabpfn,icl,covariate_shift,0.3,1903126579,test_only,True,low,True,ok,,0.4093567251461988,0.9548773364485982,4.060703834128278,5.858357284015666,0.578069981569493,1.1191427452434235,0.5624054566083606,0.5808200899201921,0.3879917541816462,-3.795898741341873,-1.4775106049896594,398,,,True,ece;nll,,2025
wdbc,tabpfn,icl,covariate_shift,0.4,2924256398,test_only,True,low,True,ok,,0.3742690058479532,0.8139602803738317,5.733754802937963,8.272059619871875,0.621572257258103,1.235964869824076,0.6215722572581028,0.621572257258103,0.969514572248525,-10.749875497498245,-2.2649058884051487,398,,,True,ece;nll,,2025
wdbc,tabpfn,icl,label_noise,0.0,2923526945,train_only,True,low,True,ok,,0.9707602339181286,0.9858352803738316,0.1487052557642945,0.2145363350452726,0.0351059112953937,0.0578713189137799,0.0175098987155469,0.0367290378272464,0.3672710560020913,0.9684438632888972,0.4192743004458997,398,,,False,,,2025
wdbc,tabpfn,icl,label_noise,0.05,3321765750,train_only,True,low,True,ok,,0.9649122807017544,0.9910922897196262,0.124543563830535,0.179678381912951,0.0435517216830947,0.0569045227975999,0.0371597223723767,0.0533794139683952,1.878172990188987,-1.0143320521408763,0.429005284596628,398,,,False,,,2025
wdbc,tabpfn,icl,label_noise,0.1,31412933,train_only,True,low,True,ok,,0.95906432748538,0.9824766355140186,0.1774287595630782,0.2559755915327332,0.0834095335371229,0.0823940430556863,0.0795112123264226,0.0834095335371229,1.8652180098311093,-0.1336945986687496,0.3942518873854689,398,,,False,,,2025
wdbc,tabpfn,icl,label_noise,0.2,4043824136,train_only,True,low,True,ok,,0.953216374269006,0.9751752336448598,0.2883167659771219,0.4159531684803377,0.1764013031335244,0.1414555300109274,0.1705495798362268,0.191467982151131,2.1763368466993067,0.6685208274741299,0.3242275767452455,398,,,True,ece,,2025
wdbc,tabpfn,icl,label_noise,0.3,3116013236,train_only,True,low,True,ok,,0.9298245614035088,0.9751752336448598,0.4099129851394645,0.5913794308566969,0.246789723807401,0.2339941391121975,0.246789723807401,0.2422090805300937,4.69481529842712,-0.0464672011546034,0.2540132419677379,398,,,True,ece,,2025
wdbc,tabpfn,icl,label_noise,0.4,2448982738,train_only,True,low,True,ok,,0.7953216374269005,0.8564544392523364,0.6548575855727643,0.944759791194347,0.2675819256775067,0.4618329875171024,0.2693470659831885,0.1159205191754923,9.271638846026336,0.4873790066958259,0.0821129768585473,398,,,True,ece;nll,,2025
