level,total_expected,ok_rows,skipped_rows,error_rows,n_datasets,n_datasets_fully_ok,dataset_id,model,shift_axis,shift_lambda,status,reason
run,4752.0,1512.0,3240.0,0.0,44.0,14.0,,,,,,
problem,,,,,,,GesturePhaseSegmentation,catboost,categorical_covariate_shift,0.0,skipped,shift not applicable: dataset has no categorical features
problem,,,,,,,GesturePhaseSegmentation,catboost,categorical_covariate_shift,0.05,skipped,shift not applicable: dataset has no categorical features
problem,,,,,,,GesturePhaseSegmentation,catboost,categorical_covariate_shift,0.1,skipped,shift not applicable: dataset has no categorical features
problem,,,,,,,GesturePhaseSegmentation,catboost,categorical_covariate_shift,0.2,skipped,shift not applicable: dataset has no categorical features
problem,,,,,,,GesturePhaseSegmentation,catboost,categorical_covariate_shift,0.3,skipped,shift not applicable: dataset has no categorical features
problem,,,,,,,GesturePhaseSegmentation,catboost,categorical_covariate_shift,0.4,skipped,shift not applicable: dataset has no categorical features
problem,,,,,,,GesturePhaseSegmentation,hist_gbdt,categorical_covariate_shift,0.0,skipped,shift not applicable: dataset has no categorical features
problem,,,,,,,GesturePhaseSegmentation,hist_gbdt,categorical_covariate_shift,0.05,skipped,shift not applicable: dataset has no categorical features
problem,,,,,,,GesturePhaseSegmentation,hist_gbdt,categorical_covariate_shift,0.1,skipped,shift not applicable: dataset has no categorical features
problem,,,,,,,GesturePhaseSegmentation,hist_gbdt,categorical_covariate_shift,0.2,skipped,shift not applicable: dataset has no categorical features
problem,,,,,,,GesturePhaseSegmentation,hist_gbdt,categorical_covariate_shift,0.3,skipped,shift not applicable: dataset has no categorical features
problem,,,,,,,GesturePhaseSegmentation,hist_gbdt,categorical_covariate_shift,0.4,skipped,shift not applicable: dataset has no categorical features
problem,,,,,,,GesturePhaseSegmentation,logreg,categorical_covariate_shift,0.0,skipped,shift not applicable: dataset has no categorical features
problem,,,,,,,GesturePhaseSegmentation,logreg,categorical_covariate_shift,0.05,skipped,shift not applicable: dataset has no categorical features
problem,,,,,,,GesturePhaseSegmentation,logreg,categorical_covariate_shift,0.1,skipped,shift not applicable: dataset has no categorical features
problem,,,,,,,GesturePhaseSegmentation,logreg,categorical_covariate_shift,0.2,skipped,shift not applicable: dataset has no categorical features
problem,,,,,,,GesturePhaseSegmentation,logreg,categorical_covariate_shift,0.3,skipped,shift not applicable: dataset has no categorical features
problem,,,,,,,GesturePhaseSegmentation,logreg,categorical_covariate_shift,0.4,skipped,shift not applicable: dataset has no categorical features
problem,,,,,,,GesturePhaseSegmentation,tabicl,categorical_covariate_shift,0.0,skipped,shift not applicable: dataset has no categorical features
problem,,,,,,,GesturePhaseSegmentation,tabicl,categorical_covariate_shift,0.05,skipped,shift not applicable: dataset has no categorical features
problem,,,,,,,GesturePhaseSegmentation,tabicl,categorical_covariate_shift,0.1,skipped,shift not applicable: dataset has no categorical features
problem,,,,,,,GesturePhaseSegmentation,tabicl,categorical_covariate_shift,0.2,skipped,shift not applicable: dataset has no categorical features
problem,,,,,,,GesturePhaseSegmentation,tabicl,categorical_covariate_shift,0.3,skipped,shift not applicable: dataset has no categorical features
problem,,,,,,,GesturePhaseSegmentation,tabicl,categorical_covariate_shift,0.4,skipped,shift not applicable: dataset has no categorical features
problem,,,,,,,GesturePhaseSegmentation,tabpfn,categorical_covariate_shift,0.0,skipped,shift not applicable: dataset has no categorical features
problem,,,,,,,GesturePhaseSegmentation,tabpfn,categorical_covariate_shift,0.05,skipped,shift not applicable: dataset has no categorical features
problem,,,,,,,GesturePhaseSegmentation,tabpfn,categorical_covariate_shift,0.1,skipped,shift not applicable: dataset has no categorical features
problem,,,,,,,GesturePhaseSegmentation,tabpfn,categorical_covariate_shift,0.2,skipped,shift not applicable: dataset has no categorical features
problem,,,,,,,GesturePhaseSegmentation,tabpfn,categorical_covariate_shift,0.3,skipped,shift not applicable: dataset has no categorical features
problem,,,,,,,GesturePhaseSegmentation,tabpfn,categorical_covariate_shift,0.4,skipped,shift not applicable: dataset has no categorical features
problem,,,,,,,GesturePhaseSegmentation,xgboost,categorical_covariate_shift,0.0,skipped,shift not applicable: dataset has no categorical features
problem,,,,,,,GesturePhaseSegmentation,xgboost,categorical_covariate_shift,0.05,skipped,shift not applicable: dataset has no categorical features
problem,,,,,,,GesturePhaseSegmentation,xgboost,categorical_covariate_shift,0.1,skipped,shift not applicable: dataset has no categorical features
problem,,,,,,,GesturePhaseSegmentation,xgboost,categorical_covariate_shift,0.2,skipped,shift not applicable: dataset has no categorical features
problem,,,,,,,GesturePhaseSegmentation,xgboost,categorical_covariate_shift,0.3,skipped,shift not applicable: dataset has no categorical features
problem,,,,,,,GesturePhaseSegmentation,xgboost,categorical_covariate_shift,0.4,skipped,shift not applicable: dataset has no categorical features
problem,,,,,,,MiceProtein,catboost,categorical_covariate_shift,0.0,skipped,shift not applicable: dataset has no categorical features
problem,,,,,,,MiceProtein,catboost,categorical_covariate_shift,0.05,skipped,shift not applicable: dataset has no categorical features
problem,,,,,,,MiceProtein,catboost,categorical_covariate_shift,0.1,skipped,shift not applicable: dataset has no categorical features
problem,,,,,,,MiceProtein,catboost,categorical_covariate_shift,0.2,skipped,shift not applicable: dataset has no categorical features
problem,,,,,,,MiceProtein,catboost,categorical_covariate_shift,0.3,skipped,shift not applicable: dataset has no categorical features
problem,,,,,,,MiceProtein,catboost,categorical_covariate_shift,0.4,skipped,shift not applicable: dataset has no categorical features
problem,,,,,,,MiceProtein,hist_gbdt,categorical_covariate_shift,0.0,skipped,shift not applicable: dataset has no categorical features
problem,,,,,,,MiceProtein,hist_gbdt,categorical_covariate_shift,0.05,skipped,shift not applicable: dataset has no categorical features
problem,,,,,,,MiceProtein,hist_gbdt,categorical_covariate_shift,0.1,skipped,shift not applicable: dataset has no categorical features
problem,,,,,,,MiceProtein,hist_gbdt,categorical_covariate_shift,0.2,skipped,shift not applicable: dataset has no categorical features
problem,,,,,,,MiceProtein,hist_gbdt,categorical_covariate_shift,0.3,skipped,shift not applicable: dataset has no categorical features
problem,,,,,,,MiceProtein,hist_gbdt,categorical_covariate_shift,0.4,skipped,shift not applicable: dataset has no categorical features
problem,,,,,,,MiceProtein,logreg,categorical_covariate_shift,0.0,skipped,shift not applicable: dataset has no categorical features
problem,,,,,,,MiceProtein,logreg,categorical_covariate_shift,0.05,skipped,shift not applicable: dataset has no categorical features
problem,,,,,,,MiceProtein,logreg,categorical_covariate_shift,0.1,skipped,shift not applicable: dataset has no categorical features
problem,,,,,,,MiceProtein,logreg,categorical_covariate_shift,0.2,skipped,shift not applicable: dataset has no categorical features
problem,,,,,,,MiceProtein,logreg,categorical_covariate_shift,0.3,skipped,shift not applicable: dataset has no categorical features
problem,,,,,,,MiceProtein,logreg,categorical_covariate_shift,0.4,skipped,shift not applicable: dataset has no categorical features
problem,,,,,,,MiceProtein,tabicl,categorical_covariate_shift,0.0,skipped,shift not applicable: dataset has no categorical features
problem,,,,,,,MiceProtein,tabicl,categorical_covariate_shift,0.05,skipped,shift not applicable: dataset has no categorical features
problem,,,,,,,MiceProtein,tabicl,categorical_covariate_shift,0.1,skipped,shift not applicable: dataset has no categorical features
problem,,,,,,,MiceProtein,tabicl,categorical_covariate_shift,0.2,skipped,shift not applicable: dataset has no categorical features
problem,,,,,,,MiceProtein,tabicl,categorical_covariate_shift,0.3,skipped,shift not applicable: dataset has no categorical features
problem,,,,,,,MiceProtein,tabicl,categorical_covariate_shift,0.4,skipped,shift not applicable: dataset has no categorical features
problem,,,,,,,MiceProtein,tabpfn,categorical_covariate_shift,0.0,skipped,shift not applicable: dataset has no categorical features
problem,,,,,,,MiceProtein,tabpfn,categorical_covariate_shift,0.05,skipped,shift not applicable: dataset has no categorical features
problem,,,,,,,MiceProtein,tabpfn,categorical_covariate_shift,0.1,skipped,shift not applicable: dataset has no categorical features
problem,,,,,,,MiceProtein,tabpfn,categorical_covariate_shift,0.2,skipped,shift not applicable: dataset has no categorical features
problem,,,,,,,MiceProtein,tabpfn,categorical_covariate_shift,0.3,skipped,shift not applicable: dataset has no categorical features
problem,,,,,,,MiceProtein,tabpfn,categorical_covariate_shift,0.4,skipped,shift not applicable: dataset has no categorical features
problem,,,,,,,MiceProtein,xgboost,categorical_covariate_shift,0.0,skipped,shift not applicable: dataset has no categorical features
problem,,,,,,,MiceProtein,xgboost,categorical_covariate_shift,0.05,skipped,shift not applicable: dataset has no categorical features
problem,,,,,,,MiceProtein,xgboost,categorical_covariate_shift,0.1,skipped,shift not applicable: dataset has no categorical features
problem,,,,,,,MiceProtein,xgboost,categorical_covariate_shift,0.2,skipped,shift not applicable: dataset has no categorical features
problem,,,,,,,MiceProtein,xgboost,categorical_covariate_shift,0.3,skipped,shift not applicable: dataset has no categorical features
problem,,,,,,,MiceProtein,xgboost,categorical_covariate_shift,0.4,skipped,shift not applicable: dataset has no categorical features
problem,,,,,,,analcatdata_authorship,catboost,categorical_covariate_shift,0.0,skipped,shift not applicable: dataset has no categorical features
problem,,,,,,,analcatdata_authorship,catboost,categorical_covariate_shift,0.05,skipped,shift not applicable: dataset has no categorical features
problem,,,,,,,analcatdata_authorship,catboost,categorical_covariate_shift,0.1,skipped,shift not applicable: dataset has no categorical features
problem,,,,,,,analcatdata_authorship,catboost,categorical_covariate_shift,0.2,skipped,shift not applicable: dataset has no categorical features
problem,,,,,,,analcatdata_authorship,catboost,categorical_covariate_shift,0.3,skipped,shift not applicable: dataset has no categorical features
problem,,,,,,,analcatdata_authorship,catboost,categorical_covariate_shift,0.4,skipped,shift not applicable: dataset has no categorical features
problem,,,,,,,analcatdata_authorship,hist_gbdt,categorical_covariate_shift,0.0,skipped,shift not applicable: dataset has no categorical features
problem,,,,,,,analcatdata_authorship,hist_gbdt,categorical_covariate_shift,0.05,skipped,shift not applicable: dataset has no categorical features
problem,,,,,,,analcatdata_authorship,hist_gbdt,categorical_covariate_shift,0.1,skipped,shift not applicable: dataset has no categorical features
problem,,,,,,,analcatdata_authorship,hist_gbdt,categorical_covariate_shift,0.2,skipped,shift not applicable: dataset has no categorical features
problem,,,,,,,analcatdata_authorship,hist_gbdt,categorical_covariate_shift,0.3,skipped,shift not applicable: dataset has no categorical features
problem,,,,,,,analcatdata_authorship,hist_gbdt,categorical_covariate_shift,0.4,skipped,shift not applicable: dataset has no categorical features
problem,,,,,,,analcatdata_authorship,logreg,categorical_covariate_shift,0.0,skipped,shift not applicable: dataset has no categorical features
problem,,,,,,,analcatdata_authorship,logreg,categorical_covariate_shift,0.05,skipped,shift not applicable: dataset has no categorical features
problem,,,,,,,analcatdata_authorship,logreg,categorical_covariate_shift,0.1,skipped,shift not applicable: dataset has no categorical features
problem,,,,,,,analcatdata_authorship,logreg,categorical_covariate_shift,0.2,skipped,shift not applicable: dataset has no categorical features
problem,,,,,,,analcatdata_authorship,logreg,categorical_covariate_shift,0.3,skipped,shift not applicable: dataset has no categorical features
problem,,,,,,,analcatdata_authorship,logreg,categorical_covariate_shift,0.4,skipped,shift not applicable: dataset has no categorical features
problem,,,,,,,analcatdata_authorship,tabicl,categorical_covariate_shift,0.0,skipped,shift not applicable: dataset has no categorical features
problem,,,,,,,analcatdata_authorship,tabicl,categorical_covariate_shift,0.05,skipped,shift not applicable: dataset has no categorical features
problem,,,,,,,analcatdata_authorship,tabicl,categorical_covariate_shift,0.1,skipped,shift not applicable: dataset has no categorical features
problem,,,,,,,analcatdata_authorship,tabicl,categorical_covariate_shift,0.2,skipped,shift not applicable: dataset has no categorical features
problem,,,,,,,analcatdata_authorship,tabicl,categorical_covariate_shift,0.3,skipped,shift not applicable: dataset has no categorical features
problem,,,,,,,analcatdata_authorship,tabicl,categorical_covariate_shift,0.4,skipped,shift not applicable: dataset has no categorical features
problem,,,,,,,analcatdata_authorship,tabpfn,categorical_covariate_shift,0.0,skipped,shift not applicable: dataset has no categorical features
problem,,,,,,,analcatdata_authorship,tabpfn,categorical_covariate_shift,0.05,skipped,shift not applicable: dataset has no categorical features
problem,,,,,,,analcatdata_authorship,tabpfn,categorical_covariate_shift,0.1,skipped,shift not applicable: dataset has no categorical features
problem,,,,,,,analcatdata_authorship,tabpfn,categorical_covariate_shift,0.2,skipped,shift not applicable: dataset has no categorical features
problem,,,,,,,analcatdata_authorship,tabpfn,categorical_covariate_shift,0.3,skipped,shift not applicable: dataset has no categorical features
problem,,,,,,,analcatdata_authorship,tabpfn,categorical_covariate_shift,0.4,skipped,shift not applicable: dataset has no categorical features
problem,,,,,,,analcatdata_authorship,xgboost,categorical_covariate_shift,0.0,skipped,shift not applicable: dataset has no categorical features
problem,,,,,,,analcatdata_authorship,xgboost,categorical_covariate_shift,0.05,skipped,shift not applicable: dataset has no categorical features
problem,,,,,,,analcatdata_authorship,xgboost,categorical_covariate_shift,0.1,skipped,shift not applicable: dataset has no categorical features
problem,,,,,,,analcatdata_authorship,xgboost,categorical_covariate_shift,0.2,skipped,shift not applicable: dataset has no categorical features
problem,,,,,,,analcatdata_authorship,xgboost,categorical_covariate_shift,0.3,skipped,shift not applicable: dataset has no categorical features
problem,,,,,,,analcatdata_authorship,xgboost,categorical_covariate_shift,0.4,skipped,shift not applicable: dataset has no categorical features
problem,,,,,,,breast-w,catboost,categorical_covariate_shift,0.0,skipped,shift not applicable: dataset has no categorical features
problem,,,,,,,breast-w,catboost,categorical_covariate_shift,0.05,skipped,shift not applicable: dataset has no categorical features
problem,,,,,,,breast-w,catboost,categorical_covariate_shift,0.1,skipped,shift not applicable: dataset has no categorical features
problem,,,,,,,breast-w,catboost,categorical_covariate_shift,0.2,skipped,shift not applicable: dataset has no categorical features
problem,,,,,,,breast-w,catboost,categorical_covariate_shift,0.3,skipped,shift not applicable: dataset has no categorical features
problem,,,,,,,breast-w,catboost,categorical_covariate_shift,0.4,skipped,shift not applicable: dataset has no categorical features
problem,,,,,,,breast-w,hist_gbdt,categorical_covariate_shift,0.0,skipped,shift not applicable: dataset has no categorical features
problem,,,,,,,breast-w,hist_gbdt,categorical_covariate_shift,0.05,skipped,shift not applicable: dataset has no categorical features
problem,,,,,,,breast-w,hist_gbdt,categorical_covariate_shift,0.1,skipped,shift not applicable: dataset has no categorical features
problem,,,,,,,breast-w,hist_gbdt,categorical_covariate_shift,0.2,skipped,shift not applicable: dataset has no categorical features
problem,,,,,,,breast-w,hist_gbdt,categorical_covariate_shift,0.3,skipped,shift not applicable: dataset has no categorical features
problem,,,,,,,breast-w,hist_gbdt,categorical_covariate_shift,0.4,skipped,shift not applicable: dataset has no categorical features
problem,,,,,,,breast-w,logreg,categorical_covariate_shift,0.0,skipped,shift not applicable: dataset has no categorical features
problem,,,,,,,breast-w,logreg,categorical_covariate_shift,0.05,skipped,shift not applicable: dataset has no categorical features
problem,,,,,,,breast-w,logreg,categorical_covariate_shift,0.1,skipped,shift not applicable: dataset has no categorical features
problem,,,,,,,breast-w,logreg,categorical_covariate_shift,0.2,skipped,shift not applicable: dataset has no categorical features
problem,,,,,,,breast-w,logreg,categorical_covariate_shift,0.3,skipped,shift not applicable: dataset has no categorical features
problem,,,,,,,breast-w,logreg,categorical_covariate_shift,0.4,skipped,shift not applicable: dataset has no categorical features
problem,,,,,,,breast-w,tabicl,categorical_covariate_shift,0.0,skipped,shift not applicable: dataset has no categorical features
problem,,,,,,,breast-w,tabicl,categorical_covariate_shift,0.05,skipped,shift not applicable: dataset has no categorical features
problem,,,,,,,breast-w,tabicl,categorical_covariate_shift,0.1,skipped,shift not applicable: dataset has no categorical features
problem,,,,,,,breast-w,tabicl,categorical_covariate_shift,0.2,skipped,shift not applicable: dataset has no categorical features
problem,,,,,,,breast-w,tabicl,categorical_covariate_shift,0.3,skipped,shift not applicable: dataset has no categorical features
problem,,,,,,,breast-w,tabicl,categorical_covariate_shift,0.4,skipped,shift not applicable: dataset has no categorical features
problem,,,,,,,breast-w,tabpfn,categorical_covariate_shift,0.0,skipped,shift not applicable: dataset has no categorical features
problem,,,,,,,breast-w,tabpfn,categorical_covariate_shift,0.05,skipped,shift not applicable: dataset has no categorical features
problem,,,,,,,breast-w,tabpfn,categorical_covariate_shift,0.1,skipped,shift not applicable: dataset has no categorical features
problem,,,,,,,breast-w,tabpfn,categorical_covariate_shift,0.2,skipped,shift not applicable: dataset has no categorical features
problem,,,,,,,breast-w,tabpfn,categorical_covariate_shift,0.3,skipped,shift not applicable: dataset has no categorical features
problem,,,,,,,breast-w,tabpfn,categorical_covariate_shift,0.4,skipped,shift not applicable: dataset has no categorical features
problem,,,,,,,breast-w,xgboost,categorical_covariate_shift,0.0,skipped,shift not applicable: dataset has no categorical features
problem,,,,,,,breast-w,xgboost,categorical_covariate_shift,0.05,skipped,shift not applicable: dataset has no categorical features
problem,,,,,,,breast-w,xgboost,categorical_covariate_shift,0.1,skipped,shift not applicable: dataset has no categorical features
problem,,,,,,,breast-w,xgboost,categorical_covariate_shift,0.2,skipped,shift not applicable: dataset has no categorical features
problem,,,,,,,breast-w,xgboost,categorical_covariate_shift,0.3,skipped,shift not applicable: dataset has no categorical features
problem,,,,,,,breast-w,xgboost,categorical_covariate_shift,0.4,skipped,shift not applicable: dataset has no categorical features
problem,,,,,,,climate-model-simulation-crashes,catboost,categorical_covariate_shift,0.0,skipped,shift not applicable: dataset has no categorical features
problem,,,,,,,climate-model-simulation-crashes,catboost,categorical_covariate_shift,0.05,skipped,shift not applicable: dataset has no categorical features
problem,,,,,,,climate-model-simulation-crashes,catboost,categorical_covariate_shift,0.1,skipped,shift not applicable: dataset has no categorical features
problem,,,,,,,climate-model-simulation-crashes,catboost,categorical_covariate_shift,0.2,skipped,shift not applicable: dataset has no categorical features
problem,,,,,,,climate-model-simulation-crashes,catboost,categorical_covariate_shift,0.3,skipped,shift not applicable: dataset has no categorical features
problem,,,,,,,climate-model-simulation-crashes,catboost,categorical_covariate_shift,0.4,skipped,shift not applicable: dataset has no categorical features
problem,,,,,,,climate-model-simulation-crashes,hist_gbdt,categorical_covariate_shift,0.0,skipped,shift not applicable: dataset has no categorical features
problem,,,,,,,climate-model-simulation-crashes,hist_gbdt,categorical_covariate_shift,0.05,skipped,shift not applicable: dataset has no categorical features
problem,,,,,,,climate-model-simulation-crashes,hist_gbdt,categorical_covariate_shift,0.1,skipped,shift not applicable: dataset has no categorical features
problem,,,,,,,climate-model-simulation-crashes,hist_gbdt,categorical_covariate_shift,0.2,skipped,shift not applicable: dataset has no categorical features
problem,,,,,,,climate-model-simulation-crashes,hist_gbdt,categorical_covariate_shift,0.3,skipped,shift not applicable: dataset has no categorical features
problem,,,,,,,climate-model-simulation-crashes,hist_gbdt,categorical_covariate_shift,0.4,skipped,shift not applicable: dataset has no categorical features
problem,,,,,,,climate-model-simulation-crashes,logreg,categorical_covariate_shift,0.0,skipped,shift not applicable: dataset has no categorical features
problem,,,,,,,climate-model-simulation-crashes,logreg,categorical_covariate_shift,0.05,skipped,shift not applicable: dataset has no categorical features
problem,,,,,,,climate-model-simulation-crashes,logreg,categorical_covariate_shift,0.1,skipped,shift not applicable: dataset has no categorical features
problem,,,,,,,climate-model-simulation-crashes,logreg,categorical_covariate_shift,0.2,skipped,shift not applicable: dataset has no categorical features
problem,,,,,,,climate-model-simulation-crashes,logreg,categorical_covariate_shift,0.3,skipped,shift not applicable: dataset has no categorical features
problem,,,,,,,climate-model-simulation-crashes,logreg,categorical_covariate_shift,0.4,skipped,shift not applicable: dataset has no categorical features
problem,,,,,,,climate-model-simulation-crashes,tabicl,categorical_covariate_shift,0.0,skipped,shift not applicable: dataset has no categorical features
problem,,,,,,,climate-model-simulation-crashes,tabicl,categorical_covariate_shift,0.05,skipped,shift not applicable: dataset has no categorical features
problem,,,,,,,climate-model-simulation-crashes,tabicl,categorical_covariate_shift,0.1,skipped,shift not applicable: dataset has no categorical features
problem,,,,,,,climate-model-simulation-crashes,tabicl,categorical_covariate_shift,0.2,skipped,shift not applicable: dataset has no categorical features
problem,,,,,,,climate-model-simulation-crashes,tabicl,categorical_covariate_shift,0.3,skipped,shift not applicable: dataset has no categorical features
problem,,,,,,,climate-model-simulation-crashes,tabicl,categorical_covariate_shift,0.4,skipped,shift not applicable: dataset has no categorical features
problem,,,,,,,climate-model-simulation-crashes,tabpfn,categorical_covariate_shift,0.0,skipped,shift not applicable: dataset has no categorical features
problem,,,,,,,climate-model-simulation-crashes,tabpfn,categorical_covariate_shift,0.05,skipped,shift not applicable: dataset has no categorical features
problem,,,,,,,climate-model-simulation-crashes,tabpfn,categorical_covariate_shift,0.1,skipped,shift not applicable: dataset has no categorical features
problem,,,,,,,climate-model-simulation-crashes,tabpfn,categorical_covariate_shift,0.2,skipped,shift not applicable: dataset has no categorical features
problem,,,,,,,climate-model-simulation-crashes,tabpfn,categorical_covariate_shift,0.3,skipped,shift not applicable: dataset has no categorical features
problem,,,,,,,climate-model-simulation-crashes,tabpfn,categorical_covariate_shift,0.4,skipped,shift not applicable: dataset has no categorical features
problem,,,,,,,climate-model-simulation-crashes,xgboost,categorical_covariate_shift,0.0,skipped,shift not applicable: dataset has no categorical features
problem,,,,,,,climate-model-simulation-crashes,xgboost,categorical_covariate_shift,0.05,skipped,shift not applicable: dataset has no categorical features
problem,,,,,,,climate-model-simulation-crashes,xgboost,categorical_covariate_shift,0.1,skipped,shift not applicable: dataset has no categorical features
problem,,,,,,,climate-model-simulation-crashes,xgboost,categorical_covariate_shift,0.2,skipped,shift not applicable: dataset has no categorical features
problem,,,,,,,climate-model-simulation-crashes,xgboost,categorical_covariate_shift,0.3,skipped,shift not applicable: dataset has no categorical features
problem,,,,,,,climate-model-simulation-crashes,xgboost,categorical_covariate_shift,0.4,skipped,shift not applicable: dataset has no categorical features
problem,,,,,,,cnae-9,catboost,categorical_covariate_shift,0.0,skipped,shift not applicable: dataset has no categorical features
problem,,,,,,,cnae-9,catboost,categorical_covariate_shift,0.05,skipped,shift not applicable: dataset has no categorical features
problem,,,,,,,cnae-9,catboost,categorical_covariate_shift,0.1,skipped,shift not applicable: dataset has no categorical features
problem,,,,,,,cnae-9,catboost,categorical_covariate_shift,0.2,skipped,shift not applicable: dataset has no categorical features
problem,,,,,,,cnae-9,catboost,categorical_covariate_shift,0.3,skipped,shift not applicable: dataset has no categorical features
problem,,,,,,,cnae-9,catboost,categorical_covariate_shift,0.4,skipped,shift not applicable: dataset has no categorical features
problem,,,,,,,cnae-9,hist_gbdt,categorical_covariate_shift,0.0,skipped,shift not applicable: dataset has no categorical features
problem,,,,,,,cnae-9,hist_gbdt,categorical_covariate_shift,0.05,skipped,shift not applicable: dataset has no categorical features
problem,,,,,,,cnae-9,hist_gbdt,categorical_covariate_shift,0.1,skipped,shift not applicable: dataset has no categorical features
problem,,,,,,,cnae-9,hist_gbdt,categorical_covariate_shift,0.2,skipped,shift not applicable: dataset has no categorical features
problem,,,,,,,cnae-9,hist_gbdt,categorical_covariate_shift,0.3,skipped,shift not applicable: dataset has no categorical features
problem,,,,,,,cnae-9,hist_gbdt,categorical_covariate_shift,0.4,skipped,shift not applicable: dataset has no categorical features
problem,,,,,,,cnae-9,logreg,categorical_covariate_shift,0.0,skipped,shift not applicable: dataset has no categorical features
problem,,,,,,,cnae-9,logreg,categorical_covariate_shift,0.05,skipped,shift not applicable: dataset has no categorical features
problem,,,,,,,cnae-9,logreg,categorical_covariate_shift,0.1,skipped,shift not applicable: dataset has no categorical features
problem,,,,,,,cnae-9,logreg,categorical_covariate_shift,0.2,skipped,shift not applicable: dataset has no categorical features
problem,,,,,,,cnae-9,logreg,categorical_covariate_shift,0.3,skipped,shift not applicable: dataset has no categorical features
problem,,,,,,,cnae-9,logreg,categorical_covariate_shift,0.4,skipped,shift not applicable: dataset has no categorical features
problem,,,,,,,cnae-9,tabicl,categorical_covariate_shift,0.0,skipped,shift not applicable: dataset has no categorical features
problem,,,,,,,cnae-9,tabicl,categorical_covariate_shift,0.05,skipped,shift not applicable: dataset has no categorical features
problem,,,,,,,cnae-9,tabicl,categorical_covariate_shift,0.1,skipped,shift not applicable: dataset has no categorical features
problem,,,,,,,cnae-9,tabicl,categorical_covariate_shift,0.2,skipped,shift not applicable: dataset has no categorical features
problem,,,,,,,cnae-9,tabicl,categorical_covariate_shift,0.3,skipped,shift not applicable: dataset has no categorical features
problem,,,,,,,cnae-9,tabicl,categorical_covariate_shift,0.4,skipped,shift not applicable: dataset has no categorical features
problem,,,,,,,cnae-9,tabpfn,categorical_covariate_shift,0.0,skipped,shift not applicable: dataset has no categorical features
problem,,,,,,,cnae-9,tabpfn,categorical_covariate_shift,0.05,skipped,shift not applicable: dataset has no categorical features
problem,,,,,,,cnae-9,tabpfn,categorical_covariate_shift,0.1,skipped,shift not applicable: dataset has no categorical features
problem,,,,,,,cnae-9,tabpfn,categorical_covariate_shift,0.2,skipped,shift not applicable: dataset has no categorical features
problem,,,,,,,cnae-9,tabpfn,categorical_covariate_shift,0.3,skipped,shift not applicable: dataset has no categorical features
problem,,,,,,,cnae-9,tabpfn,categorical_covariate_shift,0.4,skipped,shift not applicable: dataset has no categorical features
problem,,,,,,,cnae-9,xgboost,categorical_covariate_shift,0.0,skipped,shift not applicable: dataset has no categorical features
problem,,,,,,,cnae-9,xgboost,categorical_covariate_shift,0.05,skipped,shift not applicable: dataset has no categorical features
problem,,,,,,,cnae-9,xgboost,categorical_covariate_shift,0.1,skipped,shift not applicable: dataset has no categorical features
problem,,,,,,,cnae-9,xgboost,categorical_covariate_shift,0.2,skipped,shift not applicable: dataset has no categorical features
problem,,,,,,,cnae-9,xgboost,categorical_covariate_shift,0.3,skipped,shift not applicable: dataset has no categorical features
problem,,,,,,,cnae-9,xgboost,categorical_covariate_shift,0.4,skipped,shift not applicable: dataset has no categorical features
problem,,,,,,,diabetes,catboost,categorical_covariate_shift,0.0,skipped,shift not applicable: dataset has no categorical features
problem,,,,,,,diabetes,catboost,categorical_covariate_shift,0.05,skipped,shift not applicable: dataset has no categorical features
problem,,,,,,,diabetes,catboost,categorical_covariate_shift,0.1,skipped,shift not applicable: dataset has no categorical features
problem,,,,,,,diabetes,catboost,categorical_covariate_shift,0.2,skipped,shift not applicable: dataset has no categorical features
problem,,,,,,,diabetes,catboost,categorical_covariate_shift,0.3,skipped,shift not applicable: dataset has no categorical features
problem,,,,,,,diabetes,catboost,categorical_covariate_shift,0.4,skipped,shift not applicable: dataset has no categorical features
problem,,,,,,,diabetes,hist_gbdt,categorical_covariate_shift,0.0,skipped,shift not applicable: dataset has no categorical features
problem,,,,,,,diabetes,hist_gbdt,categorical_covariate_shift,0.05,skipped,shift not applicable: dataset has no categorical features
problem,,,,,,,diabetes,hist_gbdt,categorical_covariate_shift,0.1,skipped,shift not applicable: dataset has no categorical features
problem,,,,,,,diabetes,hist_gbdt,categorical_covariate_shift,0.2,skipped,shift not applicable: dataset has no categorical features
problem,,,,,,,diabetes,hist_gbdt,categorical_covariate_shift,0.3,skipped,shift not applicable: dataset has no categorical features
problem,,,,,,,diabetes,hist_gbdt,categorical_covariate_shift,0.4,skipped,shift not applicable: dataset has no categorical features
problem,,,,,,,diabetes,logreg,categorical_covariate_shift,0.0,skipped,shift not applicable: dataset has no categorical features
problem,,,,,,,diabetes,logreg,categorical_covariate_shift,0.05,skipped,shift not applicable: dataset has no categorical features
problem,,,,,,,diabetes,logreg,categorical_covariate_shift,0.1,skipped,shift not applicable: dataset has no categorical features
problem,,,,,,,diabetes,logreg,categorical_covariate_shift,0.2,skipped,shift not applicable: dataset has no categorical features
problem,,,,,,,diabetes,logreg,categorical_covariate_shift,0.3,skipped,shift not applicable: dataset has no categorical features
problem,,,,,,,diabetes,logreg,categorical_covariate_shift,0.4,skipped,shift not applicable: dataset has no categorical features
problem,,,,,,,diabetes,tabicl,categorical_covariate_shift,0.0,skipped,shift not applicable: dataset has no categorical features
problem,,,,,,,diabetes,tabicl,categorical_covariate_shift,0.05,skipped,shift not applicable: dataset has no categorical features
problem,,,,,,,diabetes,tabicl,categorical_covariate_shift,0.1,skipped,shift not applicable: dataset has no categorical features
problem,,,,,,,diabetes,tabicl,categorical_covariate_shift,0.2,skipped,shift not applicable: dataset has no categorical features
problem,,,,,,,diabetes,tabicl,categorical_covariate_shift,0.3,skipped,shift not applicable: dataset has no categorical features
problem,,,,,,,diabetes,tabicl,categorical_covariate_shift,0.4,skipped,shift not applicable: dataset has no categorical features
problem,,,,,,,diabetes,tabpfn,categorical_covariate_shift,0.0,skipped,shift not applicable: dataset has no categorical features
problem,,,,,,,diabetes,tabpfn,categorical_covariate_shift,0.05,skipped,shift not applicable: dataset has no categorical features
problem,,,,,,,diabetes,tabpfn,categorical_covariate_shift,0.1,skipped,shift not applicable: dataset has no categorical features
problem,,,,,,,diabetes,tabpfn,categorical_covariate_shift,0.2,skipped,shift not applicable: dataset has no categorical features
problem,,,,,,,diabetes,tabpfn,categorical_covariate_shift,0.3,skipped,shift not applicable: dataset has no categorical features
problem,,,,,,,diabetes,tabpfn,categorical_covariate_shift,0.4,skipped,shift not applicable: dataset has no categorical features
problem,,,,,,,diabetes,xgboost,categorical_covariate_shift,0.0,skipped,shift not applicable: dataset has no categorical features
problem,,,,,,,diabetes,xgboost,categorical_covariate_shift,0.05,skipped,shift not applicable: dataset has no categorical features
problem,,,,,,,diabetes,xgboost,categorical_covariate_shift,0.1,skipped,shift not applicable: dataset has no categorical features
problem,,,,,,,diabetes,xgboost,categorical_covariate_shift,0.2,skipped,shift not applicable: dataset has no categorical features
problem,,,,,,,diabetes,xgboost,categorical_covariate_shift,0.3,skipped,shift not applicable: dataset has no categorical features
problem,,,,,,,diabetes,xgboost,categorical_covariate_shift,0.4,skipped,shift not applicable: dataset has no categorical features
problem,,,,,,,first-order-theorem-proving,catboost,categorical_covariate_shift,0.0,skipped,shift not applicable: dataset has no categorical features
problem,,,,,,,first-order-theorem-proving,catboost,categorical_covariate_shift,0.05,skipped,shift not applicable: dataset has no categorical features
problem,,,,,,,first-order-theorem-proving,catboost,categorical_covariate_shift,0.1,skipped,shift not applicable: dataset has no categorical features
problem,,,,,,,first-order-theorem-proving,catboost,categorical_covariate_shift,0.2,skipped,shift not applicable: dataset has no categorical features
problem,,,,,,,first-order-theorem-proving,catboost,categorical_covariate_shift,0.3,skipped,shift not applicable: dataset has no categorical features
problem,,,,,,,first-order-theorem-proving,catboost,categorical_covariate_shift,0.4,skipped,shift not applicable: dataset has no categorical features
problem,,,,,,,first-order-theorem-proving,hist_gbdt,categorical_covariate_shift,0.0,skipped,shift not applicable: dataset has no categorical features
problem,,,,,,,first-order-theorem-proving,hist_gbdt,categorical_covariate_shift,0.05,skipped,shift not applicable: dataset has no categorical features
problem,,,,,,,first-order-theorem-proving,hist_gbdt,categorical_covariate_shift,0.1,skipped,shift not applicable: dataset has no categorical features
problem,,,,,,,first-order-theorem-proving,hist_gbdt,categorical_covariate_shift,0.2,skipped,shift not applicable: dataset has no categorical features
problem,,,,,,,first-order-theorem-proving,hist_gbdt,categorical_covariate_shift,0.3,skipped,shift not applicable: dataset has no categorical features
problem,,,,,,,first-order-theorem-proving,hist_gbdt,categorical_covariate_shift,0.4,skipped,shift not applicable: dataset has no categorical features
problem,,,,,,,first-order-theorem-proving,logreg,categorical_covariate_shift,0.0,skipped,shift not applicable: dataset has no categorical features
problem,,,,,,,first-order-theorem-proving,logreg,categorical_covariate_shift,0.05,skipped,shift not applicable: dataset has no categorical features
problem,,,,,,,first-order-theorem-proving,logreg,categorical_covariate_shift,0.1,skipped,shift not applicable: dataset has no categorical features
problem,,,,,,,first-order-theorem-proving,logreg,categorical_covariate_shift,0.2,skipped,shift not applicable: dataset has no categorical features
problem,,,,,,,first-order-theorem-proving,logreg,categorical_covariate_shift,0.3,skipped,shift not applicable: dataset has no categorical features
problem,,,,,,,first-order-theorem-proving,logreg,categorical_covariate_shift,0.4,skipped,shift not applicable: dataset has no categorical features
problem,,,,,,,first-order-theorem-proving,tabicl,categorical_covariate_shift,0.0,skipped,shift not applicable: dataset has no categorical features
problem,,,,,,,first-order-theorem-proving,tabicl,categorical_covariate_shift,0.05,skipped,shift not applicable: dataset has no categorical features
problem,,,,,,,first-order-theorem-proving,tabicl,categorical_covariate_shift,0.1,skipped,shift not applicable: dataset has no categorical features
problem,,,,,,,first-order-theorem-proving,tabicl,categorical_covariate_shift,0.2,skipped,shift not applicable: dataset has no categorical features
problem,,,,,,,first-order-theorem-proving,tabicl,categorical_covariate_shift,0.3,skipped,shift not applicable: dataset has no categorical features
problem,,,,,,,first-order-theorem-proving,tabicl,categorical_covariate_shift,0.4,skipped,shift not applicable: dataset has no categorical features
problem,,,,,,,first-order-theorem-proving,tabpfn,categorical_covariate_shift,0.0,skipped,shift not applicable: dataset has no categorical features
problem,,,,,,,first-order-theorem-proving,tabpfn,categorical_covariate_shift,0.05,skipped,shift not applicable: dataset has no categorical features
problem,,,,,,,first-order-theorem-proving,tabpfn,categorical_covariate_shift,0.1,skipped,shift not applicable: dataset has no categorical features
problem,,,,,,,first-order-theorem-proving,tabpfn,categorical_covariate_shift,0.2,skipped,shift not applicable: dataset has no categorical features
problem,,,,,,,first-order-theorem-proving,tabpfn,categorical_covariate_shift,0.3,skipped,shift not applicable: dataset has no categorical features
problem,,,,,,,first-order-theorem-proving,tabpfn,categorical_covariate_shift,0.4,skipped,shift not applicable: dataset has no categorical features
problem,,,,,,,first-order-theorem-proving,xgboost,categorical_covariate_shift,0.0,skipped,shift not applicable: dataset has no categorical features
problem,,,,,,,first-order-theorem-proving,xgboost,categorical_covariate_shift,0.05,skipped,shift not applicable: dataset has no categorical features
problem,,,,,,,first-order-theorem-proving,xgboost,categorical_covariate_shift,0.1,skipped,shift not applicable: dataset has no categorical features
problem,,,,,,,first-order-theorem-proving,xgboost,categorical_covariate_shift,0.2,skipped,shift not applicable: dataset has no categorical features
problem,,,,,,,first-order-theorem-proving,xgboost,categorical_covariate_shift,0.3,skipped,shift not applicable: dataset has no categorical features
problem,,,,,,,first-order-theorem-proving,xgboost,categorical_covariate_shift,0.4,skipped,shift not applicable: dataset has no categorical features
problem,,,,,,,kc1,catboost,categorical_covariate_shift,0.0,skipped,shift not applicable: dataset has no categorical features
problem,,,,,,,kc1,catboost,categorical_covariate_shift,0.05,skipped,shift not applicable: dataset has no categorical features
problem,,,,,,,kc1,catboost,categorical_covariate_shift,0.1,skipped,shift not applicable: dataset has no categorical features
problem,,,,,,,kc1,catboost,categorical_covariate_shift,0.2,skipped,shift not applicable: dataset has no categorical features
problem,,,,,,,kc1,catboost,categorical_covariate_shift,0.3,skipped,shift not applicable: dataset has no categorical features
problem,,,,,,,kc1,catboost,categorical_covariate_shift,0.4,skipped,shift not applicable: dataset has no categorical features
problem,,,,,,,kc1,hist_gbdt,categorical_covariate_shift,0.0,skipped,shift not applicable: dataset has no categorical features
problem,,,,,,,kc1,hist_gbdt,categorical_covariate_shift,0.05,skipped,shift not applicable: dataset has no categorical features
problem,,,,,,,kc1,hist_gbdt,categorical_covariate_shift,0.1,skipped,shift not applicable: dataset has no categorical features
problem,,,,,,,kc1,hist_gbdt,categorical_covariate_shift,0.2,skipped,shift not applicable: dataset has no categorical features
problem,,,,,,,kc1,hist_gbdt,categorical_covariate_shift,0.3,skipped,shift not applicable: dataset has no categorical features
problem,,,,,,,kc1,hist_gbdt,categorical_covariate_shift,0.4,skipped,shift not applicable: dataset has no categorical features
problem,,,,,,,kc1,logreg,categorical_covariate_shift,0.0,skipped,shift not applicable: dataset has no categorical features
problem,,,,,,,kc1,logreg,categorical_covariate_shift,0.05,skipped,shift not applicable: dataset has no categorical features
problem,,,,,,,kc1,logreg,categorical_covariate_shift,0.1,skipped,shift not applicable: dataset has no categorical features
problem,,,,,,,kc1,logreg,categorical_covariate_shift,0.2,skipped,shift not applicable: dataset has no categorical features
problem,,,,,,,kc1,logreg,categorical_covariate_shift,0.3,skipped,shift not applicable: dataset has no categorical features
problem,,,,,,,kc1,logreg,categorical_covariate_shift,0.4,skipped,shift not applicable: dataset has no categorical features
problem,,,,,,,kc1,tabicl,categorical_covariate_shift,0.0,skipped,shift not applicable: dataset has no categorical features
problem,,,,,,,kc1,tabicl,categorical_covariate_shift,0.05,skipped,shift not applicable: dataset has no categorical features
problem,,,,,,,kc1,tabicl,categorical_covariate_shift,0.1,skipped,shift not applicable: dataset has no categorical features
problem,,,,,,,kc1,tabicl,categorical_covariate_shift,0.2,skipped,shift not applicable: dataset has no categorical features
problem,,,,,,,kc1,tabicl,categorical_covariate_shift,0.3,skipped,shift not applicable: dataset has no categorical features
problem,,,,,,,kc1,tabicl,categorical_covariate_shift,0.4,skipped,shift not applicable: dataset has no categorical features
problem,,,,,,,kc1,tabpfn,categorical_covariate_shift,0.0,skipped,shift not applicable: dataset has no categorical features
problem,,,,,,,kc1,tabpfn,categorical_covariate_shift,0.05,skipped,shift not applicable: dataset has no categorical features
problem,,,,,,,kc1,tabpfn,categorical_covariate_shift,0.1,skipped,shift not applicable: dataset has no categorical features
problem,,,,,,,kc1,tabpfn,categorical_covariate_shift,0.2,skipped,shift not applicable: dataset has no categorical features
problem,,,,,,,kc1,tabpfn,categorical_covariate_shift,0.3,skipped,shift not applicable: dataset has no categorical features
problem,,,,,,,kc1,tabpfn,categorical_covariate_shift,0.4,skipped,shift not applicable: dataset has no categorical features
problem,,,,,,,kc1,xgboost,categorical_covariate_shift,0.0,skipped,shift not applicable: dataset has no categorical features
problem,,,,,,,kc1,xgboost,categorical_covariate_shift,0.05,skipped,shift not applicable: dataset has no categorical features
problem,,,,,,,kc1,xgboost,categorical_covariate_shift,0.1,skipped,shift not applicable: dataset has no categorical features
problem,,,,,,,kc1,xgboost,categorical_covariate_shift,0.2,skipped,shift not applicable: dataset has no categorical features
problem,,,,,,,kc1,xgboost,categorical_covariate_shift,0.3,skipped,shift not applicable: dataset has no categorical features
problem,,,,,,,kc1,xgboost,categorical_covariate_shift,0.4,skipped,shift not applicable: dataset has no categorical features
problem,,,,,,,mfeat-factors,catboost,categorical_covariate_shift,0.0,skipped,shift not applicable: dataset has no categorical features
problem,,,,,,,mfeat-factors,catboost,categorical_covariate_shift,0.05,skipped,shift not applicable: dataset has no categorical features
problem,,,,,,,mfeat-factors,catboost,categorical_covariate_shift,0.1,skipped,shift not applicable: dataset has no categorical features
problem,,,,,,,mfeat-factors,catboost,categorical_covariate_shift,0.2,skipped,shift not applicable: dataset has no categorical features
problem,,,,,,,mfeat-factors,catboost,categorical_covariate_shift,0.3,skipped,shift not applicable: dataset has no categorical features
problem,,,,,,,mfeat-factors,catboost,categorical_covariate_shift,0.4,skipped,shift not applicable: dataset has no categorical features
problem,,,,,,,mfeat-factors,hist_gbdt,categorical_covariate_shift,0.0,skipped,shift not applicable: dataset has no categorical features
problem,,,,,,,mfeat-factors,hist_gbdt,categorical_covariate_shift,0.05,skipped,shift not applicable: dataset has no categorical features
problem,,,,,,,mfeat-factors,hist_gbdt,categorical_covariate_shift,0.1,skipped,shift not applicable: dataset has no categorical features
problem,,,,,,,mfeat-factors,hist_gbdt,categorical_covariate_shift,0.2,skipped,shift not applicable: dataset has no categorical features
problem,,,,,,,mfeat-factors,hist_gbdt,categorical_covariate_shift,0.3,skipped,shift not applicable: dataset has no categorical features
problem,,,,,,,mfeat-factors,hist_gbdt,categorical_covariate_shift,0.4,skipped,shift not applicable: dataset has no categorical features
problem,,,,,,,mfeat-factors,logreg,categorical_covariate_shift,0.0,skipped,shift not applicable: dataset has no categorical features
problem,,,,,,,mfeat-factors,logreg,categorical_covariate_shift,0.05,skipped,shift not applicable: dataset has no categorical features
problem,,,,,,,mfeat-factors,logreg,categorical_covariate_shift,0.1,skipped,shift not applicable: dataset has no categorical features
problem,,,,,,,mfeat-factors,logreg,categorical_covariate_shift,0.2,skipped,shift not applicable: dataset has no categorical features
problem,,,,,,,mfeat-factors,logreg,categorical_covariate_shift,0.3,skipped,shift not applicable: dataset has no categorical features
problem,,,,,,,mfeat-factors,logreg,categorical_covariate_shift,0.4,skipped,shift not applicable: dataset has no categorical features
problem,,,,,,,mfeat-factors,tabicl,categorical_covariate_shift,0.0,skipped,shift not applicable: dataset has no categorical features
problem,,,,,,,mfeat-factors,tabicl,categorical_covariate_shift,0.05,skipped,shift not applicable: dataset has no categorical features
problem,,,,,,,mfeat-factors,tabicl,categorical_covariate_shift,0.1,skipped,shift not applicable: dataset has no categorical features
problem,,,,,,,mfeat-factors,tabicl,categorical_covariate_shift,0.2,skipped,shift not applicable: dataset has no categorical features
problem,,,,,,,mfeat-factors,tabicl,categorical_covariate_shift,0.3,skipped,shift not applicable: dataset has no categorical features
problem,,,,,,,mfeat-factors,tabicl,categorical_covariate_shift,0.4,skipped,shift not applicable: dataset has no categorical features
problem,,,,,,,mfeat-factors,tabpfn,categorical_covariate_shift,0.0,skipped,shift not applicable: dataset has no categorical features
problem,,,,,,,mfeat-factors,tabpfn,categorical_covariate_shift,0.05,skipped,shift not applicable: dataset has no categorical features
problem,,,,,,,mfeat-factors,tabpfn,categorical_covariate_shift,0.1,skipped,shift not applicable: dataset has no categorical features
problem,,,,,,,mfeat-factors,tabpfn,categorical_covariate_shift,0.2,skipped,shift not applicable: dataset has no categorical features
problem,,,,,,,mfeat-factors,tabpfn,categorical_covariate_shift,0.3,skipped,shift not applicable: dataset has no categorical features
problem,,,,,,,mfeat-factors,tabpfn,categorical_covariate_shift,0.4,skipped,shift not applicable: dataset has no categorical features
problem,,,,,,,mfeat-factors,xgboost,categorical_covariate_shift,0.0,skipped,shift not applicable: dataset has no categorical features
problem,,,,,,,mfeat-factors,xgboost,categorical_covariate_shift,0.05,skipped,shift not applicable: dataset has no categorical features
problem,,,,,,,mfeat-factors,xgboost,categorical_covariate_shift,0.1,skipped,shift not applicable: dataset has no categorical features
problem,,,,,,,mfeat-factors,xgboost,categorical_covariate_shift,0.2,skipped,shift not applicable: dataset has no categorical features
problem,,,,,,,mfeat-factors,xgboost,categorical_covariate_shift,0.3,skipped,shift not applicable: dataset has no categorical features
problem,,,,,,,mfeat-factors,xgboost,categorical_covariate_shift,0.4,skipped,shift not applicable: dataset has no categorical features
problem,,,,,,,mfeat-fourier,catboost,categorical_covariate_shift,0.0,skipped,shift not applicable: dataset has no categorical features
problem,,,,,,,mfeat-fourier,catboost,categorical_covariate_shift,0.05,skipped,shift not applicable: dataset has no categorical features
problem,,,,,,,mfeat-fourier,catboost,categorical_covariate_shift,0.1,skipped,shift not applicable: dataset has no categorical features
problem,,,,,,,mfeat-fourier,catboost,categorical_covariate_shift,0.2,skipped,shift not applicable: dataset has no categorical features
problem,,,,,,,mfeat-fourier,catboost,categorical_covariate_shift,0.3,skipped,shift not applicable: dataset has no categorical features
problem,,,,,,,mfeat-fourier,catboost,categorical_covariate_shift,0.4,skipped,shift not applicable: dataset has no categorical features
problem,,,,,,,mfeat-fourier,hist_gbdt,categorical_covariate_shift,0.0,skipped,shift not applicable: dataset has no categorical features
problem,,,,,,,mfeat-fourier,hist_gbdt,categorical_covariate_shift,0.05,skipped,shift not applicable: dataset has no categorical features
problem,,,,,,,mfeat-fourier,hist_gbdt,categorical_covariate_shift,0.1,skipped,shift not applicable: dataset has no categorical features
problem,,,,,,,mfeat-fourier,hist_gbdt,categorical_covariate_shift,0.2,skipped,shift not applicable: dataset has no categorical features
problem,,,,,,,mfeat-fourier,hist_gbdt,categorical_covariate_shift,0.3,skipped,shift not applicable: dataset has no categorical features
problem,,,,,,,mfeat-fourier,hist_gbdt,categorical_covariate_shift,0.4,skipped,shift not applicable: dataset has no categorical features
problem,,,,,,,mfeat-fourier,logreg,categorical_covariate_shift,0.0,skipped,shift not applicable: dataset has no categorical features
problem,,,,,,,mfeat-fourier,logreg,categorical_covariate_shift,0.05,skipped,shift not applicable: dataset has no categorical features
problem,,,,,,,mfeat-fourier,logreg,categorical_covariate_shift,0.1,skipped,shift not applicable: dataset has no categorical features
problem,,,,,,,mfeat-fourier,logreg,categorical_covariate_shift,0.2,skipped,shift not applicable: dataset has no categorical features
problem,,,,,,,mfeat-fourier,logreg,categorical_covariate_shift,0.3,skipped,shift not applicable: dataset has no categorical features
problem,,,,,,,mfeat-fourier,logreg,categorical_covariate_shift,0.4,skipped,shift not applicable: dataset has no categorical features
problem,,,,,,,mfeat-fourier,tabicl,categorical_covariate_shift,0.0,skipped,shift not applicable: dataset has no categorical features
problem,,,,,,,mfeat-fourier,tabicl,categorical_covariate_shift,0.05,skipped,shift not applicable: dataset has no categorical features
problem,,,,,,,mfeat-fourier,tabicl,categorical_covariate_shift,0.1,skipped,shift not applicable: dataset has no categorical features
problem,,,,,,,mfeat-fourier,tabicl,categorical_covariate_shift,0.2,skipped,shift not applicable: dataset has no categorical features
problem,,,,,,,mfeat-fourier,tabicl,categorical_covariate_shift,0.3,skipped,shift not applicable: dataset has no categorical features
problem,,,,,,,mfeat-fourier,tabicl,categorical_covariate_shift,0.4,skipped,shift not applicable: dataset has no categorical features
problem,,,,,,,mfeat-fourier,tabpfn,categorical_covariate_shift,0.0,skipped,shift not applicable: dataset has no categorical features
problem,,,,,,,mfeat-fourier,tabpfn,categorical_covariate_shift,0.05,skipped,shift not applicable: dataset has no categorical features
problem,,,,,,,mfeat-fourier,tabpfn,categorical_covariate_shift,0.1,skipped,shift not applicable: dataset has no categorical features
problem,,,,,,,mfeat-fourier,tabpfn,categorical_covariate_shift,0.2,skipped,shift not applicable: dataset has no categorical features
problem,,,,,,,mfeat-fourier,tabpfn,categorical_covariate_shift,0.3,skipped,shift not applicable: dataset has no categorical features
problem,,,,,,,mfeat-fourier,tabpfn,categorical_covariate_shift,0.4,skipped,shift not applicable: dataset has no categorical features
problem,,,,,,,mfeat-fourier,xgboost,categorical_covariate_shift,0.0,skipped,shift not applicable: dataset has no categorical features
problem,,,,,,,mfeat-fourier,xgboost,categorical_covariate_shift,0.05,skipped,shift not applicable: dataset has no categorical features
problem,,,,,,,mfeat-fourier,xgboost,categorical_covariate_shift,0.1,skipped,shift not applicable: dataset has no categorical features
problem,,,,,,,mfeat-fourier,xgboost,categorical_covariate_shift,0.2,skipped,shift not applicable: dataset has no categorical features
problem,,,,,,,mfeat-fourier,xgboost,categorical_covariate_shift,0.3,skipped,shift not applicable: dataset has no categorical features
problem,,,,,,,mfeat-fourier,xgboost,categorical_covariate_shift,0.4,skipped,shift not applicable: dataset has no categorical features
problem,,,,,,,mfeat-karhunen,catboost,categorical_covariate_shift,0.0,skipped,shift not applicable: dataset has no categorical features
problem,,,,,,,mfeat-karhunen,catboost,categorical_covariate_shift,0.05,skipped,shift not applicable: dataset has no categorical features
problem,,,,,,,mfeat-karhunen,catboost,categorical_covariate_shift,0.1,skipped,shift not applicable: dataset has no categorical features
problem,,,,,,,mfeat-karhunen,catboost,categorical_covariate_shift,0.2,skipped,shift not applicable: dataset has no categorical features
problem,,,,,,,mfeat-karhunen,catboost,categorical_covariate_shift,0.3,skipped,shift not applicable: dataset has no categorical features
problem,,,,,,,mfeat-karhunen,catboost,categorical_covariate_shift,0.4,skipped,shift not applicable: dataset has no categorical features
problem,,,,,,,mfeat-karhunen,hist_gbdt,categorical_covariate_shift,0.0,skipped,shift not applicable: dataset has no categorical features
problem,,,,,,,mfeat-karhunen,hist_gbdt,categorical_covariate_shift,0.05,skipped,shift not applicable: dataset has no categorical features
problem,,,,,,,mfeat-karhunen,hist_gbdt,categorical_covariate_shift,0.1,skipped,shift not applicable: dataset has no categorical features
problem,,,,,,,mfeat-karhunen,hist_gbdt,categorical_covariate_shift,0.2,skipped,shift not applicable: dataset has no categorical features
problem,,,,,,,mfeat-karhunen,hist_gbdt,categorical_covariate_shift,0.3,skipped,shift not applicable: dataset has no categorical features
problem,,,,,,,mfeat-karhunen,hist_gbdt,categorical_covariate_shift,0.4,skipped,shift not applicable: dataset has no categorical features
problem,,,,,,,mfeat-karhunen,logreg,categorical_covariate_shift,0.0,skipped,shift not applicable: dataset has no categorical features
problem,,,,,,,mfeat-karhunen,logreg,categorical_covariate_shift,0.05,skipped,shift not applicable: dataset has no categorical features
problem,,,,,,,mfeat-karhunen,logreg,categorical_covariate_shift,0.1,skipped,shift not applicable: dataset has no categorical features
problem,,,,,,,mfeat-karhunen,logreg,categorical_covariate_shift,0.2,skipped,shift not applicable: dataset has no categorical features
problem,,,,,,,mfeat-karhunen,logreg,categorical_covariate_shift,0.3,skipped,shift not applicable: dataset has no categorical features
problem,,,,,,,mfeat-karhunen,logreg,categorical_covariate_shift,0.4,skipped,shift not applicable: dataset has no categorical features
problem,,,,,,,mfeat-karhunen,tabicl,categorical_covariate_shift,0.0,skipped,shift not applicable: dataset has no categorical features
problem,,,,,,,mfeat-karhunen,tabicl,categorical_covariate_shift,0.05,skipped,shift not applicable: dataset has no categorical features
problem,,,,,,,mfeat-karhunen,tabicl,categorical_covariate_shift,0.1,skipped,shift not applicable: dataset has no categorical features
problem,,,,,,,mfeat-karhunen,tabicl,categorical_covariate_shift,0.2,skipped,shift not applicable: dataset has no categorical features
problem,,,,,,,mfeat-karhunen,tabicl,categorical_covariate_shift,0.3,skipped,shift not applicable: dataset has no categorical features
problem,,,,,,,mfeat-karhunen,tabicl,categorical_covariate_shift,0.4,skipped,shift not applicable: dataset has no categorical features
problem,,,,,,,mfeat-karhunen,tabpfn,categorical_covariate_shift,0.0,skipped,shift not applicable: dataset has no categorical features
problem,,,,,,,mfeat-karhunen,tabpfn,categorical_covariate_shift,0.05,skipped,shift not applicable: dataset has no categorical features
problem,,,,,,,mfeat-karhunen,tabpfn,categorical_covariate_shift,0.1,skipped,shift not applicable: dataset has no categorical features
problem,,,,,,,mfeat-karhunen,tabpfn,categorical_covariate_shift,0.2,skipped,shift not applicable: dataset has no categorical features
problem,,,,,,,mfeat-karhunen,tabpfn,categorical_covariate_shift,0.3,skipped,shift not applicable: dataset has no categorical features
problem,,,,,,,mfeat-karhunen,tabpfn,categorical_covariate_shift,0.4,skipped,shift not applicable: dataset has no categorical features
problem,,,,,,,mfeat-karhunen,xgboost,categorical_covariate_shift,0.0,skipped,shift not applicable: dataset has no categorical features
problem,,,,,,,mfeat-karhunen,xgboost,categorical_covariate_shift,0.05,skipped,shift not applicable: dataset has no categorical features
problem,,,,,,,mfeat-karhunen,xgboost,categorical_covariate_shift,0.1,skipped,shift not applicable: dataset has no categorical features
problem,,,,,,,mfeat-karhunen,xgboost,categorical_covariate_shift,0.2,skipped,shift not applicable: dataset has no categorical features
problem,,,,,,,mfeat-karhunen,xgboost,categorical_covariate_shift,0.3,skipped,shift not applicable: dataset has no categorical features
problem,,,,,,,mfeat-karhunen,xgboost,categorical_covariate_shift,0.4,skipped,shift not applicable: dataset has no categorical features
problem,,,,,,,mfeat-morphological,catboost,categorical_covariate_shift,0.0,skipped,shift not applicable: dataset has no categorical features
problem,,,,,,,mfeat-morphological,catboost,categorical_covariate_shift,0.05,skipped,shift not applicable: dataset has no categorical features
problem,,,,,,,mfeat-morphological,catboost,categorical_covariate_shift,0.1,skipped,shift not applicable: dataset has no categorical features
problem,,,,,,,mfeat-morphological,catboost,categorical_covariate_shift,0.2,skipped,shift not applicable: dataset has no categorical features
problem,,,,,,,mfeat-morphological,catboost,categorical_covariate_shift,0.3,skipped,shift not applicable: dataset has no categorical features
problem,,,,,,,mfeat-morphological,catboost,categorical_covariate_shift,0.4,skipped,shift not applicable: dataset has no categorical features
problem,,,,,,,mfeat-morphological,hist_gbdt,categorical_covariate_shift,0.0,skipped,shift not applicable: dataset has no categorical features
problem,,,,,,,mfeat-morphological,hist_gbdt,categorical_covariate_shift,0.05,skipped,shift not applicable: dataset has no categorical features
problem,,,,,,,mfeat-morphological,hist_gbdt,categorical_covariate_shift,0.1,skipped,shift not applicable: dataset has no categorical features
problem,,,,,,,mfeat-morphological,hist_gbdt,categorical_covariate_shift,0.2,skipped,shift not applicable: dataset has no categorical features
problem,,,,,,,mfeat-morphological,hist_gbdt,categorical_covariate_shift,0.3,skipped,shift not applicable: dataset has no categorical features
problem,,,,,,,mfeat-morphological,hist_gbdt,categorical_covariate_shift,0.4,skipped,shift not applicable: dataset has no categorical features
problem,,,,,,,mfeat-morphological,logreg,categorical_covariate_shift,0.0,skipped,shift not applicable: dataset has no categorical features
problem,,,,,,,mfeat-morphological,logreg,categorical_covariate_shift,0.05,skipped,shift not applicable: dataset has no categorical features
problem,,,,,,,mfeat-morphological,logreg,categorical_covariate_shift,0.1,skipped,shift not applicable: dataset has no categorical features
problem,,,,,,,mfeat-morphological,logreg,categorical_covariate_shift,0.2,skipped,shift not applicable: dataset has no categorical features
problem,,,,,,,mfeat-morphological,logreg,categorical_covariate_shift,0.3,skipped,shift not applicable: dataset has no categorical features
problem,,,,,,,mfeat-morphological,logreg,categorical_covariate_shift,0.4,skipped,shift not applicable: dataset has no categorical features
problem,,,,,,,mfeat-morphological,tabicl,categorical_covariate_shift,0.0,skipped,shift not applicable: dataset has no categorical features
problem,,,,,,,mfeat-morphological,tabicl,categorical_covariate_shift,0.05,skipped,shift not applicable: dataset has no categorical features
problem,,,,,,,mfeat-morphological,tabicl,categorical_covariate_shift,0.1,skipped,shift not applicable: dataset has no categorical features
problem,,,,,,,mfeat-morphological,tabicl,categorical_covariate_shift,0.2,skipped,shift not applicable: dataset has no categorical features
problem,,,,,,,mfeat-morphological,tabicl,categorical_covariate_shift,0.3,skipped,shift not applicable: dataset has no categorical features
problem,,,,,,,mfeat-morphological,tabicl,categorical_covariate_shift,0.4,skipped,shift not applicable: dataset has no categorical features
problem,,,,,,,mfeat-morphological,tabpfn,categorical_covariate_shift,0.0,skipped,shift not applicable: dataset has no categorical features
problem,,,,,,,mfeat-morphological,tabpfn,categorical_covariate_shift,0.05,skipped,shift not applicable: dataset has no categorical features
problem,,,,,,,mfeat-morphological,tabpfn,categorical_covariate_shift,0.1,skipped,shift not applicable: dataset has no categorical features
problem,,,,,,,mfeat-morphological,tabpfn,categorical_covariate_shift,0.2,skipped,shift not applicable: dataset has no categorical features
problem,,,,,,,mfeat-morphological,tabpfn,categorical_covariate_shift,0.3,skipped,shift not applicable: dataset has no categorical features
problem,,,,,,,mfeat-morphological,tabpfn,categorical_covariate_shift,0.4,skipped,shift not applicable: dataset has no categorical features
problem,,,,,,,mfeat-morphological,xgboost,categorical_covariate_shift,0.0,skipped,shift not applicable: dataset has no categorical features
problem,,,,,,,mfeat-morphological,xgboost,categorical_covariate_shift,0.05,skipped,shift not applicable: dataset has no categorical features
problem,,,,,,,mfeat-morphological,xgboost,categorical_covariate_shift,0.1,skipped,shift not applicable: dataset has no categorical features
problem,,,,,,,mfeat-morphological,xgboost,categorical_covariate_shift,0.2,skipped,shift not applicable: dataset has no categorical features
problem,,,,,,,mfeat-morphological,xgboost,categorical_covariate_shift,0.3,skipped,shift not applicable: dataset has no categorical features
problem,,,,,,,mfeat-morphological,xgboost,categorical_covariate_shift,0.4,skipped,shift not applicable: dataset has no categorical features
problem,,,,,,,mfeat-zernike,catboost,categorical_covariate_shift,0.0,skipped,shift not applicable: dataset has no categorical features
problem,,,,,,,mfeat-zernike,catboost,categorical_covariate_shift,0.05,skipped,shift not applicable: dataset has no categorical features
problem,,,,,,,mfeat-zernike,catboost,categorical_covariate_shift,0.1,skipped,shift not applicable: dataset has no categorical features
problem,,,,,,,mfeat-zernike,catboost,categorical_covariate_shift,0.2,skipped,shift not applicable: dataset has no categorical features
problem,,,,,,,mfeat-zernike,catboost,categorical_covariate_shift,0.3,skipped,shift not applicable: dataset has no categorical features
problem,,,,,,,mfeat-zernike,catboost,categorical_covariate_shift,0.4,skipped,shift not applicable: dataset has no categorical features
problem,,,,,,,mfeat-zernike,hist_gbdt,categorical_covariate_shift,0.0,skipped,shift not applicable: dataset has no categorical features
problem,,,,,,,mfeat-zernike,hist_gbdt,categorical_covariate_shift,0.05,skipped,shift not applicable: dataset has no categorical features
problem,,,,,,,mfeat-zernike,hist_gbdt,categorical_covariate_shift,0.1,skipped,shift not applicable: dataset has no categorical features
problem,,,,,,,mfeat-zernike,hist_gbdt,categorical_covariate_shift,0.2,skipped,shift not applicable: dataset has no categorical features
problem,,,,,,,mfeat-zernike,hist_gbdt,categorical_covariate_shift,0.3,skipped,shift not applicable: dataset has no categorical features
problem,,,,,,,mfeat-zernike,hist_gbdt,categorical_covariate_shift,0.4,skipped,shift not applicable: dataset has no categorical features
problem,,,,,,,mfeat-zernike,logreg,categorical_covariate_shift,0.0,skipped,shift not applicable: dataset has no categorical features
problem,,,,,,,mfeat-zernike,logreg,categorical_covariate_shift,0.05,skipped,shift not applicable: dataset has no categorical features
problem,,,,,,,mfeat-zernike,logreg,categorical_covariate_shift,0.1,skipped,shift not applicable: dataset has no categorical features
problem,,,,,,,mfeat-zernike,logreg,categorical_covariate_shift,0.2,skipped,shift not applicable: dataset has no categorical features
problem,,,,,,,mfeat-zernike,logreg,categorical_covariate_shift,0.3,skipped,shift not applicable: dataset has no categorical features
problem,,,,,,,mfeat-zernike,logreg,categorical_covariate_shift,0.4,skipped,shift not applicable: dataset has no categorical features
problem,,,,,,,mfeat-zernike,tabicl,categorical_covariate_shift,0.0,skipped,shift not applicable: dataset has no categorical features
problem,,,,,,,mfeat-zernike,tabicl,categorical_covariate_shift,0.05,skipped,shift not applicable: dataset has no categorical features
problem,,,,,,,mfeat-zernike,tabicl,categorical_covariate_shift,0.1,skipped,shift not applicable: dataset has no categorical features
problem,,,,,,,mfeat-zernike,tabicl,categorical_covariate_shift,0.2,skipped,shift not applicable: dataset has no categorical features
problem,,,,,,,mfeat-zernike,tabicl,categorical_covariate_shift,0.3,skipped,shift not applicable: dataset has no categorical features
problem,,,,,,,mfeat-zernike,tabicl,categorical_covariate_shift,0.4,skipped,shift not applicable: dataset has no categorical features
problem,,,,,,,mfeat-zernike,tabpfn,categorical_covariate_shift,0.0,skipped,shift not applicable: dataset has no categorical features
problem,,,,,,,mfeat-zernike,tabpfn,categorical_covariate_shift,0.05,skipped,shift not applicable: dataset has no categorical features
problem,,,,,,,mfeat-zernike,tabpfn,categorical_covariate_shift,0.1,skipped,shift not applicable: dataset has no categorical features
problem,,,,,,,mfeat-zernike,tabpfn,categorical_covariate_shift,0.2,skipped,shift not applicable: dataset has no categorical features
problem,,,,,,,mfeat-zernike,tabpfn,categorical_covariate_shift,0.3,skipped,shift not applicable: dataset has no categorical features
problem,,,,,,,mfeat-zernike,tabpfn,categorical_covariate_shift,0.4,skipped,shift not applicable: dataset has no categorical features
problem,,,,,,,mfeat-zernike,xgboost,categorical_covariate_shift,0.0,skipped,shift not applicable: dataset has no categorical features
problem,,,,,,,mfeat-zernike,xgboost,categorical_covariate_shift,0.05,skipped,shift not applicable: dataset has no categorical features
problem,,,,,,,mfeat-zernike,xgboost,categorical_covariate_shift,0.1,skipped,shift not applicable: dataset has no categorical features
problem,,,,,,,mfeat-zernike,xgboost,categorical_covariate_shift,0.2,skipped,shift not applicable: dataset has no categorical features
problem,,,,,,,mfeat-zernike,xgboost,categorical_covariate_shift,0.3,skipped,shift not applicable: dataset has no categorical features
problem,,,,,,,mfeat-zernike,xgboost,categorical_covariate_shift,0.4,skipped,shift not applicable: dataset has no categorical features
problem,,,,,,,optdigits,catboost,categorical_covariate_shift,0.0,skipped,shift not applicable: dataset has no categorical features
problem,,,,,,,optdigits,catboost,categorical_covariate_shift,0.05,skipped,shift not applicable: dataset has no categorical features
problem,,,,,,,optdigits,catboost,categorical_covariate_shift,0.1,skipped,shift not applicable: dataset has no categorical features
problem,,,,,,,optdigits,catboost,categorical_covariate_shift,0.2,skipped,shift not applicable: dataset has no categorical features
problem,,,,,,,optdigits,catboost,categorical_covariate_shift,0.3,skipped,shift not applicable: dataset has no categorical features
problem,,,,,,,optdigits,catboost,categorical_covariate_shift,0.4,skipped,shift not applicable: dataset has no categorical features
problem,,,,,,,optdigits,hist_gbdt,categorical_covariate_shift,0.0,skipped,shift not applicable: dataset has no categorical features
problem,,,,,,,optdigits,hist_gbdt,categorical_covariate_shift,0.05,skipped,shift not applicable: dataset has no categorical features
problem,,,,,,,optdigits,hist_gbdt,categorical_covariate_shift,0.1,skipped,shift not applicable: dataset has no categorical features
problem,,,,,,,optdigits,hist_gbdt,categorical_covariate_shift,0.2,skipped,shift not applicable: dataset has no categorical features
problem,,,,,,,optdigits,hist_gbdt,categorical_covariate_shift,0.3,skipped,shift not applicable: dataset has no categorical features
problem,,,,,,,optdigits,hist_gbdt,categorical_covariate_shift,0.4,skipped,shift not applicable: dataset has no categorical features
problem,,,,,,,optdigits,logreg,categorical_covariate_shift,0.0,skipped,shift not applicable: dataset has no categorical features
problem,,,,,,,optdigits,logreg,categorical_covariate_shift,0.05,skipped,shift not applicable: dataset has no categorical features
problem,,,,,,,optdigits,logreg,categorical_covariate_shift,0.1,skipped,shift not applicable: dataset has no categorical features
problem,,,,,,,optdigits,logreg,categorical_covariate_shift,0.2,skipped,shift not applicable: dataset has no categorical features
problem,,,,,,,optdigits,logreg,categorical_covariate_shift,0.3,skipped,shift not applicable: dataset has no categorical features
problem,,,,,,,optdigits,logreg,categorical_covariate_shift,0.4,skipped,shift not applicable: dataset has no categorical features
problem,,,,,,,optdigits,tabicl,categorical_covariate_shift,0.0,skipped,shift not applicable: dataset has no categorical features
problem,,,,,,,optdigits,tabicl,categorical_covariate_shift,0.05,skipped,shift not applicable: dataset has no categorical features
problem,,,,,,,optdigits,tabicl,categorical_covariate_shift,0.1,skipped,shift not applicable: dataset has no categorical features
problem,,,,,,,optdigits,tabicl,categorical_covariate_shift,0.2,skipped,shift not applicable: dataset has no categorical features
problem,,,,,,,optdigits,tabicl,categorical_covariate_shift,0.3,skipped,shift not applicable: dataset has no categorical features
problem,,,,,,,optdigits,tabicl,categorical_covariate_shift,0.4,skipped,shift not applicable: dataset has no categorical features
problem,,,,,,,optdigits,tabpfn,categorical_covariate_shift,0.0,skipped,shift not applicable: dataset has no categorical features
problem,,,,,,,optdigits,tabpfn,categorical_covariate_shift,0.05,skipped,shift not applicable: dataset has no categorical features
problem,,,,,,,optdigits,tabpfn,categorical_covariate_shift,0.1,skipped,shift not applicable: dataset has no categorical features
problem,,,,,,,optdigits,tabpfn,categorical_covariate_shift,0.2,skipped,shift not applicable: dataset has no categorical features
problem,,,,,,,optdigits,tabpfn,categorical_covariate_shift,0.3,skipped,shift not applicable: dataset has no categorical features
problem,,,,,,,optdigits,tabpfn,categorical_covariate_shift,0.4,skipped,shift not applicable: dataset has no categorical features
problem,,,,,,,optdigits,xgboost,categorical_covariate_shift,0.0,skipped,shift not applicable: dataset has no categorical features
problem,,,,,,,optdigits,xgboost,categorical_covariate_shift,0.05,skipped,shift not applicable: dataset has no categorical features
problem,,,,,,,optdigits,xgboost,categorical_covariate_shift,0.1,skipped,shift not applicable: dataset has no categorical features
problem,,,,,,,optdigits,xgboost,categorical_covariate_shift,0.2,skipped,shift not applicable: dataset has no categorical features
problem,,,,,,,optdigits,xgboost,categorical_covariate_shift,0.3,skipped,shift not applicable: dataset has no categorical features
problem,,,,,,,optdigits,xgboost,categorical_covariate_shift,0.4,skipped,shift not applicable: dataset has no categorical features
problem,,,,,,,ozone-level-8hr,catboost,categorical_covariate_shift,0.0,skipped,shift not applicable: dataset has no categorical features
problem,,,,,,,ozone-level-8hr,catboost,categorical_covariate_shift,0.05,skipped,shift not applicable: dataset has no categorical features
problem,,,,,,,ozone-level-8hr,catboost,categorical_covariate_shift,0.1,skipped,shift not applicable: dataset has no categorical features
problem,,,,,,,ozone-level-8hr,catboost,categorical_covariate_shift,0.2,skipped,shift not applicable: dataset has no categorical features
problem,,,,,,,ozone-level-8hr,catboost,categorical_covariate_shift,0.3,skipped,shift not applicable: dataset has no categorical features
problem,,,,,,,ozone-level-8hr,catboost,categorical_covariate_shift,0.4,skipped,shift not applicable: dataset has no categorical features
problem,,,,,,,ozone-level-8hr,hist_gbdt,categorical_covariate_shift,0.0,skipped,shift not applicable: dataset has no categorical features
problem,,,,,,,ozone-level-8hr,hist_gbdt,categorical_covariate_shift,0.05,skipped,shift not applicable: dataset has no categorical features
problem,,,,,,,ozone-level-8hr,hist_gbdt,categorical_covariate_shift,0.1,skipped,shift not applicable: dataset has no categorical features
problem,,,,,,,ozone-level-8hr,hist_gbdt,categorical_covariate_shift,0.2,skipped,shift not applicable: dataset has no categorical features
problem,,,,,,,ozone-level-8hr,hist_gbdt,categorical_covariate_shift,0.3,skipped,shift not applicable: dataset has no categorical features
problem,,,,,,,ozone-level-8hr,hist_gbdt,categorical_covariate_shift,0.4,skipped,shift not applicable: dataset has no categorical features
problem,,,,,,,ozone-level-8hr,logreg,categorical_covariate_shift,0.0,skipped,shift not applicable: dataset has no categorical features
problem,,,,,,,ozone-level-8hr,logreg,categorical_covariate_shift,0.05,skipped,shift not applicable: dataset has no categorical features
problem,,,,,,,ozone-level-8hr,logreg,categorical_covariate_shift,0.1,skipped,shift not applicable: dataset has no categorical features
problem,,,,,,,ozone-level-8hr,logreg,categorical_covariate_shift,0.2,skipped,shift not applicable: dataset has no categorical features
problem,,,,,,,ozone-level-8hr,logreg,categorical_covariate_shift,0.3,skipped,shift not applicable: dataset has no categorical features
problem,,,,,,,ozone-level-8hr,logreg,categorical_covariate_shift,0.4,skipped,shift not applicable: dataset has no categorical features
problem,,,,,,,ozone-level-8hr,tabicl,categorical_covariate_shift,0.0,skipped,shift not applicable: dataset has no categorical features
problem,,,,,,,ozone-level-8hr,tabicl,categorical_covariate_shift,0.05,skipped,shift not applicable: dataset has no categorical features
problem,,,,,,,ozone-level-8hr,tabicl,categorical_covariate_shift,0.1,skipped,shift not applicable: dataset has no categorical features
problem,,,,,,,ozone-level-8hr,tabicl,categorical_covariate_shift,0.2,skipped,shift not applicable: dataset has no categorical features
problem,,,,,,,ozone-level-8hr,tabicl,categorical_covariate_shift,0.3,skipped,shift not applicable: dataset has no categorical features
problem,,,,,,,ozone-level-8hr,tabicl,categorical_covariate_shift,0.4,skipped,shift not applicable: dataset has no categorical features
problem,,,,,,,ozone-level-8hr,tabpfn,categorical_covariate_shift,0.0,skipped,shift not applicable: dataset has no categorical features
problem,,,,,,,ozone-level-8hr,tabpfn,categorical_covariate_shift,0.05,skipped,shift not applicable: dataset has no categorical features
problem,,,,,,,ozone-level-8hr,tabpfn,categorical_covariate_shift,0.1,skipped,shift not applicable: dataset has no categorical features
problem,,,,,,,ozone-level-8hr,tabpfn,categorical_covariate_shift,0.2,skipped,shift not applicable: dataset has no categorical features
problem,,,,,,,ozone-level-8hr,tabpfn,categorical_covariate_shift,0.3,skipped,shift not applicable: dataset has no categorical features
problem,,,,,,,ozone-level-8hr,tabpfn,categorical_covariate_shift,0.4,skipped,shift not applicable: dataset has no categorical features
problem,,,,,,,ozone-level-8hr,xgboost,categorical_covariate_shift,0.0,skipped,shift not applicable: dataset has no categorical features
problem,,,,,,,ozone-level-8hr,xgboost,categorical_covariate_shift,0.05,skipped,shift not applicable: dataset has no categorical features
problem,,,,,,,ozone-level-8hr,xgboost,categorical_covariate_shift,0.1,skipped,shift not applicable: dataset has no categorical features
problem,,,,,,,ozone-level-8hr,xgboost,categorical_covariate_shift,0.2,skipped,shift not applicable: dataset has no categorical features
problem,,,,,,,ozone-level-8hr,xgboost,categorical_covariate_shift,0.3,skipped,shift not applicable: dataset has no categorical features
problem,,,,,,,ozone-level-8hr,xgboost,categorical_covariate_shift,0.4,skipped,shift not applicable: dataset has no categorical features
problem,,,,,,,pc1,catboost,categorical_covariate_shift,0.0,skipped,shift not applicable: dataset has no categorical features
problem,,,,,,,pc1,catboost,categorical_covariate_shift,0.05,skipped,shift not applicable: dataset has no categorical features
problem,,,,,,,pc1,catboost,categorical_covariate_shift,0.1,skipped,shift not applicable: dataset has no categorical features
problem,,,,,,,pc1,catboost,categorical_covariate_shift,0.2,skipped,shift not applicable: dataset has no categorical features
problem,,,,,,,pc1,catboost,categorical_covariate_shift,0.3,skipped,shift not applicable: dataset has no categorical features
problem,,,,,,,pc1,catboost,categorical_covariate_shift,0.4,skipped,shift not applicable: dataset has no categorical features
problem,,,,,,,pc1,hist_gbdt,categorical_covariate_shift,0.0,skipped,shift not applicable: dataset has no categorical features
problem,,,,,,,pc1,hist_gbdt,categorical_covariate_shift,0.05,skipped,shift not applicable: dataset has no categorical features
problem,,,,,,,pc1,hist_gbdt,categorical_covariate_shift,0.1,skipped,shift not applicable: dataset has no categorical features
problem,,,,,,,pc1,hist_gbdt,categorical_covariate_shift,0.2,skipped,shift not applicable: dataset has no categorical features
problem,,,,,,,pc1,hist_gbdt,categorical_covariate_shift,0.3,skipped,shift not applicable: dataset has no categorical features
problem,,,,,,,pc1,hist_gbdt,categorical_covariate_shift,0.4,skipped,shift not applicable: dataset has no categorical features
problem,,,,,,,pc1,logreg,categorical_covariate_shift,0.0,skipped,shift not applicable: dataset has no categorical features
problem,,,,,,,pc1,logreg,categorical_covariate_shift,0.05,skipped,shift not applicable: dataset has no categorical features
problem,,,,,,,pc1,logreg,categorical_covariate_shift,0.1,skipped,shift not applicable: dataset has no categorical features
problem,,,,,,,pc1,logreg,categorical_covariate_shift,0.2,skipped,shift not applicable: dataset has no categorical features
problem,,,,,,,pc1,logreg,categorical_covariate_shift,0.3,skipped,shift not applicable: dataset has no categorical features
problem,,,,,,,pc1,logreg,categorical_covariate_shift,0.4,skipped,shift not applicable: dataset has no categorical features
problem,,,,,,,pc1,tabicl,categorical_covariate_shift,0.0,skipped,shift not applicable: dataset has no categorical features
problem,,,,,,,pc1,tabicl,categorical_covariate_shift,0.05,skipped,shift not applicable: dataset has no categorical features
problem,,,,,,,pc1,tabicl,categorical_covariate_shift,0.1,skipped,shift not applicable: dataset has no categorical features
problem,,,,,,,pc1,tabicl,categorical_covariate_shift,0.2,skipped,shift not applicable: dataset has no categorical features
problem,,,,,,,pc1,tabicl,categorical_covariate_shift,0.3,skipped,shift not applicable: dataset has no categorical features
problem,,,,,,,pc1,tabicl,categorical_covariate_shift,0.4,skipped,shift not applicable: dataset has no categorical features
problem,,,,,,,pc1,tabpfn,categorical_covariate_shift,0.0,skipped,shift not applicable: dataset has no categorical features
problem,,,,,,,pc1,tabpfn,categorical_covariate_shift,0.05,skipped,shift not applicable: dataset has no categorical features
problem,,,,,,,pc1,tabpfn,categorical_covariate_shift,0.1,skipped,shift not applicable: dataset has no categorical features
problem,,,,,,,pc1,tabpfn,categorical_covariate_shift,0.2,skipped,shift not applicable: dataset has no categorical features
problem,,,,,,,pc1,tabpfn,categorical_covariate_shift,0.3,skipped,shift not applicable: dataset has no categorical features
problem,,,,,,,pc1,tabpfn,categorical_covariate_shift,0.4,skipped,shift not applicable: dataset has no categorical features
problem,,,,,,,pc1,xgboost,categorical_covariate_shift,0.0,skipped,shift not applicable: dataset has no categorical features
problem,,,,,,,pc1,xgboost,categorical_covariate_shift,0.05,skipped,shift not applicable: dataset has no categorical features
problem,,,,,,,pc1,xgboost,categorical_covariate_shift,0.1,skipped,shift not applicable: dataset has no categorical features
problem,,,,,,,pc1,xgboost,categorical_covariate_shift,0.2,skipped,shift not applicable: dataset has no categorical features
problem,,,,,,,pc1,xgboost,categorical_covariate_shift,0.3,skipped,shift not applicable: dataset has no categorical features
problem,,,,,,,pc1,xgboost,categorical_covariate_shift,0.4,skipped,shift not applicable: dataset has no categorical features
problem,,,,,,,pc3,catboost,categorical_covariate_shift,0.0,skipped,shift not applicable: dataset has no categorical features
problem,,,,,,,pc3,catboost,categorical_covariate_shift,0.05,skipped,shift not applicable: dataset has no categorical features
problem,,,,,,,pc3,catboost,categorical_covariate_shift,0.1,skipped,shift not applicable: dataset has no categorical features
problem,,,,,,,pc3,catboost,categorical_covariate_shift,0.2,skipped,shift not applicable: dataset has no categorical features
problem,,,,,,,pc3,catboost,categorical_covariate_shift,0.3,skipped,shift not applicable: dataset has no categorical features
problem,,,,,,,pc3,catboost,categorical_covariate_shift,0.4,skipped,shift not applicable: dataset has no categorical features
problem,,,,,,,pc3,hist_gbdt,categorical_covariate_shift,0.0,skipped,shift not applicable: dataset has no categorical features
problem,,,,,,,pc3,hist_gbdt,categorical_covariate_shift,0.05,skipped,shift not applicable: dataset has no categorical features
problem,,,,,,,pc3,hist_gbdt,categorical_covariate_shift,0.1,skipped,shift not applicable: dataset has no categorical features
problem,,,,,,,pc3,hist_gbdt,categorical_covariate_shift,0.2,skipped,shift not applicable: dataset has no categorical features
problem,,,,,,,pc3,hist_gbdt,categorical_covariate_shift,0.3,skipped,shift not applicable: dataset has no categorical features
problem,,,,,,,pc3,hist_gbdt,categorical_covariate_shift,0.4,skipped,shift not applicable: dataset has no categorical features
problem,,,,,,,pc3,logreg,categorical_covariate_shift,0.0,skipped,shift not applicable: dataset has no categorical features
problem,,,,,,,pc3,logreg,categorical_covariate_shift,0.05,skipped,shift not applicable: dataset has no categorical features
problem,,,,,,,pc3,logreg,categorical_covariate_shift,0.1,skipped,shift not applicable: dataset has no categorical features
problem,,,,,,,pc3,logreg,categorical_covariate_shift,0.2,skipped,shift not applicable: dataset has no categorical features
problem,,,,,,,pc3,logreg,categorical_covariate_shift,0.3,skipped,shift not applicable: dataset has no categorical features
problem,,,,,,,pc3,logreg,categorical_covariate_shift,0.4,skipped,shift not applicable: dataset has no categorical features
problem,,,,,,,pc3,tabicl,categorical_covariate_shift,0.0,skipped,shift not applicable: dataset has no categorical features
problem,,,,,,,pc3,tabicl,categorical_covariate_shift,0.05,skipped,shift not applicable: dataset has no categorical features
problem,,,,,,,pc3,tabicl,categorical_covariate_shift,0.1,skipped,shift not applicable: dataset has no categorical features
problem,,,,,,,pc3,tabicl,categorical_covariate_shift,0.2,skipped,shift not applicable: dataset has no categorical features
problem,,,,,,,pc3,tabicl,categorical_covariate_shift,0.3,skipped,shift not applicable: dataset has no categorical features
problem,,,,,,,pc3,tabicl,categorical_covariate_shift,0.4,skipped,shift not applicable: dataset has no categorical features
problem,,,,,,,pc3,tabpfn,categorical_covariate_shift,0.0,skipped,shift not applicable: dataset has no categorical features
problem,,,,,,,pc3,tabpfn,categorical_covariate_shift,0.05,skipped,shift not applicable: dataset has no categorical features
problem,,,,,,,pc3,tabpfn,categorical_covariate_shift,0.1,skipped,shift not applicable: dataset has no categorical features
problem,,,,,,,pc3,tabpfn,categorical_covariate_shift,0.2,skipped,shift not applicable: dataset has no categorical features
problem,,,,,,,pc3,tabpfn,categorical_covariate_shift,0.3,skipped,shift not applicable: dataset has no categorical features
problem,,,,,,,pc3,tabpfn,categorical_covariate_shift,0.4,skipped,shift not applicable: dataset has no categorical features
problem,,,,,,,pc3,xgboost,categorical_covariate_shift,0.0,skipped,shift not applicable: dataset has no categorical features
problem,,,,,,,pc3,xgboost,categorical_covariate_shift,0.05,skipped,shift not applicable: dataset has no categorical features
problem,,,,,,,pc3,xgboost,categorical_covariate_shift,0.1,skipped,shift not applicable: dataset has no categorical features
problem,,,,,,,pc3,xgboost,categorical_covariate_shift,0.2,skipped,shift not applicable: dataset has no categorical features
problem,,,,,,,pc3,xgboost,categorical_covariate_shift,0.3,skipped,shift not applicable: dataset has no categorical features
problem,,,,,,,pc3,xgboost,categorical_covariate_shift,0.4,skipped,shift not applicable: dataset has no categorical features
problem,,,,,,,pc4,catboost,categorical_covariate_shift,0.0,skipped,shift not applicable: dataset has no categorical features
problem,,,,,,,pc4,catboost,categorical_covariate_shift,0.05,skipped,shift not applicable: dataset has no categorical features
problem,,,,,,,pc4,catboost,categorical_covariate_shift,0.1,skipped,shift not applicable: dataset has no categorical features
problem,,,,,,,pc4,catboost,categorical_covariate_shift,0.2,skipped,shift not applicable: dataset has no categorical features
problem,,,,,,,pc4,catboost,categorical_covariate_shift,0.3,skipped,shift not applicable: dataset has no categorical features
problem,,,,,,,pc4,catboost,categorical_covariate_shift,0.4,skipped,shift not applicable: dataset has no categorical features
problem,,,,,,,pc4,hist_gbdt,categorical_covariate_shift,0.0,skipped,shift not applicable: dataset has no categorical features
problem,,,,,,,pc4,hist_gbdt,categorical_covariate_shift,0.05,skipped,shift not applicable: dataset has no categorical features
problem,,,,,,,pc4,hist_gbdt,categorical_covariate_shift,0.1,skipped,shift not applicable: dataset has no categorical features
problem,,,,,,,pc4,hist_gbdt,categorical_covariate_shift,0.2,skipped,shift not applicable: dataset has no categorical features
problem,,,,,,,pc4,hist_gbdt,categorical_covariate_shift,0.3,skipped,shift not applicable: dataset has no categorical features
problem,,,,,,,pc4,hist_gbdt,categorical_covariate_shift,0.4,skipped,shift not applicable: dataset has no categorical features
problem,,,,,,,pc4,logreg,categorical_covariate_shift,0.0,skipped,shift not applicable: dataset has no categorical features
problem,,,,,,,pc4,logreg,categorical_covariate_shift,0.05,skipped,shift not applicable: dataset has no categorical features
problem,,,,,,,pc4,logreg,categorical_covariate_shift,0.1,skipped,shift not applicable: dataset has no categorical features
problem,,,,,,,pc4,logreg,categorical_covariate_shift,0.2,skipped,shift not applicable: dataset has no categorical features
problem,,,,,,,pc4,logreg,categorical_covariate_shift,0.3,skipped,shift not applicable: dataset has no categorical features
problem,,,,,,,pc4,logreg,categorical_covariate_shift,0.4,skipped,shift not applicable: dataset has no categorical features
problem,,,,,,,pc4,tabicl,categorical_covariate_shift,0.0,skipped,shift not applicable: dataset has no categorical features
problem,,,,,,,pc4,tabicl,categorical_covariate_shift,0.05,skipped,shift not applicable: dataset has no categorical features
problem,,,,,,,pc4,tabicl,categorical_covariate_shift,0.1,skipped,shift not applicable: dataset has no categorical features
problem,,,,,,,pc4,tabicl,categorical_covariate_shift,0.2,skipped,shift not applicable: dataset has no categorical features
problem,,,,,,,pc4,tabicl,categorical_covariate_shift,0.3,skipped,shift not applicable: dataset has no categorical features
problem,,,,,,,pc4,tabicl,categorical_covariate_shift,0.4,skipped,shift not applicable: dataset has no categorical features
problem,,,,,,,pc4,tabpfn,categorical_covariate_shift,0.0,skipped,shift not applicable: dataset has no categorical features
problem,,,,,,,pc4,tabpfn,categorical_covariate_shift,0.05,skipped,shift not applicable: dataset has no categorical features
problem,,,,,,,pc4,tabpfn,categorical_covariate_shift,0.1,skipped,shift not applicable: dataset has no categorical features
problem,,,,,,,pc4,tabpfn,categorical_covariate_shift,0.2,skipped,shift not applicable: dataset has no categorical features
problem,,,,,,,pc4,tabpfn,categorical_covariate_shift,0.3,skipped,shift not applicable: dataset has no categorical features
problem,,,,,,,pc4,tabpfn,categorical_covariate_shift,0.4,skipped,shift not applicable: dataset has no categorical features
problem,,,,,,,pc4,xgboost,categorical_covariate_shift,0.0,skipped,shift not applicable: dataset has no categorical features
problem,,,,,,,pc4,xgboost,categorical_covariate_shift,0.05,skipped,shift not applicable: dataset has no categorical features
problem,,,,,,,pc4,xgboost,categorical_covariate_shift,0.1,skipped,shift not applicable: dataset has no categorical features
problem,,,,,,,pc4,xgboost,categorical_covariate_shift,0.2,skipped,shift not applicable: dataset has no categorical features
problem,,,,,,,pc4,xgboost,categorical_covariate_shift,0.3,skipped,shift not applicable: dataset has no categorical features
problem,,,,,,,pc4,xgboost,categorical_covariate_shift,0.4,skipped,shift not applicable: dataset has no categorical features
problem,,,,,,,pendigits,catboost,categorical_covariate_shift,0.0,skipped,shift not applicable: dataset has no categorical features
problem,,,,,,,pendigits,catboost,categorical_covariate_shift,0.05,skipped,shift not applicable: dataset has no categorical features
problem,,,,,,,pendigits,catboost,categorical_covariate_shift,0.1,skipped,shift not applicable: dataset has no categorical features
problem,,,,,,,pendigits,catboost,categorical_covariate_shift,0.2,skipped,shift not applicable: dataset has no categorical features
problem,,,,,,,pendigits,catboost,categorical_covariate_shift,0.3,skipped,shift not applicable: dataset has no categorical features
problem,,,,,,,pendigits,catboost,categorical_covariate_shift,0.4,skipped,shift not applicable: dataset has no categorical features
problem,,,,,,,pendigits,hist_gbdt,categorical_covariate_shift,0.0,skipped,shift not applicable: dataset has no categorical features
problem,,,,,,,pendigits,hist_gbdt,categorical_covariate_shift,0.05,skipped,shift not applicable: dataset has no categorical features
problem,,,,,,,pendigits,hist_gbdt,categorical_covariate_shift,0.1,skipped,shift not applicable: dataset has no categorical features
problem,,,,,,,pendigits,hist_gbdt,categorical_covariate_shift,0.2,skipped,shift not applicable: dataset has no categorical features
problem,,,,,,,pendigits,hist_gbdt,categorical_covariate_shift,0.3,skipped,shift not applicable: dataset has no categorical features
problem,,,,,,,pendigits,hist_gbdt,categorical_covariate_shift,0.4,skipped,shift not applicable: dataset has no categorical features
problem,,,,,,,pendigits,logreg,categorical_covariate_shift,0.0,skipped,shift not applicable: dataset has no categorical features
problem,,,,,,,pendigits,logreg,categorical_covariate_shift,0.05,skipped,shift not applicable: dataset has no categorical features
problem,,,,,,,pendigits,logreg,categorical_covariate_shift,0.1,skipped,shift not applicable: dataset has no categorical features
problem,,,,,,,pendigits,logreg,categorical_covariate_shift,0.2,skipped,shift not applicable: dataset has no categorical features
problem,,,,,,,pendigits,logreg,categorical_covariate_shift,0.3,skipped,shift not applicable: dataset has no categorical features
problem,,,,,,,pendigits,logreg,categorical_covariate_shift,0.4,skipped,shift not applicable: dataset has no categorical features
problem,,,,,,,pendigits,tabicl,categorical_covariate_shift,0.0,skipped,shift not applicable: dataset has no categorical features
problem,,,,,,,pendigits,tabicl,categorical_covariate_shift,0.05,skipped,shift not applicable: dataset has no categorical features
problem,,,,,,,pendigits,tabicl,categorical_covariate_shift,0.1,skipped,shift not applicable: dataset has no categorical features
problem,,,,,,,pendigits,tabicl,categorical_covariate_shift,0.2,skipped,shift not applicable: dataset has no categorical features
problem,,,,,,,pendigits,tabicl,categorical_covariate_shift,0.3,skipped,shift not applicable: dataset has no categorical features
problem,,,,,,,pendigits,tabicl,categorical_covariate_shift,0.4,skipped,shift not applicable: dataset has no categorical features
problem,,,,,,,pendigits,tabpfn,categorical_covariate_shift,0.0,skipped,shift not applicable: dataset has no categorical features
problem,,,,,,,pendigits,tabpfn,categorical_covariate_shift,0.05,skipped,shift not applicable: dataset has no categorical features
problem,,,,,,,pendigits,tabpfn,categorical_covariate_shift,0.1,skipped,shift not applicable: dataset has no categorical features
problem,,,,,,,pendigits,tabpfn,categorical_covariate_shift,0.2,skipped,shift not applicable: dataset has no categorical features
problem,,,,,,,pendigits,tabpfn,categorical_covariate_shift,0.3,skipped,shift not applicable: dataset has no categorical features
problem,,,,,,,pendigits,tabpfn,categorical_covariate_shift,0.4,skipped,shift not applicable: dataset has no categorical features
problem,,,,,,,pendigits,xgboost,categorical_covariate_shift,0.0,skipped,shift not applicable: dataset has no categorical features
problem,,,,,,,pendigits,xgboost,categorical_covariate_shift,0.05,skipped,shift not applicable: dataset has no categorical features
problem,,,,,,,pendigits,xgboost,categorical_covariate_shift,0.1,skipped,shift not applicable: dataset has no categorical features
problem,,,,,,,pendigits,xgboost,categorical_covariate_shift,0.2,skipped,shift not applicable: dataset has no categorical features
problem,,,,,,,pendigits,xgboost,categorical_covariate_shift,0.3,skipped,shift not applicable: dataset has no categorical features
problem,,,,,,,pendigits,xgboost,categorical_covariate_shift,0.4,skipped,shift not applicable: dataset has no categorical features
problem,,,,,,,phoneme,catboost,categorical_covariate_shift,0.0,skipped,shift not applicable: dataset has no categorical features
problem,,,,,,,phoneme,catboost,categorical_covariate_shift,0.05,skipped,shift not applicable: dataset has no categorical features
problem,,,,,,,phoneme,catboost,categorical_covariate_shift,0.1,skipped,shift not applicable: dataset has no categorical features
problem,,,,,,,phoneme,catboost,categorical_covariate_shift,0.2,skipped,shift not applicable: dataset has no categorical features
problem,,,,,,,phoneme,catboost,categorical_covariate_shift,0.3,skipped,shift not applicable: dataset has no categorical features
problem,,,,,,,phoneme,catboost,categorical_covariate_shift,0.4,skipped,shift not applicable: dataset has no categorical features
problem,,,,,,,phoneme,hist_gbdt,categorical_covariate_shift,0.0,skipped,shift not applicable: dataset has no categorical features
problem,,,,,,,phoneme,hist_gbdt,categorical_covariate_shift,0.05,skipped,shift not applicable: dataset has no categorical features
problem,,,,,,,phoneme,hist_gbdt,categorical_covariate_shift,0.1,skipped,shift not applicable: dataset has no categorical features
problem,,,,,,,phoneme,hist_gbdt,categorical_covariate_shift,0.2,skipped,shift not applicable: dataset has no categorical features
problem,,,,,,,phoneme,hist_gbdt,categorical_covariate_shift,0.3,skipped,shift not applicable: dataset has no categorical features
problem,,,,,,,phoneme,hist_gbdt,categorical_covariate_shift,0.4,skipped,shift not applicable: dataset has no categorical features
problem,,,,,,,phoneme,logreg,categorical_covariate_shift,0.0,skipped,shift not applicable: dataset has no categorical features
problem,,,,,,,phoneme,logreg,categorical_covariate_shift,0.05,skipped,shift not applicable: dataset has no categorical features
problem,,,,,,,phoneme,logreg,categorical_covariate_shift,0.1,skipped,shift not applicable: dataset has no categorical features
problem,,,,,,,phoneme,logreg,categorical_covariate_shift,0.2,skipped,shift not applicable: dataset has no categorical features
problem,,,,,,,phoneme,logreg,categorical_covariate_shift,0.3,skipped,shift not applicable: dataset has no categorical features
problem,,,,,,,phoneme,logreg,categorical_covariate_shift,0.4,skipped,shift not applicable: dataset has no categorical features
problem,,,,,,,phoneme,tabicl,categorical_covariate_shift,0.0,skipped,shift not applicable: dataset has no categorical features
problem,,,,,,,phoneme,tabicl,categorical_covariate_shift,0.05,skipped,shift not applicable: dataset has no categorical features
problem,,,,,,,phoneme,tabicl,categorical_covariate_shift,0.1,skipped,shift not applicable: dataset has no categorical features
problem,,,,,,,phoneme,tabicl,categorical_covariate_shift,0.2,skipped,shift not applicable: dataset has no categorical features
problem,,,,,,,phoneme,tabicl,categorical_covariate_shift,0.3,skipped,shift not applicable: dataset has no categorical features
problem,,,,,,,phoneme,tabicl,categorical_covariate_shift,0.4,skipped,shift not applicable: dataset has no categorical features
problem,,,,,,,phoneme,tabpfn,categorical_covariate_shift,0.0,skipped,shift not applicable: dataset has no categorical features
problem,,,,,,,phoneme,tabpfn,categorical_covariate_shift,0.05,skipped,shift not applicable: dataset has no categorical features
problem,,,,,,,phoneme,tabpfn,categorical_covariate_shift,0.1,skipped,shift not applicable: dataset has no categorical features
problem,,,,,,,phoneme,tabpfn,categorical_covariate_shift,0.2,skipped,shift not applicable: dataset has no categorical features
problem,,,,,,,phoneme,tabpfn,categorical_covariate_shift,0.3,skipped,shift not applicable: dataset has no categorical features
problem,,,,,,,phoneme,tabpfn,categorical_covariate_shift,0.4,skipped,shift not applicable: dataset has no categorical features
problem,,,,,,,phoneme,xgboost,categorical_covariate_shift,0.0,skipped,shift not applicable: dataset has no categorical features
problem,,,,,,,phoneme,xgboost,categorical_covariate_shift,0.05,skipped,shift not applicable: dataset has no categorical features
problem,,,,,,,phoneme,xgboost,categorical_covariate_shift,0.1,skipped,shift not applicable: dataset has no categorical features
problem,,,,,,,phoneme,xgboost,categorical_covariate_shift,0.2,skipped,shift not applicable: dataset has no categorical features
problem,,,,,,,phoneme,xgboost,categorical_covariate_shift,0.3,skipped,shift not applicable: dataset has no categorical features
problem,,,,,,,phoneme,xgboost,categorical_covariate_shift,0.4,skipped,shift not applicable: dataset has no categorical features
problem,,,,,,,qsar-biodeg,catboost,categorical_covariate_shift,0.0,skipped,shift not applicable: dataset has no categorical features
problem,,,,,,,qsar-biodeg,catboost,categorical_covariate_shift,0.05,skipped,shift not applicable: dataset has no categorical features
problem,,,,,,,qsar-biodeg,catboost,categorical_covariate_shift,0.1,skipped,shift not applicable: dataset has no categorical features
problem,,,,,,,qsar-biodeg,catboost,categorical_covariate_shift,0.2,skipped,shift not applicable: dataset has no categorical features
problem,,,,,,,qsar-biodeg,catboost,categorical_covariate_shift,0.3,skipped,shift not applicable: dataset has no categorical features
problem,,,,,,,qsar-biodeg,catboost,categorical_covariate_shift,0.4,skipped,shift not applicable: dataset has no categorical features
problem,,,,,,,qsar-biodeg,hist_gbdt,categorical_covariate_shift,0.0,skipped,shift not applicable: dataset has no categorical features
problem,,,,,,,qsar-biodeg,hist_gbdt,categorical_covariate_shift,0.05,skipped,shift not applicable: dataset has no categorical features
problem,,,,,,,qsar-biodeg,hist_gbdt,categorical_covariate_shift,0.1,skipped,shift not applicable: dataset has no categorical features
problem,,,,,,,qsar-biodeg,hist_gbdt,categorical_covariate_shift,0.2,skipped,shift not applicable: dataset has no categorical features
problem,,,,,,,qsar-biodeg,hist_gbdt,categorical_covariate_shift,0.3,skipped,shift not applicable: dataset has no categorical features
problem,,,,,,,qsar-biodeg,hist_gbdt,categorical_covariate_shift,0.4,skipped,shift not applicable: dataset has no categorical features
problem,,,,,,,qsar-biodeg,logreg,categorical_covariate_shift,0.0,skipped,shift not applicable: dataset has no categorical features
problem,,,,,,,qsar-biodeg,logreg,categorical_covariate_shift,0.05,skipped,shift not applicable: dataset has no categorical features
problem,,,,,,,qsar-biodeg,logreg,categorical_covariate_shift,0.1,skipped,shift not applicable: dataset has no categorical features
problem,,,,,,,qsar-biodeg,logreg,categorical_covariate_shift,0.2,skipped,shift not applicable: dataset has no categorical features
problem,,,,,,,qsar-biodeg,logreg,categorical_covariate_shift,0.3,skipped,shift not applicable: dataset has no categorical features
problem,,,,,,,qsar-biodeg,logreg,categorical_covariate_shift,0.4,skipped,shift not applicable: dataset has no categorical features
problem,,,,,,,qsar-biodeg,tabicl,categorical_covariate_shift,0.0,skipped,shift not applicable: dataset has no categorical features
problem,,,,,,,qsar-biodeg,tabicl,categorical_covariate_shift,0.05,skipped,shift not applicable: dataset has no categorical features
problem,,,,,,,qsar-biodeg,tabicl,categorical_covariate_shift,0.1,skipped,shift not applicable: dataset has no categorical features
problem,,,,,,,qsar-biodeg,tabicl,categorical_covariate_shift,0.2,skipped,shift not applicable: dataset has no categorical features
problem,,,,,,,qsar-biodeg,tabicl,categorical_covariate_shift,0.3,skipped,shift not applicable: dataset has no categorical features
problem,,,,,,,qsar-biodeg,tabicl,categorical_covariate_shift,0.4,skipped,shift not applicable: dataset has no categorical features
problem,,,,,,,qsar-biodeg,tabpfn,categorical_covariate_shift,0.0,skipped,shift not applicable: dataset has no categorical features
problem,,,,,,,qsar-biodeg,tabpfn,categorical_covariate_shift,0.05,skipped,shift not applicable: dataset has no categorical features
problem,,,,,,,qsar-biodeg,tabpfn,categorical_covariate_shift,0.1,skipped,shift not applicable: dataset has no categorical features
problem,,,,,,,qsar-biodeg,tabpfn,categorical_covariate_shift,0.2,skipped,shift not applicable: dataset has no categorical features
problem,,,,,,,qsar-biodeg,tabpfn,categorical_covariate_shift,0.3,skipped,shift not applicable: dataset has no categorical features
problem,,,,,,,qsar-biodeg,tabpfn,categorical_covariate_shift,0.4,skipped,shift not applicable: dataset has no categorical features
problem,,,,,,,qsar-biodeg,xgboost,categorical_covariate_shift,0.0,skipped,shift not applicable: dataset has no categorical features
problem,,,,,,,qsar-biodeg,xgboost,categorical_covariate_shift,0.05,skipped,shift not applicable: dataset has no categorical features
problem,,,,,,,qsar-biodeg,xgboost,categorical_covariate_shift,0.1,skipped,shift not applicable: dataset has no categorical features
problem,,,,,,,qsar-biodeg,xgboost,categorical_covariate_shift,0.2,skipped,shift not applicable: dataset has no categorical features
problem,,,,,,,qsar-biodeg,xgboost,categorical_covariate_shift,0.3,skipped,shift not applicable: dataset has no categorical features
problem,,,,,,,qsar-biodeg,xgboost,categorical_covariate_shift,0.4,skipped,shift not applicable: dataset has no categorical features
problem,,,,,,,satimage,catboost,categorical_covariate_shift,0.0,skipped,shift not applicable: dataset has no categorical features
problem,,,,,,,satimage,catboost,categorical_covariate_shift,0.05,skipped,shift not applicable: dataset has no categorical features
problem,,,,,,,satimage,catboost,categorical_covariate_shift,0.1,skipped,shift not applicable: dataset has no categorical features
problem,,,,,,,satimage,catboost,categorical_covariate_shift,0.2,skipped,shift not applicable: dataset has no categorical features
problem,,,,,,,satimage,catboost,categorical_covariate_shift,0.3,skipped,shift not applicable: dataset has no categorical features
problem,,,,,,,satimage,catboost,categorical_covariate_shift,0.4,skipped,shift not applicable: dataset has no categorical features
problem,,,,,,,satimage,hist_gbdt,categorical_covariate_shift,0.0,skipped,shift not applicable: dataset has no categorical features
problem,,,,,,,satimage,hist_gbdt,categorical_covariate_shift,0.05,skipped,shift not applicable: dataset has no categorical features
problem,,,,,,,satimage,hist_gbdt,categorical_covariate_shift,0.1,skipped,shift not applicable: dataset has no categorical features
problem,,,,,,,satimage,hist_gbdt,categorical_covariate_shift,0.2,skipped,shift not applicable: dataset has no categorical features
problem,,,,,,,satimage,hist_gbdt,categorical_covariate_shift,0.3,skipped,shift not applicable: dataset has no categorical features
problem,,,,,,,satimage,hist_gbdt,categorical_covariate_shift,0.4,skipped,shift not applicable: dataset has no categorical features
problem,,,,,,,satimage,logreg,categorical_covariate_shift,0.0,skipped,shift not applicable: dataset has no categorical features
problem,,,,,,,satimage,logreg,categorical_covariate_shift,0.05,skipped,shift not applicable: dataset has no categorical features
problem,,,,,,,satimage,logreg,categorical_covariate_shift,0.1,skipped,shift not applicable: dataset has no categorical features
problem,,,,,,,satimage,logreg,categorical_covariate_shift,0.2,skipped,shift not applicable: dataset has no categorical features
problem,,,,,,,satimage,logreg,categorical_covariate_shift,0.3,skipped,shift not applicable: dataset has no categorical features
problem,,,,,,,satimage,logreg,categorical_covariate_shift,0.4,skipped,shift not applicable: dataset has no categorical features
problem,,,,,,,satimage,tabicl,categorical_covariate_shift,0.0,skipped,shift not applicable: dataset has no categorical features
problem,,,,,,,satimage,tabicl,categorical_covariate_shift,0.05,skipped,shift not applicable: dataset has no categorical features
problem,,,,,,,satimage,tabicl,categorical_covariate_shift,0.1,skipped,shift not applicable: dataset has no categorical features
problem,,,,,,,satimage,tabicl,categorical_covariate_shift,0.2,skipped,shift not applicable: dataset has no categorical features
problem,,,,,,,satimage,tabicl,categorical_covariate_shift,0.3,skipped,shift not applicable: dataset has no categorical features
problem,,,,,,,satimage,tabicl,categorical_covariate_shift,0.4,skipped,shift not applicable: dataset has no categorical features
problem,,,,,,,satimage,tabpfn,categorical_covariate_shift,0.0,skipped,shift not applicable: dataset has no categorical features
problem,,,,,,,satimage,tabpfn,categorical_covariate_shift,0.05,skipped,shift not applicable: dataset has no categorical features
problem,,,,,,,satimage,tabpfn,categorical_covariate_shift,0.1,skipped,shift not applicable: dataset has no categorical features
problem,,,,,,,satimage,tabpfn,categorical_covariate_shift,0.2,skipped,shift not applicable: dataset has no categorical features
problem,,,,,,,satimage,tabpfn,categorical_covariate_shift,0.3,skipped,shift not applicable: dataset has no categorical features
problem,,,,,,,satimage,tabpfn,categorical_covariate_shift,0.4,skipped,shift not applicable: dataset has no categorical features
problem,,,,,,,satimage,xgboost,categorical_covariate_shift,0.0,skipped,shift not applicable: dataset has no categorical features
problem,,,,,,,satimage,xgboost,categorical_covariate_shift,0.05,skipped,shift not applicable: dataset has no categorical features
problem,,,,,,,satimage,xgboost,categorical_covariate_shift,0.1,skipped,shift not applicable: dataset has no categorical features
problem,,,,,,,satimage,xgboost,categorical_covariate_shift,0.2,skipped,shift not applicable: dataset has no categorical features
problem,,,,,,,satimage,xgboost,categorical_covariate_shift,0.3,skipped,shift not applicable: dataset has no categorical features
problem,,,,,,,satimage,xgboost,categorical_covariate_shift,0.4,skipped,shift not applicable: dataset has no categorical features
problem,,,,,,,segment,catboost,categorical_covariate_shift,0.0,skipped,shift not applicable: dataset has no categorical features
problem,,,,,,,segment,catboost,categorical_covariate_shift,0.05,skipped,shift not applicable: dataset has no categorical features
problem,,,,,,,segment,catboost,categorical_covariate_shift,0.1,skipped,shift not applicable: dataset has no categorical features
problem,,,,,,,segment,catboost,categorical_covariate_shift,0.2,skipped,shift not applicable: dataset has no categorical features
problem,,,,,,,segment,catboost,categorical_covariate_shift,0.3,skipped,shift not applicable: dataset has no categorical features
problem,,,,,,,segment,catboost,categorical_covariate_shift,0.4,skipped,shift not applicable: dataset has no categorical features
problem,,,,,,,segment,hist_gbdt,categorical_covariate_shift,0.0,skipped,shift not applicable: dataset has no categorical features
problem,,,,,,,segment,hist_gbdt,categorical_covariate_shift,0.05,skipped,shift not applicable: dataset has no categorical features
problem,,,,,,,segment,hist_gbdt,categorical_covariate_shift,0.1,skipped,shift not applicable: dataset has no categorical features
problem,,,,,,,segment,hist_gbdt,categorical_covariate_shift,0.2,skipped,shift not applicable: dataset has no categorical features
problem,,,,,,,segment,hist_gbdt,categorical_covariate_shift,0.3,skipped,shift not applicable: dataset has no categorical features
problem,,,,,,,segment,hist_gbdt,categorical_covariate_shift,0.4,skipped,shift not applicable: dataset has no categorical features
problem,,,,,,,segment,logreg,categorical_covariate_shift,0.0,skipped,shift not applicable: dataset has no categorical features
problem,,,,,,,segment,logreg,categorical_covariate_shift,0.05,skipped,shift not applicable: dataset has no categorical features
problem,,,,,,,segment,logreg,categorical_covariate_shift,0.1,skipped,shift not applicable: dataset has no categorical features
problem,,,,,,,segment,logreg,categorical_covariate_shift,0.2,skipped,shift not applicable: dataset has no categorical features
problem,,,,,,,segment,logreg,categorical_covariate_shift,0.3,skipped,shift not applicable: dataset has no categorical features
problem,,,,,,,segment,logreg,categorical_covariate_shift,0.4,skipped,shift not applicable: dataset has no categorical features
problem,,,,,,,segment,tabicl,categorical_covariate_shift,0.0,skipped,shift not applicable: dataset has no categorical features
problem,,,,,,,segment,tabicl,categorical_covariate_shift,0.05,skipped,shift not applicable: dataset has no categorical features
problem,,,,,,,segment,tabicl,categorical_covariate_shift,0.1,skipped,shift not applicable: dataset has no categorical features
problem,,,,,,,segment,tabicl,categorical_covariate_shift,0.2,skipped,shift not applicable: dataset has no categorical features
problem,,,,,,,segment,tabicl,categorical_covariate_shift,0.3,skipped,shift not applicable: dataset has no categorical features
problem,,,,,,,segment,tabicl,categorical_covariate_shift,0.4,skipped,shift not applicable: dataset has no categorical features
problem,,,,,,,segment,tabpfn,categorical_covariate_shift,0.0,skipped,shift not applicable: dataset has no categorical features
problem,,,,,,,segment,tabpfn,categorical_covariate_shift,0.05,skipped,shift not applicable: dataset has no categorical features
problem,,,,,,,segment,tabpfn,categorical_covariate_shift,0.1,skipped,shift not applicable: dataset has no categorical features
problem,,,,,,,segment,tabpfn,categorical_covariate_shift,0.2,skipped,shift not applicable: dataset has no categorical features
problem,,,,,,,segment,tabpfn,categorical_covariate_shift,0.3,skipped,shift not applicable: dataset has no categorical features
problem,,,,,,,segment,tabpfn,categorical_covariate_shift,0.4,skipped,shift not applicable: dataset has no categorical features
problem,,,,,,,segment,xgboost,categorical_covariate_shift,0.0,skipped,shift not applicable: dataset has no categorical features
problem,,,,,,,segment,xgboost,categorical_covariate_shift,0.05,skipped,shift not applicable: dataset has no categorical features
problem,,,,,,,segment,xgboost,categorical_covariate_shift,0.1,skipped,shift not applicable: dataset has no categorical features
problem,,,,,,,segment,xgboost,categorical_covariate_shift,0.2,skipped,shift not applicable: dataset has no categorical features
problem,,,,,,,segment,xgboost,categorical_covariate_shift,0.3,skipped,shift not applicable: dataset has no categorical features
problem,,,,,,,segment,xgboost,categorical_covariate_shift,0.4,skipped,shift not applicable: dataset has no categorical features
problem,,,,,,,spambase,catboost,categorical_covariate_shift,0.0,skipped,shift not applicable: dataset has no categorical features
problem,,,,,,,spambase,catboost,categorical_covariate_shift,0.05,skipped,shift not applicable: dataset has no categorical features
problem,,,,,,,spambase,catboost,categorical_covariate_shift,0.1,skipped,shift not applicable: dataset has no categorical features
problem,,,,,,,spambase,catboost,categorical_covariate_shift,0.2,skipped,shift not applicable: dataset has no categorical features
problem,,,,,,,spambase,catboost,categorical_covariate_shift,0.3,skipped,shift not applicable: dataset has no categorical features
problem,,,,,,,spambase,catboost,categorical_covariate_shift,0.4,skipped,shift not applicable: dataset has no categorical features
problem,,,,,,,spambase,hist_gbdt,categorical_covariate_shift,0.0,skipped,shift not applicable: dataset has no categorical features
problem,,,,,,,spambase,hist_gbdt,categorical_covariate_shift,0.05,skipped,shift not applicable: dataset has no categorical features
problem,,,,,,,spambase,hist_gbdt,categorical_covariate_shift,0.1,skipped,shift not applicable: dataset has no categorical features
problem,,,,,,,spambase,hist_gbdt,categorical_covariate_shift,0.2,skipped,shift not applicable: dataset has no categorical features
problem,,,,,,,spambase,hist_gbdt,categorical_covariate_shift,0.3,skipped,shift not applicable: dataset has no categorical features
problem,,,,,,,spambase,hist_gbdt,categorical_covariate_shift,0.4,skipped,shift not applicable: dataset has no categorical features
problem,,,,,,,spambase,logreg,categorical_covariate_shift,0.0,skipped,shift not applicable: dataset has no categorical features
problem,,,,,,,spambase,logreg,categorical_covariate_shift,0.05,skipped,shift not applicable: dataset has no categorical features
problem,,,,,,,spambase,logreg,categorical_covariate_shift,0.1,skipped,shift not applicable: dataset has no categorical features
problem,,,,,,,spambase,logreg,categorical_covariate_shift,0.2,skipped,shift not applicable: dataset has no categorical features
problem,,,,,,,spambase,logreg,categorical_covariate_shift,0.3,skipped,shift not applicable: dataset has no categorical features
problem,,,,,,,spambase,logreg,categorical_covariate_shift,0.4,skipped,shift not applicable: dataset has no categorical features
problem,,,,,,,spambase,tabicl,categorical_covariate_shift,0.0,skipped,shift not applicable: dataset has no categorical features
problem,,,,,,,spambase,tabicl,categorical_covariate_shift,0.05,skipped,shift not applicable: dataset has no categorical features
problem,,,,,,,spambase,tabicl,categorical_covariate_shift,0.1,skipped,shift not applicable: dataset has no categorical features
problem,,,,,,,spambase,tabicl,categorical_covariate_shift,0.2,skipped,shift not applicable: dataset has no categorical features
problem,,,,,,,spambase,tabicl,categorical_covariate_shift,0.3,skipped,shift not applicable: dataset has no categorical features
problem,,,,,,,spambase,tabicl,categorical_covariate_shift,0.4,skipped,shift not applicable: dataset has no categorical features
problem,,,,,,,spambase,tabpfn,categorical_covariate_shift,0.0,skipped,shift not applicable: dataset has no categorical features
problem,,,,,,,spambase,tabpfn,categorical_covariate_shift,0.05,skipped,shift not applicable: dataset has no categorical features
problem,,,,,,,spambase,tabpfn,categorical_covariate_shift,0.1,skipped,shift not applicable: dataset has no categorical features
problem,,,,,,,spambase,tabpfn,categorical_covariate_shift,0.2,skipped,shift not applicable: dataset has no categorical features
problem,,,,,,,spambase,tabpfn,categorical_covariate_shift,0.3,skipped,shift not applicable: dataset has no categorical features
problem,,,,,,,spambase,tabpfn,categorical_covariate_shift,0.4,skipped,shift not applicable: dataset has no categorical features
problem,,,,,,,spambase,xgboost,categorical_covariate_shift,0.0,skipped,shift not applicable: dataset has no categorical features
problem,,,,,,,spambase,xgboost,categorical_covariate_shift,0.05,skipped,shift not applicable: dataset has no categorical features
problem,,,,,,,spambase,xgboost,categorical_covariate_shift,0.1,skipped,shift not applicable: dataset has no categorical features
problem,,,,,,,spambase,xgboost,categorical_covariate_shift,0.2,skipped,shift not applicable: dataset has no categorical features
problem,,,,,,,spambase,xgboost,categorical_covariate_shift,0.3,skipped,shift not applicable: dataset has no categorical features
problem,,,,,,,spambase,xgboost,categorical_covariate_shift,0.4,skipped,shift not applicable: dataset has no categorical features
problem,,,,,,,steel-plates-fault,catboost,categorical_covariate_shift,0.0,skipped,shift not applicable: dataset has no categorical features
problem,,,,,,,steel-plates-fault,catboost,categorical_covariate_shift,0.05,skipped,shift not applicable: dataset has no categorical features
problem,,,,,,,steel-plates-fault,catboost,categorical_covariate_shift,0.1,skipped,shift not applicable: dataset has no categorical features
problem,,,,,,,steel-plates-fault,catboost,categorical_covariate_shift,0.2,skipped,shift not applicable: dataset has no categorical features
problem,,,,,,,steel-plates-fault,catboost,categorical_covariate_shift,0.3,skipped,shift not applicable: dataset has no categorical features
problem,,,,,,,steel-plates-fault,catboost,categorical_covariate_shift,0.4,skipped,shift not applicable: dataset has no categorical features
problem,,,,,,,steel-plates-fault,hist_gbdt,categorical_covariate_shift,0.0,skipped,shift not applicable: dataset has no categorical features
problem,,,,,,,steel-plates-fault,hist_gbdt,categorical_covariate_shift,0.05,skipped,shift not applicable: dataset has no categorical features
problem,,,,,,,steel-plates-fault,hist_gbdt,categorical_covariate_shift,0.1,skipped,shift not applicable: dataset has no categorical features
problem,,,,,,,steel-plates-fault,hist_gbdt,categorical_covariate_shift,0.2,skipped,shift not applicable: dataset has no categorical features
problem,,,,,,,steel-plates-fault,hist_gbdt,categorical_covariate_shift,0.3,skipped,shift not applicable: dataset has no categorical features
problem,,,,,,,steel-plates-fault,hist_gbdt,categorical_covariate_shift,0.4,skipped,shift not applicable: dataset has no categorical features
problem,,,,,,,steel-plates-fault,logreg,categorical_covariate_shift,0.0,skipped,shift not applicable: dataset has no categorical features
problem,,,,,,,steel-plates-fault,logreg,categorical_covariate_shift,0.05,skipped,shift not applicable: dataset has no categorical features
problem,,,,,,,steel-plates-fault,logreg,categorical_covariate_shift,0.1,skipped,shift not applicable: dataset has no categorical features
problem,,,,,,,steel-plates-fault,logreg,categorical_covariate_shift,0.2,skipped,shift not applicable: dataset has no categorical features
problem,,,,,,,steel-plates-fault,logreg,categorical_covariate_shift,0.3,skipped,shift not applicable: dataset has no categorical features
problem,,,,,,,steel-plates-fault,logreg,categorical_covariate_shift,0.4,skipped,shift not applicable: dataset has no categorical features
problem,,,,,,,steel-plates-fault,tabicl,categorical_covariate_shift,0.0,skipped,shift not applicable: dataset has no categorical features
problem,,,,,,,steel-plates-fault,tabicl,categorical_covariate_shift,0.05,skipped,shift not applicable: dataset has no categorical features
problem,,,,,,,steel-plates-fault,tabicl,categorical_covariate_shift,0.1,skipped,shift not applicable: dataset has no categorical features
problem,,,,,,,steel-plates-fault,tabicl,categorical_covariate_shift,0.2,skipped,shift not applicable: dataset has no categorical features
problem,,,,,,,steel-plates-fault,tabicl,categorical_covariate_shift,0.3,skipped,shift not applicable: dataset has no categorical features
problem,,,,,,,steel-plates-fault,tabicl,categorical_covariate_shift,0.4,skipped,shift not applicable: dataset has no categorical features
problem,,,,,,,steel-plates-fault,tabpfn,categorical_covariate_shift,0.0,skipped,shift not applicable: dataset has no categorical features
problem,,,,,,,steel-plates-fault,tabpfn,categorical_covariate_shift,0.05,skipped,shift not applicable: dataset has no categorical features
problem,,,,,,,steel-plates-fault,tabpfn,categorical_covariate_shift,0.1,skipped,shift not applicable: dataset has no categorical features
problem,,,,,,,steel-plates-fault,tabpfn,categorical_covariate_shift,0.2,skipped,shift not applicable: dataset has no categorical features
problem,,,,,,,steel-plates-fault,tabpfn,categorical_covariate_shift,0.3,skipped,shift not applicable: dataset has no categorical features
problem,,,,,,,steel-plates-fault,tabpfn,categorical_covariate_shift,0.4,skipped,shift not applicable: dataset has no categorical features
problem,,,,,,,steel-plates-fault,xgboost,categorical_covariate_shift,0.0,skipped,shift not applicable: dataset has no categorical features
problem,,,,,,,steel-plates-fault,xgboost,categorical_covariate_shift,0.05,skipped,shift not applicable: dataset has no categorical features
problem,,,,,,,steel-plates-fault,xgboost,categorical_covariate_shift,0.1,skipped,shift not applicable: dataset has no categorical features
problem,,,,,,,steel-plates-fault,xgboost,categorical_covariate_shift,0.2,skipped,shift not applicable: dataset has no categorical features
problem,,,,,,,steel-plates-fault,xgboost,categorical_covariate_shift,0.3,skipped,shift not applicable: dataset has no categorical features
problem,,,,,,,steel-plates-fault,xgboost,categorical_covariate_shift,0.4,skipped,shift not applicable: dataset has no categorical features
problem,,,,,,,texture,catboost,categorical_covariate_shift,0.0,skipped,shift not applicable: dataset has no categorical features
problem,,,,,,,texture,catboost,categorical_covariate_shift,0.05,skipped,shift not applicable: dataset has no categorical features
problem,,,,,,,texture,catboost,categorical_covariate_shift,0.1,skipped,shift not applicable: dataset has no categorical features
problem,,,,,,,texture,catboost,categorical_covariate_shift,0.2,skipped,shift not applicable: dataset has no categorical features
problem,,,,,,,texture,catboost,categorical_covariate_shift,0.3,skipped,shift not applicable: dataset has no categorical features
problem,,,,,,,texture,catboost,categorical_covariate_shift,0.4,skipped,shift not applicable: dataset has no categorical features
problem,,,,,,,texture,hist_gbdt,categorical_covariate_shift,0.0,skipped,shift not applicable: dataset has no categorical features
problem,,,,,,,texture,hist_gbdt,categorical_covariate_shift,0.05,skipped,shift not applicable: dataset has no categorical features
problem,,,,,,,texture,hist_gbdt,categorical_covariate_shift,0.1,skipped,shift not applicable: dataset has no categorical features
problem,,,,,,,texture,hist_gbdt,categorical_covariate_shift,0.2,skipped,shift not applicable: dataset has no categorical features
problem,,,,,,,texture,hist_gbdt,categorical_covariate_shift,0.3,skipped,shift not applicable: dataset has no categorical features
problem,,,,,,,texture,hist_gbdt,categorical_covariate_shift,0.4,skipped,shift not applicable: dataset has no categorical features
problem,,,,,,,texture,logreg,categorical_covariate_shift,0.0,skipped,shift not applicable: dataset has no categorical features
problem,,,,,,,texture,logreg,categorical_covariate_shift,0.05,skipped,shift not applicable: dataset has no categorical features
problem,,,,,,,texture,logreg,categorical_covariate_shift,0.1,skipped,shift not applicable: dataset has no categorical features
problem,,,,,,,texture,logreg,categorical_covariate_shift,0.2,skipped,shift not applicable: dataset has no categorical features
problem,,,,,,,texture,logreg,categorical_covariate_shift,0.3,skipped,shift not applicable: dataset has no categorical features
problem,,,,,,,texture,logreg,categorical_covariate_shift,0.4,skipped,shift not applicable: dataset has no categorical features
problem,,,,,,,texture,tabicl,categorical_covariate_shift,0.0,skipped,shift not applicable: dataset has no categorical features
problem,,,,,,,texture,tabicl,categorical_covariate_shift,0.05,skipped,shift not applicable: dataset has no categorical features
problem,,,,,,,texture,tabicl,categorical_covariate_shift,0.1,skipped,shift not applicable: dataset has no categorical features
problem,,,,,,,texture,tabicl,categorical_covariate_shift,0.2,skipped,shift not applicable: dataset has no categorical features
problem,,,,,,,texture,tabicl,categorical_covariate_shift,0.3,skipped,shift not applicable: dataset has no categorical features
problem,,,,,,,texture,tabicl,categorical_covariate_shift,0.4,skipped,shift not applicable: dataset has no categorical features
problem,,,,,,,texture,tabpfn,categorical_covariate_shift,0.0,skipped,shift not applicable: dataset has no categorical features
problem,,,,,,,texture,tabpfn,categorical_covariate_shift,0.05,skipped,shift not applicable: dataset has no categorical features
problem,,,,,,,texture,tabpfn,categorical_covariate_shift,0.1,skipped,shift not applicable: dataset has no categorical features
problem,,,,,,,texture,tabpfn,categorical_covariate_shift,0.2,skipped,shift not applicable: dataset has no categorical features
problem,,,,,,,texture,tabpfn,categorical_covariate_shift,0.3,skipped,shift not applicable: dataset has no categorical features
problem,,,,,,,texture,tabpfn,categorical_covariate_shift,0.4,skipped,shift not applicable: dataset has no categorical features
problem,,,,,,,texture,xgboost,categorical_covariate_shift,0.0,skipped,shift not applicable: dataset has no categorical features
problem,,,,,,,texture,xgboost,categorical_covariate_shift,0.05,skipped,shift not applicable: dataset has no categorical features
problem,,,,,,,texture,xgboost,categorical_covariate_shift,0.1,skipped,shift not applicable: dataset has no categorical features
problem,,,,,,,texture,xgboost,categorical_covariate_shift,0.2,skipped,shift not applicable: dataset has no categorical features
problem,,,,,,,texture,xgboost,categorical_covariate_shift,0.3,skipped,shift not applicable: dataset has no categorical features
problem,,,,,,,texture,xgboost,categorical_covariate_shift,0.4,skipped,shift not applicable: dataset has no categorical features
problem,,,,,,,vehicle,catboost,categorical_covariate_shift,0.0,skipped,shift not applicable: dataset has no categorical features
problem,,,,,,,vehicle,catboost,categorical_covariate_shift,0.05,skipped,shift not applicable: dataset has no categorical features
problem,,,,,,,vehicle,catboost,categorical_covariate_shift,0.1,skipped,shift not applicable: dataset has no categorical features
problem,,,,,,,vehicle,catboost,categorical_covariate_shift,0.2,skipped,shift not applicable: dataset has no categorical features
problem,,,,,,,vehicle,catboost,categorical_covariate_shift,0.3,skipped,shift not applicable: dataset has no categorical features
problem,,,,,,,vehicle,catboost,categorical_covariate_shift,0.4,skipped,shift not applicable: dataset has no categorical features
problem,,,,,,,vehicle,hist_gbdt,categorical_covariate_shift,0.0,skipped,shift not applicable: dataset has no categorical features
problem,,,,,,,vehicle,hist_gbdt,categorical_covariate_shift,0.05,skipped,shift not applicable: dataset has no categorical features
problem,,,,,,,vehicle,hist_gbdt,categorical_covariate_shift,0.1,skipped,shift not applicable: dataset has no categorical features
problem,,,,,,,vehicle,hist_gbdt,categorical_covariate_shift,0.2,skipped,shift not applicable: dataset has no categorical features
problem,,,,,,,vehicle,hist_gbdt,categorical_covariate_shift,0.3,skipped,shift not applicable: dataset has no categorical features
problem,,,,,,,vehicle,hist_gbdt,categorical_covariate_shift,0.4,skipped,shift not applicable: dataset has no categorical features
problem,,,,,,,vehicle,logreg,categorical_covariate_shift,0.0,skipped,shift not applicable: dataset has no categorical features
problem,,,,,,,vehicle,logreg,categorical_covariate_shift,0.05,skipped,shift not applicable: dataset has no categorical features
problem,,,,,,,vehicle,logreg,categorical_covariate_shift,0.1,skipped,shift not applicable: dataset has no categorical features
problem,,,,,,,vehicle,logreg,categorical_covariate_shift,0.2,skipped,shift not applicable: dataset has no categorical features
problem,,,,,,,vehicle,logreg,categorical_covariate_shift,0.3,skipped,shift not applicable: dataset has no categorical features
problem,,,,,,,vehicle,logreg,categorical_covariate_shift,0.4,skipped,shift not applicable: dataset has no categorical features
problem,,,,,,,vehicle,tabicl,categorical_covariate_shift,0.0,skipped,shift not applicable: dataset has no categorical features
problem,,,,,,,vehicle,tabicl,categorical_covariate_shift,0.05,skipped,shift not applicable: dataset has no categorical features
problem,,,,,,,vehicle,tabicl,categorical_covariate_shift,0.1,skipped,shift not applicable: dataset has no categorical features
problem,,,,,,,vehicle,tabicl,categorical_covariate_shift,0.2,skipped,shift not applicable: dataset has no categorical features
problem,,,,,,,vehicle,tabicl,categorical_covariate_shift,0.3,skipped,shift not applicable: dataset has no categorical features
problem,,,,,,,vehicle,tabicl,categorical_covariate_shift,0.4,skipped,shift not applicable: dataset has no categorical features
problem,,,,,,,vehicle,tabpfn,categorical_covariate_shift,0.0,skipped,shift not applicable: dataset has no categorical features
problem,,,,,,,vehicle,tabpfn,categorical_covariate_shift,0.05,skipped,shift not applicable: dataset has no categorical features
problem,,,,,,,vehicle,tabpfn,categorical_covariate_shift,0.1,skipped,shift not applicable: dataset has no categorical features
problem,,,,,,,vehicle,tabpfn,categorical_covariate_shift,0.2,skipped,shift not applicable: dataset has no categorical features
problem,,,,,,,vehicle,tabpfn,categorical_covariate_shift,0.3,skipped,shift not applicable: dataset has no categorical features
problem,,,,,,,vehicle,tabpfn,categorical_covariate_shift,0.4,skipped,shift not applicable: dataset has no categorical features
problem,,,,,,,vehicle,xgboost,categorical_covariate_shift,0.0,skipped,shift not applicable: dataset has no categorical features
problem,,,,,,,vehicle,xgboost,categorical_covariate_shift,0.05,skipped,shift not applicable: dataset has no categorical features
problem,,,,,,,vehicle,xgboost,categorical_covariate_shift,0.1,skipped,shift not applicable: dataset has no categorical features
problem,,,,,,,vehicle,xgboost,categorical_covariate_shift,0.2,skipped,shift not applicable: dataset has no categorical features
problem,,,,,,,vehicle,xgboost,categorical_covariate_shift,0.3,skipped,shift not applicable: dataset has no categorical features
problem,,,,,,,vehicle,xgboost,categorical_covariate_shift,0.4,skipped,shift not applicable: dataset has no categorical features
problem,,,,,,,wall-robot-navigation,catboost,categorical_covariate_shift,0.0,skipped,shift not applicable: dataset has no categorical features
problem,,,,,,,wall-robot-navigation,catboost,categorical_covariate_shift,0.05,skipped,shift not applicable: dataset has no categorical features
problem,,,,,,,wall-robot-navigation,catboost,categorical_covariate_shift,0.1,skipped,shift not applicable: dataset has no categorical features
problem,,,,,,,wall-robot-navigation,catboost,categorical_covariate_shift,0.2,skipped,shift not applicable: dataset has no categorical features
problem,,,,,,,wall-robot-navigation,catboost,categorical_covariate_shift,0.3,skipped,shift not applicable: dataset has no categorical features
problem,,,,,,,wall-robot-navigation,catboost,categorical_covariate_shift,0.4,skipped,shift not applicable: dataset has no categorical features
problem,,,,,,,wall-robot-navigation,hist_gbdt,categorical_covariate_shift,0.0,skipped,shift not applicable: dataset has no categorical features
problem,,,,,,,wall-robot-navigation,hist_gbdt,categorical_covariate_shift,0.05,skipped,shift not applicable: dataset has no categorical features
problem,,,,,,,wall-robot-navigation,hist_gbdt,categorical_covariate_shift,0.1,skipped,shift not applicable: dataset has no categorical features
problem,,,,,,,wall-robot-navigation,hist_gbdt,categorical_covariate_shift,0.2,skipped,shift not applicable: dataset has no categorical features
problem,,,,,,,wall-robot-navigation,hist_gbdt,categorical_covariate_shift,0.3,skipped,shift not applicable: dataset has no categorical features
problem,,,,,,,wall-robot-navigation,hist_gbdt,categorical_covariate_shift,0.4,skipped,shift not applicable: dataset has no categorical features
problem,,,,,,,wall-robot-navigation,logreg,categorical_covariate_shift,0.0,skipped,shift not applicable: dataset has no categorical features
problem,,,,,,,wall-robot-navigation,logreg,categorical_covariate_shift,0.05,skipped,shift not applicable: dataset has no categorical features
problem,,,,,,,wall-robot-navigation,logreg,categorical_covariate_shift,0.1,skipped,shift not applicable: dataset has no categorical features
problem,,,,,,,wall-robot-navigation,logreg,categorical_covariate_shift,0.2,skipped,shift not applicable: dataset has no categorical features
problem,,,,,,,wall-robot-navigation,logreg,categorical_covariate_shift,0.3,skipped,shift not applicable: dataset has no categorical features
problem,,,,,,,wall-robot-navigation,logreg,categorical_covariate_shift,0.4,skipped,shift not applicable: dataset has no categorical features
problem,,,,,,,wall-robot-navigation,tabicl,categorical_covariate_shift,0.0,skipped,shift not applicable: dataset has no categorical features
problem,,,,,,,wall-robot-navigation,tabicl,categorical_covariate_shift,0.05,skipped,shift not applicable: dataset has no categorical features
problem,,,,,,,wall-robot-navigation,tabicl,categorical_covariate_shift,0.1,skipped,shift not applicable: dataset has no categorical features
problem,,,,,,,wall-robot-navigation,tabicl,categorical_covariate_shift,0.2,skipped,shift not applicable: dataset has no categorical features
problem,,,,,,,wall-robot-navigation,tabicl,categorical_covariate_shift,0.3,skipped,shift not applicable: dataset has no categorical features
problem,,,,,,,wall-robot-navigation,tabicl,categorical_covariate_shift,0.4,skipped,shift not applicable: dataset has no categorical features
problem,,,,,,,wall-robot-navigation,tabpfn,categorical_covariate_shift,0.0,skipped,shift not applicable: dataset has no categorical features
problem,,,,,,,wall-robot-navigation,tabpfn,categorical_covariate_shift,0.05,skipped,shift not applicable: dataset has no categorical features
problem,,,,,,,wall-robot-navigation,tabpfn,categorical_covariate_shift,0.1,skipped,shift not applicable: dataset has no categorical features
problem,,,,,,,wall-robot-navigation,tabpfn,categorical_covariate_shift,0.2,skipped,shift not applicable: dataset has no categorical features
problem,,,,,,,wall-robot-navigation,tabpfn,categorical_covariate_shift,0.3,skipped,shift not applicable: dataset has no categorical features
problem,,,,,,,wall-robot-navigation,tabpfn,categorical_covariate_shift,0.4,skipped,shift not applicable: dataset has no categorical features
problem,,,,,,,wall-robot-navigation,xgboost,categorical_covariate_shift,0.0,skipped,shift not applicable: dataset has no categorical features
problem,,,,,,,wall-robot-navigation,xgboost,categorical_covariate_shift,0.05,skipped,shift not applicable: dataset has no categorical features
problem,,,,,,,wall-robot-navigation,xgboost,categorical_covariate_shift,0.1,skipped,shift not applicable: dataset has no categorical features
problem,,,,,,,wall-robot-navigation,xgboost,categorical_covariate_shift,0.2,skipped,shift not applicable: dataset has no categorical features
problem,,,,,,,wall-robot-navigation,xgboost,categorical_covariate_shift,0.3,skipped,shift not applicable: dataset has no categorical features
problem,,,,,,,wall-robot-navigation,xgboost,categorical_covariate_shift,0.4,skipped,shift not applicable: dataset has no categorical features
problem,,,,,,,wdbc,catboost,categorical_covariate_shift,0.0,skipped,shift not applicable: dataset has no categorical features
problem,,,,,,,wdbc,catboost,categorical_covariate_shift,0.05,skipped,shift not applicable: dataset has no categorical features
problem,,,,,,,wdbc,catboost,categorical_covariate_shift,0.1,skipped,shift not applicable: dataset has no categorical features
problem,,,,,,,wdbc,catboost,categorical_covariate_shift,0.2,skipped,shift not applicable: dataset has no categorical features
problem,,,,,,,wdbc,catboost,categorical_covariate_shift,0.3,skipped,shift not applicable: dataset has no categorical features
problem,,,,,,,wdbc,catboost,categorical_covariate_shift,0.4,skipped,shift not applicable: dataset has no categorical features
problem,,,,,,,wdbc,hist_gbdt,categorical_covariate_shift,0.0,skipped,shift not applicable: dataset has no categorical features
problem,,,,,,,wdbc,hist_gbdt,categorical_covariate_shift,0.05,skipped,shift not applicable: dataset has no categorical features
problem,,,,,,,wdbc,hist_gbdt,categorical_covariate_shift,0.1,skipped,shift not applicable: dataset has no categorical features
problem,,,,,,,wdbc,hist_gbdt,categorical_covariate_shift,0.2,skipped,shift not applicable: dataset has no categorical features
problem,,,,,,,wdbc,hist_gbdt,categorical_covariate_shift,0.3,skipped,shift not applicable: dataset has no categorical features
problem,,,,,,,wdbc,hist_gbdt,categorical_covariate_shift,0.4,skipped,shift not applicable: dataset has no categorical features
problem,,,,,,,wdbc,logreg,categorical_covariate_shift,0.0,skipped,shift not applicable: dataset has no categorical features
problem,,,,,,,wdbc,logreg,categorical_covariate_shift,0.05,skipped,shift not applicable: dataset has no categorical features
problem,,,,,,,wdbc,logreg,categorical_covariate_shift,0.1,skipped,shift not applicable: dataset has no categorical features
problem,,,,,,,wdbc,logreg,categorical_covariate_shift,0.2,skipped,shift not applicable: dataset has no categorical features
problem,,,,,,,wdbc,logreg,categorical_covariate_shift,0.3,skipped,shift not applicable: dataset has no categorical features
problem,,,,,,,wdbc,logreg,categorical_covariate_shift,0.4,skipped,shift not applicable: dataset has no categorical features
problem,,,,,,,wdbc,tabicl,categorical_covariate_shift,0.0,skipped,shift not applicable: dataset has no categorical features
problem,,,,,,,wdbc,tabicl,categorical_covariate_shift,0.05,skipped,shift not applicable: dataset has no categorical features
problem,,,,,,,wdbc,tabicl,categorical_covariate_shift,0.1,skipped,shift not applicable: dataset has no categorical features
problem,,,,,,,wdbc,tabicl,categorical_covariate_shift,0.2,skipped,shift not applicable: dataset has no categorical features
problem,,,,,,,wdbc,tabicl,categorical_covariate_shift,0.3,skipped,shift not applicable: dataset has no categorical features
problem,,,,,,,wdbc,tabicl,categorical_covariate_shift,0.4,skipped,shift not applicable: dataset has no categorical features
problem,,,,,,,wdbc,tabpfn,categorical_covariate_shift,0.0,skipped,shift not applicable: dataset has no categorical features
problem,,,,,,,wdbc,tabpfn,categorical_covariate_shift,0.05,skipped,shift not applicable: dataset has no categorical features
problem,,,,,,,wdbc,tabpfn,categorical_covariate_shift,0.1,skipped,shift not applicable: dataset has no categorical features
problem,,,,,,,wdbc,tabpfn,categorical_covariate_shift,0.2,skipped,shift not applicable: dataset has no categorical features
problem,,,,,,,wdbc,tabpfn,categorical_covariate_shift,0.3,skipped,shift not applicable: dataset has no categorical features
problem,,,,,,,wdbc,tabpfn,categorical_covariate_shift,0.4,skipped,shift not applicable: dataset has no categorical features
problem,,,,,,,wdbc,xgboost,categorical_covariate_shift,0.0,skipped,shift not applicable: dataset has no categorical features
problem,,,,,,,wdbc,xgboost,categorical_covariate_shift,0.05,skipped,shift not applicable: dataset has no categorical features
problem,,,,,,,wdbc,xgboost,categorical_covariate_shift,0.1,skipped,shift not applicable: dataset has no categorical features
problem,,,,,,,wdbc,xgboost,categorical_covariate_shift,0.2,skipped,shift not applicable: dataset has no categorical features
problem,,,,,,,wdbc,xgboost,categorical_covariate_shift,0.3,skipped,shift not applicable: dataset has no categorical features
problem,,,,,,,wdbc,xgboost,categorical_covariate_shift,0.4,skipped,shift not applicable: dataset has no categorical features
problem,,,,,,,GesturePhaseSegmentation,catboost,categorical_covariate_shift,0.0,skipped,shift not applicable: dataset has no categorical features
problem,,,,,,,GesturePhaseSegmentation,catboost,categorical_covariate_shift,0.05,skipped,shift not applicable: dataset has no categorical features
problem,,,,,,,GesturePhaseSegmentation,catboost,categorical_covariate_shift,0.1,skipped,shift not applicable: dataset has no categorical features
problem,,,,,,,GesturePhaseSegmentation,catboost,categorical_covariate_shift,0.2,skipped,shift not applicable: dataset has no categorical features
problem,,,,,,,GesturePhaseSegmentation,catboost,categorical_covariate_shift,0.3,skipped,shift not applicable: dataset has no categorical features
problem,,,,,,,GesturePhaseSegmentation,catboost,categorical_covariate_shift,0.4,skipped,shift not applicable: dataset has no categorical features
problem,,,,,,,GesturePhaseSegmentation,hist_gbdt,categorical_covariate_shift,0.0,skipped,shift not applicable: dataset has no categorical features
problem,,,,,,,GesturePhaseSegmentation,hist_gbdt,categorical_covariate_shift,0.05,skipped,shift not applicable: dataset has no categorical features
problem,,,,,,,GesturePhaseSegmentation,hist_gbdt,categorical_covariate_shift,0.1,skipped,shift not applicable: dataset has no categorical features
problem,,,,,,,GesturePhaseSegmentation,hist_gbdt,categorical_covariate_shift,0.2,skipped,shift not applicable: dataset has no categorical features
problem,,,,,,,GesturePhaseSegmentation,hist_gbdt,categorical_covariate_shift,0.3,skipped,shift not applicable: dataset has no categorical features
problem,,,,,,,GesturePhaseSegmentation,hist_gbdt,categorical_covariate_shift,0.4,skipped,shift not applicable: dataset has no categorical features
problem,,,,,,,GesturePhaseSegmentation,logreg,categorical_covariate_shift,0.0,skipped,shift not applicable: dataset has no categorical features
problem,,,,,,,GesturePhaseSegmentation,logreg,categorical_covariate_shift,0.05,skipped,shift not applicable: dataset has no categorical features
problem,,,,,,,GesturePhaseSegmentation,logreg,categorical_covariate_shift,0.1,skipped,shift not applicable: dataset has no categorical features
problem,,,,,,,GesturePhaseSegmentation,logreg,categorical_covariate_shift,0.2,skipped,shift not applicable: dataset has no categorical features
problem,,,,,,,GesturePhaseSegmentation,logreg,categorical_covariate_shift,0.3,skipped,shift not applicable: dataset has no categorical features
problem,,,,,,,GesturePhaseSegmentation,logreg,categorical_covariate_shift,0.4,skipped,shift not applicable: dataset has no categorical features
problem,,,,,,,GesturePhaseSegmentation,tabicl,categorical_covariate_shift,0.0,skipped,shift not applicable: dataset has no categorical features
problem,,,,,,,GesturePhaseSegmentation,tabicl,categorical_covariate_shift,0.05,skipped,shift not applicable: dataset has no categorical features
problem,,,,,,,GesturePhaseSegmentation,tabicl,categorical_covariate_shift,0.1,skipped,shift not applicable: dataset has no categorical features
problem,,,,,,,GesturePhaseSegmentation,tabicl,categorical_covariate_shift,0.2,skipped,shift not applicable: dataset has no categorical features
problem,,,,,,,GesturePhaseSegmentation,tabicl,categorical_covariate_shift,0.3,skipped,shift not applicable: dataset has no categorical features
problem,,,,,,,GesturePhaseSegmentation,tabicl,categorical_covariate_shift,0.4,skipped,shift not applicable: dataset has no categorical features
problem,,,,,,,GesturePhaseSegmentation,tabpfn,categorical_covariate_shift,0.0,skipped,shift not applicable: dataset has no categorical features
problem,,,,,,,GesturePhaseSegmentation,tabpfn,categorical_covariate_shift,0.05,skipped,shift not applicable: dataset has no categorical features
problem,,,,,,,GesturePhaseSegmentation,tabpfn,categorical_covariate_shift,0.1,skipped,shift not applicable: dataset has no categorical features
problem,,,,,,,GesturePhaseSegmentation,tabpfn,categorical_covariate_shift,0.2,skipped,shift not applicable: dataset has no categorical features
problem,,,,,,,GesturePhaseSegmentation,tabpfn,categorical_covariate_shift,0.3,skipped,shift not applicable: dataset has no categorical features
problem,,,,,,,GesturePhaseSegmentation,tabpfn,categorical_covariate_shift,0.4,skipped,shift not applicable: dataset has no categorical features
problem,,,,,,,GesturePhaseSegmentation,xgboost,categorical_covariate_shift,0.0,skipped,shift not applicable: dataset has no categorical features
problem,,,,,,,GesturePhaseSegmentation,xgboost,categorical_covariate_shift,0.05,skipped,shift not applicable: dataset has no categorical features
problem,,,,,,,GesturePhaseSegmentation,xgboost,categorical_covariate_shift,0.1,skipped,shift not applicable: dataset has no categorical features
problem,,,,,,,GesturePhaseSegmentation,xgboost,categorical_covariate_shift,0.2,skipped,shift not applicable: dataset has no categorical features
problem,,,,,,,GesturePhaseSegmentation,xgboost,categorical_covariate_shift,0.3,skipped,shift not applicable: dataset has no categorical features
problem,,,,,,,GesturePhaseSegmentation,xgboost,categorical_covariate_shift,0.4,skipped,shift not applicable: dataset has no categorical features
problem,,,,,,,MiceProtein,catboost,categorical_covariate_shift,0.0,skipped,shift not applicable: dataset has no categorical features
problem,,,,,,,MiceProtein,catboost,categorical_covariate_shift,0.05,skipped,shift not applicable: dataset has no categorical features
problem,,,,,,,MiceProtein,catboost,categorical_covariate_shift,0.1,skipped,shift not applicable: dataset has no categorical features
problem,,,,,,,MiceProtein,catboost,categorical_covariate_shift,0.2,skipped,shift not applicable: dataset has no categorical features
problem,,,,,,,MiceProtein,catboost,categorical_covariate_shift,0.3,skipped,shift not applicable: dataset has no categorical features
problem,,,,,,,MiceProtein,catboost,categorical_covariate_shift,0.4,skipped,shift not applicable: dataset has no categorical features
problem,,,,,,,MiceProtein,hist_gbdt,categorical_covariate_shift,0.0,skipped,shift not applicable: dataset has no categorical features
problem,,,,,,,MiceProtein,hist_gbdt,categorical_covariate_shift,0.05,skipped,shift not applicable: dataset has no categorical features
problem,,,,,,,MiceProtein,hist_gbdt,categorical_covariate_shift,0.1,skipped,shift not applicable: dataset has no categorical features
problem,,,,,,,MiceProtein,hist_gbdt,categorical_covariate_shift,0.2,skipped,shift not applicable: dataset has no categorical features
problem,,,,,,,MiceProtein,hist_gbdt,categorical_covariate_shift,0.3,skipped,shift not applicable: dataset has no categorical features
problem,,,,,,,MiceProtein,hist_gbdt,categorical_covariate_shift,0.4,skipped,shift not applicable: dataset has no categorical features
problem,,,,,,,MiceProtein,logreg,categorical_covariate_shift,0.0,skipped,shift not applicable: dataset has no categorical features
problem,,,,,,,MiceProtein,logreg,categorical_covariate_shift,0.05,skipped,shift not applicable: dataset has no categorical features
problem,,,,,,,MiceProtein,logreg,categorical_covariate_shift,0.1,skipped,shift not applicable: dataset has no categorical features
problem,,,,,,,MiceProtein,logreg,categorical_covariate_shift,0.2,skipped,shift not applicable: dataset has no categorical features
problem,,,,,,,MiceProtein,logreg,categorical_covariate_shift,0.3,skipped,shift not applicable: dataset has no categorical features
problem,,,,,,,MiceProtein,logreg,categorical_covariate_shift,0.4,skipped,shift not applicable: dataset has no categorical features
problem,,,,,,,MiceProtein,tabicl,categorical_covariate_shift,0.0,skipped,shift not applicable: dataset has no categorical features
problem,,,,,,,MiceProtein,tabicl,categorical_covariate_shift,0.05,skipped,shift not applicable: dataset has no categorical features
problem,,,,,,,MiceProtein,tabicl,categorical_covariate_shift,0.1,skipped,shift not applicable: dataset has no categorical features
problem,,,,,,,MiceProtein,tabicl,categorical_covariate_shift,0.2,skipped,shift not applicable: dataset has no categorical features
problem,,,,,,,MiceProtein,tabicl,categorical_covariate_shift,0.3,skipped,shift not applicable: dataset has no categorical features
problem,,,,,,,MiceProtein,tabicl,categorical_covariate_shift,0.4,skipped,shift not applicable: dataset has no categorical features
problem,,,,,,,MiceProtein,tabpfn,categorical_covariate_shift,0.0,skipped,shift not applicable: dataset has no categorical features
problem,,,,,,,MiceProtein,tabpfn,categorical_covariate_shift,0.05,skipped,shift not applicable: dataset has no categorical features
problem,,,,,,,MiceProtein,tabpfn,categorical_covariate_shift,0.1,skipped,shift not applicable: dataset has no categorical features
problem,,,,,,,MiceProtein,tabpfn,categorical_covariate_shift,0.2,skipped,shift not applicable: dataset has no categorical features
problem,,,,,,,MiceProtein,tabpfn,categorical_covariate_shift,0.3,skipped,shift not applicable: dataset has no categorical features
problem,,,,,,,MiceProtein,tabpfn,categorical_covariate_shift,0.4,skipped,shift not applicable: dataset has no categorical features
problem,,,,,,,MiceProtein,xgboost,categorical_covariate_shift,0.0,skipped,shift not applicable: dataset has no categorical features
problem,,,,,,,MiceProtein,xgboost,categorical_covariate_shift,0.05,skipped,shift not applicable: dataset has no categorical features
problem,,,,,,,MiceProtein,xgboost,categorical_covariate_shift,0.1,skipped,shift not applicable: dataset has no categorical features
problem,,,,,,,MiceProtein,xgboost,categorical_covariate_shift,0.2,skipped,shift not applicable: dataset has no categorical features
problem,,,,,,,MiceProtein,xgboost,categorical_covariate_shift,0.3,skipped,shift not applicable: dataset has no categorical features
problem,,,,,,,MiceProtein,xgboost,categorical_covariate_shift,0.4,skipped,shift not applicable: dataset has no categorical features
problem,,,,,,,analcatdata_authorship,catboost,categorical_covariate_shift,0.0,skipped,shift not applicable: dataset has no categorical features
problem,,,,,,,analcatdata_authorship,catboost,categorical_covariate_shift,0.05,skipped,shift not applicable: dataset has no categorical features
problem,,,,,,,analcatdata_authorship,catboost,categorical_covariate_shift,0.1,skipped,shift not applicable: dataset has no categorical features
problem,,,,,,,analcatdata_authorship,catboost,categorical_covariate_shift,0.2,skipped,shift not applicable: dataset has no categorical features
problem,,,,,,,analcatdata_authorship,catboost,categorical_covariate_shift,0.3,skipped,shift not applicable: dataset has no categorical features
problem,,,,,,,analcatdata_authorship,catboost,categorical_covariate_shift,0.4,skipped,shift not applicable: dataset has no categorical features
problem,,,,,,,analcatdata_authorship,hist_gbdt,categorical_covariate_shift,0.0,skipped,shift not applicable: dataset has no categorical features
problem,,,,,,,analcatdata_authorship,hist_gbdt,categorical_covariate_shift,0.05,skipped,shift not applicable: dataset has no categorical features
problem,,,,,,,analcatdata_authorship,hist_gbdt,categorical_covariate_shift,0.1,skipped,shift not applicable: dataset has no categorical features
problem,,,,,,,analcatdata_authorship,hist_gbdt,categorical_covariate_shift,0.2,skipped,shift not applicable: dataset has no categorical features
problem,,,,,,,analcatdata_authorship,hist_gbdt,categorical_covariate_shift,0.3,skipped,shift not applicable: dataset has no categorical features
problem,,,,,,,analcatdata_authorship,hist_gbdt,categorical_covariate_shift,0.4,skipped,shift not applicable: dataset has no categorical features
problem,,,,,,,analcatdata_authorship,logreg,categorical_covariate_shift,0.0,skipped,shift not applicable: dataset has no categorical features
problem,,,,,,,analcatdata_authorship,logreg,categorical_covariate_shift,0.05,skipped,shift not applicable: dataset has no categorical features
problem,,,,,,,analcatdata_authorship,logreg,categorical_covariate_shift,0.1,skipped,shift not applicable: dataset has no categorical features
problem,,,,,,,analcatdata_authorship,logreg,categorical_covariate_shift,0.2,skipped,shift not applicable: dataset has no categorical features
problem,,,,,,,analcatdata_authorship,logreg,categorical_covariate_shift,0.3,skipped,shift not applicable: dataset has no categorical features
problem,,,,,,,analcatdata_authorship,logreg,categorical_covariate_shift,0.4,skipped,shift not applicable: dataset has no categorical features
problem,,,,,,,analcatdata_authorship,tabicl,categorical_covariate_shift,0.0,skipped,shift not applicable: dataset has no categorical features
problem,,,,,,,analcatdata_authorship,tabicl,categorical_covariate_shift,0.05,skipped,shift not applicable: dataset has no categorical features
problem,,,,,,,analcatdata_authorship,tabicl,categorical_covariate_shift,0.1,skipped,shift not applicable: dataset has no categorical features
problem,,,,,,,analcatdata_authorship,tabicl,categorical_covariate_shift,0.2,skipped,shift not applicable: dataset has no categorical features
problem,,,,,,,analcatdata_authorship,tabicl,categorical_covariate_shift,0.3,skipped,shift not applicable: dataset has no categorical features
problem,,,,,,,analcatdata_authorship,tabicl,categorical_covariate_shift,0.4,skipped,shift not applicable: dataset has no categorical features
problem,,,,,,,analcatdata_authorship,tabpfn,categorical_covariate_shift,0.0,skipped,shift not applicable: dataset has no categorical features
problem,,,,,,,analcatdata_authorship,tabpfn,categorical_covariate_shift,0.05,skipped,shift not applicable: dataset has no categorical features
problem,,,,,,,analcatdata_authorship,tabpfn,categorical_covariate_shift,0.1,skipped,shift not applicable: dataset has no categorical features
problem,,,,,,,analcatdata_authorship,tabpfn,categorical_covariate_shift,0.2,skipped,shift not applicable: dataset has no categorical features
problem,,,,,,,analcatdata_authorship,tabpfn,categorical_covariate_shift,0.3,skipped,shift not applicable: dataset has no categorical features
problem,,,,,,,analcatdata_authorship,tabpfn,categorical_covariate_shift,0.4,skipped,shift not applicable: dataset has no categorical features
problem,,,,,,,analcatdata_authorship,xgboost,categorical_covariate_shift,0.0,skipped,shift not applicable: dataset has no categorical features
problem,,,,,,,analcatdata_authorship,xgboost,categorical_covariate_shift,0.05,skipped,shift not applicable: dataset has no categorical features
problem,,,,,,,analcatdata_authorship,xgboost,categorical_covariate_shift,0.1,skipped,shift not applicable: dataset has no categorical features
problem,,,,,,,analcatdata_authorship,xgboost,categorical_covariate_shift,0.2,skipped,shift not applicable: dataset has no categorical features
problem,,,,,,,analcatdata_authorship,xgboost,categorical_covariate_shift,0.3,skipped,shift not applicable: dataset has no categorical features
problem,,,,,,,analcatdata_authorship,xgboost,categorical_covariate_shift,0.4,skipped,shift not applicable: dataset has no categorical features
problem,,,,,,,breast-w,catboost,categorical_covariate_shift,0.0,skipped,shift not applicable: dataset has no categorical features
problem,,,,,,,breast-w,catboost,categorical_covariate_shift,0.05,skipped,shift not applicable: dataset has no categorical features
problem,,,,,,,breast-w,catboost,categorical_covariate_shift,0.1,skipped,shift not applicable: dataset has no categorical features
problem,,,,,,,breast-w,catboost,categorical_covariate_shift,0.2,skipped,shift not applicable: dataset has no categorical features
problem,,,,,,,breast-w,catboost,categorical_covariate_shift,0.3,skipped,shift not applicable: dataset has no categorical features
problem,,,,,,,breast-w,catboost,categorical_covariate_shift,0.4,skipped,shift not applicable: dataset has no categorical features
problem,,,,,,,breast-w,hist_gbdt,categorical_covariate_shift,0.0,skipped,shift not applicable: dataset has no categorical features
problem,,,,,,,breast-w,hist_gbdt,categorical_covariate_shift,0.05,skipped,shift not applicable: dataset has no categorical features
problem,,,,,,,breast-w,hist_gbdt,categorical_covariate_shift,0.1,skipped,shift not applicable: dataset has no categorical features
problem,,,,,,,breast-w,hist_gbdt,categorical_covariate_shift,0.2,skipped,shift not applicable: dataset has no categorical features
problem,,,,,,,breast-w,hist_gbdt,categorical_covariate_shift,0.3,skipped,shift not applicable: dataset has no categorical features
problem,,,,,,,breast-w,hist_gbdt,categorical_covariate_shift,0.4,skipped,shift not applicable: dataset has no categorical features
problem,,,,,,,breast-w,logreg,categorical_covariate_shift,0.0,skipped,shift not applicable: dataset has no categorical features
problem,,,,,,,breast-w,logreg,categorical_covariate_shift,0.05,skipped,shift not applicable: dataset has no categorical features
problem,,,,,,,breast-w,logreg,categorical_covariate_shift,0.1,skipped,shift not applicable: dataset has no categorical features
problem,,,,,,,breast-w,logreg,categorical_covariate_shift,0.2,skipped,shift not applicable: dataset has no categorical features
problem,,,,,,,breast-w,logreg,categorical_covariate_shift,0.3,skipped,shift not applicable: dataset has no categorical features
problem,,,,,,,breast-w,logreg,categorical_covariate_shift,0.4,skipped,shift not applicable: dataset has no categorical features
problem,,,,,,,breast-w,tabicl,categorical_covariate_shift,0.0,skipped,shift not applicable: dataset has no categorical features
problem,,,,,,,breast-w,tabicl,categorical_covariate_shift,0.05,skipped,shift not applicable: dataset has no categorical features
problem,,,,,,,breast-w,tabicl,categorical_covariate_shift,0.1,skipped,shift not applicable: dataset has no categorical features
problem,,,,,,,breast-w,tabicl,categorical_covariate_shift,0.2,skipped,shift not applicable: dataset has no categorical features
problem,,,,,,,breast-w,tabicl,categorical_covariate_shift,0.3,skipped,shift not applicable: dataset has no categorical features
problem,,,,,,,breast-w,tabicl,categorical_covariate_shift,0.4,skipped,shift not applicable: dataset has no categorical features
problem,,,,,,,breast-w,tabpfn,categorical_covariate_shift,0.0,skipped,shift not applicable: dataset has no categorical features
problem,,,,,,,breast-w,tabpfn,categorical_covariate_shift,0.05,skipped,shift not applicable: dataset has no categorical features
problem,,,,,,,breast-w,tabpfn,categorical_covariate_shift,0.1,skipped,shift not applicable: dataset has no categorical features
problem,,,,,,,breast-w,tabpfn,categorical_covariate_shift,0.2,skipped,shift not applicable: dataset has no categorical features
problem,,,,,,,breast-w,tabpfn,categorical_covariate_shift,0.3,skipped,shift not applicable: dataset has no categorical features
problem,,,,,,,breast-w,tabpfn,categorical_covariate_shift,0.4,skipped,shift not applicable: dataset has no categorical features
problem,,,,,,,breast-w,xgboost,categorical_covariate_shift,0.0,skipped,shift not applicable: dataset has no categorical features
problem,,,,,,,breast-w,xgboost,categorical_covariate_shift,0.05,skipped,shift not applicable: dataset has no categorical features
problem,,,,,,,breast-w,xgboost,categorical_covariate_shift,0.1,skipped,shift not applicable: dataset has no categorical features
problem,,,,,,,breast-w,xgboost,categorical_covariate_shift,0.2,skipped,shift not applicable: dataset has no categorical features
problem,,,,,,,breast-w,xgboost,categorical_covariate_shift,0.3,skipped,shift not applicable: dataset has no categorical features
problem,,,,,,,breast-w,xgboost,categorical_covariate_shift,0.4,skipped,shift not applicable: dataset has no categorical features
problem,,,,,,,climate-model-simulation-crashes,catboost,categorical_covariate_shift,0.0,skipped,shift not applicable: dataset has no categorical features
problem,,,,,,,climate-model-simulation-crashes,catboost,categorical_covariate_shift,0.05,skipped,shift not applicable: dataset has no categorical features
problem,,,,,,,climate-model-simulation-crashes,catboost,categorical_covariate_shift,0.1,skipped,shift not applicable: dataset has no categorical features
problem,,,,,,,climate-model-simulation-crashes,catboost,categorical_covariate_shift,0.2,skipped,shift not applicable: dataset has no categorical features
problem,,,,,,,climate-model-simulation-crashes,catboost,categorical_covariate_shift,0.3,skipped,shift not applicable: dataset has no categorical features
problem,,,,,,,climate-model-simulation-crashes,catboost,categorical_covariate_shift,0.4,skipped,shift not applicable: dataset has no categorical features
problem,,,,,,,climate-model-simulation-crashes,hist_gbdt,categorical_covariate_shift,0.0,skipped,shift not applicable: dataset has no categorical features
problem,,,,,,,climate-model-simulation-crashes,hist_gbdt,categorical_covariate_shift,0.05,skipped,shift not applicable: dataset has no categorical features
problem,,,,,,,climate-model-simulation-crashes,hist_gbdt,categorical_covariate_shift,0.1,skipped,shift not applicable: dataset has no categorical features
problem,,,,,,,climate-model-simulation-crashes,hist_gbdt,categorical_covariate_shift,0.2,skipped,shift not applicable: dataset has no categorical features
problem,,,,,,,climate-model-simulation-crashes,hist_gbdt,categorical_covariate_shift,0.3,skipped,shift not applicable: dataset has no categorical features
problem,,,,,,,climate-model-simulation-crashes,hist_gbdt,categorical_covariate_shift,0.4,skipped,shift not applicable: dataset has no categorical features
problem,,,,,,,climate-model-simulation-crashes,logreg,categorical_covariate_shift,0.0,skipped,shift not applicable: dataset has no categorical features
problem,,,,,,,climate-model-simulation-crashes,logreg,categorical_covariate_shift,0.05,skipped,shift not applicable: dataset has no categorical features
problem,,,,,,,climate-model-simulation-crashes,logreg,categorical_covariate_shift,0.1,skipped,shift not applicable: dataset has no categorical features
problem,,,,,,,climate-model-simulation-crashes,logreg,categorical_covariate_shift,0.2,skipped,shift not applicable: dataset has no categorical features
problem,,,,,,,climate-model-simulation-crashes,logreg,categorical_covariate_shift,0.3,skipped,shift not applicable: dataset has no categorical features
problem,,,,,,,climate-model-simulation-crashes,logreg,categorical_covariate_shift,0.4,skipped,shift not applicable: dataset has no categorical features
problem,,,,,,,climate-model-simulation-crashes,tabicl,categorical_covariate_shift,0.0,skipped,shift not applicable: dataset has no categorical features
problem,,,,,,,climate-model-simulation-crashes,tabicl,categorical_covariate_shift,0.05,skipped,shift not applicable: dataset has no categorical features
problem,,,,,,,climate-model-simulation-crashes,tabicl,categorical_covariate_shift,0.1,skipped,shift not applicable: dataset has no categorical features
problem,,,,,,,climate-model-simulation-crashes,tabicl,categorical_covariate_shift,0.2,skipped,shift not applicable: dataset has no categorical features
problem,,,,,,,climate-model-simulation-crashes,tabicl,categorical_covariate_shift,0.3,skipped,shift not applicable: dataset has no categorical features
problem,,,,,,,climate-model-simulation-crashes,tabicl,categorical_covariate_shift,0.4,skipped,shift not applicable: dataset has no categorical features
problem,,,,,,,climate-model-simulation-crashes,tabpfn,categorical_covariate_shift,0.0,skipped,shift not applicable: dataset has no categorical features
problem,,,,,,,climate-model-simulation-crashes,tabpfn,categorical_covariate_shift,0.05,skipped,shift not applicable: dataset has no categorical features
problem,,,,,,,climate-model-simulation-crashes,tabpfn,categorical_covariate_shift,0.1,skipped,shift not applicable: dataset has no categorical features
problem,,,,,,,climate-model-simulation-crashes,tabpfn,categorical_covariate_shift,0.2,skipped,shift not applicable: dataset has no categorical features
problem,,,,,,,climate-model-simulation-crashes,tabpfn,categorical_covariate_shift,0.3,skipped,shift not applicable: dataset has no categorical features
problem,,,,,,,climate-model-simulation-crashes,tabpfn,categorical_covariate_shift,0.4,skipped,shift not applicable: dataset has no categorical features
problem,,,,,,,climate-model-simulation-crashes,xgboost,categorical_covariate_shift,0.0,skipped,shift not applicable: dataset has no categorical features
problem,,,,,,,climate-model-simulation-crashes,xgboost,categorical_covariate_shift,0.05,skipped,shift not applicable: dataset has no categorical features
problem,,,,,,,climate-model-simulation-crashes,xgboost,categorical_covariate_shift,0.1,skipped,shift not applicable: dataset has no categorical features
problem,,,,,,,climate-model-simulation-crashes,xgboost,categorical_covariate_shift,0.2,skipped,shift not applicable: dataset has no categorical features
problem,,,,,,,climate-model-simulation-crashes,xgboost,categorical_covariate_shift,0.3,skipped,shift not applicable: dataset has no categorical features
problem,,,,,,,climate-model-simulation-crashes,xgboost,categorical_covariate_shift,0.4,skipped,shift not applicable: dataset has no categorical features
problem,,,,,,,cnae-9,catboost,categorical_covariate_shift,0.0,skipped,shift not applicable: dataset has no categorical features
problem,,,,,,,cnae-9,catboost,categorical_covariate_shift,0.05,skipped,shift not applicable: dataset has no categorical features
problem,,,,,,,cnae-9,catboost,categorical_covariate_shift,0.1,skipped,shift not applicable: dataset has no categorical features
problem,,,,,,,cnae-9,catboost,categorical_covariate_shift,0.2,skipped,shift not applicable: dataset has no categorical features
problem,,,,,,,cnae-9,catboost,categorical_covariate_shift,0.3,skipped,shift not applicable: dataset has no categorical features
problem,,,,,,,cnae-9,catboost,categorical_covariate_shift,0.4,skipped,shift not applicable: dataset has no categorical features
problem,,,,,,,cnae-9,hist_gbdt,categorical_covariate_shift,0.0,skipped,shift not applicable: dataset has no categorical features
problem,,,,,,,cnae-9,hist_gbdt,categorical_covariate_shift,0.05,skipped,shift not applicable: dataset has no categorical features
problem,,,,,,,cnae-9,hist_gbdt,categorical_covariate_shift,0.1,skipped,shift not applicable: dataset has no categorical features
problem,,,,,,,cnae-9,hist_gbdt,categorical_covariate_shift,0.2,skipped,shift not applicable: dataset has no categorical features
problem,,,,,,,cnae-9,hist_gbdt,categorical_covariate_shift,0.3,skipped,shift not applicable: dataset has no categorical features
problem,,,,,,,cnae-9,hist_gbdt,categorical_covariate_shift,0.4,skipped,shift not applicable: dataset has no categorical features
problem,,,,,,,cnae-9,logreg,categorical_covariate_shift,0.0,skipped,shift not applicable: dataset has no categorical features
problem,,,,,,,cnae-9,logreg,categorical_covariate_shift,0.05,skipped,shift not applicable: dataset has no categorical features
problem,,,,,,,cnae-9,logreg,categorical_covariate_shift,0.1,skipped,shift not applicable: dataset has no categorical features
problem,,,,,,,cnae-9,logreg,categorical_covariate_shift,0.2,skipped,shift not applicable: dataset has no categorical features
problem,,,,,,,cnae-9,logreg,categorical_covariate_shift,0.3,skipped,shift not applicable: dataset has no categorical features
problem,,,,,,,cnae-9,logreg,categorical_covariate_shift,0.4,skipped,shift not applicable: dataset has no categorical features
problem,,,,,,,cnae-9,tabicl,categorical_covariate_shift,0.0,skipped,shift not applicable: dataset has no categorical features
problem,,,,,,,cnae-9,tabicl,categorical_covariate_shift,0.05,skipped,shift not applicable: dataset has no categorical features
problem,,,,,,,cnae-9,tabicl,categorical_covariate_shift,0.1,skipped,shift not applicable: dataset has no categorical features
problem,,,,,,,cnae-9,tabicl,categorical_covariate_shift,0.2,skipped,shift not applicable: dataset has no categorical features
problem,,,,,,,cnae-9,tabicl,categorical_covariate_shift,0.3,skipped,shift not applicable: dataset has no categorical features
problem,,,,,,,cnae-9,tabicl,categorical_covariate_shift,0.4,skipped,shift not applicable: dataset has no categorical features
problem,,,,,,,cnae-9,tabpfn,categorical_covariate_shift,0.0,skipped,shift not applicable: dataset has no categorical features
problem,,,,,,,cnae-9,tabpfn,categorical_covariate_shift,0.05,skipped,shift not applicable: dataset has no categorical features
problem,,,,,,,cnae-9,tabpfn,categorical_covariate_shift,0.1,skipped,shift not applicable: dataset has no categorical features
problem,,,,,,,cnae-9,tabpfn,categorical_covariate_shift,0.2,skipped,shift not applicable: dataset has no categorical features
problem,,,,,,,cnae-9,tabpfn,categorical_covariate_shift,0.3,skipped,shift not applicable: dataset has no categorical features
problem,,,,,,,cnae-9,tabpfn,categorical_covariate_shift,0.4,skipped,shift not applicable: dataset has no categorical features
problem,,,,,,,cnae-9,xgboost,categorical_covariate_shift,0.0,skipped,shift not applicable: dataset has no categorical features
problem,,,,,,,cnae-9,xgboost,categorical_covariate_shift,0.05,skipped,shift not applicable: dataset has no categorical features
problem,,,,,,,cnae-9,xgboost,categorical_covariate_shift,0.1,skipped,shift not applicable: dataset has no categorical features
problem,,,,,,,cnae-9,xgboost,categorical_covariate_shift,0.2,skipped,shift not applicable: dataset has no categorical features
problem,,,,,,,cnae-9,xgboost,categorical_covariate_shift,0.3,skipped,shift not applicable: dataset has no categorical features
problem,,,,,,,cnae-9,xgboost,categorical_covariate_shift,0.4,skipped,shift not applicable: dataset has no categorical features
problem,,,,,,,diabetes,catboost,categorical_covariate_shift,0.0,skipped,shift not applicable: dataset has no categorical features
problem,,,,,,,diabetes,catboost,categorical_covariate_shift,0.05,skipped,shift not applicable: dataset has no categorical features
problem,,,,,,,diabetes,catboost,categorical_covariate_shift,0.1,skipped,shift not applicable: dataset has no categorical features
problem,,,,,,,diabetes,catboost,categorical_covariate_shift,0.2,skipped,shift not applicable: dataset has no categorical features
problem,,,,,,,diabetes,catboost,categorical_covariate_shift,0.3,skipped,shift not applicable: dataset has no categorical features
problem,,,,,,,diabetes,catboost,categorical_covariate_shift,0.4,skipped,shift not applicable: dataset has no categorical features
problem,,,,,,,diabetes,hist_gbdt,categorical_covariate_shift,0.0,skipped,shift not applicable: dataset has no categorical features
problem,,,,,,,diabetes,hist_gbdt,categorical_covariate_shift,0.05,skipped,shift not applicable: dataset has no categorical features
problem,,,,,,,diabetes,hist_gbdt,categorical_covariate_shift,0.1,skipped,shift not applicable: dataset has no categorical features
problem,,,,,,,diabetes,hist_gbdt,categorical_covariate_shift,0.2,skipped,shift not applicable: dataset has no categorical features
problem,,,,,,,diabetes,hist_gbdt,categorical_covariate_shift,0.3,skipped,shift not applicable: dataset has no categorical features
problem,,,,,,,diabetes,hist_gbdt,categorical_covariate_shift,0.4,skipped,shift not applicable: dataset has no categorical features
problem,,,,,,,diabetes,logreg,categorical_covariate_shift,0.0,skipped,shift not applicable: dataset has no categorical features
problem,,,,,,,diabetes,logreg,categorical_covariate_shift,0.05,skipped,shift not applicable: dataset has no categorical features
problem,,,,,,,diabetes,logreg,categorical_covariate_shift,0.1,skipped,shift not applicable: dataset has no categorical features
problem,,,,,,,diabetes,logreg,categorical_covariate_shift,0.2,skipped,shift not applicable: dataset has no categorical features
problem,,,,,,,diabetes,logreg,categorical_covariate_shift,0.3,skipped,shift not applicable: dataset has no categorical features
problem,,,,,,,diabetes,logreg,categorical_covariate_shift,0.4,skipped,shift not applicable: dataset has no categorical features
problem,,,,,,,diabetes,tabicl,categorical_covariate_shift,0.0,skipped,shift not applicable: dataset has no categorical features
problem,,,,,,,diabetes,tabicl,categorical_covariate_shift,0.05,skipped,shift not applicable: dataset has no categorical features
problem,,,,,,,diabetes,tabicl,categorical_covariate_shift,0.1,skipped,shift not applicable: dataset has no categorical features
problem,,,,,,,diabetes,tabicl,categorical_covariate_shift,0.2,skipped,shift not applicable: dataset has no categorical features
problem,,,,,,,diabetes,tabicl,categorical_covariate_shift,0.3,skipped,shift not applicable: dataset has no categorical features
problem,,,,,,,diabetes,tabicl,categorical_covariate_shift,0.4,skipped,shift not applicable: dataset has no categorical features
problem,,,,,,,diabetes,tabpfn,categorical_covariate_shift,0.0,skipped,shift not applicable: dataset has no categorical features
problem,,,,,,,diabetes,tabpfn,categorical_covariate_shift,0.05,skipped,shift not applicable: dataset has no categorical features
problem,,,,,,,diabetes,tabpfn,categorical_covariate_shift,0.1,skipped,shift not applicable: dataset has no categorical features
problem,,,,,,,diabetes,tabpfn,categorical_covariate_shift,0.2,skipped,shift not applicable: dataset has no categorical features
problem,,,,,,,diabetes,tabpfn,categorical_covariate_shift,0.3,skipped,shift not applicable: dataset has no categorical features
problem,,,,,,,diabetes,tabpfn,categorical_covariate_shift,0.4,skipped,shift not applicable: dataset has no categorical features
problem,,,,,,,diabetes,xgboost,categorical_covariate_shift,0.0,skipped,shift not applicable: dataset has no categorical features
problem,,,,,,,diabetes,xgboost,categorical_covariate_shift,0.05,skipped,shift not applicable: dataset has no categorical features
problem,,,,,,,diabetes,xgboost,categorical_covariate_shift,0.1,skipped,shift not applicable: dataset has no categorical features
problem,,,,,,,diabetes,xgboost,categorical_covariate_shift,0.2,skipped,shift not applicable: dataset has no categorical features
problem,,,,,,,diabetes,xgboost,categorical_covariate_shift,0.3,skipped,shift not applicable: dataset has no categorical features
problem,,,,,,,diabetes,xgboost,categorical_covariate_shift,0.4,skipped,shift not applicable: dataset has no categorical features
problem,,,,,,,first-order-theorem-proving,catboost,categorical_covariate_shift,0.0,skipped,shift not applicable: dataset has no categorical features
problem,,,,,,,first-order-theorem-proving,catboost,categorical_covariate_shift,0.05,skipped,shift not applicable: dataset has no categorical features
problem,,,,,,,first-order-theorem-proving,catboost,categorical_covariate_shift,0.1,skipped,shift not applicable: dataset has no categorical features
problem,,,,,,,first-order-theorem-proving,catboost,categorical_covariate_shift,0.2,skipped,shift not applicable: dataset has no categorical features
problem,,,,,,,first-order-theorem-proving,catboost,categorical_covariate_shift,0.3,skipped,shift not applicable: dataset has no categorical features
problem,,,,,,,first-order-theorem-proving,catboost,categorical_covariate_shift,0.4,skipped,shift not applicable: dataset has no categorical features
problem,,,,,,,first-order-theorem-proving,hist_gbdt,categorical_covariate_shift,0.0,skipped,shift not applicable: dataset has no categorical features
problem,,,,,,,first-order-theorem-proving,hist_gbdt,categorical_covariate_shift,0.05,skipped,shift not applicable: dataset has no categorical features
problem,,,,,,,first-order-theorem-proving,hist_gbdt,categorical_covariate_shift,0.1,skipped,shift not applicable: dataset has no categorical features
problem,,,,,,,first-order-theorem-proving,hist_gbdt,categorical_covariate_shift,0.2,skipped,shift not applicable: dataset has no categorical features
problem,,,,,,,first-order-theorem-proving,hist_gbdt,categorical_covariate_shift,0.3,skipped,shift not applicable: dataset has no categorical features
problem,,,,,,,first-order-theorem-proving,hist_gbdt,categorical_covariate_shift,0.4,skipped,shift not applicable: dataset has no categorical features
problem,,,,,,,first-order-theorem-proving,logreg,categorical_covariate_shift,0.0,skipped,shift not applicable: dataset has no categorical features
problem,,,,,,,first-order-theorem-proving,logreg,categorical_covariate_shift,0.05,skipped,shift not applicable: dataset has no categorical features
problem,,,,,,,first-order-theorem-proving,logreg,categorical_covariate_shift,0.1,skipped,shift not applicable: dataset has no categorical features
problem,,,,,,,first-order-theorem-proving,logreg,categorical_covariate_shift,0.2,skipped,shift not applicable: dataset has no categorical features
problem,,,,,,,first-order-theorem-proving,logreg,categorical_covariate_shift,0.3,skipped,shift not applicable: dataset has no categorical features
problem,,,,,,,first-order-theorem-proving,logreg,categorical_covariate_shift,0.4,skipped,shift not applicable: dataset has no categorical features
problem,,,,,,,first-order-theorem-proving,tabicl,categorical_covariate_shift,0.0,skipped,shift not applicable: dataset has no categorical features
problem,,,,,,,first-order-theorem-proving,tabicl,categorical_covariate_shift,0.05,skipped,shift not applicable: dataset has no categorical features
problem,,,,,,,first-order-theorem-proving,tabicl,categorical_covariate_shift,0.1,skipped,shift not applicable: dataset has no categorical features
problem,,,,,,,first-order-theorem-proving,tabicl,categorical_covariate_shift,0.2,skipped,shift not applicable: dataset has no categorical features
problem,,,,,,,first-order-theorem-proving,tabicl,categorical_covariate_shift,0.3,skipped,shift not applicable: dataset has no categorical features
problem,,,,,,,first-order-theorem-proving,tabicl,categorical_covariate_shift,0.4,skipped,shift not applicable: dataset has no categorical features
problem,,,,,,,first-order-theorem-proving,tabpfn,categorical_covariate_shift,0.0,skipped,shift not applicable: dataset has no categorical features
problem,,,,,,,first-order-theorem-proving,tabpfn,categorical_covariate_shift,0.05,skipped,shift not applicable: dataset has no categorical features
problem,,,,,,,first-order-theorem-proving,tabpfn,categorical_covariate_shift,0.1,skipped,shift not applicable: dataset has no categorical features
problem,,,,,,,first-order-theorem-proving,tabpfn,categorical_covariate_shift,0.2,skipped,shift not applicable: dataset has no categorical features
problem,,,,,,,first-order-theorem-proving,tabpfn,categorical_covariate_shift,0.3,skipped,shift not applicable: dataset has no categorical features
problem,,,,,,,first-order-theorem-proving,tabpfn,categorical_covariate_shift,0.4,skipped,shift not applicable: dataset has no categorical features
problem,,,,,,,first-order-theorem-proving,xgboost,categorical_covariate_shift,0.0,skipped,shift not applicable: dataset has no categorical features
problem,,,,,,,first-order-theorem-proving,xgboost,categorical_covariate_shift,0.05,skipped,shift not applicable: dataset has no categorical features
problem,,,,,,,first-order-theorem-proving,xgboost,categorical_covariate_shift,0.1,skipped,shift not applicable: dataset has no categorical features
problem,,,,,,,first-order-theorem-proving,xgboost,categorical_covariate_shift,0.2,skipped,shift not applicable: dataset has no categorical features
problem,,,,,,,first-order-theorem-proving,xgboost,categorical_covariate_shift,0.3,skipped,shift not applicable: dataset has no categorical features
problem,,,,,,,first-order-theorem-proving,xgboost,categorical_covariate_shift,0.4,skipped,shift not applicable: dataset has no categorical features
problem,,,,,,,kc1,catboost,categorical_covariate_shift,0.0,skipped,shift not applicable: dataset has no categorical features
problem,,,,,,,kc1,catboost,categorical_covariate_shift,0.05,skipped,shift not applicable: dataset has no categorical features
problem,,,,,,,kc1,catboost,categorical_covariate_shift,0.1,skipped,shift not applicable: dataset has no categorical features
problem,,,,,,,kc1,catboost,categorical_covariate_shift,0.2,skipped,shift not applicable: dataset has no categorical features
problem,,,,,,,kc1,catboost,categorical_covariate_shift,0.3,skipped,shift not applicable: dataset has no categorical features
problem,,,,,,,kc1,catboost,categorical_covariate_shift,0.4,skipped,shift not applicable: dataset has no categorical features
problem,,,,,,,kc1,hist_gbdt,categorical_covariate_shift,0.0,skipped,shift not applicable: dataset has no categorical features
problem,,,,,,,kc1,hist_gbdt,categorical_covariate_shift,0.05,skipped,shift not applicable: dataset has no categorical features
problem,,,,,,,kc1,hist_gbdt,categorical_covariate_shift,0.1,skipped,shift not applicable: dataset has no categorical features
problem,,,,,,,kc1,hist_gbdt,categorical_covariate_shift,0.2,skipped,shift not applicable: dataset has no categorical features
problem,,,,,,,kc1,hist_gbdt,categorical_covariate_shift,0.3,skipped,shift not applicable: dataset has no categorical features
problem,,,,,,,kc1,hist_gbdt,categorical_covariate_shift,0.4,skipped,shift not applicable: dataset has no categorical features
problem,,,,,,,kc1,logreg,categorical_covariate_shift,0.0,skipped,shift not applicable: dataset has no categorical features
problem,,,,,,,kc1,logreg,categorical_covariate_shift,0.05,skipped,shift not applicable: dataset has no categorical features
problem,,,,,,,kc1,logreg,categorical_covariate_shift,0.1,skipped,shift not applicable: dataset has no categorical features
problem,,,,,,,kc1,logreg,categorical_covariate_shift,0.2,skipped,shift not applicable: dataset has no categorical features
problem,,,,,,,kc1,logreg,categorical_covariate_shift,0.3,skipped,shift not applicable: dataset has no categorical features
problem,,,,,,,kc1,logreg,categorical_covariate_shift,0.4,skipped,shift not applicable: dataset has no categorical features
problem,,,,,,,kc1,tabicl,categorical_covariate_shift,0.0,skipped,shift not applicable: dataset has no categorical features
problem,,,,,,,kc1,tabicl,categorical_covariate_shift,0.05,skipped,shift not applicable: dataset has no categorical features
problem,,,,,,,kc1,tabicl,categorical_covariate_shift,0.1,skipped,shift not applicable: dataset has no categorical features
problem,,,,,,,kc1,tabicl,categorical_covariate_shift,0.2,skipped,shift not applicable: dataset has no categorical features
problem,,,,,,,kc1,tabicl,categorical_covariate_shift,0.3,skipped,shift not applicable: dataset has no categorical features
problem,,,,,,,kc1,tabicl,categorical_covariate_shift,0.4,skipped,shift not applicable: dataset has no categorical features
problem,,,,,,,kc1,tabpfn,categorical_covariate_shift,0.0,skipped,shift not applicable: dataset has no categorical features
problem,,,,,,,kc1,tabpfn,categorical_covariate_shift,0.05,skipped,shift not applicable: dataset has no categorical features
problem,,,,,,,kc1,tabpfn,categorical_covariate_shift,0.1,skipped,shift not applicable: dataset has no categorical features
problem,,,,,,,kc1,tabpfn,categorical_covariate_shift,0.2,skipped,shift not applicable: dataset has no categorical features
problem,,,,,,,kc1,tabpfn,categorical_covariate_shift,0.3,skipped,shift not applicable: dataset has no categorical features
problem,,,,,,,kc1,tabpfn,categorical_covariate_shift,0.4,skipped,shift not applicable: dataset has no categorical features
problem,,,,,,,kc1,xgboost,categorical_covariate_shift,0.0,skipped,shift not applicable: dataset has no categorical features
problem,,,,,,,kc1,xgboost,categorical_covariate_shift,0.05,skipped,shift not applicable: dataset has no categorical features
problem,,,,,,,kc1,xgboost,categorical_covariate_shift,0.1,skipped,shift not applicable: dataset has no categorical features
problem,,,,,,,kc1,xgboost,categorical_covariate_shift,0.2,skipped,shift not applicable: dataset has no categorical features
problem,,,,,,,kc1,xgboost,categorical_covariate_shift,0.3,skipped,shift not applicable: dataset has no categorical features
problem,,,,,,,kc1,xgboost,categorical_covariate_shift,0.4,skipped,shift not applicable: dataset has no categorical features
problem,,,,,,,mfeat-factors,catboost,categorical_covariate_shift,0.0,skipped,shift not applicable: dataset has no categorical features
problem,,,,,,,mfeat-factors,catboost,categorical_covariate_shift,0.05,skipped,shift not applicable: dataset has no categorical features
problem,,,,,,,mfeat-factors,catboost,categorical_covariate_shift,0.1,skipped,shift not applicable: dataset has no categorical features
problem,,,,,,,mfeat-factors,catboost,categorical_covariate_shift,0.2,skipped,shift not applicable: dataset has no categorical features
problem,,,,,,,mfeat-factors,catboost,categorical_covariate_shift,0.3,skipped,shift not applicable: dataset has no categorical features
problem,,,,,,,mfeat-factors,catboost,categorical_covariate_shift,0.4,skipped,shift not applicable: dataset has no categorical features
problem,,,,,,,mfeat-factors,hist_gbdt,categorical_covariate_shift,0.0,skipped,shift not applicable: dataset has no categorical features
problem,,,,,,,mfeat-factors,hist_gbdt,categorical_covariate_shift,0.05,skipped,shift not applicable: dataset has no categorical features
problem,,,,,,,mfeat-factors,hist_gbdt,categorical_covariate_shift,0.1,skipped,shift not applicable: dataset has no categorical features
problem,,,,,,,mfeat-factors,hist_gbdt,categorical_covariate_shift,0.2,skipped,shift not applicable: dataset has no categorical features
problem,,,,,,,mfeat-factors,hist_gbdt,categorical_covariate_shift,0.3,skipped,shift not applicable: dataset has no categorical features
problem,,,,,,,mfeat-factors,hist_gbdt,categorical_covariate_shift,0.4,skipped,shift not applicable: dataset has no categorical features
problem,,,,,,,mfeat-factors,logreg,categorical_covariate_shift,0.0,skipped,shift not applicable: dataset has no categorical features
problem,,,,,,,mfeat-factors,logreg,categorical_covariate_shift,0.05,skipped,shift not applicable: dataset has no categorical features
problem,,,,,,,mfeat-factors,logreg,categorical_covariate_shift,0.1,skipped,shift not applicable: dataset has no categorical features
problem,,,,,,,mfeat-factors,logreg,categorical_covariate_shift,0.2,skipped,shift not applicable: dataset has no categorical features
problem,,,,,,,mfeat-factors,logreg,categorical_covariate_shift,0.3,skipped,shift not applicable: dataset has no categorical features
problem,,,,,,,mfeat-factors,logreg,categorical_covariate_shift,0.4,skipped,shift not applicable: dataset has no categorical features
problem,,,,,,,mfeat-factors,tabicl,categorical_covariate_shift,0.0,skipped,shift not applicable: dataset has no categorical features
problem,,,,,,,mfeat-factors,tabicl,categorical_covariate_shift,0.05,skipped,shift not applicable: dataset has no categorical features
problem,,,,,,,mfeat-factors,tabicl,categorical_covariate_shift,0.1,skipped,shift not applicable: dataset has no categorical features
problem,,,,,,,mfeat-factors,tabicl,categorical_covariate_shift,0.2,skipped,shift not applicable: dataset has no categorical features
problem,,,,,,,mfeat-factors,tabicl,categorical_covariate_shift,0.3,skipped,shift not applicable: dataset has no categorical features
problem,,,,,,,mfeat-factors,tabicl,categorical_covariate_shift,0.4,skipped,shift not applicable: dataset has no categorical features
problem,,,,,,,mfeat-factors,tabpfn,categorical_covariate_shift,0.0,skipped,shift not applicable: dataset has no categorical features
problem,,,,,,,mfeat-factors,tabpfn,categorical_covariate_shift,0.05,skipped,shift not applicable: dataset has no categorical features
problem,,,,,,,mfeat-factors,tabpfn,categorical_covariate_shift,0.1,skipped,shift not applicable: dataset has no categorical features
problem,,,,,,,mfeat-factors,tabpfn,categorical_covariate_shift,0.2,skipped,shift not applicable: dataset has no categorical features
problem,,,,,,,mfeat-factors,tabpfn,categorical_covariate_shift,0.3,skipped,shift not applicable: dataset has no categorical features
problem,,,,,,,mfeat-factors,tabpfn,categorical_covariate_shift,0.4,skipped,shift not applicable: dataset has no categorical features
problem,,,,,,,mfeat-factors,xgboost,categorical_covariate_shift,0.0,skipped,shift not applicable: dataset has no categorical features
problem,,,,,,,mfeat-factors,xgboost,categorical_covariate_shift,0.05,skipped,shift not applicable: dataset has no categorical features
problem,,,,,,,mfeat-factors,xgboost,categorical_covariate_shift,0.1,skipped,shift not applicable: dataset has no categorical features
problem,,,,,,,mfeat-factors,xgboost,categorical_covariate_shift,0.2,skipped,shift not applicable: dataset has no categorical features
problem,,,,,,,mfeat-factors,xgboost,categorical_covariate_shift,0.3,skipped,shift not applicable: dataset has no categorical features
problem,,,,,,,mfeat-factors,xgboost,categorical_covariate_shift,0.4,skipped,shift not applicable: dataset has no categorical features
problem,,,,,,,mfeat-fourier,catboost,categorical_covariate_shift,0.0,skipped,shift not applicable: dataset has no categorical features
problem,,,,,,,mfeat-fourier,catboost,categorical_covariate_shift,0.05,skipped,shift not applicable: dataset has no categorical features
problem,,,,,,,mfeat-fourier,catboost,categorical_covariate_shift,0.1,skipped,shift not applicable: dataset has no categorical features
problem,,,,,,,mfeat-fourier,catboost,categorical_covariate_shift,0.2,skipped,shift not applicable: dataset has no categorical features
problem,,,,,,,mfeat-fourier,catboost,categorical_covariate_shift,0.3,skipped,shift not applicable: dataset has no categorical features
problem,,,,,,,mfeat-fourier,catboost,categorical_covariate_shift,0.4,skipped,shift not applicable: dataset has no categorical features
problem,,,,,,,mfeat-fourier,hist_gbdt,categorical_covariate_shift,0.0,skipped,shift not applicable: dataset has no categorical features
problem,,,,,,,mfeat-fourier,hist_gbdt,categorical_covariate_shift,0.05,skipped,shift not applicable: dataset has no categorical features
problem,,,,,,,mfeat-fourier,hist_gbdt,categorical_covariate_shift,0.1,skipped,shift not applicable: dataset has no categorical features
problem,,,,,,,mfeat-fourier,hist_gbdt,categorical_covariate_shift,0.2,skipped,shift not applicable: dataset has no categorical features
problem,,,,,,,mfeat-fourier,hist_gbdt,categorical_covariate_shift,0.3,skipped,shift not applicable: dataset has no categorical features
problem,,,,,,,mfeat-fourier,hist_gbdt,categorical_covariate_shift,0.4,skipped,shift not applicable: dataset has no categorical features
problem,,,,,,,mfeat-fourier,logreg,categorical_covariate_shift,0.0,skipped,shift not applicable: dataset has no categorical features
problem,,,,,,,mfeat-fourier,logreg,categorical_covariate_shift,0.05,skipped,shift not applicable: dataset has no categorical features
problem,,,,,,,mfeat-fourier,logreg,categorical_covariate_shift,0.1,skipped,shift not applicable: dataset has no categorical features
problem,,,,,,,mfeat-fourier,logreg,categorical_covariate_shift,0.2,skipped,shift not applicable: dataset has no categorical features
problem,,,,,,,mfeat-fourier,logreg,categorical_covariate_shift,0.3,skipped,shift not applicable: dataset has no categorical features
problem,,,,,,,mfeat-fourier,logreg,categorical_covariate_shift,0.4,skipped,shift not applicable: dataset has no categorical features
problem,,,,,,,mfeat-fourier,tabicl,categorical_covariate_shift,0.0,skipped,shift not applicable: dataset has no categorical features
problem,,,,,,,mfeat-fourier,tabicl,categorical_covariate_shift,0.05,skipped,shift not applicable: dataset has no categorical features
problem,,,,,,,mfeat-fourier,tabicl,categorical_covariate_shift,0.1,skipped,shift not applicable: dataset has no categorical features
problem,,,,,,,mfeat-fourier,tabicl,categorical_covariate_shift,0.2,skipped,shift not applicable: dataset has no categorical features
problem,,,,,,,mfeat-fourier,tabicl,categorical_covariate_shift,0.3,skipped,shift not applicable: dataset has no categorical features
problem,,,,,,,mfeat-fourier,tabicl,categorical_covariate_shift,0.4,skipped,shift not applicable: dataset has no categorical features
problem,,,,,,,mfeat-fourier,tabpfn,categorical_covariate_shift,0.0,skipped,shift not applicable: dataset has no categorical features
problem,,,,,,,mfeat-fourier,tabpfn,categorical_covariate_shift,0.05,skipped,shift not applicable: dataset has no categorical features
problem,,,,,,,mfeat-fourier,tabpfn,categorical_covariate_shift,0.1,skipped,shift not applicable: dataset has no categorical features
problem,,,,,,,mfeat-fourier,tabpfn,categorical_covariate_shift,0.2,skipped,shift not applicable: dataset has no categorical features
problem,,,,,,,mfeat-fourier,tabpfn,categorical_covariate_shift,0.3,skipped,shift not applicable: dataset has no categorical features
problem,,,,,,,mfeat-fourier,tabpfn,categorical_covariate_shift,0.4,skipped,shift not applicable: dataset has no categorical features
problem,,,,,,,mfeat-fourier,xgboost,categorical_covariate_shift,0.0,skipped,shift not applicable: dataset has no categorical features
problem,,,,,,,mfeat-fourier,xgboost,categorical_covariate_shift,0.05,skipped,shift not applicable: dataset has no categorical features
problem,,,,,,,mfeat-fourier,xgboost,categorical_covariate_shift,0.1,skipped,shift not applicable: dataset has no categorical features
problem,,,,,,,mfeat-fourier,xgboost,categorical_covariate_shift,0.2,skipped,shift not applicable: dataset has no categorical features
problem,,,,,,,mfeat-fourier,xgboost,categorical_covariate_shift,0.3,skipped,shift not applicable: dataset has no categorical features
problem,,,,,,,mfeat-fourier,xgboost,categorical_covariate_shift,0.4,skipped,shift not applicable: dataset has no categorical features
problem,,,,,,,mfeat-karhunen,catboost,categorical_covariate_shift,0.0,skipped,shift not applicable: dataset has no categorical features
problem,,,,,,,mfeat-karhunen,catboost,categorical_covariate_shift,0.05,skipped,shift not applicable: dataset has no categorical features
problem,,,,,,,mfeat-karhunen,catboost,categorical_covariate_shift,0.1,skipped,shift not applicable: dataset has no categorical features
problem,,,,,,,mfeat-karhunen,catboost,categorical_covariate_shift,0.2,skipped,shift not applicable: dataset has no categorical features
problem,,,,,,,mfeat-karhunen,catboost,categorical_covariate_shift,0.3,skipped,shift not applicable: dataset has no categorical features
problem,,,,,,,mfeat-karhunen,catboost,categorical_covariate_shift,0.4,skipped,shift not applicable: dataset has no categorical features
problem,,,,,,,mfeat-karhunen,hist_gbdt,categorical_covariate_shift,0.0,skipped,shift not applicable: dataset has no categorical features
problem,,,,,,,mfeat-karhunen,hist_gbdt,categorical_covariate_shift,0.05,skipped,shift not applicable: dataset has no categorical features
problem,,,,,,,mfeat-karhunen,hist_gbdt,categorical_covariate_shift,0.1,skipped,shift not applicable: dataset has no categorical features
problem,,,,,,,mfeat-karhunen,hist_gbdt,categorical_covariate_shift,0.2,skipped,shift not applicable: dataset has no categorical features
problem,,,,,,,mfeat-karhunen,hist_gbdt,categorical_covariate_shift,0.3,skipped,shift not applicable: dataset has no categorical features
problem,,,,,,,mfeat-karhunen,hist_gbdt,categorical_covariate_shift,0.4,skipped,shift not applicable: dataset has no categorical features
problem,,,,,,,mfeat-karhunen,logreg,categorical_covariate_shift,0.0,skipped,shift not applicable: dataset has no categorical features
problem,,,,,,,mfeat-karhunen,logreg,categorical_covariate_shift,0.05,skipped,shift not applicable: dataset has no categorical features
problem,,,,,,,mfeat-karhunen,logreg,categorical_covariate_shift,0.1,skipped,shift not applicable: dataset has no categorical features
problem,,,,,,,mfeat-karhunen,logreg,categorical_covariate_shift,0.2,skipped,shift not applicable: dataset has no categorical features
problem,,,,,,,mfeat-karhunen,logreg,categorical_covariate_shift,0.3,skipped,shift not applicable: dataset has no categorical features
problem,,,,,,,mfeat-karhunen,logreg,categorical_covariate_shift,0.4,skipped,shift not applicable: dataset has no categorical features
problem,,,,,,,mfeat-karhunen,tabicl,categorical_covariate_shift,0.0,skipped,shift not applicable: dataset has no categorical features
problem,,,,,,,mfeat-karhunen,tabicl,categorical_covariate_shift,0.05,skipped,shift not applicable: dataset has no categorical features
problem,,,,,,,mfeat-karhunen,tabicl,categorical_covariate_shift,0.1,skipped,shift not applicable: dataset has no categorical features
problem,,,,,,,mfeat-karhunen,tabicl,categorical_covariate_shift,0.2,skipped,shift not applicable: dataset has no categorical features
problem,,,,,,,mfeat-karhunen,tabicl,categorical_covariate_shift,0.3,skipped,shift not applicable: dataset has no categorical features
problem,,,,,,,mfeat-karhunen,tabicl,categorical_covariate_shift,0.4,skipped,shift not applicable: dataset has no categorical features
problem,,,,,,,mfeat-karhunen,tabpfn,categorical_covariate_shift,0.0,skipped,shift not applicable: dataset has no categorical features
problem,,,,,,,mfeat-karhunen,tabpfn,categorical_covariate_shift,0.05,skipped,shift not applicable: dataset has no categorical features
problem,,,,,,,mfeat-karhunen,tabpfn,categorical_covariate_shift,0.1,skipped,shift not applicable: dataset has no categorical features
problem,,,,,,,mfeat-karhunen,tabpfn,categorical_covariate_shift,0.2,skipped,shift not applicable: dataset has no categorical features
problem,,,,,,,mfeat-karhunen,tabpfn,categorical_covariate_shift,0.3,skipped,shift not applicable: dataset has no categorical features
problem,,,,,,,mfeat-karhunen,tabpfn,categorical_covariate_shift,0.4,skipped,shift not applicable: dataset has no categorical features
problem,,,,,,,mfeat-karhunen,xgboost,categorical_covariate_shift,0.0,skipped,shift not applicable: dataset has no categorical features
problem,,,,,,,mfeat-karhunen,xgboost,categorical_covariate_shift,0.05,skipped,shift not applicable: dataset has no categorical features
problem,,,,,,,mfeat-karhunen,xgboost,categorical_covariate_shift,0.1,skipped,shift not applicable: dataset has no categorical features
problem,,,,,,,mfeat-karhunen,xgboost,categorical_covariate_shift,0.2,skipped,shift not applicable: dataset has no categorical features
problem,,,,,,,mfeat-karhunen,xgboost,categorical_covariate_shift,0.3,skipped,shift not applicable: dataset has no categorical features
problem,,,,,,,mfeat-karhunen,xgboost,categorical_covariate_shift,0.4,skipped,shift not applicable: dataset has no categorical features
problem,,,,,,,mfeat-morphological,catboost,categorical_covariate_shift,0.0,skipped,shift not applicable: dataset has no categorical features
problem,,,,,,,mfeat-morphological,catboost,categorical_covariate_shift,0.05,skipped,shift not applicable: dataset has no categorical features
problem,,,,,,,mfeat-morphological,catboost,categorical_covariate_shift,0.1,skipped,shift not applicable: dataset has no categorical features
problem,,,,,,,mfeat-morphological,catboost,categorical_covariate_shift,0.2,skipped,shift not applicable: dataset has no categorical features
problem,,,,,,,mfeat-morphological,catboost,categorical_covariate_shift,0.3,skipped,shift not applicable: dataset has no categorical features
problem,,,,,,,mfeat-morphological,catboost,categorical_covariate_shift,0.4,skipped,shift not applicable: dataset has no categorical features
problem,,,,,,,mfeat-morphological,hist_gbdt,categorical_covariate_shift,0.0,skipped,shift not applicable: dataset has no categorical features
problem,,,,,,,mfeat-morphological,hist_gbdt,categorical_covariate_shift,0.05,skipped,shift not applicable: dataset has no categorical features
problem,,,,,,,mfeat-morphological,hist_gbdt,categorical_covariate_shift,0.1,skipped,shift not applicable: dataset has no categorical features
problem,,,,,,,mfeat-morphological,hist_gbdt,categorical_covariate_shift,0.2,skipped,shift not applicable: dataset has no categorical features
problem,,,,,,,mfeat-morphological,hist_gbdt,categorical_covariate_shift,0.3,skipped,shift not applicable: dataset has no categorical features
problem,,,,,,,mfeat-morphological,hist_gbdt,categorical_covariate_shift,0.4,skipped,shift not applicable: dataset has no categorical features
problem,,,,,,,mfeat-morphological,logreg,categorical_covariate_shift,0.0,skipped,shift not applicable: dataset has no categorical features
problem,,,,,,,mfeat-morphological,logreg,categorical_covariate_shift,0.05,skipped,shift not applicable: dataset has no categorical features
problem,,,,,,,mfeat-morphological,logreg,categorical_covariate_shift,0.1,skipped,shift not applicable: dataset has no categorical features
problem,,,,,,,mfeat-morphological,logreg,categorical_covariate_shift,0.2,skipped,shift not applicable: dataset has no categorical features
problem,,,,,,,mfeat-morphological,logreg,categorical_covariate_shift,0.3,skipped,shift not applicable: dataset has no categorical features
problem,,,,,,,mfeat-morphological,logreg,categorical_covariate_shift,0.4,skipped,shift not applicable: dataset has no categorical features
problem,,,,,,,mfeat-morphological,tabicl,categorical_covariate_shift,0.0,skipped,shift not applicable: dataset has no categorical features
problem,,,,,,,mfeat-morphological,tabicl,categorical_covariate_shift,0.05,skipped,shift not applicable: dataset has no categorical features
problem,,,,,,,mfeat-morphological,tabicl,categorical_covariate_shift,0.1,skipped,shift not applicable: dataset has no categorical features
problem,,,,,,,mfeat-morphological,tabicl,categorical_covariate_shift,0.2,skipped,shift not applicable: dataset has no categorical features
problem,,,,,,,mfeat-morphological,tabicl,categorical_covariate_shift,0.3,skipped,shift not applicable: dataset has no categorical features
problem,,,,,,,mfeat-morphological,tabicl,categorical_covariate_shift,0.4,skipped,shift not applicable: dataset has no categorical features
problem,,,,,,,mfeat-morphological,tabpfn,categorical_covariate_shift,0.0,skipped,shift not applicable: dataset has no categorical features
problem,,,,,,,mfeat-morphological,tabpfn,categorical_covariate_shift,0.05,skipped,shift not applicable: dataset has no categorical features
problem,,,,,,,mfeat-morphological,tabpfn,categorical_covariate_shift,0.1,skipped,shift not applicable: dataset has no categorical features
problem,,,,,,,mfeat-morphological,tabpfn,categorical_covariate_shift,0.2,skipped,shift not applicable: dataset has no categorical features
problem,,,,,,,mfeat-morphological,tabpfn,categorical_covariate_shift,0.3,skipped,shift not applicable: dataset has no categorical features
problem,,,,,,,mfeat-morphological,tabpfn,categorical_covariate_shift,0.4,skipped,shift not applicable: dataset has no categorical features
problem,,,,,,,mfeat-morphological,xgboost,categorical_covariate_shift,0.0,skipped,shift not applicable: dataset has no categorical features
problem,,,,,,,mfeat-morphological,xgboost,categorical_covariate_shift,0.05,skipped,shift not applicable: dataset has no categorical features
problem,,,,,,,mfeat-morphological,xgboost,categorical_covariate_shift,0.1,skipped,shift not applicable: dataset has no categorical features
problem,,,,,,,mfeat-morphological,xgboost,categorical_covariate_shift,0.2,skipped,shift not applicable: dataset has no categorical features
problem,,,,,,,mfeat-morphological,xgboost,categorical_covariate_shift,0.3,skipped,shift not applicable: dataset has no categorical features
problem,,,,,,,mfeat-morphological,xgboost,categorical_covariate_shift,0.4,skipped,shift not applicable: dataset has no categorical features
problem,,,,,,,mfeat-zernike,catboost,categorical_covariate_shift,0.0,skipped,shift not applicable: dataset has no categorical features
problem,,,,,,,mfeat-zernike,catboost,categorical_covariate_shift,0.05,skipped,shift not applicable: dataset has no categorical features
problem,,,,,,,mfeat-zernike,catboost,categorical_covariate_shift,0.1,skipped,shift not applicable: dataset has no categorical features
problem,,,,,,,mfeat-zernike,catboost,categorical_covariate_shift,0.2,skipped,shift not applicable: dataset has no categorical features
problem,,,,,,,mfeat-zernike,catboost,categorical_covariate_shift,0.3,skipped,shift not applicable: dataset has no categorical features
problem,,,,,,,mfeat-zernike,catboost,categorical_covariate_shift,0.4,skipped,shift not applicable: dataset has no categorical features
problem,,,,,,,mfeat-zernike,hist_gbdt,categorical_covariate_shift,0.0,skipped,shift not applicable: dataset has no categorical features
problem,,,,,,,mfeat-zernike,hist_gbdt,categorical_covariate_shift,0.05,skipped,shift not applicable: dataset has no categorical features
problem,,,,,,,mfeat-zernike,hist_gbdt,categorical_covariate_shift,0.1,skipped,shift not applicable: dataset has no categorical features
problem,,,,,,,mfeat-zernike,hist_gbdt,categorical_covariate_shift,0.2,skipped,shift not applicable: dataset has no categorical features
problem,,,,,,,mfeat-zernike,hist_gbdt,categorical_covariate_shift,0.3,skipped,shift not applicable: dataset has no categorical features
problem,,,,,,,mfeat-zernike,hist_gbdt,categorical_covariate_shift,0.4,skipped,shift not applicable: dataset has no categorical features
problem,,,,,,,mfeat-zernike,logreg,categorical_covariate_shift,0.0,skipped,shift not applicable: dataset has no categorical features
problem,,,,,,,mfeat-zernike,logreg,categorical_covariate_shift,0.05,skipped,shift not applicable: dataset has no categorical features
problem,,,,,,,mfeat-zernike,logreg,categorical_covariate_shift,0.1,skipped,shift not applicable: dataset has no categorical features
problem,,,,,,,mfeat-zernike,logreg,categorical_covariate_shift,0.2,skipped,shift not applicable: dataset has no categorical features
problem,,,,,,,mfeat-zernike,logreg,categorical_covariate_shift,0.3,skipped,shift not applicable: dataset has no categorical features
problem,,,,,,,mfeat-zernike,logreg,categorical_covariate_shift,0.4,skipped,shift not applicable: dataset has no categorical features
problem,,,,,,,mfeat-zernike,tabicl,categorical_covariate_shift,0.0,skipped,shift not applicable: dataset has no categorical features
problem,,,,,,,mfeat-zernike,tabicl,categorical_covariate_shift,0.05,skipped,shift not applicable: dataset has no categorical features
problem,,,,,,,mfeat-zernike,tabicl,categorical_covariate_shift,0.1,skipped,shift not applicable: dataset has no categorical features
problem,,,,,,,mfeat-zernike,tabicl,categorical_covariate_shift,0.2,skipped,shift not applicable: dataset has no categorical features
problem,,,,,,,mfeat-zernike,tabicl,categorical_covariate_shift,0.3,skipped,shift not applicable: dataset has no categorical features
problem,,,,,,,mfeat-zernike,tabicl,categorical_covariate_shift,0.4,skipped,shift not applicable: dataset has no categorical features
problem,,,,,,,mfeat-zernike,tabpfn,categorical_covariate_shift,0.0,skipped,shift not applicable: dataset has no categorical features
problem,,,,,,,mfeat-zernike,tabpfn,categorical_covariate_shift,0.05,skipped,shift not applicable: dataset has no categorical features
problem,,,,,,,mfeat-zernike,tabpfn,categorical_covariate_shift,0.1,skipped,shift not applicable: dataset has no categorical features
problem,,,,,,,mfeat-zernike,tabpfn,categorical_covariate_shift,0.2,skipped,shift not applicable: dataset has no categorical features
problem,,,,,,,mfeat-zernike,tabpfn,categorical_covariate_shift,0.3,skipped,shift not applicable: dataset has no categorical features
problem,,,,,,,mfeat-zernike,tabpfn,categorical_covariate_shift,0.4,skipped,shift not applicable: dataset has no categorical features
problem,,,,,,,mfeat-zernike,xgboost,categorical_covariate_shift,0.0,skipped,shift not applicable: dataset has no categorical features
problem,,,,,,,mfeat-zernike,xgboost,categorical_covariate_shift,0.05,skipped,shift not applicable: dataset has no categorical features
problem,,,,,,,mfeat-zernike,xgboost,categorical_covariate_shift,0.1,skipped,shift not applicable: dataset has no categorical features
problem,,,,,,,mfeat-zernike,xgboost,categorical_covariate_shift,0.2,skipped,shift not applicable: dataset has no categorical features
problem,,,,,,,mfeat-zernike,xgboost,categorical_covariate_shift,0.3,skipped,shift not applicable: dataset has no categorical features
problem,,,,,,,mfeat-zernike,xgboost,categorical_covariate_shift,0.4,skipped,shift not applicable: dataset has no categorical features
problem,,,,,,,optdigits,catboost,categorical_covariate_shift,0.0,skipped,shift not applicable: dataset has no categorical features
problem,,,,,,,optdigits,catboost,categorical_covariate_shift,0.05,skipped,shift not applicable: dataset has no categorical features
problem,,,,,,,optdigits,catboost,categorical_covariate_shift,0.1,skipped,shift not applicable: dataset has no categorical features
problem,,,,,,,optdigits,catboost,categorical_covariate_shift,0.2,skipped,shift not applicable: dataset has no categorical features
problem,,,,,,,optdigits,catboost,categorical_covariate_shift,0.3,skipped,shift not applicable: dataset has no categorical features
problem,,,,,,,optdigits,catboost,categorical_covariate_shift,0.4,skipped,shift not applicable: dataset has no categorical features
problem,,,,,,,optdigits,hist_gbdt,categorical_covariate_shift,0.0,skipped,shift not applicable: dataset has no categorical features
problem,,,,,,,optdigits,hist_gbdt,categorical_covariate_shift,0.05,skipped,shift not applicable: dataset has no categorical features
problem,,,,,,,optdigits,hist_gbdt,categorical_covariate_shift,0.1,skipped,shift not applicable: dataset has no categorical features
problem,,,,,,,optdigits,hist_gbdt,categorical_covariate_shift,0.2,skipped,shift not applicable: dataset has no categorical features
problem,,,,,,,optdigits,hist_gbdt,categorical_covariate_shift,0.3,skipped,shift not applicable: dataset has no categorical features
problem,,,,,,,optdigits,hist_gbdt,categorical_covariate_shift,0.4,skipped,shift not applicable: dataset has no categorical features
problem,,,,,,,optdigits,logreg,categorical_covariate_shift,0.0,skipped,shift not applicable: dataset has no categorical features
problem,,,,,,,optdigits,logreg,categorical_covariate_shift,0.05,skipped,shift not applicable: dataset has no categorical features
problem,,,,,,,optdigits,logreg,categorical_covariate_shift,0.1,skipped,shift not applicable: dataset has no categorical features
problem,,,,,,,optdigits,logreg,categorical_covariate_shift,0.2,skipped,shift not applicable: dataset has no categorical features
problem,,,,,,,optdigits,logreg,categorical_covariate_shift,0.3,skipped,shift not applicable: dataset has no categorical features
problem,,,,,,,optdigits,logreg,categorical_covariate_shift,0.4,skipped,shift not applicable: dataset has no categorical features
problem,,,,,,,optdigits,tabicl,categorical_covariate_shift,0.0,skipped,shift not applicable: dataset has no categorical features
problem,,,,,,,optdigits,tabicl,categorical_covariate_shift,0.05,skipped,shift not applicable: dataset has no categorical features
problem,,,,,,,optdigits,tabicl,categorical_covariate_shift,0.1,skipped,shift not applicable: dataset has no categorical features
problem,,,,,,,optdigits,tabicl,categorical_covariate_shift,0.2,skipped,shift not applicable: dataset has no categorical features
problem,,,,,,,optdigits,tabicl,categorical_covariate_shift,0.3,skipped,shift not applicable: dataset has no categorical features
problem,,,,,,,optdigits,tabicl,categorical_covariate_shift,0.4,skipped,shift not applicable: dataset has no categorical features
problem,,,,,,,optdigits,tabpfn,categorical_covariate_shift,0.0,skipped,shift not applicable: dataset has no categorical features
problem,,,,,,,optdigits,tabpfn,categorical_covariate_shift,0.05,skipped,shift not applicable: dataset has no categorical features
problem,,,,,,,optdigits,tabpfn,categorical_covariate_shift,0.1,skipped,shift not applicable: dataset has no categorical features
problem,,,,,,,optdigits,tabpfn,categorical_covariate_shift,0.2,skipped,shift not applicable: dataset has no categorical features
problem,,,,,,,optdigits,tabpfn,categorical_covariate_shift,0.3,skipped,shift not applicable: dataset has no categorical features
problem,,,,,,,optdigits,tabpfn,categorical_covariate_shift,0.4,skipped,shift not applicable: dataset has no categorical features
problem,,,,,,,optdigits,xgboost,categorical_covariate_shift,0.0,skipped,shift not applicable: dataset has no categorical features
problem,,,,,,,optdigits,xgboost,categorical_covariate_shift,0.05,skipped,shift not applicable: dataset has no categorical features
problem,,,,,,,optdigits,xgboost,categorical_covariate_shift,0.1,skipped,shift not applicable: dataset has no categorical features
problem,,,,,,,optdigits,xgboost,categorical_covariate_shift,0.2,skipped,shift not applicable: dataset has no categorical features
problem,,,,,,,optdigits,xgboost,categorical_covariate_shift,0.3,skipped,shift not applicable: dataset has no categorical features
problem,,,,,,,optdigits,xgboost,categorical_covariate_shift,0.4,skipped,shift not applicable: dataset has no categorical features
problem,,,,,,,ozone-level-8hr,catboost,categorical_covariate_shift,0.0,skipped,shift not applicable: dataset has no categorical features
problem,,,,,,,ozone-level-8hr,catboost,categorical_covariate_shift,0.05,skipped,shift not applicable: dataset has no categorical features
problem,,,,,,,ozone-level-8hr,catboost,categorical_covariate_shift,0.1,skipped,shift not applicable: dataset has no categorical features
problem,,,,,,,ozone-level-8hr,catboost,categorical_covariate_shift,0.2,skipped,shift not applicable: dataset has no categorical features
problem,,,,,,,ozone-level-8hr,catboost,categorical_covariate_shift,0.3,skipped,shift not applicable: dataset has no categorical features
problem,,,,,,,ozone-level-8hr,catboost,categorical_covariate_shift,0.4,skipped,shift not applicable: dataset has no categorical features
problem,,,,,,,ozone-level-8hr,hist_gbdt,categorical_covariate_shift,0.0,skipped,shift not applicable: dataset has no categorical features
problem,,,,,,,ozone-level-8hr,hist_gbdt,categorical_covariate_shift,0.05,skipped,shift not applicable: dataset has no categorical features
problem,,,,,,,ozone-level-8hr,hist_gbdt,categorical_covariate_shift,0.1,skipped,shift not applicable: dataset has no categorical features
problem,,,,,,,ozone-level-8hr,hist_gbdt,categorical_covariate_shift,0.2,skipped,shift not applicable: dataset has no categorical features
problem,,,,,,,ozone-level-8hr,hist_gbdt,categorical_covariate_shift,0.3,skipped,shift not applicable: dataset has no categorical features
problem,,,,,,,ozone-level-8hr,hist_gbdt,categorical_covariate_shift,0.4,skipped,shift not applicable: dataset has no categorical features
problem,,,,,,,ozone-level-8hr,logreg,categorical_covariate_shift,0.0,skipped,shift not applicable: dataset has no categorical features
problem,,,,,,,ozone-level-8hr,logreg,categorical_covariate_shift,0.05,skipped,shift not applicable: dataset has no categorical features
problem,,,,,,,ozone-level-8hr,logreg,categorical_covariate_shift,0.1,skipped,shift not applicable: dataset has no categorical features
problem,,,,,,,ozone-level-8hr,logreg,categorical_covariate_shift,0.2,skipped,shift not applicable: dataset has no categorical features
problem,,,,,,,ozone-level-8hr,logreg,categorical_covariate_shift,0.3,skipped,shift not applicable: dataset has no categorical features
problem,,,,,,,ozone-level-8hr,logreg,categorical_covariate_shift,0.4,skipped,shift not applicable: dataset has no categorical features
problem,,,,,,,ozone-level-8hr,tabicl,categorical_covariate_shift,0.0,skipped,shift not applicable: dataset has no categorical features
problem,,,,,,,ozone-level-8hr,tabicl,categorical_covariate_shift,0.05,skipped,shift not applicable: dataset has no categorical features
problem,,,,,,,ozone-level-8hr,tabicl,categorical_covariate_shift,0.1,skipped,shift not applicable: dataset has no categorical features
problem,,,,,,,ozone-level-8hr,tabicl,categorical_covariate_shift,0.2,skipped,shift not applicable: dataset has no categorical features
problem,,,,,,,ozone-level-8hr,tabicl,categorical_covariate_shift,0.3,skipped,shift not applicable: dataset has no categorical features
problem,,,,,,,ozone-level-8hr,tabicl,categorical_covariate_shift,0.4,skipped,shift not applicable: dataset has no categorical features
problem,,,,,,,ozone-level-8hr,tabpfn,categorical_covariate_shift,0.0,skipped,shift not applicable: dataset has no categorical features
problem,,,,,,,ozone-level-8hr,tabpfn,categorical_covariate_shift,0.05,skipped,shift not applicable: dataset has no categorical features
problem,,,,,,,ozone-level-8hr,tabpfn,categorical_covariate_shift,0.1,skipped,shift not applicable: dataset has no categorical features
problem,,,,,,,ozone-level-8hr,tabpfn,categorical_covariate_shift,0.2,skipped,shift not applicable: dataset has no categorical features
problem,,,,,,,ozone-level-8hr,tabpfn,categorical_covariate_shift,0.3,skipped,shift not applicable: dataset has no categorical features
problem,,,,,,,ozone-level-8hr,tabpfn,categorical_covariate_shift,0.4,skipped,shift not applicable: dataset has no categorical features
problem,,,,,,,ozone-level-8hr,xgboost,categorical_covariate_shift,0.0,skipped,shift not applicable: dataset has no categorical features
problem,,,,,,,ozone-level-8hr,xgboost,categorical_covariate_shift,0.05,skipped,shift not applicable: dataset has no categorical features
problem,,,,,,,ozone-level-8hr,xgboost,categorical_covariate_shift,0.1,skipped,shift not applicable: dataset has no categorical features
problem,,,,,,,ozone-level-8hr,xgboost,categorical_covariate_shift,0.2,skipped,shift not applicable: dataset has no categorical features
problem,,,,,,,ozone-level-8hr,xgboost,categorical_covariate_shift,0.3,skipped,shift not applicable: dataset has no categorical features
problem,,,,,,,ozone-level-8hr,xgboost,categorical_covariate_shift,0.4,skipped,shift not applicable: dataset has no categorical features
problem,,,,,,,pc1,catboost,categorical_covariate_shift,0.0,skipped,shift not applicable: dataset has no categorical features
problem,,,,,,,pc1,catboost,categorical_covariate_shift,0.05,skipped,shift not applicable: dataset has no categorical features
problem,,,,,,,pc1,catboost,categorical_covariate_shift,0.1,skipped,shift not applicable: dataset has no categorical features
problem,,,,,,,pc1,catboost,categorical_covariate_shift,0.2,skipped,shift not applicable: dataset has no categorical features
problem,,,,,,,pc1,catboost,categorical_covariate_shift,0.3,skipped,shift not applicable: dataset has no categorical features
problem,,,,,,,pc1,catboost,categorical_covariate_shift,0.4,skipped,shift not applicable: dataset has no categorical features
problem,,,,,,,pc1,hist_gbdt,categorical_covariate_shift,0.0,skipped,shift not applicable: dataset has no categorical features
problem,,,,,,,pc1,hist_gbdt,categorical_covariate_shift,0.05,skipped,shift not applicable: dataset has no categorical features
problem,,,,,,,pc1,hist_gbdt,categorical_covariate_shift,0.1,skipped,shift not applicable: dataset has no categorical features
problem,,,,,,,pc1,hist_gbdt,categorical_covariate_shift,0.2,skipped,shift not applicable: dataset has no categorical features
problem,,,,,,,pc1,hist_gbdt,categorical_covariate_shift,0.3,skipped,shift not applicable: dataset has no categorical features
problem,,,,,,,pc1,hist_gbdt,categorical_covariate_shift,0.4,skipped,shift not applicable: dataset has no categorical features
problem,,,,,,,pc1,logreg,categorical_covariate_shift,0.0,skipped,shift not applicable: dataset has no categorical features
problem,,,,,,,pc1,logreg,categorical_covariate_shift,0.05,skipped,shift not applicable: dataset has no categorical features
problem,,,,,,,pc1,logreg,categorical_covariate_shift,0.1,skipped,shift not applicable: dataset has no categorical features
problem,,,,,,,pc1,logreg,categorical_covariate_shift,0.2,skipped,shift not applicable: dataset has no categorical features
problem,,,,,,,pc1,logreg,categorical_covariate_shift,0.3,skipped,shift not applicable: dataset has no categorical features
problem,,,,,,,pc1,logreg,categorical_covariate_shift,0.4,skipped,shift not applicable: dataset has no categorical features
problem,,,,,,,pc1,tabicl,categorical_covariate_shift,0.0,skipped,shift not applicable: dataset has no categorical features
problem,,,,,,,pc1,tabicl,categorical_covariate_shift,0.05,skipped,shift not applicable: dataset has no categorical features
problem,,,,,,,pc1,tabicl,categorical_covariate_shift,0.1,skipped,shift not applicable: dataset has no categorical features
problem,,,,,,,pc1,tabicl,categorical_covariate_shift,0.2,skipped,shift not applicable: dataset has no categorical features
problem,,,,,,,pc1,tabicl,categorical_covariate_shift,0.3,skipped,shift not applicable: dataset has no categorical features
problem,,,,,,,pc1,tabicl,categorical_covariate_shift,0.4,skipped,shift not applicable: dataset has no categorical features
problem,,,,,,,pc1,tabpfn,categorical_covariate_shift,0.0,skipped,shift not applicable: dataset has no categorical features
problem,,,,,,,pc1,tabpfn,categorical_covariate_shift,0.05,skipped,shift not applicable: dataset has no categorical features
problem,,,,,,,pc1,tabpfn,categorical_covariate_shift,0.1,skipped,shift not applicable: dataset has no categorical features
problem,,,,,,,pc1,tabpfn,categorical_covariate_shift,0.2,skipped,shift not applicable: dataset has no categorical features
problem,,,,,,,pc1,tabpfn,categorical_covariate_shift,0.3,skipped,shift not applicable: dataset has no categorical features
problem,,,,,,,pc1,tabpfn,categorical_covariate_shift,0.4,skipped,shift not applicable: dataset has no categorical features
problem,,,,,,,pc1,xgboost,categorical_covariate_shift,0.0,skipped,shift not applicable: dataset has no categorical features
problem,,,,,,,pc1,xgboost,categorical_covariate_shift,0.05,skipped,shift not applicable: dataset has no categorical features
problem,,,,,,,pc1,xgboost,categorical_covariate_shift,0.1,skipped,shift not applicable: dataset has no categorical features
problem,,,,,,,pc1,xgboost,categorical_covariate_shift,0.2,skipped,shift not applicable: dataset has no categorical features
problem,,,,,,,pc1,xgboost,categorical_covariate_shift,0.3,skipped,shift not applicable: dataset has no categorical features
problem,,,,,,,pc1,xgboost,categorical_covariate_shift,0.4,skipped,shift not applicable: dataset has no categorical features
problem,,,,,,,pc3,catboost,categorical_covariate_shift,0.0,skipped,shift not applicable: dataset has no categorical features
problem,,,,,,,pc3,catboost,categorical_covariate_shift,0.05,skipped,shift not applicable: dataset has no categorical features
problem,,,,,,,pc3,catboost,categorical_covariate_shift,0.1,skipped,shift not applicable: dataset has no categorical features
problem,,,,,,,pc3,catboost,categorical_covariate_shift,0.2,skipped,shift not applicable: dataset has no categorical features
problem,,,,,,,pc3,catboost,categorical_covariate_shift,0.3,skipped,shift not applicable: dataset has no categorical features
problem,,,,,,,pc3,catboost,categorical_covariate_shift,0.4,skipped,shift not applicable: dataset has no categorical features
problem,,,,,,,pc3,hist_gbdt,categorical_covariate_shift,0.0,skipped,shift not applicable: dataset has no categorical features
problem,,,,,,,pc3,hist_gbdt,categorical_covariate_shift,0.05,skipped,shift not applicable: dataset has no categorical features
problem,,,,,,,pc3,hist_gbdt,categorical_covariate_shift,0.1,skipped,shift not applicable: dataset has no categorical features
problem,,,,,,,pc3,hist_gbdt,categorical_covariate_shift,0.2,skipped,shift not applicable: dataset has no categorical features
problem,,,,,,,pc3,hist_gbdt,categorical_covariate_shift,0.3,skipped,shift not applicable: dataset has no categorical features
problem,,,,,,,pc3,hist_gbdt,categorical_covariate_shift,0.4,skipped,shift not applicable: dataset has no categorical features
problem,,,,,,,pc3,logreg,categorical_covariate_shift,0.0,skipped,shift not applicable: dataset has no categorical features
problem,,,,,,,pc3,logreg,categorical_covariate_shift,0.05,skipped,shift not applicable: dataset has no categorical features
problem,,,,,,,pc3,logreg,categorical_covariate_shift,0.1,skipped,shift not applicable: dataset has no categorical features
problem,,,,,,,pc3,logreg,categorical_covariate_shift,0.2,skipped,shift not applicable: dataset has no categorical features
problem,,,,,,,pc3,logreg,categorical_covariate_shift,0.3,skipped,shift not applicable: dataset has no categorical features
problem,,,,,,,pc3,logreg,categorical_covariate_shift,0.4,skipped,shift not applicable: dataset has no categorical features
problem,,,,,,,pc3,tabicl,categorical_covariate_shift,0.0,skipped,shift not applicable: dataset has no categorical features
problem,,,,,,,pc3,tabicl,categorical_covariate_shift,0.05,skipped,shift not applicable: dataset has no categorical features
problem,,,,,,,pc3,tabicl,categorical_covariate_shift,0.1,skipped,shift not applicable: dataset has no categorical features
problem,,,,,,,pc3,tabicl,categorical_covariate_shift,0.2,skipped,shift not applicable: dataset has no categorical features
problem,,,,,,,pc3,tabicl,categorical_covariate_shift,0.3,skipped,shift not applicable: dataset has no categorical features
problem,,,,,,,pc3,tabicl,categorical_covariate_shift,0.4,skipped,shift not applicable: dataset has no categorical features
problem,,,,,,,pc3,tabpfn,categorical_covariate_shift,0.0,skipped,shift not applicable: dataset has no categorical features
problem,,,,,,,pc3,tabpfn,categorical_covariate_shift,0.05,skipped,shift not applicable: dataset has no categorical features
problem,,,,,,,pc3,tabpfn,categorical_covariate_shift,0.1,skipped,shift not applicable: dataset has no categorical features
problem,,,,,,,pc3,tabpfn,categorical_covariate_shift,0.2,skipped,shift not applicable: dataset has no categorical features
problem,,,,,,,pc3,tabpfn,categorical_covariate_shift,0.3,skipped,shift not applicable: dataset has no categorical features
problem,,,,,,,pc3,tabpfn,categorical_covariate_shift,0.4,skipped,shift not applicable: dataset has no categorical features
problem,,,,,,,pc3,xgboost,categorical_covariate_shift,0.0,skipped,shift not applicable: dataset has no categorical features
problem,,,,,,,pc3,xgboost,categorical_covariate_shift,0.05,skipped,shift not applicable: dataset has no categorical features
problem,,,,,,,pc3,xgboost,categorical_covariate_shift,0.1,skipped,shift not applicable: dataset has no categorical features
problem,,,,,,,pc3,xgboost,categorical_covariate_shift,0.2,skipped,shift not applicable: dataset has no categorical features
problem,,,,,,,pc3,xgboost,categorical_covariate_shift,0.3,skipped,shift not applicable: dataset has no categorical features
problem,,,,,,,pc3,xgboost,categorical_covariate_shift,0.4,skipped,shift not applicable: dataset has no categorical features
problem,,,,,,,pc4,catboost,categorical_covariate_shift,0.0,skipped,shift not applicable: dataset has no categorical features
problem,,,,,,,pc4,catboost,categorical_covariate_shift,0.05,skipped,shift not applicable: dataset has no categorical features
problem,,,,,,,pc4,catboost,categorical_covariate_shift,0.1,skipped,shift not applicable: dataset has no categorical features
problem,,,,,,,pc4,catboost,categorical_covariate_shift,0.2,skipped,shift not applicable: dataset has no categorical features
problem,,,,,,,pc4,catboost,categorical_covariate_shift,0.3,skipped,shift not applicable: dataset has no categorical features
problem,,,,,,,pc4,catboost,categorical_covariate_shift,0.4,skipped,shift not applicable: dataset has no categorical features
problem,,,,,,,pc4,hist_gbdt,categorical_covariate_shift,0.0,skipped,shift not applicable: dataset has no categorical features
problem,,,,,,,pc4,hist_gbdt,categorical_covariate_shift,0.05,skipped,shift not applicable: dataset has no categorical features
problem,,,,,,,pc4,hist_gbdt,categorical_covariate_shift,0.1,skipped,shift not applicable: dataset has no categorical features
problem,,,,,,,pc4,hist_gbdt,categorical_covariate_shift,0.2,skipped,shift not applicable: dataset has no categorical features
problem,,,,,,,pc4,hist_gbdt,categorical_covariate_shift,0.3,skipped,shift not applicable: dataset has no categorical features
problem,,,,,,,pc4,hist_gbdt,categorical_covariate_shift,0.4,skipped,shift not applicable: dataset has no categorical features
problem,,,,,,,pc4,logreg,categorical_covariate_shift,0.0,skipped,shift not applicable: dataset has no categorical features
problem,,,,,,,pc4,logreg,categorical_covariate_shift,0.05,skipped,shift not applicable: dataset has no categorical features
problem,,,,,,,pc4,logreg,categorical_covariate_shift,0.1,skipped,shift not applicable: dataset has no categorical features
problem,,,,,,,pc4,logreg,categorical_covariate_shift,0.2,skipped,shift not applicable: dataset has no categorical features
problem,,,,,,,pc4,logreg,categorical_covariate_shift,0.3,skipped,shift not applicable: dataset has no categorical features
problem,,,,,,,pc4,logreg,categorical_covariate_shift,0.4,skipped,shift not applicable: dataset has no categorical features
problem,,,,,,,pc4,tabicl,categorical_covariate_shift,0.0,skipped,shift not applicable: dataset has no categorical features
problem,,,,,,,pc4,tabicl,categorical_covariate_shift,0.05,skipped,shift not applicable: dataset has no categorical features
problem,,,,,,,pc4,tabicl,categorical_covariate_shift,0.1,skipped,shift not applicable: dataset has no categorical features
problem,,,,,,,pc4,tabicl,categorical_covariate_shift,0.2,skipped,shift not applicable: dataset has no categorical features
problem,,,,,,,pc4,tabicl,categorical_covariate_shift,0.3,skipped,shift not applicable: dataset has no categorical features
problem,,,,,,,pc4,tabicl,categorical_covariate_shift,0.4,skipped,shift not applicable: dataset has no categorical features
problem,,,,,,,pc4,tabpfn,categorical_covariate_shift,0.0,skipped,shift not applicable: dataset has no categorical features
problem,,,,,,,pc4,tabpfn,categorical_covariate_shift,0.05,skipped,shift not applicable: dataset has no categorical features
problem,,,,,,,pc4,tabpfn,categorical_covariate_shift,0.1,skipped,shift not applicable: dataset has no categorical features
problem,,,,,,,pc4,tabpfn,categorical_covariate_shift,0.2,skipped,shift not applicable: dataset has no categorical features
problem,,,,,,,pc4,tabpfn,categorical_covariate_shift,0.3,skipped,shift not applicable: dataset has no categorical features
problem,,,,,,,pc4,tabpfn,categorical_covariate_shift,0.4,skipped,shift not applicable: dataset has no categorical features
problem,,,,,,,pc4,xgboost,categorical_covariate_shift,0.0,skipped,shift not applicable: dataset has no categorical features
problem,,,,,,,pc4,xgboost,categorical_covariate_shift,0.05,skipped,shift not applicable: dataset has no categorical features
problem,,,,,,,pc4,xgboost,categorical_covariate_shift,0.1,skipped,shift not applicable: dataset has no categorical features
problem,,,,,,,pc4,xgboost,categorical_covariate_shift,0.2,skipped,shift not applicable: dataset has no categorical features
problem,,,,,,,pc4,xgboost,categorical_covariate_shift,0.3,skipped,shift not applicable: dataset has no categorical features
problem,,,,,,,pc4,xgboost,categorical_covariate_shift,0.4,skipped,shift not applicable: dataset has no categorical features
problem,,,,,,,pendigits,catboost,categorical_covariate_shift,0.0,skipped,shift not applicable: dataset has no categorical features
problem,,,,,,,pendigits,catboost,categorical_covariate_shift,0.05,skipped,shift not applicable: dataset has no categorical features
problem,,,,,,,pendigits,catboost,categorical_covariate_shift,0.1,skipped,shift not applicable: dataset has no categorical features
problem,,,,,,,pendigits,catboost,categorical_covariate_shift,0.2,skipped,shift not applicable: dataset has no categorical features
problem,,,,,,,pendigits,catboost,categorical_covariate_shift,0.3,skipped,shift not applicable: dataset has no categorical features
problem,,,,,,,pendigits,catboost,categorical_covariate_shift,0.4,skipped,shift not applicable: dataset has no categorical features
problem,,,,,,,pendigits,hist_gbdt,categorical_covariate_shift,0.0,skipped,shift not applicable: dataset has no categorical features
problem,,,,,,,pendigits,hist_gbdt,categorical_covariate_shift,0.05,skipped,shift not applicable: dataset has no categorical features
problem,,,,,,,pendigits,hist_gbdt,categorical_covariate_shift,0.1,skipped,shift not applicable: dataset has no categorical features
problem,,,,,,,pendigits,hist_gbdt,categorical_covariate_shift,0.2,skipped,shift not applicable: dataset has no categorical features
problem,,,,,,,pendigits,hist_gbdt,categorical_covariate_shift,0.3,skipped,shift not applicable: dataset has no categorical features
problem,,,,,,,pendigits,hist_gbdt,categorical_covariate_shift,0.4,skipped,shift not applicable: dataset has no categorical features
problem,,,,,,,pendigits,logreg,categorical_covariate_shift,0.0,skipped,shift not applicable: dataset has no categorical features
problem,,,,,,,pendigits,logreg,categorical_covariate_shift,0.05,skipped,shift not applicable: dataset has no categorical features
problem,,,,,,,pendigits,logreg,categorical_covariate_shift,0.1,skipped,shift not applicable: dataset has no categorical features
problem,,,,,,,pendigits,logreg,categorical_covariate_shift,0.2,skipped,shift not applicable: dataset has no categorical features
problem,,,,,,,pendigits,logreg,categorical_covariate_shift,0.3,skipped,shift not applicable: dataset has no categorical features
problem,,,,,,,pendigits,logreg,categorical_covariate_shift,0.4,skipped,shift not applicable: dataset has no categorical features
problem,,,,,,,pendigits,tabicl,categorical_covariate_shift,0.0,skipped,shift not applicable: dataset has no categorical features
problem,,,,,,,pendigits,tabicl,categorical_covariate_shift,0.05,skipped,shift not applicable: dataset has no categorical features
problem,,,,,,,pendigits,tabicl,categorical_covariate_shift,0.1,skipped,shift not applicable: dataset has no categorical features
problem,,,,,,,pendigits,tabicl,categorical_covariate_shift,0.2,skipped,shift not applicable: dataset has no categorical features
problem,,,,,,,pendigits,tabicl,categorical_covariate_shift,0.3,skipped,shift not applicable: dataset has no categorical features
problem,,,,,,,pendigits,tabicl,categorical_covariate_shift,0.4,skipped,shift not applicable: dataset has no categorical features
problem,,,,,,,pendigits,tabpfn,categorical_covariate_shift,0.0,skipped,shift not applicable: dataset has no categorical features
problem,,,,,,,pendigits,tabpfn,categorical_covariate_shift,0.05,skipped,shift not applicable: dataset has no categorical features
problem,,,,,,,pendigits,tabpfn,categorical_covariate_shift,0.1,skipped,shift not applicable: dataset has no categorical features
problem,,,,,,,pendigits,tabpfn,categorical_covariate_shift,0.2,skipped,shift not applicable: dataset has no categorical features
problem,,,,,,,pendigits,tabpfn,categorical_covariate_shift,0.3,skipped,shift not applicable: dataset has no categorical features
problem,,,,,,,pendigits,tabpfn,categorical_covariate_shift,0.4,skipped,shift not applicable: dataset has no categorical features
problem,,,,,,,pendigits,xgboost,categorical_covariate_shift,0.0,skipped,shift not applicable: dataset has no categorical features
problem,,,,,,,pendigits,xgboost,categorical_covariate_shift,0.05,skipped,shift not applicable: dataset has no categorical features
problem,,,,,,,pendigits,xgboost,categorical_covariate_shift,0.1,skipped,shift not applicable: dataset has no categorical features
problem,,,,,,,pendigits,xgboost,categorical_covariate_shift,0.2,skipped,shift not applicable: dataset has no categorical features
problem,,,,,,,pendigits,xgboost,categorical_covariate_shift,0.3,skipped,shift not applicable: dataset has no categorical features
problem,,,,,,,pendigits,xgboost,categorical_covariate_shift,0.4,skipped,shift not applicable: dataset has no categorical features
problem,,,,,,,phoneme,catboost,categorical_covariate_shift,0.0,skipped,shift not applicable: dataset has no categorical features
problem,,,,,,,phoneme,catboost,categorical_covariate_shift,0.05,skipped,shift not applicable: dataset has no categorical features
problem,,,,,,,phoneme,catboost,categorical_covariate_shift,0.1,skipped,shift not applicable: dataset has no categorical features
problem,,,,,,,phoneme,catboost,categorical_covariate_shift,0.2,skipped,shift not applicable: dataset has no categorical features
problem,,,,,,,phoneme,catboost,categorical_covariate_shift,0.3,skipped,shift not applicable: dataset has no categorical features
problem,,,,,,,phoneme,catboost,categorical_covariate_shift,0.4,skipped,shift not applicable: dataset has no categorical features
problem,,,,,,,phoneme,hist_gbdt,categorical_covariate_shift,0.0,skipped,shift not applicable: dataset has no categorical features
problem,,,,,,,phoneme,hist_gbdt,categorical_covariate_shift,0.05,skipped,shift not applicable: dataset has no categorical features
problem,,,,,,,phoneme,hist_gbdt,categorical_covariate_shift,0.1,skipped,shift not applicable: dataset has no categorical features
problem,,,,,,,phoneme,hist_gbdt,categorical_covariate_shift,0.2,skipped,shift not applicable: dataset has no categorical features
problem,,,,,,,phoneme,hist_gbdt,categorical_covariate_shift,0.3,skipped,shift not applicable: dataset has no categorical features
problem,,,,,,,phoneme,hist_gbdt,categorical_covariate_shift,0.4,skipped,shift not applicable: dataset has no categorical features
problem,,,,,,,phoneme,logreg,categorical_covariate_shift,0.0,skipped,shift not applicable: dataset has no categorical features
problem,,,,,,,phoneme,logreg,categorical_covariate_shift,0.05,skipped,shift not applicable: dataset has no categorical features
problem,,,,,,,phoneme,logreg,categorical_covariate_shift,0.1,skipped,shift not applicable: dataset has no categorical features
problem,,,,,,,phoneme,logreg,categorical_covariate_shift,0.2,skipped,shift not applicable: dataset has no categorical features
problem,,,,,,,phoneme,logreg,categorical_covariate_shift,0.3,skipped,shift not applicable: dataset has no categorical features
problem,,,,,,,phoneme,logreg,categorical_covariate_shift,0.4,skipped,shift not applicable: dataset has no categorical features
problem,,,,,,,phoneme,tabicl,categorical_covariate_shift,0.0,skipped,shift not applicable: dataset has no categorical features
problem,,,,,,,phoneme,tabicl,categorical_covariate_shift,0.05,skipped,shift not applicable: dataset has no categorical features
problem,,,,,,,phoneme,tabicl,categorical_covariate_shift,0.1,skipped,shift not applicable: dataset has no categorical features
problem,,,,,,,phoneme,tabicl,categorical_covariate_shift,0.2,skipped,shift not applicable: dataset has no categorical features
problem,,,,,,,phoneme,tabicl,categorical_covariate_shift,0.3,skipped,shift not applicable: dataset has no categorical features
problem,,,,,,,phoneme,tabicl,categorical_covariate_shift,0.4,skipped,shift not applicable: dataset has no categorical features
problem,,,,,,,phoneme,tabpfn,categorical_covariate_shift,0.0,skipped,shift not applicable: dataset has no categorical features
problem,,,,,,,phoneme,tabpfn,categorical_covariate_shift,0.05,skipped,shift not applicable: dataset has no categorical features
problem,,,,,,,phoneme,tabpfn,categorical_covariate_shift,0.1,skipped,shift not applicable: dataset has no categorical features
problem,,,,,,,phoneme,tabpfn,categorical_covariate_shift,0.2,skipped,shift not applicable: dataset has no categorical features
problem,,,,,,,phoneme,tabpfn,categorical_covariate_shift,0.3,skipped,shift not applicable: dataset has no categorical features
problem,,,,,,,phoneme,tabpfn,categorical_covariate_shift,0.4,skipped,shift not applicable: dataset has no categorical features
problem,,,,,,,phoneme,xgboost,categorical_covariate_shift,0.0,skipped,shift not applicable: dataset has no categorical features
problem,,,,,,,phoneme,xgboost,categorical_covariate_shift,0.05,skipped,shift not applicable: dataset has no categorical features
problem,,,,,,,phoneme,xgboost,categorical_covariate_shift,0.1,skipped,shift not applicable: dataset has no categorical features
problem,,,,,,,phoneme,xgboost,categorical_covariate_shift,0.2,skipped,shift not applicable: dataset has no categorical features
problem,,,,,,,phoneme,xgboost,categorical_covariate_shift,0.3,skipped,shift not applicable: dataset has no categorical features
problem,,,,,,,phoneme,xgboost,categorical_covariate_shift,0.4,skipped,shift not applicable: dataset has no categorical features
problem,,,,,,,qsar-biodeg,catboost,categorical_covariate_shift,0.0,skipped,shift not applicable: dataset has no categorical features
problem,,,,,,,qsar-biodeg,catboost,categorical_covariate_shift,0.05,skipped,shift not applicable: dataset has no categorical features
problem,,,,,,,qsar-biodeg,catboost,categorical_covariate_shift,0.1,skipped,shift not applicable: dataset has no categorical features
problem,,,,,,,qsar-biodeg,catboost,categorical_covariate_shift,0.2,skipped,shift not applicable: dataset has no categorical features
problem,,,,,,,qsar-biodeg,catboost,categorical_covariate_shift,0.3,skipped,shift not applicable: dataset has no categorical features
problem,,,,,,,qsar-biodeg,catboost,categorical_covariate_shift,0.4,skipped,shift not applicable: dataset has no categorical features
problem,,,,,,,qsar-biodeg,hist_gbdt,categorical_covariate_shift,0.0,skipped,shift not applicable: dataset has no categorical features
problem,,,,,,,qsar-biodeg,hist_gbdt,categorical_covariate_shift,0.05,skipped,shift not applicable: dataset has no categorical features
problem,,,,,,,qsar-biodeg,hist_gbdt,categorical_covariate_shift,0.1,skipped,shift not applicable: dataset has no categorical features
problem,,,,,,,qsar-biodeg,hist_gbdt,categorical_covariate_shift,0.2,skipped,shift not applicable: dataset has no categorical features
problem,,,,,,,qsar-biodeg,hist_gbdt,categorical_covariate_shift,0.3,skipped,shift not applicable: dataset has no categorical features
problem,,,,,,,qsar-biodeg,hist_gbdt,categorical_covariate_shift,0.4,skipped,shift not applicable: dataset has no categorical features
problem,,,,,,,qsar-biodeg,logreg,categorical_covariate_shift,0.0,skipped,shift not applicable: dataset has no categorical features
problem,,,,,,,qsar-biodeg,logreg,categorical_covariate_shift,0.05,skipped,shift not applicable: dataset has no categorical features
problem,,,,,,,qsar-biodeg,logreg,categorical_covariate_shift,0.1,skipped,shift not applicable: dataset has no categorical features
problem,,,,,,,qsar-biodeg,logreg,categorical_covariate_shift,0.2,skipped,shift not applicable: dataset has no categorical features
problem,,,,,,,qsar-biodeg,logreg,categorical_covariate_shift,0.3,skipped,shift not applicable: dataset has no categorical features
problem,,,,,,,qsar-biodeg,logreg,categorical_covariate_shift,0.4,skipped,shift not applicable: dataset has no categorical features
problem,,,,,,,qsar-biodeg,tabicl,categorical_covariate_shift,0.0,skipped,shift not applicable: dataset has no categorical features
problem,,,,,,,qsar-biodeg,tabicl,categorical_covariate_shift,0.05,skipped,shift not applicable: dataset has no categorical features
problem,,,,,,,qsar-biodeg,tabicl,categorical_covariate_shift,0.1,skipped,shift not applicable: dataset has no categorical features
problem,,,,,,,qsar-biodeg,tabicl,categorical_covariate_shift,0.2,skipped,shift not applicable: dataset has no categorical features
problem,,,,,,,qsar-biodeg,tabicl,categorical_covariate_shift,0.3,skipped,shift not applicable: dataset has no categorical features
problem,,,,,,,qsar-biodeg,tabicl,categorical_covariate_shift,0.4,skipped,shift not applicable: dataset has no categorical features
problem,,,,,,,qsar-biodeg,tabpfn,categorical_covariate_shift,0.0,skipped,shift not applicable: dataset has no categorical features
problem,,,,,,,qsar-biodeg,tabpfn,categorical_covariate_shift,0.05,skipped,shift not applicable: dataset has no categorical features
problem,,,,,,,qsar-biodeg,tabpfn,categorical_covariate_shift,0.1,skipped,shift not applicable: dataset has no categorical features
problem,,,,,,,qsar-biodeg,tabpfn,categorical_covariate_shift,0.2,skipped,shift not applicable: dataset has no categorical features
problem,,,,,,,qsar-biodeg,tabpfn,categorical_covariate_shift,0.3,skipped,shift not applicable: dataset has no categorical features
problem,,,,,,,qsar-biodeg,tabpfn,categorical_covariate_shift,0.4,skipped,shift not applicable: dataset has no categorical features
problem,,,,,,,qsar-biodeg,xgboost,categorical_covariate_shift,0.0,skipped,shift not applicable: dataset has no categorical features
problem,,,,,,,qsar-biodeg,xgboost,categorical_covariate_shift,0.05,skipped,shift not applicable: dataset has no categorical features
problem,,,,,,,qsar-biodeg,xgboost,categorical_covariate_shift,0.1,skipped,shift not applicable: dataset has no categorical features
problem,,,,,,,qsar-biodeg,xgboost,categorical_covariate_shift,0.2,skipped,shift not applicable: dataset has no categorical features
problem,,,,,,,qsar-biodeg,xgboost,categorical_covariate_shift,0.3,skipped,shift not applicable: dataset has no categorical features
problem,,,,,,,qsar-biodeg,xgboost,categorical_covariate_shift,0.4,skipped,shift not applicable: dataset has no categorical features
problem,,,,,,,satimage,catboost,categorical_covariate_shift,0.0,skipped,shift not applicable: dataset has no categorical features
problem,,,,,,,satimage,catboost,categorical_covariate_shift,0.05,skipped,shift not applicable: dataset has no categorical features
problem,,,,,,,satimage,catboost,categorical_covariate_shift,0.1,skipped,shift not applicable: dataset has no categorical features
problem,,,,,,,satimage,catboost,categorical_covariate_shift,0.2,skipped,shift not applicable: dataset has no categorical features
problem,,,,,,,satimage,catboost,categorical_covariate_shift,0.3,skipped,shift not applicable: dataset has no categorical features
problem,,,,,,,satimage,catboost,categorical_covariate_shift,0.4,skipped,shift not applicable: dataset has no categorical features
problem,,,,,,,satimage,hist_gbdt,categorical_covariate_shift,0.0,skipped,shift not applicable: dataset has no categorical features
problem,,,,,,,satimage,hist_gbdt,categorical_covariate_shift,0.05,skipped,shift not applicable: dataset has no categorical features
problem,,,,,,,satimage,hist_gbdt,categorical_covariate_shift,0.1,skipped,shift not applicable: dataset has no categorical features
problem,,,,,,,satimage,hist_gbdt,categorical_covariate_shift,0.2,skipped,shift not applicable: dataset has no categorical features
problem,,,,,,,satimage,hist_gbdt,categorical_covariate_shift,0.3,skipped,shift not applicable: dataset has no categorical features
problem,,,,,,,satimage,hist_gbdt,categorical_covariate_shift,0.4,skipped,shift not applicable: dataset has no categorical features
problem,,,,,,,satimage,logreg,categorical_covariate_shift,0.0,skipped,shift not applicable: dataset has no categorical features
problem,,,,,,,satimage,logreg,categorical_covariate_shift,0.05,skipped,shift not applicable: dataset has no categorical features
problem,,,,,,,satimage,logreg,categorical_covariate_shift,0.1,skipped,shift not applicable: dataset has no categorical features
problem,,,,,,,satimage,logreg,categorical_covariate_shift,0.2,skipped,shift not applicable: dataset has no categorical features
problem,,,,,,,satimage,logreg,categorical_covariate_shift,0.3,skipped,shift not applicable: dataset has no categorical features
problem,,,,,,,satimage,logreg,categorical_covariate_shift,0.4,skipped,shift not applicable: dataset has no categorical features
problem,,,,,,,satimage,tabicl,categorical_covariate_shift,0.0,skipped,shift not applicable: dataset has no categorical features
problem,,,,,,,satimage,tabicl,categorical_covariate_shift,0.05,skipped,shift not applicable: dataset has no categorical features
problem,,,,,,,satimage,tabicl,categorical_covariate_shift,0.1,skipped,shift not applicable: dataset has no categorical features
problem,,,,,,,satimage,tabicl,categorical_covariate_shift,0.2,skipped,shift not applicable: dataset has no categorical features
problem,,,,,,,satimage,tabicl,categorical_covariate_shift,0.3,skipped,shift not applicable: dataset has no categorical features
problem,,,,,,,satimage,tabicl,categorical_covariate_shift,0.4,skipped,shift not applicable: dataset has no categorical features
problem,,,,,,,satimage,tabpfn,categorical_covariate_shift,0.0,skipped,shift not applicable: dataset has no categorical features
problem,,,,,,,satimage,tabpfn,categorical_covariate_shift,0.05,skipped,shift not applicable: dataset has no categorical features
problem,,,,,,,satimage,tabpfn,categorical_covariate_shift,0.1,skipped,shift not applicable: dataset has no categorical features
problem,,,,,,,satimage,tabpfn,categorical_covariate_shift,0.2,skipped,shift not applicable: dataset has no categorical features
problem,,,,,,,satimage,tabpfn,categorical_covariate_shift,0.3,skipped,shift not applicable: dataset has no categorical features
problem,,,,,,,satimage,tabpfn,categorical_covariate_shift,0.4,skipped,shift not applicable: dataset has no categorical features
problem,,,,,,,satimage,xgboost,categorical_covariate_shift,0.0,skipped,shift not applicable: dataset has no categorical features
problem,,,,,,,satimage,xgboost,categorical_covariate_shift,0.05,skipped,shift not applicable: dataset has no categorical features
problem,,,,,,,satimage,xgboost,categorical_covariate_shift,0.1,skipped,shift not applicable: dataset has no categorical features
problem,,,,,,,satimage,xgboost,categorical_covariate_shift,0.2,skipped,shift not applicable: dataset has no categorical features
problem,,,,,,,satimage,xgboost,categorical_covariate_shift,0.3,skipped,shift not applicable: dataset has no categorical features
problem,,,,,,,satimage,xgboost,categorical_covariate_shift,0.4,skipped,shift not applicable: dataset has no categorical features
problem,,,,,,,segment,catboost,categorical_covariate_shift,0.0,skipped,shift not applicable: dataset has no categorical features
problem,,,,,,,segment,catboost,categorical_covariate_shift,0.05,skipped,shift not applicable: dataset has no categorical features
problem,,,,,,,segment,catboost,categorical_covariate_shift,0.1,skipped,shift not applicable: dataset has no categorical features
problem,,,,,,,segment,catboost,categorical_covariate_shift,0.2,skipped,shift not applicable: dataset has no categorical features
problem,,,,,,,segment,catboost,categorical_covariate_shift,0.3,skipped,shift not applicable: dataset has no categorical features
problem,,,,,,,segment,catboost,categorical_covariate_shift,0.4,skipped,shift not applicable: dataset has no categorical features
problem,,,,,,,segment,hist_gbdt,categorical_covariate_shift,0.0,skipped,shift not applicable: dataset has no categorical features
problem,,,,,,,segment,hist_gbdt,categorical_covariate_shift,0.05,skipped,shift not applicable: dataset has no categorical features
problem,,,,,,,segment,hist_gbdt,categorical_covariate_shift,0.1,skipped,shift not applicable: dataset has no categorical features
problem,,,,,,,segment,hist_gbdt,categorical_covariate_shift,0.2,skipped,shift not applicable: dataset has no categorical features
problem,,,,,,,segment,hist_gbdt,categorical_covariate_shift,0.3,skipped,shift not applicable: dataset has no categorical features
problem,,,,,,,segment,hist_gbdt,categorical_covariate_shift,0.4,skipped,shift not applicable: dataset has no categorical features
problem,,,,,,,segment,logreg,categorical_covariate_shift,0.0,skipped,shift not applicable: dataset has no categorical features
problem,,,,,,,segment,logreg,categorical_covariate_shift,0.05,skipped,shift not applicable: dataset has no categorical features
problem,,,,,,,segment,logreg,categorical_covariate_shift,0.1,skipped,shift not applicable: dataset has no categorical features
problem,,,,,,,segment,logreg,categorical_covariate_shift,0.2,skipped,shift not applicable: dataset has no categorical features
problem,,,,,,,segment,logreg,categorical_covariate_shift,0.3,skipped,shift not applicable: dataset has no categorical features
problem,,,,,,,segment,logreg,categorical_covariate_shift,0.4,skipped,shift not applicable: dataset has no categorical features
problem,,,,,,,segment,tabicl,categorical_covariate_shift,0.0,skipped,shift not applicable: dataset has no categorical features
problem,,,,,,,segment,tabicl,categorical_covariate_shift,0.05,skipped,shift not applicable: dataset has no categorical features
problem,,,,,,,segment,tabicl,categorical_covariate_shift,0.1,skipped,shift not applicable: dataset has no categorical features
problem,,,,,,,segment,tabicl,categorical_covariate_shift,0.2,skipped,shift not applicable: dataset has no categorical features
problem,,,,,,,segment,tabicl,categorical_covariate_shift,0.3,skipped,shift not applicable: dataset has no categorical features
problem,,,,,,,segment,tabicl,categorical_covariate_shift,0.4,skipped,shift not applicable: dataset has no categorical features
problem,,,,,,,segment,tabpfn,categorical_covariate_shift,0.0,skipped,shift not applicable: dataset has no categorical features
problem,,,,,,,segment,tabpfn,categorical_covariate_shift,0.05,skipped,shift not applicable: dataset has no categorical features
problem,,,,,,,segment,tabpfn,categorical_covariate_shift,0.1,skipped,shift not applicable: dataset has no categorical features
problem,,,,,,,segment,tabpfn,categorical_covariate_shift,0.2,skipped,shift not applicable: dataset has no categorical features
problem,,,,,,,segment,tabpfn,categorical_covariate_shift,0.3,skipped,shift not applicable: dataset has no categorical features
problem,,,,,,,segment,tabpfn,categorical_covariate_shift,0.4,skipped,shift not applicable: dataset has no categorical features
problem,,,,,,,segment,xgboost,categorical_covariate_shift,0.0,skipped,shift not applicable: dataset has no categorical features
problem,,,,,,,segment,xgboost,categorical_covariate_shift,0.05,skipped,shift not applicable: dataset has no categorical features
problem,,,,,,,segment,xgboost,categorical_covariate_shift,0.1,skipped,shift not applicable: dataset has no categorical features
problem,,,,,,,segment,xgboost,categorical_covariate_shift,0.2,skipped,shift not applicable: dataset has no categorical features
problem,,,,,,,segment,xgboost,categorical_covariate_shift,0.3,skipped,shift not applicable: dataset has no categorical features
problem,,,,,,,segment,xgboost,categorical_covariate_shift,0.4,skipped,shift not applicable: dataset has no categorical features
problem,,,,,,,spambase,catboost,categorical_covariate_shift,0.0,skipped,shift not applicable: dataset has no categorical features
problem,,,,,,,spambase,catboost,categorical_covariate_shift,0.05,skipped,shift not applicable: dataset has no categorical features
problem,,,,,,,spambase,catboost,categorical_covariate_shift,0.1,skipped,shift not applicable: dataset has no categorical features
problem,,,,,,,spambase,catboost,categorical_covariate_shift,0.2,skipped,shift not applicable: dataset has no categorical features
problem,,,,,,,spambase,catboost,categorical_covariate_shift,0.3,skipped,shift not applicable: dataset has no categorical features
problem,,,,,,,spambase,catboost,categorical_covariate_shift,0.4,skipped,shift not applicable: dataset has no categorical features
problem,,,,,,,spambase,hist_gbdt,categorical_covariate_shift,0.0,skipped,shift not applicable: dataset has no categorical features
problem,,,,,,,spambase,hist_gbdt,categorical_covariate_shift,0.05,skipped,shift not applicable: dataset has no categorical features
problem,,,,,,,spambase,hist_gbdt,categorical_covariate_shift,0.1,skipped,shift not applicable: dataset has no categorical features
problem,,,,,,,spambase,hist_gbdt,categorical_covariate_shift,0.2,skipped,shift not applicable: dataset has no categorical features
problem,,,,,,,spambase,hist_gbdt,categorical_covariate_shift,0.3,skipped,shift not applicable: dataset has no categorical features
problem,,,,,,,spambase,hist_gbdt,categorical_covariate_shift,0.4,skipped,shift not applicable: dataset has no categorical features
problem,,,,,,,spambase,logreg,categorical_covariate_shift,0.0,skipped,shift not applicable: dataset has no categorical features
problem,,,,,,,spambase,logreg,categorical_covariate_shift,0.05,skipped,shift not applicable: dataset has no categorical features
problem,,,,,,,spambase,logreg,categorical_covariate_shift,0.1,skipped,shift not applicable: dataset has no categorical features
problem,,,,,,,spambase,logreg,categorical_covariate_shift,0.2,skipped,shift not applicable: dataset has no categorical features
problem,,,,,,,spambase,logreg,categorical_covariate_shift,0.3,skipped,shift not applicable: dataset has no categorical features
problem,,,,,,,spambase,logreg,categorical_covariate_shift,0.4,skipped,shift not applicable: dataset has no categorical features
problem,,,,,,,spambase,tabicl,categorical_covariate_shift,0.0,skipped,shift not applicable: dataset has no categorical features
problem,,,,,,,spambase,tabicl,categorical_covariate_shift,0.05,skipped,shift not applicable: dataset has no categorical features
problem,,,,,,,spambase,tabicl,categorical_covariate_shift,0.1,skipped,shift not applicable: dataset has no categorical features
problem,,,,,,,spambase,tabicl,categorical_covariate_shift,0.2,skipped,shift not applicable: dataset has no categorical features
problem,,,,,,,spambase,tabicl,categorical_covariate_shift,0.3,skipped,shift not applicable: dataset has no categorical features
problem,,,,,,,spambase,tabicl,categorical_covariate_shift,0.4,skipped,shift not applicable: dataset has no categorical features
problem,,,,,,,spambase,tabpfn,categorical_covariate_shift,0.0,skipped,shift not applicable: dataset has no categorical features
problem,,,,,,,spambase,tabpfn,categorical_covariate_shift,0.05,skipped,shift not applicable: dataset has no categorical features
problem,,,,,,,spambase,tabpfn,categorical_covariate_shift,0.1,skipped,shift not applicable: dataset has no categorical features
problem,,,,,,,spambase,tabpfn,categorical_covariate_shift,0.2,skipped,shift not applicable: dataset has no categorical features
problem,,,,,,,spambase,tabpfn,categorical_covariate_shift,0.3,skipped,shift not applicable: dataset has no categorical features
problem,,,,,,,spambase,tabpfn,categorical_covariate_shift,0.4,skipped,shift not applicable: dataset has no categorical features
problem,,,,,,,spambase,xgboost,categorical_covariate_shift,0.0,skipped,shift not applicable: dataset has no categorical features
problem,,,,,,,spambase,xgboost,categorical_covariate_shift,0.05,skipped,shift not applicable: dataset has no categorical features
problem,,,,,,,spambase,xgboost,categorical_covariate_shift,0.1,skipped,shift not applicable: dataset has no categorical features
problem,,,,,,,spambase,xgboost,categorical_covariate_shift,0.2,skipped,shift not applicable: dataset has no categorical features
problem,,,,,,,spambase,xgboost,categorical_covariate_shift,0.3,skipped,shift not applicable: dataset has no categorical features
problem,,,,,,,spambase,xgboost,categorical_covariate_shift,0.4,skipped,shift not applicable: dataset has no categorical features
problem,,,,,,,steel-plates-fault,catboost,categorical_covariate_shift,0.0,skipped,shift not applicable: dataset has no categorical features
problem,,,,,,,steel-plates-fault,catboost,categorical_covariate_shift,0.05,skipped,shift not applicable: dataset has no categorical features
problem,,,,,,,steel-plates-fault,catboost,categorical_covariate_shift,0.1,skipped,shift not applicable: dataset has no categorical features
problem,,,,,,,steel-plates-fault,catboost,categorical_covariate_shift,0.2,skipped,shift not applicable: dataset has no categorical features
problem,,,,,,,steel-plates-fault,catboost,categorical_covariate_shift,0.3,skipped,shift not applicable: dataset has no categorical features
problem,,,,,,,steel-plates-fault,catboost,categorical_covariate_shift,0.4,skipped,shift not applicable: dataset has no categorical features
problem,,,,,,,steel-plates-fault,hist_gbdt,categorical_covariate_shift,0.0,skipped,shift not applicable: dataset has no categorical features
problem,,,,,,,steel-plates-fault,hist_gbdt,categorical_covariate_shift,0.05,skipped,shift not applicable: dataset has no categorical features
problem,,,,,,,steel-plates-fault,hist_gbdt,categorical_covariate_shift,0.1,skipped,shift not applicable: dataset has no categorical features
problem,,,,,,,steel-plates-fault,hist_gbdt,categorical_covariate_shift,0.2,skipped,shift not applicable: dataset has no categorical features
problem,,,,,,,steel-plates-fault,hist_gbdt,categorical_covariate_shift,0.3,skipped,shift not applicable: dataset has no categorical features
problem,,,,,,,steel-plates-fault,hist_gbdt,categorical_covariate_shift,0.4,skipped,shift not applicable: dataset has no categorical features
problem,,,,,,,steel-plates-fault,logreg,categorical_covariate_shift,0.0,skipped,shift not applicable: dataset has no categorical features
problem,,,,,,,steel-plates-fault,logreg,categorical_covariate_shift,0.05,skipped,shift not applicable: dataset has no categorical features
problem,,,,,,,steel-plates-fault,logreg,categorical_covariate_shift,0.1,skipped,shift not applicable: dataset has no categorical features
problem,,,,,,,steel-plates-fault,logreg,categorical_covariate_shift,0.2,skipped,shift not applicable: dataset has no categorical features
problem,,,,,,,steel-plates-fault,logreg,categorical_covariate_shift,0.3,skipped,shift not applicable: dataset has no categorical features
problem,,,,,,,steel-plates-fault,logreg,categorical_covariate_shift,0.4,skipped,shift not applicable: dataset has no categorical features
problem,,,,,,,steel-plates-fault,tabicl,categorical_covariate_shift,0.0,skipped,shift not applicable: dataset has no categorical features
problem,,,,,,,steel-plates-fault,tabicl,categorical_covariate_shift,0.05,skipped,shift not applicable: dataset has no categorical features
problem,,,,,,,steel-plates-fault,tabicl,categorical_covariate_shift,0.1,skipped,shift not applicable: dataset has no categorical features
problem,,,,,,,steel-plates-fault,tabicl,categorical_covariate_shift,0.2,skipped,shift not applicable: dataset has no categorical features
problem,,,,,,,steel-plates-fault,tabicl,categorical_covariate_shift,0.3,skipped,shift not applicable: dataset has no categorical features
problem,,,,,,,steel-plates-fault,tabicl,categorical_covariate_shift,0.4,skipped,shift not applicable: dataset has no categorical features
problem,,,,,,,steel-plates-fault,tabpfn,categorical_covariate_shift,0.0,skipped,shift not applicable: dataset has no categorical features
problem,,,,,,,steel-plates-fault,tabpfn,categorical_covariate_shift,0.05,skipped,shift not applicable: dataset has no categorical features
problem,,,,,,,steel-plates-fault,tabpfn,categorical_covariate_shift,0.1,skipped,shift not applicable: dataset has no categorical features
problem,,,,,,,steel-plates-fault,tabpfn,categorical_covariate_shift,0.2,skipped,shift not applicable: dataset has no categorical features
problem,,,,,,,steel-plates-fault,tabpfn,categorical_covariate_shift,0.3,skipped,shift not applicable: dataset has no categorical features
problem,,,,,,,steel-plates-fault,tabpfn,categorical_covariate_shift,0.4,skipped,shift not applicable: dataset has no categorical features
problem,,,,,,,steel-plates-fault,xgboost,categorical_covariate_shift,0.0,skipped,shift not applicable: dataset has no categorical features
problem,,,,,,,steel-plates-fault,xgboost,categorical_covariate_shift,0.05,skipped,shift not applicable: dataset has no categorical features
problem,,,,,,,steel-plates-fault,xgboost,categorical_covariate_shift,0.1,skipped,shift not applicable: dataset has no categorical features
problem,,,,,,,steel-plates-fault,xgboost,categorical_covariate_shift,0.2,skipped,shift not applicable: dataset has no categorical features
problem,,,,,,,steel-plates-fault,xgboost,categorical_covariate_shift,0.3,skipped,shift not applicable: dataset has no categorical features
problem,,,,,,,steel-plates-fault,xgboost,categorical_covariate_shift,0.4,skipped,shift not applicable: dataset has no categorical features
problem,,,,,,,texture,catboost,categorical_covariate_shift,0.0,skipped,shift not applicable: dataset has no categorical features
problem,,,,,,,texture,catboost,categorical_covariate_shift,0.05,skipped,shift not applicable: dataset has no categorical features
problem,,,,,,,texture,catboost,categorical_covariate_shift,0.1,skipped,shift not applicable: dataset has no categorical features
problem,,,,,,,texture,catboost,categorical_covariate_shift,0.2,skipped,shift not applicable: dataset has no categorical features
problem,,,,,,,texture,catboost,categorical_covariate_shift,0.3,skipped,shift not applicable: dataset has no categorical features
problem,,,,,,,texture,catboost,categorical_covariate_shift,0.4,skipped,shift not applicable: dataset has no categorical features
problem,,,,,,,texture,hist_gbdt,categorical_covariate_shift,0.0,skipped,shift not applicable: dataset has no categorical features
problem,,,,,,,texture,hist_gbdt,categorical_covariate_shift,0.05,skipped,shift not applicable: dataset has no categorical features
problem,,,,,,,texture,hist_gbdt,categorical_covariate_shift,0.1,skipped,shift not applicable: dataset has no categorical features
problem,,,,,,,texture,hist_gbdt,categorical_covariate_shift,0.2,skipped,shift not applicable: dataset has no categorical features
problem,,,,,,,texture,hist_gbdt,categorical_covariate_shift,0.3,skipped,shift not applicable: dataset has no categorical features
problem,,,,,,,texture,hist_gbdt,categorical_covariate_shift,0.4,skipped,shift not applicable: dataset has no categorical features
problem,,,,,,,texture,logreg,categorical_covariate_shift,0.0,skipped,shift not applicable: dataset has no categorical features
problem,,,,,,,texture,logreg,categorical_covariate_shift,0.05,skipped,shift not applicable: dataset has no categorical features
problem,,,,,,,texture,logreg,categorical_covariate_shift,0.1,skipped,shift not applicable: dataset has no categorical features
problem,,,,,,,texture,logreg,categorical_covariate_shift,0.2,skipped,shift not applicable: dataset has no categorical features
problem,,,,,,,texture,logreg,categorical_covariate_shift,0.3,skipped,shift not applicable: dataset has no categorical features
problem,,,,,,,texture,logreg,categorical_covariate_shift,0.4,skipped,shift not applicable: dataset has no categorical features
problem,,,,,,,texture,tabicl,categorical_covariate_shift,0.0,skipped,shift not applicable: dataset has no categorical features
problem,,,,,,,texture,tabicl,categorical_covariate_shift,0.05,skipped,shift not applicable: dataset has no categorical features
problem,,,,,,,texture,tabicl,categorical_covariate_shift,0.1,skipped,shift not applicable: dataset has no categorical features
problem,,,,,,,texture,tabicl,categorical_covariate_shift,0.2,skipped,shift not applicable: dataset has no categorical features
problem,,,,,,,texture,tabicl,categorical_covariate_shift,0.3,skipped,shift not applicable: dataset has no categorical features
problem,,,,,,,texture,tabicl,categorical_covariate_shift,0.4,skipped,shift not applicable: dataset has no categorical features
problem,,,,,,,texture,tabpfn,categorical_covariate_shift,0.0,skipped,shift not applicable: dataset has no categorical features
problem,,,,,,,texture,tabpfn,categorical_covariate_shift,0.05,skipped,shift not applicable: dataset has no categorical features
problem,,,,,,,texture,tabpfn,categorical_covariate_shift,0.1,skipped,shift not applicable: dataset has no categorical features
problem,,,,,,,texture,tabpfn,categorical_covariate_shift,0.2,skipped,shift not applicable: dataset has no categorical features
problem,,,,,,,texture,tabpfn,categorical_covariate_shift,0.3,skipped,shift not applicable: dataset has no categorical features
problem,,,,,,,texture,tabpfn,categorical_covariate_shift,0.4,skipped,shift not applicable: dataset has no categorical features
problem,,,,,,,texture,xgboost,categorical_covariate_shift,0.0,skipped,shift not applicable: dataset has no categorical features
problem,,,,,,,texture,xgboost,categorical_covariate_shift,0.05,skipped,shift not applicable: dataset has no categorical features
problem,,,,,,,texture,xgboost,categorical_covariate_shift,0.1,skipped,shift not applicable: dataset has no categorical features
problem,,,,,,,texture,xgboost,categorical_covariate_shift,0.2,skipped,shift not applicable: dataset has no categorical features
problem,,,,,,,texture,xgboost,categorical_covariate_shift,0.3,skipped,shift not applicable: dataset has no categorical features
problem,,,,,,,texture,xgboost,categorical_covariate_shift,0.4,skipped,shift not applicable: dataset has no categorical features
problem,,,,,,,vehicle,catboost,categorical_covariate_shift,0.0,skipped,shift not applicable: dataset has no categorical features
problem,,,,,,,vehicle,catboost,categorical_covariate_shift,0.05,skipped,shift not applicable: dataset has no categorical features
problem,,,,,,,vehicle,catboost,categorical_covariate_shift,0.1,skipped,shift not applicable: dataset has no categorical features
problem,,,,,,,vehicle,catboost,categorical_covariate_shift,0.2,skipped,shift not applicable: dataset has no categorical features
problem,,,,,,,vehicle,catboost,categorical_covariate_shift,0.3,skipped,shift not applicable: dataset has no categorical features
problem,,,,,,,vehicle,catboost,categorical_covariate_shift,0.4,skipped,shift not applicable: dataset has no categorical features
problem,,,,,,,vehicle,hist_gbdt,categorical_covariate_shift,0.0,skipped,shift not applicable: dataset has no categorical features
problem,,,,,,,vehicle,hist_gbdt,categorical_covariate_shift,0.05,skipped,shift not applicable: dataset has no categorical features
problem,,,,,,,vehicle,hist_gbdt,categorical_covariate_shift,0.1,skipped,shift not applicable: dataset has no categorical features
problem,,,,,,,vehicle,hist_gbdt,categorical_covariate_shift,0.2,skipped,shift not applicable: dataset has no categorical features
problem,,,,,,,vehicle,hist_gbdt,categorical_covariate_shift,0.3,skipped,shift not applicable: dataset has no categorical features
problem,,,,,,,vehicle,hist_gbdt,categorical_covariate_shift,0.4,skipped,shift not applicable: dataset has no categorical features
problem,,,,,,,vehicle,logreg,categorical_covariate_shift,0.0,skipped,shift not applicable: dataset has no categorical features
problem,,,,,,,vehicle,logreg,categorical_covariate_shift,0.05,skipped,shift not applicable: dataset has no categorical features
problem,,,,,,,vehicle,logreg,categorical_covariate_shift,0.1,skipped,shift not applicable: dataset has no categorical features
problem,,,,,,,vehicle,logreg,categorical_covariate_shift,0.2,skipped,shift not applicable: dataset has no categorical features
problem,,,,,,,vehicle,logreg,categorical_covariate_shift,0.3,skipped,shift not applicable: dataset has no categorical features
problem,,,,,,,vehicle,logreg,categorical_covariate_shift,0.4,skipped,shift not applicable: dataset has no categorical features
problem,,,,,,,vehicle,tabicl,categorical_covariate_shift,0.0,skipped,shift not applicable: dataset has no categorical features
problem,,,,,,,vehicle,tabicl,categorical_covariate_shift,0.05,skipped,shift not applicable: dataset has no categorical features
problem,,,,,,,vehicle,tabicl,categorical_covariate_shift,0.1,skipped,shift not applicable: dataset has no categorical features
problem,,,,,,,vehicle,tabicl,categorical_covariate_shift,0.2,skipped,shift not applicable: dataset has no categorical features
problem,,,,,,,vehicle,tabicl,categorical_covariate_shift,0.3,skipped,shift not applicable: dataset has no categorical features
problem,,,,,,,vehicle,tabicl,categorical_covariate_shift,0.4,skipped,shift not applicable: dataset has no categorical features
problem,,,,,,,vehicle,tabpfn,categorical_covariate_shift,0.0,skipped,shift not applicable: dataset has no categorical features
problem,,,,,,,vehicle,tabpfn,categorical_covariate_shift,0.05,skipped,shift not applicable: dataset has no categorical features
problem,,,,,,,vehicle,tabpfn,categorical_covariate_shift,0.1,skipped,shift not applicable: dataset has no categorical features
problem,,,,,,,vehicle,tabpfn,categorical_covariate_shift,0.2,skipped,shift not applicable: dataset has no categorical features
problem,,,,,,,vehicle,tabpfn,categorical_covariate_shift,0.3,skipped,shift not applicable: dataset has no categorical features
problem,,,,,,,vehicle,tabpfn,categorical_covariate_shift,0.4,skipped,shift not applicable: dataset has no categorical features
problem,,,,,,,vehicle,xgboost,categorical_covariate_shift,0.0,skipped,shift not applicable: dataset has no categorical features
problem,,,,,,,vehicle,xgboost,categorical_covariate_shift,0.05,skipped,shift not applicable: dataset has no categorical features
problem,,,,,,,vehicle,xgboost,categorical_covariate_shift,0.1,skipped,shift not applicable: dataset has no categorical features
problem,,,,,,,vehicle,xgboost,categorical_covariate_shift,0.2,skipped,shift not applicable: dataset has no categorical features
problem,,,,,,,vehicle,xgboost,categorical_covariate_shift,0.3,skipped,shift not applicable: dataset has no categorical features
problem,,,,,,,vehicle,xgboost,categorical_covariate_shift,0.4,skipped,shift not applicable: dataset has no categorical features
problem,,,,,,,wall-robot-navigation,catboost,categorical_covariate_shift,0.0,skipped,shift not applicable: dataset has no categorical features
problem,,,,,,,wall-robot-navigation,catboost,categorical_covariate_shift,0.05,skipped,shift not applicable: dataset has no categorical features
problem,,,,,,,wall-robot-navigation,catboost,categorical_covariate_shift,0.1,skipped,shift not applicable: dataset has no categorical features
problem,,,,,,,wall-robot-navigation,catboost,categorical_covariate_shift,0.2,skipped,shift not applicable: dataset has no categorical features
problem,,,,,,,wall-robot-navigation,catboost,categorical_covariate_shift,0.3,skipped,shift not applicable: dataset has no categorical features
problem,,,,,,,wall-robot-navigation,catboost,categorical_covariate_shift,0.4,skipped,shift not applicable: dataset has no categorical features
problem,,,,,,,wall-robot-navigation,hist_gbdt,categorical_covariate_shift,0.0,skipped,shift not applicable: dataset has no categorical features
problem,,,,,,,wall-robot-navigation,hist_gbdt,categorical_covariate_shift,0.05,skipped,shift not applicable: dataset has no categorical features
problem,,,,,,,wall-robot-navigation,hist_gbdt,categorical_covariate_shift,0.1,skipped,shift not applicable: dataset has no categorical features
problem,,,,,,,wall-robot-navigation,hist_gbdt,categorical_covariate_shift,0.2,skipped,shift not applicable: dataset has no categorical features
problem,,,,,,,wall-robot-navigation,hist_gbdt,categorical_covariate_shift,0.3,skipped,shift not applicable: dataset has no categorical features
problem,,,,,,,wall-robot-navigation,hist_gbdt,categorical_covariate_shift,0.4,skipped,shift not applicable: dataset has no categorical features
problem,,,,,,,wall-robot-navigation,logreg,categorical_covariate_shift,0.0,skipped,shift not applicable: dataset has no categorical features
problem,,,,,,,wall-robot-navigation,logreg,categorical_covariate_shift,0.05,skipped,shift not applicable: dataset has no categorical features
problem,,,,,,,wall-robot-navigation,logreg,categorical_covariate_shift,0.1,skipped,shift not applicable: dataset has no categorical features
problem,,,,,,,wall-robot-navigation,logreg,categorical_covariate_shift,0.2,skipped,shift not applicable: dataset has no categorical features
problem,,,,,,,wall-robot-navigation,logreg,categorical_covariate_shift,0.3,skipped,shift not applicable: dataset has no categorical features
problem,,,,,,,wall-robot-navigation,logreg,categorical_covariate_shift,0.4,skipped,shift not applicable: dataset has no categorical features
problem,,,,,,,wall-robot-navigation,tabicl,categorical_covariate_shift,0.0,skipped,shift not applicable: dataset has no categorical features
problem,,,,,,,wall-robot-navigation,tabicl,categorical_covariate_shift,0.05,skipped,shift not applicable: dataset has no categorical features
problem,,,,,,,wall-robot-navigation,tabicl,categorical_covariate_shift,0.1,skipped,shift not applicable: dataset has no categorical features
problem,,,,,,,wall-robot-navigation,tabicl,categorical_covariate_shift,0.2,skipped,shift not applicable: dataset has no categorical features
problem,,,,,,,wall-robot-navigation,tabicl,categorical_covariate_shift,0.3,skipped,shift not applicable: dataset has no categorical features
problem,,,,,,,wall-robot-navigation,tabicl,categorical_covariate_shift,0.4,skipped,shift not applicable: dataset has no categorical features
problem,,,,,,,wall-robot-navigation,tabpfn,categorical_covariate_shift,0.0,skipped,shift not applicable: dataset has no categorical features
problem,,,,,,,wall-robot-navigation,tabpfn,categorical_covariate_shift,0.05,skipped,shift not applicable: dataset has no categorical features
problem,,,,,,,wall-robot-navigation,tabpfn,categorical_covariate_shift,0.1,skipped,shift not applicable: dataset has no categorical features
problem,,,,,,,wall-robot-navigation,tabpfn,categorical_covariate_shift,0.2,skipped,shift not applicable: dataset has no categorical features
problem,,,,,,,wall-robot-navigation,tabpfn,categorical_covariate_shift,0.3,skipped,shift not applicable: dataset has no categorical features
problem,,,,,,,wall-robot-navigation,tabpfn,categorical_covariate_shift,0.4,skipped,shift not applicable: dataset has no categorical features
problem,,,,,,,wall-robot-navigation,xgboost,categorical_covariate_shift,0.0,skipped,shift not applicable: dataset has no categorical features
problem,,,,,,,wall-robot-navigation,xgboost,categorical_covariate_shift,0.05,skipped,shift not applicable: dataset has no categorical features
problem,,,,,,,wall-robot-navigation,xgboost,categorical_covariate_shift,0.1,skipped,shift not applicable: dataset has no categorical features
problem,,,,,,,wall-robot-navigation,xgboost,categorical_covariate_shift,0.2,skipped,shift not applicable: dataset has no categorical features
problem,,,,,,,wall-robot-navigation,xgboost,categorical_covariate_shift,0.3,skipped,shift not applicable: dataset has no categorical features
problem,,,,,,,wall-robot-navigation,xgboost,categorical_covariate_shift,0.4,skipped,shift not applicable: dataset has no categorical features
problem,,,,,,,wdbc,catboost,categorical_covariate_shift,0.0,skipped,shift not applicable: dataset has no categorical features
problem,,,,,,,wdbc,catboost,categorical_covariate_shift,0.05,skipped,shift not applicable: dataset has no categorical features
problem,,,,,,,wdbc,catboost,categorical_covariate_shift,0.1,skipped,shift not applicable: dataset has no categorical features
problem,,,,,,,wdbc,catboost,categorical_covariate_shift,0.2,skipped,shift not applicable: dataset has no categorical features
problem,,,,,,,wdbc,catboost,categorical_covariate_shift,0.3,skipped,shift not applicable: dataset has no categorical features
problem,,,,,,,wdbc,catboost,categorical_covariate_shift,0.4,skipped,shift not applicable: dataset has no categorical features
problem,,,,,,,wdbc,hist_gbdt,categorical_covariate_shift,0.0,skipped,shift not applicable: dataset has no categorical features
problem,,,,,,,wdbc,hist_gbdt,categorical_covariate_shift,0.05,skipped,shift not applicable: dataset has no categorical features
problem,,,,,,,wdbc,hist_gbdt,categorical_covariate_shift,0.1,skipped,shift not applicable: dataset has no categorical features
problem,,,,,,,wdbc,hist_gbdt,categorical_covariate_shift,0.2,skipped,shift not applicable: dataset has no categorical features
problem,,,,,,,wdbc,hist_gbdt,categorical_covariate_shift,0.3,skipped,shift not applicable: dataset has no categorical features
problem,,,,,,,wdbc,hist_gbdt,categorical_covariate_shift,0.4,skipped,shift not applicable: dataset has no categorical features
problem,,,,,,,wdbc,logreg,categorical_covariate_shift,0.0,skipped,shift not applicable: dataset has no categorical features
problem,,,,,,,wdbc,logreg,categorical_covariate_shift,0.05,skipped,shift not applicable: dataset has no categorical features
problem,,,,,,,wdbc,logreg,categorical_covariate_shift,0.1,skipped,shift not applicable: dataset has no categorical features
problem,,,,,,,wdbc,logreg,categorical_covariate_shift,0.2,skipped,shift not applicable: dataset has no categorical features
problem,,,,,,,wdbc,logreg,categorical_covariate_shift,0.3,skipped,shift not applicable: dataset has no categorical features
problem,,,,,,,wdbc,logreg,categorical_covariate_shift,0.4,skipped,shift not applicable: dataset has no categorical features
problem,,,,,,,wdbc,tabicl,categorical_covariate_shift,0.0,skipped,shift not applicable: dataset has no categorical features
problem,,,,,,,wdbc,tabicl,categorical_covariate_shift,0.05,skipped,shift not applicable: dataset has no categorical features
problem,,,,,,,wdbc,tabicl,categorical_covariate_shift,0.1,skipped,shift not applicable: dataset has no categorical features
problem,,,,,,,wdbc,tabicl,categorical_covariate_shift,0.2,skipped,shift not applicable: dataset has no categorical features
problem,,,,,,,wdbc,tabicl,categorical_covariate_shift,0.3,skipped,shift not applicable: dataset has no categorical features
problem,,,,,,,wdbc,tabicl,categorical_covariate_shift,0.4,skipped,shift not applicable: dataset has no categorical features
problem,,,,,,,wdbc,tabpfn,categorical_covariate_shift,0.0,skipped,shift not applicable: dataset has no categorical features
problem,,,,,,,wdbc,tabpfn,categorical_covariate_shift,0.05,skipped,shift not applicable: dataset has no categorical features
problem,,,,,,,wdbc,tabpfn,categorical_covariate_shift,0.1,skipped,shift not applicable: dataset has no categorical features
problem,,,,,,,wdbc,tabpfn,categorical_covariate_shift,0.2,skipped,shift not applicable: dataset has no categorical features
problem,,,,,,,wdbc,tabpfn,categorical_covariate_shift,0.3,skipped,shift not applicable: dataset has no categorical features
problem,,,,,,,wdbc,tabpfn,categorical_covariate_shift,0.4,skipped,shift not applicable: dataset has no categorical features
problem,,,,,,,wdbc,xgboost,categorical_covariate_shift,0.0,skipped,shift not applicable: dataset has no categorical features
problem,,,,,,,wdbc,xgboost,categorical_covariate_shift,0.05,skipped,shift not applicable: dataset has no categorical features
problem,,,,,,,wdbc,xgboost,categorical_covariate_shift,0.1,skipped,shift not applicable: dataset has no categorical features
problem,,,,,,,wdbc,xgboost,categorical_covariate_shift,0.2,skipped,shift not applicable: dataset has no categorical features
problem,,,,,,,wdbc,xgboost,categorical_covariate_shift,0.3,skipped,shift not applicable: dataset has no categorical features
problem,,,,,,,wdbc,xgboost,categorical_covariate_shift,0.4,skipped,shift not applicable: dataset has no categorical features
problem,,,,,,,GesturePhaseSegmentation,catboost,categorical_covariate_shift,0.0,skipped,shift not applicable: dataset has no categorical features
problem,,,,,,,GesturePhaseSegmentation,catboost,categorical_covariate_shift,0.05,skipped,shift not applicable: dataset has no categorical features
problem,,,,,,,GesturePhaseSegmentation,catboost,categorical_covariate_shift,0.1,skipped,shift not applicable: dataset has no categorical features
problem,,,,,,,GesturePhaseSegmentation,catboost,categorical_covariate_shift,0.2,skipped,shift not applicable: dataset has no categorical features
problem,,,,,,,GesturePhaseSegmentation,catboost,categorical_covariate_shift,0.3,skipped,shift not applicable: dataset has no categorical features
problem,,,,,,,GesturePhaseSegmentation,catboost,categorical_covariate_shift,0.4,skipped,shift not applicable: dataset has no categorical features
problem,,,,,,,GesturePhaseSegmentation,hist_gbdt,categorical_covariate_shift,0.0,skipped,shift not applicable: dataset has no categorical features
problem,,,,,,,GesturePhaseSegmentation,hist_gbdt,categorical_covariate_shift,0.05,skipped,shift not applicable: dataset has no categorical features
problem,,,,,,,GesturePhaseSegmentation,hist_gbdt,categorical_covariate_shift,0.1,skipped,shift not applicable: dataset has no categorical features
problem,,,,,,,GesturePhaseSegmentation,hist_gbdt,categorical_covariate_shift,0.2,skipped,shift not applicable: dataset has no categorical features
problem,,,,,,,GesturePhaseSegmentation,hist_gbdt,categorical_covariate_shift,0.3,skipped,shift not applicable: dataset has no categorical features
problem,,,,,,,GesturePhaseSegmentation,hist_gbdt,categorical_covariate_shift,0.4,skipped,shift not applicable: dataset has no categorical features
problem,,,,,,,GesturePhaseSegmentation,logreg,categorical_covariate_shift,0.0,skipped,shift not applicable: dataset has no categorical features
problem,,,,,,,GesturePhaseSegmentation,logreg,categorical_covariate_shift,0.05,skipped,shift not applicable: dataset has no categorical features
problem,,,,,,,GesturePhaseSegmentation,logreg,categorical_covariate_shift,0.1,skipped,shift not applicable: dataset has no categorical features
problem,,,,,,,GesturePhaseSegmentation,logreg,categorical_covariate_shift,0.2,skipped,shift not applicable: dataset has no categorical features
problem,,,,,,,GesturePhaseSegmentation,logreg,categorical_covariate_shift,0.3,skipped,shift not applicable: dataset has no categorical features
problem,,,,,,,GesturePhaseSegmentation,logreg,categorical_covariate_shift,0.4,skipped,shift not applicable: dataset has no categorical features
problem,,,,,,,GesturePhaseSegmentation,tabicl,categorical_covariate_shift,0.0,skipped,shift not applicable: dataset has no categorical features
problem,,,,,,,GesturePhaseSegmentation,tabicl,categorical_covariate_shift,0.05,skipped,shift not applicable: dataset has no categorical features
problem,,,,,,,GesturePhaseSegmentation,tabicl,categorical_covariate_shift,0.1,skipped,shift not applicable: dataset has no categorical features
problem,,,,,,,GesturePhaseSegmentation,tabicl,categorical_covariate_shift,0.2,skipped,shift not applicable: dataset has no categorical features
problem,,,,,,,GesturePhaseSegmentation,tabicl,categorical_covariate_shift,0.3,skipped,shift not applicable: dataset has no categorical features
problem,,,,,,,GesturePhaseSegmentation,tabicl,categorical_covariate_shift,0.4,skipped,shift not applicable: dataset has no categorical features
problem,,,,,,,GesturePhaseSegmentation,tabpfn,categorical_covariate_shift,0.0,skipped,shift not applicable: dataset has no categorical features
problem,,,,,,,GesturePhaseSegmentation,tabpfn,categorical_covariate_shift,0.05,skipped,shift not applicable: dataset has no categorical features
problem,,,,,,,GesturePhaseSegmentation,tabpfn,categorical_covariate_shift,0.1,skipped,shift not applicable: dataset has no categorical features
problem,,,,,,,GesturePhaseSegmentation,tabpfn,categorical_covariate_shift,0.2,skipped,shift not applicable: dataset has no categorical features
problem,,,,,,,GesturePhaseSegmentation,tabpfn,categorical_covariate_shift,0.3,skipped,shift not applicable: dataset has no categorical features
problem,,,,,,,GesturePhaseSegmentation,tabpfn,categorical_covariate_shift,0.4,skipped,shift not applicable: dataset has no categorical features
problem,,,,,,,GesturePhaseSegmentation,xgboost,categorical_covariate_shift,0.0,skipped,shift not applicable: dataset has no categorical features
problem,,,,,,,GesturePhaseSegmentation,xgboost,categorical_covariate_shift,0.05,skipped,shift not applicable: dataset has no categorical features
problem,,,,,,,GesturePhaseSegmentation,xgboost,categorical_covariate_shift,0.1,skipped,shift not applicable: dataset has no categorical features
problem,,,,,,,GesturePhaseSegmentation,xgboost,categorical_covariate_shift,0.2,skipped,shift not applicable: dataset has no categorical features
problem,,,,,,,GesturePhaseSegmentation,xgboost,categorical_covariate_shift,0.3,skipped,shift not applicable: dataset has no categorical features
problem,,,,,,,GesturePhaseSegmentation,xgboost,categorical_covariate_shift,0.4,skipped,shift not applicable: dataset has no categorical features
problem,,,,,,,MiceProtein,catboost,categorical_covariate_shift,0.0,skipped,shift not applicable: dataset has no categorical features
problem,,,,,,,MiceProtein,catboost,categorical_covariate_shift,0.05,skipped,shift not applicable: dataset has no categorical features
problem,,,,,,,MiceProtein,catboost,categorical_covariate_shift,0.1,skipped,shift not applicable: dataset has no categorical features
problem,,,,,,,MiceProtein,catboost,categorical_covariate_shift,0.2,skipped,shift not applicable: dataset has no categorical features
problem,,,,,,,MiceProtein,catboost,categorical_covariate_shift,0.3,skipped,shift not applicable: dataset has no categorical features
problem,,,,,,,MiceProtein,catboost,categorical_covariate_shift,0.4,skipped,shift not applicable: dataset has no categorical features
problem,,,,,,,MiceProtein,hist_gbdt,categorical_covariate_shift,0.0,skipped,shift not applicable: dataset has no categorical features
problem,,,,,,,MiceProtein,hist_gbdt,categorical_covariate_shift,0.05,skipped,shift not applicable: dataset has no categorical features
problem,,,,,,,MiceProtein,hist_gbdt,categorical_covariate_shift,0.1,skipped,shift not applicable: dataset has no categorical features
problem,,,,,,,MiceProtein,hist_gbdt,categorical_covariate_shift,0.2,skipped,shift not applicable: dataset has no categorical features
problem,,,,,,,MiceProtein,hist_gbdt,categorical_covariate_shift,0.3,skipped,shift not applicable: dataset has no categorical features
problem,,,,,,,MiceProtein,hist_gbdt,categorical_covariate_shift,0.4,skipped,shift not applicable: dataset has no categorical features
problem,,,,,,,MiceProtein,logreg,categorical_covariate_shift,0.0,skipped,shift not applicable: dataset has no categorical features
problem,,,,,,,MiceProtein,logreg,categorical_covariate_shift,0.05,skipped,shift not applicable: dataset has no categorical features
problem,,,,,,,MiceProtein,logreg,categorical_covariate_shift,0.1,skipped,shift not applicable: dataset has no categorical features
problem,,,,,,,MiceProtein,logreg,categorical_covariate_shift,0.2,skipped,shift not applicable: dataset has no categorical features
problem,,,,,,,MiceProtein,logreg,categorical_covariate_shift,0.3,skipped,shift not applicable: dataset has no categorical features
problem,,,,,,,MiceProtein,logreg,categorical_covariate_shift,0.4,skipped,shift not applicable: dataset has no categorical features
problem,,,,,,,MiceProtein,tabicl,categorical_covariate_shift,0.0,skipped,shift not applicable: dataset has no categorical features
problem,,,,,,,MiceProtein,tabicl,categorical_covariate_shift,0.05,skipped,shift not applicable: dataset has no categorical features
problem,,,,,,,MiceProtein,tabicl,categorical_covariate_shift,0.1,skipped,shift not applicable: dataset has no categorical features
problem,,,,,,,MiceProtein,tabicl,categorical_covariate_shift,0.2,skipped,shift not applicable: dataset has no categorical features
problem,,,,,,,MiceProtein,tabicl,categorical_covariate_shift,0.3,skipped,shift not applicable: dataset has no categorical features
problem,,,,,,,MiceProtein,tabicl,categorical_covariate_shift,0.4,skipped,shift not applicable: dataset has no categorical features
problem,,,,,,,MiceProtein,tabpfn,categorical_covariate_shift,0.0,skipped,shift not applicable: dataset has no categorical features
problem,,,,,,,MiceProtein,tabpfn,categorical_covariate_shift,0.05,skipped,shift not applicable: dataset has no categorical features
problem,,,,,,,MiceProtein,tabpfn,categorical_covariate_shift,0.1,skipped,shift not applicable: dataset has no categorical features
problem,,,,,,,MiceProtein,tabpfn,categorical_covariate_shift,0.2,skipped,shift not applicable: dataset has no categorical features
problem,,,,,,,MiceProtein,tabpfn,categorical_covariate_shift,0.3,skipped,shift not applicable: dataset has no categorical features
problem,,,,,,,MiceProtein,tabpfn,categorical_covariate_shift,0.4,skipped,shift not applicable: dataset has no categorical features
problem,,,,,,,MiceProtein,xgboost,categorical_covariate_shift,0.0,skipped,shift not applicable: dataset has no categorical features
problem,,,,,,,MiceProtein,xgboost,categorical_covariate_shift,0.05,skipped,shift not applicable: dataset has no categorical features
problem,,,,,,,MiceProtein,xgboost,categorical_covariate_shift,0.1,skipped,shift not applicable: dataset has no categorical features
problem,,,,,,,MiceProtein,xgboost,categorical_covariate_shift,0.2,skipped,shift not applicable: dataset has no categorical features
problem,,,,,,,MiceProtein,xgboost,categorical_covariate_shift,0.3,skipped,shift not applicable: dataset has no categorical features
problem,,,,,,,MiceProtein,xgboost,categorical_covariate_shift,0.4,skipped,shift not applicable: dataset has no categorical features
problem,,,,,,,analcatdata_authorship,catboost,categorical_covariate_shift,0.0,skipped,shift not applicable: dataset has no categorical features
problem,,,,,,,analcatdata_authorship,catboost,categorical_covariate_shift,0.05,skipped,shift not applicable: dataset has no categorical features
problem,,,,,,,analcatdata_authorship,catboost,categorical_covariate_shift,0.1,skipped,shift not applicable: dataset has no categorical features
problem,,,,,,,analcatdata_authorship,catboost,categorical_covariate_shift,0.2,skipped,shift not applicable: dataset has no categorical features
problem,,,,,,,analcatdata_authorship,catboost,categorical_covariate_shift,0.3,skipped,shift not applicable: dataset has no categorical features
problem,,,,,,,analcatdata_authorship,catboost,categorical_covariate_shift,0.4,skipped,shift not applicable: dataset has no categorical features
problem,,,,,,,analcatdata_authorship,hist_gbdt,categorical_covariate_shift,0.0,skipped,shift not applicable: dataset has no categorical features
problem,,,,,,,analcatdata_authorship,hist_gbdt,categorical_covariate_shift,0.05,skipped,shift not applicable: dataset has no categorical features
problem,,,,,,,analcatdata_authorship,hist_gbdt,categorical_covariate_shift,0.1,skipped,shift not applicable: dataset has no categorical features
problem,,,,,,,analcatdata_authorship,hist_gbdt,categorical_covariate_shift,0.2,skipped,shift not applicable: dataset has no categorical features
problem,,,,,,,analcatdata_authorship,hist_gbdt,categorical_covariate_shift,0.3,skipped,shift not applicable: dataset has no categorical features
problem,,,,,,,analcatdata_authorship,hist_gbdt,categorical_covariate_shift,0.4,skipped,shift not applicable: dataset has no categorical features
problem,,,,,,,analcatdata_authorship,logreg,categorical_covariate_shift,0.0,skipped,shift not applicable: dataset has no categorical features
problem,,,,,,,analcatdata_authorship,logreg,categorical_covariate_shift,0.05,skipped,shift not applicable: dataset has no categorical features
problem,,,,,,,analcatdata_authorship,logreg,categorical_covariate_shift,0.1,skipped,shift not applicable: dataset has no categorical features
problem,,,,,,,analcatdata_authorship,logreg,categorical_covariate_shift,0.2,skipped,shift not applicable: dataset has no categorical features
problem,,,,,,,analcatdata_authorship,logreg,categorical_covariate_shift,0.3,skipped,shift not applicable: dataset has no categorical features
problem,,,,,,,analcatdata_authorship,logreg,categorical_covariate_shift,0.4,skipped,shift not applicable: dataset has no categorical features
problem,,,,,,,analcatdata_authorship,tabicl,categorical_covariate_shift,0.0,skipped,shift not applicable: dataset has no categorical features
problem,,,,,,,analcatdata_authorship,tabicl,categorical_covariate_shift,0.05,skipped,shift not applicable: dataset has no categorical features
problem,,,,,,,analcatdata_authorship,tabicl,categorical_covariate_shift,0.1,skipped,shift not applicable: dataset has no categorical features
problem,,,,,,,analcatdata_authorship,tabicl,categorical_covariate_shift,0.2,skipped,shift not applicable: dataset has no categorical features
problem,,,,,,,analcatdata_authorship,tabicl,categorical_covariate_shift,0.3,skipped,shift not applicable: dataset has no categorical features
problem,,,,,,,analcatdata_authorship,tabicl,categorical_covariate_shift,0.4,skipped,shift not applicable: dataset has no categorical features
problem,,,,,,,analcatdata_authorship,tabpfn,categorical_covariate_shift,0.0,skipped,shift not applicable: dataset has no categorical features
problem,,,,,,,analcatdata_authorship,tabpfn,categorical_covariate_shift,0.05,skipped,shift not applicable: dataset has no categorical features
problem,,,,,,,analcatdata_authorship,tabpfn,categorical_covariate_shift,0.1,skipped,shift not applicable: dataset has no categorical features
problem,,,,,,,analcatdata_authorship,tabpfn,categorical_covariate_shift,0.2,skipped,shift not applicable: dataset has no categorical features
problem,,,,,,,analcatdata_authorship,tabpfn,categorical_covariate_shift,0.3,skipped,shift not applicable: dataset has no categorical features
problem,,,,,,,analcatdata_authorship,tabpfn,categorical_covariate_shift,0.4,skipped,shift not applicable: dataset has no categorical features
problem,,,,,,,analcatdata_authorship,xgboost,categorical_covariate_shift,0.0,skipped,shift not applicable: dataset has no categorical features
problem,,,,,,,analcatdata_authorship,xgboost,categorical_covariate_shift,0.05,skipped,shift not applicable: dataset has no categorical features
problem,,,,,,,analcatdata_authorship,xgboost,categorical_covariate_shift,0.1,skipped,shift not applicable: dataset has no categorical features
problem,,,,,,,analcatdata_authorship,xgboost,categorical_covariate_shift,0.2,skipped,shift not applicable: dataset has no categorical features
problem,,,,,,,analcatdata_authorship,xgboost,categorical_covariate_shift,0.3,skipped,shift not applicable: dataset has no categorical features
problem,,,,,,,analcatdata_authorship,xgboost,categorical_covariate_shift,0.4,skipped,shift not applicable: dataset has no categorical features
problem,,,,,,,breast-w,catboost,categorical_covariate_shift,0.0,skipped,shift not applicable: dataset has no categorical features
problem,,,,,,,breast-w,catboost,categorical_covariate_shift,0.05,skipped,shift not applicable: dataset has no categorical features
problem,,,,,,,breast-w,catboost,categorical_covariate_shift,0.1,skipped,shift not applicable: dataset has no categorical features
problem,,,,,,,breast-w,catboost,categorical_covariate_shift,0.2,skipped,shift not applicable: dataset has no categorical features
problem,,,,,,,breast-w,catboost,categorical_covariate_shift,0.3,skipped,shift not applicable: dataset has no categorical features
problem,,,,,,,breast-w,catboost,categorical_covariate_shift,0.4,skipped,shift not applicable: dataset has no categorical features
problem,,,,,,,breast-w,hist_gbdt,categorical_covariate_shift,0.0,skipped,shift not applicable: dataset has no categorical features
problem,,,,,,,breast-w,hist_gbdt,categorical_covariate_shift,0.05,skipped,shift not applicable: dataset has no categorical features
problem,,,,,,,breast-w,hist_gbdt,categorical_covariate_shift,0.1,skipped,shift not applicable: dataset has no categorical features
problem,,,,,,,breast-w,hist_gbdt,categorical_covariate_shift,0.2,skipped,shift not applicable: dataset has no categorical features
problem,,,,,,,breast-w,hist_gbdt,categorical_covariate_shift,0.3,skipped,shift not applicable: dataset has no categorical features
problem,,,,,,,breast-w,hist_gbdt,categorical_covariate_shift,0.4,skipped,shift not applicable: dataset has no categorical features
problem,,,,,,,breast-w,logreg,categorical_covariate_shift,0.0,skipped,shift not applicable: dataset has no categorical features
problem,,,,,,,breast-w,logreg,categorical_covariate_shift,0.05,skipped,shift not applicable: dataset has no categorical features
problem,,,,,,,breast-w,logreg,categorical_covariate_shift,0.1,skipped,shift not applicable: dataset has no categorical features
problem,,,,,,,breast-w,logreg,categorical_covariate_shift,0.2,skipped,shift not applicable: dataset has no categorical features
problem,,,,,,,breast-w,logreg,categorical_covariate_shift,0.3,skipped,shift not applicable: dataset has no categorical features
problem,,,,,,,breast-w,logreg,categorical_covariate_shift,0.4,skipped,shift not applicable: dataset has no categorical features
problem,,,,,,,breast-w,tabicl,categorical_covariate_shift,0.0,skipped,shift not applicable: dataset has no categorical features
problem,,,,,,,breast-w,tabicl,categorical_covariate_shift,0.05,skipped,shift not applicable: dataset has no categorical features
problem,,,,,,,breast-w,tabicl,categorical_covariate_shift,0.1,skipped,shift not applicable: dataset has no categorical features
problem,,,,,,,breast-w,tabicl,categorical_covariate_shift,0.2,skipped,shift not applicable: dataset has no categorical features
problem,,,,,,,breast-w,tabicl,categorical_covariate_shift,0.3,skipped,shift not applicable: dataset has no categorical features
problem,,,,,,,breast-w,tabicl,categorical_covariate_shift,0.4,skipped,shift not applicable: dataset has no categorical features
problem,,,,,,,breast-w,tabpfn,categorical_covariate_shift,0.0,skipped,shift not applicable: dataset has no categorical features
problem,,,,,,,breast-w,tabpfn,categorical_covariate_shift,0.05,skipped,shift not applicable: dataset has no categorical features
problem,,,,,,,breast-w,tabpfn,categorical_covariate_shift,0.1,skipped,shift not applicable: dataset has no categorical features
problem,,,,,,,breast-w,tabpfn,categorical_covariate_shift,0.2,skipped,shift not applicable: dataset has no categorical features
problem,,,,,,,breast-w,tabpfn,categorical_covariate_shift,0.3,skipped,shift not applicable: dataset has no categorical features
problem,,,,,,,breast-w,tabpfn,categorical_covariate_shift,0.4,skipped,shift not applicable: dataset has no categorical features
problem,,,,,,,breast-w,xgboost,categorical_covariate_shift,0.0,skipped,shift not applicable: dataset has no categorical features
problem,,,,,,,breast-w,xgboost,categorical_covariate_shift,0.05,skipped,shift not applicable: dataset has no categorical features
problem,,,,,,,breast-w,xgboost,categorical_covariate_shift,0.1,skipped,shift not applicable: dataset has no categorical features
problem,,,,,,,breast-w,xgboost,categorical_covariate_shift,0.2,skipped,shift not applicable: dataset has no categorical features
problem,,,,,,,breast-w,xgboost,categorical_covariate_shift,0.3,skipped,shift not applicable: dataset has no categorical features
problem,,,,,,,breast-w,xgboost,categorical_covariate_shift,0.4,skipped,shift not applicable: dataset has no categorical features
problem,,,,,,,climate-model-simulation-crashes,catboost,categorical_covariate_shift,0.0,skipped,shift not applicable: dataset has no categorical features
problem,,,,,,,climate-model-simulation-crashes,catboost,categorical_covariate_shift,0.05,skipped,shift not applicable: dataset has no categorical features
problem,,,,,,,climate-model-simulation-crashes,catboost,categorical_covariate_shift,0.1,skipped,shift not applicable: dataset has no categorical features
problem,,,,,,,climate-model-simulation-crashes,catboost,categorical_covariate_shift,0.2,skipped,shift not applicable: dataset has no categorical features
problem,,,,,,,climate-model-simulation-crashes,catboost,categorical_covariate_shift,0.3,skipped,shift not applicable: dataset has no categorical features
problem,,,,,,,climate-model-simulation-crashes,catboost,categorical_covariate_shift,0.4,skipped,shift not applicable: dataset has no categorical features
problem,,,,,,,climate-model-simulation-crashes,hist_gbdt,categorical_covariate_shift,0.0,skipped,shift not applicable: dataset has no categorical features
problem,,,,,,,climate-model-simulation-crashes,hist_gbdt,categorical_covariate_shift,0.05,skipped,shift not applicable: dataset has no categorical features
problem,,,,,,,climate-model-simulation-crashes,hist_gbdt,categorical_covariate_shift,0.1,skipped,shift not applicable: dataset has no categorical features
problem,,,,,,,climate-model-simulation-crashes,hist_gbdt,categorical_covariate_shift,0.2,skipped,shift not applicable: dataset has no categorical features
problem,,,,,,,climate-model-simulation-crashes,hist_gbdt,categorical_covariate_shift,0.3,skipped,shift not applicable: dataset has no categorical features
problem,,,,,,,climate-model-simulation-crashes,hist_gbdt,categorical_covariate_shift,0.4,skipped,shift not applicable: dataset has no categorical features
problem,,,,,,,climate-model-simulation-crashes,logreg,categorical_covariate_shift,0.0,skipped,shift not applicable: dataset has no categorical features
problem,,,,,,,climate-model-simulation-crashes,logreg,categorical_covariate_shift,0.05,skipped,shift not applicable: dataset has no categorical features
problem,,,,,,,climate-model-simulation-crashes,logreg,categorical_covariate_shift,0.1,skipped,shift not applicable: dataset has no categorical features
problem,,,,,,,climate-model-simulation-crashes,logreg,categorical_covariate_shift,0.2,skipped,shift not applicable: dataset has no categorical features
problem,,,,,,,climate-model-simulation-crashes,logreg,categorical_covariate_shift,0.3,skipped,shift not applicable: dataset has no categorical features
problem,,,,,,,climate-model-simulation-crashes,logreg,categorical_covariate_shift,0.4,skipped,shift not applicable: dataset has no categorical features
problem,,,,,,,climate-model-simulation-crashes,tabicl,categorical_covariate_shift,0.0,skipped,shift not applicable: dataset has no categorical features
problem,,,,,,,climate-model-simulation-crashes,tabicl,categorical_covariate_shift,0.05,skipped,shift not applicable: dataset has no categorical features
problem,,,,,,,climate-model-simulation-crashes,tabicl,categorical_covariate_shift,0.1,skipped,shift not applicable: dataset has no categorical features
problem,,,,,,,climate-model-simulation-crashes,tabicl,categorical_covariate_shift,0.2,skipped,shift not applicable: dataset has no categorical features
problem,,,,,,,climate-model-simulation-crashes,tabicl,categorical_covariate_shift,0.3,skipped,shift not applicable: dataset has no categorical features
problem,,,,,,,climate-model-simulation-crashes,tabicl,categorical_covariate_shift,0.4,skipped,shift not applicable: dataset has no categorical features
problem,,,,,,,climate-model-simulation-crashes,tabpfn,categorical_covariate_shift,0.0,skipped,shift not applicable: dataset has no categorical features
problem,,,,,,,climate-model-simulation-crashes,tabpfn,categorical_covariate_shift,0.05,skipped,shift not applicable: dataset has no categorical features
problem,,,,,,,climate-model-simulation-crashes,tabpfn,categorical_covariate_shift,0.1,skipped,shift not applicable: dataset has no categorical features
problem,,,,,,,climate-model-simulation-crashes,tabpfn,categorical_covariate_shift,0.2,skipped,shift not applicable: dataset has no categorical features
problem,,,,,,,climate-model-simulation-crashes,tabpfn,categorical_covariate_shift,0.3,skipped,shift not applicable: dataset has no categorical features
problem,,,,,,,climate-model-simulation-crashes,tabpfn,categorical_covariate_shift,0.4,skipped,shift not applicable: dataset has no categorical features
problem,,,,,,,climate-model-simulation-crashes,xgboost,categorical_covariate_shift,0.0,skipped,shift not applicable: dataset has no categorical features
problem,,,,,,,climate-model-simulation-crashes,xgboost,categorical_covariate_shift,0.05,skipped,shift not applicable: dataset has no categorical features
problem,,,,,,,climate-model-simulation-crashes,xgboost,categorical_covariate_shift,0.1,skipped,shift not applicable: dataset has no categorical features
problem,,,,,,,climate-model-simulation-crashes,xgboost,categorical_covariate_shift,0.2,skipped,shift not applicable: dataset has no categorical features
problem,,,,,,,climate-model-simulation-crashes,xgboost,categorical_covariate_shift,0.3,skipped,shift not applicable: dataset has no categorical features
problem,,,,,,,climate-model-simulation-crashes,xgboost,categorical_covariate_shift,0.4,skipped,shift not applicable: dataset has no categorical features
problem,,,,,,,cnae-9,catboost,categorical_covariate_shift,0.0,skipped,shift not applicable: dataset has no categorical features
problem,,,,,,,cnae-9,catboost,categorical_covariate_shift,0.05,skipped,shift not applicable: dataset has no categorical features
problem,,,,,,,cnae-9,catboost,categorical_covariate_shift,0.1,skipped,shift not applicable: dataset has no categorical features
problem,,,,,,,cnae-9,catboost,categorical_covariate_shift,0.2,skipped,shift not applicable: dataset has no categorical features
problem,,,,,,,cnae-9,catboost,categorical_covariate_shift,0.3,skipped,shift not applicable: dataset has no categorical features
problem,,,,,,,cnae-9,catboost,categorical_covariate_shift,0.4,skipped,shift not applicable: dataset has no categorical features
problem,,,,,,,cnae-9,hist_gbdt,categorical_covariate_shift,0.0,skipped,shift not applicable: dataset has no categorical features
problem,,,,,,,cnae-9,hist_gbdt,categorical_covariate_shift,0.05,skipped,shift not applicable: dataset has no categorical features
problem,,,,,,,cnae-9,hist_gbdt,categorical_covariate_shift,0.1,skipped,shift not applicable: dataset has no categorical features
problem,,,,,,,cnae-9,hist_gbdt,categorical_covariate_shift,0.2,skipped,shift not applicable: dataset has no categorical features
problem,,,,,,,cnae-9,hist_gbdt,categorical_covariate_shift,0.3,skipped,shift not applicable: dataset has no categorical features
problem,,,,,,,cnae-9,hist_gbdt,categorical_covariate_shift,0.4,skipped,shift not applicable: dataset has no categorical features
problem,,,,,,,cnae-9,logreg,categorical_covariate_shift,0.0,skipped,shift not applicable: dataset has no categorical features
problem,,,,,,,cnae-9,logreg,categorical_covariate_shift,0.05,skipped,shift not applicable: dataset has no categorical features
problem,,,,,,,cnae-9,logreg,categorical_covariate_shift,0.1,skipped,shift not applicable: dataset has no categorical features
problem,,,,,,,cnae-9,logreg,categorical_covariate_shift,0.2,skipped,shift not applicable: dataset has no categorical features
problem,,,,,,,cnae-9,logreg,categorical_covariate_shift,0.3,skipped,shift not applicable: dataset has no categorical features
problem,,,,,,,cnae-9,logreg,categorical_covariate_shift,0.4,skipped,shift not applicable: dataset has no categorical features
problem,,,,,,,cnae-9,tabicl,categorical_covariate_shift,0.0,skipped,shift not applicable: dataset has no categorical features
problem,,,,,,,cnae-9,tabicl,categorical_covariate_shift,0.05,skipped,shift not applicable: dataset has no categorical features
problem,,,,,,,cnae-9,tabicl,categorical_covariate_shift,0.1,skipped,shift not applicable: dataset has no categorical features
problem,,,,,,,cnae-9,tabicl,categorical_covariate_shift,0.2,skipped,shift not applicable: dataset has no categorical features
problem,,,,,,,cnae-9,tabicl,categorical_covariate_shift,0.3,skipped,shift not applicable: dataset has no categorical features
problem,,,,,,,cnae-9,tabicl,categorical_covariate_shift,0.4,skipped,shift not applicable: dataset has no categorical features
problem,,,,,,,cnae-9,tabpfn,categorical_covariate_shift,0.0,skipped,shift not applicable: dataset has no categorical features
problem,,,,,,,cnae-9,tabpfn,categorical_covariate_shift,0.05,skipped,shift not applicable: dataset has no categorical features
problem,,,,,,,cnae-9,tabpfn,categorical_covariate_shift,0.1,skipped,shift not applicable: dataset has no categorical features
problem,,,,,,,cnae-9,tabpfn,categorical_covariate_shift,0.2,skipped,shift not applicable: dataset has no categorical features
problem,,,,,,,cnae-9,tabpfn,categorical_covariate_shift,0.3,skipped,shift not applicable: dataset has no categorical features
problem,,,,,,,cnae-9,tabpfn,categorical_covariate_shift,0.4,skipped,shift not applicable: dataset has no categorical features
problem,,,,,,,cnae-9,xgboost,categorical_covariate_shift,0.0,skipped,shift not applicable: dataset has no categorical features
problem,,,,,,,cnae-9,xgboost,categorical_covariate_shift,0.05,skipped,shift not applicable: dataset has no categorical features
problem,,,,,,,cnae-9,xgboost,categorical_covariate_shift,0.1,skipped,shift not applicable: dataset has no categorical features
problem,,,,,,,cnae-9,xgboost,categorical_covariate_shift,0.2,skipped,shift not applicable: dataset has no categorical features
problem,,,,,,,cnae-9,xgboost,categorical_covariate_shift,0.3,skipped,shift not applicable: dataset has no categorical features
problem,,,,,,,cnae-9,xgboost,categorical_covariate_shift,0.4,skipped,shift not applicable: dataset has no categorical features
problem,,,,,,,diabetes,catboost,categorical_covariate_shift,0.0,skipped,shift not applicable: dataset has no categorical features
problem,,,,,,,diabetes,catboost,categorical_covariate_shift,0.05,skipped,shift not applicable: dataset has no categorical features
problem,,,,,,,diabetes,catboost,categorical_covariate_shift,0.1,skipped,shift not applicable: dataset has no categorical features
problem,,,,,,,diabetes,catboost,categorical_covariate_shift,0.2,skipped,shift not applicable: dataset has no categorical features
problem,,,,,,,diabetes,catboost,categorical_covariate_shift,0.3,skipped,shift not applicable: dataset has no categorical features
problem,,,,,,,diabetes,catboost,categorical_covariate_shift,0.4,skipped,shift not applicable: dataset has no categorical features
problem,,,,,,,diabetes,hist_gbdt,categorical_covariate_shift,0.0,skipped,shift not applicable: dataset has no categorical features
problem,,,,,,,diabetes,hist_gbdt,categorical_covariate_shift,0.05,skipped,shift not applicable: dataset has no categorical features
problem,,,,,,,diabetes,hist_gbdt,categorical_covariate_shift,0.1,skipped,shift not applicable: dataset has no categorical features
problem,,,,,,,diabetes,hist_gbdt,categorical_covariate_shift,0.2,skipped,shift not applicable: dataset has no categorical features
problem,,,,,,,diabetes,hist_gbdt,categorical_covariate_shift,0.3,skipped,shift not applicable: dataset has no categorical features
problem,,,,,,,diabetes,hist_gbdt,categorical_covariate_shift,0.4,skipped,shift not applicable: dataset has no categorical features
problem,,,,,,,diabetes,logreg,categorical_covariate_shift,0.0,skipped,shift not applicable: dataset has no categorical features
problem,,,,,,,diabetes,logreg,categorical_covariate_shift,0.05,skipped,shift not applicable: dataset has no categorical features
problem,,,,,,,diabetes,logreg,categorical_covariate_shift,0.1,skipped,shift not applicable: dataset has no categorical features
problem,,,,,,,diabetes,logreg,categorical_covariate_shift,0.2,skipped,shift not applicable: dataset has no categorical features
problem,,,,,,,diabetes,logreg,categorical_covariate_shift,0.3,skipped,shift not applicable: dataset has no categorical features
problem,,,,,,,diabetes,logreg,categorical_covariate_shift,0.4,skipped,shift not applicable: dataset has no categorical features
problem,,,,,,,diabetes,tabicl,categorical_covariate_shift,0.0,skipped,shift not applicable: dataset has no categorical features
problem,,,,,,,diabetes,tabicl,categorical_covariate_shift,0.05,skipped,shift not applicable: dataset has no categorical features
problem,,,,,,,diabetes,tabicl,categorical_covariate_shift,0.1,skipped,shift not applicable: dataset has no categorical features
problem,,,,,,,diabetes,tabicl,categorical_covariate_shift,0.2,skipped,shift not applicable: dataset has no categorical features
problem,,,,,,,diabetes,tabicl,categorical_covariate_shift,0.3,skipped,shift not applicable: dataset has no categorical features
problem,,,,,,,diabetes,tabicl,categorical_covariate_shift,0.4,skipped,shift not applicable: dataset has no categorical features
problem,,,,,,,diabetes,tabpfn,categorical_covariate_shift,0.0,skipped,shift not applicable: dataset has no categorical features
problem,,,,,,,diabetes,tabpfn,categorical_covariate_shift,0.05,skipped,shift not applicable: dataset has no categorical features
problem,,,,,,,diabetes,tabpfn,categorical_covariate_shift,0.1,skipped,shift not applicable: dataset has no categorical features
problem,,,,,,,diabetes,tabpfn,categorical_covariate_shift,0.2,skipped,shift not applicable: dataset has no categorical features
problem,,,,,,,diabetes,tabpfn,categorical_covariate_shift,0.3,skipped,shift not applicable: dataset has no categorical features
problem,,,,,,,diabetes,tabpfn,categorical_covariate_shift,0.4,skipped,shift not applicable: dataset has no categorical features
problem,,,,,,,diabetes,xgboost,categorical_covariate_shift,0.0,skipped,shift not applicable: dataset has no categorical features
problem,,,,,,,diabetes,xgboost,categorical_covariate_shift,0.05,skipped,shift not applicable: dataset has no categorical features
problem,,,,,,,diabetes,xgboost,categorical_covariate_shift,0.1,skipped,shift not applicable: dataset has no categorical features
problem,,,,,,,diabetes,xgboost,categorical_covariate_shift,0.2,skipped,shift not applicable: dataset has no categorical features
problem,,,,,,,diabetes,xgboost,categorical_covariate_shift,0.3,skipped,shift not applicable: dataset has no categorical features
problem,,,,,,,diabetes,xgboost,categorical_covariate_shift,0.4,skipped,shift not applicable: dataset has no categorical features
problem,,,,,,,first-order-theorem-proving,catboost,categorical_covariate_shift,0.0,skipped,shift not applicable: dataset has no categorical features
problem,,,,,,,first-order-theorem-proving,catboost,categorical_covariate_shift,0.05,skipped,shift not applicable: dataset has no categorical features
problem,,,,,,,first-order-theorem-proving,catboost,categorical_covariate_shift,0.1,skipped,shift not applicable: dataset has no categorical features
problem,,,,,,,first-order-theorem-proving,catboost,categorical_covariate_shift,0.2,skipped,shift not applicable: dataset has no categorical features
problem,,,,,,,first-order-theorem-proving,catboost,categorical_covariate_shift,0.3,skipped,shift not applicable: dataset has no categorical features
problem,,,,,,,first-order-theorem-proving,catboost,categorical_covariate_shift,0.4,skipped,shift not applicable: dataset has no categorical features
problem,,,,,,,first-order-theorem-proving,hist_gbdt,categorical_covariate_shift,0.0,skipped,shift not applicable: dataset has no categorical features
problem,,,,,,,first-order-theorem-proving,hist_gbdt,categorical_covariate_shift,0.05,skipped,shift not applicable: dataset has no categorical features
problem,,,,,,,first-order-theorem-proving,hist_gbdt,categorical_covariate_shift,0.1,skipped,shift not applicable: dataset has no categorical features
problem,,,,,,,first-order-theorem-proving,hist_gbdt,categorical_covariate_shift,0.2,skipped,shift not applicable: dataset has no categorical features
problem,,,,,,,first-order-theorem-proving,hist_gbdt,categorical_covariate_shift,0.3,skipped,shift not applicable: dataset has no categorical features
problem,,,,,,,first-order-theorem-proving,hist_gbdt,categorical_covariate_shift,0.4,skipped,shift not applicable: dataset has no categorical features
problem,,,,,,,first-order-theorem-proving,logreg,categorical_covariate_shift,0.0,skipped,shift not applicable: dataset has no categorical features
problem,,,,,,,first-order-theorem-proving,logreg,categorical_covariate_shift,0.05,skipped,shift not applicable: dataset has no categorical features
problem,,,,,,,first-order-theorem-proving,logreg,categorical_covariate_shift,0.1,skipped,shift not applicable: dataset has no categorical features
problem,,,,,,,first-order-theorem-proving,logreg,categorical_covariate_shift,0.2,skipped,shift not applicable: dataset has no categorical features
problem,,,,,,,first-order-theorem-proving,logreg,categorical_covariate_shift,0.3,skipped,shift not applicable: dataset has no categorical features
problem,,,,,,,first-order-theorem-proving,logreg,categorical_covariate_shift,0.4,skipped,shift not applicable: dataset has no categorical features
problem,,,,,,,first-order-theorem-proving,tabicl,categorical_covariate_shift,0.0,skipped,shift not applicable: dataset has no categorical features
problem,,,,,,,first-order-theorem-proving,tabicl,categorical_covariate_shift,0.05,skipped,shift not applicable: dataset has no categorical features
problem,,,,,,,first-order-theorem-proving,tabicl,categorical_covariate_shift,0.1,skipped,shift not applicable: dataset has no categorical features
problem,,,,,,,first-order-theorem-proving,tabicl,categorical_covariate_shift,0.2,skipped,shift not applicable: dataset has no categorical features
problem,,,,,,,first-order-theorem-proving,tabicl,categorical_covariate_shift,0.3,skipped,shift not applicable: dataset has no categorical features
problem,,,,,,,first-order-theorem-proving,tabicl,categorical_covariate_shift,0.4,skipped,shift not applicable: dataset has no categorical features
problem,,,,,,,first-order-theorem-proving,tabpfn,categorical_covariate_shift,0.0,skipped,shift not applicable: dataset has no categorical features
problem,,,,,,,first-order-theorem-proving,tabpfn,categorical_covariate_shift,0.05,skipped,shift not applicable: dataset has no categorical features
problem,,,,,,,first-order-theorem-proving,tabpfn,categorical_covariate_shift,0.1,skipped,shift not applicable: dataset has no categorical features
problem,,,,,,,first-order-theorem-proving,tabpfn,categorical_covariate_shift,0.2,skipped,shift not applicable: dataset has no categorical features
problem,,,,,,,first-order-theorem-proving,tabpfn,categorical_covariate_shift,0.3,skipped,shift not applicable: dataset has no categorical features
problem,,,,,,,first-order-theorem-proving,tabpfn,categorical_covariate_shift,0.4,skipped,shift not applicable: dataset has no categorical features
problem,,,,,,,first-order-theorem-proving,xgboost,categorical_covariate_shift,0.0,skipped,shift not applicable: dataset has no categorical features
problem,,,,,,,first-order-theorem-proving,xgboost,categorical_covariate_shift,0.05,skipped,shift not applicable: dataset has no categorical features
problem,,,,,,,first-order-theorem-proving,xgboost,categorical_covariate_shift,0.1,skipped,shift not applicable: dataset has no categorical features
problem,,,,,,,first-order-theorem-proving,xgboost,categorical_covariate_shift,0.2,skipped,shift not applicable: dataset has no categorical features
problem,,,,,,,first-order-theorem-proving,xgboost,categorical_covariate_shift,0.3,skipped,shift not applicable: dataset has no categorical features
problem,,,,,,,first-order-theorem-proving,xgboost,categorical_covariate_shift,0.4,skipped,shift not applicable: dataset has no categorical features
problem,,,,,,,kc1,catboost,categorical_covariate_shift,0.0,skipped,shift not applicable: dataset has no categorical features
problem,,,,,,,kc1,catboost,categorical_covariate_shift,0.05,skipped,shift not applicable: dataset has no categorical features
problem,,,,,,,kc1,catboost,categorical_covariate_shift,0.1,skipped,shift not applicable: dataset has no categorical features
problem,,,,,,,kc1,catboost,categorical_covariate_shift,0.2,skipped,shift not applicable: dataset has no categorical features
problem,,,,,,,kc1,catboost,categorical_covariate_shift,0.3,skipped,shift not applicable: dataset has no categorical features
problem,,,,,,,kc1,catboost,categorical_covariate_shift,0.4,skipped,shift not applicable: dataset has no categorical features
problem,,,,,,,kc1,hist_gbdt,categorical_covariate_shift,0.0,skipped,shift not applicable: dataset has no categorical features
problem,,,,,,,kc1,hist_gbdt,categorical_covariate_shift,0.05,skipped,shift not applicable: dataset has no categorical features
problem,,,,,,,kc1,hist_gbdt,categorical_covariate_shift,0.1,skipped,shift not applicable: dataset has no categorical features
problem,,,,,,,kc1,hist_gbdt,categorical_covariate_shift,0.2,skipped,shift not applicable: dataset has no categorical features
problem,,,,,,,kc1,hist_gbdt,categorical_covariate_shift,0.3,skipped,shift not applicable: dataset has no categorical features
problem,,,,,,,kc1,hist_gbdt,categorical_covariate_shift,0.4,skipped,shift not applicable: dataset has no categorical features
problem,,,,,,,kc1,logreg,categorical_covariate_shift,0.0,skipped,shift not applicable: dataset has no categorical features
problem,,,,,,,kc1,logreg,categorical_covariate_shift,0.05,skipped,shift not applicable: dataset has no categorical features
problem,,,,,,,kc1,logreg,categorical_covariate_shift,0.1,skipped,shift not applicable: dataset has no categorical features
problem,,,,,,,kc1,logreg,categorical_covariate_shift,0.2,skipped,shift not applicable: dataset has no categorical features
problem,,,,,,,kc1,logreg,categorical_covariate_shift,0.3,skipped,shift not applicable: dataset has no categorical features
problem,,,,,,,kc1,logreg,categorical_covariate_shift,0.4,skipped,shift not applicable: dataset has no categorical features
problem,,,,,,,kc1,tabicl,categorical_covariate_shift,0.0,skipped,shift not applicable: dataset has no categorical features
problem,,,,,,,kc1,tabicl,categorical_covariate_shift,0.05,skipped,shift not applicable: dataset has no categorical features
problem,,,,,,,kc1,tabicl,categorical_covariate_shift,0.1,skipped,shift not applicable: dataset has no categorical features
problem,,,,,,,kc1,tabicl,categorical_covariate_shift,0.2,skipped,shift not applicable: dataset has no categorical features
problem,,,,,,,kc1,tabicl,categorical_covariate_shift,0.3,skipped,shift not applicable: dataset has no categorical features
problem,,,,,,,kc1,tabicl,categorical_covariate_shift,0.4,skipped,shift not applicable: dataset has no categorical features
problem,,,,,,,kc1,tabpfn,categorical_covariate_shift,0.0,skipped,shift not applicable: dataset has no categorical features
problem,,,,,,,kc1,tabpfn,categorical_covariate_shift,0.05,skipped,shift not applicable: dataset has no categorical features
problem,,,,,,,kc1,tabpfn,categorical_covariate_shift,0.1,skipped,shift not applicable: dataset has no categorical features
problem,,,,,,,kc1,tabpfn,categorical_covariate_shift,0.2,skipped,shift not applicable: dataset has no categorical features
problem,,,,,,,kc1,tabpfn,categorical_covariate_shift,0.3,skipped,shift not applicable: dataset has no categorical features
problem,,,,,,,kc1,tabpfn,categorical_covariate_shift,0.4,skipped,shift not applicable: dataset has no categorical features
problem,,,,,,,kc1,xgboost,categorical_covariate_shift,0.0,skipped,shift not applicable: dataset has no categorical features
problem,,,,,,,kc1,xgboost,categorical_covariate_shift,0.05,skipped,shift not applicable: dataset has no categorical features
problem,,,,,,,kc1,xgboost,categorical_covariate_shift,0.1,skipped,shift not applicable: dataset has no categorical features
problem,,,,,,,kc1,xgboost,categorical_covariate_shift,0.2,skipped,shift not applicable: dataset has no categorical features
problem,,,,,,,kc1,xgboost,categorical_covariate_shift,0.3,skipped,shift not applicable: dataset has no categorical features
problem,,,,,,,kc1,xgboost,categorical_covariate_shift,0.4,skipped,shift not applicable: dataset has no categorical features
problem,,,,,,,mfeat-factors,catboost,categorical_covariate_shift,0.0,skipped,shift not applicable: dataset has no categorical features
problem,,,,,,,mfeat-factors,catboost,categorical_covariate_shift,0.05,skipped,shift not applicable: dataset has no categorical features
problem,,,,,,,mfeat-factors,catboost,categorical_covariate_shift,0.1,skipped,shift not applicable: dataset has no categorical features
problem,,,,,,,mfeat-factors,catboost,categorical_covariate_shift,0.2,skipped,shift not applicable: dataset has no categorical features
problem,,,,,,,mfeat-factors,catboost,categorical_covariate_shift,0.3,skipped,shift not applicable: dataset has no categorical features
problem,,,,,,,mfeat-factors,catboost,categorical_covariate_shift,0.4,skipped,shift not applicable: dataset has no categorical features
problem,,,,,,,mfeat-factors,hist_gbdt,categorical_covariate_shift,0.0,skipped,shift not applicable: dataset has no categorical features
problem,,,,,,,mfeat-factors,hist_gbdt,categorical_covariate_shift,0.05,skipped,shift not applicable: dataset has no categorical features
problem,,,,,,,mfeat-factors,hist_gbdt,categorical_covariate_shift,0.1,skipped,shift not applicable: dataset has no categorical features
problem,,,,,,,mfeat-factors,hist_gbdt,categorical_covariate_shift,0.2,skipped,shift not applicable: dataset has no categorical features
problem,,,,,,,mfeat-factors,hist_gbdt,categorical_covariate_shift,0.3,skipped,shift not applicable: dataset has no categorical features
problem,,,,,,,mfeat-factors,hist_gbdt,categorical_covariate_shift,0.4,skipped,shift not applicable: dataset has no categorical features
problem,,,,,,,mfeat-factors,logreg,categorical_covariate_shift,0.0,skipped,shift not applicable: dataset has no categorical features
problem,,,,,,,mfeat-factors,logreg,categorical_covariate_shift,0.05,skipped,shift not applicable: dataset has no categorical features
problem,,,,,,,mfeat-factors,logreg,categorical_covariate_shift,0.1,skipped,shift not applicable: dataset has no categorical features
problem,,,,,,,mfeat-factors,logreg,categorical_covariate_shift,0.2,skipped,shift not applicable: dataset has no categorical features
problem,,,,,,,mfeat-factors,logreg,categorical_covariate_shift,0.3,skipped,shift not applicable: dataset has no categorical features
problem,,,,,,,mfeat-factors,logreg,categorical_covariate_shift,0.4,skipped,shift not applicable: dataset has no categorical features
problem,,,,,,,mfeat-factors,tabicl,categorical_covariate_shift,0.0,skipped,shift not applicable: dataset has no categorical features
problem,,,,,,,mfeat-factors,tabicl,categorical_covariate_shift,0.05,skipped,shift not applicable: dataset has no categorical features
problem,,,,,,,mfeat-factors,tabicl,categorical_covariate_shift,0.1,skipped,shift not applicable: dataset has no categorical features
problem,,,,,,,mfeat-factors,tabicl,categorical_covariate_shift,0.2,skipped,shift not applicable: dataset has no categorical features
problem,,,,,,,mfeat-factors,tabicl,categorical_covariate_shift,0.3,skipped,shift not applicable: dataset has no categorical features
problem,,,,,,,mfeat-factors,tabicl,categorical_covariate_shift,0.4,skipped,shift not applicable: dataset has no categorical features
problem,,,,,,,mfeat-factors,tabpfn,categorical_covariate_shift,0.0,skipped,shift not applicable: dataset has no categorical features
problem,,,,,,,mfeat-factors,tabpfn,categorical_covariate_shift,0.05,skipped,shift not applicable: dataset has no categorical features
problem,,,,,,,mfeat-factors,tabpfn,categorical_covariate_shift,0.1,skipped,shift not applicable: dataset has no categorical features
problem,,,,,,,mfeat-factors,tabpfn,categorical_covariate_shift,0.2,skipped,shift not applicable: dataset has no categorical features
problem,,,,,,,mfeat-factors,tabpfn,categorical_covariate_shift,0.3,skipped,shift not applicable: dataset has no categorical features
problem,,,,,,,mfeat-factors,tabpfn,categorical_covariate_shift,0.4,skipped,shift not applicable: dataset has no categorical features
problem,,,,,,,mfeat-factors,xgboost,categorical_covariate_shift,0.0,skipped,shift not applicable: dataset has no categorical features
problem,,,,,,,mfeat-factors,xgboost,categorical_covariate_shift,0.05,skipped,shift not applicable: dataset has no categorical features
problem,,,,,,,mfeat-factors,xgboost,categorical_covariate_shift,0.1,skipped,shift not applicable: dataset has no categorical features
problem,,,,,,,mfeat-factors,xgboost,categorical_covariate_shift,0.2,skipped,shift not applicable: dataset has no categorical features
problem,,,,,,,mfeat-factors,xgboost,categorical_covariate_shift,0.3,skipped,shift not applicable: dataset has no categorical features
problem,,,,,,,mfeat-factors,xgboost,categorical_covariate_shift,0.4,skipped,shift not applicable: dataset has no categorical features
problem,,,,,,,mfeat-fourier,catboost,categorical_covariate_shift,0.0,skipped,shift not applicable: dataset has no categorical features
problem,,,,,,,mfeat-fourier,catboost,categorical_covariate_shift,0.05,skipped,shift not applicable: dataset has no categorical features
problem,,,,,,,mfeat-fourier,catboost,categorical_covariate_shift,0.1,skipped,shift not applicable: dataset has no categorical features
problem,,,,,,,mfeat-fourier,catboost,categorical_covariate_shift,0.2,skipped,shift not applicable: dataset has no categorical features
problem,,,,,,,mfeat-fourier,catboost,categorical_covariate_shift,0.3,skipped,shift not applicable: dataset has no categorical features
problem,,,,,,,mfeat-fourier,catboost,categorical_covariate_shift,0.4,skipped,shift not applicable: dataset has no categorical features
problem,,,,,,,mfeat-fourier,hist_gbdt,categorical_covariate_shift,0.0,skipped,shift not applicable: dataset has no categorical features
problem,,,,,,,mfeat-fourier,hist_gbdt,categorical_covariate_shift,0.05,skipped,shift not applicable: dataset has no categorical features
problem,,,,,,,mfeat-fourier,hist_gbdt,categorical_covariate_shift,0.1,skipped,shift not applicable: dataset has no categorical features
problem,,,,,,,mfeat-fourier,hist_gbdt,categorical_covariate_shift,0.2,skipped,shift not applicable: dataset has no categorical features
problem,,,,,,,mfeat-fourier,hist_gbdt,categorical_covariate_shift,0.3,skipped,shift not applicable: dataset has no categorical features
problem,,,,,,,mfeat-fourier,hist_gbdt,categorical_covariate_shift,0.4,skipped,shift not applicable: dataset has no categorical features
problem,,,,,,,mfeat-fourier,logreg,categorical_covariate_shift,0.0,skipped,shift not applicable: dataset has no categorical features
problem,,,,,,,mfeat-fourier,logreg,categorical_covariate_shift,0.05,skipped,shift not applicable: dataset has no categorical features
problem,,,,,,,mfeat-fourier,logreg,categorical_covariate_shift,0.1,skipped,shift not applicable: dataset has no categorical features
problem,,,,,,,mfeat-fourier,logreg,categorical_covariate_shift,0.2,skipped,shift not applicable: dataset has no categorical features
problem,,,,,,,mfeat-fourier,logreg,categorical_covariate_shift,0.3,skipped,shift not applicable: dataset has no categorical features
problem,,,,,,,mfeat-fourier,logreg,categorical_covariate_shift,0.4,skipped,shift not applicable: dataset has no categorical features
problem,,,,,,,mfeat-fourier,tabicl,categorical_covariate_shift,0.0,skipped,shift not applicable: dataset has no categorical features
problem,,,,,,,mfeat-fourier,tabicl,categorical_covariate_shift,0.05,skipped,shift not applicable: dataset has no categorical features
problem,,,,,,,mfeat-fourier,tabicl,categorical_covariate_shift,0.1,skipped,shift not applicable: dataset has no categorical features
problem,,,,,,,mfeat-fourier,tabicl,categorical_covariate_shift,0.2,skipped,shift not applicable: dataset has no categorical features
problem,,,,,,,mfeat-fourier,tabicl,categorical_covariate_shift,0.3,skipped,shift not applicable: dataset has no categorical features
problem,,,,,,,mfeat-fourier,tabicl,categorical_covariate_shift,0.4,skipped,shift not applicable: dataset has no categorical features
problem,,,,,,,mfeat-fourier,tabpfn,categorical_covariate_shift,0.0,skipped,shift not applicable: dataset has no categorical features
problem,,,,,,,mfeat-fourier,tabpfn,categorical_covariate_shift,0.05,skipped,shift not applicable: dataset has no categorical features
problem,,,,,,,mfeat-fourier,tabpfn,categorical_covariate_shift,0.1,skipped,shift not applicable: dataset has no categorical features
problem,,,,,,,mfeat-fourier,tabpfn,categorical_covariate_shift,0.2,skipped,shift not applicable: dataset has no categorical features
problem,,,,,,,mfeat-fourier,tabpfn,categorical_covariate_shift,0.3,skipped,shift not applicable: dataset has no categorical features
problem,,,,,,,mfeat-fourier,tabpfn,categorical_covariate_shift,0.4,skipped,shift not applicable: dataset has no categorical features
problem,,,,,,,mfeat-fourier,xgboost,categorical_covariate_shift,0.0,skipped,shift not applicable: dataset has no categorical features
problem,,,,,,,mfeat-fourier,xgboost,categorical_covariate_shift,0.05,skipped,shift not applicable: dataset has no categorical features
problem,,,,,,,mfeat-fourier,xgboost,categorical_covariate_shift,0.1,skipped,shift not applicable: dataset has no categorical features
problem,,,,,,,mfeat-fourier,xgboost,categorical_covariate_shift,0.2,skipped,shift not applicable: dataset has no categorical features
problem,,,,,,,mfeat-fourier,xgboost,categorical_covariate_shift,0.3,skipped,shift not applicable: dataset has no categorical features
problem,,,,,,,mfeat-fourier,xgboost,categorical_covariate_shift,0.4,skipped,shift not applicable: dataset has no categorical features
problem,,,,,,,mfeat-karhunen,catboost,categorical_covariate_shift,0.0,skipped,shift not applicable: dataset has no categorical features
problem,,,,,,,mfeat-karhunen,catboost,categorical_covariate_shift,0.05,skipped,shift not applicable: dataset has no categorical features
problem,,,,,,,mfeat-karhunen,catboost,categorical_covariate_shift,0.1,skipped,shift not applicable: dataset has no categorical features
problem,,,,,,,mfeat-karhunen,catboost,categorical_covariate_shift,0.2,skipped,shift not applicable: dataset has no categorical features
problem,,,,,,,mfeat-karhunen,catboost,categorical_covariate_shift,0.3,skipped,shift not applicable: dataset has no categorical features
problem,,,,,,,mfeat-karhunen,catboost,categorical_covariate_shift,0.4,skipped,shift not applicable: dataset has no categorical features
problem,,,,,,,mfeat-karhunen,hist_gbdt,categorical_covariate_shift,0.0,skipped,shift not applicable: dataset has no categorical features
problem,,,,,,,mfeat-karhunen,hist_gbdt,categorical_covariate_shift,0.05,skipped,shift not applicable: dataset has no categorical features
problem,,,,,,,mfeat-karhunen,hist_gbdt,categorical_covariate_shift,0.1,skipped,shift not applicable: dataset has no categorical features
problem,,,,,,,mfeat-karhunen,hist_gbdt,categorical_covariate_shift,0.2,skipped,shift not applicable: dataset has no categorical features
problem,,,,,,,mfeat-karhunen,hist_gbdt,categorical_covariate_shift,0.3,skipped,shift not applicable: dataset has no categorical features
problem,,,,,,,mfeat-karhunen,hist_gbdt,categorical_covariate_shift,0.4,skipped,shift not applicable: dataset has no categorical features
problem,,,,,,,mfeat-karhunen,logreg,categorical_covariate_shift,0.0,skipped,shift not applicable: dataset has no categorical features
problem,,,,,,,mfeat-karhunen,logreg,categorical_covariate_shift,0.05,skipped,shift not applicable: dataset has no categorical features
problem,,,,,,,mfeat-karhunen,logreg,categorical_covariate_shift,0.1,skipped,shift not applicable: dataset has no categorical features
problem,,,,,,,mfeat-karhunen,logreg,categorical_covariate_shift,0.2,skipped,shift not applicable: dataset has no categorical features
problem,,,,,,,mfeat-karhunen,logreg,categorical_covariate_shift,0.3,skipped,shift not applicable: dataset has no categorical features
problem,,,,,,,mfeat-karhunen,logreg,categorical_covariate_shift,0.4,skipped,shift not applicable: dataset has no categorical features
problem,,,,,,,mfeat-karhunen,tabicl,categorical_covariate_shift,0.0,skipped,shift not applicable: dataset has no categorical features
problem,,,,,,,mfeat-karhunen,tabicl,categorical_covariate_shift,0.05,skipped,shift not applicable: dataset has no categorical features
problem,,,,,,,mfeat-karhunen,tabicl,categorical_covariate_shift,0.1,skipped,shift not applicable: dataset has no categorical features
problem,,,,,,,mfeat-karhunen,tabicl,categorical_covariate_shift,0.2,skipped,shift not applicable: dataset has no categorical features
problem,,,,,,,mfeat-karhunen,tabicl,categorical_covariate_shift,0.3,skipped,shift not applicable: dataset has no categorical features
problem,,,,,,,mfeat-karhunen,tabicl,categorical_covariate_shift,0.4,skipped,shift not applicable: dataset has no categorical features
problem,,,,,,,mfeat-karhunen,tabpfn,categorical_covariate_shift,0.0,skipped,shift not applicable: dataset has no categorical features
problem,,,,,,,mfeat-karhunen,tabpfn,categorical_covariate_shift,0.05,skipped,shift not applicable: dataset has no categorical features
problem,,,,,,,mfeat-karhunen,tabpfn,categorical_covariate_shift,0.1,skipped,shift not applicable: dataset has no categorical features
problem,,,,,,,mfeat-karhunen,tabpfn,categorical_covariate_shift,0.2,skipped,shift not applicable: dataset has no categorical features
problem,,,,,,,mfeat-karhunen,tabpfn,categorical_covariate_shift,0.3,skipped,shift not applicable: dataset has no categorical features
problem,,,,,,,mfeat-karhunen,tabpfn,categorical_covariate_shift,0.4,skipped,shift not applicable: dataset has no categorical features
problem,,,,,,,mfeat-karhunen,xgboost,categorical_covariate_shift,0.0,skipped,shift not applicable: dataset has no categorical features
problem,,,,,,,mfeat-karhunen,xgboost,categorical_covariate_shift,0.05,skipped,shift not applicable: dataset has no categorical features
problem,,,,,,,mfeat-karhunen,xgboost,categorical_covariate_shift,0.1,skipped,shift not applicable: dataset has no categorical features
problem,,,,,,,mfeat-karhunen,xgboost,categorical_covariate_shift,0.2,skipped,shift not applicable: dataset has no categorical features
problem,,,,,,,mfeat-karhunen,xgboost,categorical_covariate_shift,0.3,skipped,shift not applicable: dataset has no categorical features
problem,,,,,,,mfeat-karhunen,xgboost,categorical_covariate_shift,0.4,skipped,shift not applicable: dataset has no categorical features
problem,,,,,,,mfeat-morphological,catboost,categorical_covariate_shift,0.0,skipped,shift not applicable: dataset has no categorical features
problem,,,,,,,mfeat-morphological,catboost,categorical_covariate_shift,0.05,skipped,shift not applicable: dataset has no categorical features
problem,,,,,,,mfeat-morphological,catboost,categorical_covariate_shift,0.1,skipped,shift not applicable: dataset has no categorical features
problem,,,,,,,mfeat-morphological,catboost,categorical_covariate_shift,0.2,skipped,shift not applicable: dataset has no categorical features
problem,,,,,,,mfeat-morphological,catboost,categorical_covariate_shift,0.3,skipped,shift not applicable: dataset has no categorical features
problem,,,,,,,mfeat-morphological,catboost,categorical_covariate_shift,0.4,skipped,shift not applicable: dataset has no categorical features
problem,,,,,,,mfeat-morphological,hist_gbdt,categorical_covariate_shift,0.0,skipped,shift not applicable: dataset has no categorical features
problem,,,,,,,mfeat-morphological,hist_gbdt,categorical_covariate_shift,0.05,skipped,shift not applicable: dataset has no categorical features
problem,,,,,,,mfeat-morphological,hist_gbdt,categorical_covariate_shift,0.1,skipped,shift not applicable: dataset has no categorical features
problem,,,,,,,mfeat-morphological,hist_gbdt,categorical_covariate_shift,0.2,skipped,shift not applicable: dataset has no categorical features
problem,,,,,,,mfeat-morphological,hist_gbdt,categorical_covariate_shift,0.3,skipped,shift not applicable: dataset has no categorical features
problem,,,,,,,mfeat-morphological,hist_gbdt,categorical_covariate_shift,0.4,skipped,shift not applicable: dataset has no categorical features
problem,,,,,,,mfeat-morphological,logreg,categorical_covariate_shift,0.0,skipped,shift not applicable: dataset has no categorical features
problem,,,,,,,mfeat-morphological,logreg,categorical_covariate_shift,0.05,skipped,shift not applicable: dataset has no categorical features
problem,,,,,,,mfeat-morphological,logreg,categorical_covariate_shift,0.1,skipped,shift not applicable: dataset has no categorical features
problem,,,,,,,mfeat-morphological,logreg,categorical_covariate_shift,0.2,skipped,shift not applicable: dataset has no categorical features
problem,,,,,,,mfeat-morphological,logreg,categorical_covariate_shift,0.3,skipped,shift not applicable: dataset has no categorical features
problem,,,,,,,mfeat-morphological,logreg,categorical_covariate_shift,0.4,skipped,shift not applicable: dataset has no categorical features
problem,,,,,,,mfeat-morphological,tabicl,categorical_covariate_shift,0.0,skipped,shift not applicable: dataset has no categorical features
problem,,,,,,,mfeat-morphological,tabicl,categorical_covariate_shift,0.05,skipped,shift not applicable: dataset has no categorical features
problem,,,,,,,mfeat-morphological,tabicl,categorical_covariate_shift,0.1,skipped,shift not applicable: dataset has no categorical features
problem,,,,,,,mfeat-morphological,tabicl,categorical_covariate_shift,0.2,skipped,shift not applicable: dataset has no categorical features
problem,,,,,,,mfeat-morphological,tabicl,categorical_covariate_shift,0.3,skipped,shift not applicable: dataset has no categorical features
problem,,,,,,,mfeat-morphological,tabicl,categorical_covariate_shift,0.4,skipped,shift not applicable: dataset has no categorical features
problem,,,,,,,mfeat-morphological,tabpfn,categorical_covariate_shift,0.0,skipped,shift not applicable: dataset has no categorical features
problem,,,,,,,mfeat-morphological,tabpfn,categorical_covariate_shift,0.05,skipped,shift not applicable: dataset has no categorical features
problem,,,,,,,mfeat-morphological,tabpfn,categorical_covariate_shift,0.1,skipped,shift not applicable: dataset has no categorical features
problem,,,,,,,mfeat-morphological,tabpfn,categorical_covariate_shift,0.2,skipped,shift not applicable: dataset has no categorical features
problem,,,,,,,mfeat-morphological,tabpfn,categorical_covariate_shift,0.3,skipped,shift not applicable: dataset has no categorical features
problem,,,,,,,mfeat-morphological,tabpfn,categorical_covariate_shift,0.4,skipped,shift not applicable: dataset has no categorical features
problem,,,,,,,mfeat-morphological,xgboost,categorical_covariate_shift,0.0,skipped,shift not applicable: dataset has no categorical features
problem,,,,,,,mfeat-morphological,xgboost,categorical_covariate_shift,0.05,skipped,shift not applicable: dataset has no categorical features
problem,,,,,,,mfeat-morphological,xgboost,categorical_covariate_shift,0.1,skipped,shift not applicable: dataset has no categorical features
problem,,,,,,,mfeat-morphological,xgboost,categorical_covariate_shift,0.2,skipped,shift not applicable: dataset has no categorical features
problem,,,,,,,mfeat-morphological,xgboost,categorical_covariate_shift,0.3,skipped,shift not applicable: dataset has no categorical features
problem,,,,,,,mfeat-morphological,xgboost,categorical_covariate_shift,0.4,skipped,shift not applicable: dataset has no categorical features
problem,,,,,,,mfeat-zernike,catboost,categorical_covariate_shift,0.0,skipped,shift not applicable: dataset has no categorical features
problem,,,,,,,mfeat-zernike,catboost,categorical_covariate_shift,0.05,skipped,shift not applicable: dataset has no categorical features
problem,,,,,,,mfeat-zernike,catboost,categorical_covariate_shift,0.1,skipped,shift not applicable: dataset has no categorical features
problem,,,,,,,mfeat-zernike,catboost,categorical_covariate_shift,0.2,skipped,shift not applicable: dataset has no categorical features
problem,,,,,,,mfeat-zernike,catboost,categorical_covariate_shift,0.3,skipped,shift not applicable: dataset has no categorical features
problem,,,,,,,mfeat-zernike,catboost,categorical_covariate_shift,0.4,skipped,shift not applicable: dataset has no categorical features
problem,,,,,,,mfeat-zernike,hist_gbdt,categorical_covariate_shift,0.0,skipped,shift not applicable: dataset has no categorical features
problem,,,,,,,mfeat-zernike,hist_gbdt,categorical_covariate_shift,0.05,skipped,shift not applicable: dataset has no categorical features
problem,,,,,,,mfeat-zernike,hist_gbdt,categorical_covariate_shift,0.1,skipped,shift not applicable: dataset has no categorical features
problem,,,,,,,mfeat-zernike,hist_gbdt,categorical_covariate_shift,0.2,skipped,shift not applicable: dataset has no categorical features
problem,,,,,,,mfeat-zernike,hist_gbdt,categorical_covariate_shift,0.3,skipped,shift not applicable: dataset has no categorical features
problem,,,,,,,mfeat-zernike,hist_gbdt,categorical_covariate_shift,0.4,skipped,shift not applicable: dataset has no categorical features
problem,,,,,,,mfeat-zernike,logreg,categorical_covariate_shift,0.0,skipped,shift not applicable: dataset has no categorical features
problem,,,,,,,mfeat-zernike,logreg,categorical_covariate_shift,0.05,skipped,shift not applicable: dataset has no categorical features
problem,,,,,,,mfeat-zernike,logreg,categorical_covariate_shift,0.1,skipped,shift not applicable: dataset has no categorical features
problem,,,,,,,mfeat-zernike,logreg,categorical_covariate_shift,0.2,skipped,shift not applicable: dataset has no categorical features
problem,,,,,,,mfeat-zernike,logreg,categorical_covariate_shift,0.3,skipped,shift not applicable: dataset has no categorical features
problem,,,,,,,mfeat-zernike,logreg,categorical_covariate_shift,0.4,skipped,shift not applicable: dataset has no categorical features
problem,,,,,,,mfeat-zernike,tabicl,categorical_covariate_shift,0.0,skipped,shift not applicable: dataset has no categorical features
problem,,,,,,,mfeat-zernike,tabicl,categorical_covariate_shift,0.05,skipped,shift not applicable: dataset has no categorical features
problem,,,,,,,mfeat-zernike,tabicl,categorical_covariate_shift,0.1,skipped,shift not applicable: dataset has no categorical features
problem,,,,,,,mfeat-zernike,tabicl,categorical_covariate_shift,0.2,skipped,shift not applicable: dataset has no categorical features
problem,,,,,,,mfeat-zernike,tabicl,categorical_covariate_shift,0.3,skipped,shift not applicable: dataset has no categorical features
problem,,,,,,,mfeat-zernike,tabicl,categorical_covariate_shift,0.4,skipped,shift not applicable: dataset has no categorical features
problem,,,,,,,mfeat-zernike,tabpfn,categorical_covariate_shift,0.0,skipped,shift not applicable: dataset has no categorical features
problem,,,,,,,mfeat-zernike,tabpfn,categorical_covariate_shift,0.05,skipped,shift not applicable: dataset has no categorical features
problem,,,,,,,mfeat-zernike,tabpfn,categorical_covariate_shift,0.1,skipped,shift not applicable: dataset has no categorical features
problem,,,,,,,mfeat-zernike,tabpfn,categorical_covariate_shift,0.2,skipped,shift not applicable: dataset has no categorical features
problem,,,,,,,mfeat-zernike,tabpfn,categorical_covariate_shift,0.3,skipped,shift not applicable: dataset has no categorical features
problem,,,,,,,mfeat-zernike,tabpfn,categorical_covariate_shift,0.4,skipped,shift not applicable: dataset has no categorical features
problem,,,,,,,mfeat-zernike,xgboost,categorical_covariate_shift,0.0,skipped,shift not applicable: dataset has no categorical features
problem,,,,,,,mfeat-zernike,xgboost,categorical_covariate_shift,0.05,skipped,shift not applicable: dataset has no categorical features
problem,,,,,,,mfeat-zernike,xgboost,categorical_covariate_shift,0.1,skipped,shift not applicable: dataset has no categorical features
problem,,,,,,,mfeat-zernike,xgboost,categorical_covariate_shift,0.2,skipped,shift not applicable: dataset has no categorical features
problem,,,,,,,mfeat-zernike,xgboost,categorical_covariate_shift,0.3,skipped,shift not applicable: dataset has no categorical features
problem,,,,,,,mfeat-zernike,xgboost,categorical_covariate_shift,0.4,skipped,shift not applicable: dataset has no categorical features
problem,,,,,,,optdigits,catboost,categorical_covariate_shift,0.0,skipped,shift not applicable: dataset has no categorical features
problem,,,,,,,optdigits,catboost,categorical_covariate_shift,0.05,skipped,shift not applicable: dataset has no categorical features
problem,,,,,,,optdigits,catboost,categorical_covariate_shift,0.1,skipped,shift not applicable: dataset has no categorical features
problem,,,,,,,optdigits,catboost,categorical_covariate_shift,0.2,skipped,shift not applicable: dataset has no categorical features
problem,,,,,,,optdigits,catboost,categorical_covariate_shift,0.3,skipped,shift not applicable: dataset has no categorical features
problem,,,,,,,optdigits,catboost,categorical_covariate_shift,0.4,skipped,shift not applicable: dataset has no categorical features
problem,,,,,,,optdigits,hist_gbdt,categorical_covariate_shift,0.0,skipped,shift not applicable: dataset has no categorical features
problem,,,,,,,optdigits,hist_gbdt,categorical_covariate_shift,0.05,skipped,shift not applicable: dataset has no categorical features
problem,,,,,,,optdigits,hist_gbdt,categorical_covariate_shift,0.1,skipped,shift not applicable: dataset has no categorical features
problem,,,,,,,optdigits,hist_gbdt,categorical_covariate_shift,0.2,skipped,shift not applicable: dataset has no categorical features
problem,,,,,,,optdigits,hist_gbdt,categorical_covariate_shift,0.3,skipped,shift not applicable: dataset has no categorical features
problem,,,,,,,optdigits,hist_gbdt,categorical_covariate_shift,0.4,skipped,shift not applicable: dataset has no categorical features
problem,,,,,,,optdigits,logreg,categorical_covariate_shift,0.0,skipped,shift not applicable: dataset has no categorical features
problem,,,,,,,optdigits,logreg,categorical_covariate_shift,0.05,skipped,shift not applicable: dataset has no categorical features
problem,,,,,,,optdigits,logreg,categorical_covariate_shift,0.1,skipped,shift not applicable: dataset has no categorical features
problem,,,,,,,optdigits,logreg,categorical_covariate_shift,0.2,skipped,shift not applicable: dataset has no categorical features
problem,,,,,,,optdigits,logreg,categorical_covariate_shift,0.3,skipped,shift not applicable: dataset has no categorical features
problem,,,,,,,optdigits,logreg,categorical_covariate_shift,0.4,skipped,shift not applicable: dataset has no categorical features
problem,,,,,,,optdigits,tabicl,categorical_covariate_shift,0.0,skipped,shift not applicable: dataset has no categorical features
problem,,,,,,,optdigits,tabicl,categorical_covariate_shift,0.05,skipped,shift not applicable: dataset has no categorical features
problem,,,,,,,optdigits,tabicl,categorical_covariate_shift,0.1,skipped,shift not applicable: dataset has no categorical features
problem,,,,,,,optdigits,tabicl,categorical_covariate_shift,0.2,skipped,shift not applicable: dataset has no categorical features
problem,,,,,,,optdigits,tabicl,categorical_covariate_shift,0.3,skipped,shift not applicable: dataset has no categorical features
problem,,,,,,,optdigits,tabicl,categorical_covariate_shift,0.4,skipped,shift not applicable: dataset has no categorical features
problem,,,,,,,optdigits,tabpfn,categorical_covariate_shift,0.0,skipped,shift not applicable: dataset has no categorical features
problem,,,,,,,optdigits,tabpfn,categorical_covariate_shift,0.05,skipped,shift not applicable: dataset has no categorical features
problem,,,,,,,optdigits,tabpfn,categorical_covariate_shift,0.1,skipped,shift not applicable: dataset has no categorical features
problem,,,,,,,optdigits,tabpfn,categorical_covariate_shift,0.2,skipped,shift not applicable: dataset has no categorical features
problem,,,,,,,optdigits,tabpfn,categorical_covariate_shift,0.3,skipped,shift not applicable: dataset has no categorical features
problem,,,,,,,optdigits,tabpfn,categorical_covariate_shift,0.4,skipped,shift not applicable: dataset has no categorical features
problem,,,,,,,optdigits,xgboost,categorical_covariate_shift,0.0,skipped,shift not applicable: dataset has no categorical features
problem,,,,,,,optdigits,xgboost,categorical_covariate_shift,0.05,skipped,shift not applicable: dataset has no categorical features
problem,,,,,,,optdigits,xgboost,categorical_covariate_shift,0.1,skipped,shift not applicable: dataset has no categorical features
problem,,,,,,,optdigits,xgboost,categorical_covariate_shift,0.2,skipped,shift not applicable: dataset has no categorical features
problem,,,,,,,optdigits,xgboost,categorical_covariate_shift,0.3,skipped,shift not applicable: dataset has no categorical features
problem,,,,,,,optdigits,xgboost,categorical_covariate_shift,0.4,skipped,shift not applicable: dataset has no categorical features
problem,,,,,,,ozone-level-8hr,catboost,categorical_covariate_shift,0.0,skipped,shift not applicable: dataset has no categorical features
problem,,,,,,,ozone-level-8hr,catboost,categorical_covariate_shift,0.05,skipped,shift not applicable: dataset has no categorical features
problem,,,,,,,ozone-level-8hr,catboost,categorical_covariate_shift,0.1,skipped,shift not applicable: dataset has no categorical features
problem,,,,,,,ozone-level-8hr,catboost,categorical_covariate_shift,0.2,skipped,shift not applicable: dataset has no categorical features
problem,,,,,,,ozone-level-8hr,catboost,categorical_covariate_shift,0.3,skipped,shift not applicable: dataset has no categorical features
problem,,,,,,,ozone-level-8hr,catboost,categorical_covariate_shift,0.4,skipped,shift not applicable: dataset has no categorical features
problem,,,,,,,ozone-level-8hr,hist_gbdt,categorical_covariate_shift,0.0,skipped,shift not applicable: dataset has no categorical features
problem,,,,,,,ozone-level-8hr,hist_gbdt,categorical_covariate_shift,0.05,skipped,shift not applicable: dataset has no categorical features
problem,,,,,,,ozone-level-8hr,hist_gbdt,categorical_covariate_shift,0.1,skipped,shift not applicable: dataset has no categorical features
problem,,,,,,,ozone-level-8hr,hist_gbdt,categorical_covariate_shift,0.2,skipped,shift not applicable: dataset has no categorical features
problem,,,,,,,ozone-level-8hr,hist_gbdt,categorical_covariate_shift,0.3,skipped,shift not applicable: dataset has no categorical features
problem,,,,,,,ozone-level-8hr,hist_gbdt,categorical_covariate_shift,0.4,skipped,shift not applicable: dataset has no categorical features
problem,,,,,,,ozone-level-8hr,logreg,categorical_covariate_shift,0.0,skipped,shift not applicable: dataset has no categorical features
problem,,,,,,,ozone-level-8hr,logreg,categorical_covariate_shift,0.05,skipped,shift not applicable: dataset has no categorical features
problem,,,,,,,ozone-level-8hr,logreg,categorical_covariate_shift,0.1,skipped,shift not applicable: dataset has no categorical features
problem,,,,,,,ozone-level-8hr,logreg,categorical_covariate_shift,0.2,skipped,shift not applicable: dataset has no categorical features
problem,,,,,,,ozone-level-8hr,logreg,categorical_covariate_shift,0.3,skipped,shift not applicable: dataset has no categorical features
problem,,,,,,,ozone-level-8hr,logreg,categorical_covariate_shift,0.4,skipped,shift not applicable: dataset has no categorical features
problem,,,,,,,ozone-level-8hr,tabicl,categorical_covariate_shift,0.0,skipped,shift not applicable: dataset has no categorical features
problem,,,,,,,ozone-level-8hr,tabicl,categorical_covariate_shift,0.05,skipped,shift not applicable: dataset has no categorical features
problem,,,,,,,ozone-level-8hr,tabicl,categorical_covariate_shift,0.1,skipped,shift not applicable: dataset has no categorical features
problem,,,,,,,ozone-level-8hr,tabicl,categorical_covariate_shift,0.2,skipped,shift not applicable: dataset has no categorical features
problem,,,,,,,ozone-level-8hr,tabicl,categorical_covariate_shift,0.3,skipped,shift not applicable: dataset has no categorical features
problem,,,,,,,ozone-level-8hr,tabicl,categorical_covariate_shift,0.4,skipped,shift not applicable: dataset has no categorical features
problem,,,,,,,ozone-level-8hr,tabpfn,categorical_covariate_shift,0.0,skipped,shift not applicable: dataset has no categorical features
problem,,,,,,,ozone-level-8hr,tabpfn,categorical_covariate_shift,0.05,skipped,shift not applicable: dataset has no categorical features
problem,,,,,,,ozone-level-8hr,tabpfn,categorical_covariate_shift,0.1,skipped,shift not applicable: dataset has no categorical features
problem,,,,,,,ozone-level-8hr,tabpfn,categorical_covariate_shift,0.2,skipped,shift not applicable: dataset has no categorical features
problem,,,,,,,ozone-level-8hr,tabpfn,categorical_covariate_shift,0.3,skipped,shift not applicable: dataset has no categorical features
problem,,,,,,,ozone-level-8hr,tabpfn,categorical_covariate_shift,0.4,skipped,shift not applicable: dataset has no categorical features
problem,,,,,,,ozone-level-8hr,xgboost,categorical_covariate_shift,0.0,skipped,shift not applicable: dataset has no categorical features
problem,,,,,,,ozone-level-8hr,xgboost,categorical_covariate_shift,0.05,skipped,shift not applicable: dataset has no categorical features
problem,,,,,,,ozone-level-8hr,xgboost,categorical_covariate_shift,0.1,skipped,shift not applicable: dataset has no categorical features
problem,,,,,,,ozone-level-8hr,xgboost,categorical_covariate_shift,0.2,skipped,shift not applicable: dataset has no categorical features
problem,,,,,,,ozone-level-8hr,xgboost,categorical_covariate_shift,0.3,skipped,shift not applicable: dataset has no categorical features
problem,,,,,,,ozone-level-8hr,xgboost,categorical_covariate_shift,0.4,skipped,shift not applicable: dataset has no categorical features
problem,,,,,,,pc1,catboost,categorical_covariate_shift,0.0,skipped,shift not applicable: dataset has no categorical features
problem,,,,,,,pc1,catboost,categorical_covariate_shift,0.05,skipped,shift not applicable: dataset has no categorical features
problem,,,,,,,pc1,catboost,categorical_covariate_shift,0.1,skipped,shift not applicable: dataset has no categorical features
problem,,,,,,,pc1,catboost,categorical_covariate_shift,0.2,skipped,shift not applicable: dataset has no categorical features
problem,,,,,,,pc1,catboost,categorical_covariate_shift,0.3,skipped,shift not applicable: dataset has no categorical features
problem,,,,,,,pc1,catboost,categorical_covariate_shift,0.4,skipped,shift not applicable: dataset has no categorical features
problem,,,,,,,pc1,hist_gbdt,categorical_covariate_shift,0.0,skipped,shift not applicable: dataset has no categorical features
problem,,,,,,,pc1,hist_gbdt,categorical_covariate_shift,0.05,skipped,shift not applicable: dataset has no categorical features
problem,,,,,,,pc1,hist_gbdt,categorical_covariate_shift,0.1,skipped,shift not applicable: dataset has no categorical features
problem,,,,,,,pc1,hist_gbdt,categorical_covariate_shift,0.2,skipped,shift not applicable: dataset has no categorical features
problem,,,,,,,pc1,hist_gbdt,categorical_covariate_shift,0.3,skipped,shift not applicable: dataset has no categorical features
problem,,,,,,,pc1,hist_gbdt,categorical_covariate_shift,0.4,skipped,shift not applicable: dataset has no categorical features
problem,,,,,,,pc1,logreg,categorical_covariate_shift,0.0,skipped,shift not applicable: dataset has no categorical features
problem,,,,,,,pc1,logreg,categorical_covariate_shift,0.05,skipped,shift not applicable: dataset has no categorical features
problem,,,,,,,pc1,logreg,categorical_covariate_shift,0.1,skipped,shift not applicable: dataset has no categorical features
problem,,,,,,,pc1,logreg,categorical_covariate_shift,0.2,skipped,shift not applicable: dataset has no categorical features
problem,,,,,,,pc1,logreg,categorical_covariate_shift,0.3,skipped,shift not applicable: dataset has no categorical features
problem,,,,,,,pc1,logreg,categorical_covariate_shift,0.4,skipped,shift not applicable: dataset has no categorical features
problem,,,,,,,pc1,tabicl,categorical_covariate_shift,0.0,skipped,shift not applicable: dataset has no categorical features
problem,,,,,,,pc1,tabicl,categorical_covariate_shift,0.05,skipped,shift not applicable: dataset has no categorical features
problem,,,,,,,pc1,tabicl,categorical_covariate_shift,0.1,skipped,shift not applicable: dataset has no categorical features
problem,,,,,,,pc1,tabicl,categorical_covariate_shift,0.2,skipped,shift not applicable: dataset has no categorical features
problem,,,,,,,pc1,tabicl,categorical_covariate_shift,0.3,skipped,shift not applicable: dataset has no categorical features
problem,,,,,,,pc1,tabicl,categorical_covariate_shift,0.4,skipped,shift not applicable: dataset has no categorical features
problem,,,,,,,pc1,tabpfn,categorical_covariate_shift,0.0,skipped,shift not applicable: dataset has no categorical features
problem,,,,,,,pc1,tabpfn,categorical_covariate_shift,0.05,skipped,shift not applicable: dataset has no categorical features
problem,,,,,,,pc1,tabpfn,categorical_covariate_shift,0.1,skipped,shift not applicable: dataset has no categorical features
problem,,,,,,,pc1,tabpfn,categorical_covariate_shift,0.2,skipped,shift not applicable: dataset has no categorical features
problem,,,,,,,pc1,tabpfn,categorical_covariate_shift,0.3,skipped,shift not applicable: dataset has no categorical features
problem,,,,,,,pc1,tabpfn,categorical_covariate_shift,0.4,skipped,shift not applicable: dataset has no categorical features
problem,,,,,,,pc1,xgboost,categorical_covariate_shift,0.0,skipped,shift not applicable: dataset has no categorical features
problem,,,,,,,pc1,xgboost,categorical_covariate_shift,0.05,skipped,shift not applicable: dataset has no categorical features
problem,,,,,,,pc1,xgboost,categorical_covariate_shift,0.1,skipped,shift not applicable: dataset has no categorical features
problem,,,,,,,pc1,xgboost,categorical_covariate_shift,0.2,skipped,shift not applicable: dataset has no categorical features
problem,,,,,,,pc1,xgboost,categorical_covariate_shift,0.3,skipped,shift not applicable: dataset has no categorical features
problem,,,,,,,pc1,xgboost,categorical_covariate_shift,0.4,skipped,shift not applicable: dataset has no categorical features
problem,,,,,,,pc3,catboost,categorical_covariate_shift,0.0,skipped,shift not applicable: dataset has no categorical features
problem,,,,,,,pc3,catboost,categorical_covariate_shift,0.05,skipped,shift not applicable: dataset has no categorical features
problem,,,,,,,pc3,catboost,categorical_covariate_shift,0.1,skipped,shift not applicable: dataset has no categorical features
problem,,,,,,,pc3,catboost,categorical_covariate_shift,0.2,skipped,shift not applicable: dataset has no categorical features
problem,,,,,,,pc3,catboost,categorical_covariate_shift,0.3,skipped,shift not applicable: dataset has no categorical features
problem,,,,,,,pc3,catboost,categorical_covariate_shift,0.4,skipped,shift not applicable: dataset has no categorical features
problem,,,,,,,pc3,hist_gbdt,categorical_covariate_shift,0.0,skipped,shift not applicable: dataset has no categorical features
problem,,,,,,,pc3,hist_gbdt,categorical_covariate_shift,0.05,skipped,shift not applicable: dataset has no categorical features
problem,,,,,,,pc3,hist_gbdt,categorical_covariate_shift,0.1,skipped,shift not applicable: dataset has no categorical features
problem,,,,,,,pc3,hist_gbdt,categorical_covariate_shift,0.2,skipped,shift not applicable: dataset has no categorical features
problem,,,,,,,pc3,hist_gbdt,categorical_covariate_shift,0.3,skipped,shift not applicable: dataset has no categorical features
problem,,,,,,,pc3,hist_gbdt,categorical_covariate_shift,0.4,skipped,shift not applicable: dataset has no categorical features
problem,,,,,,,pc3,logreg,categorical_covariate_shift,0.0,skipped,shift not applicable: dataset has no categorical features
problem,,,,,,,pc3,logreg,categorical_covariate_shift,0.05,skipped,shift not applicable: dataset has no categorical features
problem,,,,,,,pc3,logreg,categorical_covariate_shift,0.1,skipped,shift not applicable: dataset has no categorical features
problem,,,,,,,pc3,logreg,categorical_covariate_shift,0.2,skipped,shift not applicable: dataset has no categorical features
problem,,,,,,,pc3,logreg,categorical_covariate_shift,0.3,skipped,shift not applicable: dataset has no categorical features
problem,,,,,,,pc3,logreg,categorical_covariate_shift,0.4,skipped,shift not applicable: dataset has no categorical features
problem,,,,,,,pc3,tabicl,categorical_covariate_shift,0.0,skipped,shift not applicable: dataset has no categorical features
problem,,,,,,,pc3,tabicl,categorical_covariate_shift,0.05,skipped,shift not applicable: dataset has no categorical features
problem,,,,,,,pc3,tabicl,categorical_covariate_shift,0.1,skipped,shift not applicable: dataset has no categorical features
problem,,,,,,,pc3,tabicl,categorical_covariate_shift,0.2,skipped,shift not applicable: dataset has no categorical features
problem,,,,,,,pc3,tabicl,categorical_covariate_shift,0.3,skipped,shift not applicable: dataset has no categorical features
problem,,,,,,,pc3,tabicl,categorical_covariate_shift,0.4,skipped,shift not applicable: dataset has no categorical features
problem,,,,,,,pc3,tabpfn,categorical_covariate_shift,0.0,skipped,shift not applicable: dataset has no categorical features
problem,,,,,,,pc3,tabpfn,categorical_covariate_shift,0.05,skipped,shift not applicable: dataset has no categorical features
problem,,,,,,,pc3,tabpfn,categorical_covariate_shift,0.1,skipped,shift not applicable: dataset has no categorical features
problem,,,,,,,pc3,tabpfn,categorical_covariate_shift,0.2,skipped,shift not applicable: dataset has no categorical features
problem,,,,,,,pc3,tabpfn,categorical_covariate_shift,0.3,skipped,shift not applicable: dataset has no categorical features
problem,,,,,,,pc3,tabpfn,categorical_covariate_shift,0.4,skipped,shift not applicable: dataset has no categorical features
problem,,,,,,,pc3,xgboost,categorical_covariate_shift,0.0,skipped,shift not applicable: dataset has no categorical features
problem,,,,,,,pc3,xgboost,categorical_covariate_shift,0.05,skipped,shift not applicable: dataset has no categorical features
problem,,,,,,,pc3,xgboost,categorical_covariate_shift,0.1,skipped,shift not applicable: dataset has no categorical features
problem,,,,,,,pc3,xgboost,categorical_covariate_shift,0.2,skipped,shift not applicable: dataset has no categorical features
problem,,,,,,,pc3,xgboost,categorical_covariate_shift,0.3,skipped,shift not applicable: dataset has no categorical features
problem,,,,,,,pc3,xgboost,categorical_covariate_shift,0.4,skipped,shift not applicable: dataset has no categorical features
problem,,,,,,,pc4,catboost,categorical_covariate_shift,0.0,skipped,shift not applicable: dataset has no categorical features
problem,,,,,,,pc4,catboost,categorical_covariate_shift,0.05,skipped,shift not applicable: dataset has no categorical features
problem,,,,,,,pc4,catboost,categorical_covariate_shift,0.1,skipped,shift not applicable: dataset has no categorical features
problem,,,,,,,pc4,catboost,categorical_covariate_shift,0.2,skipped,shift not applicable: dataset has no categorical features
problem,,,,,,,pc4,catboost,categorical_covariate_shift,0.3,skipped,shift not applicable: dataset has no categorical features
problem,,,,,,,pc4,catboost,categorical_covariate_shift,0.4,skipped,shift not applicable: dataset has no categorical features
problem,,,,,,,pc4,hist_gbdt,categorical_covariate_shift,0.0,skipped,shift not applicable: dataset has no categorical features
problem,,,,,,,pc4,hist_gbdt,categorical_covariate_shift,0.05,skipped,shift not applicable: dataset has no categorical features
problem,,,,,,,pc4,hist_gbdt,categorical_covariate_shift,0.1,skipped,shift not applicable: dataset has no categorical features
problem,,,,,,,pc4,hist_gbdt,categorical_covariate_shift,0.2,skipped,shift not applicable: dataset has no categorical features
problem,,,,,,,pc4,hist_gbdt,categorical_covariate_shift,0.3,skipped,shift not applicable: dataset has no categorical features
problem,,,,,,,pc4,hist_gbdt,categorical_covariate_shift,0.4,skipped,shift not applicable: dataset has no categorical features
problem,,,,,,,pc4,logreg,categorical_covariate_shift,0.0,skipped,shift not applicable: dataset has no categorical features
problem,,,,,,,pc4,logreg,categorical_covariate_shift,0.05,skipped,shift not applicable: dataset has no categorical features
problem,,,,,,,pc4,logreg,categorical_covariate_shift,0.1,skipped,shift not applicable: dataset has no categorical features
problem,,,,,,,pc4,logreg,categorical_covariate_shift,0.2,skipped,shift not applicable: dataset has no categorical features
problem,,,,,,,pc4,logreg,categorical_covariate_shift,0.3,skipped,shift not applicable: dataset has no categorical features
problem,,,,,,,pc4,logreg,categorical_covariate_shift,0.4,skipped,shift not applicable: dataset has no categorical features
problem,,,,,,,pc4,tabicl,categorical_covariate_shift,0.0,skipped,shift not applicable: dataset has no categorical features
problem,,,,,,,pc4,tabicl,categorical_covariate_shift,0.05,skipped,shift not applicable: dataset has no categorical features
problem,,,,,,,pc4,tabicl,categorical_covariate_shift,0.1,skipped,shift not applicable: dataset has no categorical features
problem,,,,,,,pc4,tabicl,categorical_covariate_shift,0.2,skipped,shift not applicable: dataset has no categorical features
problem,,,,,,,pc4,tabicl,categorical_covariate_shift,0.3,skipped,shift not applicable: dataset has no categorical features
problem,,,,,,,pc4,tabicl,categorical_covariate_shift,0.4,skipped,shift not applicable: dataset has no categorical features
problem,,,,,,,pc4,tabpfn,categorical_covariate_shift,0.0,skipped,shift not applicable: dataset has no categorical features
problem,,,,,,,pc4,tabpfn,categorical_covariate_shift,0.05,skipped,shift not applicable: dataset has no categorical features
problem,,,,,,,pc4,tabpfn,categorical_covariate_shift,0.1,skipped,shift not applicable: dataset has no categorical features
problem,,,,,,,pc4,tabpfn,categorical_covariate_shift,0.2,skipped,shift not applicable: dataset has no categorical features
problem,,,,,,,pc4,tabpfn,categorical_covariate_shift,0.3,skipped,shift not applicable: dataset has no categorical features
problem,,,,,,,pc4,tabpfn,categorical_covariate_shift,0.4,skipped,shift not applicable: dataset has no categorical features
problem,,,,,,,pc4,xgboost,categorical_covariate_shift,0.0,skipped,shift not applicable: dataset has no categorical features
problem,,,,,,,pc4,xgboost,categorical_covariate_shift,0.05,skipped,shift not applicable: dataset has no categorical features
problem,,,,,,,pc4,xgboost,categorical_covariate_shift,0.1,skipped,shift not applicable: dataset has no categorical features
problem,,,,,,,pc4,xgboost,categorical_covariate_shift,0.2,skipped,shift not applicable: dataset has no categorical features
problem,,,,,,,pc4,xgboost,categorical_covariate_shift,0.3,skipped,shift not applicable: dataset has no categorical features
problem,,,,,,,pc4,xgboost,categorical_covariate_shift,0.4,skipped,shift not applicable: dataset has no categorical features
problem,,,,,,,pendigits,catboost,categorical_covariate_shift,0.0,skipped,shift not applicable: dataset has no categorical features
problem,,,,,,,pendigits,catboost,categorical_covariate_shift,0.05,skipped,shift not applicable: dataset has no categorical features
problem,,,,,,,pendigits,catboost,categorical_covariate_shift,0.1,skipped,shift not applicable: dataset has no categorical features
problem,,,,,,,pendigits,catboost,categorical_covariate_shift,0.2,skipped,shift not applicable: dataset has no categorical features
problem,,,,,,,pendigits,catboost,categorical_covariate_shift,0.3,skipped,shift not applicable: dataset has no categorical features
problem,,,,,,,pendigits,catboost,categorical_covariate_shift,0.4,skipped,shift not applicable: dataset has no categorical features
problem,,,,,,,pendigits,hist_gbdt,categorical_covariate_shift,0.0,skipped,shift not applicable: dataset has no categorical features
problem,,,,,,,pendigits,hist_gbdt,categorical_covariate_shift,0.05,skipped,shift not applicable: dataset has no categorical features
problem,,,,,,,pendigits,hist_gbdt,categorical_covariate_shift,0.1,skipped,shift not applicable: dataset has no categorical features
problem,,,,,,,pendigits,hist_gbdt,categorical_covariate_shift,0.2,skipped,shift not applicable: dataset has no categorical features
problem,,,,,,,pendigits,hist_gbdt,categorical_covariate_shift,0.3,skipped,shift not applicable: dataset has no categorical features
problem,,,,,,,pendigits,hist_gbdt,categorical_covariate_shift,0.4,skipped,shift not applicable: dataset has no categorical features
problem,,,,,,,pendigits,logreg,categorical_covariate_shift,0.0,skipped,shift not applicable: dataset has no categorical features
problem,,,,,,,pendigits,logreg,categorical_covariate_shift,0.05,skipped,shift not applicable: dataset has no categorical features
problem,,,,,,,pendigits,logreg,categorical_covariate_shift,0.1,skipped,shift not applicable: dataset has no categorical features
problem,,,,,,,pendigits,logreg,categorical_covariate_shift,0.2,skipped,shift not applicable: dataset has no categorical features
problem,,,,,,,pendigits,logreg,categorical_covariate_shift,0.3,skipped,shift not applicable: dataset has no categorical features
problem,,,,,,,pendigits,logreg,categorical_covariate_shift,0.4,skipped,shift not applicable: dataset has no categorical features
problem,,,,,,,pendigits,tabicl,categorical_covariate_shift,0.0,skipped,shift not applicable: dataset has no categorical features
problem,,,,,,,pendigits,tabicl,categorical_covariate_shift,0.05,skipped,shift not applicable: dataset has no categorical features
problem,,,,,,,pendigits,tabicl,categorical_covariate_shift,0.1,skipped,shift not applicable: dataset has no categorical features
problem,,,,,,,pendigits,tabicl,categorical_covariate_shift,0.2,skipped,shift not applicable: dataset has no categorical features
problem,,,,,,,pendigits,tabicl,categorical_covariate_shift,0.3,skipped,shift not applicable: dataset has no categorical features
problem,,,,,,,pendigits,tabicl,categorical_covariate_shift,0.4,skipped,shift not applicable: dataset has no categorical features
problem,,,,,,,pendigits,tabpfn,categorical_covariate_shift,0.0,skipped,shift not applicable: dataset has no categorical features
problem,,,,,,,pendigits,tabpfn,categorical_covariate_shift,0.05,skipped,shift not applicable: dataset has no categorical features
problem,,,,,,,pendigits,tabpfn,categorical_covariate_shift,0.1,skipped,shift not applicable: dataset has no categorical features
problem,,,,,,,pendigits,tabpfn,categorical_covariate_shift,0.2,skipped,shift not applicable: dataset has no categorical features
problem,,,,,,,pendigits,tabpfn,categorical_covariate_shift,0.3,skipped,shift not applicable: dataset has no categorical features
problem,,,,,,,pendigits,tabpfn,categorical_covariate_shift,0.4,skipped,shift not applicable: dataset has no categorical features
problem,,,,,,,pendigits,xgboost,categorical_covariate_shift,0.0,skipped,shift not applicable: dataset has no categorical features
problem,,,,,,,pendigits,xgboost,categorical_covariate_shift,0.05,skipped,shift not applicable: dataset has no categorical features
problem,,,,,,,pendigits,xgboost,categorical_covariate_shift,0.1,skipped,shift not applicable: dataset has no categorical features
problem,,,,,,,pendigits,xgboost,categorical_covariate_shift,0.2,skipped,shift not applicable: dataset has no categorical features
problem,,,,,,,pendigits,xgboost,categorical_covariate_shift,0.3,skipped,shift not applicable: dataset has no categorical features
problem,,,,,,,pendigits,xgboost,categorical_covariate_shift,0.4,skipped,shift not applicable: dataset has no categorical features
problem,,,,,,,phoneme,catboost,categorical_covariate_shift,0.0,skipped,shift not applicable: dataset has no categorical features
problem,,,,,,,phoneme,catboost,categorical_covariate_shift,0.05,skipped,shift not applicable: dataset has no categorical features
problem,,,,,,,phoneme,catboost,categorical_covariate_shift,0.1,skipped,shift not applicable: dataset has no categorical features
problem,,,,,,,phoneme,catboost,categorical_covariate_shift,0.2,skipped,shift not applicable: dataset has no categorical features
problem,,,,,,,phoneme,catboost,categorical_covariate_shift,0.3,skipped,shift not applicable: dataset has no categorical features
problem,,,,,,,phoneme,catboost,categorical_covariate_shift,0.4,skipped,shift not applicable: dataset has no categorical features
problem,,,,,,,phoneme,hist_gbdt,categorical_covariate_shift,0.0,skipped,shift not applicable: dataset has no categorical features
problem,,,,,,,phoneme,hist_gbdt,categorical_covariate_shift,0.05,skipped,shift not applicable: dataset has no categorical features
problem,,,,,,,phoneme,hist_gbdt,categorical_covariate_shift,0.1,skipped,shift not applicable: dataset has no categorical features
problem,,,,,,,phoneme,hist_gbdt,categorical_covariate_shift,0.2,skipped,shift not applicable: dataset has no categorical features
problem,,,,,,,phoneme,hist_gbdt,categorical_covariate_shift,0.3,skipped,shift not applicable: dataset has no categorical features
problem,,,,,,,phoneme,hist_gbdt,categorical_covariate_shift,0.4,skipped,shift not applicable: dataset has no categorical features
problem,,,,,,,phoneme,logreg,categorical_covariate_shift,0.0,skipped,shift not applicable: dataset has no categorical features
problem,,,,,,,phoneme,logreg,categorical_covariate_shift,0.05,skipped,shift not applicable: dataset has no categorical features
problem,,,,,,,phoneme,logreg,categorical_covariate_shift,0.1,skipped,shift not applicable: dataset has no categorical features
problem,,,,,,,phoneme,logreg,categorical_covariate_shift,0.2,skipped,shift not applicable: dataset has no categorical features
problem,,,,,,,phoneme,logreg,categorical_covariate_shift,0.3,skipped,shift not applicable: dataset has no categorical features
problem,,,,,,,phoneme,logreg,categorical_covariate_shift,0.4,skipped,shift not applicable: dataset has no categorical features
problem,,,,,,,phoneme,tabicl,categorical_covariate_shift,0.0,skipped,shift not applicable: dataset has no categorical features
problem,,,,,,,phoneme,tabicl,categorical_covariate_shift,0.05,skipped,shift not applicable: dataset has no categorical features
problem,,,,,,,phoneme,tabicl,categorical_covariate_shift,0.1,skipped,shift not applicable: dataset has no categorical features
problem,,,,,,,phoneme,tabicl,categorical_covariate_shift,0.2,skipped,shift not applicable: dataset has no categorical features
problem,,,,,,,phoneme,tabicl,categorical_covariate_shift,0.3,skipped,shift not applicable: dataset has no categorical features
problem,,,,,,,phoneme,tabicl,categorical_covariate_shift,0.4,skipped,shift not applicable: dataset has no categorical features
problem,,,,,,,phoneme,tabpfn,categorical_covariate_shift,0.0,skipped,shift not applicable: dataset has no categorical features
problem,,,,,,,phoneme,tabpfn,categorical_covariate_shift,0.05,skipped,shift not applicable: dataset has no categorical features
problem,,,,,,,phoneme,tabpfn,categorical_covariate_shift,0.1,skipped,shift not applicable: dataset has no categorical features
problem,,,,,,,phoneme,tabpfn,categorical_covariate_shift,0.2,skipped,shift not applicable: dataset has no categorical features
problem,,,,,,,phoneme,tabpfn,categorical_covariate_shift,0.3,skipped,shift not applicable: dataset has no categorical features
problem,,,,,,,phoneme,tabpfn,categorical_covariate_shift,0.4,skipped,shift not applicable: dataset has no categorical features
problem,,,,,,,phoneme,xgboost,categorical_covariate_shift,0.0,skipped,shift not applicable: dataset has no categorical features
problem,,,,,,,phoneme,xgboost,categorical_covariate_shift,0.05,skipped,shift not applicable: dataset has no categorical features
problem,,,,,,,phoneme,xgboost,categorical_covariate_shift,0.1,skipped,shift not applicable: dataset has no categorical features
problem,,,,,,,phoneme,xgboost,categorical_covariate_shift,0.2,skipped,shift not applicable: dataset has no categorical features
problem,,,,,,,phoneme,xgboost,categorical_covariate_shift,0.3,skipped,shift not applicable: dataset has no categorical features
problem,,,,,,,phoneme,xgboost,categorical_covariate_shift,0.4,skipped,shift not applicable: dataset has no categorical features
problem,,,,,,,qsar-biodeg,catboost,categorical_covariate_shift,0.0,skipped,shift not applicable: dataset has no categorical features
problem,,,,,,,qsar-biodeg,catboost,categorical_covariate_shift,0.05,skipped,shift not applicable: dataset has no categorical features
problem,,,,,,,qsar-biodeg,catboost,categorical_covariate_shift,0.1,skipped,shift not applicable: dataset has no categorical features
problem,,,,,,,qsar-biodeg,catboost,categorical_covariate_shift,0.2,skipped,shift not applicable: dataset has no categorical features
problem,,,,,,,qsar-biodeg,catboost,categorical_covariate_shift,0.3,skipped,shift not applicable: dataset has no categorical features
problem,,,,,,,qsar-biodeg,catboost,categorical_covariate_shift,0.4,skipped,shift not applicable: dataset has no categorical features
problem,,,,,,,qsar-biodeg,hist_gbdt,categorical_covariate_shift,0.0,skipped,shift not applicable: dataset has no categorical features
problem,,,,,,,qsar-biodeg,hist_gbdt,categorical_covariate_shift,0.05,skipped,shift not applicable: dataset has no categorical features
problem,,,,,,,qsar-biodeg,hist_gbdt,categorical_covariate_shift,0.1,skipped,shift not applicable: dataset has no categorical features
problem,,,,,,,qsar-biodeg,hist_gbdt,categorical_covariate_shift,0.2,skipped,shift not applicable: dataset has no categorical features
problem,,,,,,,qsar-biodeg,hist_gbdt,categorical_covariate_shift,0.3,skipped,shift not applicable: dataset has no categorical features
problem,,,,,,,qsar-biodeg,hist_gbdt,categorical_covariate_shift,0.4,skipped,shift not applicable: dataset has no categorical features
problem,,,,,,,qsar-biodeg,logreg,categorical_covariate_shift,0.0,skipped,shift not applicable: dataset has no categorical features
problem,,,,,,,qsar-biodeg,logreg,categorical_covariate_shift,0.05,skipped,shift not applicable: dataset has no categorical features
problem,,,,,,,qsar-biodeg,logreg,categorical_covariate_shift,0.1,skipped,shift not applicable: dataset has no categorical features
problem,,,,,,,qsar-biodeg,logreg,categorical_covariate_shift,0.2,skipped,shift not applicable: dataset has no categorical features
problem,,,,,,,qsar-biodeg,logreg,categorical_covariate_shift,0.3,skipped,shift not applicable: dataset has no categorical features
problem,,,,,,,qsar-biodeg,logreg,categorical_covariate_shift,0.4,skipped,shift not applicable: dataset has no categorical features
problem,,,,,,,qsar-biodeg,tabicl,categorical_covariate_shift,0.0,skipped,shift not applicable: dataset has no categorical features
problem,,,,,,,qsar-biodeg,tabicl,categorical_covariate_shift,0.05,skipped,shift not applicable: dataset has no categorical features
problem,,,,,,,qsar-biodeg,tabicl,categorical_covariate_shift,0.1,skipped,shift not applicable: dataset has no categorical features
problem,,,,,,,qsar-biodeg,tabicl,categorical_covariate_shift,0.2,skipped,shift not applicable: dataset has no categorical features
problem,,,,,,,qsar-biodeg,tabicl,categorical_covariate_shift,0.3,skipped,shift not applicable: dataset has no categorical features
problem,,,,,,,qsar-biodeg,tabicl,categorical_covariate_shift,0.4,skipped,shift not applicable: dataset has no categorical features
problem,,,,,,,qsar-biodeg,tabpfn,categorical_covariate_shift,0.0,skipped,shift not applicable: dataset has no categorical features
problem,,,,,,,qsar-biodeg,tabpfn,categorical_covariate_shift,0.05,skipped,shift not applicable: dataset has no categorical features
problem,,,,,,,qsar-biodeg,tabpfn,categorical_covariate_shift,0.1,skipped,shift not applicable: dataset has no categorical features
problem,,,,,,,qsar-biodeg,tabpfn,categorical_covariate_shift,0.2,skipped,shift not applicable: dataset has no categorical features
problem,,,,,,,qsar-biodeg,tabpfn,categorical_covariate_shift,0.3,skipped,shift not applicable: dataset has no categorical features
problem,,,,,,,qsar-biodeg,tabpfn,categorical_covariate_shift,0.4,skipped,shift not applicable: dataset has no categorical features
problem,,,,,,,qsar-biodeg,xgboost,categorical_covariate_shift,0.0,skipped,shift not applicable: dataset has no categorical features
problem,,,,,,,qsar-biodeg,xgboost,categorical_covariate_shift,0.05,skipped,shift not applicable: dataset has no categorical features
problem,,,,,,,qsar-biodeg,xgboost,categorical_covariate_shift,0.1,skipped,shift not applicable: dataset has no categorical features
problem,,,,,,,qsar-biodeg,xgboost,categorical_covariate_shift,0.2,skipped,shift not applicable: dataset has no categorical features
problem,,,,,,,qsar-biodeg,xgboost,categorical_covariate_shift,0.3,skipped,shift not applicable: dataset has no categorical features
problem,,,,,,,qsar-biodeg,xgboost,categorical_covariate_shift,0.4,skipped,shift not applicable: dataset has no categorical features
problem,,,,,,,satimage,catboost,categorical_covariate_shift,0.0,skipped,shift not applicable: dataset has no categorical features
problem,,,,,,,satimage,catboost,categorical_covariate_shift,0.05,skipped,shift not applicable: dataset has no categorical features
problem,,,,,,,satimage,catboost,categorical_covariate_shift,0.1,skipped,shift not applicable: dataset has no categorical features
problem,,,,,,,satimage,catboost,categorical_covariate_shift,0.2,skipped,shift not applicable: dataset has no categorical features
problem,,,,,,,satimage,catboost,categorical_covariate_shift,0.3,skipped,shift not applicable: dataset has no categorical features
problem,,,,,,,satimage,catboost,categorical_covariate_shift,0.4,skipped,shift not applicable: dataset has no categorical features
problem,,,,,,,satimage,hist_gbdt,categorical_covariate_shift,0.0,skipped,shift not applicable: dataset has no categorical features
problem,,,,,,,satimage,hist_gbdt,categorical_covariate_shift,0.05,skipped,shift not applicable: dataset has no categorical features
problem,,,,,,,satimage,hist_gbdt,categorical_covariate_shift,0.1,skipped,shift not applicable: dataset has no categorical features
problem,,,,,,,satimage,hist_gbdt,categorical_covariate_shift,0.2,skipped,shift not applicable: dataset has no categorical features
problem,,,,,,,satimage,hist_gbdt,categorical_covariate_shift,0.3,skipped,shift not applicable: dataset has no categorical features
problem,,,,,,,satimage,hist_gbdt,categorical_covariate_shift,0.4,skipped,shift not applicable: dataset has no categorical features
problem,,,,,,,satimage,logreg,categorical_covariate_shift,0.0,skipped,shift not applicable: dataset has no categorical features
problem,,,,,,,satimage,logreg,categorical_covariate_shift,0.05,skipped,shift not applicable: dataset has no categorical features
problem,,,,,,,satimage,logreg,categorical_covariate_shift,0.1,skipped,shift not applicable: dataset has no categorical features
problem,,,,,,,satimage,logreg,categorical_covariate_shift,0.2,skipped,shift not applicable: dataset has no categorical features
problem,,,,,,,satimage,logreg,categorical_covariate_shift,0.3,skipped,shift not applicable: dataset has no categorical features
problem,,,,,,,satimage,logreg,categorical_covariate_shift,0.4,skipped,shift not applicable: dataset has no categorical features
problem,,,,,,,satimage,tabicl,categorical_covariate_shift,0.0,skipped,shift not applicable: dataset has no categorical features
problem,,,,,,,satimage,tabicl,categorical_covariate_shift,0.05,skipped,shift not applicable: dataset has no categorical features
problem,,,,,,,satimage,tabicl,categorical_covariate_shift,0.1,skipped,shift not applicable: dataset has no categorical features
problem,,,,,,,satimage,tabicl,categorical_covariate_shift,0.2,skipped,shift not applicable: dataset has no categorical features
problem,,,,,,,satimage,tabicl,categorical_covariate_shift,0.3,skipped,shift not applicable: dataset has no categorical features
problem,,,,,,,satimage,tabicl,categorical_covariate_shift,0.4,skipped,shift not applicable: dataset has no categorical features
problem,,,,,,,satimage,tabpfn,categorical_covariate_shift,0.0,skipped,shift not applicable: dataset has no categorical features
problem,,,,,,,satimage,tabpfn,categorical_covariate_shift,0.05,skipped,shift not applicable: dataset has no categorical features
problem,,,,,,,satimage,tabpfn,categorical_covariate_shift,0.1,skipped,shift not applicable: dataset has no categorical features
problem,,,,,,,satimage,tabpfn,categorical_covariate_shift,0.2,skipped,shift not applicable: dataset has no categorical features
problem,,,,,,,satimage,tabpfn,categorical_covariate_shift,0.3,skipped,shift not applicable: dataset has no categorical features
problem,,,,,,,satimage,tabpfn,categorical_covariate_shift,0.4,skipped,shift not applicable: dataset has no categorical features
problem,,,,,,,satimage,xgboost,categorical_covariate_shift,0.0,skipped,shift not applicable: dataset has no categorical features
problem,,,,,,,satimage,xgboost,categorical_covariate_shift,0.05,skipped,shift not applicable: dataset has no categorical features
problem,,,,,,,satimage,xgboost,categorical_covariate_shift,0.1,skipped,shift not applicable: dataset has no categorical features
problem,,,,,,,satimage,xgboost,categorical_covariate_shift,0.2,skipped,shift not applicable: dataset has no categorical features
problem,,,,,,,satimage,xgboost,categorical_covariate_shift,0.3,skipped,shift not applicable: dataset has no categorical features
problem,,,,,,,satimage,xgboost,categorical_covariate_shift,0.4,skipped,shift not applicable: dataset has no categorical features
problem,,,,,,,segment,catboost,categorical_covariate_shift,0.0,skipped,shift not applicable: dataset has no categorical features
problem,,,,,,,segment,catboost,categorical_covariate_shift,0.05,skipped,shift not applicable: dataset has no categorical features
problem,,,,,,,segment,catboost,categorical_covariate_shift,0.1,skipped,shift not applicable: dataset has no categorical features
problem,,,,,,,segment,catboost,categorical_covariate_shift,0.2,skipped,shift not applicable: dataset has no categorical features
problem,,,,,,,segment,catboost,categorical_covariate_shift,0.3,skipped,shift not applicable: dataset has no categorical features
problem,,,,,,,segment,catboost,categorical_covariate_shift,0.4,skipped,shift not applicable: dataset has no categorical features
problem,,,,,,,segment,hist_gbdt,categorical_covariate_shift,0.0,skipped,shift not applicable: dataset has no categorical features
problem,,,,,,,segment,hist_gbdt,categorical_covariate_shift,0.05,skipped,shift not applicable: dataset has no categorical features
problem,,,,,,,segment,hist_gbdt,categorical_covariate_shift,0.1,skipped,shift not applicable: dataset has no categorical features
problem,,,,,,,segment,hist_gbdt,categorical_covariate_shift,0.2,skipped,shift not applicable: dataset has no categorical features
problem,,,,,,,segment,hist_gbdt,categorical_covariate_shift,0.3,skipped,shift not applicable: dataset has no categorical features
problem,,,,,,,segment,hist_gbdt,categorical_covariate_shift,0.4,skipped,shift not applicable: dataset has no categorical features
problem,,,,,,,segment,logreg,categorical_covariate_shift,0.0,skipped,shift not applicable: dataset has no categorical features
problem,,,,,,,segment,logreg,categorical_covariate_shift,0.05,skipped,shift not applicable: dataset has no categorical features
problem,,,,,,,segment,logreg,categorical_covariate_shift,0.1,skipped,shift not applicable: dataset has no categorical features
problem,,,,,,,segment,logreg,categorical_covariate_shift,0.2,skipped,shift not applicable: dataset has no categorical features
problem,,,,,,,segment,logreg,categorical_covariate_shift,0.3,skipped,shift not applicable: dataset has no categorical features
problem,,,,,,,segment,logreg,categorical_covariate_shift,0.4,skipped,shift not applicable: dataset has no categorical features
problem,,,,,,,segment,tabicl,categorical_covariate_shift,0.0,skipped,shift not applicable: dataset has no categorical features
problem,,,,,,,segment,tabicl,categorical_covariate_shift,0.05,skipped,shift not applicable: dataset has no categorical features
problem,,,,,,,segment,tabicl,categorical_covariate_shift,0.1,skipped,shift not applicable: dataset has no categorical features
problem,,,,,,,segment,tabicl,categorical_covariate_shift,0.2,skipped,shift not applicable: dataset has no categorical features
problem,,,,,,,segment,tabicl,categorical_covariate_shift,0.3,skipped,shift not applicable: dataset has no categorical features
problem,,,,,,,segment,tabicl,categorical_covariate_shift,0.4,skipped,shift not applicable: dataset has no categorical features
problem,,,,,,,segment,tabpfn,categorical_covariate_shift,0.0,skipped,shift not applicable: dataset has no categorical features
problem,,,,,,,segment,tabpfn,categorical_covariate_shift,0.05,skipped,shift not applicable: dataset has no categorical features
problem,,,,,,,segment,tabpfn,categorical_covariate_shift,0.1,skipped,shift not applicable: dataset has no categorical features
problem,,,,,,,segment,tabpfn,categorical_covariate_shift,0.2,skipped,shift not applicable: dataset has no categorical features
problem,,,,,,,segment,tabpfn,categorical_covariate_shift,0.3,skipped,shift not applicable: dataset has no categorical features
problem,,,,,,,segment,tabpfn,categorical_covariate_shift,0.4,skipped,shift not applicable: dataset has no categorical features
problem,,,,,,,segment,xgboost,categorical_covariate_shift,0.0,skipped,shift not applicable: dataset has no categorical features
problem,,,,,,,segment,xgboost,categorical_covariate_shift,0.05,skipped,shift not applicable: dataset has no categorical features
problem,,,,,,,segment,xgboost,categorical_covariate_shift,0.1,skipped,shift not applicable: dataset has no categorical features
problem,,,,,,,segment,xgboost,categorical_covariate_shift,0.2,skipped,shift not applicable: dataset has no categorical features
problem,,,,,,,segment,xgboost,categorical_covariate_shift,0.3,skipped,shift not applicable: dataset has no categorical features
problem,,,,,,,segment,xgboost,categorical_covariate_shift,0.4,skipped,shift not applicable: dataset has no categorical features
problem,,,,,,,spambase,catboost,categorical_covariate_shift,0.0,skipped,shift not applicable: dataset has no categorical features
problem,,,,,,,spambase,catboost,categorical_covariate_shift,0.05,skipped,shift not applicable: dataset has no categorical features
problem,,,,,,,spambase,catboost,categorical_covariate_shift,0.1,skipped,shift not applicable: dataset has no categorical features
problem,,,,,,,spambase,catboost,categorical_covariate_shift,0.2,skipped,shift not applicable: dataset has no categorical features
problem,,,,,,,spambase,catboost,categorical_covariate_shift,0.3,skipped,shift not applicable: dataset has no categorical features
problem,,,,,,,spambase,catboost,categorical_covariate_shift,0.4,skipped,shift not applicable: dataset has no categorical features
problem,,,,,,,spambase,hist_gbdt,categorical_covariate_shift,0.0,skipped,shift not applicable: dataset has no categorical features
problem,,,,,,,spambase,hist_gbdt,categorical_covariate_shift,0.05,skipped,shift not applicable: dataset has no categorical features
problem,,,,,,,spambase,hist_gbdt,categorical_covariate_shift,0.1,skipped,shift not applicable: dataset has no categorical features
problem,,,,,,,spambase,hist_gbdt,categorical_covariate_shift,0.2,skipped,shift not applicable: dataset has no categorical features
problem,,,,,,,spambase,hist_gbdt,categorical_covariate_shift,0.3,skipped,shift not applicable: dataset has no categorical features
problem,,,,,,,spambase,hist_gbdt,categorical_covariate_shift,0.4,skipped,shift not applicable: dataset has no categorical features
problem,,,,,,,spambase,logreg,categorical_covariate_shift,0.0,skipped,shift not applicable: dataset has no categorical features
problem,,,,,,,spambase,logreg,categorical_covariate_shift,0.05,skipped,shift not applicable: dataset has no categorical features
problem,,,,,,,spambase,logreg,categorical_covariate_shift,0.1,skipped,shift not applicable: dataset has no categorical features
problem,,,,,,,spambase,logreg,categorical_covariate_shift,0.2,skipped,shift not applicable: dataset has no categorical features
problem,,,,,,,spambase,logreg,categorical_covariate_shift,0.3,skipped,shift not applicable: dataset has no categorical features
problem,,,,,,,spambase,logreg,categorical_covariate_shift,0.4,skipped,shift not applicable: dataset has no categorical features
problem,,,,,,,spambase,tabicl,categorical_covariate_shift,0.0,skipped,shift not applicable: dataset has no categorical features
problem,,,,,,,spambase,tabicl,categorical_covariate_shift,0.05,skipped,shift not applicable: dataset has no categorical features
problem,,,,,,,spambase,tabicl,categorical_covariate_shift,0.1,skipped,shift not applicable: dataset has no categorical features
problem,,,,,,,spambase,tabicl,categorical_covariate_shift,0.2,skipped,shift not applicable: dataset has no categorical features
problem,,,,,,,spambase,tabicl,categorical_covariate_shift,0.3,skipped,shift not applicable: dataset has no categorical features
problem,,,,,,,spambase,tabicl,categorical_covariate_shift,0.4,skipped,shift not applicable: dataset has no categorical features
problem,,,,,,,spambase,tabpfn,categorical_covariate_shift,0.0,skipped,shift not applicable: dataset has no categorical features
problem,,,,,,,spambase,tabpfn,categorical_covariate_shift,0.05,skipped,shift not applicable: dataset has no categorical features
problem,,,,,,,spambase,tabpfn,categorical_covariate_shift,0.1,skipped,shift not applicable: dataset has no categorical features
problem,,,,,,,spambase,tabpfn,categorical_covariate_shift,0.2,skipped,shift not applicable: dataset has no categorical features
problem,,,,,,,spambase,tabpfn,categorical_covariate_shift,0.3,skipped,shift not applicable: dataset has no categorical features
problem,,,,,,,spambase,tabpfn,categorical_covariate_shift,0.4,skipped,shift not applicable: dataset has no categorical features
problem,,,,,,,spambase,xgboost,categorical_covariate_shift,0.0,skipped,shift not applicable: dataset has no categorical features
problem,,,,,,,spambase,xgboost,categorical_covariate_shift,0.05,skipped,shift not applicable: dataset has no categorical features
problem,,,,,,,spambase,xgboost,categorical_covariate_shift,0.1,skipped,shift not applicable: dataset has no categorical features
problem,,,,,,,spambase,xgboost,categorical_covariate_shift,0.2,skipped,shift not applicable: dataset has no categorical features
problem,,,,,,,spambase,xgboost,categorical_covariate_shift,0.3,skipped,shift not applicable: dataset has no categorical features
problem,,,,,,,spambase,xgboost,categorical_covariate_shift,0.4,skipped,shift not applicable: dataset has no categorical features
problem,,,,,,,steel-plates-fault,catboost,categorical_covariate_shift,0.0,skipped,shift not applicable: dataset has no categorical features
problem,,,,,,,steel-plates-fault,catboost,categorical_covariate_shift,0.05,skipped,shift not applicable: dataset has no categorical features
problem,,,,,,,steel-plates-fault,catboost,categorical_covariate_shift,0.1,skipped,shift not applicable: dataset has no categorical features
problem,,,,,,,steel-plates-fault,catboost,categorical_covariate_shift,0.2,skipped,shift not applicable: dataset has no categorical features
problem,,,,,,,steel-plates-fault,catboost,categorical_covariate_shift,0.3,skipped,shift not applicable: dataset has no categorical features
problem,,,,,,,steel-plates-fault,catboost,categorical_covariate_shift,0.4,skipped,shift not applicable: dataset has no categorical features
problem,,,,,,,steel-plates-fault,hist_gbdt,categorical_covariate_shift,0.0,skipped,shift not applicable: dataset has no categorical features
problem,,,,,,,steel-plates-fault,hist_gbdt,categorical_covariate_shift,0.05,skipped,shift not applicable: dataset has no categorical features
problem,,,,,,,steel-plates-fault,hist_gbdt,categorical_covariate_shift,0.1,skipped,shift not applicable: dataset has no categorical features
problem,,,,,,,steel-plates-fault,hist_gbdt,categorical_covariate_shift,0.2,skipped,shift not applicable: dataset has no categorical features
problem,,,,,,,steel-plates-fault,hist_gbdt,categorical_covariate_shift,0.3,skipped,shift not applicable: dataset has no categorical features
problem,,,,,,,steel-plates-fault,hist_gbdt,categorical_covariate_shift,0.4,skipped,shift not applicable: dataset has no categorical features
problem,,,,,,,steel-plates-fault,logreg,categorical_covariate_shift,0.0,skipped,shift not applicable: dataset has no categorical features
problem,,,,,,,steel-plates-fault,logreg,categorical_covariate_shift,0.05,skipped,shift not applicable: dataset has no categorical features
problem,,,,,,,steel-plates-fault,logreg,categorical_covariate_shift,0.1,skipped,shift not applicable: dataset has no categorical features
problem,,,,,,,steel-plates-fault,logreg,categorical_covariate_shift,0.2,skipped,shift not applicable: dataset has no categorical features
problem,,,,,,,steel-plates-fault,logreg,categorical_covariate_shift,0.3,skipped,shift not applicable: dataset has no categorical features
problem,,,,,,,steel-plates-fault,logreg,categorical_covariate_shift,0.4,skipped,shift not applicable: dataset has no categorical features
problem,,,,,,,steel-plates-fault,tabicl,categorical_covariate_shift,0.0,skipped,shift not applicable: dataset has no categorical features
problem,,,,,,,steel-plates-fault,tabicl,categorical_covariate_shift,0.05,skipped,shift not applicable: dataset has no categorical features
problem,,,,,,,steel-plates-fault,tabicl,categorical_covariate_shift,0.1,skipped,shift not applicable: dataset has no categorical features
problem,,,,,,,steel-plates-fault,tabicl,categorical_covariate_shift,0.2,skipped,shift not applicable: dataset has no categorical features
problem,,,,,,,steel-plates-fault,tabicl,categorical_covariate_shift,0.3,skipped,shift not applicable: dataset has no categorical features
problem,,,,,,,steel-plates-fault,tabicl,categorical_covariate_shift,0.4,skipped,shift not applicable: dataset has no categorical features
problem,,,,,,,steel-plates-fault,tabpfn,categorical_covariate_shift,0.0,skipped,shift not applicable: dataset has no categorical features
problem,,,,,,,steel-plates-fault,tabpfn,categorical_covariate_shift,0.05,skipped,shift not applicable: dataset has no categorical features
problem,,,,,,,steel-plates-fault,tabpfn,categorical_covariate_shift,0.1,skipped,shift not applicable: dataset has no categorical features
problem,,,,,,,steel-plates-fault,tabpfn,categorical_covariate_shift,0.2,skipped,shift not applicable: dataset has no categorical features
problem,,,,,,,steel-plates-fault,tabpfn,categorical_covariate_shift,0.3,skipped,shift not applicable: dataset has no categorical features
problem,,,,,,,steel-plates-fault,tabpfn,categorical_covariate_shift,0.4,skipped,shift not applicable: dataset has no categorical features
problem,,,,,,,steel-plates-fault,xgboost,categorical_covariate_shift,0.0,skipped,shift not applicable: dataset has no categorical features
problem,,,,,,,steel-plates-fault,xgboost,categorical_covariate_shift,0.05,skipped,shift not applicable: dataset has no categorical features
problem,,,,,,,steel-plates-fault,xgboost,categorical_covariate_shift,0.1,skipped,shift not applicable: dataset has no categorical features
problem,,,,,,,steel-plates-fault,xgboost,categorical_covariate_shift,0.2,skipped,shift not applicable: dataset has no categorical features
problem,,,,,,,steel-plates-fault,xgboost,categorical_covariate_shift,0.3,skipped,shift not applicable: dataset has no categorical features
problem,,,,,,,steel-plates-fault,xgboost,categorical_covariate_shift,0.4,skipped,shift not applicable: dataset has no categorical features
problem,,,,,,,texture,catboost,categorical_covariate_shift,0.0,skipped,shift not applicable: dataset has no categorical features
problem,,,,,,,texture,catboost,categorical_covariate_shift,0.05,skipped,shift not applicable: dataset has no categorical features
problem,,,,,,,texture,catboost,categorical_covariate_shift,0.1,skipped,shift not applicable: dataset has no categorical features
problem,,,,,,,texture,catboost,categorical_covariate_shift,0.2,skipped,shift not applicable: dataset has no categorical features
problem,,,,,,,texture,catboost,categorical_covariate_shift,0.3,skipped,shift not applicable: dataset has no categorical features
problem,,,,,,,texture,catboost,categorical_covariate_shift,0.4,skipped,shift not applicable: dataset has no categorical features
problem,,,,,,,texture,hist_gbdt,categorical_covariate_shift,0.0,skipped,shift not applicable: dataset has no categorical features
problem,,,,,,,texture,hist_gbdt,categorical_covariate_shift,0.05,skipped,shift not applicable: dataset has no categorical features
problem,,,,,,,texture,hist_gbdt,categorical_covariate_shift,0.1,skipped,shift not applicable: dataset has no categorical features
problem,,,,,,,texture,hist_gbdt,categorical_covariate_shift,0.2,skipped,shift not applicable: dataset has no categorical features
problem,,,,,,,texture,hist_gbdt,categorical_covariate_shift,0.3,skipped,shift not applicable: dataset has no categorical features
problem,,,,,,,texture,hist_gbdt,categorical_covariate_shift,0.4,skipped,shift not applicable: dataset has no categorical features
problem,,,,,,,texture,logreg,categorical_covariate_shift,0.0,skipped,shift not applicable: dataset has no categorical features
problem,,,,,,,texture,logreg,categorical_covariate_shift,0.05,skipped,shift not applicable: dataset has no categorical features
problem,,,,,,,texture,logreg,categorical_covariate_shift,0.1,skipped,shift not applicable: dataset has no categorical features
problem,,,,,,,texture,logreg,categorical_covariate_shift,0.2,skipped,shift not applicable: dataset has no categorical features
problem,,,,,,,texture,logreg,categorical_covariate_shift,0.3,skipped,shift not applicable: dataset has no categorical features
problem,,,,,,,texture,logreg,categorical_covariate_shift,0.4,skipped,shift not applicable: dataset has no categorical features
problem,,,,,,,texture,tabicl,categorical_covariate_shift,0.0,skipped,shift not applicable: dataset has no categorical features
problem,,,,,,,texture,tabicl,categorical_covariate_shift,0.05,skipped,shift not applicable: dataset has no categorical features
problem,,,,,,,texture,tabicl,categorical_covariate_shift,0.1,skipped,shift not applicable: dataset has no categorical features
problem,,,,,,,texture,tabicl,categorical_covariate_shift,0.2,skipped,shift not applicable: dataset has no categorical features
problem,,,,,,,texture,tabicl,categorical_covariate_shift,0.3,skipped,shift not applicable: dataset has no categorical features
problem,,,,,,,texture,tabicl,categorical_covariate_shift,0.4,skipped,shift not applicable: dataset has no categorical features
problem,,,,,,,texture,tabpfn,categorical_covariate_shift,0.0,skipped,shift not applicable: dataset has no categorical features
problem,,,,,,,texture,tabpfn,categorical_covariate_shift,0.05,skipped,shift not applicable: dataset has no categorical features
problem,,,,,,,texture,tabpfn,categorical_covariate_shift,0.1,skipped,shift not applicable: dataset has no categorical features
problem,,,,,,,texture,tabpfn,categorical_covariate_shift,0.2,skipped,shift not applicable: dataset has no categorical features
problem,,,,,,,texture,tabpfn,categorical_covariate_shift,0.3,skipped,shift not applicable: dataset has no categorical features
problem,,,,,,,texture,tabpfn,categorical_covariate_shift,0.4,skipped,shift not applicable: dataset has no categorical features
problem,,,,,,,texture,xgboost,categorical_covariate_shift,0.0,skipped,shift not applicable: dataset has no categorical features
problem,,,,,,,texture,xgboost,categorical_covariate_shift,0.05,skipped,shift not applicable: dataset has no categorical features
problem,,,,,,,texture,xgboost,categorical_covariate_shift,0.1,skipped,shift not applicable: dataset has no categorical features
problem,,,,,,,texture,xgboost,categorical_covariate_shift,0.2,skipped,shift not applicable: dataset has no categorical features
problem,,,,,,,texture,xgboost,categorical_covariate_shift,0.3,skipped,shift not applicable: dataset has no categorical features
problem,,,,,,,texture,xgboost,categorical_covariate_shift,0.4,skipped,shift not applicable: dataset has no categorical features
problem,,,,,,,vehicle,catboost,categorical_covariate_shift,0.0,skipped,shift not applicable: dataset has no categorical features
problem,,,,,,,vehicle,catboost,categorical_covariate_shift,0.05,skipped,shift not applicable: dataset has no categorical features
problem,,,,,,,vehicle,catboost,categorical_covariate_shift,0.1,skipped,shift not applicable: dataset has no categorical features
problem,,,,,,,vehicle,catboost,categorical_covariate_shift,0.2,skipped,shift not applicable: dataset has no categorical features
problem,,,,,,,vehicle,catboost,categorical_covariate_shift,0.3,skipped,shift not applicable: dataset has no categorical features
problem,,,,,,,vehicle,catboost,categorical_covariate_shift,0.4,skipped,shift not applicable: dataset has no categorical features
problem,,,,,,,vehicle,hist_gbdt,categorical_covariate_shift,0.0,skipped,shift not applicable: dataset has no categorical features
problem,,,,,,,vehicle,hist_gbdt,categorical_covariate_shift,0.05,skipped,shift not applicable: dataset has no categorical features
problem,,,,,,,vehicle,hist_gbdt,categorical_covariate_shift,0.1,skipped,shift not applicable: dataset has no categorical features
problem,,,,,,,vehicle,hist_gbdt,categorical_covariate_shift,0.2,skipped,shift not applicable: dataset has no categorical features
problem,,,,,,,vehicle,hist_gbdt,categorical_covariate_shift,0.3,skipped,shift not applicable: dataset has no categorical features
problem,,,,,,,vehicle,hist_gbdt,categorical_covariate_shift,0.4,skipped,shift not applicable: dataset has no categorical features
problem,,,,,,,vehicle,logreg,categorical_covariate_shift,0.0,skipped,shift not applicable: dataset has no categorical features
problem,,,,,,,vehicle,logreg,categorical_covariate_shift,0.05,skipped,shift not applicable: dataset has no categorical features
problem,,,,,,,vehicle,logreg,categorical_covariate_shift,0.1,skipped,shift not applicable: dataset has no categorical features
problem,,,,,,,vehicle,logreg,categorical_covariate_shift,0.2,skipped,shift not applicable: dataset has no categorical features
problem,,,,,,,vehicle,logreg,categorical_covariate_shift,0.3,skipped,shift not applicable: dataset has no categorical features
problem,,,,,,,vehicle,logreg,categorical_covariate_shift,0.4,skipped,shift not applicable: dataset has no categorical features
problem,,,,,,,vehicle,tabicl,categorical_covariate_shift,0.0,skipped,shift not applicable: dataset has no categorical features
problem,,,,,,,vehicle,tabicl,categorical_covariate_shift,0.05,skipped,shift not applicable: dataset has no categorical features
problem,,,,,,,vehicle,tabicl,categorical_covariate_shift,0.1,skipped,shift not applicable: dataset has no categorical features
problem,,,,,,,vehicle,tabicl,categorical_covariate_shift,0.2,skipped,shift not applicable: dataset has no categorical features
problem,,,,,,,vehicle,tabicl,categorical_covariate_shift,0.3,skipped,shift not applicable: dataset has no categorical features
problem,,,,,,,vehicle,tabicl,categorical_covariate_shift,0.4,skipped,shift not applicable: dataset has no categorical features
problem,,,,,,,vehicle,tabpfn,categorical_covariate_shift,0.0,skipped,shift not applicable: dataset has no categorical features
problem,,,,,,,vehicle,tabpfn,categorical_covariate_shift,0.05,skipped,shift not applicable: dataset has no categorical features
problem,,,,,,,vehicle,tabpfn,categorical_covariate_shift,0.1,skipped,shift not applicable: dataset has no categorical features
problem,,,,,,,vehicle,tabpfn,categorical_covariate_shift,0.2,skipped,shift not applicable: dataset has no categorical features
problem,,,,,,,vehicle,tabpfn,categorical_covariate_shift,0.3,skipped,shift not applicable: dataset has no categorical features
problem,,,,,,,vehicle,tabpfn,categorical_covariate_shift,0.4,skipped,shift not applicable: dataset has no categorical features
problem,,,,,,,vehicle,xgboost,categorical_covariate_shift,0.0,skipped,shift not applicable: dataset has no categorical features
problem,,,,,,,vehicle,xgboost,categorical_covariate_shift,0.05,skipped,shift not applicable: dataset has no categorical features
problem,,,,,,,vehicle,xgboost,categorical_covariate_shift,0.1,skipped,shift not applicable: dataset has no categorical features
problem,,,,,,,vehicle,xgboost,categorical_covariate_shift,0.2,skipped,shift not applicable: dataset has no categorical features
problem,,,,,,,vehicle,xgboost,categorical_covariate_shift,0.3,skipped,shift not applicable: dataset has no categorical features
problem,,,,,,,vehicle,xgboost,categorical_covariate_shift,0.4,skipped,shift not applicable: dataset has no categorical features
problem,,,,,,,wall-robot-navigation,catboost,categorical_covariate_shift,0.0,skipped,shift not applicable: dataset has no categorical features
problem,,,,,,,wall-robot-navigation,catboost,categorical_covariate_shift,0.05,skipped,shift not applicable: dataset has no categorical features
problem,,,,,,,wall-robot-navigation,catboost,categorical_covariate_shift,0.1,skipped,shift not applicable: dataset has no categorical features
problem,,,,,,,wall-robot-navigation,catboost,categorical_covariate_shift,0.2,skipped,shift not applicable: dataset has no categorical features
problem,,,,,,,wall-robot-navigation,catboost,categorical_covariate_shift,0.3,skipped,shift not applicable: dataset has no categorical features
problem,,,,,,,wall-robot-navigation,catboost,categorical_covariate_shift,0.4,skipped,shift not applicable: dataset has no categorical features
problem,,,,,,,wall-robot-navigation,hist_gbdt,categorical_covariate_shift,0.0,skipped,shift not applicable: dataset has no categorical features
problem,,,,,,,wall-robot-navigation,hist_gbdt,categorical_covariate_shift,0.05,skipped,shift not applicable: dataset has no categorical features
problem,,,,,,,wall-robot-navigation,hist_gbdt,categorical_covariate_shift,0.1,skipped,shift not applicable: dataset has no categorical features
problem,,,,,,,wall-robot-navigation,hist_gbdt,categorical_covariate_shift,0.2,skipped,shift not applicable: dataset has no categorical features
problem,,,,,,,wall-robot-navigation,hist_gbdt,categorical_covariate_shift,0.3,skipped,shift not applicable: dataset has no categorical features
problem,,,,,,,wall-robot-navigation,hist_gbdt,categorical_covariate_shift,0.4,skipped,shift not applicable: dataset has no categorical features
problem,,,,,,,wall-robot-navigation,logreg,categorical_covariate_shift,0.0,skipped,shift not applicable: dataset has no categorical features
problem,,,,,,,wall-robot-navigation,logreg,categorical_covariate_shift,0.05,skipped,shift not applicable: dataset has no categorical features
problem,,,,,,,wall-robot-navigation,logreg,categorical_covariate_shift,0.1,skipped,shift not applicable: dataset has no categorical features
problem,,,,,,,wall-robot-navigation,logreg,categorical_covariate_shift,0.2,skipped,shift not applicable: dataset has no categorical features
problem,,,,,,,wall-robot-navigation,logreg,categorical_covariate_shift,0.3,skipped,shift not applicable: dataset has no categorical features
problem,,,,,,,wall-robot-navigation,logreg,categorical_covariate_shift,0.4,skipped,shift not applicable: dataset has no categorical features
problem,,,,,,,wall-robot-navigation,tabicl,categorical_covariate_shift,0.0,skipped,shift not applicable: dataset has no categorical features
problem,,,,,,,wall-robot-navigation,tabicl,categorical_covariate_shift,0.05,skipped,shift not applicable: dataset has no categorical features
problem,,,,,,,wall-robot-navigation,tabicl,categorical_covariate_shift,0.1,skipped,shift not applicable: dataset has no categorical features
problem,,,,,,,wall-robot-navigation,tabicl,categorical_covariate_shift,0.2,skipped,shift not applicable: dataset has no categorical features
problem,,,,,,,wall-robot-navigation,tabicl,categorical_covariate_shift,0.3,skipped,shift not applicable: dataset has no categorical features
problem,,,,,,,wall-robot-navigation,tabicl,categorical_covariate_shift,0.4,skipped,shift not applicable: dataset has no categorical features
problem,,,,,,,wall-robot-navigation,tabpfn,categorical_covariate_shift,0.0,skipped,shift not applicable: dataset has no categorical features
problem,,,,,,,wall-robot-navigation,tabpfn,categorical_covariate_shift,0.05,skipped,shift not applicable: dataset has no categorical features
problem,,,,,,,wall-robot-navigation,tabpfn,categorical_covariate_shift,0.1,skipped,shift not applicable: dataset has no categorical features
problem,,,,,,,wall-robot-navigation,tabpfn,categorical_covariate_shift,0.2,skipped,shift not applicable: dataset has no categorical features
problem,,,,,,,wall-robot-navigation,tabpfn,categorical_covariate_shift,0.3,skipped,shift not applicable: dataset has no categorical features
problem,,,,,,,wall-robot-navigation,tabpfn,categorical_covariate_shift,0.4,skipped,shift not applicable: dataset has no categorical features
problem,,,,,,,wall-robot-navigation,xgboost,categorical_covariate_shift,0.0,skipped,shift not applicable: dataset has no categorical features
problem,,,,,,,wall-robot-navigation,xgboost,categorical_covariate_shift,0.05,skipped,shift not applicable: dataset has no categorical features
problem,,,,,,,wall-robot-navigation,xgboost,categorical_covariate_shift,0.1,skipped,shift not applicable: dataset has no categorical features
problem,,,,,,,wall-robot-navigation,xgboost,categorical_covariate_shift,0.2,skipped,shift not applicable: dataset has no categorical features
problem,,,,,,,wall-robot-navigation,xgboost,categorical_covariate_shift,0.3,skipped,shift not applicable: dataset has no categorical features
problem,,,,,,,wall-robot-navigation,xgboost,categorical_covariate_shift,0.4,skipped,shift not applicable: dataset has no categorical features
problem,,,,,,,wdbc,catboost,categorical_covariate_shift,0.0,skipped,shift not applicable: dataset has no categorical features
problem,,,,,,,wdbc,catboost,categorical_covariate_shift,0.05,skipped,shift not applicable: dataset has no categorical features
problem,,,,,,,wdbc,catboost,categorical_covariate_shift,0.1,skipped,shift not applicable: dataset has no categorical features
problem,,,,,,,wdbc,catboost,categorical_covariate_shift,0.2,skipped,shift not applicable: dataset has no categorical features
problem,,,,,,,wdbc,catboost,categorical_covariate_shift,0.3,skipped,shift not applicable: dataset has no categorical features
problem,,,,,,,wdbc,catboost,categorical_covariate_shift,0.4,skipped,shift not applicable: dataset has no categorical features
problem,,,,,,,wdbc,hist_gbdt,categorical_covariate_shift,0.0,skipped,shift not applicable: dataset has no categorical features
problem,,,,,,,wdbc,hist_gbdt,categorical_covariate_shift,0.05,skipped,shift not applicable: dataset has no categorical features
problem,,,,,,,wdbc,hist_gbdt,categorical_covariate_shift,0.1,skipped,shift not applicable: dataset has no categorical features
problem,,,,,,,wdbc,hist_gbdt,categorical_covariate_shift,0.2,skipped,shift not applicable: dataset has no categorical features
problem,,,,,,,wdbc,hist_gbdt,categorical_covariate_shift,0.3,skipped,shift not applicable: dataset has no categorical features
problem,,,,,,,wdbc,hist_gbdt,categorical_covariate_shift,0.4,skipped,shift not applicable: dataset has no categorical features
problem,,,,,,,wdbc,logreg,categorical_covariate_shift,0.0,skipped,shift not applicable: dataset has no categorical features
problem,,,,,,,wdbc,logreg,categorical_covariate_shift,0.05,skipped,shift not applicable: dataset has no categorical features
problem,,,,,,,wdbc,logreg,categorical_covariate_shift,0.1,skipped,shift not applicable: dataset has no categorical features
problem,,,,,,,wdbc,logreg,categorical_covariate_shift,0.2,skipped,shift not applicable: dataset has no categorical features
problem,,,,,,,wdbc,logreg,categorical_covariate_shift,0.3,skipped,shift not applicable: dataset has no categorical features
problem,,,,,,,wdbc,logreg,categorical_covariate_shift,0.4,skipped,shift not applicable: dataset has no categorical features
problem,,,,,,,wdbc,tabicl,categorical_covariate_shift,0.0,skipped,shift not applicable: dataset has no categorical features
problem,,,,,,,wdbc,tabicl,categorical_covariate_shift,0.05,skipped,shift not applicable: dataset has no categorical features
problem,,,,,,,wdbc,tabicl,categorical_covariate_shift,0.1,skipped,shift not applicable: dataset has no categorical features
problem,,,,,,,wdbc,tabicl,categorical_covariate_shift,0.2,skipped,shift not applicable: dataset has no categorical features
problem,,,,,,,wdbc,tabicl,categorical_covariate_shift,0.3,skipped,shift not applicable: dataset has no categorical features
problem,,,,,,,wdbc,tabicl,categorical_covariate_shift,0.4,skipped,shift not applicable: dataset has no categorical features
problem,,,,,,,wdbc,tabpfn,categorical_covariate_shift,0.0,skipped,shift not applicable: dataset has no categorical features
problem,,,,,,,wdbc,tabpfn,categorical_covariate_shift,0.05,skipped,shift not applicable: dataset has no categorical features
problem,,,,,,,wdbc,tabpfn,categorical_covariate_shift,0.1,skipped,shift not applicable: dataset has no categorical features
problem,,,,,,,wdbc,tabpfn,categorical_covariate_shift,0.2,skipped,shift not applicable: dataset has no categorical features
problem,,,,,,,wdbc,tabpfn,categorical_covariate_shift,0.3,skipped,shift not applicable: dataset has no categorical features
problem,,,,,,,wdbc,tabpfn,categorical_covariate_shift,0.4,skipped,shift not applicable: dataset has no categorical features
problem,,,,,,,wdbc,xgboost,categorical_covariate_shift,0.0,skipped,shift not applicable: dataset has no categorical features
problem,,,,,,,wdbc,xgboost,categorical_covariate_shift,0.05,skipped,shift not applicable: dataset has no categorical features
problem,,,,,,,wdbc,xgboost,categorical_covariate_shift,0.1,skipped,shift not applicable: dataset has no categorical features
problem,,,,,,,wdbc,xgboost,categorical_covariate_shift,0.2,skipped,shift not applicable: dataset has no categorical features
problem,,,,,,,wdbc,xgboost,categorical_covariate_shift,0.3,skipped,shift not applicable: dataset has no categorical features
problem,,,,,,,wdbc,xgboost,categorical_covariate_shift,0.4,skipped,shift not applicable: dataset has no categorical features
